
U-Boot SPL 2024.04-g3fe964757589-ab15108624 (Mar 27 2026 - 21:26:21 +0000)
Trying to boot from SPI
Jumping to 64-bit U-Boot: Note many features are missing


U-Boot 2024.04-g3fe964757589-ab15108624 (Mar 27 2026 - 21:26:21 +0000)

DRAM:  4 GiB
Core:  8 devices, 8 uclasses, devicetree: separate
Net:         eth_initialize() No ethernet found.
qfw_write_smbios_tables() No QEMU firmware device
qfw_evt_write_smbios_tables() Falling back to U-Boot generated SMBIOS tables
Driver                    uid uclass               Devices
----------------------------------------------------------
blk_partition             083 partition            virtio-blk#24:1          
                                                   virtio-blk#24:2          
                                                   virtio-blk#24:3          
                                                   virtio-blk#24:4          
                                                   virtio-blk#24:5          
                                                   virtio-blk#24:6          
                                                   virtio-blk#24:7          
                                                   virtio-blk#24:8          
                                                   virtio-blk#24:9          
                                                   virtio-blk#24:10         
                                                   virtio-blk#24:11         
                                                   virtio-blk#24:12         
                                                   virtio-blk#24:13         
                                                   virtio-blk#24:14         
                                                   virtio-blk#24:15         
                                                   virtio-blk#24:16         
                                                   virtio-blk#24:17         
                                                   virtio-blk#24:18         
                                                   virtio-blk#24:19         
                                                   virtio-blk#25:1          
                                                   virtio-blk#25:2          
                                                   virtio-blk#25:3          
                                                   virtio-blk#25:4          
                                                   virtio-blk#26:1          
bootmeth_qfw              026 <no uclass>          
cpu_bus                   109 <no uclass>          
cpu_qemu                  031 <no uclass>          
cpu_x86                   031 <no uclass>          
efi_blk                   022 blk                  <none>
EFI block driver          038 efi                  <none>
syscon                    117 syscon               <none>
motorola_mc146818         104 rtc                  rtc                      
ns16550_serial            108 serial               serial                   
pci_bridge_drv            085 pci                  pci_0:2.1                
pci_generic_drv           087 pci_generic          pci_0:0.0                
                                                   pci_0:1.7                
pci_x86                   085 pci                  pci                      
qfw_bootdev               025 <no uclass>          
qfw_pio                   096 qfw                  qfw_pio                  
root_driver               000 root                 root_driver              
sysinfo_smbios            118 sysinfo              smbios                   
vidconsole0               131 vidconsole0          <none>
virtio-blk                022 blk                  virtio-blk#24            
                                                   virtio-blk#25            
                                                   virtio-blk#26            
virtio_bootdev            025 <no uclass>          
virtio-console            108 serial               virtio-console#0         
                                                   virtio-console#8         
                                                   virtio-console#9         
                                                   virtio-console#10        
                                                   virtio-console#11        
                                                   virtio-console#12        
                                                   virtio-console#13        
                                                   virtio-console#14        
                                                   virtio-console#15        
                                                   virtio-console#16        
                                                   virtio-console#17        
                                                   virtio-console#18        
                                                   virtio-console#19        
                                                   virtio-console#20        
                                                   virtio-console#21        
                                                   virtio-console#22        
                                                   virtio-console#23        
                                                   virtio-console#27        
                                                   virtio-console#28        
                                                   virtio-console#29        
virtio-console-port       108 serial               <none>
virtio-net                040 ethernet             virtio-net#1             
                                                   virtio-net#2             
virtio-pci.m              133 virtio               virtio-pci.m#0           
                                                   virtio-pci.m#1           
                                                   virtio-pci.m#2           
                                                   virtio-pci.m#3           
                                                   virtio-pci.m#4           
                                                   virtio-pci.m#5           
                                                   virtio-pci.m#6           
                                                   virtio-pci.m#7           
                                                   virtio-pci.m#8           
                                                   virtio-pci.m#9           
                                                   virtio-pci.m#10          
                                                   virtio-pci.m#11          
                                                   virtio-pci.m#12          
                                                   virtio-pci.m#13          
                                                   virtio-pci.m#14          
                                                   virtio-pci.m#15          
                                                   virtio-pci.m#16          
                                                   virtio-pci.m#17          
                                                   virtio-pci.m#18          
                                                   virtio-pci.m#19          
                                                   virtio-pci.m#20          
                                                   virtio-pci.m#21          
                                                   virtio-pci.m#22          
                                                   virtio-pci.m#23          
                                                   virtio-pci.m#24          
                                                   virtio-pci.m#25          
                                                   virtio-pci.m#26          
                                                   virtio-pci.m#27          
                                                   virtio-pci.m#28          
                                                   virtio-pci.m#29          
                                                   virtio-pci.m#30          
                                                   virtio-pci.m#31          
                                                   virtio-pci.m#32          
                                                   virtio-pci.m#33          
                                                   virtio-pci.m#34          
                                                   virtio-pci.m#35          
                                                   virtio-pci.m#36          
virtio-rng                103 rng                  virtio-rng#32            
x86_reset                 119 sysreset             reset                    
x86_tsc_timer             122 timer                tsc-timer                
## Android Verified Boot 2.0 version 1.2.0
Writing 8 bytes to virtio-console#17 console
Reading 8 bytes from virtio-console#17 console
Writing 8 bytes to virtio-console#17 console
Reading 8 bytes from virtio-console#17 console
Verification passed successfully
Imported supplementary environment
CPU 65537:
Reg Valid Write-type   Base   ||        Mask   ||        Size   ||       
0   Y     Back         00000000fff00000 0000000ffff00000 0000000000100000
1   N     Uncacheable  0000000000000000 0000000000000000 0000001000000000
2   N     Uncacheable  0000000000000000 0000000000000000 0000001000000000
3   N     Uncacheable  0000000000000000 0000000000000000 0000001000000000
4   N     Uncacheable  0000000000000000 0000000000000000 0000001000000000
5   N     Uncacheable  0000000000000000 0000000000000000 0000001000000000
6   N     Uncacheable  0000000000000000 0000000000000000 0000001000000000
7   N     Uncacheable  0000000000000000 0000000000000000 0000001000000000
ANDROID: reboot reason: "(none)"
      ab_select_slot() ANDROID: Invalid CRC-32 (expected 807077e9, found 00000000),re-initializing A/B metadata.
      ab_select_slot() ANDROID: Attempting slot a, tries remaining 3
## Android Verified Boot 2.0 version 1.2.0
Writing 8 bytes to virtio-console#17 console
Reading 8 bytes from virtio-console#17 console
Writing 8 bytes to virtio-console#17 console
Reading 8 bytes from virtio-console#17 console
Verification passed successfully
## Android Verified Boot 2.0 version 1.2.0
Writing 8 bytes to virtio-console#17 console
Reading 8 bytes from virtio-console#17 console
Writing 8 bytes to virtio-console#17 console
Reading 8 bytes from virtio-console#17 console
Verification passed successfully
ANDROID: Loading ramdisk from "init_boot_a", partition 4.
ANDROID: Loading kernel from "boot_a", partition 1.
ANDROID: Loading vendor ramdisk from "vendor_boot_a", partition 18.
Booting kernel at 0x02400000 with fdt at <NULL> ramdisk 0x0e400000 (0x01505916 bytes)...


Valid Boot Flag
Magic signature found
Linux kernel version 6.12.74-android16-6-g3ec022196c4e-ab15076761 (kleaf@build-host) #1 SMP PREEMPT Tue Mar 24 05:36:21 UTC 2026
Building boot_params at 0x00090000
Loading bzImage at address 100000 (22881280 bytes)
Initial RAM disk at linear address 0x0e400000, size 22042902 bytes
Kernel command line: " printk.devkmsg=on audit=1 panic=-1 8250.nr_uarts=1 binder.impl=rust cma=0 firmware_class.path=/vendor/etc/ loop.max_part=7 init=/init bootconfig panic=-1 console=hvc0 earlycon=uart8250,io,0x3f8 ramoops.mem_address=0x138000000 ramoops.mem_size=0x200000"
Kernel loaded at 00100000, setup_base=0000000000090000

Starting kernel ...

[    0.000000] Linux version 6.12.74-android16-6-g3ec022196c4e-ab15076761 (kleaf@build-host) (Android (14043575, +pgo, +bolt, +lto, +mlgo, based on r536225) clang version 19.0.1 (https://android.googlesource.com/toolchain/llvm-project b3a530ec6537146650e42be89f1089e9a3588460), LLD 19.0.1) #1 SMP PREEMPT Tue Mar 24 05:36:21 UTC 2026
[    0.000000] Command line:  printk.devkmsg=on audit=1 panic=-1 8250.nr_uarts=1 binder.impl=rust cma=0 firmware_class.path=/vendor/etc/ loop.max_part=7 init=/init bootconfig panic=-1 console=hvc0 earlycon=uart8250,io,0x3f8 ramoops.mem_address=0x138000000 ramoops.mem_size=0x200000
[    0.000000] [Firmware Bug]: TSC doesn't count with P0 frequency!
[    0.000000] BIOS-provided physical RAM map:
[    0.000000] BIOS-e820: [mem 0x0000000000000000-0x000000000009ffff] usable
[    0.000000] BIOS-e820: [mem 0x00000000000a0000-0x00000000000fffff] reserved
[    0.000000] BIOS-e820: [mem 0x0000000000100000-0x00000000ced69fff] usable
[    0.000000] BIOS-e820: [mem 0x00000000ced6a000-0x00000000cfffffff] reserved
[    0.000000] BIOS-e820: [mem 0x00000000e0000000-0x00000000efffffff] reserved
[    0.000000] BIOS-e820: [mem 0x0000000100000000-0x000000012fffffff] usable
[    0.000000] earlycon: uart8250 at I/O port 0x3f8 (options '')
[    0.000000] printk: legacy bootconsole [uart8250] enabled
[    0.000000] NX (Execute Disable) protection: active
[    0.000000] APIC: Static calls initialized
[    0.000000] SMBIOS 3.2.0 present.
[    0.000000] DMI: ChromiumOS crosvm, BIOS 0 
[    0.000000] DMI: Memory slots populated: 0/0
[    0.000000] Hypervisor detected: KVM
[    0.000000] last_pfn = 0xced6a max_arch_pfn = 0x400000000
[    0.000000] kvm-clock: Using msrs 4b564d01 and 4b564d00
[    0.000001] kvm-clock: using sched offset of 1975479913 cycles
[    0.001199] clocksource: kvm-clock: mask: 0xffffffffffffffff max_cycles: 0x1cd42e4dffb, max_idle_ns: 881590591483 ns
[    0.004970] tsc: Detected 2596.150 MHz processor
[    0.006347] last_pfn = 0x130000 max_arch_pfn = 0x400000000
[    0.007762] MTRR map: 6 entries (3 fixed + 3 variable; max 19), built from 8 variable MTRRs
[    0.009667] x86/PAT: Configuration [0-7]: WB  WC  UC- UC  WB  WP  UC- WT  
[    0.011396] mtrr: your BIOS has configured an incorrect mask, fixing it.
[    0.012964] last_pfn = 0xced6a max_arch_pfn = 0x400000000
[    0.014185] found SMP MP-table at [mem 0x0009fff0-0x0009ffff]
[    0.015532] Using GB pages for direct mapping
[    0.016657] RAMDISK: [mem 0x0e400000-0x0f905fff]
[    0.017726] ACPI: Early table checksum verification disabled
[    0.019011] ACPI: RSDP 0x00000000000E0000 000024 (v02 CROSVM)
[    0.020342] ACPI: XSDT 0x00000000000E0C00 00003C (v01 CROSVM CROSVMDT 00000001 CROS 00000000)
[    0.022335] ACPI: FACP 0x00000000000E09C0 000114 (v06 CROSVM CROSVMDT 00000001 CROS 00000000)
[    0.024275] ACPI: DSDT 0x00000000000E0080 00091E (v06 CROSVM CROSVMDT 00000001 CROS 00000000)
[    0.026238] ACPI: FACS 0x00000000000E0040 000040
[    0.027295] ACPI: APIC 0x00000000000E0B00 000070 (v05 CROSVM CROSVMDT 00000001 CROS 00000000)
[    0.029269] ACPI: MCFG 0x00000000000E0B80 00003C (v01 CROSVM CROSVMDT 00000001 CROS 00000000)
[    0.031212] ACPI: Reserving FACP table memory at [mem 0xe09c0-0xe0ad3]
[    0.032711] ACPI: Reserving DSDT table memory at [mem 0xe0080-0xe099d]
[    0.034171] ACPI: Reserving FACS table memory at [mem 0xe0040-0xe007f]
[    0.035657] ACPI: Reserving APIC table memory at [mem 0xe0b00-0xe0b6f]
[    0.037110] ACPI: Reserving MCFG table memory at [mem 0xe0b80-0xe0bbb]
[    0.038793] Zone ranges:
[    0.039374]   DMA32    [mem 0x0000000000001000-0x00000000ffffffff]
[    0.040814]   Normal   [mem 0x0000000100000000-0x000000012fffffff]
[    0.042221] Movable zone start for each node
[    0.043196] Early memory node ranges
[    0.044012]   node   0: [mem 0x0000000000001000-0x000000000009ffff]
[    0.045432]   node   0: [mem 0x0000000000100000-0x00000000ced69fff]
[    0.046837]   node   0: [mem 0x0000000100000000-0x000000012fffffff]
[    0.048259] Initmem setup node 0 [mem 0x0000000000001000-0x000000012fffffff]
[    0.049907] On node 0, zone DMA32: 1 pages in unavailable ranges
[    0.162692] On node 0, zone DMA32: 96 pages in unavailable ranges
[    0.191179] On node 0, zone Normal: 4758 pages in unavailable ranges
[    0.194983] IOAPIC[0]: apic_id 0, version 17, address 0xfec00000, GSI 0-23
[    0.196571] ACPI: INT_SRC_OVR (bus 0 bus_irq 9 global_irq 9 low level)
[    0.198044] ACPI: INT_SRC_OVR (bus 0 bus_irq 10 global_irq 10 low level)
[    0.199568] ACPI: INT_SRC_OVR (bus 0 bus_irq 11 global_irq 11 low level)
[    0.201071] ACPI: INT_SRC_OVR (bus 0 bus_irq 12 global_irq 12 low level)
[    0.202595] ACPI: Using ACPI (MADT) for SMP configuration information
[    0.204091] TSC deadline timer available
[    0.204994] CPU topo: Max. logical packages:   2
[    0.206048] CPU topo: Max. logical dies:       2
[    0.207096] CPU topo: Max. dies per package:   1
[    0.208161] CPU topo: Max. threads per core:   1
[    0.209219] CPU topo: Num. cores per package:     1
[    0.210326] CPU topo: Num. threads per package:   1
[    0.211435] CPU topo: Allowing 2 present CPUs plus 0 hotplug CPUs
[    0.212822] kvm-guest: APIC: eoi() replaced with kvm_guest_apic_eoi_write()
[    0.214452] kvm-guest: KVM setup pv remote TLB flush
[    0.215579] kvm-guest: setup PV sched yield
[    0.216521] PM: hibernation: Registered nosave memory: [mem 0x00000000-0x00000fff]
[    0.218239] PM: hibernation: Registered nosave memory: [mem 0x000a0000-0x000fffff]
[    0.219929] PM: hibernation: Registered nosave memory: [mem 0xced6a000-0xffffffff]
[    0.221642] [mem 0xd0000000-0xdfffffff] available for PCI devices
[    0.223038] Booting paravirtualized kernel on KVM
[    0.224119] clocksource: refined-jiffies: mask: 0xffffffff max_cycles: 0xffffffff, max_idle_ns: 7645519600211568 ns
[    0.226691] Load bootconfig: 2695 bytes 132 nodes
[    0.227765] setup_percpu: NR_CPUS:32 nr_cpumask_bits:2 nr_cpu_ids:2 nr_node_ids:1
[    0.233727] percpu: Embedded 106 pages/cpu s271384 r131072 d31720 u1048576
[    0.235380] Kernel command line: vmw_vsock_virtio_transport_common.virtio_transport_max_vsock_pkt_buf_size=16384 console=ttynull stack_depot_disable=on cgroup_disable=pressure bootconfig  printk.devkmsg=on audit=1 panic=-1 8250.nr_uarts=1 binder.impl=rust cma=0 firmware_class.path=/vendor/etc/ loop.max_part=7 init=/init bootconfig panic=-1 console=hvc0 earlycon=uart8250,io,0x3f8 ramoops.mem_address=0x138000000 ramoops.mem_size=0x200000
[    0.244441] cgroup: Disabling pressure control group feature
[    0.245746] audit: enabled (after initialization)
[    0.246872] random: crng init done
[    0.247651] printk: log buffer data + meta data: 131072 + 458752 = 589824 bytes
[    0.257992] Dentry cache hash table entries: 524288 (order: 10, 4194304 bytes, linear)
[    0.264103] Inode-cache hash table entries: 262144 (order: 9, 2097152 bytes, linear)
[    0.265954] Built 1 zonelists, mobility grouping on.  Total pages: 1043721
[    0.268793] mem auto-init: stack:all(zero), heap alloc:on, heap free:off
[    0.270362] stackdepot: disabled
[    0.271117] software IO TLB: area num 2.
[    0.419899] SLUB: HWalign=64, Order=0-3, MinObjects=0, CPUs=2, Nodes=1
[    0.422199] rcu: Preemptible hierarchical RCU implementation.
[    0.423556] rcu: 	RCU event tracing is enabled.
[    0.424614] rcu: 	RCU restricting CPUs from NR_CPUS=32 to nr_cpu_ids=2.
[    0.426146] rcu: 	RCU priority boosting: priority 1 delay 500 ms.
[    0.427594] 	Trampoline variant of Tasks RCU enabled.
[    0.428763] 	Tracing variant of Tasks RCU enabled.
[    0.429902] rcu: RCU calculated value of scheduler-enlistment delay is 25 jiffies.
[    0.431682] rcu: Adjusting geometry for rcu_fanout_leaf=16, nr_cpu_ids=2
[    0.433299] RCU Tasks: Setting shift to 1 and lim to 1 rcu_task_cb_adjust=1 rcu_task_cpu_ids=2.
[    0.435357] RCU Tasks Trace: Setting shift to 1 and lim to 1 rcu_task_cb_adjust=1 rcu_task_cpu_ids=2.
[    0.439383] NR_IRQS: 4352, nr_irqs: 440, preallocated irqs: 16
[    0.441020] rcu: 	Offload RCU callbacks from CPUs: 0-1.
[    0.442236] rcu: srcu_init: Setting srcu_struct sizes based on contention.
[    0.443918] kfence: initialized - using 524288 bytes for 63 objects at 0x(____ptrval____)-0x(____ptrval____)
[    0.446264] ACPI: Core revision 20240827
[    0.447231] APIC: Switch to symmetric I/O mode setup
[    0.448899] x2apic enabled
[    0.450111] APIC: Switched APIC routing to: physical x2apic
[    0.451431] kvm-guest: APIC: send_IPI_mask() replaced with kvm_send_ipi_mask()
[    0.453116] kvm-guest: APIC: send_IPI_mask_allbutself() replaced with kvm_send_ipi_mask_allbutself()
[    0.455219] kvm-guest: setup PV IPIs
[    0.458252] clocksource: tsc-early: mask: 0xffffffffffffffff max_cycles: 0x256c0731a4e, max_idle_ns: 440795333312 ns
[    0.460685] Calibrating delay loop (skipped) preset value.. 5192.30 BogoMIPS (lpj=10384600)
[    0.463231] x86/cpu: User Mode Instruction Prevention (UMIP) activated
[    0.464682] Last level iTLB entries: 4KB 512, 2MB 512, 4MB 256
[    0.464682] Last level dTLB entries: 4KB 3072, 2MB 3072, 4MB 1536, 1GB 0
[    0.464682] Spectre V1 : Mitigation: usercopy/swapgs barriers and __user pointer sanitization
[    0.464682] Spectre V2 : Mitigation: Retpolines
[    0.464682] Spectre V2 : Spectre v2 / SpectreRSB: Filling RSB on context switch and VMEXIT
[    0.464682] Speculative Store Bypass: Vulnerable
[    0.464682] Speculative Return Stack Overflow: IBPB-extending microcode not applied!
[    0.464682] Speculative Return Stack Overflow: WARNING: See https://kernel.org/doc/html/latest/admin-guide/hw-vuln/srso.html for mitigation options.
[    0.464682] active return thunk: srso_alias_return_thunk
[    0.464682] Speculative Return Stack Overflow: Vulnerable: Safe RET, no microcode
[    0.464682] x86/fpu: Supporting XSAVE feature 0x001: 'x87 floating point registers'
[    0.464682] x86/fpu: Supporting XSAVE feature 0x002: 'SSE registers'
[    0.464682] x86/fpu: Supporting XSAVE feature 0x004: 'AVX registers'
[    0.464682] x86/fpu: Supporting XSAVE feature 0x020: 'AVX-512 opmask'
[    0.464682] x86/fpu: Supporting XSAVE feature 0x040: 'AVX-512 Hi256'
[    0.464682] x86/fpu: Supporting XSAVE feature 0x080: 'AVX-512 ZMM_Hi256'
[    0.464682] x86/fpu: xstate_offset[2]:  576, xstate_sizes[2]:  256
[    0.464682] x86/fpu: xstate_offset[5]:  832, xstate_sizes[5]:   64
[    0.464682] x86/fpu: xstate_offset[6]:  896, xstate_sizes[6]:  512
[    0.464682] x86/fpu: xstate_offset[7]: 1408, xstate_sizes[7]: 1024
[    0.464682] x86/fpu: Enabled xstate features 0xe7, context size is 2432 bytes, using 'compacted' format.
[    0.464682] SMP alternatives: Using kCFI
[    0.464682] Freeing SMP alternatives memory: 56K
[    0.464682] pid_max: default: 32768 minimum: 301
[    0.464682] LSM: initializing lsm=capability,landlock,safesetid,selinux,bpf
[    0.464682] landlock: Up and running.
[    0.464682] SELinux:  Initializing.
[    0.464682] LSM support for eBPF active
[    0.464682] Mount-cache hash table entries: 8192 (order: 4, 65536 bytes, linear)
[    0.464682] Mountpoint-cache hash table entries: 8192 (order: 4, 65536 bytes, linear)
[    0.464682] smpboot: CPU0: AMD EPYC 9V74 80-Core Processor (family: 0x19, model: 0x11, stepping: 0x1)
[    0.464682] Performance Events: PMU not available due to virtualization, using software events only.
[    0.468779] signal: max sigframe size: 3376
[    0.470198] rcu: Hierarchical SRCU implementation.
[    0.471657] rcu: 	Max phase no-delay instances is 1000.
[    0.473109] Timer migration: 1 hierarchy levels; 8 children per group; 1 crossnode level
[    0.478213] dyndbg: Ignore empty _ddebug table in a CONFIG_DYNAMIC_DEBUG_CORE build
[    0.480800] smp: Bringing up secondary CPUs ...
[    0.482852] smpboot: x86: Booting SMP configuration:
[    0.484350] .... node  #0, CPUs:      #1
[    0.488775] smp: Brought up 1 node, 2 CPUs
[    0.490364] smpboot: Total of 2 processors activated (10384.60 BogoMIPS)
[    0.492887] Memory: 3959184K/4174884K available (22528K kernel code, 2444K rwdata, 16884K rodata, 3244K init, 2276K bss, 210888K reserved, 0K cma-reserved)
[    0.497308] x86/mm: Memory block size: 128MB
[    0.499753] clocksource: jiffies: mask: 0xffffffff max_cycles: 0xffffffff, max_idle_ns: 7645041785100000 ns
[    0.500784] futex hash table entries: 512 (order: 3, 32768 bytes, linear)
[    0.508715] NET: Registered PF_NETLINK/PF_ROUTE protocol family
[    0.510845] audit: initializing netlink subsys (enabled)
[    0.512550] audit: type=2000 audit(1790844718.741:1): state=initialized audit_enabled=1 res=1
[    0.512550] ramoops: using module parameters
[    0.528812] pstore: Using crash dump compression: deflate
[    0.530424] printk: legacy console [ramoops-1] enabled
[    0.532152] pstore: Registered ramoops as persistent store backend
[    0.532694] ramoops: using 0x200000@0x138000000, ecc: 0
[    0.534547] thermal_sys: Registered thermal governor 'bang_bang'
[    0.534548] thermal_sys: Registered thermal governor 'step_wise'
[    0.536388] thermal_sys: Registered thermal governor 'user_space'
[    0.536713] cpuidle: using governor menu
[    0.541425] PCI: ECAM [mem 0xf4000000-0xf7ffffff] (base 0xf4000000) for domain 0000 [bus 00-3f]
[    0.544021] PCI: not using ECAM ([mem 0xf4000000-0xf7ffffff] not reserved)
[    0.544696] PCI: Using configuration type 1 for base access
[    0.546386] PCI: Using configuration type 1 for extended access
[    0.548363] mtrr: your CPUs had inconsistent fixed MTRR settings
[    0.548697] mtrr: your CPUs had inconsistent variable MTRR settings
[    0.550220] mtrr: your CPUs had inconsistent MTRRdefType settings
[    0.551892] mtrr: probably your BIOS does not setup all CPUs.
[    0.552698] mtrr: corrected configuration.
[    0.553961] kprobes: kprobe jump-optimization is enabled. All kprobes are optimized if possible.
[    0.561905] cryptd: max_cpu_qlen set to 1000
[    0.563539] ACPI: Added _OSI(Module Device)
[    0.563539] ACPI: Added _OSI(Processor Device)
[    0.563641] ACPI: Added _OSI(Processor Aggregator Device)
[    0.565408] ACPI: 1 ACPI AML tables successfully acquired and loaded
[    0.572167] ACPI: Interpreter enabled
[    0.572167] ACPI: PM: (supports S0 S1 S5)
[    0.572167] ACPI: Using IOAPIC for interrupt routing
[    0.572715] PCI: ECAM [mem 0xf4000000-0xf7ffffff] (base 0xf4000000) for domain 0000 [bus 00-3f]
[    0.575663] PCI: ECAM [mem 0xf4000000-0xf7ffffff] reserved as ACPI motherboard resource
[    0.580734] PCI: Using host bridge windows from ACPI; if necessary, use "pci=nocrs" and report a bug
[    0.583134] PCI: Using E820 reservations for host bridge windows
[    0.586658] ACPI: PCI Root Bridge [PC00] (domain 0000 [bus 00-3f])
[    0.588345] acpi PNP0A08:00: _OSC: OS supports [ExtendedConfig ASPM ClockPM Segments MSI HPX-Type3]
[    0.588797] acpi PNP0A08:00: _OSC: OS now controls [PCIeHotplug PME PCIeCapability LTR]
[    0.591166] PCI host bridge to bus 0000:00
[    0.592148] pci_bus 0000:00: root bus resource [mem 0xd0000000-0xf7ffffff window]
[    0.596695] pci_bus 0000:00: root bus resource [mem 0x138200000-0x3fffffffffff window]
[    0.598465] pci_bus 0000:00: root bus resource [bus 00-3f]
[    0.599856] pci 0000:00:00.0: [8086:1237] type 00 class 0x060000 conventional PCI endpoint
[    0.601745] pci 0000:00:01.0: [1af4:1043] type 00 class 0x078000 conventional PCI endpoint
[    0.604179] pci 0000:00:01.0: BAR 0 [mem 0xd0808000-0xd080ffff]
[    0.606190] pci 0000:00:01.0: PME# supported from D0 D3hot D3cold
[    0.608605] pci 0000:00:01.1: [1af4:1041] type 00 class 0x028000 conventional PCI endpoint
[    0.612889] pci 0000:00:01.1: BAR 0 [mem 0xd08e0000-0xd08e7fff]
[    0.615983] pci 0000:00:01.1: PME# supported from D0 D3hot D3cold
[    0.617455] pci 0000:00:01.2: [1af4:1041] type 00 class 0x028000 conventional PCI endpoint
[    0.619839] pci 0000:00:01.2: BAR 0 [mem 0xd08e8000-0xd08effff]
[    0.622199] pci 0000:00:01.2: PME# supported from D0 D3hot D3cold
[    0.624586] pci 0000:00:01.3: [1af4:1052] type 00 class 0x098000 conventional PCI endpoint
[    0.628895] pci 0000:00:01.3: BAR 0 [mem 0xd0908000-0xd090ffff]
[    0.631976] pci 0000:00:01.3: PME# supported from D0 D3hot D3cold
[    0.633451] pci 0000:00:01.4: [1af4:1052] type 00 class 0x098000 conventional PCI endpoint
[    0.635810] pci 0000:00:01.4: BAR 0 [mem 0xd0910000-0xd0917fff]
[    0.638198] pci 0000:00:01.4: PME# supported from D0 D3hot D3cold
[    0.640421] pci 0000:00:01.5: [1af4:1052] type 00 class 0x098000 conventional PCI endpoint
[    0.644890] pci 0000:00:01.5: BAR 0 [mem 0xd0918000-0xd091ffff]
[    0.647813] pci 0000:00:01.5: PME# supported from D0 D3hot D3cold
[    0.649454] pci 0000:00:01.6: [1af4:1052] type 00 class 0x098000 conventional PCI endpoint
[    0.651286] pci 0000:00:01.6: BAR 0 [mem 0xd0920000-0xd0927fff]
[    0.654177] pci 0000:00:01.6: PME# supported from D0 D3hot D3cold
[    0.656341] pci 0000:00:01.7: [1b36:0011] type 00 class 0xffff00 conventional PCI endpoint
[    0.656885] pci 0000:00:01.7: BAR 0 [mem 0xd0928000-0xd092800f]
[    0.659716] pci 0000:00:02.0: [1af4:1050] type 00 class 0x038000 conventional PCI endpoint
[    0.664894] pci 0000:00:02.0: BAR 0 [mem 0xd0800000-0xd0807fff]
[    0.666370] pci 0000:00:02.0: BAR 2 [mem 0x200000000-0x3ffffffff 64bit pref]
[    0.669381] pci 0000:00:02.0: PME# supported from D0 D3hot D3cold
[    0.671384] pci 0000:00:02.1: [8086:3420] type 01 class 0x060400 PCIe Root Port
[    0.673108] pci 0000:00:02.1: PCI bridge to [bus 01]
[    0.674959] pci 0000:00:02.1: PME# supported from D0 D3hot D3cold
[    0.677122] pci 0000:00:03.0: [1af4:1043] type 00 class 0x078000 conventional PCI endpoint
[    0.679557] pci 0000:00:03.0: BAR 0 [mem 0xd0810000-0xd0817fff]
[    0.682170] pci 0000:00:03.0: PME# supported from D0 D3hot D3cold
[    0.684591] pci 0000:00:04.0: [1af4:1043] type 00 class 0x078000 conventional PCI endpoint
[    0.684894] pci 0000:00:04.0: BAR 0 [mem 0xd0818000-0xd081ffff]
[    0.687894] pci 0000:00:04.0: PME# supported from D0 D3hot D3cold
[    0.689487] pci 0000:00:05.0: [1af4:1043] type 00 class 0x078000 conventional PCI endpoint
[    0.691913] pci 0000:00:05.0: BAR 0 [mem 0xd0820000-0xd0827fff]
[    0.698175] pci 0000:00:05.0: PME# supported from D0 D3hot D3cold
[    0.700953] pci 0000:00:06.0: [1af4:1043] type 00 class 0x078000 conventional PCI endpoint
[    0.703275] pci 0000:00:06.0: BAR 0 [mem 0xd0828000-0xd082ffff]
[    0.706218] pci 0000:00:06.0: PME# supported from D0 D3hot D3cold
[    0.708628] pci 0000:00:07.0: [1af4:1043] type 00 class 0x078000 conventional PCI endpoint
[    0.708943] pci 0000:00:07.0: BAR 0 [mem 0xd0830000-0xd0837fff]
[    0.712449] pci 0000:00:07.0: PME# supported from D0 D3hot D3cold
[    0.713469] pci 0000:00:08.0: [1af4:1043] type 00 class 0x078000 conventional PCI endpoint
[    0.715745] pci 0000:00:08.0: BAR 0 [mem 0xd0838000-0xd083ffff]
[    0.722193] pci 0000:00:08.0: PME# supported from D0 D3hot D3cold
[    0.724691] pci 0000:00:09.0: [1af4:1043] type 00 class 0x078000 conventional PCI endpoint
[    0.727110] pci 0000:00:09.0: BAR 0 [mem 0xd0840000-0xd0847fff]
[    0.730276] pci 0000:00:09.0: PME# supported from D0 D3hot D3cold
[    0.732721] pci 0000:00:0a.0: [1af4:1043] type 00 class 0x078000 conventional PCI endpoint
[    0.735203] pci 0000:00:0a.0: BAR 0 [mem 0xd0848000-0xd084ffff]
[    0.738182] pci 0000:00:0a.0: PME# supported from D0 D3hot D3cold
[    0.740611] pci 0000:00:0b.0: [1af4:1043] type 00 class 0x078000 conventional PCI endpoint
[    0.740892] pci 0000:00:0b.0: BAR 0 [mem 0xd0850000-0xd0857fff]
[    0.743949] pci 0000:00:0b.0: PME# supported from D0 D3hot D3cold
[    0.745466] pci 0000:00:0c.0: [1af4:1043] type 00 class 0x078000 conventional PCI endpoint
[    0.747478] pci 0000:00:0c.0: BAR 0 [mem 0xd0858000-0xd085ffff]
[    0.750531] pci 0000:00:0c.0: PME# supported from D0 D3hot D3cold
[    0.753236] pci 0000:00:0d.0: [1af4:1043] type 00 class 0x078000 conventional PCI endpoint
[    0.756004] pci 0000:00:0d.0: BAR 0 [mem 0xd0860000-0xd0867fff]
[    0.762487] pci 0000:00:0d.0: PME# supported from D0 D3hot D3cold
[    0.765274] pci 0000:00:0e.0: [1af4:1043] type 00 class 0x078000 conventional PCI endpoint
[    0.767922] pci 0000:00:0e.0: BAR 0 [mem 0xd0868000-0xd086ffff]
[    0.770432] pci 0000:00:0e.0: PME# supported from D0 D3hot D3cold
[    0.773181] pci 0000:00:0f.0: [1af4:1043] type 00 class 0x078000 conventional PCI endpoint
[    0.775923] pci 0000:00:0f.0: BAR 0 [mem 0xd0870000-0xd0877fff]
[    0.778476] pci 0000:00:0f.0: PME# supported from D0 D3hot D3cold
[    0.781241] pci 0000:00:10.0: [1af4:1043] type 00 class 0x078000 conventional PCI endpoint
[    0.783540] pci 0000:00:10.0: BAR 0 [mem 0xd0878000-0xd087ffff]
[    0.786224] pci 0000:00:10.0: PME# supported from D0 D3hot D3cold
[    0.788646] pci 0000:00:11.0: [1af4:1043] type 00 class 0x078000 conventional PCI endpoint
[    0.792891] pci 0000:00:11.0: BAR 0 [mem 0xd0880000-0xd0887fff]
[    0.796027] pci 0000:00:11.0: PME# supported from D0 D3hot D3cold
[    0.797526] pci 0000:00:12.0: [1af4:1043] type 00 class 0x078000 conventional PCI endpoint
[    0.799953] pci 0000:00:12.0: BAR 0 [mem 0xd0888000-0xd088ffff]
[    0.802193] pci 0000:00:12.0: PME# supported from D0 D3hot D3cold
[    0.804597] pci 0000:00:13.0: [1af4:1042] type 00 class 0x018000 conventional PCI endpoint
[    0.808899] pci 0000:00:13.0: BAR 0 [mem 0xd08a8000-0xd08affff]
[    0.812027] pci 0000:00:13.0: PME# supported from D0 D3hot D3cold
[    0.813460] pci 0000:00:14.0: [1af4:1042] type 00 class 0x018000 conventional PCI endpoint
[    0.815726] pci 0000:00:14.0: BAR 0 [mem 0xd08b0000-0xd08b7fff]
[    0.818492] pci 0000:00:14.0: PME# supported from D0 D3hot D3cold
[    0.821159] pci 0000:00:15.0: [1af4:1042] type 00 class 0x018000 conventional PCI endpoint
[    0.823924] pci 0000:00:15.0: BAR 0 [mem 0xd08b8000-0xd08bffff]
[    0.826548] pci 0000:00:15.0: PME# supported from D0 D3hot D3cold
[    0.829393] pci 0000:00:16.0: [1af4:1043] type 00 class 0x078000 conventional PCI endpoint
[    0.832103] pci 0000:00:16.0: BAR 0 [mem 0xd0890000-0xd0897fff]
[    0.838490] pci 0000:00:16.0: PME# supported from D0 D3hot D3cold
[    0.841206] pci 0000:00:17.0: [1af4:1043] type 00 class 0x078000 conventional PCI endpoint
[    0.843967] pci 0000:00:17.0: BAR 0 [mem 0xd0898000-0xd089ffff]
[    0.846466] pci 0000:00:17.0: PME# supported from D0 D3hot D3cold
[    0.849168] pci 0000:00:18.0: [1af4:1043] type 00 class 0x078000 conventional PCI endpoint
[    0.851611] pci 0000:00:18.0: BAR 0 [mem 0xd08a0000-0xd08a7fff]
[    0.854178] pci 0000:00:18.0: PME# supported from D0 D3hot D3cold
[    0.856641] pci 0000:00:19.0: [1af4:105b] type 00 class 0x010800 conventional PCI endpoint
[    0.860892] pci 0000:00:19.0: BAR 0 [mem 0xd08c0000-0xd08c7fff]
[    0.863987] pci 0000:00:19.0: PME# supported from D0 D3hot D3cold
[    0.865481] pci 0000:00:1a.0: [1af4:105b] type 00 class 0x010800 conventional PCI endpoint
[    0.868324] pci 0000:00:1a.0: BAR 0 [mem 0xd08c8000-0xd08cffff]
[    0.870452] pci 0000:00:1a.0: PME# supported from D0 D3hot D3cold
[    0.873211] pci 0000:00:1b.0: [1af4:1044] type 00 class 0x088000 conventional PCI endpoint
[    0.875971] pci 0000:00:1b.0: BAR 0 [mem 0xd08d0000-0xd08d7fff]
[    0.882466] pci 0000:00:1b.0: PME# supported from D0 D3hot D3cold
[    0.885199] pci 0000:00:1c.0: [1af4:1045] type 00 class 0x088000 conventional PCI endpoint
[    0.887984] pci 0000:00:1c.0: BAR 0 [mem 0xd08d8000-0xd08dffff]
[    0.890514] pci 0000:00:1c.0: PME# supported from D0 D3hot D3cold
[    0.893215] pci 0000:00:1d.0: [1af4:1053] type 00 class 0x028000 conventional PCI endpoint
[    0.895950] pci 0000:00:1d.0: BAR 0 [mem 0xd08f0000-0xd08f7fff]
[    0.898465] pci 0000:00:1d.0: PME# supported from D0 D3hot D3cold
[    0.901379] pci 0000:00:1e.0: [1af4:1059] type 00 class 0x040100 conventional PCI endpoint
[    0.904146] pci 0000:00:1e.0: BAR 0 [mem 0xd08f8000-0xd08fffff]
[    0.906467] pci 0000:00:1e.0: PME# supported from D0 D3hot D3cold
[    0.909190] pci 0000:00:1f.0: [1af4:105d] type 00 class 0x0d8000 conventional PCI endpoint
[    0.911921] pci 0000:00:1f.0: BAR 0 [mem 0xd0900000-0xd0907fff]
[    0.918486] pci 0000:00:1f.0: PME# supported from D0 D3hot D3cold
[    0.921254] pci 0000:00:02.1: PCI bridge to [bus 01]
[    0.938977] iommu: Default domain type: Translated
[    0.940255] iommu: DMA domain TLB invalidation policy: lazy mode
[    0.940979] SCSI subsystem initialized
[    0.942001] ACPI: bus type USB registered
[    0.943097] usbcore: registered new interface driver usbfs
[    0.944550] usbcore: registered new interface driver hub
[    0.944724] usbcore: registered new device driver usb
[    0.946185] mc: Linux media interface: v0.10
[    0.947360] videodev: Linux video capture interface: v2.00
[    0.948717] EDAC MC: Ver: 3.0.0
[    0.952914] Advanced Linux Sound Architecture Driver Initialized.
[    0.954408] PCI: Using ACPI for IRQ routing
[    0.984867] vgaarb: loaded
[    0.988973] clocksource: Switched to clocksource kvm-clock
[    0.991311] VFS: Disk quotas dquot_6.6.0
[    0.992448] VFS: Dquot-cache hash table entries: 512 (order 0, 4096 bytes)
[    0.995779] pnp: PnP ACPI init
[    0.996908] system 00:00: [mem 0xf4000000-0xf7ffffff] has been reserved
[    0.998768] pnp: PnP ACPI: found 1 devices
[    1.000302] NET: Registered PF_INET protocol family
[    1.003076] IP idents hash table entries: 65536 (order: 7, 524288 bytes, linear)
[    1.034772] tcp_listen_portaddr_hash hash table entries: 2048 (order: 3, 32768 bytes, linear)
[    1.037390] Table-perturb hash table entries: 65536 (order: 6, 262144 bytes, linear)
[    1.039585] TCP established hash table entries: 32768 (order: 6, 262144 bytes, linear)
[    1.041867] TCP bind hash table entries: 32768 (order: 8, 1048576 bytes, linear)
[    1.043961] TCP: Hash tables configured (established 32768 bind 32768)
[    1.045873] UDP hash table entries: 2048 (order: 4, 65536 bytes, linear)
[    1.047783] UDP-Lite hash table entries: 2048 (order: 4, 65536 bytes, linear)
[    1.049897] NET: Registered PF_UNIX/PF_LOCAL protocol family
[    1.051513] NET: Registered PF_XDP protocol family
[    1.052946] pci 0000:00:02.1: bridge window [io  0x1000-0x0fff] to [bus 01] add_size 1000
[    1.055226] pci 0000:00:02.1: bridge window [mem 0x00100000-0x000fffff 64bit pref] to [bus 01] add_size 200000 add_align 100000
[    1.058485] pci 0000:00:02.1: bridge window [mem 0x00100000-0x000fffff] to [bus 01] add_size 200000 add_align 100000
[    1.061467] pci 0000:00:02.1: bridge window [mem 0xd0000000-0xd01fffff]: assigned
[    1.063525] pci 0000:00:02.1: bridge window [mem 0x138200000-0x1383fffff 64bit pref]: assigned
[    1.065988] pci 0000:00:02.1: bridge window [io  size 0x1000]: can't assign; no space
[    1.068191] pci 0000:00:02.1: bridge window [io  size 0x1000]: failed to assign
[    1.070307] pci 0000:00:02.1: bridge window [io  size 0x1000]: can't assign; no space
[    1.072506] pci 0000:00:02.1: bridge window [io  size 0x1000]: failed to assign
[    1.074588] pci 0000:00:02.1: PCI bridge to [bus 01]
[    1.076040] pci 0000:00:02.1:   bridge window [mem 0xd0000000-0xd01fffff]
[    1.077938] pci 0000:00:02.1:   bridge window [mem 0x138200000-0x1383fffff 64bit pref]
[    1.080211] pci_bus 0000:00: resource 4 [mem 0xd0000000-0xf7ffffff window]
[    1.082352] pci_bus 0000:00: resource 5 [mem 0x138200000-0x3fffffffffff window]
[    1.084590] pci_bus 0000:01: resource 1 [mem 0xd0000000-0xd01fffff]
[    1.086546] pci_bus 0000:01: resource 2 [mem 0x138200000-0x1383fffff 64bit pref]
[    1.088863] pci 0000:00:00.0: Limiting direct PCI/PCI transfers
[    1.091393] PCI: CLS 32 bytes, default 64
[    1.092736] PCI-DMA: Using software bounce buffering for IO (SWIOTLB)
[    1.094880] Trying to unpack rootfs image as initramfs...
[    1.096918] software IO TLB: mapped [mem 0x00000000cad6a000-0x00000000ced6a000] (64MB)
[    1.105555] kvm_intel: VMX not supported by CPU 0
[    1.107271] kvm_amd: TSC scaling supported
[    1.109123] kvm_amd: Nested Virtualization enabled
[    1.111241] kvm_amd: Nested Paging enabled
[    1.112980] kvm_amd: Virtual VMLOAD VMSAVE supported
[    1.115119] kvm_amd: PMU virtualization is disabled
[    1.149119] clocksource: tsc: mask: 0xffffffffffffffff max_cycles: 0x256c0731a4e, max_idle_ns: 440795333312 ns
[    1.153719] clocksource: Switched to clocksource tsc
[    1.155992] platform rtc_cmos: registered platform RTC device (no PNP device found)
[    1.183042] Initialise system trusted keyrings
[    1.185504] workingset: timestamp_bits=46 max_order=20 bucket_order=0
[    1.188573] fuse: init (API version 7.41)
[    1.212503] Key type asymmetric registered
[    1.214478] Asymmetric key parser 'x509' registered
[    1.216888] Block layer SCSI generic (bsg) driver version 0.4 loaded (major 240)
[    1.219726] io scheduler mq-deadline registered
[    1.221783] io scheduler kyber registered
[    1.223614] io scheduler bfq registered
[    1.228519] pcieport 0000:00:02.1: PME: Signaling with IRQ 24
[    1.230574] pcieport 0000:00:02.1: pciehp: Slot #0 AttnBtn+ PwrCtrl- MRL- AttnInd+ PwrInd+ HotPlug+ Surprise+ Interlock- NoCompl- IbPresDis- LLActRep- (with Cmd Compl erratum)
[    1.237254] input: Power Button as /devices/LNXSYSTM:00/LNXPWRBN:00/input/input0
[    1.244934] ACPI: button: Power Button [PWRF]
[    1.246428] input: Sleep Button as /devices/LNXSYSTM:00/LNXSLPBN:00/input/input1
[    1.249015] ACPI: button: Sleep Button [SLPF]
[    1.250552] Serial: 8250/16550 driver, 1 ports, IRQ sharing disabled
[    1.253183] serial8250: ttyS0 at I/O 0x3f8 (irq = 4, base_baud = 115200) is a 16550A
[    1.255990] printk: legacy console [ttynull0] enabled
[    1.257778] ACPI: bus type drm_connector registered
[    1.263397] brd: module loaded
[    1.291106] loop: module loaded
[    1.293453] wireguard: WireGuard 1.0.0 loaded. See www.wireguard.com for information.
[    1.295866] wireguard: Copyright (C) 2015-2019 Jason A. Donenfeld <Jason@zx2c4.com>. All Rights Reserved.
[    1.299821] tun: Universal TUN/TAP device driver, 1.6
[    1.301859] usbcore: registered new interface driver uas
[    1.303591] usbcore: registered new interface driver usb-storage
[    1.305690] i8042: PNP: No PS/2 controller found.
[    1.307398] usbcore: registered new interface driver xpad
[    1.310938] rtc_cmos rtc_cmos: registered as rtc0
[    1.312768] rtc_cmos rtc_cmos: setting system clock to 2026-10-01T08:51:59 UTC (1790844719)
[    1.315806] rtc_cmos rtc_cmos: alarms up to one year, y3k, 114 bytes nvram
[    1.318223] gspca_main: v2.14.0 registered
[    1.319602] usbcore: registered new interface driver uvcvideo
[    1.321541] device-mapper: uevent: version 1.0.3
[    1.323030] device-mapper: ioctl: 4.48.0-ioctl (2023-03-01) initialised: dm-devel@lists.linux.dev
[    1.326097] amd_pstate: The CPPC feature is supported but currently disabled by the BIOS.
[    1.326097] Please enable it if your BIOS has the CPPC option.
[    1.330819] amd_pstate: the _CPC object is not present in SBIOS or ACPI disabled
[    1.333417] sdhci: Secure Digital Host Controller Interface driver
[    1.335379] sdhci: Copyright(c) Pierre Ossman
[    1.336796] sdhci-pltfm: SDHCI platform and OF driver helper
[    1.338863] hid: raw HID events driver (C) Jiri Kosina
[    1.341353] usbcore: registered new interface driver usbhid
[    1.343091] usbhid: USB HID core driver
[    1.344411] ashmem: Using Rust implementation.
[    1.344895] usbcore: registered new interface driver snd-usb-audio
[    1.348567] GACT probability on
[    1.349677] Mirror/redirect action on
[    1.350808] netem: version 1.3
[    1.351789] u32 classifier
[    1.352675]     input device check on
[    1.353906]     Actions configured
[    1.359695] xt_time: kernel timezone is -0000
[    1.361330] ipip: IPv4 and MPLS over IPv4 tunneling driver
[    1.363343] gre: GRE over IPv4 demultiplexor driver
[    1.364954] ip_gre: GRE over IPv4 tunneling driver
[    1.367395] IPv4 over IPsec tunneling driver
[    1.369027] Initializing XFRM netlink socket
[    1.370463] IPsec XFRM device driver
[    1.371680] NET: Registered PF_INET6 protocol family
[    1.374880] Segment Routing with IPv6
[    1.376114] In-situ OAM (IOAM) with IPv6
[    1.377568] mip6: Mobile IPv6
[    1.378889] sit: IPv6, IPv4 and MPLS over IPv4 tunneling driver
[    1.381281] ip6_gre: GRE over IPv6 tunneling driver
[    1.383410] NET: Registered PF_PACKET protocol family
[    1.385983] NET: Registered PF_KEY protocol family
[    1.387814] NET: Registered PF_VSOCK protocol family
[    1.389695] IPI shorthand broadcast: enabled
[    1.391119] AES CTR mode by8 optimization enabled
[    1.400008] sched_clock: Marking stable (1380014079, 16816381)->(1526061769, -129231309)
[    1.402951] registered taskstats version 1
[    1.404466] Loading compiled-in X.509 certificates
[    1.406817] Loaded X.509 cert 'Build time autogenerated kernel key: 1f903e9cb0b04d1a09ab4a9ce65c9e71dbbb19bc'
[    1.416214] Freeing initrd memory: 21524K
[    1.418611] page_owner is disabled
[    1.419740] Key type .fscrypt registered
[    1.420990] Key type fscrypt-provisioning registered
[    1.427327] ALSA device list:
[    1.428247]   No soundcards found.
[    1.429906] Freeing unused kernel image (initmem) memory: 3244K
[    1.431687] Write protecting the kernel read-only data: 40960k
[    1.433809] Freeing unused kernel image (rodata/data gap) memory: 1548K
[    1.435841] Run /init as init process
[    1.438674] init: init first stage started!
[    1.440602] init: Loading module /lib/modules/failover.ko with args ''
[    1.442817] failover: module verification failed: signature and/or required key missing - tainting kernel
[    1.446174] init: Loaded kernel module /lib/modules/failover.ko
[    1.447963] init: Loading module /lib/modules/nd_virtio.ko with args ''
[    1.450273] init: Loaded kernel module /lib/modules/nd_virtio.ko
[    1.452115] init: Loading module /lib/modules/net_failover.ko with args ''
[    1.454873] init: Loaded kernel module /lib/modules/net_failover.ko
[    1.456806] init: Loading module /lib/modules/virtio_dma_buf.ko with args ''
[    1.459192] init: Loaded kernel module /lib/modules/virtio_dma_buf.ko
[    1.461202] init: Loading module /lib/modules/virtio-gpu.ko with args ''
[    1.465798] init: Loaded kernel module /lib/modules/virtio-gpu.ko
[    1.467702] init: Loading module /lib/modules/virtio_input.ko with args ''
[    1.470189] init: Loaded kernel module /lib/modules/virtio_input.ko
[    1.472126] init: Loading module /lib/modules/virtio_net.ko with args ''
[    1.475942] init: Loaded kernel module /lib/modules/virtio_net.ko
[    1.477823] init: Loading module /lib/modules/virtio-rng.ko with args ''
[    1.479994] init: Loaded kernel module /lib/modules/virtio-rng.ko
[    1.481551] init: Loading module /lib/modules/libarc4.ko with args ''
[    1.483517] init: Loaded kernel module /lib/modules/libarc4.ko
[    1.485213] init: Loading module /lib/modules/rfkill.ko with args ''
[    1.487554] init: Loaded kernel module /lib/modules/rfkill.ko
[    1.488971] init: Loading module /lib/modules/cfg80211.ko with args ''
[    1.525820] cfg80211: Loading compiled-in X.509 certificates for regulatory database
[    1.528093] Loaded X.509 cert 'sforshee: 00b28ddf47aef9cea7'
[    1.529529] Loaded X.509 cert 'wens: 61c038651aabdcf94bd0ac7ff06c7248db18c600'
[    1.531558] platform regulatory.0: Direct firmware load for regulatory.db failed with error -2
[    1.533848] cfg80211: failed to load regulatory.db
[    1.535042] init: Loaded kernel module /lib/modules/cfg80211.ko
[    1.536920] init: Loading module /lib/modules/mac80211.ko with args ''
[    1.563715] init: Loaded kernel module /lib/modules/mac80211.ko
[    1.565607] init: Loading module /lib/modules/mac80211_hwsim.ko with args 'radios=0'
[    1.569381] mac80211_hwsim: initializing netlink
[    1.571098] init: Loaded kernel module /lib/modules/mac80211_hwsim.ko
[    1.573120] init: Loading module /lib/modules/virtio_blk.ko with args ''
[    1.575986] init: Loaded kernel module /lib/modules/virtio_blk.ko
[    1.577863] init: Loading module /lib/modules/virtio_console.ko with args ''
[    1.580994] init: Loaded kernel module /lib/modules/virtio_console.ko
[    1.583018] init: Loading module /lib/modules/virtio_pci_modern_dev.ko with args ''
[    1.586009] init: Loaded kernel module /lib/modules/virtio_pci_modern_dev.ko
[    1.588149] init: Loading module /lib/modules/virtio_pci_legacy_dev.ko with args ''
[    1.591052] init: Loaded kernel module /lib/modules/virtio_pci_legacy_dev.ko
[    1.593246] init: Loading module /lib/modules/virtio_pci.ko with args ''
[    1.603297] printk: legacy console [hvc0] enabled
[    1.604582] printk: legacy bootconsole [uart8250] disabled
[    1.626340] input: Cuttlefish Vhost User Multitouch Touchscreen 0 as /devices/pci0000:00/0000:00:01.3/virtio3/input/input2
[    1.636380] input: Cuttlefish Vhost User Rotary 0 as /devices/pci0000:00/0000:00:01.4/virtio4/input/input3
[    1.649365] input: Cuttlefish Vhost User Keyboard 0 as /devices/pci0000:00/0000:00:01.5/virtio5/input/input4
[    1.662054] input: Cuttlefish Vhost User Switches 0 as /devices/pci0000:00/0000:00:01.6/virtio6/input/input5
[    1.665093] [drm] pci: virtio-gpu-pci detected at 0000:00:02.0
[    1.667304] [drm] Host memory window: 0x200000000 +0x200000000
[    1.667570] [drm] features: +virgl +edid +resource_blob +host_visible
[    1.667572] [drm] features: +context_init
[    1.671276] [drm] number of scanouts: 16
[    1.672752] [drm] number of cap sets: 2
[    1.675614] [drm] cap set 0: id 3, max-version 0, max-size 112
[    1.676037] [drm] cap set 1: id 9, max-version 0, max-size 16
[    1.677995] [drm] Initialized virtio_gpu 0.1.0 for 0000:00:02.0 on minor 0
[    1.796162] virtio_blk virtio24: 2/0/0 default/read/poll queues
[    1.798446] virtio_blk virtio24: [vda] 34247808 512-byte logical blocks (17.5 GB/16.3 GiB)
[    1.799940]  vda: vda1 vda2 vda3 vda4 vda5 vda6 vda7 vda8 vda9 vda10 vda11 vda12 vda13 vda14 vda15 vda16 vda17 vda18 vda19
[    1.801987] virtio_blk virtio25: 2/0/0 default/read/poll queues
[    1.805375] virtio_blk virtio25: [vdb] 2560 512-byte logical blocks (1.31 MB/1.25 MiB)
[    1.807379]  vdb: vdb1 vdb2 vdb3 vdb4
[    1.809253] virtio_blk virtio26: 2/0/0 default/read/poll queues
[    1.811637] virtio_blk virtio26: [vdc] 4194304 512-byte logical blocks (2.15 GB/2.00 GiB)
[    1.812408]  vdc: vdc1
[    2.218309] init: Loaded kernel module /lib/modules/virtio_pci.ko
[    2.218574] init: Loading module /lib/modules/vmw_vsock_virtio_transport.ko with args ''
[    2.225802] init: Loaded kernel module /lib/modules/vmw_vsock_virtio_transport.ko
[    2.226007] init: Loaded 19 modules from /lib/modules
[    2.226279] init: Loaded 19 kernel modules took 786 ms
[    2.226611] init: Copied ramdisk prop to /second_stage_resources/system/etc/ramdisk/build.prop
[    2.227311] init: Using generic ramdisk copy of snapuserd /system/bin/snapuserd_ramdisk
[    2.227484] init: hard linking /system/bin/snapuserd_ramdisk to /first_stage_ramdisk/system/bin/snapuserd succeeded
[    2.227922] init: Switching root to '/first_stage_ramdisk'
[    2.228190] init: [libfstab] Using Android DT directory /proc/device-tree/firmware/android/
[    2.235045] init: [libfs_mgr] Invalid ext4 superblock on '/dev/block/by-name/metadata'
[    2.236324] init: [libfs_mgr] Invalid ext4 superblock on '/dev/block/by-name/metadata'
[    2.237746] init: [libfs_mgr] Created logical partition product_a on device /dev/block/dm-0
[    2.237925] init: [libfs_mgr] Skipping zero-length logical partition: product_b
[    2.238507] init: [libfs_mgr] Created logical partition system_a on device /dev/block/dm-1
[    2.239116] init: [libfs_mgr] Created logical partition system_b on device /dev/block/dm-2
[    2.239696] init: [libfs_mgr] Created logical partition system_ext_a on device /dev/block/dm-3
[    2.239876] init: [libfs_mgr] Skipping zero-length logical partition: system_ext_b
[    2.240600] init: [libfs_mgr] Created logical partition system_dlkm_a on device /dev/block/dm-4
[    2.240808] init: [libfs_mgr] Skipping zero-length logical partition: system_dlkm_b
[    2.241484] init: [libfs_mgr] Created logical partition odm_a on device /dev/block/dm-5
[    2.241663] init: [libfs_mgr] Skipping zero-length logical partition: odm_b
[    2.242213] init: [libfs_mgr] Created logical partition vendor_a on device /dev/block/dm-6
[    2.242394] init: [libfs_mgr] Skipping zero-length logical partition: vendor_b
[    2.242975] init: [libfs_mgr] Created logical partition vendor_dlkm_a on device /dev/block/dm-7
[    2.243191] init: [libfs_mgr] Skipping zero-length logical partition: vendor_dlkm_b
[    2.243869] init: [libfs_mgr] Created logical partition odm_dlkm_a on device /dev/block/dm-8
[    2.244083] init: [libfs_mgr] Skipping zero-length logical partition: odm_dlkm_b
[    2.244265] init: DSU not detected, proceeding with normal boot
[    2.249858] init: [libfs_avb] Returning avb_handle with status: Success
[    2.250266] init: [libfs_avb] : Error verifying vbmeta image: OK_NOT_SIGNED
[    2.250473] init: [libfs_avb] public key data shouldn't be empty for /system
[    2.250627] init: [libfs_avb] Found unknown public key used to sign /system
[    2.250754] init: [libfs_avb] Returning avb_handle for '/system' with status: VerificationError
[    2.250987] init: [libfs_avb] Built verity table: '1 /dev/block/dm-1 /dev/block/dm-1 4096 4096 228788 228788 sha256 3964dc37e5aeec4346ff7bda8d542ca5a582ed196de357b3c6d911da5933a21d 209d156d8b7216d8224676a424f22672683de224424387e0f24080f0230d2ea9 10 use_fec_from_device /dev/block/dm-1 fec_roots 2 fec_blocks 230591 fec_start 230591 restart_on_corruption ignore_zero_blocks'
[    2.251916] device-mapper: verity: sha256 using shash "sha256-ni" (multibuffer)
[    2.255846] erofs: (device dm-9): initialized per-cpu workers successfully.
[    2.256035] erofs: (device dm-9): mounted with root inode @ nid 55.
[    2.256259] init: [libfs_mgr] __mount(source=/dev/block/dm-9,target=/system,type=erofs)=0: Success
[    2.256638] init: Switching root to '/system'
[    2.257425] init: [libfs_avb] Built verity table: '1 /dev/block/dm-5 /dev/block/dm-5 4096 4096 105 105 sha256 22ead761863d206415014fb679cbb484cb32dd0a6a1f3874e12841d49ff614bf 209d156d8b7216d8224676a424f22672683de224424387e0f24080f0230d2ea9 10 use_fec_from_device /dev/block/dm-5 fec_roots 2 fec_blocks 106 fec_start 106 restart_on_corruption ignore_zero_blocks'
[    2.258264] device-mapper: verity: sha256 using shash "sha256-ni" (multibuffer)
[    2.260696] erofs: (device dm-10): mounted with root inode @ nid 38.
[    2.260874] init: [libfs_mgr] __mount(source=/dev/block/dm-10,target=/odm,type=erofs)=0: Success
[    2.261331] init: [libfs_avb] Built verity table: '1 /dev/block/dm-0 /dev/block/dm-0 4096 4096 69962 69962 sha256 897b3e7b347475a2e3013f8c3650f0923996346d13476579772e8973313cb950 209d156d8b7216d8224676a424f22672683de224424387e0f24080f0230d2ea9 10 use_fec_from_device /dev/block/dm-0 fec_roots 2 fec_blocks 70515 fec_start 70515 restart_on_corruption ignore_zero_blocks'
[    2.262262] device-mapper: verity: sha256 using shash "sha256-ni" (multibuffer)
[    2.265305] erofs: (device dm-11): mounted with root inode @ nid 40.
[    2.265457] init: [libfs_mgr] __mount(source=/dev/block/dm-11,target=/product,type=erofs)=0: Success
[    2.265796] init: [libfs_avb] Built verity table: '1 /dev/block/dm-3 /dev/block/dm-3 4096 4096 63748 63748 blake2b-256 06590b84ce6949d804bf7b17fb7af02cd5a377cbc2561f426ceed114bf1afedf 209d156d8b7216d8224676a424f22672683de224424387e0f24080f0230d2ea9 10 use_fec_from_device /dev/block/dm-3 fec_roots 2 fec_blocks 64252 fec_start 64252 restart_on_corruption ignore_zero_blocks'
[    2.266621] device-mapper: verity: blake2b-256 using shash "blake2b-256-generic"
[    2.269949] erofs: (device dm-12): mounted with root inode @ nid 39.
[    2.270138] init: [libfs_mgr] __mount(source=/dev/block/dm-12,target=/system_ext,type=erofs)=0: Success
[    2.270475] init: [libfs_avb] Built verity table: '1 /dev/block/dm-6 /dev/block/dm-6 4096 4096 68954 68954 sha256 b8cb9c96c14326646bbae0cd284b03b9aa6b7089b4eef65662ff8958339c5374 209d156d8b7216d8224676a424f22672683de224424387e0f24080f0230d2ea9 10 use_fec_from_device /dev/block/dm-6 fec_roots 2 fec_blocks 69499 fec_start 69499 restart_on_corruption ignore_zero_blocks'
[    2.271383] device-mapper: verity: sha256 using shash "sha256-ni" (multibuffer)
[    2.274535] erofs: (device dm-13): mounted with root inode @ nid 48.
[    2.274693] init: [libfs_mgr] __mount(source=/dev/block/dm-13,target=/vendor,type=erofs)=0: Success
[    2.275084] init: [libfs_avb] Built verity table: '1 /dev/block/dm-7 /dev/block/dm-7 4096 4096 327 327 sha256 b1aa90a22613d7309d6c705c2e408dc041d3600a13605901f06dd9f4af9feb44 209d156d8b7216d8224676a424f22672683de224424387e0f24080f0230d2ea9 10 use_fec_from_device /dev/block/dm-7 fec_roots 2 fec_blocks 331 fec_start 331 restart_on_corruption ignore_zero_blocks'
[    2.275953] device-mapper: verity: sha256 using shash "sha256-ni" (multibuffer)
[    2.278428] erofs: (device dm-14): mounted with root inode @ nid 39.
[    2.278589] init: [libfs_mgr] __mount(source=/dev/block/dm-14,target=/vendor_dlkm,type=erofs)=0: Success
[    2.278905] init: [libfs_avb] Built verity table: '1 /dev/block/dm-8 /dev/block/dm-8 4096 4096 2 2 sha256 a49fbd1068ae07071e7744afc6d3e26fa016d08276454dab118adc0a160b2f4e 209d156d8b7216d8224676a424f22672683de224424387e0f24080f0230d2ea9 10 use_fec_from_device /dev/block/dm-8 fec_roots 2 fec_blocks 3 fec_start 3 restart_on_corruption ignore_zero_blocks'
[    2.279737] device-mapper: verity: sha256 using shash "sha256-ni" (multibuffer)
[    2.282192] erofs: (device dm-15): mounted with root inode @ nid 38.
[    2.282344] init: [libfs_mgr] __mount(source=/dev/block/dm-15,target=/odm_dlkm,type=erofs)=0: Success
[    2.283398] init: [libfs_avb] : Error verifying vbmeta image: OK_NOT_SIGNED
[    2.283599] init: [libfs_avb] public key data shouldn't be empty for /system_dlkm
[    2.283761] init: [libfs_avb] Found unknown public key used to sign /system_dlkm
[    2.283902] init: [libfs_avb] Returning avb_handle for '/system_dlkm' with status: VerificationError
[    2.284060] init: Image rollback detected for /system_dlkm, SPL switches from '' to ''
[    2.284366] init: Allowing rollbacked standalone image when the device is unlocked
[    2.284560] init: [libfs_avb] Built verity table: '1 /dev/block/dm-4 /dev/block/dm-4 4096 4096 1983 1983 sha256 ed6a673b87b6155268543e7c700ce452e8b83e457b4eb09e9683a61b084a6c3d 209d156d8b7216d8224676a424f22672683de224424387e0f24080f0230d2ea9 10 use_fec_from_device /dev/block/dm-4 fec_roots 2 fec_blocks 2000 fec_start 2000 restart_on_corruption ignore_zero_blocks'
[    2.286067] device-mapper: verity: sha256 using shash "sha256-ni" (multibuffer)
[    2.288597] erofs: (device dm-16): mounted with root inode @ nid 38.
[    2.288744] init: [libfs_mgr] __mount(source=/dev/block/dm-16,target=/system_dlkm,type=erofs)=0: Success
[    2.299323] init: Skipped setting INIT_AVB_VERSION (not in recovery mode)
[    2.349767] init: [libfstab] Using Android DT directory /proc/device-tree/firmware/android/
[    2.351731] init: Opening SELinux policy
[    2.355437] init: Loading SELinux policy
[    2.369906] SELinux:  policy capability network_peer_controls=1
[    2.370190] SELinux:  policy capability open_perms=1
[    2.370294] SELinux:  policy capability extended_socket_class=1
[    2.370400] SELinux:  policy capability always_check_network=0
[    2.370514] SELinux:  policy capability cgroup_seclabel=0
[    2.370621] SELinux:  policy capability nnp_nosuid_transition=1
[    2.370738] SELinux:  policy capability genfs_seclabel_symlinks=0
[    2.370854] SELinux:  policy capability ioctl_skip_cloexec=0
[    2.370974] SELinux:  policy capability userspace_initial_context=0
[    2.371086] SELinux: policy capability memfd_class=1
[    2.371191] SELinux: policy capability genfs_seclabel_wildcard=0
[    2.371311] SELinux:  unknown policy capability 9
[    2.371386] SELinux:  unknown policy capability 12
[    2.375640] audit: type=1403 audit(1790844720.539:2): auid=4294967295 ses=4294967295 lsm=selinux res=1
[    2.376302] audit: type=1300 audit(1790844720.539:2): arch=c000003e syscall=1 success=yes exit=911737 a0=4 a1=7fdaba6fe680 a2=de979 a3=0 items=0 ppid=0 pid=1 auid=4294967295 uid=0 gid=0 euid=0 suid=0 fsuid=0 egid=0 sgid=0 fsgid=0 tty=(none) ses=4294967295 comm="init" exe="/system/bin/init" subj=u:r:kernel:s0 key=(null)
[    2.377850] audit: type=1327 audit(1790844720.539:2): proctitle=2F73797374656D2F62696E2F696E69740073656C696E75785F7365747570
[    2.378167] audit: type=1404 audit(1790844720.559:3): enforcing=1 old_enforcing=0 auid=4294967295 ses=4294967295 enabled=1 old-enabled=1 lsm=selinux res=1
[    2.378724] audit: type=1300 audit(1790844720.559:3): arch=c000003e syscall=1 success=yes exit=1 a0=4 a1=7ffc9baff980 a2=1 a3=0 items=0 ppid=0 pid=1 auid=4294967295 uid=0 gid=0 euid=0 suid=0 fsuid=0 egid=0 sgid=0 fsgid=0 tty=(none) ses=4294967295 comm="init" exe="/system/bin/init" subj=u:r:kernel:s0 key=(null)
[    2.379432] audit: type=1327 audit(1790844720.559:3): proctitle=2F73797374656D2F62696E2F696E69740073656C696E75785F7365747570
[    2.380969] selinux: SELinux: Loaded file context from:
[    2.382139] selinux: 		/system/etc/selinux/plat_file_contexts
[    2.382287] selinux: 		/system_ext/etc/selinux/system_ext_file_contexts
[    2.382430] selinux: 		/product/etc/selinux/product_file_contexts
[    2.382593] selinux: 		/vendor/etc/selinux/vendor_file_contexts
[    2.382734] selinux: 		/odm/etc/selinux/odm_file_contexts
[    2.394425] init: init second stage started!
[    2.401646] selinux: SELinux: Loaded file context from:
[    2.401815] selinux: 		/system/etc/selinux/plat_file_contexts
[    2.401971] selinux: 		/system_ext/etc/selinux/system_ext_file_contexts
[    2.402260] selinux: 		/product/etc/selinux/product_file_contexts
[    2.404160] selinux: 		/vendor/etc/selinux/vendor_file_contexts
[    2.404316] selinux: 		/odm/etc/selinux/odm_file_contexts
[    2.427816] init: [libfstab] Using Android DT directory /proc/device-tree/firmware/android/
[    2.431179] init: Overriding previous property 'ro.build.display.id':'generic_system-userdebug 17 CP2A.260605.016 16373615 test-keys' with new value 'aosp_cf_x86_64_only_phone-userdebug 17 CP2A.260605.016 16373615 test-keys'
[    2.431651] init: Overriding previous property 'ro.build.flavor':'generic_system-userdebug' with new value 'aosp_cf_x86_64_only_phone-userdebug'
[    2.431905] init: Overriding previous property 'ro.build.description':'generic_system-userdebug 17 CP2A.260605.016 16373615 test-keys' with new value 'aosp_cf_x86_64_only_phone-userdebug 17 CP2A.260605.016 16373615 test-keys'
[    2.432436] init: Overriding previous property 'ro.config.notification_sound':'OnTheHunt.ogg' with new value 'pixiedust.ogg'
[    2.432736] init: Overriding previous property 'ro.com.android.dataroaming':'false' with new value 'true'
[    2.433873] init: Setting product property ro.product.brand to 'generic' (from ro.product.product.brand)
[    2.434094] init: Setting product property ro.product.device to 'vsoc_x86_64_only' (from ro.product.product.device)
[    2.434313] init: Setting product property ro.product.manufacturer to 'Google' (from ro.product.product.manufacturer)
[    2.434536] init: Setting product property ro.product.model to 'Cuttlefish x86_64 phone 64-bit only' (from ro.product.product.model)
[    2.434774] init: Setting product property ro.product.name to 'aosp_cf_x86_64_only_phone' (from ro.product.product.name)
[    2.434974] init: Setting property 'ro.build.fingerprint' to 'generic/aosp_cf_x86_64_only_phone/vsoc_x86_64_only:17/CP2A.260605.016/16373615:userdebug/test-keys'
[    2.435287] init: Setting property 'ro.product.cpu.abilist' to 'x86_64,arm64-v8a'
[    2.435438] init: Setting property 'ro.product.cpu.abilist32' to ''
[    2.435577] init: Setting property 'ro.product.cpu.abilist64' to 'x86_64,arm64-v8a'
[    2.436097] init: Running restorecon...
[    2.441786] init: Created socket '/dev/socket/property_service_for_system', mode 660, user 0, group 1000
[    2.442239] init: Created socket '/dev/socket/property_service', mode 666, user 0, group 0
[    2.443294] init: [libfs_mgr] vendor overlay: vndk version not defined
[    2.444670] init: SetupMountNamespaces done
[    2.446964] init: Forked subcontext for 'u:r:vendor_init:s0' with pid 101
[    2.451355] init: Parsing file /system/etc/init/hw/init.rc...
[    2.451891] init: Added '/init.environ.rc' to import list
[    2.452011] init: Added '/system/etc/init/hw/init.usb.rc' to import list
[    2.452189] init: Added '/init.cutf_cvm.rc' to import list
[    2.452323] init: Added '/vendor/etc/init/hw/init.cutf_cvm.rc' to import list
[    2.452521] init: Added '/system/etc/init/hw/init.usb.configfs.rc' to import list
[    2.452709] init: Added '/system/etc/init/hw/init.zygote64.rc' to import list
[    2.453376] init: Added '/system/etc/init/hw/init.boringssl.zygote64.rc' to import list
[    2.454302] init: Added '/system/etc/init/init-perfetto.rc' to import list
[    2.454687] init: Parsing file /init.environ.rc...
[    2.455009] init: Parsing file /system/etc/init/hw/init.usb.rc...
[    2.455427] init: Parsing file /init.cutf_cvm.rc...
[    2.455587] init: Unable to read config file '/init.cutf_cvm.rc': open() failed: No such file or directory
[    2.456892] init: Parsing file /vendor/etc/init/hw/init.cutf_cvm.rc...
[    2.457034] init: Unable to read config file '/vendor/etc/init/hw/init.cutf_cvm.rc': open() failed: No such file or directory
[    2.457619] init: Parsing file /system/etc/init/hw/init.usb.configfs.rc...
[    2.458239] init: Parsing file /system/etc/init/hw/init.zygote64.rc...
[    2.458906] init: Parsing file /system/etc/init/hw/init.boringssl.zygote64.rc...
[    2.459176] init: Parsing file /system/etc/init/init-perfetto.rc...
[    2.459964] init: Parsing directory /system/etc/init...
[    2.460164] init: Parsing file /system/etc/init/aconfigd.rc...
[    2.460502] init: Parsing file /system/etc/init/aisealhostservice.rc...
[    2.460851] init: Parsing file /system/etc/init/android.system.suspend-service.rc...
[    2.462232] init: Parsing file /system/etc/init/aoad.rc...
[    2.462367] init: Parsing file /system/etc/init/apexd.rc...
[    2.462567] init: Parsing file /system/etc/init/atrace.rc...
[    2.463352] init: Parsing file /system/etc/init/atrace_userdebug.rc...
[    2.463694] init: Parsing file /system/etc/init/audioserver.rc...
[    2.464067] init: Parsing file /system/etc/init/blank_screen.rc...
[    2.464277] init: Parsing file /system/etc/init/bootanim.rc...
[    2.464500] init: Parsing file /system/etc/init/bootstat-debug.rc...
[    2.464693] init: Parsing file /system/etc/init/bootstat.rc...
[    2.465054] init: Parsing file /system/etc/init/cameraserver.rc...
[    2.465269] init: Parsing file /system/etc/init/casefolding_remover.rc...
[    2.465489] init: Parsing file /system/etc/init/clean_scratch_files.rc...
[    2.465672] init: Parsing file /system/etc/init/cppreopts.rc...
[    2.466013] init: Parsing file /system/etc/init/credstore.rc...
[    2.466234] init: Parsing file /system/etc/init/dmesgd.rc...
[    2.466518] init: Parsing file /system/etc/init/drmserver.rc...
[    2.466792] init: Parsing file /system/etc/init/dumpstate.rc...
[    2.467009] init: Parsing file /system/etc/init/flags_health_check.rc...
[    2.467321] init: Parsing file /system/etc/init/gatekeeperd.rc...
[    2.467570] init: Parsing file /system/etc/init/gpuservice.rc...
[    2.467760] init: Parsing file /system/etc/init/gsid.rc...
[    2.467909] init: Parsing file /system/etc/init/heapprofd.rc...
[    2.468112] init: Parsing file /system/etc/init/hidservice.rc...
[    2.468288] init: Parsing file /system/etc/init/idmap2d.rc...
[    2.468457] init: Parsing file /system/etc/init/incidentd.rc...
[    2.468630] init: Parsing file /system/etc/init/init-debug.rc...
[    2.468790] init: Parsing file /system/etc/init/init-perfetto.rc...
[    2.469048] init: Parsing file /system/etc/init/installd.rc...
[    2.469509] init: Parsing file /system/etc/init/kcmdlinectrl.rc...
[    2.469827] init: Parsing file /system/etc/init/kcmdlinemodprobe.rc...
[    2.469981] init: Parsing file /system/etc/init/keystore2.rc...
[    2.470173] init: Parsing file /system/etc/init/llkd-debuggable.rc...
[    2.470357] init: Parsing file /system/etc/init/llkd.rc...
[    2.470499] init: Parsing file /system/etc/init/lmkd.rc...
[    2.470801] init: Parsing file /system/etc/init/logcatd.rc...
[    2.471002] init: Parsing file /system/etc/init/logd.rc...
[    2.471250] init: Parsing file /system/etc/init/logtagd.rc...
[    2.471416] init: Parsing file /system/etc/init/lpdumpd.rc...
[    2.471738] init: Parsing file /system/etc/init/mdnsd.rc...
[    2.471886] init: Parsing file /system/etc/init/media.codeclist.generator.rc...
[    2.472073] init: Parsing file /system/etc/init/mediaextractor.rc...
[    2.472242] init: Parsing file /system/etc/init/mediametrics.rc...
[    2.472420] init: Parsing file /system/etc/init/mediaserver.rc...
[    2.472624] init: Parsing file /system/etc/init/misctrl.rc...
[    2.472793] init: Parsing file /system/etc/init/mmd.rc...
[    2.472998] init: Parsing file /system/etc/init/mtectrl.rc...
[    2.473311] init: Parsing file /system/etc/init/netbpfload.rc...
[    2.473510] init: Parsing file /system/etc/init/netd.rc...
[    2.473783] init: Parsing file /system/etc/init/odsign.rc...
[    2.473949] init: Parsing file /system/etc/init/perfetto.rc...
[    2.474307] init: Parsing file /system/etc/init/pmgd.rc...
[    2.474459] init: Parsing file /system/etc/init/prefetch.rc...
[    2.474653] init: Parsing file /system/etc/init/prng_seeder.rc...
[    2.474814] init: Parsing file /system/etc/init/profcollectd.rc...
[    2.475013] init: Parsing file /system/etc/init/recovery-persist.rc...
[    2.475192] init: Parsing file /system/etc/init/recovery-refresh.rc...
[    2.475387] init: Parsing file /system/etc/init/rss_hwm_reset.rc...
[    2.475544] init: Parsing file /system/etc/init/servicemanager.rc...
[    2.475711] init: Parsing file /system/etc/init/simpleperf.rc...
[    2.475891] init: Parsing file /system/etc/init/snapuserd.rc...
[    2.476069] init: Parsing file /system/etc/init/storaged.rc...
[    2.476267] init: Parsing file /system/etc/init/surfaceflinger.rc...
[    2.476427] init: Parsing file /system/etc/init/tombstoned.rc...
[    2.476748] init: Parsing file /system/etc/init/traced_perf.rc...
[    2.477033] init: Parsing file /system/etc/init/tradeinmode.rc...
[    2.477221] init: Parsing file /system/etc/init/uncrypt.rc...
[    2.477390] init: Parsing file /system/etc/init/update_engine.rc...
[    2.477593] init: Parsing file /system/etc/init/update_verifier.rc...
[    2.477764] init: Parsing file /system/etc/init/usbd.rc...
[    2.477900] init: Parsing file /system/etc/init/virtual_camera.hal.rc...
[    2.478082] init: Parsing file /system/etc/init/vold.rc...
[    2.478243] init: Parsing file /system/etc/init/wifi.rc...
[    2.478526] init: Parsing file /system/etc/init/zygote_next.rc...
[    2.478698] init: Parsing directory /system_ext/etc/init...
[    2.478830] init: Parsing file /system_ext/etc/init/aidl_lazy_cb_test_server.rc...
[    2.479162] init: Parsing file /system_ext/etc/init/aidl_lazy_test_server.rc...
[    2.479347] init: Parsing file /system_ext/etc/init/android.hardware.audio.parameter_parser.example_service.rc...
[    2.479628] init: Parsing file /system_ext/etc/init/android.hidl.allocator@1.0-service.rc...
[    2.479843] init: Parsing file /system_ext/etc/init/hwservicemanager.rc...
[    2.480008] init: Parsing file /system_ext/etc/init/rpmb_dev.system.rc...
[    2.480391] init: Parsing file /system_ext/etc/init/rpmb_dev.test.system.rc...
[    2.480739] init: Parsing file /system_ext/etc/init/set_adb.rc...
[    2.480952] init: Parsing file /system_ext/etc/init/trusty_security_vm_launcher.rc...
[    2.481189] init: Parsing directory /vendor/etc/init...
[    2.481340] init: Parsing file /vendor/etc/init/android.hardware.security.keymint-service.cf_trusty_system_vm.rc...
[    2.481915] init: Parsing file /vendor/etc/init/android.hardware.security.keymint-service.trusty_tee.cpp.rc...
[    2.482212] init: Parsing file /vendor/etc/init/android.hardware.security.keymint-service.trusty_tee.nonsecure.rc...
[    2.482578] init: Parsing file /vendor/etc/init/android.hardware.sensors-service-multihal.rc...
[    2.482806] init: Parsing file /vendor/etc/init/boringssl_self_test.rc...
[    2.482975] init: Added '/vendor/etc/boringssl_self_test.zygote64.rc' to import list
[    2.483257] init: Parsing file /vendor/etc/boringssl_self_test.zygote64.rc...
[    2.483474] init: Parsing file /vendor/etc/init/face-default.rc...
[    2.483622] init: Parsing file /vendor/etc/init/fingerprint-default.rc...
[    2.483784] init: Parsing file /vendor/etc/init/init.cutf_cvm.rc...
[    2.484271] init: Parsing file /vendor/etc/init/init_graphics.vendor.rc...
[    2.484497] init: Parsing file /vendor/etc/init/motioncontext-service-default.rc...
[    2.484696] init: Parsing file /vendor/etc/init/seriallogging.rc...
[    2.484967] init: Parsing file /odm/etc/init...
[    2.485076] init: Unable to read config file '/odm/etc/init': open() failed: No such file or directory
[    2.485427] init: Parsing directory /product/etc/init...
[    2.485561] init: Parsing file /product/etc/init/init.rc...
[    2.486095] init: processing action (SetupCgroups) from (<Builtin Action>:0)
[    2.488079] libprocessgroup: Using system/app isolation under: /sys/fs/cgroup
[    2.495574] init: processing action (early-init) from (/system/etc/init/hw/init.rc:15)
[    2.497865] init: starting service 'ueventd'...
[    2.499012] libprocessgroup: Created cgroup /sys/fs/cgroup/system/uid_0
[    2.499883] libprocessgroup: Created cgroup /sys/fs/cgroup/system/uid_0/pid_102
[    2.501343] libprocessgroup: A JoinCgroup action in the SystemMemoryProcess profile is used for controller memory in the cgroup v2 hierarchy and will be ignored
[    2.502239] init: ... started service 'ueventd' has pid 102
[    2.505479] init: starting service 'init_dev_config'...
[    2.506418] libprocessgroup: Created cgroup /sys/fs/cgroup/system/uid_1000
[    2.507525] libprocessgroup: Created cgroup /sys/fs/cgroup/system/uid_1000/pid_103
[    2.513004] init: ... started service 'init_dev_config' has pid 103
[    2.513214] init: SVC_EXEC service 'init_dev_config' pid 103 (uid 1000 gid 0+0 context u:r:init_dev_config:s0) started; waiting...
[    2.514048] ueventd: ueventd started!
[    2.514224] init: Service 'init_dev_config' (pid 103) exited with status 0 waiting took 0.007000 seconds
[    2.514442] init: Sending SIGKILL to service 'init_dev_config' (pid 103) process group...
[    2.514743] libprocessgroup: Removed cgroup /sys/fs/cgroup/system/uid_1000/pid_103
[    2.515803] init: starting service 'apexd-bootstrap'...
[    2.516392] selinux: SELinux: Loaded file context from:
[    2.516558] selinux: 		/system/etc/selinux/plat_file_contexts
[    2.516802] libprocessgroup: Created cgroup /sys/fs/cgroup/system/uid_0/pid_105
[    2.517408] selinux: 		/system_ext/etc/selinux/system_ext_file_contexts
[    2.517630] selinux: 		/product/etc/selinux/product_file_contexts
[    2.517809] selinux: 		/vendor/etc/selinux/vendor_file_contexts
[    2.517985] selinux: 		/odm/etc/selinux/odm_file_contexts
[    2.518620] init: ... started service 'apexd-bootstrap' has pid 105
[    2.518765] init: SVC_EXEC service 'apexd-bootstrap' pid 105 (uid 0 gid 1000+0 context default) started; waiting...
[    2.518894] ueventd: Parsing file /system/etc/ueventd.rc...
[    2.519501] ueventd: Added '/vendor/etc/ueventd.rc' to import list
[    2.519712] ueventd: Added '/odm/etc/ueventd.rc' to import list
[    2.520173] ueventd: Parsing file /vendor/etc/ueventd.rc...
[    2.520405] ueventd: Parsing file /odm/etc/ueventd.rc...
[    2.520523] ueventd: Unable to read config file '/odm/etc/ueventd.rc': open() failed: No such file or directory
[    2.550696] apexd: Started. subcommand = --bootstrap
[    2.553332] erofs: (device erofs): mounted with root inode @ nid 36.
[    2.554520] apexd: File-backed mount is enabled (detected via test mount)
[    2.555171] apexd-bootstrap: Scanning /system/apex for pre-installed ApexFiles
[    2.555410] apexd-bootstrap: Found pre-installed APEX /system/apex/com.android.adbd.apex
[    2.555606] apexd-bootstrap: Found pre-installed APEX /system/apex/com.android.adservices.apex
[    2.555803] apexd-bootstrap: Found pre-installed APEX /system/apex/com.android.apex.cts.shim.apex
[    2.555923] apexd-bootstrap: Found pre-installed APEX /system/apex/com.android.appsearch.apex
[    2.556101] apexd-bootstrap: Found pre-installed APEX /system/apex/com.android.art.apex
[    2.557719] apexd-bootstrap: Found pre-installed APEX /system/apex/com.android.bt.apex
[    2.560437] apexd-bootstrap: Found pre-installed APEX /system/apex/com.android.cellbroadcast.apex
[    2.560640] apexd-bootstrap: Found pre-installed APEX /system/apex/com.android.configinfrastructure.apex
[    2.560869] apexd-bootstrap: Found pre-installed APEX /system/apex/com.android.conscrypt.apex
[    2.561552] apexd-bootstrap: Found pre-installed APEX /system/apex/com.android.crashrecovery.apex
[    2.561725] apexd-bootstrap: Found pre-installed APEX /system/apex/com.android.devicelock.apex
[    2.561897] apexd-bootstrap: Found pre-installed APEX /system/apex/com.android.extservices.apex
[    2.562070] apexd-bootstrap: Found pre-installed APEX /system/apex/com.android.healthfitness.apex
[    2.562264] apexd-bootstrap: Found pre-installed APEX /system/apex/com.android.i18n.apex
[    2.562433] apexd-bootstrap: Found pre-installed APEX /system/apex/com.android.ipsec.apex
[    2.562629] apexd-bootstrap: Found pre-installed APEX /system/apex/com.android.media.apex
[    2.562798] apexd-bootstrap: Found pre-installed APEX /system/apex/com.android.media.swcodec.apex
[    2.562992] apexd-bootstrap: Found pre-installed APEX /system/apex/com.android.mediaprovider.apex
[    2.565787] apexd-bootstrap: Found pre-installed APEX /system/apex/com.android.neuralnetworks.apex
[    2.565989] apexd-bootstrap: Found pre-installed APEX /system/apex/com.android.nfcservices.apex
[    2.566196] apexd-bootstrap: Found pre-installed APEX /system/apex/com.android.npumanager.apex
[    2.566369] apexd-bootstrap: Found pre-installed APEX /system/apex/com.android.ondevicepersonalization.apex
[    2.566540] apexd-bootstrap: Found pre-installed APEX /system/apex/com.android.os.statsd.apex
[    2.566732] apexd-bootstrap: Found pre-installed APEX /system/apex/com.android.permission.apex
[    2.566911] apexd-bootstrap: Found pre-installed APEX /system/apex/com.android.profiling.apex
[    2.567081] apexd-bootstrap: Found pre-installed APEX /system/apex/com.android.resolv.apex
[    2.567241] apexd-bootstrap: Found pre-installed APEX /system/apex/com.android.rkpd.apex
[    2.567391] apexd-bootstrap: Found pre-installed APEX /system/apex/com.android.runtime.apex
[    2.567561] apexd-bootstrap: Found pre-installed APEX /system/apex/com.android.scheduling.apex
[    2.567733] apexd-bootstrap: Found pre-installed APEX /system/apex/com.android.sdkext.apex
[    2.567892] apexd-bootstrap: Found pre-installed APEX /system/apex/com.android.telephonycore.apex
[    2.568064] apexd-bootstrap: Found pre-installed APEX /system/apex/com.android.tethering.apex
[    2.568256] apexd-bootstrap: Found pre-installed APEX /system/apex/com.android.tzdata.apex
[    2.568446] apexd-bootstrap: Found pre-installed APEX /system/apex/com.android.uprobestats.apex
[    2.570053] apexd-bootstrap: Found pre-installed APEX /system/apex/com.android.uwb.apex
[    2.571160] apexd-bootstrap: Found pre-installed APEX /system/apex/com.android.virt.apex
[    2.571331] apexd-bootstrap: Found pre-installed APEX /system/apex/com.android.webapp.apex
[    2.571498] apexd-bootstrap: Found pre-installed APEX /system/apex/com.android.wifi.apex
[    2.571665] apexd-bootstrap: Scanning /system_ext/apex for pre-installed ApexFiles
[    2.571880] apexd-bootstrap: Found pre-installed APEX /system_ext/apex/com.android.compos.apex
[    2.572687] apexd-bootstrap: Found pre-installed APEX /system_ext/apex/com.android.hardware.biometrics.face.virtual.apex
[    2.572940] apexd-bootstrap: Found pre-installed APEX /system_ext/apex/com.android.hardware.biometrics.fingerprint.virtual.apex
[    2.573202] apexd-bootstrap: Found pre-installed APEX /system_ext/apex/com.android.vndk.v31.apex
[    2.573400] apexd-bootstrap: Found pre-installed APEX /system_ext/apex/com.android.vndk.v32.apex
[    2.573600] apexd-bootstrap: Found pre-installed APEX /system_ext/apex/com.android.vndk.v33.apex
[    2.573795] apexd-bootstrap: Found pre-installed APEX /system_ext/apex/com.android.vndk.v34.apex
[    2.573982] apexd-bootstrap: Scanning /product/apex for pre-installed ApexFiles
[    2.575239] apexd-bootstrap: /product/apex does not exist. Skipping
[    2.575386] apexd-bootstrap: Scanning /vendor/apex for pre-installed ApexFiles
[    2.575638] apexd-bootstrap: Found pre-installed APEX /vendor/apex/com.android.hardware.audio.apex
[    2.576391] apexd-bootstrap: Found pre-installed APEX /vendor/apex/com.android.hardware.authsecret.apex
[    2.576563] apexd-bootstrap: Found pre-installed APEX /vendor/apex/com.android.hardware.boot.apex
[    2.576734] apexd-bootstrap: Found pre-installed APEX /vendor/apex/com.android.hardware.cas.apex
[    2.576974] apexd-bootstrap: Found pre-installed APEX /vendor/apex/com.android.hardware.contexthub.apex
[    2.577184] apexd-bootstrap: Found pre-installed APEX /vendor/apex/com.android.hardware.drm.clearkey.apex
[    2.577389] apexd-bootstrap: Found pre-installed APEX /vendor/apex/com.android.hardware.dumpstate.apex
[    2.577586] apexd-bootstrap: Found pre-installed APEX /vendor/apex/com.android.hardware.gatekeeper.cf_remote.apex
[    2.578477] apexd-bootstrap: Found pre-installed APEX /vendor/apex/com.android.hardware.gatekeeper.nonsecure.apex
[    2.578673] apexd-bootstrap: Found pre-installed APEX /vendor/apex/com.android.hardware.gnss.apex
[    2.578846] apexd-bootstrap: Found pre-installed APEX /vendor/apex/com.android.hardware.graphics.composer.drm_hwcomposer.apex
[    2.579063] apexd-bootstrap: Found pre-installed APEX /vendor/apex/com.android.hardware.graphics.composer.ranchu.apex
[    2.579293] apexd-bootstrap: Found pre-installed APEX /vendor/apex/com.android.hardware.input.processor.apex
[    2.579529] apexd-bootstrap: Found pre-installed APEX /vendor/apex/com.android.hardware.keymint.rust_cf_guest_trusty_nonsecure.apex
[    2.581191] apexd-bootstrap: Found pre-installed APEX /vendor/apex/com.android.hardware.keymint.rust_cf_remote.apex
[    2.583873] apexd-bootstrap: Found pre-installed APEX /vendor/apex/com.android.hardware.keymint.rust_nonsecure.apex
[    2.584102] apexd-bootstrap: Found pre-installed APEX /vendor/apex/com.android.hardware.memtrack.apex
[    2.584316] apexd-bootstrap: Found pre-installed APEX /vendor/apex/com.android.hardware.net.nlinterceptor.apex
[    2.584958] apexd-bootstrap: Found pre-installed APEX /vendor/apex/com.android.hardware.neuralnetworks.apex
[    2.585197] apexd-bootstrap: Found pre-installed APEX /vendor/apex/com.android.hardware.power.apex
[    2.585409] apexd-bootstrap: Found pre-installed APEX /vendor/apex/com.android.hardware.rebootescrow.apex
[    2.585605] apexd-bootstrap: Found pre-installed APEX /vendor/apex/com.android.hardware.secure_element.apex
[    2.585797] apexd-bootstrap: Found pre-installed APEX /vendor/apex/com.android.hardware.security.authgraph.apex
[    2.587708] apexd-bootstrap: Found pre-installed APEX /vendor/apex/com.android.hardware.security.secretkeeper.apex
[    2.587923] apexd-bootstrap: Found pre-installed APEX /vendor/apex/com.android.hardware.tetheroffload.apex
[    2.590242] apexd-bootstrap: Found pre-installed APEX /vendor/apex/com.android.hardware.thermal.apex
[    2.590491] apexd-bootstrap: Found pre-installed APEX /vendor/apex/com.android.hardware.threadnetwork.apex
[    2.629190] apexd-bootstrap: Found pre-installed APEX /vendor/apex/com.android.hardware.usb.apex
[    2.629451] apexd-bootstrap: Found pre-installed APEX /vendor/apex/com.android.hardware.uwb.apex
[    2.629646] apexd-bootstrap: Found pre-installed APEX /vendor/apex/com.android.hardware.vibrator.apex
[    2.629840] apexd-bootstrap: Found pre-installed APEX /vendor/apex/com.android.hardware.wifi.apex
[    2.630445] apexd-bootstrap: Found pre-installed APEX /vendor/apex/com.google.cf.bt.apex
[    2.630615] apexd-bootstrap: Found pre-installed APEX /vendor/apex/com.google.cf.confirmationui.apex
[    2.630806] apexd-bootstrap: Found pre-installed APEX /vendor/apex/com.google.cf.disabled.apex
[    2.630999] apexd-bootstrap: Found pre-installed APEX /vendor/apex/com.google.cf.gralloc.apex
[    2.631204] apexd-bootstrap: Found pre-installed APEX /vendor/apex/com.google.cf.health.apex
[    2.631378] apexd-bootstrap: Found pre-installed APEX /vendor/apex/com.google.cf.identity.apex
[    2.631573] apexd-bootstrap: Found pre-installed APEX /vendor/apex/com.google.cf.input.config.apex
[    2.631744] apexd-bootstrap: Found pre-installed APEX /vendor/apex/com.google.cf.ir.apex
[    2.631892] apexd-bootstrap: Found pre-installed APEX /vendor/apex/com.google.cf.light.apex
[    2.632043] apexd-bootstrap: Found pre-installed APEX /vendor/apex/com.google.cf.nfc.apex
[    2.632202] apexd-bootstrap: Found pre-installed APEX /vendor/apex/com.google.cf.oemlock.apex
[    2.633779] apexd-bootstrap: Found pre-installed APEX /vendor/apex/com.google.cf.rild.apex
[    2.634919] apexd-bootstrap: Found pre-installed APEX /vendor/apex/com.google.cf.vulkan.apex
[    2.635103] apexd-bootstrap: Found pre-installed APEX /vendor/apex/com.google.cf.wifi.apex
[    2.635263] apexd-bootstrap: Found pre-installed APEX /vendor/apex/com.google.cf.wpa_supplicant.apex
[    2.635430] apexd-bootstrap: Found pre-installed APEX /vendor/apex/com.google.emulated.camera.provider.hal.apex
[    2.636970] apexd-bootstrap: Found pre-installed APEX /vendor/apex/com.google.emulated.camera.provider.hal.v4l2.apex
[    2.637681] apexd-bootstrap: Scanning /odm/apex for pre-installed ApexFiles
[    2.637856] apexd-bootstrap: /odm/apex does not exist. Skipping
[    2.728033] apexd-bootstrap: Skipping APEX at path /vendor/apex/com.android.hardware.gatekeeper.cf_remote.apex because it does not match expected multi-install APEX property for com.android.hardware.gatekeeper
[    2.728525] apexd-bootstrap: Skipping APEX at path /vendor/apex/com.android.hardware.graphics.composer.drm_hwcomposer.apex because it does not match expected multi-install APEX property for com.android.hardware.graphics.composer
[    2.729088] apexd-bootstrap: Skipping APEX at path /vendor/apex/com.android.hardware.keymint.rust_cf_guest_trusty_nonsecure.apex because it does not match expected multi-install APEX property for com.android.hardware.keymint
[    2.729541] apexd-bootstrap: Skipping APEX at path /vendor/apex/com.android.hardware.keymint.rust_cf_remote.apex because it does not match expected multi-install APEX property for com.android.hardware.keymint
[    2.730017] apexd-bootstrap: Skipping APEX at path /vendor/apex/com.google.cf.disabled.apex because it's disabled via sysprop.
[    2.730332] apexd-bootstrap: Skipping APEX at path /vendor/apex/com.google.emulated.camera.provider.hal.v4l2.apex because it does not match expected multi-install APEX property for com.google.emulated.camera.provider.hal
[    2.730751] apexd-bootstrap: Successfully scanned 87 preinstalled APEXes duration=175ms
[    2.730945] apexd-bootstrap: No sessions to revert/activate.
[    2.731160] apexd-bootstrap: Successfully scanned 0 data APEXes duration=0ms
[    2.736426] loop0: detected capacity change from 0 to 71872
[    2.736748] loop3: detected capacity change from 0 to 6512
[    2.737570] loop4: detected capacity change from 0 to 536
[    2.742367] loop14: detected capacity change from 0 to 3496
[    2.743021] loop21: detected capacity change from 0 to 4424
[    2.743674] loop17: detected capacity change from 0 to 3920
[    2.744291] loop23: detected capacity change from 0 to 8016
[    2.747201] loop15: detected capacity change from 0 to 792
[    2.748270] loop5: detected capacity change from 0 to 5560
[    2.749276] loop6: detected capacity change from 0 to 1008
[    2.749652] EXT4-fs (loop0): mounted filesystem 7d1522e1-9dfa-5edb-a43e-98e3a4d20250 ro without journal. Quota mode: none.
[    2.751594] EXT4-fs (loop4): mounted filesystem 7d1522e1-9dfa-5edb-a43e-98e3a4d20250 ro without journal. Quota mode: none.
[    2.755184] EXT4-fs (loop3): mounted filesystem 7d1522e1-9dfa-5edb-a43e-98e3a4d20250 ro without journal. Quota mode: none.
[    2.760953] EXT4-fs (loop29): mounted filesystem 7d1522e1-9dfa-5edb-a43e-98e3a4d20250 ro without journal. Quota mode: none.
[    2.765215] EXT4-fs (loop14): mounted filesystem 7d1522e1-9dfa-5edb-a43e-98e3a4d20250 ro without journal. Quota mode: none.
[    2.776718] erofs: (device erofs): mounted with root inode @ nid 39.
[    2.780950] EXT4-fs (loop37): mounted filesystem 7d1522e1-9dfa-5edb-a43e-98e3a4d20250 ro without journal. Quota mode: none.
[    2.790395] EXT4-fs (loop31): mounted filesystem 7d1522e1-9dfa-5edb-a43e-98e3a4d20250 ro without journal. Quota mode: none.
[    2.790857] EXT4-fs (loop17): mounted filesystem 7d1522e1-9dfa-5edb-a43e-98e3a4d20250 ro without journal. Quota mode: none.
[    2.791575] EXT4-fs (loop21): mounted filesystem 7d1522e1-9dfa-5edb-a43e-98e3a4d20250 ro without journal. Quota mode: none.
[    2.797517] EXT4-fs (loop2): mounted filesystem 7d1522e1-9dfa-5edb-a43e-98e3a4d20250 ro without journal. Quota mode: none.
[    2.809761] EXT4-fs (loop9): mounted filesystem 7d1522e1-9dfa-5edb-a43e-98e3a4d20250 ro without journal. Quota mode: none.
[    2.810534] EXT4-fs (loop15): mounted filesystem 7d1522e1-9dfa-5edb-a43e-98e3a4d20250 ro without journal. Quota mode: none.
[    2.813665] EXT4-fs (loop23): mounted filesystem 7d1522e1-9dfa-5edb-a43e-98e3a4d20250 ro without journal. Quota mode: none.
[    2.813964] EXT4-fs (loop59): mounted filesystem 7d1522e1-9dfa-5edb-a43e-98e3a4d20250 ro without journal. Quota mode: none.
[    2.819025] EXT4-fs (loop63): mounted filesystem 7d1522e1-9dfa-5edb-a43e-98e3a4d20250 ro without journal. Quota mode: none.
[    2.821149] EXT4-fs (loop60): mounted filesystem 7d1522e1-9dfa-5edb-a43e-98e3a4d20250 ro without journal. Quota mode: none.
[    2.821656] EXT4-fs (loop26): mounted filesystem 7d1522e1-9dfa-5edb-a43e-98e3a4d20250 ro without journal. Quota mode: none.
[    2.823026] EXT4-fs (loop12): mounted filesystem 7d1522e1-9dfa-5edb-a43e-98e3a4d20250 ro without journal. Quota mode: none.
[    2.826141] EXT4-fs (loop11): mounted filesystem 7d1522e1-9dfa-5edb-a43e-98e3a4d20250 ro without journal. Quota mode: none.
[    2.827462] EXT4-fs (loop10): mounted filesystem 7d1522e1-9dfa-5edb-a43e-98e3a4d20250 ro without journal. Quota mode: none.
[    2.829387] EXT4-fs (loop8): mounted filesystem 7d1522e1-9dfa-5edb-a43e-98e3a4d20250 ro without journal. Quota mode: none.
[    2.834767] EXT4-fs (loop24): mounted filesystem 7d1522e1-9dfa-5edb-a43e-98e3a4d20250 ro without journal. Quota mode: none.
[    2.836369] EXT4-fs (loop83): mounted filesystem 7d1522e1-9dfa-5edb-a43e-98e3a4d20250 ro without journal. Quota mode: none.
[    2.839290] EXT4-fs (loop7): mounted filesystem 7d1522e1-9dfa-5edb-a43e-98e3a4d20250 ro without journal. Quota mode: none.
[    2.841163] EXT4-fs (loop64): mounted filesystem 7d1522e1-9dfa-5edb-a43e-98e3a4d20250 ro without journal. Quota mode: none.
[    2.842230] EXT4-fs (loop6): mounted filesystem 7d1522e1-9dfa-5edb-a43e-98e3a4d20250 ro without journal. Quota mode: none.
[    2.844755] EXT4-fs (loop27): mounted filesystem 7d1522e1-9dfa-5edb-a43e-98e3a4d20250 ro without journal. Quota mode: none.
[    2.848974] EXT4-fs (loop13): mounted filesystem 7d1522e1-9dfa-5edb-a43e-98e3a4d20250 ro without journal. Quota mode: none.
[    2.849533] EXT4-fs (loop5): mounted filesystem 7d1522e1-9dfa-5edb-a43e-98e3a4d20250 ro without journal. Quota mode: none.
[    2.854933] EXT4-fs (loop28): mounted filesystem 7d1522e1-9dfa-5edb-a43e-98e3a4d20250 ro without journal. Quota mode: none.
[    2.857462] EXT4-fs (loop51): mounted filesystem 7d1522e1-9dfa-5edb-a43e-98e3a4d20250 ro without journal. Quota mode: none.
[    2.857869] EXT4-fs (loop53): mounted filesystem 7d1522e1-9dfa-5edb-a43e-98e3a4d20250 ro without journal. Quota mode: none.
[    2.862053] EXT4-fs (loop75): mounted filesystem 7d1522e1-9dfa-5edb-a43e-98e3a4d20250 ro without journal. Quota mode: none.
[    2.862058] EXT4-fs (loop54): mounted filesystem 7d1522e1-9dfa-5edb-a43e-98e3a4d20250 ro without journal. Quota mode: none.
[    2.863602] EXT4-fs (loop76): mounted filesystem 7d1522e1-9dfa-5edb-a43e-98e3a4d20250 ro without journal. Quota mode: none.
[    2.871035] EXT4-fs (loop57): mounted filesystem 7d1522e1-9dfa-5edb-a43e-98e3a4d20250 ro without journal. Quota mode: none.
[    2.871035] EXT4-fs (loop35): mounted filesystem 7d1522e1-9dfa-5edb-a43e-98e3a4d20250 ro without journal. Quota mode: none.
[    2.876267] EXT4-fs (loop43): mounted filesystem 7d1522e1-9dfa-5edb-a43e-98e3a4d20250 ro without journal. Quota mode: none.
[    2.877095] EXT4-fs (loop68): mounted filesystem 7d1522e1-9dfa-5edb-a43e-98e3a4d20250 ro without journal. Quota mode: none.
[    2.877908] EXT4-fs (loop30): mounted filesystem 7d1522e1-9dfa-5edb-a43e-98e3a4d20250 ro without journal. Quota mode: none.
[    2.878613] EXT4-fs (loop72): mounted filesystem 7d1522e1-9dfa-5edb-a43e-98e3a4d20250 ro without journal. Quota mode: none.
[    2.882864] EXT4-fs (loop62): mounted filesystem 7d1522e1-9dfa-5edb-a43e-98e3a4d20250 ro without journal. Quota mode: none.
[    2.885474] EXT4-fs (loop19): mounted filesystem 7d1522e1-9dfa-5edb-a43e-98e3a4d20250 ro without journal. Quota mode: none.
[    2.885799] EXT4-fs (loop65): mounted filesystem 7d1522e1-9dfa-5edb-a43e-98e3a4d20250 ro without journal. Quota mode: none.
[    2.886835] EXT4-fs (loop18): mounted filesystem 7d1522e1-9dfa-5edb-a43e-98e3a4d20250 ro without journal. Quota mode: none.
[    2.887601] EXT4-fs (loop49): mounted filesystem 7d1522e1-9dfa-5edb-a43e-98e3a4d20250 ro without journal. Quota mode: none.
[    2.888455] EXT4-fs (loop69): mounted filesystem 7d1522e1-9dfa-5edb-a43e-98e3a4d20250 ro without journal. Quota mode: none.
[    2.890038] EXT4-fs (loop67): mounted filesystem 7d1522e1-9dfa-5edb-a43e-98e3a4d20250 ro without journal. Quota mode: none.
[    2.891147] EXT4-fs (loop58): mounted filesystem 7d1522e1-9dfa-5edb-a43e-98e3a4d20250 ro without journal. Quota mode: none.
[    2.893081] EXT4-fs (loop34): mounted filesystem 7d1522e1-9dfa-5edb-a43e-98e3a4d20250 ro without journal. Quota mode: none.
[    2.893173] EXT4-fs (loop48): mounted filesystem 7d1522e1-9dfa-5edb-a43e-98e3a4d20250 ro without journal. Quota mode: none.
[    2.894159] EXT4-fs (loop50): mounted filesystem 7d1522e1-9dfa-5edb-a43e-98e3a4d20250 ro without journal. Quota mode: none.
[    2.894295] EXT4-fs (loop66): mounted filesystem 7d1522e1-9dfa-5edb-a43e-98e3a4d20250 ro without journal. Quota mode: none.
[    2.895320] EXT4-fs (loop33): mounted filesystem 7d1522e1-9dfa-5edb-a43e-98e3a4d20250 ro without journal. Quota mode: none.
[    2.899799] EXT4-fs (loop36): mounted filesystem 7d1522e1-9dfa-5edb-a43e-98e3a4d20250 ro without journal. Quota mode: none.
[    2.903310] EXT4-fs (loop1): mounted filesystem 7d1522e1-9dfa-5edb-a43e-98e3a4d20250 ro without journal. Quota mode: none.
[    2.905323] EXT4-fs (loop16): mounted filesystem 7d1522e1-9dfa-5edb-a43e-98e3a4d20250 ro without journal. Quota mode: none.
[    2.906326] EXT4-fs (loop20): mounted filesystem 7d1522e1-9dfa-5edb-a43e-98e3a4d20250 ro without journal. Quota mode: none.
[    2.909528] EXT4-fs (loop25): mounted filesystem 7d1522e1-9dfa-5edb-a43e-98e3a4d20250 ro without journal. Quota mode: none.
[    2.910350] EXT4-fs (loop22): mounted filesystem 7d1522e1-9dfa-5edb-a43e-98e3a4d20250 ro without journal. Quota mode: none.
[    2.927325] EXT4-fs (loop84): mounted filesystem 7d1522e1-9dfa-5edb-a43e-98e3a4d20250 ro without journal. Quota mode: none.
[    2.927676] EXT4-fs (loop41): mounted filesystem 7d1522e1-9dfa-5edb-a43e-98e3a4d20250 ro without journal. Quota mode: none.
[    2.928100] EXT4-fs (loop39): mounted filesystem 7d1522e1-9dfa-5edb-a43e-98e3a4d20250 ro without journal. Quota mode: none.
[    2.933757] EXT4-fs (loop38): mounted filesystem 7d1522e1-9dfa-5edb-a43e-98e3a4d20250 ro without journal. Quota mode: none.
[    2.989236] apexd-bootstrap: Activated 87 packages. duration=257ms
[    2.991261] apexd-bootstrap: OnBootstrap done, duration=436
[    3.019248] ueventd: Coldboot took 0.498 seconds
[    3.029155] init: Service 'apexd-bootstrap' (pid 105) exited with status 0 waiting took 0.512000 seconds
[    3.029388] init: Sending SIGKILL to service 'apexd-bootstrap' (pid 105) process group...
[    3.029731] libprocessgroup: Removed cgroup /sys/fs/cgroup/system/uid_0/pid_105
[    3.101668] init: Parsing file /apex/com.android.adbd/etc/init.rc...
[    3.102072] init: Parsing file /apex/com.android.art/etc/init.rc...
[    3.102418] init: Parsing file /apex/com.android.compos/etc/init.rc...
[    3.102728] init: Parsing file /apex/com.android.configinfrastructure/etc/com.android.configinfrastrcture.init.rc...
[    3.103234] init: Parsing file /apex/com.android.hardware.audio/etc/android.hardware.audio.service-aidl.example.rc...
[    3.103671] init: Parsing file /apex/com.android.hardware.authsecret/etc/android.hardware.authsecret-service.example.rc...
[    3.104132] init: Parsing file /apex/com.android.hardware.biometrics.face.virtual/etc/face-virtual-apex.rc...
[    3.104552] init: Parsing file /apex/com.android.hardware.biometrics.fingerprint.virtual/etc/fingerprint-virtual.rc...
[    3.105134] init: Parsing file /apex/com.android.hardware.boot/etc/android.hardware.boot-service.default.rc...
[    3.105536] init: Parsing file /apex/com.android.hardware.cas/etc/cas-default.rc...
[    3.105926] init: Parsing file /apex/com.android.hardware.contexthub/etc/android.hardware.contexthub-service.example.rc...
[    3.106381] init: Parsing file /apex/com.android.hardware.drm.clearkey/etc/android.hardware.drm-service.clearkey.apex.rc...
[    3.106801] init: Parsing file /apex/com.android.hardware.dumpstate/etc/dumpstate-default.rc...
[    3.107258] init: Parsing file /apex/com.android.hardware.gatekeeper/etc/android.hardware.gatekeeper-service.nonsecure.rc...
[    3.107714] init: Parsing file /apex/com.android.hardware.gnss/etc/gnss-default.rc...
[    3.108050] init: Parsing file /apex/com.android.hardware.graphics.composer/etc/hwc3-apex.rc...
[    3.108464] init: Parsing file /apex/com.android.hardware.input.processor/etc/inputprocessor-default.rc...
[    3.108894] init: Parsing file /apex/com.android.hardware.ir/etc/android.hardware.ir-service.example.rc...
[    3.109355] init: Parsing file /apex/com.android.hardware.keymint/etc/android.hardware.security.keymint-service.nonsecure.apex.rc...
[    3.109761] init: Parsing file /apex/com.android.hardware.memtrack/etc/memtrack-default-apex.rc...
[    3.110082] init: Parsing file /apex/com.android.hardware.net.nlinterceptor/etc/nlinterceptor.rc...
[    3.110433] init: Parsing file /apex/com.android.hardware.neuralnetworks/etc/android.hardware.neuralnetworks-service-sample-all.rc...
[    3.110866] init: Parsing file /apex/com.android.hardware.neuralnetworks/etc/android.hardware.neuralnetworks-service-sample-limited.rc...
[    3.111340] init: Parsing file /apex/com.android.hardware.neuralnetworks/etc/android.hardware.neuralnetworks-shim-service-sample.rc...
[    3.111725] init: Parsing file /apex/com.android.hardware.power/etc/com.android.hardware.power.rc...
[    3.112040] init: Parsing file /apex/com.android.hardware.rebootescrow/etc/rebootescrow-default.rc...
[    3.112419] init: Parsing file /apex/com.android.hardware.secure_element/etc/secure_element.rc...
[    3.112751] init: Parsing file /apex/com.android.hardware.security.authgraph/etc/authgraph.rc...
[    3.113162] init: Parsing file /apex/com.android.hardware.security.secretkeeper/etc/secretkeeper.rc...
[    3.113504] init: Parsing file /apex/com.android.hardware.tetheroffload/etc/tetheroffload-example.rc...
[    3.113868] init: Parsing file /apex/com.android.hardware.thermal/etc/android.hardware.thermal.example.rc...
[    3.114228] init: Parsing file /apex/com.android.hardware.threadnetwork/etc/threadnetwork-service.rc...
[    3.114548] init: Parsing file /apex/com.android.hardware.usb/etc/com.android.hardware.usb.rc...
[    3.114879] init: Parsing file /apex/com.android.hardware.uwb/etc/uwb-service.rc...
[    3.115201] init: Parsing file /apex/com.android.hardware.vibrator/etc/com.android.hardware.vibrator.rc...
[    3.115527] init: Parsing file /apex/com.android.hardware.wifi/etc/com.android.hardware.wifi.rc...
[    3.115878] init: Parsing file /apex/com.android.media.swcodec/etc/mediaswcodec.32rc...
[    3.116236] init: Parsing file /apex/com.android.media/etc/mediatranscoding.32rc...
[    3.116615] init: Parsing file /apex/com.android.os.statsd/etc/init.rc...
[    3.117033] init: Parsing file /apex/com.android.sdkext/etc/derive_classpath.rc...
[    3.117370] init: Parsing file /apex/com.android.sdkext/etc/derive_sdk.rc...
[    3.117678] init: Parsing file /apex/com.android.tethering/etc/netbpfload.35rc...
[    3.118091] init: Parsing file /apex/com.android.tethering/etc/ot-daemon.34rc...
[    3.118446] init: Parsing file /apex/com.android.uprobestats/etc/init.rc...
[    3.118759] init: Parsing file /apex/com.android.virt/etc/vfio_handler.rc...
[    3.118987] init: Parsing file /apex/com.android.virt/etc/virtualizationservice.rc...
[    3.119183] init: Parsing file /apex/com.android.virt/etc/vmnic.rc...
[    3.119336] init: Parsing file /apex/com.android.wifi/etc/mainline_supplicant.rc...
[    3.119669] init: Parsing file /apex/com.google.cf.bt/etc/com.google.cf.bt.default.rc...
[    3.120027] init: Parsing file /apex/com.google.cf.bt/etc/com.google.cf.bt.lpp.rc...
[    3.120343] init: Parsing file /apex/com.google.cf.confirmationui/etc/android.hardware.confirmationui-service.cuttlefish.rc...
[    3.120733] init: Parsing file /apex/com.google.cf.gralloc/etc/com.google.cf.gralloc.rc...
[    3.121079] init: Parsing file /apex/com.google.cf.health/etc/android.hardware.health-service.cuttlefish.rc...
[    3.121440] init: Parsing file /apex/com.google.cf.identity/etc/android.hardware.identity-service.remote.rc...
[    3.121803] init: Parsing file /apex/com.google.cf.input.config/etc/com.google.cf.input.config.rc...
[    3.122190] init: Parsing file /apex/com.google.cf.light/etc/lights-cuttlefish.rc...
[    3.122520] init: Parsing file /apex/com.google.cf.nfc/etc/nfc-service-cuttlefish.rc...
[    3.122847] init: Parsing file /apex/com.google.cf.oemlock/etc/android.hardware.oemlock-service.remote.rc...
[    3.123256] init: Parsing file /apex/com.google.cf.rild/etc/com.google.cf.rild.rc...
[    3.123576] init: Parsing file /apex/com.google.cf.vulkan/etc/com.google.cf.vulkan.rc...
[    3.123907] init: Parsing file /apex/com.google.cf.wifi/etc/com.google.cf.wifi.rc...
[    3.124264] init: Parsing file /apex/com.google.cf.wpa_supplicant/etc/com.google.cf.wpa_supplicant.rc...
[    3.124672] init: Parsing file /apex/com.google.emulated.camera.provider.hal/etc/com.google.emulated.camera.provider.hal.rc...
[    3.197981] init: linkerconfig generated /linkerconfig with mounted APEX modules info
[    3.198275] init: Command 'perform_apex_config' action=early-init (/system/etc/init/hw/init.rc:92) took 121ms and succeeded
[    3.200489] init: processing action (ro.boot.bootchart.enabled= && early-init) from (/system/etc/init/hw/init.rc:113)
[    3.200742] init: processing action (early-init) from (/init.environ.rc:2)
[    3.201001] init: processing action (early-init) from (/system/etc/init/aconfigd.rc:26)
[    3.201282] init: Command 'mkdir /metadata/aconfig 0775 root system' action=early-init (/system/etc/init/aconfigd.rc:27) took 0ms and failed: mkdir() failed on /metadata/aconfig: Read-only file system
[    3.202088] init: starting service 'early_system_aconfigd_platform_init'...
[    3.204716] libprocessgroup: Created cgroup /sys/fs/cgroup/system/uid_1000/pid_383
[    3.206288] init: ... started service 'early_system_aconfigd_platform_init' has pid 383
[    3.207581] init: SVC_EXEC service 'early_system_aconfigd_platform_init' pid 383 (uid 1000 gid 1000+0 context default) started; waiting...
[    3.241778] main[383]: Starting aconfigd_system command: EarlyPlatformInit
[    3.241985] main[383]: Starting early-init platform init
[    3.242218] aconfigd_rust::utils[383]: build fingerprint is: generic/aosp_cf_x86_64_only_phone/vsoc_x86_64_only:17/CP2A.260605.016/16373615:userdebug/test-keys
[    3.242565] aconfigd_rust::aconfigd[383]: device build fingerprint generic/aosp_cf_x86_64_only_phone/vsoc_x86_64_only:17/CP2A.260605.016/16373615:userdebug/test-keys
[    3.242880] aconfigd_rust::utils[383]: security patch date is: 2026-06-05
[    3.243036] aconfigd_rust::aconfigd[383]: device security patch 2026-06-05
[    3.243199] aconfigd_rust::aconfigd[383]: start initialize system flags
[    3.243508] aconfigd_rust::storage_files[383]: create storage files object from container system
[    3.245388] aconfigd_rust::storage_files[383]: copy system storage files to persist and boot directories
[    3.245680] main[383]: Failed to initialize platform storage in early init: failed to copy file from /system/etc/aconfig/package.map to /metadata/aconfig/maps/system.package.new: Os { code: 2, kind: NotFound, message: "No such file or directory" }
[    3.246957] init: Service 'early_system_aconfigd_platform_init' (pid 383) exited with status 5 waiting took 0.042000 seconds
[    3.248501] init: Sending SIGKILL to service 'early_system_aconfigd_platform_init' (pid 383) process group...
[    3.249029] libprocessgroup: Removed cgroup /sys/fs/cgroup/system/uid_1000/pid_383
[    3.249624] init: processing action (ro.product.debugfs_restrictions.enabled=true && early-init) from (/system/etc/init/init-debug.rc:10)
[    3.251133] init: processing action (early-init) from (/system/etc/init/kcmdlinemodprobe.rc:16)
[    3.251612] init: starting service 'exec 1 (/system/bin/kcmdlinemodprobe)'...
[    3.253473] libprocessgroup: Created cgroup /sys/fs/cgroup/system/uid_0/pid_384
[    3.254549] init: ... started service 'exec 1 (/system/bin/kcmdlinemodprobe)' has pid 384
[    3.256175] init: SVC_EXEC service 'exec 1 (/system/bin/kcmdlinemodprobe)' pid 384 (uid 0 gid 0+0 context default) started; waiting...
[    3.274955] rust_binder: Loaded Rust Binder.
[    3.276165] init: Service 'exec 1 (/system/bin/kcmdlinemodprobe)' (pid 384) exited with status 0 waiting took 0.022000 seconds
[    3.276793] init: Sending SIGKILL to service 'exec 1 (/system/bin/kcmdlinemodprobe)' (pid 384) process group...
[    3.278604] libprocessgroup: Removed cgroup /sys/fs/cgroup/system/uid_0/pid_384
[    3.280487] init: processing action (early-init) from (/system/etc/init/prng_seeder.rc:5)
[    3.281149] init: starting service 'prng_seeder'...
[    3.281489] init: Created socket '/dev/socket/prng_seeder', mode 666, user 1092, group 1092
[    3.283820] libprocessgroup: Created cgroup /sys/fs/cgroup/system/uid_1092
[    3.285012] libprocessgroup: Created cgroup /sys/fs/cgroup/system/uid_1092/pid_385
[    3.286383] init: ... started service 'prng_seeder' has pid 385
[    3.286559] init: processing action (ro.product.cpu.abilist64=* && early-init) from (/vendor/etc/boringssl_self_test.zygote64.rc:1)
[    3.288289] init: starting service 'boringssl_self_test64_vendor'...
[    3.293460] libprocessgroup: Created cgroup /sys/fs/cgroup/system/uid_0/pid_386
[    3.298262] init: ... started service 'boringssl_self_test64_vendor' has pid 386
[    3.298459] init: SVC_EXEC service 'boringssl_self_test64_vendor' pid 386 (uid 0 gid 0+0 context default) started; waiting...
[    3.339172] init: Service 'boringssl_self_test64_vendor' (pid 386) exited with status 0 waiting took 0.045000 seconds
[    3.339559] init: Sending SIGKILL to service 'boringssl_self_test64_vendor' (pid 386) process group...
[    3.340563] libprocessgroup: Removed cgroup /sys/fs/cgroup/system/uid_0/pid_386
[    3.342732] init: processing action (early-init) from (/vendor/etc/init/init.cutf_cvm.rc:1)
[    3.345403] init: starting service 'vendor.dlkm_loader'...
[    3.346951] libprocessgroup: Created cgroup /sys/fs/cgroup/system/uid_0/pid_387
[    3.349247] init: ... started service 'vendor.dlkm_loader' has pid 387
[    3.353693] init: starting service 'exec 2 (/system/bin/modprobe -a -d /system/lib/modules zram.ko)'...
[    3.358844] libprocessgroup: Created cgroup /sys/fs/cgroup/system/uid_0/pid_388
[    3.361405] init: ... started service 'exec 2 (/system/bin/modprobe -a -d /system/lib/modules zram.ko)' has pid 388
[    3.362289] init: SVC_EXEC service 'exec 2 (/system/bin/modprobe -a -d /system/lib/modules zram.ko)' pid 388 (uid 0 gid 0+0 context u:r:modprobe:s0) started; waiting...
[    3.363177] dlkm_loader: dlkm loader successfully initialized
[    3.372885] dlkm_loader: Loading module /system/lib/modules/rfkill.ko with args ''
[    3.375464] dlkm_loader: Loading module /system/lib/modules/bluetooth.ko with args ''
[    3.402109] Bluetooth: Core ver 2.22
[    3.402415] NET: Registered PF_BLUETOOTH protocol family
[    3.402566] Bluetooth: HCI device and connection manager initialized
[    3.402712] Bluetooth: HCI socket layer initialized
[    3.402840] Bluetooth: L2CAP socket layer initialized
[    3.402963] Bluetooth: SCO socket layer initialized
[    3.407238] dlkm_loader: Loaded kernel module /system/lib/modules/bluetooth.ko
[    3.407554] dlkm_loader: Loading module /vendor/lib/modules/btintel.ko with args ''
[    3.418519] zram: Added device: zram0
[    3.422006] init: Service 'exec 2 (/system/bin/modprobe -a -d /system/lib/modules zram.ko)' (pid 388) exited with status 0 waiting took 0.063000 seconds
[    3.422468] init: Sending SIGKILL to service 'exec 2 (/system/bin/modprobe -a -d /system/lib/modules zram.ko)' (pid 388) process group...
[    3.423057] libprocessgroup: Removed cgroup /sys/fs/cgroup/system/uid_0/pid_388
[    3.423637] dlkm_loader: Loaded kernel module /vendor/lib/modules/btintel.ko
[    3.424280] dlkm_loader: Loading module /vendor/lib/modules/btrtl.ko with args ''
[    3.424531] init: wait for '/dev/dri/card0' took 0ms
[    3.427867] dlkm_loader: Loaded kernel module /vendor/lib/modules/btrtl.ko
[    3.428624] dlkm_loader: Loading module /system/lib/modules/btbcm.ko with args ''
[    3.432145] dlkm_loader: Loaded kernel module /system/lib/modules/btbcm.ko
[    3.432444] init: starting service 'exec 3 (/vendor/bin/modprobe -d /vendor/lib/modules vkms.ko create_default_dev=0)'...
[    3.435440] libprocessgroup: Created cgroup /sys/fs/cgroup/system/uid_0/pid_389
[    3.436865] dlkm_loader: Loading module /vendor/lib/modules/btusb.ko with args ''
[    3.439712] usbcore: registered new interface driver btusb
[    3.442865] init: ... started service 'exec 3 (/vendor/bin/modprobe -d /vendor/lib/modules vkms.ko create_default_dev=0)' has pid 389
[    3.443550] init: SVC_EXEC service 'exec 3 (/vendor/bin/modprobe -d /vendor/lib/modules vkms.ko create_default_dev=0)' pid 389 (uid 0 gid 0+0 context u:r:vendor_modprobe:s0) started; waiting...
[    3.444149] dlkm_loader: Loaded kernel module /vendor/lib/modules/btusb.ko
[    3.445538] dlkm_loader: Loading module /vendor/lib/modules/dummy-cpufreq.ko with args ''
[    3.458375] dlkm_loader: Loaded kernel module /vendor/lib/modules/dummy-cpufreq.ko
[    3.461486] dlkm_loader: Loading module /vendor/lib/modules/dummy_hcd.ko with args ''
[    3.471025] dummy_hcd dummy_hcd.0: USB Host+Gadget Emulator, driver 02 May 2005
[    3.471644] dummy_hcd dummy_hcd.0: Dummy host controller
[    3.471742] dummy_hcd dummy_hcd.0: new USB bus registered, assigned bus number 1
[    3.471938] usb usb1: New USB device found, idVendor=1d6b, idProduct=0002, bcdDevice= 6.12
[    3.472085] usb usb1: New USB device strings: Mfr=3, Product=2, SerialNumber=1
[    3.472241] usb usb1: Product: Dummy host controller
[    3.472338] usb usb1: Manufacturer: Linux 6.12.74-android16-6-g3ec022196c4e-ab15076761 dummy_hcd
[    3.472529] usb usb1: SerialNumber: dummy_hcd.0
[    3.472717] hub 1-0:1.0: USB hub found
[    3.472863] vkms: loading out-of-tree module taints kernel.
[    3.473029] hub 1-0:1.0: 1 port detected
[    3.474406] dlkm_loader: Loaded kernel module /vendor/lib/modules/dummy_hcd.ko
[    3.474648] dlkm_loader: Loading module /vendor/lib/modules/goldfish_address_space.ko with args ''
[    3.482703] init: Service 'exec 3 (/vendor/bin/modprobe -d /vendor/lib/modules vkms.ko create_default_dev=0)' (pid 389) exited with status 0 waiting took 0.047000 seconds
[    3.484373] init: Sending SIGKILL to service 'exec 3 (/vendor/bin/modprobe -d /vendor/lib/modules vkms.ko create_default_dev=0)' (pid 389) process group...
[    3.484724] libprocessgroup: Removed cgroup /sys/fs/cgroup/system/uid_0/pid_389
[    3.484965] dlkm_loader: Loaded kernel module /vendor/lib/modules/goldfish_address_space.ko
[    3.485147] dlkm_loader: Loading module /vendor/lib/modules/goldfish_battery.ko with args ''
[    3.485758] dlkm_loader: Loaded kernel module /vendor/lib/modules/goldfish_battery.ko
[    3.488388] dlkm_loader: Loading module /vendor/lib/modules/goldfish_pipe.ko with args ''
[    3.491139] dlkm_loader: Loaded kernel module /vendor/lib/modules/goldfish_pipe.ko
[    3.491588] init: processing action (early-init) from (/vendor/etc/init/init.cutf_cvm.rc:132)
[    3.494022] dlkm_loader: Loading module /vendor/lib/modules/goldfish_sync.ko with args ''
[    3.495389] init: processing action (early-init) from (/vendor/etc/init/init.cutf_cvm.rc:135)
[    3.495801] init: Command 'setprop ro.vendor.cuttlefish_service_bluetooth_checker ${ro.boot.cuttlefish_service_bluetooth_checker}' action=early-init (/vendor/etc/init/init.cutf_cvm.rc:136) took 0ms and failed: property 'ro.boot.cuttlefish_service_bluetooth_checker' doesn't exist while expanding '${ro.boot.cuttlefish_service_bluetooth_checker}'
[    3.496639] init: processing action (early-init) from (/vendor/etc/init/init_graphics.vendor.rc:1)
[    3.505049] dlkm_loader: Loaded kernel module /vendor/lib/modules/goldfish_sync.ko
[    3.506429] dlkm_loader: Loading module /system/lib/modules/can-dev.ko with args ''
[    3.506579] init: Command 'setprop ro.vendor.hwcomposer.mode ${ro.boot.hardware.hwcomposer.mode}' action=early-init (/vendor/etc/init/init_graphics.vendor.rc:11) took 0ms and failed: property 'ro.boot.hardware.hwcomposer.mode' doesn't exist while expanding '${ro.boot.hardware.hwcomposer.mode}'
[    3.517646] init: Command 'setprop debug.hwui.renderer ${ro.boot.hardware.guest_hwui_renderer}' action=early-init (/vendor/etc/init/init_graphics.vendor.rc:17) took 0ms and failed: property 'ro.boot.hardware.guest_hwui_renderer' doesn't exist while expanding '${ro.boot.hardware.guest_hwui_renderer}'
[    3.518537] init: Command 'setprop ro.zygote.disable_gl_preload ${ro.boot.hardware.guest_disable_renderer_preload}' action=early-init (/vendor/etc/init/init_graphics.vendor.rc:18) took 0ms and failed: property 'ro.boot.hardware.guest_disable_renderer_preload' doesn't exist while expanding '${ro.boot.hardware.guest_disable_renderer_preload}'
[    3.518834] CAN device driver interface
[    3.520389] init: processing action (ConnectEarlyStageSnapuserd) from (<Builtin Action>:0)
[    3.520404] init: processing action (wait_for_coldboot_done) from (<Builtin Action>:0)
[    3.520412] init: start_waiting_for_property("ro.cold_boot_done", "true"): already set
[    3.520422] init: processing action (CheckTradeInModeStatus) from (<Builtin Action>:0)
[    3.520441] init: processing action (SetMmapRndBits) from (<Builtin Action>:0)
[    3.520936] init: processing action (KeychordInit) from (<Builtin Action>:0)
[    3.521542] dlkm_loader: Loaded kernel module /system/lib/modules/can-dev.ko
[    3.522972] init: EVIOCSMASK not supported: Invalid argument
[    3.526067] dlkm_loader: Loading module /vendor/lib/modules/gs_usb.ko with args ''
[    3.530075] usbcore: registered new interface driver gs_usb
[    3.532217] dlkm_loader: Loaded kernel module /vendor/lib/modules/gs_usb.ko
[    3.532426] dlkm_loader: Loading module /vendor/lib/modules/hci_vhci.ko with args ''
[    3.534611] init: processing action (init) from (/system/etc/init/hw/init.rc:116)
[    3.542150] dlkm_loader: Loaded kernel module /vendor/lib/modules/hci_vhci.ko
[    3.544564] init: Command 'write /dev/blkio/blkio.weight 1000' action=init (/system/etc/init/hw/init.rc:218) took 0ms and failed: Unable to write to file '/dev/blkio/blkio.weight': open() failed: Permission denied
[    3.544965] dlkm_loader: Loading module /vendor/lib/modules/mt76.ko with args ''
[    3.547719] init: Command 'write /dev/blkio/background/blkio.weight 200' action=init (/system/etc/init/hw/init.rc:219) took 0ms and failed: Unable to write to file '/dev/blkio/background/blkio.weight': open() failed: Permission denied
[    3.547925] init: Command 'write /dev/blkio/blkio.group_idle 0' action=init (/system/etc/init/hw/init.rc:221) took 0ms and failed: Unable to write to file '/dev/blkio/blkio.group_idle': open() failed: Permission denied
[    3.548028] init: Command 'write /dev/blkio/background/blkio.group_idle 0' action=init (/system/etc/init/hw/init.rc:222) took 0ms and failed: Unable to write to file '/dev/blkio/background/blkio.group_idle': open() failed: Permission denied
[    3.580070] init: Command 'write /dev/cpu_variant:${ro.bionic.arch} ${ro.bionic.cpu_variant}' action=init (/system/etc/init/hw/init.rc:438) took 0ms and failed: property 'ro.bionic.cpu_variant' doesn't exist while expanding '${ro.bionic.cpu_variant}'
[    3.581115] init: Command 'write /dev/cpu_variant:${ro.bionic.2nd_arch} ${ro.bionic.2nd_cpu_variant}' action=init (/system/etc/init/hw/init.rc:440) took 0ms and failed: property 'ro.bionic.2nd_arch' doesn't exist while expanding '/dev/cpu_variant:${ro.bionic.2nd_arch}'
[    3.581963] init: Command 'chmod 0444 /dev/cpu_variant:${ro.bionic.2nd_arch}' action=init (/system/etc/init/hw/init.rc:441) took 0ms and failed: property 'ro.bionic.2nd_arch' doesn't exist while expanding '/dev/cpu_variant:${ro.bionic.2nd_arch}'
[    3.582697] init: starting service 'logd'...
[    3.584215] init: Created socket '/dev/socket/logd', mode 666, user 1036, group 1036
[    3.585742] init: Created socket '/dev/socket/logdr', mode 666, user 1036, group 1036
[    3.586517] init: Created socket '/dev/socket/logdw', mode 222, user 1036, group 1036
[    3.588542] libprocessgroup: Created cgroup /sys/fs/cgroup/system/uid_1036
[    3.590339] libprocessgroup: Created cgroup /sys/fs/cgroup/system/uid_1036/pid_393
[    3.597733] init: ... started service 'logd' has pid 393
[    3.600174] init: starting service 'lmkd'...
[    3.600957] init: Created socket '/dev/socket/lmkd', mode 660, user 1000, group 1000
[    3.602614] libprocessgroup: Created cgroup /sys/fs/cgroup/system/uid_1069
[    3.603633] libprocessgroup: Created cgroup /sys/fs/cgroup/system/uid_1069/pid_394
[    3.608997] dlkm_loader: Loaded kernel module /vendor/lib/modules/mt76.ko
[    3.609178] dlkm_loader: Loading module /vendor/lib/modules/mt76-usb.ko with args ''
[    3.610994] init: ... started service 'lmkd' has pid 394
[    3.613971] init: starting service 'servicemanager'...
[    3.614957] libprocessgroup: Created cgroup /sys/fs/cgroup/system/uid_1000/pid_395
[    3.632615] init: ... started service 'servicemanager' has pid 395
[    3.633735] init: starting service 'hwservicemanager'...
[    3.637891] libprocessgroup: Created cgroup /sys/fs/cgroup/system/uid_1000/pid_396
[    3.657934] init: ... started service 'hwservicemanager' has pid 396
[    3.658164] init: Command 'start vndservicemanager' action=init (/system/etc/init/hw/init.rc:466) took 0ms and failed: service vndservicemanager not found
[    3.662535] init: processing action (ro.debuggable=1 && init) from (/system/etc/init/hw/init.rc:1306)
[    3.666318] init: starting service 'console'...
[    3.678130] libprocessgroup: Created cgroup /sys/fs/cgroup/system/uid_2000
[    3.679733] libprocessgroup: Created cgroup /sys/fs/cgroup/system/uid_2000/pid_402
[    3.690955] dlkm_loader: Loaded kernel module /vendor/lib/modules/mt76-usb.ko
[    3.691580] dlkm_loader: Loading module /vendor/lib/modules/mt76x02-lib.ko with args ''
[    3.705190] init: ... started service 'console' has pid 402
[    3.707508] init: processing action (ro.product.cpu.abilist64=* && init) from (/system/etc/init/hw/init.boringssl.zygote64.rc:1)
[    3.707893] init: starting service 'boringssl_self_test64'...
[    3.711279] libprocessgroup: Created cgroup /sys/fs/cgroup/system/uid_9999
[    3.718300] servicemanager: Starting sm instance on /dev/binder
[    3.721892] libprocessgroup: Created cgroup /sys/fs/cgroup/system/uid_9999/pid_404
[    3.731591] SELinux: Multiple same specifications for android.hardware.secure_element.ISecureElement/eSE1.
[    3.734386] SELinux: SELinux: Loaded service context from:
[    3.734539] SELinux: 		/system/etc/selinux/plat_service_contexts
[    3.734688] SELinux: 		/system_ext/etc/selinux/system_ext_service_contexts
[    3.734834] SELinux: 		/product/etc/selinux/product_service_contexts
[    3.734979] SELinux: 		/vendor/etc/selinux/vendor_service_contexts
[    3.735149] SELinux: 		/odm/etc/selinux/odm_service_contexts
[    3.741730] init: ... started service 'boringssl_self_test64' has pid 404
[    3.741918] init: SVC_EXEC service 'boringssl_self_test64' pid 404 (uid 9999 gid 0+0 context default) started; waiting...
[    3.746356] init: Service 'console' (pid 402) exited with status 0
[    3.746531] init: Sending SIGKILL to service 'console' (pid 402) process group...
[    3.746889] libprocessgroup: Removed cgroup /sys/fs/cgroup/system/uid_2000/pid_402
[    3.749325] dlkm_loader: Loaded kernel module /vendor/lib/modules/mt76x02-lib.ko
[    3.752520] dlkm_loader: Loading module /vendor/lib/modules/mt76x0-common.ko with args ''
[    3.761792] init: Service 'boringssl_self_test64' (pid 404) exited with status 0 waiting took 0.050000 seconds
[    3.762449] init: Sending SIGKILL to service 'boringssl_self_test64' (pid 404) process group...
[    3.762981] libprocessgroup: Removed cgroup /sys/fs/cgroup/system/uid_9999/pid_404
[    3.767231] init: processing action (ro.board.api_level=202604 && init) from (/system/etc/init/android.system.suspend-service.rc:7)
[    3.769354] init: processing action (init) from (/system/etc/init/audioserver.rc:66)
[    3.769796] init: processing action (init) from (/system/etc/init/perfetto.rc:163)
[    3.769992] dlkm_loader: Loaded kernel module /vendor/lib/modules/mt76x0-common.ko
[    3.770286] dlkm_loader: Loading module /vendor/lib/modules/mt76x02-usb.ko with args ''
[    3.773618] init: processing action (init) from (/vendor/etc/init/init.cutf_cvm.rc:23)
[    3.775962] logd: libprocessgroup: A JoinCgroup action in the SystemMemoryProcess profile is used for controller memory in the cgroup v2 hierarchy and will be ignored
[    3.777197] dlkm_loader: Loaded kernel module /vendor/lib/modules/mt76x02-usb.ko
[    3.777594] dlkm_loader: Loading module /vendor/lib/modules/mt76x0u.ko with args ''
[    3.781390] logd.auditd: start
[    3.781501] logd.klogd: 3764682140
[    3.784524] usbcore: registered new interface driver mt76x0u
[    3.788187] dlkm_loader: Loaded kernel module /vendor/lib/modules/mt76x0u.ko
[    3.790451] dlkm_loader: Loading module /vendor/lib/modules/mt76x2-common.ko with args ''
[    3.791824] logd: Loaded bug_map file: /system_ext/etc/selinux/bug_map
[    3.792165] logd: Loaded bug_map file: /vendor/etc/selinux/selinux_denial_metadata
[    3.792560] logd: Loaded bug_map file: /system/etc/selinux/bug_map
[    3.795500] dlkm_loader: Loaded kernel module /vendor/lib/modules/mt76x2-common.ko
[    3.795808] dlkm_loader: Loading module /vendor/lib/modules/mt76x2u.ko with args ''
[    3.797040] init: processing action (init) from (/apex/com.google.cf.vulkan/etc/com.google.cf.vulkan.rc:4)
[    3.798210] init: processing action (CopyRollbackLogs) from (<Builtin Action>:0)
[    3.798551] usbcore: registered new interface driver mt76x2u
[    3.801245] dlkm_loader: Loaded kernel module /vendor/lib/modules/mt76x2u.ko
[    3.801247] init: processing action (late-init) from (/system/etc/init/hw/init.rc:518)
[    3.802664] dlkm_loader: Loading module /vendor/lib/modules/pulse8-cec.ko with args ''
[    3.805958] init: processing action (late-init) from (/system/etc/init/atrace.rc:3)
[    3.809401] dlkm_loader: Loaded kernel module /vendor/lib/modules/pulse8-cec.ko
[    3.809718] dlkm_loader: Loading module /vendor/lib/modules/rtc-test.ko with args ''
[    3.810653] rtc-test rtc-test.0: registered as rtc1
[    3.810886] rtc-test rtc-test.1: registered as rtc2
[    3.811044] rtc-test rtc-test.2: registered as rtc3
[    3.812135] dlkm_loader: Loaded kernel module /vendor/lib/modules/rtc-test.ko
[    3.812644] dlkm_loader: module snd_aloop is blocklisted
[    3.812767] dlkm_loader: LoadWithAliases was unable to load snd_aloop, tried: snd_aloop
[    3.813988] dlkm_loader: Loading module /vendor/lib/modules/system_heap.ko with args ''
[    3.832143] dlkm_loader: Loaded kernel module /vendor/lib/modules/system_heap.ko
[    3.832644] dlkm_loader: Loading module /vendor/lib/modules/test_meminit.ko with args ''
[    3.840726] init: processing action (ro.boot.fastboot.boottrace= && late-init) from (/system/etc/init/atrace.rc:309)
[    3.842914] type=2000 audit(1790844718.741:1): state=initialized audit_enabled=1 res=1
[    3.844215] type=1403 audit(1790844720.539:2): auid=4294967295 ses=4294967295 lsm=selinux res=1
[    3.844648] type=1300 audit(1790844720.539:2): arch=c000003e syscall=1 success=yes exit=911737 a0=4 a1=7fdaba6fe680 a2=de979 a3=0 items=0 ppid=0 auid=4294967295 uid=0 gid=0 euid=0 suid=0 fsuid=0 egid=0 sgid=0 fsgid=0 tty=(none) ses=4294967295 comm="init" exe="/system/bin/init" subj=u:r:kernel:s0 key=(null)
[    3.846590] type=1327 audit(1790844720.539:2): proctitle=2F73797374656D2F62696E2F696E69740073656C696E75785F7365747570
[    3.848137] type=1320 audit(1790844720.539:2): 
[    3.849054] init: processing action (ro.boot.hypervisor.vm.supported=1 && late-init) from (/system/etc/init/atrace.rc:316)
[    3.849838] type=1404 audit(1790844720.559:3): enforcing=1 old_enforcing=0 auid=4294967295 ses=4294967295 enabled=1 old-enabled=1 lsm=selinux res=1
[    3.849861] type=1300 audit(1790844720.559:3): arch=c000003e syscall=1 success=yes exit=1 a0=4 a1=7ffc9baff980 a2=1 a3=0 items=0 ppid=0 auid=4294967295 uid=0 gid=0 euid=0 suid=0 fsuid=0 egid=0 sgid=0 fsgid=0 tty=(none) ses=4294967295 comm="init" exe="/system/bin/init" subj=u:r:kernel:s0 key=(null)
[    3.849876] type=1327 audit(1790844720.559:3): proctitle=2F73797374656D2F62696E2F696E69740073656C696E75785F7365747570
[    3.849889] type=1320 audit(1790844720.559:3): 
[    3.849901] type=1305 audit(1790844721.963:4): op=set audit_pid=393 old=0 auid=4294967295 ses=4294967295 subj=u:r:logd:s0 res=1
[    3.849919] type=1300 audit(1790844721.963:4): arch=c000003e syscall=44 success=yes exit=60 a0=9 a1=7fffffbecba0 a2=3c a3=0 items=0 ppid=1 auid=4294967295 uid=1036 gid=1036 euid=1036 suid=1036 fsuid=1036 egid=1036 sgid=1036 fsgid=1036 tty=(none) ses=4294967295 comm="logd" exe="/system/bin/logd" subj=u:r:logd:s0 key=(null)
[    3.849933] type=1327 audit(1790844721.963:4): proctitle="/system/bin/logd"
[    3.849946] type=1320 audit(1790844721.963:4): 
[    3.859616] init: processing action (queue_property_triggers) from (<Builtin Action>:0)
[    3.860258] init: processing action (early-fs) from (/system/etc/init/hw/init.rc:551)
[    3.861167] init: starting service 'vold'...
[    3.863751] libprocessgroup: Created cgroup /sys/fs/cgroup/system/uid_0/pid_410
[    3.877483] init: ... started service 'vold' has pid 410
[    3.877634] init: processing action (fs) from (/system/etc/init/logd.rc:29)
[    3.877996] init: processing action (fs) from (/system/etc/init/wifi.rc:25)
[    3.879494] init: processing action (fs) from (/vendor/etc/init/init.cutf_cvm.rc:48)
[    3.894574] init: [libfs_mgr] Invalid ext4 superblock on '/dev/block/by-name/metadata'
[    3.896216] init: [libfs_mgr] mount_with_alternatives(): skipping mount due to invalid magic, mountpoint=/metadata blk_dev=/dev/block/vda6 rec[7].fs_type=ext4
[    3.896600] init: [libfs_mgr] Invalid ext4 superblock on '/dev/block/by-name/metadata'
[    3.896784] init: [libfs_mgr] mount_with_alternatives(): skipping mount due to invalid magic, mountpoint=/metadata blk_dev=/dev/block/vda6 rec[8].fs_type=ext4
[    3.898919] init: [libfs_mgr] fs_mgr_mount_all(): /dev/block/vda6 is wiped and /metadata ext4 is formattable. Format it.
[    3.901148] init: [libfs_mgr] fs_mgr_do_format: Format /dev/block/by-name/metadata as 'ext4'
[    3.926993] test_meminit: all 11 tests in test_pages passed
[    3.936526] test_meminit: all 40 tests in test_kvmalloc passed
[    3.949659] mke2fs: mke2fs 1.47.2 (1-Jan-2025)
[    4.072888] mke2fs: Discarding device blocks:     0/16384           done                            
[    4.073291] mke2fs: Creating filesystem with 16384 4k blocks and 16384 inodes
[    4.073523] mke2fs: 
[    4.073611] mke2fs: Allocating group tables: 0/1   done                            
[    4.073849] mke2fs: Writing inode tables: 0/1   done                            
[    4.074283] mke2fs: Creating journal (1024 blocks): done
[    4.075751] hw-ProcessState: HwBinder is not supported on this device but this process is calling setThreadPoolConfiguration
[    4.395967] libbinder.BackendUnifiedServiceManager: Thread Pool max thread count is 0. Cannot cache binder as linkToDeath cannot be implemented. serviceName: vold
[    4.397158] servicemanager: getDeviceHalManifest: Reading VINTF information.
[    4.400125] servicemanager: Loaded APEX Infos from /apex/apex-info-list.xml
[    4.404068] servicemanager: Loaded APEX Infos from /apex/apex-info-list.xml
[    4.404299] servicemanager: getDeviceHalManifest: Successfully processed VINTF information
[    4.404500] servicemanager: getFrameworkHalManifest: Reading VINTF information.
[    4.405963] servicemanager: Loaded APEX Infos from /apex/apex-info-list.xml
[    4.406561] servicemanager: getFrameworkHalManifest: Successfully processed VINTF information
[    4.406969] servicemanager: Caller(pid=410,uid=0,sid=u:r:vold:s0) Found android.system.vold.IVold/default in framework VINTF manifest.
[    4.407815] servicemanager: Caller(pid=410,uid=0,sid=u:r:vold:s0) Found android.system.vold.IVold/default in framework VINTF manifest.
[    4.437759] mke2fs: Writing superblocks and filesystem accounting information: 0/1   done
[    4.440126] mke2fs: 
[    4.469390] e2fsdroid: Created filesystem with 11/16384 inodes and 3081/16384 blocks
[    4.472943] init: [libfs_mgr] superblock s_max_mnt_count:65535,/dev/block/by-name/metadata
[    4.680998] init: [libfs_mgr] check_fs(): mount(/dev/block/by-name/metadata,/metadata,ext4)=0: Success
[    4.690712] init: [libfs_mgr] umount_retry(): unmount(/metadata) succeeded
[    4.691090] init: [libfs_mgr] Running /system/bin/e2fsck on /dev/block/vda6
[    4.703059] e2fsck: /dev/block/by-name/metadata: clean, 11/16384 files, 3081/16384 blocks
[    4.703835] init: [libfs_mgr] fsck on /metadata took 230ms
[    4.704106] init: [libfs_mgr] superblock s_max_mnt_count:65535,/dev/block/by-name/metadata
[    4.704378] init: [libfs_mgr] Enabling ext4 verity on /dev/block/by-name/metadata
[    4.714748] tune2fs: tune2fs 1.47.2 (1-Jan-2025)
[    4.714770] test_meminit: all 70 tests in test_kmemcache passed
[    4.793708] init: [libfs_mgr] __mount(source=/dev/block/by-name/metadata,target=/metadata,type=ext4)=0: Success
[    4.795492] init: [libfs_mgr] mount_with_alternatives(): skipping fstab dup mountpoint=/metadata rec[8].fs_type=ext4 already mounted as ext4
[    4.798941] virtio-fs: tag <shared> not found
[    4.799193] init: [libfs_mgr] __mount(source=shared,target=/mnt/vendor/shared,type=virtiofs)=-1: Invalid argument
[    4.799612] init: [libfs_mgr] fsck on /mnt/vendor/shared took 0ms
[    4.799809] virtio-fs: tag <shared> not found
[    4.799952] init: [libfs_mgr] __mount(source=shared,target=/mnt/vendor/shared,type=virtiofs)=-1: Invalid argument
[    4.801315] init: [libfs_mgr] Ignoring failure to mount an un-encryptable, interrupted, or wiped partition on shared at /mnt/vendor/shared options: : No such file or directory
[    4.801962] init: Command 'mount_all --early' action=fs (/vendor/etc/init/init.cutf_cvm.rc:52) took 920ms and succeeded
[    4.805038] init: processing action (post-fs) from (/system/etc/init/hw/init.rc:555)
[    4.805748] init: starting service 'exec 4 (/system/bin/vdc checkpoint markBootAttempt)'...
[    4.808467] libprocessgroup: Created cgroup /sys/fs/cgroup/system/uid_1000/pid_423
[    4.809769] init: ... started service 'exec 4 (/system/bin/vdc checkpoint markBootAttempt)' has pid 423
[    4.810939] init: SVC_EXEC service 'exec 4 (/system/bin/vdc checkpoint markBootAttempt)' pid 423 (uid 1000 gid 1000+0 context default) started; waiting...
[    4.828313] libbinder.BackendUnifiedServiceManager: Thread Pool max thread count is 0. Cannot cache binder as linkToDeath cannot be implemented. serviceName: vold
[    4.829783] init: Service 'exec 4 (/system/bin/vdc checkpoint markBootAttempt)' (pid 423) exited with status 0 waiting took 0.021000 seconds
[    4.831580] init: Sending SIGKILL to service 'exec 4 (/system/bin/vdc checkpoint markBootAttempt)' (pid 423) process group...
[    4.834433] libprocessgroup: Removed cgroup /sys/fs/cgroup/system/uid_1000/pid_423
[    4.837889] init: Command 'chown system cache /cache' action=post-fs (/system/etc/init/hw/init.rc:571) took 0ms and failed: lchown() failed: Read-only file system
[    4.839122] init: Command 'chmod 0770 /cache' action=post-fs (/system/etc/init/hw/init.rc:572) took 0ms and failed: fchmodat() failed: Read-only file system
[    4.843480] init: processing action (post-fs) from (/system/etc/init/aconfigd.rc:33)
[    4.844036] init: starting service 'system_aconfigd_platform_init'...
[    4.844989] libprocessgroup: Created cgroup /sys/fs/cgroup/system/uid_1000/pid_424
[    4.846351] init: ... started service 'system_aconfigd_platform_init' has pid 424
[    4.848342] init: SVC_EXEC service 'system_aconfigd_platform_init' pid 424 (uid 1000 gid 1000+0 context default) started; waiting...
[    4.988970] test_meminit: all 10 tests in test_rcu_persistent passed
[    4.989282] test_meminit: all 131 tests passed!
[    4.989638] dlkm_loader: Loaded kernel module /vendor/lib/modules/test_meminit.ko
[    4.990023] dlkm_loader: Loading module /vendor/lib/modules/usbip-core.ko with args ''
[    5.031191] dlkm_loader: Loaded kernel module /vendor/lib/modules/usbip-core.ko
[    5.032426] dlkm_loader: Loading module /vendor/lib/modules/v4l2-tpg.ko with args ''
[    5.089161] dlkm_loader: Loaded kernel module /vendor/lib/modules/v4l2-tpg.ko
[    5.089647] dlkm_loader: Loading module /vendor/lib/modules/v4l2loopback.ko with args ''
[    5.092017] v4l2loopback driver version 0.12.7 loaded
[    5.093253] dlkm_loader: Loaded kernel module /vendor/lib/modules/v4l2loopback.ko
[    5.093632] dlkm_loader: Loading module /vendor/lib/modules/vhci-hcd.ko with args ''
[    5.135778] vhci_hcd vhci_hcd.0: USB/IP Virtual Host Controller
[    5.136631] vhci_hcd vhci_hcd.0: new USB bus registered, assigned bus number 2
[    5.136763] vhci_hcd: created sysfs vhci_hcd.0
[    5.136961] usb usb2: New USB device found, idVendor=1d6b, idProduct=0002, bcdDevice= 6.12
[    5.139258] usb usb2: New USB device strings: Mfr=3, Product=2, SerialNumber=1
[    5.139489] usb usb2: Product: USB/IP Virtual Host Controller
[    5.139686] usb usb2: Manufacturer: Linux 6.12.74-android16-6-g3ec022196c4e-ab15076761 vhci_hcd
[    5.139951] usb usb2: SerialNumber: vhci_hcd.0
[    5.140285] hub 2-0:1.0: USB hub found
[    5.142248] hub 2-0:1.0: 8 ports detected
[    5.142946] vhci_hcd vhci_hcd.0: USB/IP Virtual Host Controller
[    5.144031] vhci_hcd vhci_hcd.0: new USB bus registered, assigned bus number 3
[    5.144292] usb usb3: We don't know the algorithms for LPM for this host, disabling LPM.
[    5.144570] usb usb3: New USB device found, idVendor=1d6b, idProduct=0003, bcdDevice= 6.12
[    5.144797] usb usb3: New USB device strings: Mfr=3, Product=2, SerialNumber=1
[    5.145087] usb usb3: Product: USB/IP Virtual Host Controller
[    5.145543] usb usb3: Manufacturer: Linux 6.12.74-android16-6-g3ec022196c4e-ab15076761 vhci_hcd
[    5.145813] usb usb3: SerialNumber: vhci_hcd.0
[    5.146421] hub 3-0:1.0: USB hub found
[    5.148463] hub 3-0:1.0: 8 ports detected
[    5.150496] dlkm_loader: Loaded kernel module /vendor/lib/modules/vhci-hcd.ko
[    5.150823] dlkm_loader: Loading module /vendor/lib/modules/virt_wifi.ko with args ''
[    5.211503] dlkm_loader: Loaded kernel module /vendor/lib/modules/virt_wifi.ko
[    5.212641] dlkm_loader: Loading module /vendor/lib/modules/virtio-media.ko with args ''
[    5.579996] dlkm_loader: Loaded kernel module /vendor/lib/modules/virtio-media.ko
[    5.580335] dlkm_loader: Loading module /vendor/lib/modules/virtio_pmem.ko with args ''
[    5.585832] nd_pmem namespace0.0: unable to guarantee persistence of writes
[    5.595277] nd_pmem namespace1.0: unable to guarantee persistence of writes
[    5.597607] dlkm_loader: Loaded kernel module /vendor/lib/modules/virtio_pmem.ko
[    5.597904] dlkm_loader: Loading module /vendor/lib/modules/virtio_snd.ko with args ''
[    5.712602] dlkm_loader: Loaded kernel module /vendor/lib/modules/virtio_snd.ko
[    5.802843] dlkm_loader: module vivid is blocklisted
[    5.819915] dlkm_loader: LoadWithAliases was unable to load vivid, tried: vivid
[    5.820777] dlkm_loader: module vkms is blocklisted
[    5.821022] dlkm_loader: LoadWithAliases was unable to load vkms, tried: vkms
[    5.821542] dlkm_loader: module load count is 34
[    5.823825] init: Service 'vendor.dlkm_loader' (pid 387) exited with status 0 oneshot service took 2.477000 seconds in background
[    5.825392] init: Sending SIGKILL to service 'vendor.dlkm_loader' (pid 387) process group...
[    5.826519] libprocessgroup: Removed cgroup /sys/fs/cgroup/system/uid_0/pid_387
[    5.880104] init: Service 'system_aconfigd_platform_init' (pid 424) exited with status 0 waiting took 1.035000 seconds
[    5.881378] init: Sending SIGKILL to service 'system_aconfigd_platform_init' (pid 424) process group...
[    5.882400] libprocessgroup: Removed cgroup /sys/fs/cgroup/system/uid_1000/pid_424
[    5.883460] init: processing action (post-fs) from (/system/etc/init/atrace_userdebug.rc:7)
[    5.886935] init: processing action (post-fs) from (/system/etc/init/gsid.rc:8)
[    5.887968] init: processing action (post-fs) from (/system/etc/init/recovery-refresh.rc:1)
[    5.889565] init: starting service 'exec 5 (/system/bin/recovery-refresh)'...
[    5.891636] libprocessgroup: Created cgroup /sys/fs/cgroup/system/uid_1000/pid_427
[    5.893455] init: ... started service 'exec 5 (/system/bin/recovery-refresh)' has pid 427
[    5.894172] init: processing action (late-fs) from (/system/etc/init/hw/init.rc:635)
[    5.896862] init: starting service 'system_suspend'...
[    5.898377] libprocessgroup: Created cgroup /sys/fs/cgroup/system/uid_1000/pid_428
[    5.903706] init: ... started service 'system_suspend' has pid 428
[    5.907198] init: starting service 'keystore2'...
[    5.913309] libprocessgroup: Created cgroup /sys/fs/cgroup/system/uid_1017
[    5.919899] libprocessgroup: Created cgroup /sys/fs/cgroup/system/uid_1017/pid_429
[    5.924231] init: ... started service 'keystore2' has pid 429
[    5.924777] init: starting service 'suspend_blocker'...
[    5.928297] libprocessgroup: Created cgroup /sys/fs/cgroup/system/uid_0/pid_430
[    5.934724] init: ... started service 'suspend_blocker' has pid 430
[    5.938245] init: starting service 'vendor.boot-default'...
[    5.940320] libprocessgroup: Created cgroup /sys/fs/cgroup/system/uid_0/pid_431
[    5.945546] init: ... started service 'vendor.boot-default' has pid 431
[    5.946569] init: starting service 'vendor.gatekeeper_nonsecure'...
[    5.949753] libprocessgroup: Created cgroup /sys/fs/cgroup/system/uid_1000/pid_432
[    5.958413] servicemanager: Caller(pid=428,uid=1000,sid=u:r:system_suspend:s0) Found android.system.suspend.ISystemSuspend/default in framework VINTF manifest.
[    5.959556] init: ... started service 'vendor.gatekeeper_nonsecure' has pid 432
[    5.969245] init: starting service 'vendor.keymint-default'...
[    5.972727] libprocessgroup: Created cgroup /sys/fs/cgroup/system/uid_9999/pid_435
[    5.980092] init: ... started service 'vendor.keymint-default' has pid 435
[    5.992895] init: Command 'class_start early_hal' action=late-fs (/system/etc/init/hw/init.rc:642) took 96ms and succeeded
[    5.993674] init: Service 'exec 5 (/system/bin/recovery-refresh)' (pid 427) exited with status 254 oneshot service took 0.102000 seconds in background
[    5.993928] init: Sending SIGKILL to service 'exec 5 (/system/bin/recovery-refresh)' (pid 427) process group...
[    5.994258] libprocessgroup: Removed cgroup /sys/fs/cgroup/system/uid_1000/pid_427
[    5.995959] init: processing action (late-fs) from (/system/etc/init/hw/init.rc:649)
[    5.996498] init: processing action (late-fs) from (/vendor/etc/init/init.cutf_cvm.rc:71)
[    5.999625] init: Calling: /system/bin/vdc checkpoint needsCheckpoint
[    6.016658] android.hardware.boot-service.default: [libfstab] Using Android DT directory /proc/device-tree/firmware/android/
[    6.042907] servicemanager: Caller(pid=431,uid=0,sid=u:r:hal_bootctl_default:s0) Found android.hardware.boot.IBootControl/default in device VINTF manifest.
[    6.052928] libbinder.BackendUnifiedServiceManager: Thread Pool max thread count is 0. Cannot cache binder as linkToDeath cannot be implemented. serviceName: android.hardware.boot.IBootControl/default
[    6.054499] android.hardware.boot-service.default: IBootControl AIDL service running...
[    6.064125] servicemanager: Caller(pid=430,uid=0,sid=u:r:suspend_blocker:s0) Found android.system.suspend.ISystemSuspend/default in framework VINTF manifest.
[    6.076399] libbinder.BackendUnifiedServiceManager: Thread Pool max thread count is 0. Cannot cache binder as linkToDeath cannot be implemented. serviceName: vold
[    6.079281] servicemanager: Caller(pid=410,uid=0,sid=u:r:vold:s0) Found android.hardware.boot.IBootControl/default in device VINTF manifest.
[    6.087440] vdc: vdc terminated by exit(1)
[    6.088159] vdc: 
[    6.090076] init: [libfs_mgr] Running /system/bin/fsck.f2fs -a -c 10000 --debug-cache /dev/block/by-name/userdata
[    6.147747] servicemanager: Caller(pid=432,uid=1000,sid=u:r:hal_gatekeeper_default:s0) Found android.hardware.security.sharedsecret.ISharedSecret/gatekeeper in device VINTF manifest.
[    6.151832] libbinder.BackendUnifiedServiceManager: Thread Pool max thread count is 0. Cannot cache binder as linkToDeath cannot be implemented. serviceName: android.hardware.security.sharedsecret.ISharedSecret/gatekeeper
[    6.154290] servicemanager: Caller(pid=432,uid=1000,sid=u:r:hal_gatekeeper_default:s0) Found android.hardware.gatekeeper.IGatekeeper/default in device VINTF manifest.
[    6.154959] libbinder.BackendUnifiedServiceManager: Thread Pool max thread count is 0. Cannot cache binder as linkToDeath cannot be implemented. serviceName: android.hardware.gatekeeper.IGatekeeper/default
[    6.164921] fsck.f2fs: Info: Automatic fix mode enabled.
[    6.165171] fsck.f2fs: Info: not exist /proc/version!
[    6.170266] fsck.f2fs: Info: MKFS version
[    6.171109] fsck.f2fs:   "6.17.0-1008-gcp"
[    6.172171] fsck.f2fs: Info: FSCK version
[    6.172330] fsck.f2fs:   from "6.17.0-1008-gcp"
[    6.172583] fsck.f2fs:     to "6.12.74-android16-6-g3ec022196c4e-ab15076761"
[    6.174201] fsck.f2fs: Info: superblock features = 3499 :  encrypt extra_attr project_quota quota verity casefold compression
[    6.175357] fsck.f2fs: Info: superblock encrypt level = 0, salt = 00000000000000000000000000000000
[    6.175717] fsck.f2fs: Info: Segments per section = 1
[    6.177525] fsck.f2fs: Info: Sections per zone = 1
[    6.178204] fsck.f2fs: Info: total FS sectors = 16777216 (8192 MB)
[    6.181017] fsck.f2fs: Info: CKPT version = 58a5b2ab
[    6.181267] fsck.f2fs: Info: Casefold: linear_lookup [disable]
[    6.181549] fsck.f2fs: Info: version timestamp cur: 0, prev: 0
[    6.182271] fsck.f2fs: [update_superblock: 935] Info: Done to update superblock
[    6.183905] fsck.f2fs: Info: checkpoint state = 81 :  nat_bits unmount
[    6.185993] fsck.f2fs: Info: No error was reported
[    6.186786] fsck.f2fs: 
[    6.186949] fsck.f2fs: c, u, RA, CH, CM, Repl=
[    6.187065] fsck.f2fs: 10000 10 10 0 10 0
[    6.188117] init: [libfs_mgr] fsck on /data took 98ms
[    6.188268] init: Mount point /dev/block/by-name/userdata @ /data uses metadata encryption, which means we need to unmount it later and call encryptFstab/encrypt_inplace. To avoid file operations before encryption, we will mount it as read-only first
[    6.188640] servicemanager: Caller(pid=435,uid=9999,sid=u:r:hal_keymint_default:s0) Found android.hardware.security.keymint.IKeyMintDevice/default in device VINTF manifest.
[    6.191154] F2FS-fs (vda9): Using encoding defined by superblock: utf8-12.1.0 with flags 0x2
[    6.192312] servicemanager: Caller(pid=435,uid=9999,sid=u:r:hal_keymint_default:s0) Found android.hardware.security.keymint.IRemotelyProvisionedComponent/default in device VINTF manifest.
[    6.193466] servicemanager: Caller(pid=435,uid=9999,sid=u:r:hal_keymint_default:s0) Found android.hardware.security.secureclock.ISecureClock/default in device VINTF manifest.
[    6.198433] servicemanager: Caller(pid=435,uid=9999,sid=u:r:hal_keymint_default:s0) Found android.hardware.security.sharedsecret.ISharedSecret/default in device VINTF manifest.
[    6.205777] F2FS-fs (vda9): checkpoint=disable on readonly fs
[    6.217336] init: [libfs_mgr] Kernel does not support ,nodiscard,checkpoint=disable:0%, trying without.: Invalid argument
[    6.218153] F2FS-fs (vda9): Using encoding defined by superblock: utf8-12.1.0 with flags 0x2
[    6.225208] F2FS-fs (vda9): checkpoint=disable on readonly fs
[    6.245633] init: [libfs_mgr] Kernel does not support ,nodiscard,checkpoint=disable, trying without.: Invalid argument
[    6.247507] F2FS-fs (vda9): Using encoding defined by superblock: utf8-12.1.0 with flags 0x2
[    6.251806] F2FS-fs (vda9): Mounted with checkpoint version = 58a5b2ab
[    6.252263] init: [libfs_mgr] __mount(source=/dev/block/by-name/userdata,target=/data,type=f2fs)=0: Success
[    6.253682] init: [libfs_mgr] mount_with_alternatives(): skipping fstab dup mountpoint=/data rec[6].fs_type=ext4 already mounted as f2fs
[    6.261931] servicemanager: Caller(pid=429,uid=1017,sid=u:r:keystore:s0) Found android.system.keystore2.IKeystoreService/default in framework VINTF manifest.
[    6.265419] android.hardware.gatekeeper-service.nonsecure: Presented shared secret parameters with seed size 32 and nonce size 32
[    6.266535] android.hardware.gatekeeper-service.nonsecure: Computing shared secret
[    6.269810] init: [libfs_mgr] umount_retry(): unmount(/data) succeeded
[    6.270275] init: Calling: /system/bin/vdc cryptfs encryptFstab /dev/block/by-name/userdata /data false f2fs false 0  
[    6.284780] libbinder.BackendUnifiedServiceManager: Thread Pool max thread count is 0. Cannot cache binder as linkToDeath cannot be implemented. serviceName: vold
[    6.301295] vold: keystore2 Keystore generateKey returned service specific error: -67
[    6.302291] vold: Failed to generate rollback-resistant key.  This is expected if keystore doesn't support rollback resistance.  Falling back to non-rollback-resistant key.
[    8.501153] fsck.f2fs: Info: Automatic fix mode enabled.
[    8.502490] fsck.f2fs: Info: not exist /proc/version!
[    8.503632] fsck.f2fs: Info: MKFS version
[    8.505236] fsck.f2fs:   "6.17.0-1008-gcp"
[    8.505355] fsck.f2fs: Info: FSCK version
[    8.505453] fsck.f2fs:   from "6.12.74-android16-6-g3ec022196c4e-ab15076761"
[    8.508185] fsck.f2fs:     to "6.12.74-android16-6-g3ec022196c4e-ab15076761"
[    8.509796] fsck.f2fs: Info: superblock features = 3499 :  encrypt extra_attr project_quota quota verity casefold compression
[    8.510282] fsck.f2fs: Info: superblock encrypt level = 0, salt = 00000000000000000000000000000000
[    8.510473] fsck.f2fs: [update_superblock: 935] Info: Done to update superblock
[    8.510639] fsck.f2fs: Info: Segments per section = 1
[    8.510757] fsck.f2fs: Info: Sections per zone = 1
[    8.510870] fsck.f2fs: Info: total FS sectors = 2097152 (8192 MB)
[    8.511045] fsck.f2fs: Info: CKPT version = 58a5b2ab
[    8.511161] fsck.f2fs: Info: Casefold: linear_lookup [disable]
[    8.511301] fsck.f2fs: Info: version timestamp cur: 0, prev: 0
[    8.511440] fsck.f2fs: [update_superblock: 935] Info: Done to update superblock
[    8.511604] fsck.f2fs: Info: checkpoint state = 81 :  nat_bits unmount
[    8.511743] fsck.f2fs: Info: No error was reported
[    8.511857] fsck.f2fs: 
[    8.511921] fsck.f2fs: c, u, RA, CH, CM, Repl=
[    8.512059] fsck.f2fs: 10000 10 10 0 10 0
[    8.512779] init: Unable to set property 'ro.boottime.init.fsck.data' from uid:0 gid:0 pid:410: Read-only property was already set
[    8.515979] F2FS-fs (dm-17): Using encoding defined by superblock: utf8-12.1.0 with flags 0x2
[    8.532096] F2FS-fs (dm-17): Start checkpoint disabled!
[    8.564057] F2FS-fs (dm-17): f2fs_disable_checkpoint() finish, err:0
[    8.564639] F2FS-fs (dm-17): Mounted with checkpoint version = 58a5b2ac
[    8.566733] init: Unable to set property 'ro.boottime.init.mount.data' from uid:0 gid:0 pid:410: Read-only property was already set
[    8.568047] libbinder.Binder: Binder transaction to android.os.IVold, function: encryptFstab, code: 41, took 2282ms. Data bytes: 168 Reply bytes: 4 Flags: 48
[    8.576264] init: Command 'mount_all --late' action=late-fs (/vendor/etc/init/init.cutf_cvm.rc:73) took 2579ms and succeeded
[    8.581449] GUEST_BUILD_FINGERPRINT: generic/aosp_cf_x86_64_only_phone/vsoc_x86_64_only:17/CP2A.260605.016/16373615:userdebug/test-keys
[    8.581571] init: processing action (post-fs-data) from (/system/etc/init/hw/init.rc:663)
[    8.593452] init: starting service 'exec 6 (/system/bin/vdc checkpoint prepareCheckpoint)'...
[    8.598226] libprocessgroup: Created cgroup /sys/fs/cgroup/system/uid_1000/pid_458
[    8.604801] init: ... started service 'exec 6 (/system/bin/vdc checkpoint prepareCheckpoint)' has pid 458
[    8.610794] init: SVC_EXEC service 'exec 6 (/system/bin/vdc checkpoint prepareCheckpoint)' pid 458 (uid 1000 gid 1000+0 context default) started; waiting...
[    8.622967] libbinder.BackendUnifiedServiceManager: Thread Pool max thread count is 0. Cannot cache binder as linkToDeath cannot be implemented. serviceName: vold
[    8.628013] init: Service 'exec 6 (/system/bin/vdc checkpoint prepareCheckpoint)' (pid 458) exited with status 0 waiting took 0.030000 seconds
[    8.630195] init: Sending SIGKILL to service 'exec 6 (/system/bin/vdc checkpoint prepareCheckpoint)' (pid 458) process group...
[    8.630638] libprocessgroup: Removed cgroup /sys/fs/cgroup/system/uid_1000/pid_458
[    8.631713] init: starting service 'exec 7 (/system/bin/vdc --wait cryptfs enablefilecrypto)'...
[    8.633053] libprocessgroup: Created cgroup /sys/fs/cgroup/system/uid_0/pid_460
[    8.634945] init: ... started service 'exec 7 (/system/bin/vdc --wait cryptfs enablefilecrypto)' has pid 460
[    8.640932] init: SVC_EXEC service 'exec 7 (/system/bin/vdc --wait cryptfs enablefilecrypto)' pid 460 (uid 0 gid 0+0 context default) started; waiting...
[    8.647572] libbinder.BackendUnifiedServiceManager: Thread Pool max thread count is 0. Cannot cache binder as linkToDeath cannot be implemented. serviceName: vold
[    8.649705] vold: keystore2 Keystore generateKey returned service specific error: -67
[    8.650251] vold: Failed to generate rollback-resistant key.  This is expected if keystore doesn't support rollback resistance.  Falling back to non-rollback-resistant key.
[    8.652951] init: Service 'exec 7 (/system/bin/vdc --wait cryptfs enablefilecrypto)' (pid 460) exited with status 0 waiting took 0.020000 seconds
[    8.655161] init: Sending SIGKILL to service 'exec 7 (/system/bin/vdc --wait cryptfs enablefilecrypto)' (pid 460) process group...
[    8.655488] libprocessgroup: Removed cgroup /sys/fs/cgroup/system/uid_0/pid_460
[    8.656045] init: Encryption policy of /data/bootchart set to d10115e1a7fb2746358ce31fe58a3e2a v2 modes 1/10 flags 0xa
[    8.656537] fscrypt: AES-256-HCTR2 using implementation "hctr2_base(xctr-aes-aesni,polyval-clmulni)"
[    8.656792] init: Command 'copy /data/system/entropy.dat /dev/urandom' action=post-fs-data (/system/etc/init/hw/init.rc:683) took 0ms and failed: Could not read input file '/data/system/entropy.dat': open() failed: No such file or directory
[    8.657436] init: Encryption policy of /data/vendor set to d10115e1a7fb2746358ce31fe58a3e2a v2 modes 1/10 flags 0xa
[    8.658030] init: Encryption policy of /data/anr set to d10115e1a7fb2746358ce31fe58a3e2a v2 modes 1/10 flags 0xa
[    8.659289] init: Encryption policy of /data/tombstones set to d10115e1a7fb2746358ce31fe58a3e2a v2 modes 1/10 flags 0xa
[    8.659814] init: starting service 'tombstoned'...
[    8.660110] init: Created socket '/dev/socket/tombstoned_crash', mode 666, user 1000, group 1000
[    8.660399] init: Created socket '/dev/socket/tombstoned_intercept', mode 666, user 1000, group 1000
[    8.660677] init: Created socket '/dev/socket/tombstoned_java_trace', mode 666, user 1000, group 1000
[    8.661858] libprocessgroup: Created cgroup /sys/fs/cgroup/system/uid_1058
[    8.662701] libprocessgroup: Created cgroup /sys/fs/cgroup/system/uid_1058/pid_465
[    8.663976] init: ... started service 'tombstoned' has pid 465
[    8.664214] init: Command 'enter_default_mount_ns' action=post-fs-data (/system/etc/init/hw/init.rc:696) took 0ms and failed: Failed to switch to default mount namespace.: Invalid argument
[    8.665866] init: Encryption policy of /data/misc set to d10115e1a7fb2746358ce31fe58a3e2a v2 modes 1/10 flags 0xa
[    8.667835] init: starting service 'exec 8 (/system/bin/vdc keymaster earlyBootEnded)'...
[    8.669249] libprocessgroup: Created cgroup /sys/fs/cgroup/system/uid_1000/pid_466
[    8.670393] init: ... started service 'exec 8 (/system/bin/vdc keymaster earlyBootEnded)' has pid 466
[    8.670695] init: SVC_EXEC service 'exec 8 (/system/bin/vdc keymaster earlyBootEnded)' pid 466 (uid 1000 gid 1000+0 context default) started; waiting...
[    8.682800] libbinder.BackendUnifiedServiceManager: Thread Pool max thread count is 0. Cannot cache binder as linkToDeath cannot be implemented. serviceName: vold
[    8.688792] fscrypt: AES-256-XTS using blk-crypto-fallback
[    8.696662] init: Service 'exec 8 (/system/bin/vdc keymaster earlyBootEnded)' (pid 466) exited with status 0 waiting took 0.027000 seconds
[    8.698053] init: Sending SIGKILL to service 'exec 8 (/system/bin/vdc keymaster earlyBootEnded)' (pid 466) process group...
[    8.698402] libprocessgroup: Removed cgroup /sys/fs/cgroup/system/uid_1000/pid_466
[    8.700352] init: Encryption policy of /data/property set to d10115e1a7fb2746358ce31fe58a3e2a v2 modes 1/10 flags 0xa
[    8.700869] init: Could not load single persistent property file, trying legacy directory: Unable to read persistent property file: open() failed: No such file or directory
[    8.703558] init: Wait for property 'ro.persistent_properties.ready=true' took 2ms
[    8.703970] init: starting service 'logd-reinit'...
[    8.706232] libprocessgroup: Created cgroup /sys/fs/cgroup/system/uid_1036/pid_469
[    8.707618] init: ... started service 'logd-reinit' has pid 469
[    8.709206] init: Not setting encryption policy on: /data/apex
[    8.710034] init: Encryption policy of /data/apex/decompressed set to d10115e1a7fb2746358ce31fe58a3e2a v2 modes 1/10 flags 0xa
[    8.710716] init: Encryption policy of /data/app-staging set to d10115e1a7fb2746358ce31fe58a3e2a v2 modes 1/10 flags 0xa
[    8.711255] init: Encryption policy of /data/apex/ota_reserved set to d10115e1a7fb2746358ce31fe58a3e2a v2 modes 1/10 flags 0xa
[    8.711887] init: starting service 'apexd'...
[    8.713221] libprocessgroup: Created cgroup /sys/fs/cgroup/system/uid_0/pid_470
[    8.717123] init: ... started service 'apexd' has pid 470
[    8.717541] init: Command 'copy /data/misc/recovery/ro.build.fingerprint /data/misc/recovery/ro.build.fingerprint.1' action=post-fs-data (/system/etc/init/hw/init.rc:755) took 0ms and failed: Could not read input file '/data/misc/recovery/ro.build.fingerprint': open() failed: No such file or directory
[    8.718699] init: Command 'copy /data/misc/recovery/proc/version /data/misc/recovery/proc/version.1' action=post-fs-data (/system/etc/init/hw/init.rc:762) took 0ms and failed: Could not read input file '/data/misc/recovery/proc/version': open() failed: No such file or directory
[    8.724970] logd: logd reinit
[    8.725191] logd: Cannot read /data/misc/logd/event-log-tags
[    8.725969] init: Service 'logd-reinit' (pid 469) exited with status 0 oneshot service took 0.019000 seconds in background
[    8.726303] init: Sending SIGKILL to service 'logd-reinit' (pid 469) process group...
[    8.726646] libprocessgroup: Removed cgroup /sys/fs/cgroup/system/uid_1036/pid_469
[    8.726930] logd: FrameworkListener: read() failed (Connection reset by peer)
[    8.729306] init: Encryption policy of /data/local set to d10115e1a7fb2746358ce31fe58a3e2a v2 modes 1/10 flags 0xa
[    8.735189] init: starting service 'exec 9 (/bin/rm -rf /data/misc/virtualizationservice)'...
[    8.736346] libprocessgroup: Created cgroup /sys/fs/cgroup/system/uid_1081
[    8.737501] libprocessgroup: Created cgroup /sys/fs/cgroup/system/uid_1081/pid_471
[    8.738748] init: ... started service 'exec 9 (/bin/rm -rf /data/misc/virtualizationservice)' has pid 471
[    8.739079] init: SVC_EXEC service 'exec 9 (/bin/rm -rf /data/misc/virtualizationservice)' pid 471 (uid 1081 gid 1000+0 context default) started; waiting...
[    8.744974] apexd: Started. subcommand = (null)
[    8.745754] libbinder.BackendUnifiedServiceManager: Thread Pool max thread count is 0. Cannot cache binder as linkToDeath cannot be implemented. serviceName: vold
[    8.746288] apexd: Scanning /system/apex for pre-installed ApexFiles
[    8.746733] apexd: Found pre-installed APEX /system/apex/com.android.adbd.apex
[    8.746922] apexd: Found pre-installed APEX /system/apex/com.android.adservices.apex
[    8.747103] apexd: Found pre-installed APEX /system/apex/com.android.apex.cts.shim.apex
[    8.747247] apexd: Found pre-installed APEX /system/apex/com.android.appsearch.apex
[    8.747441] apexd: Found pre-installed APEX /system/apex/com.android.art.apex
[    8.747613] apexd: Found pre-installed APEX /system/apex/com.android.bt.apex
[    8.747787] apexd: Found pre-installed APEX /system/apex/com.android.cellbroadcast.apex
[    8.747952] apexd: Found pre-installed APEX /system/apex/com.android.configinfrastructure.apex
[    8.748146] apexd: Found pre-installed APEX /system/apex/com.android.conscrypt.apex
[    8.748317] apexd: Found pre-installed APEX /system/apex/com.android.crashrecovery.apex
[    8.748492] apexd: Found pre-installed APEX /system/apex/com.android.devicelock.apex
[    8.748666] apexd: Found pre-installed APEX /system/apex/com.android.extservices.apex
[    8.748892] apexd: Found pre-installed APEX /system/apex/com.android.healthfitness.apex
[    8.749097] apexd: Found pre-installed APEX /system/apex/com.android.i18n.apex
[    8.749267] apexd: Found pre-installed APEX /system/apex/com.android.ipsec.apex
[    8.749433] apexd: Found pre-installed APEX /system/apex/com.android.media.apex
[    8.749591] apexd: Found pre-installed APEX /system/apex/com.android.media.swcodec.apex
[    8.749739] apexd: Found pre-installed APEX /system/apex/com.android.mediaprovider.apex
[    8.749896] apexd: Found pre-installed APEX /system/apex/com.android.neuralnetworks.apex
[    8.750062] apexd: Found pre-installed APEX /system/apex/com.android.nfcservices.apex
[    8.750206] apexd: Found pre-installed APEX /system/apex/com.android.npumanager.apex
[    8.750349] apexd: Found pre-installed APEX /system/apex/com.android.ondevicepersonalization.apex
[    8.750515] apexd: Found pre-installed APEX /system/apex/com.android.os.statsd.apex
[    8.750687] apexd: Found pre-installed APEX /system/apex/com.android.permission.apex
[    8.750854] apexd: Found pre-installed APEX /system/apex/com.android.profiling.apex
[    8.751561] apexd: Found pre-installed APEX /system/apex/com.android.resolv.apex
[    8.751749] apexd: Found pre-installed APEX /system/apex/com.android.rkpd.apex
[    8.751915] apexd: Found pre-installed APEX /system/apex/com.android.runtime.apex
[    8.752103] apexd: Found pre-installed APEX /system/apex/com.android.scheduling.apex
[    8.752280] apexd: Found pre-installed APEX /system/apex/com.android.sdkext.apex
[    8.752483] apexd: Found pre-installed APEX /system/apex/com.android.telephonycore.apex
[    8.753042] apexd: Found pre-installed APEX /system/apex/com.android.tethering.apex
[    8.753347] apexd: Found pre-installed APEX /system/apex/com.android.tzdata.apex
[    8.753594] apexd: Found pre-installed APEX /system/apex/com.android.uprobestats.apex
[    8.753770] apexd: Found pre-installed APEX /system/apex/com.android.uwb.apex
[    8.753937] apexd: Found pre-installed APEX /system/apex/com.android.virt.apex
[    8.754112] apexd: Found pre-installed APEX /system/apex/com.android.webapp.apex
[    8.754268] apexd: Found pre-installed APEX /system/apex/com.android.wifi.apex
[    8.754400] apexd: Scanning /system_ext/apex for pre-installed ApexFiles
[    8.754540] apexd: Found pre-installed APEX /system_ext/apex/com.android.compos.apex
[    8.754686] apexd: Found pre-installed APEX /system_ext/apex/com.android.hardware.biometrics.face.virtual.apex
[    8.754894] apexd: Found pre-installed APEX /system_ext/apex/com.android.hardware.biometrics.fingerprint.virtual.apex
[    8.756102] apexd: Found pre-installed APEX /system_ext/apex/com.android.vndk.v31.apex
[    8.756281] apexd: Found pre-installed APEX /system_ext/apex/com.android.vndk.v32.apex
[    8.756458] apexd: Found pre-installed APEX /system_ext/apex/com.android.vndk.v33.apex
[    8.756684] apexd: Found pre-installed APEX /system_ext/apex/com.android.vndk.v34.apex
[    8.756924] apexd: Scanning /product/apex for pre-installed ApexFiles
[    8.757089] apexd: /product/apex does not exist. Skipping
[    8.757209] apexd: Scanning /vendor/apex for pre-installed ApexFiles
[    8.757468] apexd: Found pre-installed APEX /vendor/apex/com.android.hardware.audio.apex
[    8.757654] apexd: Found pre-installed APEX /vendor/apex/com.android.hardware.authsecret.apex
[    8.757855] apexd: Found pre-installed APEX /vendor/apex/com.android.hardware.boot.apex
[    8.758038] apexd: Found pre-installed APEX /vendor/apex/com.android.hardware.cas.apex
[    8.758194] apexd: Found pre-installed APEX /vendor/apex/com.android.hardware.contexthub.apex
[    8.758355] apexd: Found pre-installed APEX /vendor/apex/com.android.hardware.drm.clearkey.apex
[    8.758507] apexd: Found pre-installed APEX /vendor/apex/com.android.hardware.dumpstate.apex
[    8.758668] apexd: Found pre-installed APEX /vendor/apex/com.android.hardware.gatekeeper.cf_remote.apex
[    8.758842] apexd: Found pre-installed APEX /vendor/apex/com.android.hardware.gatekeeper.nonsecure.apex
[    8.759102] apexd: Found pre-installed APEX /vendor/apex/com.android.hardware.gnss.apex
[    8.759683] init: Service 'exec 9 (/bin/rm -rf /data/misc/virtualizationservice)' (pid 471) exited with status 0 waiting took 0.023000 seconds
[    8.761307] apexd: Found pre-installed APEX /vendor/apex/com.android.hardware.graphics.composer.drm_hwcomposer.apex
[    8.761864] apexd: Found pre-installed APEX /vendor/apex/com.android.hardware.graphics.composer.ranchu.apex
[    8.761954] init: Sending SIGKILL to service 'exec 9 (/bin/rm -rf /data/misc/virtualizationservice)' (pid 471) process group...
[    8.762113] apexd: Found pre-installed APEX /vendor/apex/com.android.hardware.input.processor.apex
[    8.762637] apexd: Found pre-installed APEX /vendor/apex/com.android.hardware.keymint.rust_cf_guest_trusty_nonsecure.apex
[    8.762855] apexd: Found pre-installed APEX /vendor/apex/com.android.hardware.keymint.rust_cf_remote.apex
[    8.762868] libprocessgroup: Removed cgroup /sys/fs/cgroup/system/uid_1081/pid_471
[    8.763057] apexd: Found pre-installed APEX /vendor/apex/com.android.hardware.keymint.rust_nonsecure.apex
[    8.763479] apexd: Found pre-installed APEX /vendor/apex/com.android.hardware.memtrack.apex
[    8.763641] apexd: Found pre-installed APEX /vendor/apex/com.android.hardware.net.nlinterceptor.apex
[    8.763825] apexd: Found pre-installed APEX /vendor/apex/com.android.hardware.neuralnetworks.apex
[    8.763947] init: Not setting encryption policy on: /data/preloads
[    8.764002] apexd: Found pre-installed APEX /vendor/apex/com.android.hardware.power.apex
[    8.764258] apexd: Found pre-installed APEX /vendor/apex/com.android.hardware.rebootescrow.apex
[    8.764454] apexd: Found pre-installed APEX /vendor/apex/com.android.hardware.secure_element.apex
[    8.764648] apexd: Found pre-installed APEX /vendor/apex/com.android.hardware.security.authgraph.apex
[    8.764902] apexd: Found pre-installed APEX /vendor/apex/com.android.hardware.security.secretkeeper.apex
[    8.765114] apexd: Found pre-installed APEX /vendor/apex/com.android.hardware.tetheroffload.apex
[    8.765313] apexd: Found pre-installed APEX /vendor/apex/com.android.hardware.thermal.apex
[    8.765468] apexd: Found pre-installed APEX /vendor/apex/com.android.hardware.threadnetwork.apex
[    8.765651] apexd: Found pre-installed APEX /vendor/apex/com.android.hardware.usb.apex
[    8.765750] init: Encryption policy of /data/app-private set to d10115e1a7fb2746358ce31fe58a3e2a v2 modes 1/10 flags 0xa
[    8.765950] apexd: Found pre-installed APEX /vendor/apex/com.android.hardware.uwb.apex
[    8.766122] apexd: Found pre-installed APEX /vendor/apex/com.android.hardware.vibrator.apex
[    8.766295] apexd: Found pre-installed APEX /vendor/apex/com.android.hardware.wifi.apex
[    8.766466] apexd: Found pre-installed APEX /vendor/apex/com.google.cf.bt.apex
[    8.766510] init: Encryption policy of /data/app-ephemeral set to d10115e1a7fb2746358ce31fe58a3e2a v2 modes 1/10 flags 0xa
[    8.767417] apexd: Found pre-installed APEX /vendor/apex/com.google.cf.confirmationui.apex
[    8.767888] apexd: Found pre-installed APEX /vendor/apex/com.google.cf.disabled.apex
[    8.768078] apexd: Found pre-installed APEX /vendor/apex/com.google.cf.gralloc.apex
[    8.768239] init: Encryption policy of /data/app-asec set to d10115e1a7fb2746358ce31fe58a3e2a v2 modes 1/10 flags 0xa
[    8.768454] apexd: Found pre-installed APEX /vendor/apex/com.google.cf.health.apex
[    8.768620] apexd: Found pre-installed APEX /vendor/apex/com.google.cf.identity.apex
[    8.768684] init: Encryption policy of /data/app-lib set to d10115e1a7fb2746358ce31fe58a3e2a v2 modes 1/10 flags 0xa
[    8.768786] apexd: Found pre-installed APEX /vendor/apex/com.google.cf.input.config.apex
[    8.769308] apexd: Found pre-installed APEX /vendor/apex/com.google.cf.ir.apex
[    8.769480] apexd: Found pre-installed APEX /vendor/apex/com.google.cf.light.apex
[    8.769654] apexd: Found pre-installed APEX /vendor/apex/com.google.cf.nfc.apex
[    8.769826] apexd: Found pre-installed APEX /vendor/apex/com.google.cf.oemlock.apex
[    8.770009] apexd: Found pre-installed APEX /vendor/apex/com.google.cf.rild.apex
[    8.770182] apexd: Found pre-installed APEX /vendor/apex/com.google.cf.vulkan.apex
[    8.770190] init: Encryption policy of /data/app set to d10115e1a7fb2746358ce31fe58a3e2a v2 modes 1/10 flags 0xa
[    8.770351] apexd: Found pre-installed APEX /vendor/apex/com.google.cf.wifi.apex
[    8.771924] apexd: Found pre-installed APEX /vendor/apex/com.google.cf.wpa_supplicant.apex
[    8.772111] apexd: Found pre-installed APEX /vendor/apex/com.google.emulated.camera.provider.hal.apex
[    8.772311] apexd: Found pre-installed APEX /vendor/apex/com.google.emulated.camera.provider.hal.v4l2.apex
[    8.772317] init: Encryption policy of /data/app-metadata set to d10115e1a7fb2746358ce31fe58a3e2a v2 modes 1/10 flags 0xa
[    8.772521] apexd: Scanning /odm/apex for pre-installed ApexFiles
[    8.772974] apexd: /odm/apex does not exist. Skipping
[    8.773110] init: Encryption policy of /data/fonts set to d10115e1a7fb2746358ce31fe58a3e2a v2 modes 1/10 flags 0xa
[    8.774526] init: Encryption policy of /data/dalvik-cache set to d10115e1a7fb2746358ce31fe58a3e2a v2 modes 1/10 flags 0xa
[    8.775088] init: Encryption policy of /data/ota set to d10115e1a7fb2746358ce31fe58a3e2a v2 modes 1/10 flags 0xa
[    8.775684] init: Encryption policy of /data/ota_package set to d10115e1a7fb2746358ce31fe58a3e2a v2 modes 1/10 flags 0xa
[    8.776222] init: Encryption policy of /data/resource-cache set to d10115e1a7fb2746358ce31fe58a3e2a v2 modes 1/10 flags 0xa
[    8.776599] init: Not setting encryption policy on: /data/lost+found
[    8.789281] init: Encryption policy of /data/drm set to d10115e1a7fb2746358ce31fe58a3e2a v2 modes 1/10 flags 0xa
[    8.789839] init: Encryption policy of /data/mediadrm set to d10115e1a7fb2746358ce31fe58a3e2a v2 modes 1/10 flags 0xa
[    8.790476] init: Encryption policy of /data/nfc set to d10115e1a7fb2746358ce31fe58a3e2a v2 modes 1/10 flags 0xa
[    8.791176] init: Encryption policy of /data/backup set to d10115e1a7fb2746358ce31fe58a3e2a v2 modes 1/10 flags 0xa
[    8.791678] init: Encryption policy of /data/ss set to d10115e1a7fb2746358ce31fe58a3e2a v2 modes 1/10 flags 0xa
[    8.792184] init: Encryption policy of /data/system set to d10115e1a7fb2746358ce31fe58a3e2a v2 modes 1/10 flags 0xa
[    8.798032] init: Not setting encryption policy on: /data/media
[    8.802837] init: Not setting encryption policy on: /data/misc_ce
[    8.803201] init: Not setting encryption policy on: /data/misc_de
[    8.803520] init: Not setting encryption policy on: /data/system_ce
[    8.803853] init: Not setting encryption policy on: /data/system_de
[    8.804177] init: Not setting encryption policy on: /data/user
[    8.804483] init: Not setting encryption policy on: /data/user_de
[    8.804999] init: Not setting encryption policy on: /data/vendor_ce
[    8.805312] init: Not setting encryption policy on: /data/vendor_de
[    8.805610] init: Not setting encryption policy on: /data/storage_area
[    8.806092] init: starting service 'casefolding_remover'...
[    8.807599] libprocessgroup: Created cgroup /sys/fs/cgroup/system/uid_1023
[    8.808482] libprocessgroup: Created cgroup /sys/fs/cgroup/system/uid_1023/pid_496
[    8.810600] init: ... started service 'casefolding_remover' has pid 496
[    8.826202] apexd: Skipping APEX at path /vendor/apex/com.android.hardware.gatekeeper.cf_remote.apex because it does not match expected multi-install APEX property for com.android.hardware.gatekeeper
[    8.826678] apexd: Skipping APEX at path /vendor/apex/com.android.hardware.graphics.composer.drm_hwcomposer.apex because it does not match expected multi-install APEX property for com.android.hardware.graphics.composer
[    8.827114] apexd: Skipping APEX at path /vendor/apex/com.android.hardware.keymint.rust_cf_guest_trusty_nonsecure.apex because it does not match expected multi-install APEX property for com.android.hardware.keymint
[    8.827543] apexd: Skipping APEX at path /vendor/apex/com.android.hardware.keymint.rust_cf_remote.apex because it does not match expected multi-install APEX property for com.android.hardware.keymint
[    8.827912] apexd: Skipping APEX at path /vendor/apex/com.google.cf.disabled.apex because it's disabled via sysprop.
[    8.828162] apexd: Skipping APEX at path /vendor/apex/com.google.emulated.camera.provider.hal.v4l2.apex because it does not match expected multi-install APEX property for com.google.emulated.camera.provider.hal
[    8.828488] apexd: Successfully scanned 87 preinstalled APEXes duration=82ms
[    8.828634] apexd: Populating APEX database from mounts...
[    8.829074] apexd: Found "/apex/com.google.cf.vulkan@1" backed by file /vendor/apex/com.google.cf.vulkan.apex
[    8.829540] apexd: Found "/apex/com.google.cf.light@1" backed by file /vendor/apex/com.google.cf.light.apex
[    8.829788] apexd: Found "/apex/com.android.hardware.gatekeeper@1" backed by file /vendor/apex/com.android.hardware.gatekeeper.nonsecure.apex
[    8.830477] apexd: Found "/apex/com.android.hardware.ir@1" backed by file /vendor/apex/com.google.cf.ir.apex
[    8.830771] apexd: Found "/apex/com.android.sdkext@370399999" backed by file /system/apex/com.android.sdkext.apex
[    8.831030] apexd: Found "/apex/com.android.virt@370399999" backed by file /system/apex/com.android.virt.apex
[    8.831311] apexd: Found "/apex/com.google.cf.input.config@1" backed by file /vendor/apex/com.google.cf.input.config.apex
[    8.832428] apexd: Found "/apex/com.android.os.statsd@370399999" backed by file /system/apex/com.android.os.statsd.apex
[    8.832732] apexd: Found "/apex/com.android.hardware.power@1" backed by file /vendor/apex/com.android.hardware.power.apex
[    8.833493] apexd: Found "/apex/com.google.cf.wifi@1" backed by file /vendor/apex/com.google.cf.wifi.apex
[    8.833789] apexd: Found "/apex/com.google.emulated.camera.provider.hal@1" backed by file /vendor/apex/com.google.emulated.camera.provider.hal.apex
[    8.834277] apexd: Found "/apex/com.android.hardware.uwb@1" backed by file /vendor/apex/com.android.hardware.uwb.apex
[    8.834589] apexd: Found "/apex/com.android.hardware.tetheroffload@1" backed by file /vendor/apex/com.android.hardware.tetheroffload.apex
[    8.834917] apexd: Found "/apex/com.android.hardware.drm.clearkey@1" backed by file /vendor/apex/com.android.hardware.drm.clearkey.apex
[    8.835240] apexd: Found "/apex/com.android.hardware.memtrack@1" backed by file /vendor/apex/com.android.hardware.memtrack.apex
[    8.835539] apexd: Found "/apex/com.google.cf.wpa_supplicant@1" backed by file /vendor/apex/com.google.cf.wpa_supplicant.apex
[    8.835853] apexd: Found "/apex/com.android.hardware.audio@1" backed by file /vendor/apex/com.android.hardware.audio.apex
[    8.836207] apexd: Found "/apex/com.android.ipsec@370399999" backed by file /system/apex/com.android.ipsec.apex
[    8.836448] apexd: Found "/apex/com.android.hardware.threadnetwork@1" backed by file /vendor/apex/com.android.hardware.threadnetwork.apex
[    8.836484] init: Wait for property 'ro.casefolding.adjusted=1' took 25ms
[    8.836814] apexd: Found "/apex/com.android.hardware.vibrator@1" backed by file /vendor/apex/com.android.hardware.vibrator.apex
[    8.837765] apexd: Found "/apex/com.android.hardware.usb@1" backed by file /vendor/apex/com.android.hardware.usb.apex
[    8.838084] apexd: Found "/apex/com.google.cf.confirmationui@1" backed by file /vendor/apex/com.google.cf.confirmationui.apex
[    8.838381] apexd: Found "/apex/com.google.cf.bt@1" backed by file /vendor/apex/com.google.cf.bt.apex
[    8.838628] apexd: Found "/apex/com.android.hardware.contexthub@1" backed by file /vendor/apex/com.android.hardware.contexthub.apex
[    8.838934] apexd: Found "/apex/com.google.cf.gralloc@1" backed by file /vendor/apex/com.google.cf.gralloc.apex
[    8.839215] apexd: Found "/apex/com.android.vndk.v31@1" backed by file /system_ext/apex/com.android.vndk.v31.apex
[    8.839475] apexd: Found "/apex/com.google.cf.health@1" backed by file /vendor/apex/com.google.cf.health.apex
[    8.839734] apexd: Found "/apex/com.android.wifi@370399999" backed by file /system/apex/com.android.wifi.apex
[    8.840021] apexd: Found "/apex/com.android.hardware.thermal@1" backed by file /vendor/apex/com.android.hardware.thermal.apex
[    8.841387] apexd: Found "/apex/com.google.cf.identity@1" backed by file /vendor/apex/com.google.cf.identity.apex
[    8.841625] apexd: Found "/apex/com.android.hardware.biometrics.face.virtual@2" backed by file /system_ext/apex/com.android.hardware.biometrics.face.virtual.apex
[    8.841708] init: Service 'casefolding_remover' (pid 496) exited with status 0 oneshot service took 0.034000 seconds in background
[    8.842121] init: Sending SIGKILL to service 'casefolding_remover' (pid 496) process group...
[    8.842164] apexd: Found "/apex/com.android.nfcservices@370399999" backed by file /system/apex/com.android.nfcservices.apex
[    8.842673] apexd: Found "/apex/com.android.hardware.biometrics.fingerprint.virtual@1" backed by file /system_ext/apex/com.android.hardware.biometrics.fingerprint.virtual.apex
[    8.842746] libprocessgroup: Removed cgroup /sys/fs/cgroup/system/uid_1023/pid_496
[    8.843165] apexd: Found "/apex/com.android.webapp@370399999" backed by file /system/apex/com.android.webapp.apex
[    8.843613] apexd: Found "/apex/com.android.hardware.security.secretkeeper@1" backed by file /vendor/apex/com.android.hardware.security.secretkeeper.apex
[    8.843944] apexd: Found "/apex/com.android.cellbroadcast@370399999" backed by file /system/apex/com.android.cellbroadcast.apex
[    8.845395] apexd: Found "/apex/com.android.adbd@370399999" backed by file /system/apex/com.android.adbd.apex
[    8.845675] apexd: Found "/apex/com.android.runtime@1" backed by file /system/apex/com.android.runtime.apex
[    8.845913] apexd: Found "/apex/com.android.tzdata@370399999" backed by file /system/apex/com.android.tzdata.apex
[    8.846161] apexd: Found "/apex/com.android.hardware.boot@1" backed by file /vendor/apex/com.android.hardware.boot.apex
[    8.846490] apexd: Found "/apex/com.android.art@370399999" backed by file /system/apex/com.android.art.apex
[    8.846743] apexd: Found "/apex/com.android.media.swcodec@370399999" backed by file /system/apex/com.android.media.swcodec.apex
[    8.846998] apexd: Found "/apex/com.android.i18n@1" backed by file /system/apex/com.android.i18n.apex
[    8.847263] apexd: Found "/apex/com.android.hardware.net.nlinterceptor@1" backed by file /vendor/apex/com.android.hardware.net.nlinterceptor.apex
[    8.847619] apexd: Found "/apex/com.android.adservices@370399999" backed by file /system/apex/com.android.adservices.apex
[    8.847906] apexd: Found "/apex/com.android.hardware.neuralnetworks@1" backed by file /vendor/apex/com.android.hardware.neuralnetworks.apex
[    8.848238] apexd: Found "/apex/com.android.hardware.cas@1" backed by file /vendor/apex/com.android.hardware.cas.apex
[    8.848553] apexd: Found "/apex/com.android.configinfrastructure@370399999" backed by file /system/apex/com.android.configinfrastructure.apex
[    8.849016] apexd: Found "/apex/com.android.npumanager@370399999" backed by file /system/apex/com.android.npumanager.apex
[    8.849298] apexd: Found "/apex/com.android.hardware.wifi@1" backed by file /vendor/apex/com.android.hardware.wifi.apex
[    8.849576] apexd: Found "/apex/com.android.vndk.v33@1" backed by file /system_ext/apex/com.android.vndk.v33.apex
[    8.849838] apexd: Found "/apex/com.android.rkpd@370399999" backed by file /system/apex/com.android.rkpd.apex
[    8.850112] apexd: Found "/apex/com.android.devicelock@1" backed by file /system/apex/com.android.devicelock.apex
[    8.850456] apexd: Found "/apex/com.android.mediaprovider@370399999" backed by file /system/apex/com.android.mediaprovider.apex
[    8.850760] apexd: Found "/apex/com.android.tethering@370399999" backed by file /system/apex/com.android.tethering.apex
[    8.851048] apexd: Found "/apex/com.google.cf.oemlock@1" backed by file /vendor/apex/com.google.cf.oemlock.apex
[    8.851322] apexd: Found "/apex/com.android.hardware.security.authgraph@1" backed by file /vendor/apex/com.android.hardware.security.authgraph.apex
[    8.851616] apexd: Found "/apex/com.android.hardware.keymint@1" backed by file /vendor/apex/com.android.hardware.keymint.rust_nonsecure.apex
[    8.851892] apexd: Found "/apex/com.android.conscrypt@370399999" backed by file /system/apex/com.android.conscrypt.apex
[    8.852559] apexd: Found "/apex/com.android.hardware.dumpstate@1" backed by file /vendor/apex/com.android.hardware.dumpstate.apex
[    8.852922] apexd: Found "/apex/com.android.hardware.authsecret@1" backed by file /vendor/apex/com.android.hardware.authsecret.apex
[    8.853240] apexd: Found "/apex/com.android.compos@370399999" backed by file /system_ext/apex/com.android.compos.apex
[    8.853498] apexd: Found "/apex/com.android.scheduling@370399999" backed by file /system/apex/com.android.scheduling.apex
[    8.853830] apexd: Found "/apex/com.google.cf.rild@1" backed by file /vendor/apex/com.google.cf.rild.apex
[    8.854050] apexd: Found "/apex/com.google.cf.nfc@1" backed by file /vendor/apex/com.google.cf.nfc.apex
[    8.855112] apexd: Found "/apex/com.android.resolv@370399999" backed by file /system/apex/com.android.resolv.apex
[    8.855401] apexd: Found "/apex/com.android.telephonycore@370399999" backed by file /system/apex/com.android.telephonycore.apex
[    8.855709] apexd: Found "/apex/com.android.healthfitness@370399999" backed by file /system/apex/com.android.healthfitness.apex
[    8.857222] apexd: Found "/apex/com.android.neuralnetworks@370399999" backed by file /system/apex/com.android.neuralnetworks.apex
[    8.857507] apexd: Found "/apex/com.android.media@370399999" backed by file /system/apex/com.android.media.apex
[    8.857751] apexd: Found "/apex/com.android.permission@370399999" backed by file /system/apex/com.android.permission.apex
[    8.858067] apexd: Found "/apex/com.android.ondevicepersonalization@370399999" backed by file /system/apex/com.android.ondevicepersonalization.apex
[    8.858386] apexd: Found "/apex/com.android.hardware.rebootescrow@1" backed by file /vendor/apex/com.android.hardware.rebootescrow.apex
[    8.858679] apexd: Found "/apex/com.android.crashrecovery@370399999" backed by file /system/apex/com.android.crashrecovery.apex
[    8.859010] apexd: Found "/apex/com.android.apex.cts.shim@1" backed by file /system/apex/com.android.apex.cts.shim.apex
[    8.859314] apexd: Found "/apex/com.android.hardware.secure_element@1" backed by file /vendor/apex/com.android.hardware.secure_element.apex
[    8.859692] apexd: Found "/apex/com.android.extservices@370399999" backed by file /system/apex/com.android.extservices.apex
[    8.859957] apexd: Found "/apex/com.android.uprobestats@370399999" backed by file /system/apex/com.android.uprobestats.apex
[    8.860254] apexd: Found "/apex/com.android.hardware.graphics.composer@1" backed by file /vendor/apex/com.android.hardware.graphics.composer.ranchu.apex
[    8.860563] apexd: Found "/apex/com.android.uwb@370399999" backed by file /system/apex/com.android.uwb.apex
[    8.860800] apexd: Found "/apex/com.android.hardware.input.processor@1" backed by file /vendor/apex/com.android.hardware.input.processor.apex
[    8.861222] apexd: Found "/apex/com.android.vndk.v32@1" backed by file /system_ext/apex/com.android.vndk.v32.apex
[    8.862319] apexd: Found "/apex/com.android.vndk.v34@1" backed by file /system_ext/apex/com.android.vndk.v34.apex
[    8.862627] apexd: Found "/apex/com.android.appsearch@370399999" backed by file /system/apex/com.android.appsearch.apex
[    8.862890] apexd: Found "/apex/com.android.bt@370399999" backed by file /system/apex/com.android.bt.apex
[    8.863203] apexd: Found "/apex/com.android.profiling@370399999" backed by file /system/apex/com.android.profiling.apex
[    8.863488] apexd: Found "/apex/com.android.hardware.gnss@1" backed by file /vendor/apex/com.android.hardware.gnss.apex
[    8.863790] apexd: 87 packages restored.
[    8.863908] apexd: Marking APEXd as starting
[    8.864605] apexd: OnStart done, duration=0
[    8.865695] libbinder.AidlLazyServiceRegistrar: Registering service apexservice
[    8.866313] apexd: Marking APEXd as activated
[    8.867506] servicemanager: Notifying apexservice they do (previously: don't) have clients when service is guaranteed to be in use
[    8.868010] libbinder.AidlLazyServiceRegistrar: Process has 1 (of 1 available) client(s) in use after notification apexservice has clients: 1
[    8.868423] libbinder.AidlLazyServiceRegistrar: Shutdown prevented by forcePersist override flag.
[    8.870536] apexd: getActivePackages received by ApexService
[    8.871041] init: Encryption policy of /data/cache set to d10115e1a7fb2746358ce31fe58a3e2a v2 modes 1/10 flags 0xa
[    8.873020] init: Encryption policy of /data/rollback set to d10115e1a7fb2746358ce31fe58a3e2a v2 modes 1/10 flags 0xa
[    8.873562] init: Encryption policy of /data/rollback-observer set to d10115e1a7fb2746358ce31fe58a3e2a v2 modes 1/10 flags 0xa
[    8.874155] init: Encryption policy of /data/rollback-history set to d10115e1a7fb2746358ce31fe58a3e2a v2 modes 1/10 flags 0xa
[    8.874688] init: Encryption policy of /data/incremental set to d10115e1a7fb2746358ce31fe58a3e2a v2 modes 1/10 flags 0xa
[    8.877417] init: start_waiting_for_property("apexd.status", "activated"): already set
[    8.897573] init: Wait for property 'keystore.module_hash.sent=true' took 19ms
[    8.906410] init: starting service 'system_aconfigd_socket_service'...
[    8.907182] init: Created socket '/dev/socket/aconfigd_system', mode 666, user 1000, group 1000
[    8.908408] libprocessgroup: Created cgroup /sys/fs/cgroup/system/uid_1000/pid_569
[    8.909723] init: ... started service 'system_aconfigd_socket_service' has pid 569
[    8.912593] init: starting service 'mainline_aconfigd_init'...
[    8.913956] libprocessgroup: Created cgroup /sys/fs/cgroup/system/uid_1000/pid_570
[    8.915843] init: ... started service 'mainline_aconfigd_init' has pid 570
[    8.916073] init: SVC_EXEC service 'mainline_aconfigd_init' pid 570 (uid 1000 gid 1000+0 context default) started; waiting...
[    8.933200] init: Service 'system_aconfigd_socket_service' (pid 569) exited with status 0 oneshot service took 0.024000 seconds in background
[    8.933700] init: Sending SIGKILL to service 'system_aconfigd_socket_service' (pid 569) process group...
[    8.934159] libprocessgroup: Removed cgroup /sys/fs/cgroup/system/uid_1000/pid_569
[   10.935255] init: Service 'mainline_aconfigd_init' (pid 570) exited with status 0 waiting took 2.021000 seconds
[   10.935656] init: Sending SIGKILL to service 'mainline_aconfigd_init' (pid 570) process group...
[   10.936115] libprocessgroup: Removed cgroup /sys/fs/cgroup/system/uid_1000/pid_570
[   10.936919] init: starting service 'mainline_aconfigd_socket_service'...
[   10.937289] init: Created socket '/dev/socket/aconfigd_mainline', mode 666, user 1000, group 1000
[   10.938624] libprocessgroup: Created cgroup /sys/fs/cgroup/system/uid_1000/pid_571
[   10.939971] init: ... started service 'mainline_aconfigd_socket_service' has pid 571
[   10.943178] init: starting service 'derive_sdk'...
[   10.944240] libprocessgroup: Created cgroup /sys/fs/cgroup/system/uid_9999/pid_572
[   10.947041] init: ... started service 'derive_sdk' has pid 572
[   10.947294] init: SVC_EXEC service 'derive_sdk' pid 572 (uid 9999 gid 9999+0 context default) started; waiting...
[   10.950924] init: Service 'mainline_aconfigd_socket_service' (pid 571) exited with status 0 oneshot service took 0.012000 seconds in background
[   10.951286] init: Sending SIGKILL to service 'mainline_aconfigd_socket_service' (pid 571) process group...
[   10.951654] libprocessgroup: Removed cgroup /sys/fs/cgroup/system/uid_1000/pid_571
[   10.962125] init: Service 'derive_sdk' (pid 572) exited with status 0 waiting took 0.017000 seconds
[   10.964059] init: Sending SIGKILL to service 'derive_sdk' (pid 572) process group...
[   10.964341] libprocessgroup: Removed cgroup /sys/fs/cgroup/system/uid_9999/pid_572
[   10.965009] init: starting service 'exec 10 (/system/bin/vdc --wait cryptfs init_user0)'...
[   10.965963] libprocessgroup: Created cgroup /sys/fs/cgroup/system/uid_0/pid_573
[   10.966915] init: ... started service 'exec 10 (/system/bin/vdc --wait cryptfs init_user0)' has pid 573
[   10.967184] init: SVC_EXEC service 'exec 10 (/system/bin/vdc --wait cryptfs init_user0)' pid 573 (uid 0 gid 0+0 context default) started; waiting...
[   10.978412] libbinder.BackendUnifiedServiceManager: Thread Pool max thread count is 0. Cannot cache binder as linkToDeath cannot be implemented. serviceName: vold
[   10.981323] vold: keystore2 Keystore generateKey returned service specific error: -67
[   10.982166] vold: Failed to generate rollback-resistant key.  This is expected if keystore doesn't support rollback resistance.  Falling back to non-rollback-resistant key.
[   11.019170] init: Service 'exec 10 (/system/bin/vdc --wait cryptfs init_user0)' (pid 573) exited with status 0 waiting took 0.053000 seconds
[   11.019434] init: Sending SIGKILL to service 'exec 10 (/system/bin/vdc --wait cryptfs init_user0)' (pid 573) process group...
[   11.019789] libprocessgroup: Removed cgroup /sys/fs/cgroup/system/uid_0/pid_573
[   11.051256] selinux: SELinux: Skipping restorecon on directory(/data/system/shutdown-checkpoints)
[   11.069705] init: starting service 'derive_classpath'...
[   11.070824] libprocessgroup: Created cgroup /sys/fs/cgroup/system/uid_1000/pid_575
[   11.072312] init: ... started service 'derive_classpath' has pid 575
[   11.072564] init: SVC_EXEC service 'derive_classpath' pid 575 (uid 1000 gid 1000+1 context default) started; waiting...
[   11.100199] init: Service 'derive_classpath' (pid 575) exited with status 0 waiting took 0.029000 seconds
[   11.100437] init: Sending SIGKILL to service 'derive_classpath' (pid 575) process group...
[   11.100772] libprocessgroup: Removed cgroup /sys/fs/cgroup/system/uid_1000/pid_575
[   11.101831] init: starting service 'art_boot'...
[   11.102718] libprocessgroup: Created cgroup /sys/fs/cgroup/system/uid_0/pid_576
[   11.104128] init: ... started service 'art_boot' has pid 576
[   11.105135] init: SVC_EXEC service 'art_boot' pid 576 (uid 0 gid 0+0 context default) started; waiting...
[   11.116625] init: Service 'art_boot' (pid 576) exited with status 0 waiting took 0.013000 seconds
[   11.116965] init: Sending SIGKILL to service 'art_boot' (pid 576) process group...
[   11.117266] libprocessgroup: Removed cgroup /sys/fs/cgroup/system/uid_0/pid_576
[   11.118041] init: starting service 'odsign'...
[   11.118914] libprocessgroup: Created cgroup /sys/fs/cgroup/system/uid_0/pid_577
[   11.120097] init: ... started service 'odsign' has pid 577
[   11.444764] fs-verity: sha256 using implementation "sha256-ni" (multibuffer)
[   11.448164] init: Wait for property 'odsign.key.done=1' took 327ms
[   11.448900] init: starting service 'apexd-snapshotde'...
[   11.450072] libprocessgroup: Created cgroup /sys/fs/cgroup/system/uid_0/pid_580
[   11.451264] init: ... started service 'apexd-snapshotde' has pid 580
[   11.453128] init: SVC_EXEC service 'apexd-snapshotde' pid 580 (uid 0 gid 1000+0 context default) started; waiting...
[   11.453350] init: Sending SIGKILL to service 'odsign' (pid 577) process group...
[   11.454495] libprocessgroup: Removed cgroup /sys/fs/cgroup/system/uid_0/pid_577
[   11.454874] init: Control message: Processed ctl.stop for 'odsign' from pid: 577 (/system/bin/odsign)
[   11.455422] init: Service 'odsign' (pid 577) received SIGKILL
[   11.456284] init: Sending SIGKILL to service 'odsign' (pid 577) process group...
[   11.457196] libprocessgroup: Failed to write 1 to /sys/fs/cgroup/system/uid_0/pid_577/cgroup.kill: No such file or directory
[   11.468803] apexd: Started. subcommand = --snapshotde
[   11.469556] libbinder.BackendUnifiedServiceManager: Thread Pool max thread count is 0. Cannot cache binder as linkToDeath cannot be implemented. serviceName: vold
[   11.470236] apexd-snapshotde: Marking APEXd as ready
[   11.471531] init: Service 'apexd-snapshotde' (pid 580) exited with status 0 waiting took 0.021000 seconds
[   11.473212] init: Sending SIGKILL to service 'apexd-snapshotde' (pid 580) process group...
[   11.473549] libprocessgroup: Removed cgroup /sys/fs/cgroup/system/uid_0/pid_580
[   11.481499] init: processing action (post-fs-data) from (/system/etc/init/hw/init.usb.rc:6)
[   11.482258] init: Encryption policy of /data/adb set to d10115e1a7fb2746358ce31fe58a3e2a v2 modes 1/10 flags 0xa
[   11.482609] init: processing action (post-fs-data) from (/system/etc/init/bootstat.rc:9)
[   11.483193] init: processing action (ro.boot.dynamic_partitions=true && ro.debuggable=1 && post-fs-data) from (/system/etc/init/clean_scratch_files.rc:1)
[   11.483682] init: starting service 'exec 11 (/system/bin/clean_scratch_files)'...
[   11.484747] libprocessgroup: Created cgroup /sys/fs/cgroup/system/uid_0/pid_581
[   11.486191] init: ... started service 'exec 11 (/system/bin/clean_scratch_files)' has pid 581
[   11.486800] init: processing action (post-fs-data) from (/system/etc/init/gsid.rc:17)
[   11.487196] init: Not setting encryption policy on: /data/gsi
[   11.487975] init: processing action (post-fs-data) from (/system/etc/init/incidentd.rc:21)
[   11.488978] init: processing action (post-fs-data) from (/system/etc/init/logtagd.rc:4)
[   11.489639] init: processing action (post-fs-data) from (/system/etc/init/perfetto.rc:104)
[   11.489955] init: Command 'rm /data/misc/perfetto-traces/.guardraildata' action=post-fs-data (/system/etc/init/perfetto.rc:105) took 0ms and failed: unlink() failed: No such file or directory
[   11.490453] init: processing action (post-fs-data) from (/system/etc/init/pmgd.rc:28)
[   11.491002] init: processing action (post-fs-data) from (/system/etc/init/profcollectd.rc:23)
[   11.493353] init: processing action (post-fs-data) from (/system/etc/init/recovery-persist.rc:1)
[   11.493798] init: starting service 'exec 12 (/system/bin/recovery-persist)'...
[   11.495016] libprocessgroup: Created cgroup /sys/fs/cgroup/system/uid_1000/pid_582
[   11.497390] init: ... started service 'exec 12 (/system/bin/recovery-persist)' has pid 582
[   11.505013] init: processing action (post-fs-data) from (/system/etc/init/wifi.rc:18)
[   11.505743] selinux: SELinux: Skipping restorecon on directory(/data/misc/apexdata/com.android.wifi)
[   11.506084] init: processing action (post-fs-data) from (/system_ext/etc/init/rpmb_dev.test.system.rc:37)
[   11.507106] init: Top-level directory needs encryption action, eg mkdir /data/secure_storage_test_system <mode> <uid> <gid> encryption=Require
[   11.508379] init: Encryption policy of /data/secure_storage_test_system set to d10115e1a7fb2746358ce31fe58a3e2a v2 modes 1/10 flags 0xa
[   11.511680] init: Service 'exec 11 (/system/bin/clean_scratch_files)' (pid 581) exited with status 0 oneshot service took 0.027000 seconds in background
[   11.512100] init: Sending SIGKILL to service 'exec 11 (/system/bin/clean_scratch_files)' (pid 581) process group...
[   11.512516] libprocessgroup: Removed cgroup /sys/fs/cgroup/system/uid_0/pid_581
[   11.513086] init: starting service 'rpmb_mock_init_test_system'...
[   11.513965] libprocessgroup: Created cgroup /sys/fs/cgroup/system/uid_1000/pid_583
[   11.515303] init: ... started service 'rpmb_mock_init_test_system' has pid 583
[   11.515706] init: SVC_EXEC service 'rpmb_mock_init_test_system' pid 583 (uid 1000 gid 1000+0 context default) started; waiting...
[   11.516087] init: Service 'exec 12 (/system/bin/recovery-persist)' (pid 582) exited with status 0 oneshot service took 0.021000 seconds in background
[   11.516461] init: Sending SIGKILL to service 'exec 12 (/system/bin/recovery-persist)' (pid 582) process group...
[   11.517299] libprocessgroup: Removed cgroup /sys/fs/cgroup/system/uid_1000/pid_582
[   11.579482] init: Service 'rpmb_mock_init_test_system' (pid 583) exited with status 0 waiting took 0.065000 seconds
[   11.580036] init: Sending SIGKILL to service 'rpmb_mock_init_test_system' (pid 583) process group...
[   11.580970] libprocessgroup: Removed cgroup /sys/fs/cgroup/system/uid_1000/pid_583
[   11.582172] init: starting service 'rpmb_mock_test_system'...
[   11.582644] init: Created socket '/dev/socket/rpmb_mock_test_system', mode 660, user 1000, group 1000
[   11.584140] libprocessgroup: Created cgroup /sys/fs/cgroup/system/uid_1000/pid_584
[   11.586306] init: ... started service 'rpmb_mock_test_system' has pid 584
[   11.588092] init: processing action (ro.vendor.disable_rename_eth0= && post-fs-data) from (/vendor/etc/init/init.cutf_cvm.rc:57)
[   11.588436] init: wait for '/sys/class/net/eth0' took 0ms
[   11.589238] init: starting service 'rename_eth0'...
[   11.590304] libprocessgroup: Created cgroup /sys/fs/cgroup/system/uid_0/pid_585
[   11.592154] init: ... started service 'rename_eth0' has pid 585
[   11.596908] init: processing action (post-fs-data) from (/vendor/etc/init/init.cutf_cvm.rc:67)
[   11.598229] init: processing action (ro.boot.wifi_impl=mac80211_hwsim_virtio && post-fs-data) from (/vendor/etc/init/init.cutf_cvm.rc:77)
[   11.600997] init: starting service 'init_wifi_sh'...
[   11.602174] libprocessgroup: Created cgroup /sys/fs/cgroup/system/uid_0/pid_586
[   11.604005] init: ... started service 'init_wifi_sh' has pid 586
[   11.604213] init: processing action (load-bpf-programs) from (/system/etc/init/init-perfetto.rc:6)
[   11.605474] init: processing action (load-bpf-programs) from (/system/etc/init/init-perfetto.rc:6)
[   11.606614] init: processing action (load-bpf-programs) from (/system/etc/init/netbpfload.rc:38)
[   11.607220] init: starting service 'bpfloader'...
[   11.608200] libprocessgroup: Created cgroup /sys/fs/cgroup/system/uid_0/pid_587
[   11.613440] init: ... started service 'bpfloader' has pid 587
[   11.613633] init: SVC_EXEC service 'bpfloader' pid 587 (uid 0 gid 0+7 context default) started; waiting...
[   11.625747] virtio_net virtio1 buried_eth0: renamed from eth0
[   11.627279] init: Service 'rename_eth0' (pid 585) exited with status 0 oneshot service took 0.037000 seconds in background
[   11.627744] init: Sending SIGKILL to service 'rename_eth0' (pid 585) process group...
[   11.629065] libprocessgroup: Removed cgroup /sys/fs/cgroup/system/uid_0/pid_585
[   11.630631] NetBpfLoad: /apex/com.android.tethering/bin/netbpfload api:37/3700 kver:60c004a (64-on-x86-64:4k) libbpf: v1.4 uid:0 rc:01 user:010
[   11.631572] NetBpfLoad: Tethering APEX version 370399999 (system: 370399999)
[   11.631973] NetBpfLoad: detected 5 of 5: 2026Q2 api:37.0.0=3700
[   11.637229] type=1334 audit(1790844729.819:5): prog-id=1 op=LOAD
[   11.638100] type=1300 audit(1790844729.819:5): arch=c000003e syscall=321 success=yes exit=3 a0=5 a1=7ffc8df99b68 a2=74 a3=0 items=0 ppid=1 auid=4294967295 uid=0 gid=0 euid=0 suid=0 fsuid=0 egid=0 sgid=0 fsgid=0 tty=(none) ses=4294967295 comm="netbpfload" exe="/apex/com.android.tethering/bin/netbpfload" subj=u:r:bpfloader:s0 key=(null)
[   11.638564] type=1327 audit(1790844729.819:5): proctitle="/apex/com.android.tethering/bin/netbpfload"
[   11.638726] type=1320 audit(1790844729.819:5): 
[   11.638837] type=1334 audit(1790844729.819:6): prog-id=1 op=UNLOAD
[   11.639025] type=1300 audit(1790844729.819:6): arch=c000003e syscall=3 success=yes exit=0 a0=3 a1=0 a2=0 a3=0 items=0 ppid=1 auid=4294967295 uid=0 gid=0 euid=0 suid=0 fsuid=0 egid=0 sgid=0 fsgid=0 tty=(none) ses=4294967295 comm="netbpfload" exe="/apex/com.android.tethering/bin/netbpfload" subj=u:r:bpfloader:s0 key=(null)
[   11.639574] type=1327 audit(1790844729.819:6): proctitle="/apex/com.android.tethering/bin/netbpfload"
[   11.639800] type=1320 audit(1790844729.819:6): 
[   11.644262] type=1334 audit(1790844729.823:7): prog-id=2 op=LOAD
[   11.646244] type=1300 audit(1790844729.823:7): arch=c000003e syscall=321 success=yes exit=3 a0=5 a1=7ffc8df99fd0 a2=98 a3=0 items=0 ppid=1 auid=4294967295 uid=0 gid=0 euid=0 suid=0 fsuid=0 egid=0 sgid=0 fsgid=0 tty=(none) ses=4294967295 comm="netbpfload" exe="/apex/com.android.tethering/bin/netbpfload" subj=u:r:bpfloader:s0 key=(null)
[   11.646848] type=1327 audit(1790844729.823:7): proctitle="/apex/com.android.tethering/bin/netbpfload"
[   11.647097] type=1320 audit(1790844729.823:7): 
[   11.647610] type=1334 audit(1790844729.831:8): prog-id=3 op=LOAD
[   11.648789] type=1300 audit(1790844729.831:8): arch=c000003e syscall=321 success=yes exit=13 a0=5 a1=7ffc8df99fd0 a2=98 a3=0 items=0 ppid=1 auid=4294967295 uid=0 gid=0 euid=0 suid=0 fsuid=0 egid=0 sgid=0 fsgid=0 tty=(none) ses=4294967295 comm="netbpfload" exe="/apex/com.android.tethering/bin/netbpfload" subj=u:r:bpfloader:s0 key=(null)
[   11.649881] type=1327 audit(1790844729.831:8): proctitle="/apex/com.android.tethering/bin/netbpfload"
[   11.653032] type=1320 audit(1790844729.831:8): 
[   11.653512] type=1334 audit(1790844729.831:9): prog-id=4 op=LOAD
[   11.653646] type=1300 audit(1790844729.831:9): arch=c000003e syscall=321 success=yes exit=14 a0=5 a1=7ffc8df99fd0 a2=98 a3=0 items=0 ppid=1 auid=4294967295 uid=0 gid=0 euid=0 suid=0 fsuid=0 egid=0 sgid=0 fsgid=0 tty=(none) ses=4294967295 comm="netbpfload" exe="/apex/com.android.tethering/bin/netbpfload" subj=u:r:bpfloader:s0 key=(null)
[   11.654161] type=1327 audit(1790844729.831:9): proctitle="/apex/com.android.tethering/bin/netbpfload"
[   11.654343] type=1320 audit(1790844729.831:9): 
[   11.654482] type=1334 audit(1790844729.835:10): prog-id=5 op=LOAD
[   11.654617] type=1300 audit(1790844729.835:10): arch=c000003e syscall=321 success=yes exit=15 a0=5 a1=7ffc8df99fd0 a2=98 a3=0 items=0 ppid=1 auid=4294967295 uid=0 gid=0 euid=0 suid=0 fsuid=0 egid=0 sgid=0 fsgid=0 tty=(none) ses=4294967295 comm="netbpfload" exe="/apex/com.android.tethering/bin/netbpfload" subj=u:r:bpfloader:s0 key=(null)
[   11.655104] type=1327 audit(1790844729.835:10): proctitle="/apex/com.android.tethering/bin/netbpfload"
[   11.655683] type=1320 audit(1790844729.835:10): 
[   11.655821] type=1334 audit(1790844729.835:11): prog-id=6 op=LOAD
[   11.656002] type=1300 audit(1790844729.835:11): arch=c000003e syscall=321 success=yes exit=16 a0=5 a1=7ffc8df99fd0 a2=98 a3=0 items=0 ppid=1 auid=4294967295 uid=0 gid=0 euid=0 suid=0 fsuid=0 egid=0 sgid=0 fsgid=0 tty=(none) ses=4294967295 comm="netbpfload" exe="/apex/com.android.tethering/bin/netbpfload" subj=u:r:bpfloader:s0 key=(null)
[   11.656624] type=1327 audit(1790844729.835:11): proctitle="/apex/com.android.tethering/bin/netbpfload"
[   11.658132] type=1320 audit(1790844729.835:11): 
[   11.659804] type=1334 audit(1790844729.835:12): prog-id=7 op=LOAD
[   11.660227] type=1300 audit(1790844729.835:12): arch=c000003e syscall=321 success=yes exit=17 a0=5 a1=7ffc8df99fd0 a2=98 a3=0 items=0 ppid=1 auid=4294967295 uid=0 gid=0 euid=0 suid=0 fsuid=0 egid=0 sgid=0 fsgid=0 tty=(none) ses=4294967295 comm="netbpfload" exe="/apex/com.android.tethering/bin/netbpfload" subj=u:r:bpfloader:s0 key=(null)
[   11.662242] type=1327 audit(1790844729.835:12): proctitle="/apex/com.android.tethering/bin/netbpfload"
[   11.662716] type=1320 audit(1790844729.835:12): 
[   11.663054] type=1334 audit(1790844729.839:13): prog-id=8 op=LOAD
[   11.663251] type=1300 audit(1790844729.839:13): arch=c000003e syscall=321 success=yes exit=18 a0=5 a1=7ffc8df99fd0 a2=98 a3=0 items=0 ppid=1 auid=4294967295 uid=0 gid=0 euid=0 suid=0 fsuid=0 egid=0 sgid=0 fsgid=0 tty=(none) ses=4294967295 comm="netbpfload" exe="/apex/com.android.tethering/bin/netbpfload" subj=u:r:bpfloader:s0 key=(null)
[   11.668721] type=1327 audit(1790844729.839:13): proctitle="/apex/com.android.tethering/bin/netbpfload"
[   11.672577] type=1320 audit(1790844729.839:13): 
[   11.672932] type=1334 audit(1790844729.839:14): prog-id=9 op=LOAD
[   11.673169] type=1300 audit(1790844729.839:14): arch=c000003e syscall=321 success=yes exit=19 a0=5 a1=7ffc8df99fd0 a2=98 a3=0 items=0 ppid=1 auid=4294967295 uid=0 gid=0 euid=0 suid=0 fsuid=0 egid=0 sgid=0 fsgid=0 tty=(none) ses=4294967295 comm="netbpfload" exe="/apex/com.android.tethering/bin/netbpfload" subj=u:r:bpfloader:s0 key=(null)
[   11.674398] type=1327 audit(1790844729.839:14): proctitle="/apex/com.android.tethering/bin/netbpfload"
[   11.676172] type=1320 audit(1790844729.839:14): 
[   11.676455] type=1334 audit(1790844729.843:15): prog-id=10 op=LOAD
[   11.677294] type=1300 audit(1790844729.843:15): arch=c000003e syscall=321 success=yes exit=3 a0=5 a1=7ffc8df986d0 a2=94 a3=2 items=0 ppid=1 auid=4294967295 uid=0 gid=0 euid=0 suid=0 fsuid=0 egid=0 sgid=0 fsgid=0 tty=(none) ses=4294967295 comm="netbpfload" exe="/apex/com.android.tethering/bin/netbpfload" subj=u:r:bpfloader:s0 key=(null)
[   11.683620] type=1327 audit(1790844729.843:15): proctitle="/apex/com.android.tethering/bin/netbpfload"
[   11.683953] type=1320 audit(1790844729.843:15): 
[   11.684134] type=1334 audit(1790844729.843:16): prog-id=10 op=UNLOAD
[   11.684450] type=1300 audit(1790844729.843:16): arch=c000003e syscall=3 success=yes exit=0 a0=3 a1=0 a2=0 a3=2 items=0 ppid=1 auid=4294967295 uid=0 gid=0 euid=0 suid=0 fsuid=0 egid=0 sgid=0 fsgid=0 tty=(none) ses=4294967295 comm="netbpfload" exe="/apex/com.android.tethering/bin/netbpfload" subj=u:r:bpfloader:s0 key=(null)
[   11.684979] init: Service 'init_wifi_sh' (pid 586) exited with status 0 oneshot service took 0.082000 seconds in background
[   11.686477] init: Sending SIGKILL to service 'init_wifi_sh' (pid 586) process group...
[   11.686904] libprocessgroup: Removed cgroup /sys/fs/cgroup/system/uid_0/pid_586
[   11.687449] type=1327 audit(1790844729.843:16): proctitle="/apex/com.android.tethering/bin/netbpfload"
[   11.687957] type=1320 audit(1790844729.843:16): 
[   11.690107] type=1334 audit(1790844729.843:17): prog-id=11 op=LOAD
[   11.690296] type=1300 audit(1790844729.843:17): arch=c000003e syscall=321 success=yes exit=9 a0=5 a1=7ffc8df985b8 a2=40 a3=0 items=0 ppid=1 auid=4294967295 uid=0 gid=0 euid=0 suid=0 fsuid=0 egid=0 sgid=0 fsgid=0 tty=(none) ses=4294967295 comm="netbpfload" exe="/apex/com.android.tethering/bin/netbpfload" subj=u:r:bpfloader:s0 key=(null)
[   11.690969] type=1327 audit(1790844729.843:17): proctitle="/apex/com.android.tethering/bin/netbpfload"
[   11.691220] type=1320 audit(1790844729.843:17): 
[   11.691361] type=1334 audit(1790844729.843:18): prog-id=11 op=UNLOAD
[   11.691539] type=1300 audit(1790844729.843:18): arch=c000003e syscall=3 success=yes exit=0 a0=9 a1=0 a2=0 a3=0 items=0 ppid=1 auid=4294967295 uid=0 gid=0 euid=0 suid=0 fsuid=0 egid=0 sgid=0 fsgid=0 tty=(none) ses=4294967295 comm="netbpfload" exe="/apex/com.android.tethering/bin/netbpfload" subj=u:r:bpfloader:s0 key=(null)
[   11.693463] type=1327 audit(1790844729.843:18): proctitle="/apex/com.android.tethering/bin/netbpfload"
[   11.693702] type=1320 audit(1790844729.843:18): 
[   11.693844] type=1334 audit(1790844729.847:19): prog-id=12 op=LOAD
[   11.694043] type=1300 audit(1790844729.847:19): arch=c000003e syscall=321 success=yes exit=3 a0=5 a1=7ffc8df986d0 a2=94 a3=2 items=0 ppid=1 auid=4294967295 uid=0 gid=0 euid=0 suid=0 fsuid=0 egid=0 sgid=0 fsgid=0 tty=(none) ses=4294967295 comm="netbpfload" exe="/apex/com.android.tethering/bin/netbpfload" subj=u:r:bpfloader:s0 key=(null)
[   11.696199] type=1327 audit(1790844729.847:19): proctitle="/apex/com.android.tethering/bin/netbpfload"
[   11.696346] type=1320 audit(1790844729.847:19): 
[   11.696733] type=1334 audit(1790844729.851:20): prog-id=12 op=UNLOAD
[   11.696979] type=1300 audit(1790844729.851:20): arch=c000003e syscall=3 success=yes exit=0 a0=3 a1=0 a2=0 a3=2 items=0 ppid=1 auid=4294967295 uid=0 gid=0 euid=0 suid=0 fsuid=0 egid=0 sgid=0 fsgid=0 tty=(none) ses=4294967295 comm="netbpfload" exe="/apex/com.android.tethering/bin/netbpfload" subj=u:r:bpfloader:s0 key=(null)
[   11.699427] type=1327 audit(1790844729.851:20): proctitle="/apex/com.android.tethering/bin/netbpfload"
[   11.699620] type=1320 audit(1790844729.851:20): 
[   11.701044] type=1334 audit(1790844729.851:21): prog-id=13 op=LOAD
[   11.701229] type=1300 audit(1790844729.851:21): arch=c000003e syscall=321 success=yes exit=6 a0=5 a1=7ffc8df98560 a2=94 a3=4 items=0 ppid=1 auid=4294967295 uid=0 gid=0 euid=0 suid=0 fsuid=0 egid=0 sgid=0 fsgid=0 tty=(none) ses=4294967295 comm="netbpfload" exe="/apex/com.android.tethering/bin/netbpfload" subj=u:r:bpfloader:s0 key=(null)
[   11.703106] type=1327 audit(1790844729.851:21): proctitle="/apex/com.android.tethering/bin/netbpfload"
[   11.703340] type=1320 audit(1790844729.851:21): 
[   11.703482] type=1334 audit(1790844729.851:22): prog-id=13 op=UNLOAD
[   11.703659] type=1300 audit(1790844729.851:22): arch=c000003e syscall=3 success=yes exit=0 a0=6 a1=0 a2=0 a3=4 items=0 ppid=1 auid=4294967295 uid=0 gid=0 euid=0 suid=0 fsuid=0 egid=0 sgid=0 fsgid=0 tty=(none) ses=4294967295 comm="netbpfload" exe="/apex/com.android.tethering/bin/netbpfload" subj=u:r:bpfloader:s0 key=(null)
[   11.706293] type=1327 audit(1790844729.851:22): proctitle="/apex/com.android.tethering/bin/netbpfload"
[   11.706793] type=1320 audit(1790844729.851:22): 
[   11.706948] type=1334 audit(1790844729.851:23): prog-id=14 op=LOAD
[   11.709024] type=1300 audit(1790844729.851:23): arch=c000003e syscall=321 success=yes exit=6 a0=5 a1=7ffc8df986d0 a2=94 a3=17f items=0 ppid=1 auid=4294967295 uid=0 gid=0 euid=0 suid=0 fsuid=0 egid=0 sgid=0 fsgid=0 tty=(none) ses=4294967295 comm="netbpfload" exe="/apex/com.android.tethering/bin/netbpfload" subj=u:r:bpfloader:s0 key=(null)
[   11.709684] type=1327 audit(1790844729.851:23): proctitle="/apex/com.android.tethering/bin/netbpfload"
[   11.709901] type=1320 audit(1790844729.851:23): 
[   11.710057] type=1334 audit(1790844729.851:24): prog-id=15 op=LOAD
[   11.710224] type=1300 audit(1790844729.851:24): arch=c000003e syscall=321 success=yes exit=7 a0=5 a1=7ffc8df986d0 a2=94 a3=12e items=0 ppid=1 auid=4294967295 uid=0 gid=0 euid=0 suid=0 fsuid=0 egid=0 sgid=0 fsgid=0 tty=(none) ses=4294967295 comm="netbpfload" exe="/apex/com.android.tethering/bin/netbpfload" subj=u:r:bpfloader:s0 key=(null)
[   11.712191] type=1327 audit(1790844729.851:24): proctitle="/apex/com.android.tethering/bin/netbpfload"
[   11.712446] type=1320 audit(1790844729.851:24): 
[   11.712589] type=1334 audit(1790844729.851:25): prog-id=16 op=LOAD
[   11.712761] type=1300 audit(1790844729.851:25): arch=c000003e syscall=321 success=yes exit=8 a0=5 a1=7ffc8df986d0 a2=94 a3=f7 items=0 ppid=1 auid=4294967295 uid=0 gid=0 euid=0 suid=0 fsuid=0 egid=0 sgid=0 fsgid=0 tty=(none) ses=4294967295 comm="netbpfload" exe="/apex/com.android.tethering/bin/netbpfload" subj=u:r:bpfloader:s0 key=(null)
[   11.715641] type=1327 audit(1790844729.851:25): proctitle="/apex/com.android.tethering/bin/netbpfload"
[   11.715891] type=1320 audit(1790844729.851:25): 
[   11.716051] type=1334 audit(1790844729.855:26): prog-id=17 op=LOAD
[   11.716225] type=1300 audit(1790844729.855:26): arch=c000003e syscall=321 success=yes exit=3 a0=5 a1=7ffc8df986d0 a2=94 a3=2 items=0 ppid=1 auid=4294967295 uid=0 gid=0 euid=0 suid=0 fsuid=0 egid=0 sgid=0 fsgid=0 tty=(none) ses=4294967295 comm="netbpfload" exe="/apex/com.android.tethering/bin/netbpfload" subj=u:r:bpfloader:s0 key=(null)
[   11.716996] type=1327 audit(1790844729.855:26): proctitle="/apex/com.android.tethering/bin/netbpfload"
[   11.717229] type=1320 audit(1790844729.855:26): 
[   11.717406] type=1334 audit(1790844729.855:27): prog-id=17 op=UNLOAD
[   11.717582] type=1300 audit(1790844729.855:27): arch=c000003e syscall=3 success=yes exit=0 a0=3 a1=0 a2=0 a3=2 items=0 ppid=1 auid=4294967295 uid=0 gid=0 euid=0 suid=0 fsuid=0 egid=0 sgid=0 fsgid=0 tty=(none) ses=4294967295 comm="netbpfload" exe="/apex/com.android.tethering/bin/netbpfload" subj=u:r:bpfloader:s0 key=(null)
[   11.719287] type=1327 audit(1790844729.855:27): proctitle="/apex/com.android.tethering/bin/netbpfload"
[   11.719524] type=1320 audit(1790844729.855:27): 
[   11.719666] type=1334 audit(1790844729.855:28): prog-id=18 op=LOAD
[   11.719868] type=1300 audit(1790844729.855:28): arch=c000003e syscall=321 success=yes exit=7 a0=5 a1=7ffc8df986d0 a2=94 a3=1eb items=0 ppid=1 auid=4294967295 uid=0 gid=0 euid=0 suid=0 fsuid=0 egid=0 sgid=0 fsgid=0 tty=(none) ses=4294967295 comm="netbpfload" exe="/apex/com.android.tethering/bin/netbpfload" subj=u:r:bpfloader:s0 key=(null)
[   11.722241] type=1327 audit(1790844729.855:28): proctitle="/apex/com.android.tethering/bin/netbpfload"
[   11.722488] type=1320 audit(1790844729.855:28): 
[   11.724073] type=1334 audit(1790844729.867:29): prog-id=19 op=LOAD
[   11.724277] type=1300 audit(1790844729.867:29): arch=c000003e syscall=321 success=yes exit=3 a0=5 a1=7ffc8df986d0 a2=94 a3=2 items=0 ppid=1 auid=4294967295 uid=0 gid=0 euid=0 suid=0 fsuid=0 egid=0 sgid=0 fsgid=0 tty=(none) ses=4294967295 comm="netbpfload" exe="/apex/com.android.tethering/bin/netbpfload" subj=u:r:bpfloader:s0 key=(null)
[   11.726825] type=1327 audit(1790844729.867:29): proctitle="/apex/com.android.tethering/bin/netbpfload"
[   11.727012] type=1320 audit(1790844729.867:29): 
[   11.727027] type=1334 audit(1790844729.871:30): prog-id=19 op=UNLOAD
[   11.727358] type=1300 audit(1790844729.871:30): arch=c000003e syscall=3 success=yes exit=0 a0=3 a1=0 a2=0 a3=2 items=0 ppid=1 auid=4294967295 uid=0 gid=0 euid=0 suid=0 fsuid=0 egid=0 sgid=0 fsgid=0 tty=(none) ses=4294967295 comm="netbpfload" exe="/apex/com.android.tethering/bin/netbpfload" subj=u:r:bpfloader:s0 key=(null)
[   11.728006] type=1327 audit(1790844729.871:30): proctitle="/apex/com.android.tethering/bin/netbpfload"
[   11.728234] type=1320 audit(1790844729.871:30): 
[   11.728398] type=1334 audit(1790844729.875:31): prog-id=20 op=LOAD
[   11.730062] type=1300 audit(1790844729.875:31): arch=c000003e syscall=321 success=yes exit=41 a0=5 a1=7ffc8df986d0 a2=94 a3=50 items=0 ppid=1 auid=4294967295 uid=0 gid=0 euid=0 suid=0 fsuid=0 egid=0 sgid=0 fsgid=0 tty=(none) ses=4294967295 comm="netbpfload" exe="/apex/com.android.tethering/bin/netbpfload" subj=u:r:bpfloader:s0 key=(null)
[   11.730081] type=1327 audit(1790844729.875:31): proctitle="/apex/com.android.tethering/bin/netbpfload"
[   11.750399] type=1320 audit(1790844729.875:31): 
[   11.754015] type=1334 audit(1790844729.875:32): prog-id=21 op=LOAD
[   11.754040] type=1300 audit(1790844729.875:32): arch=c000003e syscall=321 success=yes exit=42 a0=5 a1=7ffc8df986d0 a2=94 a3=7c items=0 ppid=1 auid=4294967295 uid=0 gid=0 euid=0 suid=0 fsuid=0 egid=0 sgid=0 fsgid=0 tty=(none) ses=4294967295 comm="netbpfload" exe="/apex/com.android.tethering/bin/netbpfload" subj=u:r:bpfloader:s0 key=(null)
[   11.756761] type=1327 audit(1790844729.875:32): proctitle="/apex/com.android.tethering/bin/netbpfload"
[   11.759091] type=1320 audit(1790844729.875:32): 
[   11.759108] type=1334 audit(1790844729.875:33): prog-id=22 op=LOAD
[   11.761263] type=1300 audit(1790844729.875:33): arch=c000003e syscall=321 success=yes exit=43 a0=5 a1=7ffc8df986d0 a2=94 a3=7c items=0 ppid=1 auid=4294967295 uid=0 gid=0 euid=0 suid=0 fsuid=0 egid=0 sgid=0 fsgid=0 tty=(none) ses=4294967295 comm="netbpfload" exe="/apex/com.android.tethering/bin/netbpfload" subj=u:r:bpfloader:s0 key=(null)
[   11.763112] type=1327 audit(1790844729.875:33): proctitle="/apex/com.android.tethering/bin/netbpfload"
[   11.763342] type=1320 audit(1790844729.875:33): 
[   11.763497] type=1334 audit(1790844729.875:34): prog-id=23 op=LOAD
[   11.769085] type=1300 audit(1790844729.875:34): arch=c000003e syscall=321 success=yes exit=44 a0=5 a1=7ffc8df986d0 a2=94 a3=587 items=0 ppid=1 auid=4294967295 uid=0 gid=0 euid=0 suid=0 fsuid=0 egid=0 sgid=0 fsgid=0 tty=(none) ses=4294967295 comm="netbpfload" exe="/apex/com.android.tethering/bin/netbpfload" subj=u:r:bpfloader:s0 key=(null)
[   11.769757] type=1327 audit(1790844729.875:34): proctitle="/apex/com.android.tethering/bin/netbpfload"
[   11.772047] type=1320 audit(1790844729.875:34): 
[   11.772061] type=1334 audit(1790844729.895:35): prog-id=24 op=LOAD
[   11.774284] type=1300 audit(1790844729.895:35): arch=c000003e syscall=321 success=yes exit=45 a0=5 a1=7ffc8df986d0 a2=94 a3=6c2 items=0 ppid=1 auid=4294967295 uid=0 gid=0 euid=0 suid=0 fsuid=0 egid=0 sgid=0 fsgid=0 tty=(none) ses=4294967295 comm="netbpfload" exe="/apex/com.android.tethering/bin/netbpfload" subj=u:r:bpfloader:s0 key=(null)
[   11.776770] type=1327 audit(1790844729.895:35): proctitle="/apex/com.android.tethering/bin/netbpfload"
[   11.779105] type=1320 audit(1790844729.895:35): 
[   11.779251] type=1334 audit(1790844729.907:36): prog-id=25 op=LOAD
[   11.779436] type=1300 audit(1790844729.907:36): arch=c000003e syscall=321 success=yes exit=46 a0=5 a1=7ffc8df986d0 a2=94 a3=46 items=0 ppid=1 auid=4294967295 uid=0 gid=0 euid=0 suid=0 fsuid=0 egid=0 sgid=0 fsgid=0 tty=(none) ses=4294967295 comm="netbpfload" exe="/apex/com.android.tethering/bin/netbpfload" subj=u:r:bpfloader:s0 key=(null)
[   11.783312] type=1327 audit(1790844729.907:36): proctitle="/apex/com.android.tethering/bin/netbpfload"
[   11.783328] type=1320 audit(1790844729.907:36): 
[   11.791241] type=1334 audit(1790844729.907:37): prog-id=26 op=LOAD
[   11.791422] type=1300 audit(1790844729.907:37): arch=c000003e syscall=321 success=yes exit=47 a0=5 a1=7ffc8df986d0 a2=94 a3=35 items=0 ppid=1 auid=4294967295 uid=0 gid=0 euid=0 suid=0 fsuid=0 egid=0 sgid=0 fsgid=0 tty=(none) ses=4294967295 comm="netbpfload" exe="/apex/com.android.tethering/bin/netbpfload" subj=u:r:bpfloader:s0 key=(null)
[   11.792096] type=1327 audit(1790844729.907:37): proctitle="/apex/com.android.tethering/bin/netbpfload"
[   11.794087] type=1320 audit(1790844729.907:37): 
[   11.794103] type=1334 audit(1790844729.907:38): prog-id=27 op=LOAD
[   11.794124] type=1300 audit(1790844729.907:38): arch=c000003e syscall=321 success=yes exit=48 a0=5 a1=7ffc8df986d0 a2=94 a3=37 items=0 ppid=1 auid=4294967295 uid=0 gid=0 euid=0 suid=0 fsuid=0 egid=0 sgid=0 fsgid=0 tty=(none) ses=4294967295 comm="netbpfload" exe="/apex/com.android.tethering/bin/netbpfload" subj=u:r:bpfloader:s0 key=(null)
[   11.797338] type=1327 audit(1790844729.907:38): proctitle="/apex/com.android.tethering/bin/netbpfload"
[   11.798150] type=1320 audit(1790844729.907:38): 
[   11.798293] type=1334 audit(1790844729.907:39): prog-id=28 op=LOAD
[   11.798495] type=1300 audit(1790844729.907:39): arch=c000003e syscall=321 success=yes exit=49 a0=5 a1=7ffc8df986d0 a2=94 a3=1c items=0 ppid=1 auid=4294967295 uid=0 gid=0 euid=0 suid=0 fsuid=0 egid=0 sgid=0 fsgid=0 tty=(none) ses=4294967295 comm="netbpfload" exe="/apex/com.android.tethering/bin/netbpfload" subj=u:r:bpfloader:s0 key=(null)
[   11.799740] type=1327 audit(1790844729.907:39): proctitle="/apex/com.android.tethering/bin/netbpfload"
[   11.799985] type=1320 audit(1790844729.907:39): 
[   11.800131] type=1334 audit(1790844729.907:40): prog-id=29 op=LOAD
[   11.800302] type=1300 audit(1790844729.907:40): arch=c000003e syscall=321 success=yes exit=50 a0=5 a1=7ffc8df986d0 a2=94 a3=10 items=0 ppid=1 auid=4294967295 uid=0 gid=0 euid=0 suid=0 fsuid=0 egid=0 sgid=0 fsgid=0 tty=(none) ses=4294967295 comm="netbpfload" exe="/apex/com.android.tethering/bin/netbpfload" subj=u:r:bpfloader:s0 key=(null)
[   11.801029] type=1327 audit(1790844729.907:40): proctitle="/apex/com.android.tethering/bin/netbpfload"
[   11.801045] type=1320 audit(1790844729.907:40): 
[   11.801705] type=1334 audit(1790844729.907:41): prog-id=30 op=LOAD
[   11.801884] type=1300 audit(1790844729.907:41): arch=c000003e syscall=321 success=yes exit=51 a0=5 a1=7ffc8df986d0 a2=94 a3=5b items=0 ppid=1 auid=4294967295 uid=0 gid=0 euid=0 suid=0 fsuid=0 egid=0 sgid=0 fsgid=0 tty=(none) ses=4294967295 comm="netbpfload" exe="/apex/com.android.tethering/bin/netbpfload" subj=u:r:bpfloader:s0 key=(null)
[   11.802765] type=1327 audit(1790844729.907:41): proctitle="/apex/com.android.tethering/bin/netbpfload"
[   11.803009] type=1320 audit(1790844729.907:41): 
[   11.803149] type=1334 audit(1790844729.907:42): prog-id=31 op=LOAD
[   11.803322] type=1300 audit(1790844729.907:42): arch=c000003e syscall=321 success=yes exit=52 a0=5 a1=7ffc8df986d0 a2=94 a3=a items=0 ppid=1 auid=4294967295 uid=0 gid=0 euid=0 suid=0 fsuid=0 egid=0 sgid=0 fsgid=0 tty=(none) ses=4294967295 comm="netbpfload" exe="/apex/com.android.tethering/bin/netbpfload" subj=u:r:bpfloader:s0 key=(null)
[   11.804336] type=1327 audit(1790844729.907:42): proctitle="/apex/com.android.tethering/bin/netbpfload"
[   11.804935] type=1320 audit(1790844729.907:42): 
[   11.804992] type=1334 audit(1790844729.907:43): prog-id=32 op=LOAD
[   11.805296] type=1300 audit(1790844729.907:43): arch=c000003e syscall=321 success=yes exit=53 a0=5 a1=7ffc8df986d0 a2=94 a3=63 items=0 ppid=1 auid=4294967295 uid=0 gid=0 euid=0 suid=0 fsuid=0 egid=0 sgid=0 fsgid=0 tty=(none) ses=4294967295 comm="netbpfload" exe="/apex/com.android.tethering/bin/netbpfload" subj=u:r:bpfloader:s0 key=(null)
[   11.806261] type=1327 audit(1790844729.907:43): proctitle="/apex/com.android.tethering/bin/netbpfload"
[   11.806489] type=1320 audit(1790844729.907:43): 
[   11.806631] type=1334 audit(1790844729.907:44): prog-id=33 op=LOAD
[   11.806798] type=1300 audit(1790844729.907:44): arch=c000003e syscall=321 success=yes exit=54 a0=5 a1=7ffc8df986d0 a2=94 a3=63 items=0 ppid=1 auid=4294967295 uid=0 gid=0 euid=0 suid=0 fsuid=0 egid=0 sgid=0 fsgid=0 tty=(none) ses=4294967295 comm="netbpfload" exe="/apex/com.android.tethering/bin/netbpfload" subj=u:r:bpfloader:s0 key=(null)
[   11.807715] type=1327 audit(1790844729.907:44): proctitle="/apex/com.android.tethering/bin/netbpfload"
[   11.808125] type=1320 audit(1790844729.907:44): 
[   11.808264] type=1334 audit(1790844729.907:45): prog-id=34 op=LOAD
[   11.808440] type=1300 audit(1790844729.907:45): arch=c000003e syscall=321 success=yes exit=55 a0=5 a1=7ffc8df986d0 a2=94 a3=2 items=0 ppid=1 auid=4294967295 uid=0 gid=0 euid=0 suid=0 fsuid=0 egid=0 sgid=0 fsgid=0 tty=(none) ses=4294967295 comm="netbpfload" exe="/apex/com.android.tethering/bin/netbpfload" subj=u:r:bpfloader:s0 key=(null)
[   11.809507] type=1327 audit(1790844729.907:45): proctitle="/apex/com.android.tethering/bin/netbpfload"
[   11.809553] type=1320 audit(1790844729.907:45): 
[   11.810170] type=1334 audit(1790844729.907:46): prog-id=35 op=LOAD
[   11.810348] type=1300 audit(1790844729.907:46): arch=c000003e syscall=321 success=yes exit=56 a0=5 a1=7ffc8df986d0 a2=94 a3=2 items=0 ppid=1 auid=4294967295 uid=0 gid=0 euid=0 suid=0 fsuid=0 egid=0 sgid=0 fsgid=0 tty=(none) ses=4294967295 comm="netbpfload" exe="/apex/com.android.tethering/bin/netbpfload" subj=u:r:bpfloader:s0 key=(null)
[   11.810944] type=1327 audit(1790844729.907:46): proctitle="/apex/com.android.tethering/bin/netbpfload"
[   11.811138] type=1320 audit(1790844729.907:46): 
[   11.811283] type=1334 audit(1790844729.907:47): prog-id=36 op=LOAD
[   11.811428] type=1300 audit(1790844729.907:47): arch=c000003e syscall=321 success=yes exit=57 a0=5 a1=7ffc8df986d0 a2=94 a3=2 items=0 ppid=1 auid=4294967295 uid=0 gid=0 euid=0 suid=0 fsuid=0 egid=0 sgid=0 fsgid=0 tty=(none) ses=4294967295 comm="netbpfload" exe="/apex/com.android.tethering/bin/netbpfload" subj=u:r:bpfloader:s0 key=(null)
[   11.811976] type=1327 audit(1790844729.907:47): proctitle="/apex/com.android.tethering/bin/netbpfload"
[   11.811992] type=1320 audit(1790844729.907:47): 
[   11.813038] type=1334 audit(1790844729.907:48): prog-id=37 op=LOAD
[   11.813089] type=1300 audit(1790844729.907:48): arch=c000003e syscall=321 success=yes exit=58 a0=5 a1=7ffc8df986d0 a2=94 a3=2 items=0 ppid=1 auid=4294967295 uid=0 gid=0 euid=0 suid=0 fsuid=0 egid=0 sgid=0 fsgid=0 tty=(none) ses=4294967295 comm="netbpfload" exe="/apex/com.android.tethering/bin/netbpfload" subj=u:r:bpfloader:s0 key=(null)
[   11.815068] type=1327 audit(1790844729.907:48): proctitle="/apex/com.android.tethering/bin/netbpfload"
[   11.815297] type=1320 audit(1790844729.907:48): 
[   11.815453] type=1334 audit(1790844729.907:49): prog-id=38 op=LOAD
[   11.815634] type=1300 audit(1790844729.907:49): arch=c000003e syscall=321 success=yes exit=59 a0=5 a1=7ffc8df986d0 a2=94 a3=2 items=0 ppid=1 auid=4294967295 uid=0 gid=0 euid=0 suid=0 fsuid=0 egid=0 sgid=0 fsgid=0 tty=(none) ses=4294967295 comm="netbpfload" exe="/apex/com.android.tethering/bin/netbpfload" subj=u:r:bpfloader:s0 key=(null)
[   11.817282] type=1327 audit(1790844729.907:49): proctitle="/apex/com.android.tethering/bin/netbpfload"
[   11.817530] type=1320 audit(1790844729.907:49): 
[   11.817648] type=1334 audit(1790844729.907:50): prog-id=39 op=LOAD
[   11.817797] type=1300 audit(1790844729.907:50): arch=c000003e syscall=321 success=yes exit=60 a0=5 a1=7ffc8df986d0 a2=94 a3=2 items=0 ppid=1 auid=4294967295 uid=0 gid=0 euid=0 suid=0 fsuid=0 egid=0 sgid=0 fsgid=0 tty=(none) ses=4294967295 comm="netbpfload" exe="/apex/com.android.tethering/bin/netbpfload" subj=u:r:bpfloader:s0 key=(null)
[   11.818449] type=1327 audit(1790844729.907:50): proctitle="/apex/com.android.tethering/bin/netbpfload"
[   11.818677] type=1320 audit(1790844729.907:50): 
[   11.818813] type=1334 audit(1790844729.907:51): prog-id=40 op=LOAD
[   11.818980] type=1300 audit(1790844729.907:51): arch=c000003e syscall=321 success=yes exit=61 a0=5 a1=7ffc8df986d0 a2=94 a3=50 items=0 ppid=1 auid=4294967295 uid=0 gid=0 euid=0 suid=0 fsuid=0 egid=0 sgid=0 fsgid=0 tty=(none) ses=4294967295 comm="netbpfload" exe="/apex/com.android.tethering/bin/netbpfload" subj=u:r:bpfloader:s0 key=(null)
[   11.819518] type=1327 audit(1790844729.907:51): proctitle="/apex/com.android.tethering/bin/netbpfload"
[   11.819708] type=1320 audit(1790844729.907:51): 
[   11.819827] type=1334 audit(1790844729.907:52): prog-id=41 op=LOAD
[   11.819986] type=1300 audit(1790844729.907:52): arch=c000003e syscall=321 success=yes exit=62 a0=5 a1=7ffc8df986d0 a2=94 a3=43 items=0 ppid=1 auid=4294967295 uid=0 gid=0 euid=0 suid=0 fsuid=0 egid=0 sgid=0 fsgid=0 tty=(none) ses=4294967295 comm="netbpfload" exe="/apex/com.android.tethering/bin/netbpfload" subj=u:r:bpfloader:s0 key=(null)
[   11.821617] type=1327 audit(1790844729.907:52): proctitle="/apex/com.android.tethering/bin/netbpfload"
[   11.821632] type=1320 audit(1790844729.907:52): 
[   11.822437] NetBpfLoad: done, transferring control to uprobestatsbpfload.
[   11.834211] UprobeStatsBpfLoad: UprobeStatsBpfLoad loading optional ELF object /apex/com.android.uprobestats/etc/bpf/uprobestats/BitmapAllocation.o with license GPL
[   11.837051] type=1334 audit(1790844730.023:53): prog-id=42 op=LOAD
[   11.837279] type=1300 audit(1790844730.023:53): arch=c000003e syscall=321 success=yes exit=8 a0=5 a1=7ffc67acf400 a2=a8 a3=1 items=0 ppid=1 auid=4294967295 uid=0 gid=0 euid=0 suid=0 fsuid=0 egid=0 sgid=0 fsgid=0 tty=(none) ses=4294967295 comm="uprobestatsbpfl" exe="/apex/com.android.uprobestats/bin/uprobestatsbpfload" subj=u:r:bpfloader:s0 key=(null)
[   11.837953] type=1327 audit(1790844730.023:53): proctitle="/apex/com.android.tethering/bin/netbpfload"
[   11.838164] type=1320 audit(1790844730.023:53): 
[   11.838409] type=1334 audit(1790844730.023:54): prog-id=43 op=LOAD
[   11.838599] type=1300 audit(1790844730.023:54): arch=c000003e syscall=321 success=yes exit=9 a0=5 a1=7ffc67acf400 a2=a8 a3=1 items=0 ppid=1 auid=4294967295 uid=0 gid=0 euid=0 suid=0 fsuid=0 egid=0 sgid=0 fsgid=0 tty=(none) ses=4294967295 comm="uprobestatsbpfl" exe="/apex/com.android.uprobestats/bin/uprobestatsbpfload" subj=u:r:bpfloader:s0 key=(null)
[   11.839262] type=1327 audit(1790844730.023:54): proctitle="/apex/com.android.tethering/bin/netbpfload"
[   11.839470] type=1320 audit(1790844730.023:54): 
[   11.839712] type=1334 audit(1790844730.023:55): prog-id=44 op=LOAD
[   11.839935] type=1300 audit(1790844730.023:55): arch=c000003e syscall=321 success=yes exit=10 a0=5 a1=7ffc67acf400 a2=a8 a3=1 items=0 ppid=1 auid=4294967295 uid=0 gid=0 euid=0 suid=0 fsuid=0 egid=0 sgid=0 fsgid=0 tty=(none) ses=4294967295 comm="uprobestatsbpfl" exe="/apex/com.android.uprobestats/bin/uprobestatsbpfload" subj=u:r:bpfloader:s0 key=(null)
[   11.841133] type=1327 audit(1790844730.023:55): proctitle="/apex/com.android.tethering/bin/netbpfload"
[   11.841415] UprobeStatsBpfLoad: UprobeStatsBpfLoad loading optional ELF object /apex/com.android.uprobestats/etc/bpf/uprobestats/Binder.o with license GPL
[   11.843283] UprobeStatsBpfLoad: UprobeStatsBpfLoad loading optional ELF object /apex/com.android.uprobestats/etc/bpf/uprobestats/Accessibility.o with license GPL
[   11.844996] UprobeStatsBpfLoad: UprobeStatsBpfLoad loading optional ELF object /apex/com.android.uprobestats/etc/bpf/uprobestats/ArtTest.o with license GPL
[   11.846180] UprobeStatsBpfLoad: BPF_PROG_LOAD call for /apex/com.android.uprobestats/etc/bpf/uprobestats/ArtTest.o (uprobe_update_device_idle_temp_allowlist) returned fd: -1 (Permission denied)
[   11.846539] UprobeStatsBpfLoad: non-optional program failed to load.
[   11.846696] UprobeStatsBpfLoad: Failed to load programs, loadCodeSections ret=-1
[   11.846866] UprobeStatsBpfLoad: Failed to load object: /apex/com.android.uprobestats/etc/bpf/uprobestats/ArtTest.o, ret: Operation not permitted
[   11.847220] type=1320 audit(1790844730.023:55): 
[   11.847438] UprobeStatsBpfLoad: UprobeStatsBpfLoad loading optional ELF object /apex/com.android.uprobestats/etc/bpf/uprobestats/GenericInstrumentation.o with license GPL
[   11.848941] type=1334 audit(1790844730.023:56): prog-id=45 op=LOAD
[   11.849170] type=1300 audit(1790844730.023:56): arch=c000003e syscall=321 success=yes exit=11 a0=5 a1=7ffc67acf400 a2=a8 a3=1 items=0 ppid=1 auid=4294967295 uid=0 gid=0 euid=0 suid=0 fsuid=0 egid=0 sgid=0 fsgid=0 tty=(none) ses=4294967295 comm="uprobestatsbpfl" exe="/apex/com.android.uprobestats/bin/uprobestatsbpfload" subj=u:r:bpfloader:s0 key=(null)
[   11.849770] type=1327 audit(1790844730.023:56): proctitle="/apex/com.android.tethering/bin/netbpfload"
[   11.849972] type=1320 audit(1790844730.023:56): 
[   11.850087] type=1334 audit(1790844730.023:57): prog-id=46 op=LOAD
[   11.850234] type=1300 audit(1790844730.023:57): arch=c000003e syscall=321 success=yes exit=12 a0=5 a1=7ffc67acf400 a2=a8 a3=1 items=0 ppid=1 auid=4294967295 uid=0 gid=0 euid=0 suid=0 fsuid=0 egid=0 sgid=0 fsgid=0 tty=(none) ses=4294967295 comm="uprobestatsbpfl" exe="/apex/com.android.uprobestats/bin/uprobestatsbpfload" subj=u:r:bpfloader:s0 key=(null)
[   11.850827] type=1327 audit(1790844730.023:57): proctitle="/apex/com.android.tethering/bin/netbpfload"
[   11.851051] type=1320 audit(1790844730.023:57): 
[   11.851146] type=1334 audit(1790844730.023:58): prog-id=47 op=LOAD
[   11.851317] type=1300 audit(1790844730.023:58): arch=c000003e syscall=321 success=yes exit=13 a0=5 a1=7ffc67acf400 a2=a8 a3=1 items=0 ppid=1 auid=4294967295 uid=0 gid=0 euid=0 suid=0 fsuid=0 egid=0 sgid=0 fsgid=0 tty=(none) ses=4294967295 comm="uprobestatsbpfl" exe="/apex/com.android.uprobestats/bin/uprobestatsbpfload" subj=u:r:bpfloader:s0 key=(null)
[   11.851963] type=1327 audit(1790844730.023:58): proctitle="/apex/com.android.tethering/bin/netbpfload"
[   11.852159] type=1320 audit(1790844730.023:58): 
[   11.852276] type=1334 audit(1790844730.027:59): prog-id=48 op=LOAD
[   11.852428] type=1300 audit(1790844730.027:59): arch=c000003e syscall=321 success=yes exit=7 a0=5 a1=7ffc67acf400 a2=a8 a3=1 items=0 ppid=1 auid=4294967295 uid=0 gid=0 euid=0 suid=0 fsuid=0 egid=0 sgid=0 fsgid=0 tty=(none) ses=4294967295 comm="uprobestatsbpfl" exe="/apex/com.android.uprobestats/bin/uprobestatsbpfload" subj=u:r:bpfloader:s0 key=(null)
[   11.855018] type=1327 audit(1790844730.027:59): proctitle="/apex/com.android.tethering/bin/netbpfload"
[   11.855130] UprobeStatsBpfLoad: UprobeStatsBpfLoad loading optional ELF object /apex/com.android.uprobestats/etc/bpf/uprobestats/ProcessManagement.o with license GPL
[   11.857561] UprobeStatsBpfLoad: BPF_PROG_LOAD call for /apex/com.android.uprobestats/etc/bpf/uprobestats/ProcessManagement.o (uprobe_update_device_idle_temp_allowlist) returned fd: -1 (Permission denied)
[   11.857940] UprobeStatsBpfLoad: non-optional program failed to load.
[   11.858067] UprobeStatsBpfLoad: Failed to load programs, loadCodeSections ret=-1
[   11.858242] UprobeStatsBpfLoad: Failed to load object: /apex/com.android.uprobestats/etc/bpf/uprobestats/ProcessManagement.o, ret: Operation not permitted
[   11.858645] type=1320 audit(1790844730.027:59): 
[   11.858770] type=1334 audit(1790844730.027:60): prog-id=49 op=LOAD
[   11.858940] type=1300 audit(1790844730.027:60): arch=c000003e syscall=321 success=yes exit=6 a0=5 a1=7ffc67acf400 a2=a8 a3=1 items=0 ppid=1 auid=4294967295 uid=0 gid=0 euid=0 suid=0 fsuid=0 egid=0 sgid=0 fsgid=0 tty=(none) ses=4294967295 comm="uprobestatsbpfl" exe="/apex/com.android.uprobestats/bin/uprobestatsbpfload" subj=u:r:bpfloader:s0 key=(null)
[   11.859524] type=1327 audit(1790844730.027:60): proctitle="/apex/com.android.tethering/bin/netbpfload"
[   11.859692] type=1320 audit(1790844730.027:60): 
[   11.859808] type=1334 audit(1790844730.027:61): prog-id=50 op=LOAD
[   11.859996] type=1300 audit(1790844730.027:61): arch=c000003e syscall=321 success=yes exit=7 a0=5 a1=7ffc67acf400 a2=a8 a3=1 items=0 ppid=1 auid=4294967295 uid=0 gid=0 euid=0 suid=0 fsuid=0 egid=0 sgid=0 fsgid=0 tty=(none) ses=4294967295 comm="uprobestatsbpfl" exe="/apex/com.android.uprobestats/bin/uprobestatsbpfload" subj=u:r:bpfloader:s0 key=(null)
[   11.860608] type=1327 audit(1790844730.027:61): proctitle="/apex/com.android.tethering/bin/netbpfload"
[   11.860790] type=1320 audit(1790844730.027:61): 
[   11.861083] type=1334 audit(1790844730.039:62): prog-id=51 op=LOAD
[   11.861244] type=1300 audit(1790844730.039:62): arch=c000003e syscall=321 success=yes exit=7 a0=5 a1=7ffc67acf400 a2=a8 a3=1 items=0 ppid=1 auid=4294967295 uid=0 gid=0 euid=0 suid=0 fsuid=0 egid=0 sgid=0 fsgid=0 tty=(none) ses=4294967295 comm="uprobestatsbpfl" exe="/apex/com.android.uprobestats/bin/uprobestatsbpfload" subj=u:r:bpfloader:s0 key=(null)
[   11.862045] UprobeStatsBpfLoad: UprobeStatsBpfLoad loading optional ELF object /apex/com.android.uprobestats/etc/bpf/uprobestats/DisruptiveApp.o with license GPL
[   11.863335] UprobeStatsBpfLoad: BPF_PROG_LOAD call for /apex/com.android.uprobestats/etc/bpf/uprobestats/DisruptiveApp.o (uprobe_bind_service_locked) returned fd: -1 (Permission denied)
[   11.863636] UprobeStatsBpfLoad: non-optional program failed to load.
[   11.863774] UprobeStatsBpfLoad: Failed to load programs, loadCodeSections ret=-1
[   11.863946] UprobeStatsBpfLoad: Failed to load object: /apex/com.android.uprobestats/etc/bpf/uprobestats/DisruptiveApp.o, ret: Operation not permitted
[   11.864296] type=1327 audit(1790844730.039:62): proctitle="/apex/com.android.tethering/bin/netbpfload"
[   11.865296] type=1320 audit(1790844730.039:62): 
[   11.865395] type=1334 audit(1790844730.039:63): prog-id=52 op=LOAD
[   11.866371] type=1300 audit(1790844730.039:63): arch=c000003e syscall=321 success=yes exit=8 a0=5 a1=7ffc67acf400 a2=a8 a3=1 items=0 ppid=1 auid=4294967295 uid=0 gid=0 euid=0 suid=0 fsuid=0 egid=0 sgid=0 fsgid=0 tty=(none) ses=4294967295 comm="uprobestatsbpfl" exe="/apex/com.android.uprobestats/bin/uprobestatsbpfload" subj=u:r:bpfloader:s0 key=(null)
[   11.866792] type=1327 audit(1790844730.039:63): proctitle="/apex/com.android.tethering/bin/netbpfload"
[   11.867044] type=1320 audit(1790844730.039:63): 
[   11.867334] type=1334 audit(1790844730.039:64): prog-id=53 op=LOAD
[   11.867519] type=1300 audit(1790844730.039:64): arch=c000003e syscall=321 success=yes exit=9 a0=5 a1=7ffc67acf400 a2=a8 a3=1 items=0 ppid=1 auid=4294967295 uid=0 gid=0 euid=0 suid=0 fsuid=0 egid=0 sgid=0 fsgid=0 tty=(none) ses=4294967295 comm="uprobestatsbpfl" exe="/apex/com.android.uprobestats/bin/uprobestatsbpfload" subj=u:r:bpfloader:s0 key=(null)
[   11.869333] type=1327 audit(1790844730.039:64): proctitle="/apex/com.android.tethering/bin/netbpfload"
[   11.869485] type=1320 audit(1790844730.039:64): 
[   11.869576] type=1334 audit(1790844730.039:65): prog-id=54 op=LOAD
[   11.869760] type=1300 audit(1790844730.039:65): arch=c000003e syscall=321 success=yes exit=10 a0=5 a1=7ffc67acf400 a2=a8 a3=1 items=0 ppid=1 auid=4294967295 uid=0 gid=0 euid=0 suid=0 fsuid=0 egid=0 sgid=0 fsgid=0 tty=(none) ses=4294967295 comm="uprobestatsbpfl" exe="/apex/com.android.uprobestats/bin/uprobestatsbpfload" subj=u:r:bpfloader:s0 key=(null)
[   11.871307] type=1327 audit(1790844730.039:65): proctitle="/apex/com.android.tethering/bin/netbpfload"
[   11.871602] type=1320 audit(1790844730.039:65): 
[   11.871745] type=1334 audit(1790844730.039:66): prog-id=55 op=LOAD
[   11.872090] type=1300 audit(1790844730.039:66): arch=c000003e syscall=321 success=yes exit=11 a0=5 a1=7ffc67acf400 a2=a8 a3=1 items=0 ppid=1 auid=4294967295 uid=0 gid=0 euid=0 suid=0 fsuid=0 egid=0 sgid=0 fsgid=0 tty=(none) ses=4294967295 comm="uprobestatsbpfl" exe="/apex/com.android.uprobestats/bin/uprobestatsbpfload" subj=u:r:bpfloader:s0 key=(null)
[   11.873541] type=1327 audit(1790844730.039:66): proctitle="/apex/com.android.tethering/bin/netbpfload"
[   11.873804] type=1320 audit(1790844730.039:66): 
[   11.873969] type=1334 audit(1790844730.039:67): prog-id=56 op=LOAD
[   11.874265] type=1300 audit(1790844730.039:67): arch=c000003e syscall=321 success=yes exit=12 a0=5 a1=7ffc67acf400 a2=a8 a3=1 items=0 ppid=1 auid=4294967295 uid=0 gid=0 euid=0 suid=0 fsuid=0 egid=0 sgid=0 fsgid=0 tty=(none) ses=4294967295 comm="uprobestatsbpfl" exe="/apex/com.android.uprobestats/bin/uprobestatsbpfload" subj=u:r:bpfloader:s0 key=(null)
[   11.875515] type=1327 audit(1790844730.039:67): proctitle="/apex/com.android.tethering/bin/netbpfload"
[   11.876144] type=1320 audit(1790844730.039:67): 
[   11.876234] type=1334 audit(1790844730.039:68): prog-id=57 op=LOAD
[   11.876396] type=1300 audit(1790844730.039:68): arch=c000003e syscall=321 success=yes exit=13 a0=5 a1=7ffc67acf400 a2=a8 a3=1 items=0 ppid=1 auid=4294967295 uid=0 gid=0 euid=0 suid=0 fsuid=0 egid=0 sgid=0 fsgid=0 tty=(none) ses=4294967295 comm="uprobestatsbpfl" exe="/apex/com.android.uprobestats/bin/uprobestatsbpfload" subj=u:r:bpfloader:s0 key=(null)
[   11.877626] type=1327 audit(1790844730.039:68): proctitle="/apex/com.android.tethering/bin/netbpfload"
[   11.877770] type=1320 audit(1790844730.039:68): 
[   11.877882] type=1334 audit(1790844730.043:69): prog-id=58 op=LOAD
[   11.878650] type=1300 audit(1790844730.043:69): arch=c000003e syscall=321 success=yes exit=8 a0=5 a1=7ffc67acf400 a2=a8 a3=1 items=0 ppid=1 auid=4294967295 uid=0 gid=0 euid=0 suid=0 fsuid=0 egid=0 sgid=0 fsgid=0 tty=(none) ses=4294967295 comm="uprobestatsbpfl" exe="/apex/com.android.uprobestats/bin/uprobestatsbpfload" subj=u:r:bpfloader:s0 key=(null)
[   11.879151] type=1327 audit(1790844730.043:69): proctitle="/apex/com.android.tethering/bin/netbpfload"
[   11.879726] type=1320 audit(1790844730.043:69): 
[   11.886272] type=1334 audit(1790844730.071:70): prog-id=59 op=LOAD
[   11.888062] type=1300 audit(1790844730.071:70): arch=c000003e syscall=321 success=yes exit=4 a0=5 a1=7ffc08b1a5a8 a2=74 a3=2a items=0 ppid=1 auid=4294967295 uid=0 gid=0 euid=0 suid=0 fsuid=0 egid=0 sgid=0 fsgid=0 tty=(none) ses=4294967295 comm="bpfloader" exe="/system/bin/bpfloader" subj=u:r:bpfloader:s0 key=(null)
[   11.888445] type=1327 audit(1790844730.071:70): proctitle="/apex/com.android.tethering/bin/netbpfload"
[   11.888587] type=1320 audit(1790844730.071:70): 
[   11.888728] type=1334 audit(1790844730.071:71): prog-id=59 op=UNLOAD
[   11.891046] type=1300 audit(1790844730.071:71): arch=c000003e syscall=3 success=yes exit=0 a0=4 a1=0 a2=0 a3=2a items=0 ppid=1 auid=4294967295 uid=0 gid=0 euid=0 suid=0 fsuid=0 egid=0 sgid=0 fsgid=0 tty=(none) ses=4294967295 comm="bpfloader" exe="/system/bin/bpfloader" subj=u:r:bpfloader:s0 key=(null)
[   11.891624] type=1327 audit(1790844730.071:71): proctitle="/apex/com.android.tethering/bin/netbpfload"
[   11.891855] type=1320 audit(1790844730.071:71): 
[   11.892019] type=1334 audit(1790844730.071:72): prog-id=60 op=LOAD
[   11.892221] type=1300 audit(1790844730.071:72): arch=c000003e syscall=321 success=yes exit=4 a0=5 a1=7ffc08b1a610 a2=94 a3=2 items=0 ppid=1 auid=4294967295 uid=0 gid=0 euid=0 suid=0 fsuid=0 egid=0 sgid=0 fsgid=0 tty=(none) ses=4294967295 comm="bpfloader" exe="/system/bin/bpfloader" subj=u:r:bpfloader:s0 key=(null)
[   11.894378] type=1327 audit(1790844730.071:72): proctitle="/apex/com.android.tethering/bin/netbpfload"
[   11.894612] type=1320 audit(1790844730.071:72): 
[   11.894751] type=1334 audit(1790844730.071:73): prog-id=60 op=UNLOAD
[   11.894943] type=1300 audit(1790844730.071:73): arch=c000003e syscall=3 success=yes exit=0 a0=4 a1=0 a2=0 a3=2 items=0 ppid=1 auid=4294967295 uid=0 gid=0 euid=0 suid=0 fsuid=0 egid=0 sgid=0 fsgid=0 tty=(none) ses=4294967295 comm="bpfloader" exe="/system/bin/bpfloader" subj=u:r:bpfloader:s0 key=(null)
[   11.895550] type=1327 audit(1790844730.071:73): proctitle="/apex/com.android.tethering/bin/netbpfload"
[   11.896789] type=1320 audit(1790844730.071:73): 
[   11.922568] type=1334 audit(1790844730.107:74): prog-id=61 op=LOAD
[   11.922998] type=1300 audit(1790844730.107:74): arch=c000003e syscall=321 success=yes exit=20 a0=5 a1=7ffc08b1a308 a2=40 a3=4 items=0 ppid=1 auid=4294967295 uid=0 gid=0 euid=0 suid=0 fsuid=0 egid=0 sgid=0 fsgid=0 tty=(none) ses=4294967295 comm="bpfloader" exe="/system/bin/bpfloader" subj=u:r:bpfloader:s0 key=(null)
[   11.923835] type=1327 audit(1790844730.107:74): proctitle="/apex/com.android.tethering/bin/netbpfload"
[   11.924135] type=1320 audit(1790844730.107:74): 
[   11.924305] type=1334 audit(1790844730.107:75): prog-id=61 op=UNLOAD
[   11.924509] type=1300 audit(1790844730.107:75): arch=c000003e syscall=3 success=yes exit=0 a0=14 a1=0 a2=0 a3=4 items=0 ppid=1 auid=4294967295 uid=0 gid=0 euid=0 suid=0 fsuid=0 egid=0 sgid=0 fsgid=0 tty=(none) ses=4294967295 comm="bpfloader" exe="/system/bin/bpfloader" subj=u:r:bpfloader:s0 key=(null)
[   11.929153] type=1327 audit(1790844730.107:75): proctitle="/apex/com.android.tethering/bin/netbpfload"
[   11.931224] type=1320 audit(1790844730.107:75): 
[   11.931404] type=1334 audit(1790844730.107:76): prog-id=62 op=LOAD
[   11.931627] type=1300 audit(1790844730.107:76): arch=c000003e syscall=321 success=yes exit=20 a0=5 a1=7ffc08b1a4a0 a2=94 a3=7ffc08b1a580 items=0 ppid=1 auid=4294967295 uid=0 gid=0 euid=0 suid=0 fsuid=0 egid=0 sgid=0 fsgid=0 tty=(none) ses=4294967295 comm="bpfloader" exe="/system/bin/bpfloader" subj=u:r:bpfloader:s0 key=(null)
[   11.932513] type=1327 audit(1790844730.107:76): proctitle="/apex/com.android.tethering/bin/netbpfload"
[   11.932701] type=1320 audit(1790844730.107:76): 
[   11.932799] type=1334 audit(1790844730.111:77): prog-id=62 op=UNLOAD
[   11.933006] type=1300 audit(1790844730.111:77): arch=c000003e syscall=3 success=yes exit=0 a0=14 a1=0 a2=0 a3=7ffc08b1a580 items=0 ppid=1 auid=4294967295 uid=0 gid=0 euid=0 suid=0 fsuid=0 egid=0 sgid=0 fsgid=0 tty=(none) ses=4294967295 comm="bpfloader" exe="/system/bin/bpfloader" subj=u:r:bpfloader:s0 key=(null)
[   11.934649] type=1327 audit(1790844730.111:77): proctitle="/apex/com.android.tethering/bin/netbpfload"
[   11.935387] type=1320 audit(1790844730.111:77): 
[   11.935622] type=1334 audit(1790844730.111:78): prog-id=63 op=LOAD
[   11.935905] type=1300 audit(1790844730.111:78): arch=c000003e syscall=321 success=yes exit=20 a0=5 a1=7ffc08b1a520 a2=94 a3=6 items=0 ppid=1 auid=4294967295 uid=0 gid=0 euid=0 suid=0 fsuid=0 egid=0 sgid=0 fsgid=0 tty=(none) ses=4294967295 comm="bpfloader" exe="/system/bin/bpfloader" subj=u:r:bpfloader:s0 key=(null)
[   11.937458] type=1327 audit(1790844730.111:78): proctitle="/apex/com.android.tethering/bin/netbpfload"
[   11.937806] type=1320 audit(1790844730.111:78): 
[   11.938076] type=1334 audit(1790844730.111:79): prog-id=63 op=UNLOAD
[   11.938312] type=1300 audit(1790844730.111:79): arch=c000003e syscall=3 success=yes exit=0 a0=14 a1=0 a2=0 a3=6 items=0 ppid=1 auid=4294967295 uid=0 gid=0 euid=0 suid=0 fsuid=0 egid=0 sgid=0 fsgid=0 tty=(none) ses=4294967295 comm="bpfloader" exe="/system/bin/bpfloader" subj=u:r:bpfloader:s0 key=(null)
[   11.939696] type=1327 audit(1790844730.111:79): proctitle="/apex/com.android.tethering/bin/netbpfload"
[   11.939875] type=1320 audit(1790844730.111:79): 
[   11.939985] type=1334 audit(1790844730.111:80): prog-id=64 op=LOAD
[   11.940118] type=1300 audit(1790844730.111:80): arch=c000003e syscall=321 success=yes exit=20 a0=5 a1=7ffc08b1a610 a2=94 a3=375 items=0 ppid=1 auid=4294967295 uid=0 gid=0 euid=0 suid=0 fsuid=0 egid=0 sgid=0 fsgid=0 tty=(none) ses=4294967295 comm="bpfloader" exe="/system/bin/bpfloader" subj=u:r:bpfloader:s0 key=(null)
[   11.940585] type=1327 audit(1790844730.111:80): proctitle="/apex/com.android.tethering/bin/netbpfload"
[   11.940754] type=1320 audit(1790844730.111:80): 
[   11.941004] type=1334 audit(1790844730.115:81): prog-id=65 op=LOAD
[   11.941952] type=1300 audit(1790844730.115:81): arch=c000003e syscall=321 success=yes exit=21 a0=5 a1=7ffc08b1a610 a2=94 a3=1f items=0 ppid=1 auid=4294967295 uid=0 gid=0 euid=0 suid=0 fsuid=0 egid=0 sgid=0 fsgid=0 tty=(none) ses=4294967295 comm="bpfloader" exe="/system/bin/bpfloader" subj=u:r:bpfloader:s0 key=(null)
[   11.943252] type=1327 audit(1790844730.115:81): proctitle="/apex/com.android.tethering/bin/netbpfload"
[   11.943586] type=1320 audit(1790844730.115:81): 
[   11.943823] type=1334 audit(1790844730.115:82): prog-id=66 op=LOAD
[   11.944002] type=1300 audit(1790844730.115:82): arch=c000003e syscall=321 success=yes exit=22 a0=5 a1=7ffc08b1a610 a2=94 a3=98 items=0 ppid=1 auid=4294967295 uid=0 gid=0 euid=0 suid=0 fsuid=0 egid=0 sgid=0 fsgid=0 tty=(none) ses=4294967295 comm="bpfloader" exe="/system/bin/bpfloader" subj=u:r:bpfloader:s0 key=(null)
[   11.944411] type=1327 audit(1790844730.115:82): proctitle="/apex/com.android.tethering/bin/netbpfload"
[   11.944561] type=1320 audit(1790844730.115:82): 
[   11.944656] type=1334 audit(1790844730.119:83): prog-id=67 op=LOAD
[   11.944788] type=1300 audit(1790844730.119:83): arch=c000003e syscall=321 success=yes exit=4 a0=5 a1=7ffc08b1a610 a2=94 a3=2 items=0 ppid=1 auid=4294967295 uid=0 gid=0 euid=0 suid=0 fsuid=0 egid=0 sgid=0 fsgid=0 tty=(none) ses=4294967295 comm="bpfloader" exe="/system/bin/bpfloader" subj=u:r:bpfloader:s0 key=(null)
[   11.945592] type=1327 audit(1790844730.119:83): proctitle="/apex/com.android.tethering/bin/netbpfload"
[   11.945755] type=1320 audit(1790844730.119:83): 
[   11.945865] type=1334 audit(1790844730.119:84): prog-id=67 op=UNLOAD
[   11.946041] type=1300 audit(1790844730.119:84): arch=c000003e syscall=3 success=yes exit=0 a0=4 a1=0 a2=0 a3=2 items=0 ppid=1 auid=4294967295 uid=0 gid=0 euid=0 suid=0 fsuid=0 egid=0 sgid=0 fsgid=0 tty=(none) ses=4294967295 comm="bpfloader" exe="/system/bin/bpfloader" subj=u:r:bpfloader:s0 key=(null)
[   11.947066] type=1327 audit(1790844730.119:84): proctitle="/apex/com.android.tethering/bin/netbpfload"
[   11.947494] type=1320 audit(1790844730.119:84): 
[   11.948002] type=1334 audit(1790844730.119:85): prog-id=68 op=LOAD
[   11.948233] type=1300 audit(1790844730.119:85): arch=c000003e syscall=321 success=yes exit=7 a0=5 a1=7ffc08b1a450 a2=94 a3=5 items=0 ppid=1 auid=4294967295 uid=0 gid=0 euid=0 suid=0 fsuid=0 egid=0 sgid=0 fsgid=0 tty=(none) ses=4294967295 comm="bpfloader" exe="/system/bin/bpfloader" subj=u:r:bpfloader:s0 key=(null)
[   11.949142] type=1327 audit(1790844730.119:85): proctitle="/apex/com.android.tethering/bin/netbpfload"
[   11.950181] type=1320 audit(1790844730.119:85): 
[   11.950330] type=1334 audit(1790844730.119:86): prog-id=68 op=UNLOAD
[   11.950501] type=1300 audit(1790844730.119:86): arch=c000003e syscall=3 success=yes exit=0 a0=7 a1=0 a2=0 a3=5 items=0 ppid=1 auid=4294967295 uid=0 gid=0 euid=0 suid=0 fsuid=0 egid=0 sgid=0 fsgid=0 tty=(none) ses=4294967295 comm="bpfloader" exe="/system/bin/bpfloader" subj=u:r:bpfloader:s0 key=(null)
[   11.951096] type=1327 audit(1790844730.119:86): proctitle="/apex/com.android.tethering/bin/netbpfload"
[   11.951240] type=1320 audit(1790844730.119:86): 
[   11.951377] type=1334 audit(1790844730.119:87): prog-id=69 op=LOAD
[   11.951546] type=1300 audit(1790844730.119:87): arch=c000003e syscall=321 success=yes exit=6 a0=5 a1=7ffc08b1a610 a2=94 a3=2f items=0 ppid=1 auid=4294967295 uid=0 gid=0 euid=0 suid=0 fsuid=0 egid=0 sgid=0 fsgid=0 tty=(none) ses=4294967295 comm="bpfloader" exe="/system/bin/bpfloader" subj=u:r:bpfloader:s0 key=(null)
[   11.952410] type=1327 audit(1790844730.119:87): proctitle="/apex/com.android.tethering/bin/netbpfload"
[   11.953511] type=1320 audit(1790844730.119:87): 
[   11.953656] type=1334 audit(1790844730.123:88): prog-id=70 op=LOAD
[   11.953829] type=1300 audit(1790844730.123:88): arch=c000003e syscall=321 success=yes exit=8 a0=5 a1=7ffc08b1a470 a2=94 a3=2 items=0 ppid=1 auid=4294967295 uid=0 gid=0 euid=0 suid=0 fsuid=0 egid=0 sgid=0 fsgid=0 tty=(none) ses=4294967295 comm="bpfloader" exe="/system/bin/bpfloader" subj=u:r:bpfloader:s0 key=(null)
[   11.954543] type=1327 audit(1790844730.123:88): proctitle="/apex/com.android.tethering/bin/netbpfload"
[   11.954799] type=1320 audit(1790844730.123:88): 
[   11.955483] type=1334 audit(1790844730.123:89): prog-id=70 op=UNLOAD
[   11.955683] type=1300 audit(1790844730.123:89): arch=c000003e syscall=3 success=yes exit=0 a0=8 a1=0 a2=0 a3=7ffc08b1a558 items=0 ppid=1 auid=4294967295 uid=0 gid=0 euid=0 suid=0 fsuid=0 egid=0 sgid=0 fsgid=0 tty=(none) ses=4294967295 comm="bpfloader" exe="/system/bin/bpfloader" subj=u:r:bpfloader:s0 key=(null)
[   11.956280] type=1327 audit(1790844730.123:89): proctitle="/apex/com.android.tethering/bin/netbpfload"
[   11.956678] type=1320 audit(1790844730.123:89): 
[   11.957479] type=1334 audit(1790844730.123:90): prog-id=71 op=LOAD
[   11.957682] type=1300 audit(1790844730.123:90): arch=c000003e syscall=321 success=yes exit=4 a0=5 a1=7ffc08b1a610 a2=94 a3=2 items=0 ppid=1 auid=4294967295 uid=0 gid=0 euid=0 suid=0 fsuid=0 egid=0 sgid=0 fsgid=0 tty=(none) ses=4294967295 comm="bpfloader" exe="/system/bin/bpfloader" subj=u:r:bpfloader:s0 key=(null)
[   11.958810] type=1327 audit(1790844730.123:90): proctitle="/apex/com.android.tethering/bin/netbpfload"
[   11.959062] type=1320 audit(1790844730.123:90): 
[   11.959777] type=1334 audit(1790844730.123:91): prog-id=71 op=UNLOAD
[   11.959971] type=1300 audit(1790844730.123:91): arch=c000003e syscall=3 success=yes exit=0 a0=4 a1=0 a2=0 a3=2 items=0 ppid=1 auid=4294967295 uid=0 gid=0 euid=0 suid=0 fsuid=0 egid=0 sgid=0 fsgid=0 tty=(none) ses=4294967295 comm="bpfloader" exe="/system/bin/bpfloader" subj=u:r:bpfloader:s0 key=(null)
[   11.960997] type=1327 audit(1790844730.123:91): proctitle="/apex/com.android.tethering/bin/netbpfload"
[   11.961860] type=1320 audit(1790844730.123:91): 
[   11.962007] type=1334 audit(1790844730.123:92): prog-id=72 op=LOAD
[   11.962432] type=1300 audit(1790844730.123:92): arch=c000003e syscall=321 success=yes exit=6 a0=5 a1=7ffc08b1a610 a2=94 a3=20 items=0 ppid=1 auid=4294967295 uid=0 gid=0 euid=0 suid=0 fsuid=0 egid=0 sgid=0 fsgid=0 tty=(none) ses=4294967295 comm="bpfloader" exe="/system/bin/bpfloader" subj=u:r:bpfloader:s0 key=(null)
[   11.964014] type=1327 audit(1790844730.123:92): proctitle="/apex/com.android.tethering/bin/netbpfload"
[   11.964161] type=1320 audit(1790844730.123:92): 
[   11.964297] type=1334 audit(1790844730.127:93): prog-id=73 op=LOAD
[   11.964468] type=1300 audit(1790844730.127:93): arch=c000003e syscall=321 success=yes exit=4 a0=5 a1=7ffc08b1a610 a2=94 a3=2 items=0 ppid=1 auid=4294967295 uid=0 gid=0 euid=0 suid=0 fsuid=0 egid=0 sgid=0 fsgid=0 tty=(none) ses=4294967295 comm="bpfloader" exe="/system/bin/bpfloader" subj=u:r:bpfloader:s0 key=(null)
[   11.965298] type=1327 audit(1790844730.127:93): proctitle="/apex/com.android.tethering/bin/netbpfload"
[   11.966064] type=1320 audit(1790844730.127:93): 
[   11.966199] type=1334 audit(1790844730.127:94): prog-id=73 op=UNLOAD
[   11.966373] type=1300 audit(1790844730.127:94): arch=c000003e syscall=3 success=yes exit=0 a0=4 a1=0 a2=0 a3=2 items=0 ppid=1 auid=4294967295 uid=0 gid=0 euid=0 suid=0 fsuid=0 egid=0 sgid=0 fsgid=0 tty=(none) ses=4294967295 comm="bpfloader" exe="/system/bin/bpfloader" subj=u:r:bpfloader:s0 key=(null)
[   11.967229] type=1327 audit(1790844730.127:94): proctitle="/apex/com.android.tethering/bin/netbpfload"
[   11.968137] type=1320 audit(1790844730.127:94): 
[   11.968236] type=1334 audit(1790844730.127:95): prog-id=74 op=LOAD
[   11.968345] type=1300 audit(1790844730.127:95): arch=c000003e syscall=321 success=yes exit=7 a0=5 a1=7ffc08b1a610 a2=94 a3=55 items=0 ppid=1 auid=4294967295 uid=0 gid=0 euid=0 suid=0 fsuid=0 egid=0 sgid=0 fsgid=0 tty=(none) ses=4294967295 comm="bpfloader" exe="/system/bin/bpfloader" subj=u:r:bpfloader:s0 key=(null)
[   11.969336] type=1327 audit(1790844730.127:95): proctitle="/apex/com.android.tethering/bin/netbpfload"
[   11.969566] type=1320 audit(1790844730.127:95): 
[   11.969999] type=1334 audit(1790844730.127:96): prog-id=75 op=LOAD
[   11.970170] type=1300 audit(1790844730.127:96): arch=c000003e syscall=321 success=yes exit=4 a0=5 a1=7ffc08b1a610 a2=94 a3=2 items=0 ppid=1 auid=4294967295 uid=0 gid=0 euid=0 suid=0 fsuid=0 egid=0 sgid=0 fsgid=0 tty=(none) ses=4294967295 comm="bpfloader" exe="/system/bin/bpfloader" subj=u:r:bpfloader:s0 key=(null)
[   11.971626] type=1327 audit(1790844730.127:96): proctitle="/apex/com.android.tethering/bin/netbpfload"
[   11.971767] type=1320 audit(1790844730.127:96): 
[   11.971851] type=1334 audit(1790844730.127:97): prog-id=75 op=UNLOAD
[   11.972410] type=1300 audit(1790844730.127:97): arch=c000003e syscall=3 success=yes exit=0 a0=4 a1=0 a2=0 a3=2 items=0 ppid=1 auid=4294967295 uid=0 gid=0 euid=0 suid=0 fsuid=0 egid=0 sgid=0 fsgid=0 tty=(none) ses=4294967295 comm="bpfloader" exe="/system/bin/bpfloader" subj=u:r:bpfloader:s0 key=(null)
[   11.973496] type=1327 audit(1790844730.127:97): proctitle="/apex/com.android.tethering/bin/netbpfload"
[   11.973642] type=1320 audit(1790844730.127:97): 
[   11.973780] type=1334 audit(1790844730.127:98): prog-id=76 op=LOAD
[   11.973997] type=1300 audit(1790844730.127:98): arch=c000003e syscall=321 success=yes exit=7 a0=5 a1=7ffc08b1a610 a2=94 a3=2e items=0 ppid=1 auid=4294967295 uid=0 gid=0 euid=0 suid=0 fsuid=0 egid=0 sgid=0 fsgid=0 tty=(none) ses=4294967295 comm="bpfloader" exe="/system/bin/bpfloader" subj=u:r:bpfloader:s0 key=(null)
[   11.974811] type=1327 audit(1790844730.127:98): proctitle="/apex/com.android.tethering/bin/netbpfload"
[   11.975046] type=1320 audit(1790844730.127:98): 
[   11.975591] type=1334 audit(1790844730.127:99): prog-id=77 op=LOAD
[   11.975703] type=1300 audit(1790844730.127:99): arch=c000003e syscall=321 success=yes exit=8 a0=5 a1=7ffc08b1a610 a2=94 a3=e items=0 ppid=1 auid=4294967295 uid=0 gid=0 euid=0 suid=0 fsuid=0 egid=0 sgid=0 fsgid=0 tty=(none) ses=4294967295 comm="bpfloader" exe="/system/bin/bpfloader" subj=u:r:bpfloader:s0 key=(null)
[   11.976885] type=1327 audit(1790844730.127:99): proctitle="/apex/com.android.tethering/bin/netbpfload"
[   11.977055] type=1320 audit(1790844730.127:99): 
[   11.977238] type=1334 audit(1790844730.127:100): prog-id=78 op=LOAD
[   11.977434] type=1300 audit(1790844730.127:100): arch=c000003e syscall=321 success=yes exit=9 a0=5 a1=7ffc08b1a610 a2=94 a3=f items=0 ppid=1 auid=4294967295 uid=0 gid=0 euid=0 suid=0 fsuid=0 egid=0 sgid=0 fsgid=0 tty=(none) ses=4294967295 comm="bpfloader" exe="/system/bin/bpfloader" subj=u:r:bpfloader:s0 key=(null)
[   11.978860] type=1327 audit(1790844730.127:100): proctitle="/apex/com.android.tethering/bin/netbpfload"
[   11.979022] type=1320 audit(1790844730.127:100): 
[   11.979113] type=1334 audit(1790844730.127:101): prog-id=79 op=LOAD
[   11.979884] type=1300 audit(1790844730.127:101): arch=c000003e syscall=321 success=yes exit=10 a0=5 a1=7ffc08b1a610 a2=94 a3=16 items=0 ppid=1 auid=4294967295 uid=0 gid=0 euid=0 suid=0 fsuid=0 egid=0 sgid=0 fsgid=0 tty=(none) ses=4294967295 comm="bpfloader" exe="/system/bin/bpfloader" subj=u:r:bpfloader:s0 key=(null)
[   11.980465] type=1327 audit(1790844730.127:101): proctitle="/apex/com.android.tethering/bin/netbpfload"
[   11.981000] type=1320 audit(1790844730.127:101): 
[   11.981967] type=1334 audit(1790844730.127:102): prog-id=80 op=LOAD
[   11.982083] type=1300 audit(1790844730.127:102): arch=c000003e syscall=321 success=yes exit=11 a0=5 a1=7ffc08b1a610 a2=94 a3=12 items=0 ppid=1 auid=4294967295 uid=0 gid=0 euid=0 suid=0 fsuid=0 egid=0 sgid=0 fsgid=0 tty=(none) ses=4294967295 comm="bpfloader" exe="/system/bin/bpfloader" subj=u:r:bpfloader:s0 key=(null)
[   11.983031] type=1327 audit(1790844730.127:102): proctitle="/apex/com.android.tethering/bin/netbpfload"
[   11.983173] type=1320 audit(1790844730.127:102): 
[   11.984056] type=1334 audit(1790844730.127:103): prog-id=81 op=LOAD
[   11.984167] type=1300 audit(1790844730.127:103): arch=c000003e syscall=321 success=yes exit=12 a0=5 a1=7ffc08b1a610 a2=94 a3=19 items=0 ppid=1 auid=4294967295 uid=0 gid=0 euid=0 suid=0 fsuid=0 egid=0 sgid=0 fsgid=0 tty=(none) ses=4294967295 comm="bpfloader" exe="/system/bin/bpfloader" subj=u:r:bpfloader:s0 key=(null)
[   11.985190] type=1327 audit(1790844730.127:103): proctitle="/apex/com.android.tethering/bin/netbpfload"
[   11.985415] type=1320 audit(1790844730.127:103): 
[   11.986230] type=1334 audit(1790844730.127:104): prog-id=82 op=LOAD
[   11.986350] type=1300 audit(1790844730.127:104): arch=c000003e syscall=321 success=yes exit=13 a0=5 a1=7ffc08b1a610 a2=94 a3=f items=0 ppid=1 auid=4294967295 uid=0 gid=0 euid=0 suid=0 fsuid=0 egid=0 sgid=0 fsgid=0 tty=(none) ses=4294967295 comm="bpfloader" exe="/system/bin/bpfloader" subj=u:r:bpfloader:s0 key=(null)
[   11.987434] type=1327 audit(1790844730.127:104): proctitle="/apex/com.android.tethering/bin/netbpfload"
[   11.988252] type=1320 audit(1790844730.127:104): 
[   11.988355] type=1334 audit(1790844730.131:105): prog-id=83 op=LOAD
[   11.989147] type=1300 audit(1790844730.131:105): arch=c000003e syscall=321 success=yes exit=4 a0=5 a1=7ffc08b1a610 a2=94 a3=2 items=0 ppid=1 auid=4294967295 uid=0 gid=0 euid=0 suid=0 fsuid=0 egid=0 sgid=0 fsgid=0 tty=(none) ses=4294967295 comm="bpfloader" exe="/system/bin/bpfloader" subj=u:r:bpfloader:s0 key=(null)
[   11.990635] type=1327 audit(1790844730.131:105): proctitle="/apex/com.android.tethering/bin/netbpfload"
[   11.990780] type=1320 audit(1790844730.131:105): 
[   11.990936] type=1334 audit(1790844730.131:106): prog-id=83 op=UNLOAD
[   11.991108] type=1300 audit(1790844730.131:106): arch=c000003e syscall=3 success=yes exit=0 a0=4 a1=0 a2=0 a3=2 items=0 ppid=1 auid=4294967295 uid=0 gid=0 euid=0 suid=0 fsuid=0 egid=0 sgid=0 fsgid=0 tty=(none) ses=4294967295 comm="bpfloader" exe="/system/bin/bpfloader" subj=u:r:bpfloader:s0 key=(null)
[   11.992459] type=1327 audit(1790844730.131:106): proctitle="/apex/com.android.tethering/bin/netbpfload"
[   11.992593] type=1320 audit(1790844730.131:106): 
[   11.992678] type=1334 audit(1790844730.131:107): prog-id=84 op=LOAD
[   11.992899] type=1300 audit(1790844730.131:107): arch=c000003e syscall=321 success=yes exit=7 a0=5 a1=7ffc08b1a610 a2=94 a3=2e items=0 ppid=1 auid=4294967295 uid=0 gid=0 euid=0 suid=0 fsuid=0 egid=0 sgid=0 fsgid=0 tty=(none) ses=4294967295 comm="bpfloader" exe="/system/bin/bpfloader" subj=u:r:bpfloader:s0 key=(null)
[   11.993751] type=1327 audit(1790844730.131:107): proctitle="/apex/com.android.tethering/bin/netbpfload"
[   11.994629] type=1320 audit(1790844730.131:107): 
[   11.994724] type=1334 audit(1790844730.131:108): prog-id=85 op=LOAD
[   11.994897] type=1300 audit(1790844730.131:108): arch=c000003e syscall=321 success=yes exit=8 a0=5 a1=7ffc08b1a610 a2=94 a3=38 items=0 ppid=1 auid=4294967295 uid=0 gid=0 euid=0 suid=0 fsuid=0 egid=0 sgid=0 fsgid=0 tty=(none) ses=4294967295 comm="bpfloader" exe="/system/bin/bpfloader" subj=u:r:bpfloader:s0 key=(null)
[   11.996001] type=1327 audit(1790844730.131:108): proctitle="/apex/com.android.tethering/bin/netbpfload"
[   11.996875] type=1320 audit(1790844730.131:108): 
[   11.997036] type=1334 audit(1790844730.131:109): prog-id=86 op=LOAD
[   11.997203] type=1300 audit(1790844730.131:109): arch=c000003e syscall=321 success=yes exit=9 a0=5 a1=7ffc08b1a610 a2=94 a3=e items=0 ppid=1 auid=4294967295 uid=0 gid=0 euid=0 suid=0 fsuid=0 egid=0 sgid=0 fsgid=0 tty=(none) ses=4294967295 comm="bpfloader" exe="/system/bin/bpfloader" subj=u:r:bpfloader:s0 key=(null)
[   11.998945] type=1327 audit(1790844730.131:109): proctitle="/apex/com.android.tethering/bin/netbpfload"
[   11.999163] type=1320 audit(1790844730.131:109): 
[   11.999298] type=1334 audit(1790844730.131:110): prog-id=87 op=LOAD
[   11.999469] type=1300 audit(1790844730.131:110): arch=c000003e syscall=321 success=yes exit=10 a0=5 a1=7ffc08b1a610 a2=94 a3=f items=0 ppid=1 auid=4294967295 uid=0 gid=0 euid=0 suid=0 fsuid=0 egid=0 sgid=0 fsgid=0 tty=(none) ses=4294967295 comm="bpfloader" exe="/system/bin/bpfloader" subj=u:r:bpfloader:s0 key=(null)
[   12.001017] type=1327 audit(1790844730.131:110): proctitle="/apex/com.android.tethering/bin/netbpfload"
[   12.001165] type=1320 audit(1790844730.131:110): 
[   12.001298] type=1334 audit(1790844730.131:111): prog-id=88 op=LOAD
[   12.002043] type=1300 audit(1790844730.131:111): arch=c000003e syscall=321 success=yes exit=11 a0=5 a1=7ffc08b1a610 a2=94 a3=13 items=0 ppid=1 auid=4294967295 uid=0 gid=0 euid=0 suid=0 fsuid=0 egid=0 sgid=0 fsgid=0 tty=(none) ses=4294967295 comm="bpfloader" exe="/system/bin/bpfloader" subj=u:r:bpfloader:s0 key=(null)
[   12.003155] type=1327 audit(1790844730.131:111): proctitle="/apex/com.android.tethering/bin/netbpfload"
[   12.003375] type=1320 audit(1790844730.131:111): 
[   12.003508] type=1334 audit(1790844730.131:112): prog-id=89 op=LOAD
[   12.004168] type=1300 audit(1790844730.131:112): arch=c000003e syscall=321 success=yes exit=12 a0=5 a1=7ffc08b1a610 a2=94 a3=11 items=0 ppid=1 auid=4294967295 uid=0 gid=0 euid=0 suid=0 fsuid=0 egid=0 sgid=0 fsgid=0 tty=(none) ses=4294967295 comm="bpfloader" exe="/system/bin/bpfloader" subj=u:r:bpfloader:s0 key=(null)
[   12.005082] type=1327 audit(1790844730.131:112): proctitle="/apex/com.android.tethering/bin/netbpfload"
[   12.006294] type=1320 audit(1790844730.131:112): 
[   12.006383] type=1334 audit(1790844730.131:113): prog-id=90 op=LOAD
[   12.006555] type=1300 audit(1790844730.131:113): arch=c000003e syscall=321 success=yes exit=13 a0=5 a1=7ffc08b1a610 a2=94 a3=13 items=0 ppid=1 auid=4294967295 uid=0 gid=0 euid=0 suid=0 fsuid=0 egid=0 sgid=0 fsgid=0 tty=(none) ses=4294967295 comm="bpfloader" exe="/system/bin/bpfloader" subj=u:r:bpfloader:s0 key=(null)
[   12.007337] type=1327 audit(1790844730.131:113): proctitle="/apex/com.android.tethering/bin/netbpfload"
[   12.008419] type=1320 audit(1790844730.131:113): 
[   12.008505] type=1334 audit(1790844730.131:114): prog-id=91 op=LOAD
[   12.008671] type=1300 audit(1790844730.131:114): arch=c000003e syscall=321 success=yes exit=14 a0=5 a1=7ffc08b1a610 a2=94 a3=11 items=0 ppid=1 auid=4294967295 uid=0 gid=0 euid=0 suid=0 fsuid=0 egid=0 sgid=0 fsgid=0 tty=(none) ses=4294967295 comm="bpfloader" exe="/system/bin/bpfloader" subj=u:r:bpfloader:s0 key=(null)
[   12.009796] type=1327 audit(1790844730.131:114): proctitle="/apex/com.android.tethering/bin/netbpfload"
[   12.010158] type=1320 audit(1790844730.131:114): 
[   12.010574] type=1334 audit(1790844730.135:115): prog-id=92 op=LOAD
[   12.010760] type=1300 audit(1790844730.135:115): arch=c000003e syscall=321 success=yes exit=4 a0=5 a1=7ffc08b1a610 a2=94 a3=2 items=0 ppid=1 auid=4294967295 uid=0 gid=0 euid=0 suid=0 fsuid=0 egid=0 sgid=0 fsgid=0 tty=(none) ses=4294967295 comm="bpfloader" exe="/system/bin/bpfloader" subj=u:r:bpfloader:s0 key=(null)
[   12.011930] type=1327 audit(1790844730.135:115): proctitle="/apex/com.android.tethering/bin/netbpfload"
[   12.012099] type=1320 audit(1790844730.135:115): 
[   12.012236] type=1334 audit(1790844730.135:116): prog-id=92 op=UNLOAD
[   12.012431] type=1300 audit(1790844730.135:116): arch=c000003e syscall=3 success=yes exit=0 a0=4 a1=0 a2=0 a3=2 items=0 ppid=1 auid=4294967295 uid=0 gid=0 euid=0 suid=0 fsuid=0 egid=0 sgid=0 fsgid=0 tty=(none) ses=4294967295 comm="bpfloader" exe="/system/bin/bpfloader" subj=u:r:bpfloader:s0 key=(null)
[   12.013999] type=1327 audit(1790844730.135:116): proctitle="/apex/com.android.tethering/bin/netbpfload"
[   12.014152] type=1320 audit(1790844730.135:116): 
[   12.014287] type=1334 audit(1790844730.135:117): prog-id=93 op=LOAD
[   12.014457] type=1300 audit(1790844730.135:117): arch=c000003e syscall=321 success=yes exit=6 a0=5 a1=7ffc08b1a610 a2=94 a3=f items=0 ppid=1 auid=4294967295 uid=0 gid=0 euid=0 suid=0 fsuid=0 egid=0 sgid=0 fsgid=0 tty=(none) ses=4294967295 comm="bpfloader" exe="/system/bin/bpfloader" subj=u:r:bpfloader:s0 key=(null)
[   12.015551] type=1327 audit(1790844730.135:117): proctitle="/apex/com.android.tethering/bin/netbpfload"
[   12.015775] type=1320 audit(1790844730.135:117): 
[   12.015964] type=1334 audit(1790844730.135:118): prog-id=94 op=LOAD
[   12.016982] type=1300 audit(1790844730.135:118): arch=c000003e syscall=321 success=yes exit=4 a0=5 a1=7ffc08b1a610 a2=94 a3=2 items=0 ppid=1 auid=4294967295 uid=0 gid=0 euid=0 suid=0 fsuid=0 egid=0 sgid=0 fsgid=0 tty=(none) ses=4294967295 comm="bpfloader" exe="/system/bin/bpfloader" subj=u:r:bpfloader:s0 key=(null)
[   12.017373] type=1327 audit(1790844730.135:118): proctitle="/apex/com.android.tethering/bin/netbpfload"
[   12.018003] type=1320 audit(1790844730.135:118): 
[   12.018136] type=1334 audit(1790844730.135:119): prog-id=94 op=UNLOAD
[   12.018986] type=1300 audit(1790844730.135:119): arch=c000003e syscall=3 success=yes exit=0 a0=4 a1=0 a2=0 a3=2 items=0 ppid=1 auid=4294967295 uid=0 gid=0 euid=0 suid=0 fsuid=0 egid=0 sgid=0 fsgid=0 tty=(none) ses=4294967295 comm="bpfloader" exe="/system/bin/bpfloader" subj=u:r:bpfloader:s0 key=(null)
[   12.020150] type=1327 audit(1790844730.135:119): proctitle="/apex/com.android.tethering/bin/netbpfload"
[   12.020293] type=1320 audit(1790844730.135:119): 
[   12.020381] type=1334 audit(1790844730.135:120): prog-id=95 op=LOAD
[   12.020546] type=1300 audit(1790844730.135:120): arch=c000003e syscall=321 success=yes exit=7 a0=5 a1=7ffc08b1a610 a2=94 a3=40 items=0 ppid=1 auid=4294967295 uid=0 gid=0 euid=0 suid=0 fsuid=0 egid=0 sgid=0 fsgid=0 tty=(none) ses=4294967295 comm="bpfloader" exe="/system/bin/bpfloader" subj=u:r:bpfloader:s0 key=(null)
[   12.021448] type=1327 audit(1790844730.135:120): proctitle="/apex/com.android.tethering/bin/netbpfload"
[   12.022160] type=1320 audit(1790844730.135:120): 
[   12.022250] type=1334 audit(1790844730.135:121): prog-id=96 op=LOAD
[   12.022424] type=1300 audit(1790844730.135:121): arch=c000003e syscall=321 success=yes exit=8 a0=5 a1=7ffc08b1a610 a2=94 a3=42 items=0 ppid=1 auid=4294967295 uid=0 gid=0 euid=0 suid=0 fsuid=0 egid=0 sgid=0 fsgid=0 tty=(none) ses=4294967295 comm="bpfloader" exe="/system/bin/bpfloader" subj=u:r:bpfloader:s0 key=(null)
[   12.023280] type=1327 audit(1790844730.135:121): proctitle="/apex/com.android.tethering/bin/netbpfload"
[   12.023419] type=1320 audit(1790844730.135:121): 
[   12.023506] type=1334 audit(1790844730.143:122): prog-id=97 op=LOAD
[   12.023674] type=1300 audit(1790844730.143:122): arch=c000003e syscall=321 success=yes exit=4 a0=5 a1=7ffc08b1a610 a2=94 a3=2 items=0 ppid=1 auid=4294967295 uid=0 gid=0 euid=0 suid=0 fsuid=0 egid=0 sgid=0 fsgid=0 tty=(none) ses=4294967295 comm="bpfloader" exe="/system/bin/bpfloader" subj=u:r:bpfloader:s0 key=(null)
[   12.024567] type=1327 audit(1790844730.143:122): proctitle="/apex/com.android.tethering/bin/netbpfload"
[   12.024790] type=1320 audit(1790844730.143:122): 
[   12.025420] type=1334 audit(1790844730.143:123): prog-id=97 op=UNLOAD
[   12.025538] type=1300 audit(1790844730.143:123): arch=c000003e syscall=3 success=yes exit=0 a0=4 a1=0 a2=0 a3=2 items=0 ppid=1 auid=4294967295 uid=0 gid=0 euid=0 suid=0 fsuid=0 egid=0 sgid=0 fsgid=0 tty=(none) ses=4294967295 comm="bpfloader" exe="/system/bin/bpfloader" subj=u:r:bpfloader:s0 key=(null)
[   12.026285] type=1327 audit(1790844730.143:123): proctitle="/apex/com.android.tethering/bin/netbpfload"
[   12.026725] type=1320 audit(1790844730.143:123): 
[   12.026863] type=1334 audit(1790844730.143:124): prog-id=98 op=LOAD
[   12.027376] type=1300 audit(1790844730.143:124): arch=c000003e syscall=321 success=yes exit=7 a0=5 a1=7ffc08b1a610 a2=94 a3=40 items=0 ppid=1 auid=4294967295 uid=0 gid=0 euid=0 suid=0 fsuid=0 egid=0 sgid=0 fsgid=0 tty=(none) ses=4294967295 comm="bpfloader" exe="/system/bin/bpfloader" subj=u:r:bpfloader:s0 key=(null)
[   12.028584] type=1327 audit(1790844730.143:124): proctitle="/apex/com.android.tethering/bin/netbpfload"
[   12.028726] type=1320 audit(1790844730.143:124): 
[   12.028813] type=1334 audit(1790844730.143:125): prog-id=99 op=LOAD
[   12.029052] type=1300 audit(1790844730.143:125): arch=c000003e syscall=321 success=yes exit=8 a0=5 a1=7ffc08b1a610 a2=94 a3=42 items=0 ppid=1 auid=4294967295 uid=0 gid=0 euid=0 suid=0 fsuid=0 egid=0 sgid=0 fsgid=0 tty=(none) ses=4294967295 comm="bpfloader" exe="/system/bin/bpfloader" subj=u:r:bpfloader:s0 key=(null)
[   12.029886] type=1327 audit(1790844730.143:125): proctitle="/apex/com.android.tethering/bin/netbpfload"
[   12.030736] type=1320 audit(1790844730.143:125): 
[   12.030825] type=1334 audit(1790844730.143:126): prog-id=100 op=LOAD
[   12.031012] type=1300 audit(1790844730.143:126): arch=c000003e syscall=321 success=yes exit=4 a0=5 a1=7ffc08b1a610 a2=94 a3=2 items=0 ppid=1 auid=4294967295 uid=0 gid=0 euid=0 suid=0 fsuid=0 egid=0 sgid=0 fsgid=0 tty=(none) ses=4294967295 comm="bpfloader" exe="/system/bin/bpfloader" subj=u:r:bpfloader:s0 key=(null)
[   12.032005] type=1327 audit(1790844730.143:126): proctitle="/apex/com.android.tethering/bin/netbpfload"
[   12.032183] type=1320 audit(1790844730.143:126): 
[   12.032751] type=1334 audit(1790844730.143:127): prog-id=100 op=UNLOAD
[   12.032933] type=1300 audit(1790844730.143:127): arch=c000003e syscall=3 success=yes exit=0 a0=4 a1=0 a2=0 a3=2 items=0 ppid=1 auid=4294967295 uid=0 gid=0 euid=0 suid=0 fsuid=0 egid=0 sgid=0 fsgid=0 tty=(none) ses=4294967295 comm="bpfloader" exe="/system/bin/bpfloader" subj=u:r:bpfloader:s0 key=(null)
[   12.033951] type=1327 audit(1790844730.143:127): proctitle="/apex/com.android.tethering/bin/netbpfload"
[   12.034093] type=1320 audit(1790844730.143:127): 
[   12.054104] type=1334 audit(1790844730.239:128): prog-id=101 op=LOAD
[   12.054347] type=1300 audit(1790844730.239:128): arch=c000003e syscall=321 success=yes exit=6 a0=5 a1=7ffc08b1a610 a2=94 a3=66 items=0 ppid=1 auid=4294967295 uid=0 gid=0 euid=0 suid=0 fsuid=0 egid=0 sgid=0 fsgid=0 tty=(none) ses=4294967295 comm="bpfloader" exe="/system/bin/bpfloader" subj=u:r:bpfloader:s0 key=(null)
[   12.055137] type=1327 audit(1790844730.239:128): proctitle="/apex/com.android.tethering/bin/netbpfload"
[   12.055392] type=1320 audit(1790844730.239:128): 
[   12.056693] BpfLoader: Platform BpfLoader loading critical for healthd ELF object /vendor/etc/bpf/filterPowerSupplyEvents.o with license Apache 2.0
[   12.057610] BpfLoader: No maps section could be found in elf object
[   12.081115] type=1334 audit(1790844730.247:129): prog-id=102 op=LOAD
[   12.081436] type=1300 audit(1790844730.247:129): arch=c000003e syscall=321 success=yes exit=6 a0=5 a1=7ffc08b1c150 a2=a8 a3=fffff items=0 ppid=1 auid=4294967295 uid=0 gid=0 euid=0 suid=0 fsuid=0 egid=0 sgid=0 fsgid=0 tty=(none) ses=4294967295 comm="bpfloader" exe="/system/bin/bpfloader" subj=u:r:bpfloader:s0 key=(null)
[   12.082376] type=1327 audit(1790844730.247:129): proctitle="/apex/com.android.tethering/bin/netbpfload"
[   12.082688] type=1320 audit(1790844730.247:129): 
[   12.089458] NetBpfLoad: success.
[   12.090340] init: Service 'bpfloader' (pid 587) exited with status 0 waiting took 0.482000 seconds
[   12.090574] init: Sending SIGKILL to service 'bpfloader' (pid 587) process group...
[   12.090926] libprocessgroup: Removed cgroup /sys/fs/cgroup/system/uid_0/pid_587
[   12.091483] init: start_waiting_for_property("bpf.progs_loaded", "1"): already set
[   12.091971] init: starting service 'netd1shot'...
[   12.093262] libprocessgroup: Created cgroup /sys/fs/cgroup/system/uid_0/pid_591
[   12.094809] init: ... started service 'netd1shot' has pid 591
[   12.095022] init: SVC_EXEC service 'netd1shot' pid 591 (uid 0 gid 0+1 context default) started; waiting...
[   12.129354] init: Service 'netd1shot' (pid 591) exited with status 0 waiting took 0.036000 seconds
[   12.129571] init: Sending SIGKILL to service 'netd1shot' (pid 591) process group...
[   12.129828] libprocessgroup: Removed cgroup /sys/fs/cgroup/system/uid_0/pid_591
[   12.130419] init: starting service 'netd'...
[   12.130707] init: Created socket '/dev/socket/dnsproxyd', mode 660, user 0, group 3003
[   12.130970] init: Created socket '/dev/socket/mdns', mode 660, user 0, group 1000
[   12.131213] init: Created socket '/dev/socket/fwmarkd', mode 660, user 0, group 3003
[   12.132204] libprocessgroup: Created cgroup /sys/fs/cgroup/system/uid_0/pid_592
[   12.134276] init: ... started service 'netd' has pid 592
[   12.135069] init: processing action (zygote-start) from (/system/etc/init/hw/init.rc:1091)
[   12.135371] init: start_waiting_for_property("odsign.verification.done", "1"): already set
[   12.136090] init: starting service 'statsd'...
[   12.136359] init: Created socket '/dev/socket/statsdw', mode 222, user 1066, group 1066
[   12.137368] libprocessgroup: Created cgroup /sys/fs/cgroup/system/uid_1066
[   12.138410] libprocessgroup: Created cgroup /sys/fs/cgroup/system/uid_1066/pid_593
[   12.144153] init: ... started service 'statsd' has pid 593
[   12.144409] init: starting service 'zygote'...
[   12.144666] init: Created socket '/dev/socket/zygote', mode 660, user 0, group 1000
[   12.144999] init: Created socket '/dev/socket/usap_pool_primary', mode 660, user 0, group 1000
[   12.150035] libprocessgroup: Created cgroup /sys/fs/cgroup/system/uid_0/pid_594
[   12.154945] init: ... started service 'zygote' has pid 594
[   12.155167] init: Command 'start zygote_secondary' action=zygote-start (/system/etc/init/hw/init.rc:1095) took 0ms and failed: service zygote_secondary not found
[   12.155588] init: processing action (firmware_mounts_complete) from (/system/etc/init/hw/init.rc:514)
[   12.156079] init: processing action (early-boot) from (/system/etc/init/installd.rc:7)
[   12.168301] init: processing action (early-boot) from (/system/etc/init/kcmdlinectrl.rc:17)
[   12.171611] init: starting service 'exec 13 (/system/bin/kcmdlinectrl update-props)'...
[   12.173669] libprocessgroup: Created cgroup /sys/fs/cgroup/system/uid_0/pid_602
[   12.176208] init: ... started service 'exec 13 (/system/bin/kcmdlinectrl update-props)' has pid 602
[   12.181324] init: processing action (boot) from (/system/etc/init/hw/init.rc:1112)
[   12.192296] type=1325 audit(1790844730.375:130): table=filter family=2 entries=0 op=xt_register subj=u:r:netd:s0 comm="iptables-restor"
[   12.193303] type=1300 audit(1790844730.375:130): arch=c000003e syscall=55 success=yes exit=0 a0=4 a1=0 a2=40 a3=7ffd0e375e40 items=0 ppid=592 auid=4294967295 uid=0 gid=0 euid=0 suid=0 fsuid=0 egid=0 sgid=0 fsgid=0 tty=(none) ses=4294967295 comm="iptables-restor" exe="/system/bin/iptables" subj=u:r:netd:s0 key=(null)
[   12.194062] type=1327 audit(1790844730.375:130): proctitle=2F73797374656D2F62696E2F69707461626C65732D726573746F7265002D2D6E6F666C757368002D77002D76
[   12.194402] type=1320 audit(1790844730.375:130): 
[   12.194540] type=1325 audit(1790844730.375:131): table=filter family=2 entries=4 op=xt_replace subj=u:r:netd:s0 comm="iptables-restor"
[   12.194863] type=1300 audit(1790844730.375:131): arch=c000003e syscall=54 success=yes exit=0 a0=4 a1=0 a2=40 a3=7494aec14090 items=0 ppid=592 auid=4294967295 uid=0 gid=0 euid=0 suid=0 fsuid=0 egid=0 sgid=0 fsgid=0 tty=(none) ses=4294967295 comm="iptables-restor" exe="/system/bin/iptables" subj=u:r:netd:s0 key=(null)
[   12.195535] type=1327 audit(1790844730.375:131): proctitle=2F73797374656D2F62696E2F69707461626C65732D726573746F7265002D2D6E6F666C757368002D77002D76
[   12.195852] type=1320 audit(1790844730.375:131): 
[   12.197120] type=1325 audit(1790844730.379:132): table=filter family=10 entries=0 op=xt_register subj=u:r:netd:s0 comm="ip6tables-resto"
[   12.197423] type=1300 audit(1790844730.379:132): arch=c000003e syscall=55 success=yes exit=0 a0=4 a1=29 a2=40 a3=7ffe433db2f0 items=0 ppid=592 auid=4294967295 uid=0 gid=0 euid=0 suid=0 fsuid=0 egid=0 sgid=0 fsgid=0 tty=(none) ses=4294967295 comm="ip6tables-resto" exe="/system/bin/iptables" subj=u:r:netd:s0 key=(null)
[   12.198111] type=1327 audit(1790844730.379:132): proctitle=2F73797374656D2F62696E2F6970367461626C65732D726573746F7265002D2D6E6F666C757368002D77002D76
[   12.198414] type=1320 audit(1790844730.379:132): 
[   12.198563] type=1325 audit(1790844730.379:133): table=filter family=10 entries=4 op=xt_replace subj=u:r:netd:s0 comm="ip6tables-resto"
[   12.198935] type=1300 audit(1790844730.379:133): arch=c000003e syscall=54 success=yes exit=0 a0=4 a1=29 a2=40 a3=7a64a740f010 items=0 ppid=592 auid=4294967295 uid=0 gid=0 euid=0 suid=0 fsuid=0 egid=0 sgid=0 fsgid=0 tty=(none) ses=4294967295 comm="ip6tables-resto" exe="/system/bin/iptables" subj=u:r:netd:s0 key=(null)
[   12.199749] type=1327 audit(1790844730.379:133): proctitle=2F73797374656D2F62696E2F6970367461626C65732D726573746F7265002D2D6E6F666C757368002D77002D76
[   12.200151] type=1320 audit(1790844730.379:133): 
[   12.204770] type=1325 audit(1790844730.379:134): table=filter family=2 entries=13 op=xt_replace subj=u:r:netd:s0 comm="iptables-restor"
[   12.205793] type=1300 audit(1790844730.379:134): arch=c000003e syscall=54 success=yes exit=0 a0=4 a1=0 a2=40 a3=7494cec07040 items=0 ppid=592 auid=4294967295 uid=0 gid=0 euid=0 suid=0 fsuid=0 egid=0 sgid=0 fsgid=0 tty=(none) ses=4294967295 comm="iptables-restor" exe="/system/bin/iptables" subj=u:r:netd:s0 key=(null)
[   12.206551] type=1327 audit(1790844730.379:134): proctitle=2F73797374656D2F62696E2F69707461626C65732D726573746F7265002D2D6E6F666C757368002D77002D76
[   12.207012] type=1320 audit(1790844730.379:134): 
[   12.207161] type=1325 audit(1790844730.383:135): table=filter family=10 entries=13 op=xt_replace subj=u:r:netd:s0 comm="ip6tables-resto"
[   12.207445] type=1300 audit(1790844730.383:135): arch=c000003e syscall=54 success=yes exit=0 a0=4 a1=29 a2=40 a3=7a643740c010 items=0 ppid=592 auid=4294967295 uid=0 gid=0 euid=0 suid=0 fsuid=0 egid=0 sgid=0 fsgid=0 tty=(none) ses=4294967295 comm="ip6tables-resto" exe="/system/bin/iptables" subj=u:r:netd:s0 key=(null)
[   12.213546] init: Service 'exec 13 (/system/bin/kcmdlinectrl update-props)' (pid 602) exited with status 0 oneshot service took 0.040000 seconds in background
[   12.215712] init: Sending SIGKILL to service 'exec 13 (/system/bin/kcmdlinectrl update-props)' (pid 602) process group...
[   12.216183] libprocessgroup: Removed cgroup /sys/fs/cgroup/system/uid_0/pid_602
[   12.218522] type=1327 audit(1790844730.383:135): proctitle=2F73797374656D2F62696E2F6970367461626C65732D726573746F7265002D2D6E6F666C757368002D77002D76
[   12.218980] type=1320 audit(1790844730.383:135): 
[   12.220029] type=1325 audit(1790844730.383:136): table=raw family=2 entries=0 op=xt_register subj=u:r:netd:s0 comm="iptables-restor"
[   12.220283] type=1300 audit(1790844730.383:136): arch=c000003e syscall=55 success=yes exit=0 a0=4 a1=0 a2=40 a3=7ffd0e375e40 items=0 ppid=592 auid=4294967295 uid=0 gid=0 euid=0 suid=0 fsuid=0 egid=0 sgid=0 fsgid=0 tty=(none) ses=4294967295 comm="iptables-restor" exe="/system/bin/iptables" subj=u:r:netd:s0 key=(null)
[   12.220867] type=1327 audit(1790844730.383:136): proctitle=2F73797374656D2F62696E2F69707461626C65732D726573746F7265002D2D6E6F666C757368002D77002D76
[   12.221183] type=1320 audit(1790844730.383:136): 
[   12.221387] type=1325 audit(1790844730.383:137): table=raw family=2 entries=3 op=xt_replace subj=u:r:netd:s0 comm="iptables-restor"
[   12.221704] type=1300 audit(1790844730.383:137): arch=c000003e syscall=54 success=yes exit=0 a0=4 a1=0 a2=40 a3=7494bec028a0 items=0 ppid=592 auid=4294967295 uid=0 gid=0 euid=0 suid=0 fsuid=0 egid=0 sgid=0 fsgid=0 tty=(none) ses=4294967295 comm="iptables-restor" exe="/system/bin/iptables" subj=u:r:netd:s0 key=(null)
[   12.223201] type=1327 audit(1790844730.383:137): proctitle=2F73797374656D2F62696E2F69707461626C65732D726573746F7265002D2D6E6F666C757368002D77002D76
[   12.223443] type=1320 audit(1790844730.383:137): 
[   12.223552] type=1325 audit(1790844730.383:138): table=raw family=10 entries=0 op=xt_register subj=u:r:netd:s0 comm="ip6tables-resto"
[   12.223792] type=1300 audit(1790844730.383:138): arch=c000003e syscall=55 success=yes exit=0 a0=4 a1=29 a2=40 a3=7ffe433db2f0 items=0 ppid=592 auid=4294967295 uid=0 gid=0 euid=0 suid=0 fsuid=0 egid=0 sgid=0 fsgid=0 tty=(none) ses=4294967295 comm="ip6tables-resto" exe="/system/bin/iptables" subj=u:r:netd:s0 key=(null)
[   12.224327] type=1327 audit(1790844730.383:138): proctitle=2F73797374656D2F62696E2F6970367461626C65732D726573746F7265002D2D6E6F666C757368002D77002D76
[   12.224604] type=1320 audit(1790844730.383:138): 
[   12.224708] type=1325 audit(1790844730.387:139): table=raw family=10 entries=3 op=xt_replace subj=u:r:netd:s0 comm="ip6tables-resto"
[   12.224984] type=1300 audit(1790844730.387:139): arch=c000003e syscall=54 success=yes exit=0 a0=4 a1=29 a2=40 a3=7a64a740f010 items=0 ppid=592 auid=4294967295 uid=0 gid=0 euid=0 suid=0 fsuid=0 egid=0 sgid=0 fsgid=0 tty=(none) ses=4294967295 comm="ip6tables-resto" exe="/system/bin/iptables" subj=u:r:netd:s0 key=(null)
[   12.226452] type=1327 audit(1790844730.387:139): proctitle=2F73797374656D2F62696E2F6970367461626C65732D726573746F7265002D2D6E6F666C757368002D77002D76
[   12.226668] type=1320 audit(1790844730.387:139): 
[   12.226753] type=1325 audit(1790844730.387:140): table=mangle family=2 entries=0 op=xt_register subj=u:r:netd:s0 comm="iptables-restor"
[   12.226944] type=1300 audit(1790844730.387:140): arch=c000003e syscall=55 success=yes exit=0 a0=4 a1=0 a2=40 a3=7ffd0e375e40 items=0 ppid=592 auid=4294967295 uid=0 gid=0 euid=0 suid=0 fsuid=0 egid=0 sgid=0 fsgid=0 tty=(none) ses=4294967295 comm="iptables-restor" exe="/system/bin/iptables" subj=u:r:netd:s0 key=(null)
[   12.227372] type=1327 audit(1790844730.387:140): proctitle=2F73797374656D2F62696E2F69707461626C65732D726573746F7265002D2D6E6F666C757368002D77002D76
[   12.227593] type=1320 audit(1790844730.387:140): 
[   12.227699] type=1325 audit(1790844730.387:141): table=mangle family=2 entries=6 op=xt_replace subj=u:r:netd:s0 comm="iptables-restor"
[   12.227953] type=1300 audit(1790844730.387:141): arch=c000003e syscall=54 success=yes exit=0 a0=4 a1=0 a2=40 a3=7493dec02010 items=0 ppid=592 auid=4294967295 uid=0 gid=0 euid=0 suid=0 fsuid=0 egid=0 sgid=0 fsgid=0 tty=(none) ses=4294967295 comm="iptables-restor" exe="/system/bin/iptables" subj=u:r:netd:s0 key=(null)
[   12.228552] type=1327 audit(1790844730.387:141): proctitle=2F73797374656D2F62696E2F69707461626C65732D726573746F7265002D2D6E6F666C757368002D77002D76
[   12.228805] type=1320 audit(1790844730.387:141): 
[   12.229024] type=1325 audit(1790844730.387:142): table=mangle family=10 entries=0 op=xt_register subj=u:r:netd:s0 comm="ip6tables-resto"
[   12.229278] type=1300 audit(1790844730.387:142): arch=c000003e syscall=55 success=yes exit=0 a0=4 a1=29 a2=40 a3=7ffe433db2f0 items=0 ppid=592 auid=4294967295 uid=0 gid=0 euid=0 suid=0 fsuid=0 egid=0 sgid=0 fsgid=0 tty=(none) ses=4294967295 comm="ip6tables-resto" exe="/system/bin/iptables" subj=u:r:netd:s0 key=(null)
[   12.229828] type=1327 audit(1790844730.387:142): proctitle=2F73797374656D2F62696E2F6970367461626C65732D726573746F7265002D2D6E6F666C757368002D77002D76
[   12.230123] type=1320 audit(1790844730.387:142): 
[   12.230237] type=1325 audit(1790844730.387:143): table=mangle family=10 entries=6 op=xt_replace subj=u:r:netd:s0 comm="ip6tables-resto"
[   12.230483] type=1300 audit(1790844730.387:143): arch=c000003e syscall=54 success=yes exit=0 a0=4 a1=29 a2=40 a3=7a63b740e8a0 items=0 ppid=592 auid=4294967295 uid=0 gid=0 euid=0 suid=0 fsuid=0 egid=0 sgid=0 fsgid=0 tty=(none) ses=4294967295 comm="ip6tables-resto" exe="/system/bin/iptables" subj=u:r:netd:s0 key=(null)
[   12.231081] type=1327 audit(1790844730.387:143): proctitle=2F73797374656D2F62696E2F6970367461626C65732D726573746F7265002D2D6E6F666C757368002D77002D76
[   12.231313] type=1320 audit(1790844730.387:143): 
[   12.231427] type=1325 audit(1790844730.387:144): table=mangle family=2 entries=9 op=xt_replace subj=u:r:netd:s0 comm="iptables-restor"
[   12.231648] type=1300 audit(1790844730.387:144): arch=c000003e syscall=54 success=yes exit=0 a0=4 a1=0 a2=40 a3=7494eec084a0 items=0 ppid=592 auid=4294967295 uid=0 gid=0 euid=0 suid=0 fsuid=0 egid=0 sgid=0 fsgid=0 tty=(none) ses=4294967295 comm="iptables-restor" exe="/system/bin/iptables" subj=u:r:netd:s0 key=(null)
[   12.232228] type=1327 audit(1790844730.387:144): proctitle=2F73797374656D2F62696E2F69707461626C65732D726573746F7265002D2D6E6F666C757368002D77002D76
[   12.232517] type=1320 audit(1790844730.387:144): 
[   12.232653] type=1325 audit(1790844730.387:145): table=mangle family=10 entries=9 op=xt_replace subj=u:r:netd:s0 comm="ip6tables-resto"
[   12.233028] type=1300 audit(1790844730.387:145): arch=c000003e syscall=54 success=yes exit=0 a0=4 a1=29 a2=40 a3=7a6467405020 items=0 ppid=592 auid=4294967295 uid=0 gid=0 euid=0 suid=0 fsuid=0 egid=0 sgid=0 fsgid=0 tty=(none) ses=4294967295 comm="ip6tables-resto" exe="/system/bin/iptables" subj=u:r:netd:s0 key=(null)
[   12.233645] type=1327 audit(1790844730.387:145): proctitle=2F73797374656D2F62696E2F6970367461626C65732D726573746F7265002D2D6E6F666C757368002D77002D76
[   12.233929] type=1320 audit(1790844730.387:145): 
[   12.234063] type=1325 audit(1790844730.387:146): table=mangle family=2 entries=18 op=xt_replace subj=u:r:netd:s0 comm="iptables-restor"
[   12.234298] type=1300 audit(1790844730.387:146): arch=c000003e syscall=54 success=yes exit=0 a0=4 a1=0 a2=40 a3=7494cec07040 items=0 ppid=592 auid=4294967295 uid=0 gid=0 euid=0 suid=0 fsuid=0 egid=0 sgid=0 fsgid=0 tty=(none) ses=4294967295 comm="iptables-restor" exe="/system/bin/iptables" subj=u:r:netd:s0 key=(null)
[   12.234866] type=1327 audit(1790844730.387:146): proctitle=2F73797374656D2F62696E2F69707461626C65732D726573746F7265002D2D6E6F666C757368002D77002D76
[   12.235169] type=1320 audit(1790844730.387:146): 
[   12.235292] type=1325 audit(1790844730.387:147): table=mangle family=10 entries=18 op=xt_replace subj=u:r:netd:s0 comm="ip6tables-resto"
[   12.235561] type=1300 audit(1790844730.387:147): arch=c000003e syscall=54 success=yes exit=0 a0=4 a1=29 a2=40 a3=7a6537405430 items=0 ppid=592 auid=4294967295 uid=0 gid=0 euid=0 suid=0 fsuid=0 egid=0 sgid=0 fsgid=0 tty=(none) ses=4294967295 comm="ip6tables-resto" exe="/system/bin/iptables" subj=u:r:netd:s0 key=(null)
[   12.236100] type=1327 audit(1790844730.387:147): proctitle=2F73797374656D2F62696E2F6970367461626C65732D726573746F7265002D2D6E6F666C757368002D77002D76
[   12.236350] type=1320 audit(1790844730.387:147): 
[   12.236476] type=1325 audit(1790844730.387:148): table=nat family=2 entries=0 op=xt_register subj=u:r:netd:s0 comm="iptables-restor"
[   12.236982] type=1300 audit(1790844730.387:148): arch=c000003e syscall=55 success=yes exit=0 a0=4 a1=0 a2=40 a3=7ffd0e375e40 items=0 ppid=592 auid=4294967295 uid=0 gid=0 euid=0 suid=0 fsuid=0 egid=0 sgid=0 fsgid=0 tty=(none) ses=4294967295 comm="iptables-restor" exe="/system/bin/iptables" subj=u:r:netd:s0 key=(null)
[   12.237587] type=1327 audit(1790844730.387:148): proctitle=2F73797374656D2F62696E2F69707461626C65732D726573746F7265002D2D6E6F666C757368002D77002D76
[   12.237873] type=1320 audit(1790844730.387:148): 
[   12.238029] type=1325 audit(1790844730.387:149): table=nat family=2 entries=5 op=xt_replace subj=u:r:netd:s0 comm="iptables-restor"
[   12.238247] type=1300 audit(1790844730.387:149): arch=c000003e syscall=54 success=yes exit=0 a0=4 a1=0 a2=40 a3=7493dec02010 items=0 ppid=592 auid=4294967295 uid=0 gid=0 euid=0 suid=0 fsuid=0 egid=0 sgid=0 fsgid=0 tty=(none) ses=4294967295 comm="iptables-restor" exe="/system/bin/iptables" subj=u:r:netd:s0 key=(null)
[   12.238787] type=1327 audit(1790844730.387:149): proctitle=2F73797374656D2F62696E2F69707461626C65732D726573746F7265002D2D6E6F666C757368002D77002D76
[   12.239089] type=1320 audit(1790844730.387:149): 
[   12.239219] type=1325 audit(1790844730.387:150): table=nat family=2 entries=8 op=xt_replace subj=u:r:netd:s0 comm="iptables-restor"
[   12.239495] type=1300 audit(1790844730.387:150): arch=c000003e syscall=54 success=yes exit=0 a0=4 a1=0 a2=40 a3=7494bec028a0 items=0 ppid=592 auid=4294967295 uid=0 gid=0 euid=0 suid=0 fsuid=0 egid=0 sgid=0 fsgid=0 tty=(none) ses=4294967295 comm="iptables-restor" exe="/system/bin/iptables" subj=u:r:netd:s0 key=(null)
[   12.240091] type=1327 audit(1790844730.387:150): proctitle=2F73797374656D2F62696E2F69707461626C65732D726573746F7265002D2D6E6F666C757368002D77002D76
[   12.240339] type=1320 audit(1790844730.387:150): 
[   12.240481] type=1325 audit(1790844730.387:151): table=filter family=2 entries=25 op=xt_replace subj=u:r:netd:s0 comm="iptables-restor"
[   12.240741] type=1300 audit(1790844730.387:151): arch=c000003e syscall=54 success=yes exit=0 a0=4 a1=0 a2=40 a3=74941ec127b0 items=0 ppid=592 auid=4294967295 uid=0 gid=0 euid=0 suid=0 fsuid=0 egid=0 sgid=0 fsgid=0 tty=(none) ses=4294967295 comm="iptables-restor" exe="/system/bin/iptables" subj=u:r:netd:s0 key=(null)
[   12.241393] type=1327 audit(1790844730.387:151): proctitle=2F73797374656D2F62696E2F69707461626C65732D726573746F7265002D2D6E6F666C757368002D77002D76
[   12.241625] type=1320 audit(1790844730.387:151): 
[   12.241744] type=1325 audit(1790844730.387:152): table=filter family=10 entries=25 op=xt_replace subj=u:r:netd:s0 comm="ip6tables-resto"
[   12.241996] type=1300 audit(1790844730.387:152): arch=c000003e syscall=54 success=yes exit=0 a0=4 a1=29 a2=40 a3=7a6407409430 items=0 ppid=592 auid=4294967295 uid=0 gid=0 euid=0 suid=0 fsuid=0 egid=0 sgid=0 fsgid=0 tty=(none) ses=4294967295 comm="ip6tables-resto" exe="/system/bin/iptables" subj=u:r:netd:s0 key=(null)
[   12.242613] type=1327 audit(1790844730.387:152): proctitle=2F73797374656D2F62696E2F6970367461626C65732D726573746F7265002D2D6E6F666C757368002D77002D76
[   12.242847] type=1320 audit(1790844730.387:152): 
[   12.242973] type=1325 audit(1790844730.387:153): table=mangle family=2 entries=21 op=xt_replace subj=u:r:netd:s0 comm="iptables-restor"
[   12.243220] type=1300 audit(1790844730.387:153): arch=c000003e syscall=54 success=yes exit=0 a0=4 a1=0 a2=40 a3=74941ec127b0 items=0 ppid=592 auid=4294967295 uid=0 gid=0 euid=0 suid=0 fsuid=0 egid=0 sgid=0 fsgid=0 tty=(none) ses=4294967295 comm="iptables-restor" exe="/system/bin/iptables" subj=u:r:netd:s0 key=(null)
[   12.243730] type=1327 audit(1790844730.387:153): proctitle=2F73797374656D2F62696E2F69707461626C65732D726573746F7265002D2D6E6F666C757368002D77002D76
[   12.244010] type=1320 audit(1790844730.387:153): 
[   12.244125] type=1325 audit(1790844730.387:154): table=mangle family=10 entries=21 op=xt_replace subj=u:r:netd:s0 comm="ip6tables-resto"
[   12.244371] type=1300 audit(1790844730.387:154): arch=c000003e syscall=54 success=yes exit=0 a0=4 a1=29 a2=40 a3=7a643740c010 items=0 ppid=592 auid=4294967295 uid=0 gid=0 euid=0 suid=0 fsuid=0 egid=0 sgid=0 fsgid=0 tty=(none) ses=4294967295 comm="ip6tables-resto" exe="/system/bin/iptables" subj=u:r:netd:s0 key=(null)
[   12.244983] type=1327 audit(1790844730.387:154): proctitle=2F73797374656D2F62696E2F6970367461626C65732D726573746F7265002D2D6E6F666C757368002D77002D76
[   12.245241] type=1320 audit(1790844730.387:154): 
[   12.245361] type=1325 audit(1790844730.391:155): table=filter family=2 entries=37 op=xt_replace subj=u:r:netd:s0 comm="iptables-restor"
[   12.245625] type=1300 audit(1790844730.391:155): arch=c000003e syscall=54 success=yes exit=0 a0=4 a1=0 a2=40 a3=74941ec10be0 items=0 ppid=592 auid=4294967295 uid=0 gid=0 euid=0 suid=0 fsuid=0 egid=0 sgid=0 fsgid=0 tty=(none) ses=4294967295 comm="iptables-restor" exe="/system/bin/iptables" subj=u:r:netd:s0 key=(null)
[   12.246181] type=1327 audit(1790844730.391:155): proctitle=2F73797374656D2F62696E2F69707461626C65732D726573746F7265002D2D6E6F666C757368002D77002D76
[   12.246472] type=1320 audit(1790844730.391:155): 
[   12.246582] type=1325 audit(1790844730.395:156): table=filter family=10 entries=37 op=xt_replace subj=u:r:netd:s0 comm="ip6tables-resto"
[   12.246838] type=1300 audit(1790844730.395:156): arch=c000003e syscall=54 success=yes exit=0 a0=4 a1=29 a2=40 a3=7a6407405010 items=0 ppid=592 auid=4294967295 uid=0 gid=0 euid=0 suid=0 fsuid=0 egid=0 sgid=0 fsgid=0 tty=(none) ses=4294967295 comm="ip6tables-resto" exe="/system/bin/iptables" subj=u:r:netd:s0 key=(null)
[   12.247392] type=1327 audit(1790844730.395:156): proctitle=2F73797374656D2F62696E2F6970367461626C65732D726573746F7265002D2D6E6F666C757368002D77002D76
[   12.247672] type=1320 audit(1790844730.395:156): 
[   12.247802] type=1325 audit(1790844730.395:157): table=filter family=2 entries=37 op=xt_replace subj=u:r:netd:s0 comm="iptables-restor"
[   12.248081] type=1300 audit(1790844730.395:157): arch=c000003e syscall=54 success=yes exit=0 a0=4 a1=0 a2=40 a3=74941ec10be0 items=0 ppid=592 auid=4294967295 uid=0 gid=0 euid=0 suid=0 fsuid=0 egid=0 sgid=0 fsgid=0 tty=(none) ses=4294967295 comm="iptables-restor" exe="/system/bin/iptables" subj=u:r:netd:s0 key=(null)
[   12.248624] type=1327 audit(1790844730.395:157): proctitle=2F73797374656D2F62696E2F69707461626C65732D726573746F7265002D2D6E6F666C757368002D77002D76
[   12.249019] type=1320 audit(1790844730.395:157): 
[   12.249145] type=1325 audit(1790844730.395:158): table=nat family=2 entries=11 op=xt_replace subj=u:r:netd:s0 comm="iptables-restor"
[   12.249370] type=1300 audit(1790844730.395:158): arch=c000003e syscall=54 success=yes exit=0 a0=4 a1=0 a2=40 a3=7494bec04130 items=0 ppid=592 auid=4294967295 uid=0 gid=0 euid=0 suid=0 fsuid=0 egid=0 sgid=0 fsgid=0 tty=(none) ses=4294967295 comm="iptables-restor" exe="/system/bin/iptables" subj=u:r:netd:s0 key=(null)
[   12.249961] type=1327 audit(1790844730.395:158): proctitle=2F73797374656D2F62696E2F69707461626C65732D726573746F7265002D2D6E6F666C757368002D77002D76
[   12.250235] type=1320 audit(1790844730.395:158): 
[   12.250349] type=1325 audit(1790844730.395:159): table=filter family=10 entries=38 op=xt_replace subj=u:r:netd:s0 comm="ip6tables-resto"
[   12.250601] type=1300 audit(1790844730.395:159): arch=c000003e syscall=54 success=yes exit=0 a0=4 a1=29 a2=40 a3=7a6407405010 items=0 ppid=592 auid=4294967295 uid=0 gid=0 euid=0 suid=0 fsuid=0 egid=0 sgid=0 fsgid=0 tty=(none) ses=4294967295 comm="ip6tables-resto" exe="/system/bin/iptables" subj=u:r:netd:s0 key=(null)
[   12.251184] type=1327 audit(1790844730.395:159): proctitle=2F73797374656D2F62696E2F6970367461626C65732D726573746F7265002D2D6E6F666C757368002D77002D76
[   12.251441] type=1320 audit(1790844730.395:159): 
[   12.251556] type=1325 audit(1790844730.395:160): table=raw family=10 entries=12 op=xt_replace subj=u:r:netd:s0 comm="ip6tables-resto"
[   12.251809] type=1300 audit(1790844730.395:160): arch=c000003e syscall=54 success=yes exit=0 a0=4 a1=29 a2=40 a3=7a64a74120d0 items=0 ppid=592 auid=4294967295 uid=0 gid=0 euid=0 suid=0 fsuid=0 egid=0 sgid=0 fsgid=0 tty=(none) ses=4294967295 comm="ip6tables-resto" exe="/system/bin/iptables" subj=u:r:netd:s0 key=(null)
[   12.252392] type=1327 audit(1790844730.395:160): proctitle=2F73797374656D2F62696E2F6970367461626C65732D726573746F7265002D2D6E6F666C757368002D77002D76
[   12.252656] type=1320 audit(1790844730.395:160): 
[   12.252775] type=1325 audit(1790844730.395:161): table=mangle family=2 entries=30 op=xt_replace subj=u:r:netd:s0 comm="iptables-restor"
[   12.253129] type=1300 audit(1790844730.395:161): arch=c000003e syscall=54 success=yes exit=0 a0=4 a1=0 a2=40 a3=74941ec10be0 items=0 ppid=592 auid=4294967295 uid=0 gid=0 euid=0 suid=0 fsuid=0 egid=0 sgid=0 fsgid=0 tty=(none) ses=4294967295 comm="iptables-restor" exe="/system/bin/iptables" subj=u:r:netd:s0 key=(null)
[   12.253634] type=1327 audit(1790844730.395:161): proctitle=2F73797374656D2F62696E2F69707461626C65732D726573746F7265002D2D6E6F666C757368002D77002D76
[   12.253920] type=1320 audit(1790844730.395:161): 
[   12.254050] type=1325 audit(1790844730.395:162): table=filter family=2 entries=38 op=xt_replace subj=u:r:netd:s0 comm="iptables-restor"
[   12.254299] type=1300 audit(1790844730.395:162): arch=c000003e syscall=54 success=yes exit=0 a0=4 a1=0 a2=40 a3=74941ec10be0 items=0 ppid=592 auid=4294967295 uid=0 gid=0 euid=0 suid=0 fsuid=0 egid=0 sgid=0 fsgid=0 tty=(none) ses=4294967295 comm="iptables-restor" exe="/system/bin/iptables" subj=u:r:netd:s0 key=(null)
[   12.254866] type=1327 audit(1790844730.395:162): proctitle=2F73797374656D2F62696E2F69707461626C65732D726573746F7265002D2D6E6F666C757368002D77002D76
[   12.255175] type=1320 audit(1790844730.395:162): 
[   12.255286] type=1325 audit(1790844730.395:163): table=filter family=10 entries=38 op=xt_replace subj=u:r:netd:s0 comm="ip6tables-resto"
[   12.255524] type=1300 audit(1790844730.395:163): arch=c000003e syscall=54 success=yes exit=0 a0=4 a1=29 a2=40 a3=7a64f740f8c0 items=0 ppid=592 auid=4294967295 uid=0 gid=0 euid=0 suid=0 fsuid=0 egid=0 sgid=0 fsgid=0 tty=(none) ses=4294967295 comm="ip6tables-resto" exe="/system/bin/iptables" subj=u:r:netd:s0 key=(null)
[   12.256073] type=1327 audit(1790844730.395:163): proctitle=2F73797374656D2F62696E2F6970367461626C65732D726573746F7265002D2D6E6F666C757368002D77002D76
[   12.256324] type=1320 audit(1790844730.395:163): 
[   12.256465] type=1325 audit(1790844730.395:164): table=filter family=2 entries=40 op=xt_replace subj=u:r:netd:s0 comm="iptables-restor"
[   12.256761] type=1300 audit(1790844730.395:164): arch=c000003e syscall=54 success=yes exit=0 a0=4 a1=0 a2=40 a3=74935ec0a010 items=0 ppid=592 auid=4294967295 uid=0 gid=0 euid=0 suid=0 fsuid=0 egid=0 sgid=0 fsgid=0 tty=(none) ses=4294967295 comm="iptables-restor" exe="/system/bin/iptables" subj=u:r:netd:s0 key=(null)
[   12.257428] type=1327 audit(1790844730.395:164): proctitle=2F73797374656D2F62696E2F69707461626C65732D726573746F7265002D2D6E6F666C757368002D77002D76
[   12.257692] type=1320 audit(1790844730.395:164): 
[   12.257810] type=1325 audit(1790844730.395:165): table=raw family=2 entries=12 op=xt_replace subj=u:r:netd:s0 comm="iptables-restor"
[   12.258065] type=1300 audit(1790844730.395:165): arch=c000003e syscall=54 success=yes exit=0 a0=4 a1=0 a2=40 a3=7494bec04130 items=0 ppid=592 auid=4294967295 uid=0 gid=0 euid=0 suid=0 fsuid=0 egid=0 sgid=0 fsgid=0 tty=(none) ses=4294967295 comm="iptables-restor" exe="/system/bin/iptables" subj=u:r:netd:s0 key=(null)
[   12.258653] type=1327 audit(1790844730.395:165): proctitle=2F73797374656D2F62696E2F69707461626C65732D726573746F7265002D2D6E6F666C757368002D77002D76
[   12.258931] type=1320 audit(1790844730.395:165): 
[   12.259053] type=1325 audit(1790844730.395:166): table=mangle family=2 entries=31 op=xt_replace subj=u:r:netd:s0 comm="iptables-restor"
[   12.259283] type=1300 audit(1790844730.395:166): arch=c000003e syscall=54 success=yes exit=0 a0=4 a1=0 a2=40 a3=74941ec10be0 items=0 ppid=592 auid=4294967295 uid=0 gid=0 euid=0 suid=0 fsuid=0 egid=0 sgid=0 fsgid=0 tty=(none) ses=4294967295 comm="iptables-restor" exe="/system/bin/iptables" subj=u:r:netd:s0 key=(null)
[   12.259819] type=1327 audit(1790844730.395:166): proctitle=2F73797374656D2F62696E2F69707461626C65732D726573746F7265002D2D6E6F666C757368002D77002D76
[   12.260124] type=1320 audit(1790844730.395:166): 
[   12.260261] type=1325 audit(1790844730.395:167): table=filter family=10 entries=40 op=xt_replace subj=u:r:netd:s0 comm="ip6tables-resto"
[   12.260506] type=1300 audit(1790844730.395:167): arch=c000003e syscall=54 success=yes exit=0 a0=4 a1=29 a2=40 a3=7a64f740f8c0 items=0 ppid=592 auid=4294967295 uid=0 gid=0 euid=0 suid=0 fsuid=0 egid=0 sgid=0 fsgid=0 tty=(none) ses=4294967295 comm="ip6tables-resto" exe="/system/bin/iptables" subj=u:r:netd:s0 key=(null)
[   12.261095] type=1327 audit(1790844730.395:167): proctitle=2F73797374656D2F62696E2F6970367461626C65732D726573746F7265002D2D6E6F666C757368002D77002D76
[   12.261392] type=1320 audit(1790844730.395:167): 
[   12.261502] type=1325 audit(1790844730.395:168): table=raw family=10 entries=12 op=xt_replace subj=u:r:netd:s0 comm="ip6tables-resto"
[   12.261733] type=1300 audit(1790844730.395:168): arch=c000003e syscall=54 success=yes exit=0 a0=4 a1=29 a2=40 a3=7a64a74120d0 items=0 ppid=592 auid=4294967295 uid=0 gid=0 euid=0 suid=0 fsuid=0 egid=0 sgid=0 fsgid=0 tty=(none) ses=4294967295 comm="ip6tables-resto" exe="/system/bin/iptables" subj=u:r:netd:s0 key=(null)
[   12.262362] type=1327 audit(1790844730.395:168): proctitle=2F73797374656D2F62696E2F6970367461626C65732D726573746F7265002D2D6E6F666C757368002D77002D76
[   12.262627] type=1320 audit(1790844730.395:168): 
[   12.262743] type=1325 audit(1790844730.395:169): table=mangle family=10 entries=30 op=xt_replace subj=u:r:netd:s0 comm="ip6tables-resto"
[   12.263015] type=1300 audit(1790844730.395:169): arch=c000003e syscall=54 success=yes exit=0 a0=4 a1=29 a2=40 a3=7a643740dbe0 items=0 ppid=592 auid=4294967295 uid=0 gid=0 euid=0 suid=0 fsuid=0 egid=0 sgid=0 fsgid=0 tty=(none) ses=4294967295 comm="ip6tables-resto" exe="/system/bin/iptables" subj=u:r:netd:s0 key=(null)
[   12.263587] type=1327 audit(1790844730.395:169): proctitle=2F73797374656D2F62696E2F6970367461626C65732D726573746F7265002D2D6E6F666C757368002D77002D76
[   12.263857] type=1320 audit(1790844730.395:169): 
[   12.263976] type=1325 audit(1790844730.395:170): table=filter family=2 entries=50 op=xt_replace subj=u:r:netd:s0 comm="iptables-restor"
[   12.264232] type=1300 audit(1790844730.395:170): arch=c000003e syscall=54 success=yes exit=0 a0=4 a1=0 a2=40 a3=74932ec08010 items=0 ppid=592 auid=4294967295 uid=0 gid=0 euid=0 suid=0 fsuid=0 egid=0 sgid=0 fsgid=0 tty=(none) ses=4294967295 comm="iptables-restor" exe="/system/bin/iptables" subj=u:r:netd:s0 key=(null)
[   12.264777] type=1327 audit(1790844730.395:170): proctitle=2F73797374656D2F62696E2F69707461626C65732D726573746F7265002D2D6E6F666C757368002D77002D76
[   12.265127] type=1320 audit(1790844730.395:170): 
[   12.265252] type=1325 audit(1790844730.395:171): table=filter family=10 entries=50 op=xt_replace subj=u:r:netd:s0 comm="ip6tables-resto"
[   12.265561] type=1300 audit(1790844730.395:171): arch=c000003e syscall=54 success=yes exit=0 a0=4 a1=29 a2=40 a3=7a64e7413f30 items=0 ppid=592 auid=4294967295 uid=0 gid=0 euid=0 suid=0 fsuid=0 egid=0 sgid=0 fsgid=0 tty=(none) ses=4294967295 comm="ip6tables-resto" exe="/system/bin/iptables" subj=u:r:netd:s0 key=(null)
[   12.266111] type=1327 audit(1790844730.395:171): proctitle=2F73797374656D2F62696E2F6970367461626C65732D726573746F7265002D2D6E6F666C757368002D77002D76
[   12.266384] type=1320 audit(1790844730.395:171): 
[   12.266505] type=1325 audit(1790844730.395:172): table=filter family=2 entries=58 op=xt_replace subj=u:r:netd:s0 comm="iptables-restor"
[   12.266791] type=1300 audit(1790844730.395:172): arch=c000003e syscall=54 success=yes exit=0 a0=4 a1=0 a2=40 a3=74947ec0f030 items=0 ppid=592 auid=4294967295 uid=0 gid=0 euid=0 suid=0 fsuid=0 egid=0 sgid=0 fsgid=0 tty=(none) ses=4294967295 comm="iptables-restor" exe="/system/bin/iptables" subj=u:r:netd:s0 key=(null)
[   12.267415] type=1327 audit(1790844730.395:172): proctitle=2F73797374656D2F62696E2F69707461626C65732D726573746F7265002D2D6E6F666C757368002D77002D76
[   12.267671] type=1320 audit(1790844730.395:172): 
[   12.267769] type=1325 audit(1790844730.399:173): table=filter family=10 entries=58 op=xt_replace subj=u:r:netd:s0 comm="ip6tables-resto"
[   12.268040] type=1300 audit(1790844730.399:173): arch=c000003e syscall=54 success=yes exit=0 a0=4 a1=29 a2=40 a3=7a63d740c430 items=0 ppid=592 auid=4294967295 uid=0 gid=0 euid=0 suid=0 fsuid=0 egid=0 sgid=0 fsgid=0 tty=(none) ses=4294967295 comm="ip6tables-resto" exe="/system/bin/iptables" subj=u:r:netd:s0 key=(null)
[   12.268618] type=1327 audit(1790844730.399:173): proctitle=2F73797374656D2F62696E2F6970367461626C65732D726573746F7265002D2D6E6F666C757368002D77002D76
[   12.268960] type=1320 audit(1790844730.399:173): 
[   12.269096] type=1325 audit(1790844730.403:174): table=mangle family=2 entries=31 op=xt_replace subj=u:r:netd:s0 comm="iptables-restor"
[   12.269354] type=1300 audit(1790844730.403:174): arch=c000003e syscall=54 success=yes exit=0 a0=4 a1=0 a2=40 a3=74941ec10be0 items=0 ppid=592 auid=4294967295 uid=0 gid=0 euid=0 suid=0 fsuid=0 egid=0 sgid=0 fsgid=0 tty=(none) ses=4294967295 comm="iptables-restor" exe="/system/bin/iptables" subj=u:r:netd:s0 key=(null)
[   12.269940] type=1327 audit(1790844730.403:174): proctitle=2F73797374656D2F62696E2F69707461626C65732D726573746F7265002D2D6E6F666C757368002D77002D76
[   12.270222] type=1320 audit(1790844730.403:174): 
[   12.270334] type=1325 audit(1790844730.403:175): table=mangle family=10 entries=30 op=xt_replace subj=u:r:netd:s0 comm="ip6tables-resto"
[   12.270600] type=1300 audit(1790844730.403:175): arch=c000003e syscall=54 success=yes exit=0 a0=4 a1=29 a2=40 a3=7a643740dbe0 items=0 ppid=592 auid=4294967295 uid=0 gid=0 euid=0 suid=0 fsuid=0 egid=0 sgid=0 fsgid=0 tty=(none) ses=4294967295 comm="ip6tables-resto" exe="/system/bin/iptables" subj=u:r:netd:s0 key=(null)
[   12.271144] type=1327 audit(1790844730.403:175): proctitle=2F73797374656D2F62696E2F6970367461626C65732D726573746F7265002D2D6E6F666C757368002D77002D76
[   12.271400] type=1320 audit(1790844730.403:175): 
[   12.271522] type=1325 audit(1790844730.403:176): table=filter family=2 entries=70 op=xt_replace subj=u:r:netd:s0 comm="iptables-restor"
[   12.271776] type=1300 audit(1790844730.403:176): arch=c000003e syscall=54 success=yes exit=0 a0=4 a1=0 a2=40 a3=74947ec13840 items=0 ppid=592 auid=4294967295 uid=0 gid=0 euid=0 suid=0 fsuid=0 egid=0 sgid=0 fsgid=0 tty=(none) ses=4294967295 comm="iptables-restor" exe="/system/bin/iptables" subj=u:r:netd:s0 key=(null)
[   12.272348] type=1327 audit(1790844730.403:176): proctitle=2F73797374656D2F62696E2F69707461626C65732D726573746F7265002D2D6E6F666C757368002D77002D76
[   12.272606] type=1320 audit(1790844730.403:176): 
[   12.272730] type=1325 audit(1790844730.403:177): table=raw family=2 entries=12 op=xt_replace subj=u:r:netd:s0 comm="iptables-restor"
[   12.273064] type=1300 audit(1790844730.403:177): arch=c000003e syscall=54 success=yes exit=0 a0=4 a1=0 a2=40 a3=7494bec04130 items=0 ppid=592 auid=4294967295 uid=0 gid=0 euid=0 suid=0 fsuid=0 egid=0 sgid=0 fsgid=0 tty=(none) ses=4294967295 comm="iptables-restor" exe="/system/bin/iptables" subj=u:r:netd:s0 key=(null)
[   12.273583] type=1327 audit(1790844730.403:177): proctitle=2F73797374656D2F62696E2F69707461626C65732D726573746F7265002D2D6E6F666C757368002D77002D76
[   12.273883] type=1320 audit(1790844730.403:177): 
[   12.274018] type=1325 audit(1790844730.403:178): table=mangle family=2 entries=33 op=xt_replace subj=u:r:netd:s0 comm="iptables-restor"
[   12.274262] type=1300 audit(1790844730.403:178): arch=c000003e syscall=54 success=yes exit=0 a0=4 a1=0 a2=40 a3=74941ec10be0 items=0 ppid=592 auid=4294967295 uid=0 gid=0 euid=0 suid=0 fsuid=0 egid=0 sgid=0 fsgid=0 tty=(none) ses=4294967295 comm="iptables-restor" exe="/system/bin/iptables" subj=u:r:netd:s0 key=(null)
[   12.274777] type=1327 audit(1790844730.403:178): proctitle=2F73797374656D2F62696E2F69707461626C65732D726573746F7265002D2D6E6F666C757368002D77002D76
[   12.275096] type=1320 audit(1790844730.403:178): 
[   12.275192] type=1325 audit(1790844730.403:179): table=filter family=10 entries=70 op=xt_replace subj=u:r:netd:s0 comm="ip6tables-resto"
[   12.275420] type=1300 audit(1790844730.403:179): arch=c000003e syscall=54 success=yes exit=0 a0=4 a1=29 a2=40 a3=7a63d7401010 items=0 ppid=592 auid=4294967295 uid=0 gid=0 euid=0 suid=0 fsuid=0 egid=0 sgid=0 fsgid=0 tty=(none) ses=4294967295 comm="ip6tables-resto" exe="/system/bin/iptables" subj=u:r:netd:s0 key=(null)
[   12.276062] type=1327 audit(1790844730.403:179): proctitle=2F73797374656D2F62696E2F6970367461626C65732D726573746F7265002D2D6E6F666C757368002D77002D76
[   12.276310] type=1320 audit(1790844730.403:179): 
[   12.276432] type=1325 audit(1790844730.403:180): table=raw family=10 entries=12 op=xt_replace subj=u:r:netd:s0 comm="ip6tables-resto"
[   12.276700] type=1300 audit(1790844730.403:180): arch=c000003e syscall=54 success=yes exit=0 a0=4 a1=29 a2=40 a3=7a64a74120d0 items=0 ppid=592 auid=4294967295 uid=0 gid=0 euid=0 suid=0 fsuid=0 egid=0 sgid=0 fsgid=0 tty=(none) ses=4294967295 comm="ip6tables-resto" exe="/system/bin/iptables" subj=u:r:netd:s0 key=(null)
[   12.277351] type=1327 audit(1790844730.403:180): proctitle=2F73797374656D2F62696E2F6970367461626C65732D726573746F7265002D2D6E6F666C757368002D77002D76
[   12.277626] type=1320 audit(1790844730.403:180): 
[   12.277741] type=1325 audit(1790844730.403:181): table=mangle family=10 entries=32 op=xt_replace subj=u:r:netd:s0 comm="ip6tables-resto"
[   12.278068] type=1300 audit(1790844730.403:181): arch=c000003e syscall=54 success=yes exit=0 a0=4 a1=29 a2=40 a3=7a643740dbe0 items=0 ppid=592 auid=4294967295 uid=0 gid=0 euid=0 suid=0 fsuid=0 egid=0 sgid=0 fsgid=0 tty=(none) ses=4294967295 comm="ip6tables-resto" exe="/system/bin/iptables" subj=u:r:netd:s0 key=(null)
[   12.278622] type=1327 audit(1790844730.403:181): proctitle=2F73797374656D2F62696E2F6970367461626C65732D726573746F7265002D2D6E6F666C757368002D77002D76
[   12.278890] type=1320 audit(1790844730.403:181): 
[   12.279022] type=1325 audit(1790844730.403:182): table=filter family=2 entries=70 op=xt_replace subj=u:r:netd:s0 comm="iptables-restor"
[   12.279259] type=1300 audit(1790844730.403:182): arch=c000003e syscall=54 success=yes exit=0 a0=4 a1=0 a2=40 a3=7493bec10a20 items=0 ppid=592 auid=4294967295 uid=0 gid=0 euid=0 suid=0 fsuid=0 egid=0 sgid=0 fsgid=0 tty=(none) ses=4294967295 comm="iptables-restor" exe="/system/bin/iptables" subj=u:r:netd:s0 key=(null)
[   12.279834] type=1327 audit(1790844730.403:182): proctitle=2F73797374656D2F62696E2F69707461626C65732D726573746F7265002D2D6E6F666C757368002D77002D76
[   12.280138] type=1320 audit(1790844730.403:182): 
[   12.281707] type=1325 audit(1790844730.467:183): table=raw family=2 entries=12 op=xt_replace subj=u:r:netd:s0 comm="iptables-restor"
[   12.282170] init: Command 'write /dev/sys/block/by-name/rootdisk/queue/discard_max_bytes 134217728' action=boot (/system/etc/init/hw/init.rc:1157) took 65ms and succeeded
[   12.284008] type=1300 audit(1790844730.467:183): arch=c000003e syscall=54 success=yes exit=0 a0=4 a1=0 a2=40 a3=7494cec07040 items=0 ppid=592 auid=4294967295 uid=0 gid=0 euid=0 suid=0 fsuid=0 egid=0 sgid=0 fsgid=0 tty=(none) ses=4294967295 comm="iptables-restor" exe="/system/bin/iptables" subj=u:r:netd:s0 key=(null)
[   12.284805] type=1327 audit(1790844730.467:183): proctitle=2F73797374656D2F62696E2F69707461626C65732D726573746F7265002D2D6E6F666C757368002D77002D76
[   12.286758] init: starting service 'audio_parameter_parser_service'...
[   12.288688] libprocessgroup: Created cgroup /sys/fs/cgroup/system/uid_1041
[   12.290729] type=1320 audit(1790844730.467:183): 
[   12.291012] type=1325 audit(1790844730.467:184): table=mangle family=2 entries=33 op=xt_replace subj=u:r:netd:s0 comm="iptables-restor"
[   12.291209] type=1300 audit(1790844730.467:184): arch=c000003e syscall=54 success=yes exit=0 a0=4 a1=0 a2=40 a3=74941ec10be0 items=0 ppid=592 auid=4294967295 uid=0 gid=0 euid=0 suid=0 fsuid=0 egid=0 sgid=0 fsgid=0 tty=(none) ses=4294967295 comm="iptables-restor" exe="/system/bin/iptables" subj=u:r:netd:s0 key=(null)
[   12.292102] type=1327 audit(1790844730.467:184): proctitle=2F73797374656D2F62696E2F69707461626C65732D726573746F7265002D2D6E6F666C757368002D77002D76
[   12.292330] type=1320 audit(1790844730.467:184): 
[   12.292812] type=1325 audit(1790844730.467:185): table=filter family=10 entries=70 op=xt_replace subj=u:r:netd:s0 comm="ip6tables-resto"
[   12.293936] libprocessgroup: Created cgroup /sys/fs/cgroup/system/uid_1041/pid_603
[   12.295659] type=1300 audit(1790844730.467:185): arch=c000003e syscall=54 success=yes exit=0 a0=4 a1=29 a2=40 a3=7a6557402010 items=0 ppid=592 auid=4294967295 uid=0 gid=0 euid=0 suid=0 fsuid=0 egid=0 sgid=0 fsgid=0 tty=(none) ses=4294967295 comm="ip6tables-resto" exe="/system/bin/iptables" subj=u:r:netd:s0 key=(null)
[   12.297093] init: ... started service 'audio_parameter_parser_service' has pid 603
[   12.298779] init: starting service 'hidl_memory'...
[   12.299051] type=1327 audit(1790844730.467:185): proctitle=2F73797374656D2F62696E2F6970367461626C65732D726573746F7265002D2D6E6F666C757368002D77002D76
[   12.299265] type=1320 audit(1790844730.467:185): 
[   12.299353] type=1325 audit(1790844730.467:186): table=raw family=10 entries=12 op=xt_replace subj=u:r:netd:s0 comm="ip6tables-resto"
[   12.302736] libprocessgroup: Created cgroup /sys/fs/cgroup/system/uid_1000/pid_604
[   12.303266] type=1300 audit(1790844730.467:186): arch=c000003e syscall=54 success=yes exit=0 a0=4 a1=29 a2=40 a3=7a6537405430 items=0 ppid=592 auid=4294967295 uid=0 gid=0 euid=0 suid=0 fsuid=0 egid=0 sgid=0 fsgid=0 tty=(none) ses=4294967295 comm="ip6tables-resto" exe="/system/bin/iptables" subj=u:r:netd:s0 key=(null)
[   12.311227] type=1327 audit(1790844730.467:186): proctitle=2F73797374656D2F62696E2F6970367461626C65732D726573746F7265002D2D6E6F666C757368002D77002D76
[   12.312534] init: ... started service 'hidl_memory' has pid 604
[   12.315205] type=1320 audit(1790844730.467:186): 
[   12.315337] type=1325 audit(1790844730.467:187): table=mangle family=10 entries=32 op=xt_replace subj=u:r:netd:s0 comm="ip6tables-resto"
[   12.315543] type=1300 audit(1790844730.467:187): arch=c000003e syscall=54 success=yes exit=0 a0=4 a1=29 a2=40 a3=7a64f740f8c0 items=0 ppid=592 auid=4294967295 uid=0 gid=0 euid=0 suid=0 fsuid=0 egid=0 sgid=0 fsgid=0 tty=(none) ses=4294967295 comm="ip6tables-resto" exe="/system/bin/iptables" subj=u:r:netd:s0 key=(null)
[   12.316804] type=1327 audit(1790844730.467:187): proctitle=2F73797374656D2F62696E2F6970367461626C65732D726573746F7265002D2D6E6F666C757368002D77002D76
[   12.317602] init: starting service 'vendor.sensors-hal-multihal'...
[   12.322681] libprocessgroup: Created cgroup /sys/fs/cgroup/system/uid_1000/pid_612
[   12.323548] type=1320 audit(1790844730.467:187): 
[   12.326945] init: ... started service 'vendor.sensors-hal-multihal' has pid 612
[   12.327051] servicemanager: Caller(pid=592,uid=0,sid=u:r:netd:s0) Found android.system.net.netd.INetd/default in framework VINTF manifest.
[   12.327811] init: starting service 'vendor.motioncontext-default'...
[   12.333941] libprocessgroup: Created cgroup /sys/fs/cgroup/system/uid_1080
[   12.335036] libprocessgroup: Created cgroup /sys/fs/cgroup/system/uid_1080/pid_616
[   12.344628] init: ... started service 'vendor.motioncontext-default' has pid 616
[   12.356414] init: starting service 'vendor.audio-hal-aidl'...
[   12.357641] libprocessgroup: Created cgroup /sys/fs/cgroup/system/uid_1041/pid_617
[   12.361000] init: ... started service 'vendor.audio-hal-aidl' has pid 617
[   12.361866] init: starting service 'vendor.audio-effect-hal-aidl'...
[   12.370619] libprocessgroup: Created cgroup /sys/fs/cgroup/system/uid_1041/pid_618
[   12.380563] init: ... started service 'vendor.audio-effect-hal-aidl' has pid 618
[   12.384686] init: starting service 'vendor.authsecret_default'...
[   12.386004] libprocessgroup: Created cgroup /sys/fs/cgroup/system/uid_1064
[   12.387128] libprocessgroup: Created cgroup /sys/fs/cgroup/system/uid_1064/pid_619
[   12.393923] init: ... started service 'vendor.authsecret_default' has pid 619
[   12.399442] init: starting service 'vendor.cas-default'...
[   12.401366] libprocessgroup: Created cgroup /sys/fs/cgroup/system/uid_1013
[   12.408754] libprocessgroup: Created cgroup /sys/fs/cgroup/system/uid_1013/pid_620
[   12.409998] servicemanager: Caller(pid=612,uid=1000,sid=u:r:hal_sensors_default:s0) Found android.hardware.sensors.ISensors/default in device VINTF manifest.
[   12.413301] servicemanager: Caller(pid=616,uid=1080,sid=u:r:hal_motioncontext_default:s0) Found android.hardware.motioncontext.IMotionContext/default in device VINTF manifest.
[   12.417021] init: ... started service 'vendor.cas-default' has pid 620
[   12.418283] init: starting service 'vendor.contexthub-default'...
[   12.421198] libprocessgroup: Created cgroup /sys/fs/cgroup/system/uid_1080/pid_623
[   12.425364] init: ... started service 'vendor.contexthub-default' has pid 623
[   12.427215] init: starting service 'vendor.drm-clearkey-service'...
[   12.430247] libprocessgroup: Created cgroup /sys/fs/cgroup/system/uid_1013/pid_624
[   12.436602] init: ... started service 'vendor.drm-clearkey-service' has pid 624
[   12.438991] init: starting service 'vendor.gnss-default'...
[   12.439693] servicemanager: Caller(pid=619,uid=1064,sid=u:r:hal_authsecret_default:s0) Found android.hardware.authsecret.IAuthSecret/default in device VINTF manifest.
[   12.440225] libprocessgroup: Created cgroup /sys/fs/cgroup/system/uid_9999/pid_625
[   12.449605] servicemanager: Caller(pid=620,uid=1013,sid=u:r:hal_cas_default:s0) Found android.hardware.cas.IMediaCasService/default in device VINTF manifest.
[   12.450259] init: ... started service 'vendor.gnss-default' has pid 625
[   12.452883] init: starting service 'vendor.hwcomposer-3'...
[   12.455204] libprocessgroup: Created cgroup /sys/fs/cgroup/system/uid_1000/pid_627
[   12.467578] init: ... started service 'vendor.hwcomposer-3' has pid 627
[   12.470463] init: starting service 'vendor.inputprocessor-default'...
[   12.471484] libprocessgroup: Created cgroup /sys/fs/cgroup/system/uid_9999/pid_628
[   12.473774] init: ... started service 'vendor.inputprocessor-default' has pid 628
[   12.481893] init: starting service 'vendor.ir-default'...
[   12.486298] libprocessgroup: Created cgroup /sys/fs/cgroup/system/uid_1000/pid_629
[   12.504334] init: ... started service 'vendor.ir-default' has pid 629
[   12.514134] init: starting service 'vendor.memtrack-default'...
[   12.515409] libprocessgroup: Created cgroup /sys/fs/cgroup/system/uid_9999/pid_630
[   12.524250] init: ... started service 'vendor.memtrack-default' has pid 630
[   12.531259] init: starting service 'nlinterceptor'...
[   12.532658] libprocessgroup: Created cgroup /sys/fs/cgroup/system/uid_0/pid_631
[   12.543133] servicemanager: Caller(pid=623,uid=1080,sid=u:r:hal_contexthub_default:s0) Found android.hardware.contexthub.IContextHub/default in device VINTF manifest.
[   12.557564] servicemanager: Caller(pid=628,uid=9999,sid=u:r:hal_input_processor_default:s0) Found android.hardware.input.processor.IInputProcessor/default in device VINTF manifest.
[   12.560878] init: ... started service 'nlinterceptor' has pid 631
[   12.569512] init: starting service 'neuralnetworks_hal_service_aidl_sample_all'...
[   12.579557] servicemanager: Caller(pid=630,uid=9999,sid=u:r:hal_memtrack_default:s0) Found android.hardware.memtrack.IMemtrack/default in device VINTF manifest.
[   12.582923] libprocessgroup: Created cgroup /sys/fs/cgroup/system/uid_1000/pid_632
[   12.594673] servicemanager: Caller(pid=624,uid=1013,sid=u:r:hal_drm_clearkey_aidl:s0) Found android.hardware.drm.IDrmFactory/clearkey in device VINTF manifest.
[   12.602157] servicemanager: Caller(pid=629,uid=1000,sid=u:r:hal_ir_default:s0) Found android.hardware.ir.IConsumerIr/default in device VINTF manifest.
[   12.602823] init: ... started service 'neuralnetworks_hal_service_aidl_sample_all' has pid 632
[   12.603674] init: starting service 'neuralnetworks_hal_service_aidl_sample_limited'...
[   12.606231] libprocessgroup: Created cgroup /sys/fs/cgroup/system/uid_1000/pid_633
[   12.623066] init: ... started service 'neuralnetworks_hal_service_aidl_sample_limited' has pid 633
[   12.623620] init: starting service 'neuralnetworks_hal_service_shim_sample'...
[   12.630848] libprocessgroup: Created cgroup /sys/fs/cgroup/system/uid_1000/pid_634
[   12.641248] init: ... started service 'neuralnetworks_hal_service_shim_sample' has pid 634
[   12.645589] init: starting service 'vendor.power-default'...
[   12.649161] servicemanager: Caller(pid=625,uid=9999,sid=u:r:hal_gnss_default:s0) Found android.hardware.gnss.IGnss/default in device VINTF manifest.
[   12.652391] libprocessgroup: Created cgroup /sys/fs/cgroup/system/uid_9999/pid_636
[   12.662173] init: ... started service 'vendor.power-default' has pid 636
[   12.677010] init: starting service 'vendor.power.stats-default'...
[   12.709996] servicemanager: Caller(pid=631,uid=0,sid=u:r:hal_nlinterceptor_default:s0) Found android.hardware.net.nlinterceptor.IInterceptor/default in device VINTF manifest.
[   12.721255] libprocessgroup: Created cgroup /sys/fs/cgroup/system/uid_1000/pid_638
[   12.743950] init: ... started service 'vendor.power.stats-default' has pid 638
[   12.761040] init: starting service 'vendor.rebootescrow-default'...
[   12.768101] libprocessgroup: Created cgroup /sys/fs/cgroup/system/uid_1000/pid_639
[   12.784493] servicemanager: Caller(pid=627,uid=1000,sid=u:r:hal_graphics_composer_default:s0) Found android.hardware.graphics.composer3.IComposer/default in device VINTF manifest.
[   12.788886] init: ... started service 'vendor.rebootescrow-default' has pid 639
[   12.794876] init: starting service 'vendor.secure_element'...
[   12.806498] libprocessgroup: Created cgroup /sys/fs/cgroup/system/uid_9999/pid_641
[   12.820974] init: ... started service 'vendor.secure_element' has pid 641
[   12.831420] init: starting service 'vendor.authgraph'...
[   12.837130] libprocessgroup: Created cgroup /sys/fs/cgroup/system/uid_9999/pid_642
[   12.839007] servicemanager: Caller(pid=636,uid=9999,sid=u:r:hal_power_default:s0) Found android.hardware.power.IPower/default in device VINTF manifest.
[   12.839508] servicemanager: Caller(pid=638,uid=1000,sid=u:r:hal_power_stats_default:s0) Found android.hardware.power.stats.IPowerStats/default in device VINTF manifest.
[   12.842756] servicemanager: Caller(pid=633,uid=1000,sid=u:r:hal_neuralnetworks_sample:s0) Found android.hardware.neuralnetworks.IDevice/nnapi-sample_quant in device VINTF manifest.
[   12.851199] servicemanager: Caller(pid=617,uid=1041,sid=u:r:hal_audio_default:s0) Found android.hardware.audio.core.IConfig/default in device VINTF manifest.
[   12.852776] servicemanager: Caller(pid=617,uid=1041,sid=u:r:hal_audio_default:s0) Found android.hardware.audio.core.IModule/default in device VINTF manifest.
[   12.855331] init: ... started service 'vendor.authgraph' has pid 642
[   12.856263] servicemanager: Caller(pid=617,uid=1041,sid=u:r:hal_audio_default:s0) Found android.hardware.audio.core.IModule/r_submix in device VINTF manifest.
[   12.858126] init: starting service 'vendor.secretkeeper'...
[   12.860456] libprocessgroup: Created cgroup /sys/fs/cgroup/system/uid_9999/pid_643
[   12.873588] servicemanager: Caller(pid=617,uid=1041,sid=u:r:hal_audio_default:s0) Found android.hardware.bluetooth.audio.IBluetoothAudioProviderFactory/default in device VINTF manifest.
[   12.881656] servicemanager: Caller(pid=617,uid=1041,sid=u:r:hal_audio_default:s0) Found android.hardware.audio.core.IModule/bluetooth in device VINTF manifest.
[   12.883742] init: ... started service 'vendor.secretkeeper' has pid 643
[   12.888210] init: starting service 'vendor.tetheroffload-example'...
[   12.889951] libprocessgroup: Created cgroup /sys/fs/cgroup/system/uid_9999/pid_644
[   12.895427] servicemanager: Caller(pid=641,uid=9999,sid=u:r:hal_secure_element_default:s0) Found android.hardware.secure_element.ISecureElement/eSE1 in device VINTF manifest.
[   12.906249] servicemanager: Caller(pid=639,uid=1000,sid=u:r:hal_rebootescrow_default:s0) Found android.hardware.rebootescrow.IRebootEscrow/default in device VINTF manifest.
[   12.909231] init: ... started service 'vendor.tetheroffload-example' has pid 644
[   12.918075] init: starting service 'vendor.thermal-example'...
[   12.926272] servicemanager: Caller(pid=618,uid=1041,sid=u:r:hal_audio_default:s0) Found android.hardware.audio.effect.IFactory/default in device VINTF manifest.
[   12.928355] libprocessgroup: Created cgroup /sys/fs/cgroup/system/uid_9999/pid_645
[   12.937966] servicemanager: Caller(pid=632,uid=1000,sid=u:r:hal_neuralnetworks_sample:s0) Found android.hardware.neuralnetworks.IDevice/nnapi-sample_all in device VINTF manifest.
[   12.945866] init: ... started service 'vendor.thermal-example' has pid 645
[   12.946975] init: starting service 'vendor.threadnetwork_hal'...
[   12.948386] libprocessgroup: Created cgroup /sys/fs/cgroup/system/uid_1084
[   12.961505] servicemanager: Caller(pid=634,uid=1000,sid=u:r:hal_neuralnetworks_sample:s0) Found android.hardware.neuralnetworks.IDevice/nnapi-sample_sl_shim in device VINTF manifest.
[   12.962819] libprocessgroup: Created cgroup /sys/fs/cgroup/system/uid_1084/pid_646
[   12.966586] init: ... started service 'vendor.threadnetwork_hal' has pid 646
[   12.967423] init: starting service 'vendor.usb_default'...
[   12.975363] libprocessgroup: Created cgroup /sys/fs/cgroup/system/uid_1000/pid_647
[   12.986303] servicemanager: Caller(pid=644,uid=9999,sid=u:r:hal_tetheroffload_default:s0) Found android.hardware.tetheroffload.IOffload/default in device VINTF manifest.
[   12.987311] servicemanager: Caller(pid=642,uid=9999,sid=u:r:hal_authgraph_default:s0) Found android.hardware.security.authgraph.IAuthGraphKeyExchange/nonsecure in device VINTF manifest.
[   12.989237] init: ... started service 'vendor.usb_default' has pid 647
[   12.990626] init: starting service 'vendor.uwb_hal'...
[   12.993915] libprocessgroup: Created cgroup /sys/fs/cgroup/system/uid_1083
[   13.002029] servicemanager: Caller(pid=643,uid=9999,sid=u:r:hal_secretkeeper_default:s0) Found android.hardware.security.secretkeeper.ISecretkeeper/nonsecure in device VINTF manifest.
[   13.003340] libprocessgroup: Created cgroup /sys/fs/cgroup/system/uid_1083/pid_650
[   13.005135] servicemanager: Caller(pid=645,uid=9999,sid=u:r:hal_thermal_default:s0) Found android.hardware.thermal.IThermal/default in device VINTF manifest.
[   13.006404] init: ... started service 'vendor.uwb_hal' has pid 650
[   13.007031] init: starting service 'vendor.vibrator-default'...
[   13.008328] libprocessgroup: Created cgroup /sys/fs/cgroup/system/uid_9999/pid_652
[   13.017939] init: ... started service 'vendor.vibrator-default' has pid 652
[   13.021121] init: starting service 'vendor.wifi_hal_legacy'...
[   13.022395] libprocessgroup: Created cgroup /sys/fs/cgroup/system/uid_1010
[   13.023547] libprocessgroup: Created cgroup /sys/fs/cgroup/system/uid_1010/pid_653
[   13.025294] servicemanager: Caller(pid=646,uid=1084,sid=u:r:hal_threadnetwork_default:s0) Found android.hardware.threadnetwork.IThreadChip/chip0 in device VINTF manifest.
[   13.032329] init: ... started service 'vendor.wifi_hal_legacy' has pid 653
[   13.033135] init: starting service 'bt_hci'...
[   13.037962] libprocessgroup: Created cgroup /sys/fs/cgroup/system/uid_1002
[   13.039021] libprocessgroup: Created cgroup /sys/fs/cgroup/system/uid_1002/pid_654
[   13.052242] init: ... started service 'bt_hci' has pid 654
[   13.052605] init: starting service 'bt_finder'...
[   13.057813] libprocessgroup: Created cgroup /sys/fs/cgroup/system/uid_1002/pid_655
[   13.070563] init: ... started service 'bt_finder' has pid 655
[   13.070820] init: starting service 'bt_ranging'...
[   13.073767] libprocessgroup: Created cgroup /sys/fs/cgroup/system/uid_1002/pid_659
[   13.075231] servicemanager: Caller(pid=650,uid=1083,sid=u:r:hal_uwb_default:s0) Found android.hardware.uwb.IUwb/default in device VINTF manifest.
[   13.091063] servicemanager: Caller(pid=652,uid=9999,sid=u:r:hal_vibrator_default:s0) Found android.hardware.vibrator.IVibrator/default in device VINTF manifest.
[   13.091905] servicemanager: Caller(pid=652,uid=9999,sid=u:r:hal_vibrator_default:s0) Found android.hardware.vibrator.IVibratorManager/default in device VINTF manifest.
[   13.092913] init: ... started service 'bt_ranging' has pid 659
[   13.093159] init: starting service 'bt_lmp_event'...
[   13.094369] libprocessgroup: Created cgroup /sys/fs/cgroup/system/uid_1002/pid_660
[   13.102771] servicemanager: Caller(pid=647,uid=1000,sid=u:r:hal_usb_default:s0) Found android.hardware.usb.IUsb/default in device VINTF manifest.
[   13.108812] init: ... started service 'bt_lmp_event' has pid 660
[   13.113955] init: starting service 'bt_socket'...
[   13.117794] servicemanager: Caller(pid=654,uid=1002,sid=u:r:hal_bluetooth_default:s0) Found android.hardware.bluetooth.IBluetoothHci/default in device VINTF manifest.
[   13.125202] libprocessgroup: Created cgroup /sys/fs/cgroup/system/uid_1002/pid_663
[   13.127462] init: ... started service 'bt_socket' has pid 663
[   13.127809] init: starting service 'bt_socket_lpp'...
[   13.129066] libprocessgroup: Created cgroup /sys/fs/cgroup/system/uid_1002/pid_664
[   13.135321] init: ... started service 'bt_socket_lpp' has pid 664
[   13.135622] init: starting service 'bt_gatt_lpp'...
[   13.141232] libprocessgroup: Created cgroup /sys/fs/cgroup/system/uid_1002/pid_665
[   13.176019] init: ... started service 'bt_gatt_lpp' has pid 665
[   13.189188] servicemanager: Caller(pid=653,uid=1010,sid=u:r:hal_wifi_default:s0) Found android.hardware.wifi.IWifi/default in device VINTF manifest.
[   13.209713] servicemanager: Caller(pid=655,uid=1002,sid=u:r:hal_bluetooth_btlinux:s0) Found android.hardware.bluetooth.finder.IBluetoothFinder/default in device VINTF manifest.
[   13.210331] servicemanager: Caller(pid=655,uid=1002,sid=u:r:hal_bluetooth_btlinux:s0) Found android.hardware.bluetooth.finder.IBluetoothFinder/default in device VINTF manifest.
[   13.225360] init: starting service 'vendor.graphics.allocator'...
[   13.226844] libprocessgroup: Created cgroup /sys/fs/cgroup/system/uid_1000/pid_667
[   13.228802] servicemanager: Caller(pid=659,uid=1002,sid=u:r:hal_bluetooth_btlinux:s0) Found android.hardware.bluetooth.ranging.IBluetoothChannelSounding/default in device VINTF manifest.
[   13.233520] servicemanager: Caller(pid=664,uid=1002,sid=u:r:hal_bluetooth_lpp_default:s0) Found android.hardware.bluetooth.socket.IBluetoothSocket/lpp in device VINTF manifest.
[   13.234098] servicemanager: Caller(pid=659,uid=1002,sid=u:r:hal_bluetooth_btlinux:s0) Found android.hardware.bluetooth.ranging.IBluetoothChannelSounding/default in device VINTF manifest.
[   13.242261] init: ... started service 'vendor.graphics.allocator' has pid 667
[   13.242995] init: starting service 'vendor.health-cuttlefish'...
[   13.246426] libprocessgroup: Created cgroup /sys/fs/cgroup/system/uid_1000/pid_668
[   13.247347] servicemanager: Caller(pid=660,uid=1002,sid=u:r:hal_bluetooth_btlinux:s0) Found android.hardware.bluetooth.lmp_event.IBluetoothLmpEvent/default in device VINTF manifest.
[   13.253217] servicemanager: Caller(pid=660,uid=1002,sid=u:r:hal_bluetooth_btlinux:s0) Found android.hardware.bluetooth.lmp_event.IBluetoothLmpEvent/default in device VINTF manifest.
[   13.254684] init: ... started service 'vendor.health-cuttlefish' has pid 668
[   13.261166] servicemanager: Caller(pid=663,uid=1002,sid=u:r:hal_bluetooth_btlinux:s0) Found android.hardware.bluetooth.socket.IBluetoothSocket/default in device VINTF manifest.
[   13.266912] init: starting service 'vendor.identity-remote'...
[   13.267914] libprocessgroup: Created cgroup /sys/fs/cgroup/system/uid_9999/pid_669
[   13.277605] init: ... started service 'vendor.identity-remote' has pid 669
[   13.283249] init: starting service 'vendor.light-cuttlefish'...
[   13.284316] libprocessgroup: Created cgroup /sys/fs/cgroup/system/uid_9999/pid_670
[   13.293267] init: ... started service 'vendor.light-cuttlefish' has pid 670
[   13.296654] servicemanager: Caller(pid=665,uid=1002,sid=u:r:hal_bluetooth_lpp_default:s0) Found android.hardware.bluetooth.gatt.IBluetoothGatt/default in device VINTF manifest.
[   13.301061] init: starting service 'nfc_hal_service'...
[   13.303967] libprocessgroup: Created cgroup /sys/fs/cgroup/system/uid_1027
[   13.313241] libprocessgroup: Created cgroup /sys/fs/cgroup/system/uid_1027/pid_671
[   13.329261] servicemanager: Caller(pid=667,uid=1000,sid=u:r:hal_graphics_allocator_default:s0) Found android.hardware.graphics.allocator.IAllocator/default in device VINTF manifest.
[   13.343863] init: ... started service 'nfc_hal_service' has pid 671
[   13.350819] init: starting service 'vendor.oemlock_default'...
[   13.352376] libprocessgroup: Created cgroup /sys/fs/cgroup/system/uid_1064/pid_678
[   13.353429] healthd: Failed to lookup glob /sys/devices/platform/*gcdd/system_dev_stat: -3
[   13.353632] healthd: No battery devices found
[   13.357729] servicemanager: Caller(pid=671,uid=1027,sid=u:r:hal_nfc_default:s0) Found android.hardware.nfc.INfc/default in device VINTF manifest.
[   13.358370] servicemanager: Caller(pid=668,uid=1000,sid=u:r:hal_health_default:s0) Found android.hardware.health.IHealth/default in device VINTF manifest.
[   13.359253] HealthLoop: Successfully attached the BPF filter to the uevent socket
[   13.359576] healthd: battery none chg=
[   13.372436] init: ... started service 'vendor.oemlock_default' has pid 678
[   13.376095] servicemanager: Caller(pid=670,uid=9999,sid=u:r:hal_light_cuttlefish:s0) Found android.hardware.light.ILights/default in device VINTF manifest.
[   13.377197] init: starting service 'vendor.camera-provider-2-7-google'...
[   13.379797] libprocessgroup: Created cgroup /sys/fs/cgroup/system/uid_1047
[   13.385721] libprocessgroup: Created cgroup /sys/fs/cgroup/system/uid_1047/pid_680
[   13.396983] servicemanager: Caller(pid=669,uid=9999,sid=u:r:hal_identity_remote:s0) Found android.hardware.identity.IIdentityCredentialStore/default in device VINTF manifest.
[   13.399773] init: ... started service 'vendor.camera-provider-2-7-google' has pid 680
[   13.400000] init: Command 'class_start hal' action=boot (/system/etc/init/hw/init.rc:1219) took 1113ms and succeeded
[   13.400255] init: Service 'hidl_memory' (pid 604) exited with status 0
[   13.401303] init: Sending SIGKILL to service 'hidl_memory' (pid 604) process group...
[   13.402329] libprocessgroup: Removed cgroup /sys/fs/cgroup/system/uid_1000/pid_604
[   13.413659] init: service 'ueventd' requested start, but it is already running (flags: 2084, pid: 102, started 10914ms ago)
[   13.414792] init: service 'apexd' requested start, but it is already running (flags: 134, pid: 470, started 4701ms ago)
[   13.415259] init: starting service 'audioserver'...
[   13.425597] libprocessgroup: Created cgroup /sys/fs/cgroup/system/uid_1041/pid_681
[   13.432119] init: ... started service 'audioserver' has pid 681
[   13.432627] init: starting service 'credstore'...
[   13.434925] libprocessgroup: Created cgroup /sys/fs/cgroup/system/uid_1076
[   13.444375] libprocessgroup: Created cgroup /sys/fs/cgroup/system/uid_1076/pid_682
[   13.448524] servicemanager: Caller(pid=678,uid=1064,sid=u:r:hal_oemlock_remote:s0) Found android.hardware.oemlock.IOemLock/default in device VINTF manifest.
[   13.449023] libbinder.BackendUnifiedServiceManager: Thread Pool max thread count is 0. Cannot cache binder as linkToDeath cannot be implemented. serviceName: android.hardware.oemlock.IOemLock/default
[   13.462138] init: ... started service 'credstore' has pid 682
[   13.463563] init: starting service 'gpu'...
[   13.470995] libprocessgroup: Created cgroup /sys/fs/cgroup/system/uid_1072
[   13.472165] libprocessgroup: Created cgroup /sys/fs/cgroup/system/uid_1072/pid_683
[   13.490191] init: ... started service 'gpu' has pid 683
[   13.490452] init: service 'lmkd' requested start, but it is already running (flags: 36, pid: 394, started 9888ms ago)
[   13.490910] init: starting service 'misctrl'...
[   13.492202] libprocessgroup: Created cgroup /sys/fs/cgroup/system/uid_0/pid_684
[   13.501535] init: ... started service 'misctrl' has pid 684
[   13.501743] init: service 'servicemanager' requested start, but it is already running (flags: 2084, pid: 395, started 9886ms ago)
[   13.503859] init: starting service 'surfaceflinger'...
[   13.526841] libprocessgroup: Created cgroup /sys/fs/cgroup/system/uid_1000/pid_685
[   13.561005] init: ... started service 'surfaceflinger' has pid 685
[   13.561749] init: service 'vold' requested start, but it is already running (flags: 2052, pid: 410, started 9698ms ago)
[   13.573592] init: Command 'class_start core' action=boot (/system/etc/init/hw/init.rc:1221) took 159ms and succeeded
[   13.577117] init: Service 'misctrl' (pid 684) exited with status 1 oneshot service took 0.085000 seconds in background
[   13.585195] init: Sending SIGKILL to service 'misctrl' (pid 684) process group...
[   13.585558] libprocessgroup: Removed cgroup /sys/fs/cgroup/system/uid_0/pid_684
[   13.600683] init: processing action (ro.debuggable=1 && boot) from (/system/etc/init/hw/init.rc:1223)
[   13.602403] init: processing action (persist.sys.usb.config=* && boot) from (/system/etc/init/hw/init.usb.rc:104)
[   13.607918] init: processing action (boot) from (/system/etc/init/dumpstate.rc:1)
[   13.608146] init: processing action (boot) from (/system/etc/init/gsid.rc:25)
[   13.608457] init: starting service 'exec 14 (/system/bin/gsid run-startup-tasks)'...
[   13.612166] libprocessgroup: Created cgroup /sys/fs/cgroup/system/uid_0/pid_687
[   13.622486] init: ... started service 'exec 14 (/system/bin/gsid run-startup-tasks)' has pid 687
[   13.622735] init: processing action (boot) from (/vendor/etc/init/init.cutf_cvm.rc:83)
[   13.623669] init: starting service 'socket_vsock_proxy'...
[   13.626043] libprocessgroup: Created cgroup /sys/fs/cgroup/system/uid_0/pid_691
[   13.629377] init: ... started service 'socket_vsock_proxy' has pid 691
[   13.643016] init: processing action (ro.boot.enable_confirmationui=* && boot) from (/apex/com.google.cf.confirmationui/etc/android.hardware.confirmationui-service.cuttlefish.rc:9)
[   13.653211] init: starting service 'vendor.confirmationui_default'...
[   13.661049] libprocessgroup: Created cgroup /sys/fs/cgroup/system/uid_1000/pid_694
[   13.679355] init: ... started service 'vendor.confirmationui_default' has pid 694
[   13.696151] init: service 'vendor.confirmationui_default' requested start, but it is already running (flags: 4, pid: 694, started 41ms ago)
[   13.727644] init: Service 'exec 14 (/system/bin/gsid run-startup-tasks)' (pid 687) exited with status 0 oneshot service took 0.115000 seconds in background
[   13.728367] init: Sending SIGKILL to service 'exec 14 (/system/bin/gsid run-startup-tasks)' (pid 687) process group...
[   13.728944] libprocessgroup: Removed cgroup /sys/fs/cgroup/system/uid_0/pid_687
[   13.729765] init: processing action (enable_property_trigger) from (<Builtin Action>:0)
[   13.730467] init: processing action (bootreceiver.enable=1 && ro.product.cpu.abilist64=*) from (/system/etc/init/hw/init.rc:653)
[   13.735860] servicemanager: Notifying apexservice they don't (previously: do) have clients when we now have no record of a client
[   13.743580] libbinder.AidlLazyServiceRegistrar: Process has 0 (of 1 available) client(s) in use after notification apexservice has clients: 0
[   13.743905] libbinder.AidlLazyServiceRegistrar: Shutdown prevented by forcePersist override flag.
[   13.786406] init: processing action (net.tcp_def_init_rwnd=*) from (/system/etc/init/hw/init.rc:1255)
[   13.786758] init: processing action (ro.debuggable=1) from (/system/etc/init/hw/init.rc:1295)
[   13.787102] init: processing action (sys.usb.config=adb && sys.usb.configfs=0) from (/system/etc/init/hw/init.usb.rc:36)
[   13.788007] type=1400 audit(1790844731.971:188): avc:  denied  { write } for  comm="init" name="error_report_end" dev="tracefs" ino=10805 scontext=u:r:init:s0 tcontext=u:object_r:debugfs_bootreceiver_tracing:s0 tclass=dir permissive=0 bug=b/340399580
[   13.788520] type=1300 audit(1790844731.971:188): arch=c000003e syscall=257 success=yes exit=20 a0=ffffff9c a1=7fb5f462ec80 a2=a0241 a3=180 items=1 ppid=0 auid=4294967295 uid=0 gid=0 euid=0 suid=0 fsuid=0 egid=0 sgid=0 fsgid=0 tty=(none) ses=4294967295 comm="init" exe="/system/bin/init" subj=u:r:init:s0 key=(null)
[   13.789167] type=1307 audit(1790844731.971:188): cwd="/"
[   13.789316] type=1302 audit(1790844731.971:188): item=0 name="/sys/kernel/tracing/instances/bootreceiver/events/error_report/error_report_end/enable" inode=19680823 dev=00:0c mode=0100640 ouid=0 ogid=3012 rdev=00:00 obj=u:object_r:debugfs_bootreceiver_tracing:s0 nametype=NORMAL cap_fp=0 cap_fi=0 cap_fe=0 cap_fver=0 cap_frootid=0
[   13.789949] type=1327 audit(1790844731.971:188): proctitle=2F73797374656D2F62696E2F696E69740073656C696E75785F7365747570
[   13.790583] type=1320 audit(1790844731.971:188): 
[   13.790607] servicemanager: Caller(pid=694,uid=1000,sid=u:r:hal_confirmationui_cuttlefish:s0) Found android.hardware.confirmationui.IConfirmationUI/default in device VINTF manifest.
[   13.792490] init: starting service 'adbd'...
[   13.793510] init: Created socket '/dev/socket/adbd', mode 660, user 1000, group 1000
[   13.804999] libprocessgroup: Created cgroup /sys/fs/cgroup/system/uid_0/pid_698
[   13.817277] init: ... started service 'adbd' has pid 698
[   13.817616] init: processing action (apexd.status=ready && ro.product.cpu.abilist64=*) from (/system/etc/init/hw/init.boringssl.zygote64.rc:3)
[   13.818545] init: starting service 'boringssl_self_test_apex64'...
[   13.820049] libprocessgroup: Created cgroup /sys/fs/cgroup/system/uid_9999/pid_699
[   13.825918] init: ... started service 'boringssl_self_test_apex64' has pid 699
[   13.826134] init: SVC_EXEC service 'boringssl_self_test_apex64' pid 699 (uid 9999 gid 0+0 context default) started; waiting...
[   13.889552] init: Service 'boringssl_self_test_apex64' (pid 699) exited with status 0 waiting took 0.069000 seconds
[   13.889924] init: Sending SIGKILL to service 'boringssl_self_test_apex64' (pid 699) process group...
[   13.890354] libprocessgroup: Removed cgroup /sys/fs/cgroup/system/uid_9999/pid_699
[   13.892331] init: processing action (security.perf_harden=1) from (/system/etc/init/init-perfetto.rc:19)
[   13.896027] init: processing action (init.svc.audioserver=running) from (/system/etc/init/audioserver.rc:43)
[   13.896290] init: Command 'start vendor.audio-hal' action=init.svc.audioserver=running (/system/etc/init/audioserver.rc:44) took 0ms and failed: service vendor.audio-hal not found
[   13.896618] init: service 'vendor.audio-hal-aidl' requested start, but it is already running (flags: 4, pid: 617, started 1539ms ago)
[   13.897127] init: service 'vendor.audio-effect-hal-aidl' requested start, but it is already running (flags: 4, pid: 618, started 1526ms ago)
[   13.897701] init: Command 'start vendor.audio-hal-4-0-msd' action=init.svc.audioserver=running (/system/etc/init/audioserver.rc:47) took 0ms and failed: service vendor.audio-hal-4-0-msd not found
[   13.898688] init: Command 'start audio_proxy_service' action=init.svc.audioserver=running (/system/etc/init/audioserver.rc:48) took 0ms and failed: service audio_proxy_service not found
[   13.899063] init: processing action (ro.persistent_properties.ready=true) from (/system/etc/init/bootstat.rc:57)
[   13.901483] init: processing action (ro.persistent_properties.ready=true) from (/system/etc/init/bootstat.rc:61)
[   13.902742] init: starting service 'exec 15 (/system/bin/bootstat --set_system_boot_reason)'...
[   13.910261] libprocessgroup: Created cgroup /sys/fs/cgroup/system/uid_1000/pid_700
[   13.921624] init: ... started service 'exec 15 (/system/bin/bootstat --set_system_boot_reason)' has pid 700
[   13.922038] init: processing action (bootreceiver.enable=1 && ro.product.cpu.abilist64=*) from (/system/etc/init/dmesgd.rc:7)
[   13.922848] init: Command 'rm /data/misc/dmesgd/sent_reports.txt' action=bootreceiver.enable=1 && ro.product.cpu.abilist64=* (/system/etc/init/dmesgd.rc:9) took 0ms and failed: unlink() failed: No such file or directory
[   13.923241] init: processing action (drm.service.enabled=true) from (/system/etc/init/drmserver.rc:8)
[   13.930184] init: starting service 'drm'...
[   13.932468] libprocessgroup: Created cgroup /sys/fs/cgroup/system/uid_1019
[   13.941683] libprocessgroup: Created cgroup /sys/fs/cgroup/system/uid_1019/pid_701
[   13.949688] init: ... started service 'drm' has pid 701
[   13.949960] init: processing action (persist.heapprofd.enable= && traced.lazy.heapprofd=) from (/system/etc/init/heapprofd.rc:49)
[   13.950497] init: processing action (security.perf_harden=1) from (/system/etc/init/init-perfetto.rc:19)
[   13.951014] init: processing action (kcmdline.binder=*) from (/system/etc/init/kcmdlinectrl.rc:20)
[   13.951237] init: start_waiting_for_property("kcmdline.loaded", "1"): already set
[   13.951632] init: starting service 'exec 16 (/system/bin/kcmdlinectrl store binder unset)'...
[   13.972650] libprocessgroup: Created cgroup /sys/fs/cgroup/system/uid_0/pid_707
[   13.998780] init: ... started service 'exec 16 (/system/bin/kcmdlinectrl store binder unset)' has pid 707
[   14.001433] init: SVC_EXEC service 'exec 16 (/system/bin/kcmdlinectrl store binder unset)' pid 707 (uid 0 gid 0+0 context default) started; waiting...
[   14.001715] init: Service 'exec 15 (/system/bin/bootstat --set_system_boot_reason)' (pid 700) exited with status 0 oneshot service took 0.091000 seconds in background
[   14.001999] init: Sending SIGKILL to service 'exec 15 (/system/bin/bootstat --set_system_boot_reason)' (pid 700) process group...
[   14.014699] libprocessgroup: Removed cgroup /sys/fs/cgroup/system/uid_1000/pid_700
[   14.035506] servicemanager: Caller(pid=681,uid=1041,sid=u:r:audioserver:s0) Found android.hardware.audio.core.IModule/default in device VINTF manifest.
[   14.042067] servicemanager: Caller(pid=681,uid=1041,sid=u:r:audioserver:s0) Found android.hardware.audio.effect.IFactory/default in device VINTF manifest.
[   14.081009] init: Service 'exec 16 (/system/bin/kcmdlinectrl store binder unset)' (pid 707) exited with status 0 waiting took 0.108000 seconds
[   14.094686] init: Sending SIGKILL to service 'exec 16 (/system/bin/kcmdlinectrl store binder unset)' (pid 707) process group...
[   14.095203] libprocessgroup: Removed cgroup /sys/fs/cgroup/system/uid_0/pid_707
[   14.117392] init: processing action (ro.debuggable=1) from (/system/etc/init/llkd-debuggable.rc:1)
[   14.135431] servicemanager: Caller(pid=681,uid=1041,sid=u:r:audioserver:s0) Found android.hardware.audio.effect.IFactory/default in device VINTF manifest.
[   14.139147] servicemanager: Caller(pid=681,uid=1041,sid=u:r:audioserver:s0) Found android.hardware.audio.core.IModule/default in device VINTF manifest.
[   14.143960] init: processing action (ro.debuggable=*) from (/system/etc/init/llkd.rc:2)
[   14.148954] init: processing action (debug.atrace.user_initiated= && persist.traced.enable=1) from (/system/etc/init/perfetto.rc:64)
[   14.150163] init: starting service 'traced_probes'...
[   14.159899] libprocessgroup: Created cgroup /sys/fs/cgroup/system/uid_9999/pid_712
[   14.178919] init: ... started service 'traced_probes' has pid 712
[   14.179204] init: processing action (persist.traced.enable=1) from (/system/etc/init/perfetto.rc:76)
[   14.193514] servicemanager: Caller(pid=680,uid=1047,sid=u:r:hal_camera_default:s0) Found android.hardware.camera.provider.ICameraProvider/internal/0 in device VINTF manifest.
[   14.196200] init: starting service 'traced'...
[   14.196541] init: Created socket '/dev/socket/traced_consumer', mode 666, user 0, group 0
[   14.196810] init: Created socket '/dev/socket/traced_producer', mode 666, user 0, group 0
[   14.200068] libprocessgroup: Created cgroup /sys/fs/cgroup/system/uid_9999/pid_713
[   14.223336] init: ... started service 'traced' has pid 713
[   14.224018] init: service 'traced_probes' requested start, but it is already running (flags: 132, pid: 712, started 64ms ago)
[   14.224288] init: processing action (ro.persistent_properties.ready=true) from (/system/etc/init/perfetto.rc:129)
[   14.224525] init: processing action (persist.debug.perfetto.persistent_sysui_tracing_for_bugreport=) from (/system/etc/init/perfetto.rc:188)
[   14.230191] init: processing action (persist.traced_perf.enable= && sys.init.perf_lsm_hooks=1 && traced.lazy.traced_perf=) from (/system/etc/init/traced_perf.rc:44)
[   14.255677] init: processing action (ro.boot.slot_suffix=*) from (/system/etc/init/update_engine.rc:9)
[   14.256044] init: processing action (hidl_memory.disabled=true) from (/system_ext/etc/init/android.hidl.allocator@1.0-service.rc:6)
[   14.276957] init: processing action (hwservicemanager.disabled=true) from (/system_ext/etc/init/hwservicemanager.rc:14)
[   14.277220] init: Sending SIGKILL to service 'hwservicemanager' (pid 396) process group...
[   14.278847] libprocessgroup: Removed cgroup /sys/fs/cgroup/system/uid_1000/pid_396
[   14.281766] init: Service 'hwservicemanager' (pid 396) received SIGKILL
[   14.282559] init: Sending SIGKILL to service 'hwservicemanager' (pid 396) process group...
[   14.282930] libprocessgroup: Failed to write 1 to /sys/fs/cgroup/system/uid_1000/pid_396/cgroup.kill: No such file or directory
[   14.290853] init: processing action (apex.all.ready=true) from (/apex/com.google.cf.input.config/etc/com.google.cf.input.config.rc:1)
[   14.305095] init: processing action (nonencrypted) from (/system/etc/init/hw/init.rc:1227)
[   14.306984] init: service 'zygote' requested start, but it is already running (flags: 4, pid: 594, started 2157ms ago)
[   14.308223] init: starting service 'cameraserver'...
[   14.320625] libprocessgroup: Created cgroup /sys/fs/cgroup/system/uid_1047/pid_722
[   14.329196] init: ... started service 'cameraserver' has pid 722
[   14.330028] init: service 'drm' requested start, but it is already running (flags: 132, pid: 701, started 397ms ago)
[   14.343153] init: starting service 'idmap2d'...
[   14.347807] libprocessgroup: Created cgroup /sys/fs/cgroup/system/uid_1000/pid_725
[   14.354112] init: ... started service 'idmap2d' has pid 725
[   14.354389] init: starting service 'incidentd'...
[   14.364973] libprocessgroup: Created cgroup /sys/fs/cgroup/system/uid_1067
[   14.366303] libprocessgroup: Created cgroup /sys/fs/cgroup/system/uid_1067/pid_726
[   14.373398] init: ... started service 'incidentd' has pid 726
[   14.373768] init: starting service 'installd'...
[   14.380227] libprocessgroup: Created cgroup /sys/fs/cgroup/system/uid_0/pid_728
[   14.390592] init: ... started service 'installd' has pid 728
[   14.390986] init: starting service 'mediaextractor'...
[   14.400713] libprocessgroup: Created cgroup /sys/fs/cgroup/system/uid_1040
[   14.401716] libprocessgroup: Created cgroup /sys/fs/cgroup/system/uid_1040/pid_730
[   14.428550] init: ... started service 'mediaextractor' has pid 730
[   14.428918] init: starting service 'mediametrics'...
[   14.433196] libprocessgroup: Created cgroup /sys/fs/cgroup/system/uid_1013/pid_732
[   14.449416] init: ... started service 'mediametrics' has pid 732
[   14.450134] init: starting service 'media'...
[   14.451587] libprocessgroup: Created cgroup /sys/fs/cgroup/system/uid_1013/pid_733
[   14.456890] init: ... started service 'media' has pid 733
[   14.457070] init: service 'netd' requested start, but it is already running (flags: 132, pid: 592, started 2324ms ago)
[   14.457495] init: starting service 'storaged'...
[   14.467148] libprocessgroup: Created cgroup /sys/fs/cgroup/system/uid_0/pid_735
[   14.483462] init: ... started service 'storaged' has pid 735
[   14.483693] init: starting service 'seriallogging'...
[   14.485558] libprocessgroup: Created cgroup /sys/fs/cgroup/system/uid_1036/pid_737
[   14.493873] init: ... started service 'seriallogging' has pid 737
[   14.494510] init: starting service 'media.swcodec'...
[   14.495781] libprocessgroup: Created cgroup /sys/fs/cgroup/system/uid_1046
[   14.500772] libprocessgroup: Created cgroup /sys/fs/cgroup/system/uid_1046/pid_738
[   14.508156] init: ... started service 'media.swcodec' has pid 738
[   14.508354] init: service 'statsd' requested start, but it is already running (flags: 4, pid: 593, started 2371ms ago)
[   14.509614] init: starting service 'vendor.ril-daemon'...
[   14.510792] libprocessgroup: Created cgroup /sys/fs/cgroup/system/uid_1001
[   14.520640] libprocessgroup: Created cgroup /sys/fs/cgroup/system/uid_1001/pid_740
[   14.551416] init: ... started service 'vendor.ril-daemon' has pid 740
[   14.554299] init: Command 'class_start main' action=nonencrypted (/system/etc/init/hw/init.rc:1228) took 247ms and succeeded
[   14.555012] init: starting service 'gatekeeperd'...
[   14.601542] libprocessgroup: Created cgroup /sys/fs/cgroup/system/uid_1000/pid_743
[   14.676522] init: ... started service 'gatekeeperd' has pid 743
[   14.681406] init: service 'traced' requested start, but it is already running (flags: 132, pid: 713, started 482ms ago)
[   14.681642] init: service 'traced_probes' requested start, but it is already running (flags: 132, pid: 712, started 522ms ago)
[   14.683411] init: starting service 'update_engine'...
[   14.687487] libprocessgroup: Created cgroup /sys/fs/cgroup/system/uid_0/pid_744
[   14.700725] logd: logdr: UID=1036 GID=0 PID=737 b tail=0 logMask=bf pid=0 start=0ns deadline=0ns
[   14.745634] init: ... started service 'update_engine' has pid 744
[   14.746093] init: starting service 'usbd'...
[   14.753647] libprocessgroup: Created cgroup /sys/fs/cgroup/system/uid_0/pid_747
[   14.795280] init: ... started service 'usbd' has pid 747
[   14.795556] init: starting service 'tombstone_transmit'...
[   14.801838] libprocessgroup: Created cgroup /sys/fs/cgroup/system/uid_0/pid_749
[   14.807151] init: ... started service 'tombstone_transmit' has pid 749
[   14.819967] init: Command 'class_start late_start' action=nonencrypted (/system/etc/init/hw/init.rc:1229) took 265ms and succeeded
[   14.822114] init: service 'adbd' requested start, but it is already running (flags: 132, pid: 698, started 1026ms ago)
[   14.828477] servicemanager: Caller(pid=740,uid=1001,sid=u:r:libcuttlefish_rild:s0) Found android.hardware.radio.ims.media.IImsMedia/default in device VINTF manifest.
[   14.829120] servicemanager: Caller(pid=740,uid=1001,sid=u:r:libcuttlefish_rild:s0) Found android.hardware.radio.config.IRadioConfig/default in device VINTF manifest.
[   14.831161] servicemanager: Caller(pid=740,uid=1001,sid=u:r:libcuttlefish_rild:s0) Found android.hardware.radio.data.IRadioData/slot1 in device VINTF manifest.
[   14.831719] init: Control message: Processed ctl.start for 'adbd' from pid: 747 (/system/bin/usbd)
[   14.833196] servicemanager: Caller(pid=740,uid=1001,sid=u:r:libcuttlefish_rild:s0) Found android.hardware.radio.ims.IRadioIms/slot1 in device VINTF manifest.
[   14.837032] servicemanager: Caller(pid=740,uid=1001,sid=u:r:libcuttlefish_rild:s0) Found android.hardware.radio.messaging.IRadioMessaging/slot1 in device VINTF manifest.
[   14.839540] servicemanager: Caller(pid=740,uid=1001,sid=u:r:libcuttlefish_rild:s0) Found android.hardware.radio.modem.IRadioModem/slot1 in device VINTF manifest.
[   14.841826] init: processing action (load_persist_props_action) from (/system/etc/init/flags_health_check.rc:1)
[   14.845224] init: Encryption policy of /data/server_configurable_flags set to d10115e1a7fb2746358ce31fe58a3e2a v2 modes 1/10 flags 0xa
[   14.845635] init: starting service 'exec 17 (/system/bin/flags_health_check BOOT_FAILURE)'...
[   14.847564] servicemanager: Caller(pid=747,uid=0,sid=u:r:usbd:s0) Could not find android.hardware.usb.gadget.IUsbGadget/default in the VINTF manifest. No alternative instances declared in VINTF.
[   14.848068] servicemanager: Caller(pid=740,uid=1001,sid=u:r:libcuttlefish_rild:s0) Found android.hardware.radio.network.IRadioNetwork/slot1 in device VINTF manifest.
[   14.850081] servicemanager: Caller(pid=740,uid=1001,sid=u:r:libcuttlefish_rild:s0) Found android.hardware.radio.sim.IRadioSim/slot1 in device VINTF manifest.
[   14.852969] servicemanager: Caller(pid=740,uid=1001,sid=u:r:libcuttlefish_rild:s0) Found android.hardware.radio.voice.IRadioVoice/slot1 in device VINTF manifest.
[   14.856681] servicemanager: Caller(pid=740,uid=1001,sid=u:r:libcuttlefish_rild:s0) Found android.hardware.radio.sap.ISap/slot1 in device VINTF manifest.
[   14.869804] libprocessgroup: Created cgroup /sys/fs/cgroup/system/uid_1000/pid_752
[   14.879945] init: ... started service 'exec 17 (/system/bin/flags_health_check BOOT_FAILURE)' has pid 752
[   14.880485] init: SVC_EXEC service 'exec 17 (/system/bin/flags_health_check BOOT_FAILURE)' pid 752 (uid 1000 gid 1000+0 context default) started; waiting...
[   14.884294] init: Service 'usbd' (pid 747) exited with status 0 oneshot service took 0.130000 seconds in background
[   14.885964] init: Sending SIGKILL to service 'usbd' (pid 747) process group...
[   14.886287] libprocessgroup: Removed cgroup /sys/fs/cgroup/system/uid_0/pid_747
[   14.903711] servicemanager: Caller(pid=743,uid=1000,sid=u:r:gatekeeperd:s0) Found android.hardware.gatekeeper.IGatekeeper/default in device VINTF manifest.
[   14.962325] init: Service 'exec 17 (/system/bin/flags_health_check BOOT_FAILURE)' (pid 752) exited with status 0 waiting took 0.092000 seconds
[   14.978760] init: Sending SIGKILL to service 'exec 17 (/system/bin/flags_health_check BOOT_FAILURE)' (pid 752) process group...
[   14.979162] libprocessgroup: Removed cgroup /sys/fs/cgroup/system/uid_1000/pid_752
[   14.979432] init: processing action (load_persist_props_action) from (/system/etc/init/logcatd.rc:29)
[   14.980028] init: processing action (llk.enable=0) from (/system/etc/init/llkd.rc:12)
[   14.994227] init: processing action (khungtask.enable=1) from (/system/etc/init/llkd.rc:18)
[   14.994591] init: processing action (llk.enable=0) from (/system/etc/init/llkd.rc:12)
[   15.007089] init: processing action (khungtask.enable=0) from (/system/etc/init/llkd.rc:21)
[   15.007714] init: processing action (init.svc.media=*) from (/system/etc/init/mediaserver.rc:1)
[   15.008433] init: processing action (khungtask.enable=true) from (/system/etc/init/llkd.rc:25)
[   15.009081] init: processing action (khungtask.enable=false) from (/system/etc/init/llkd.rc:31)
[   15.100953] servicemanager: Caller(pid=744,uid=0,sid=u:r:update_engine:s0) Found android.hardware.boot.IBootControl/default in device VINTF manifest.
[   15.116571] servicemanager: Caller(pid=685,uid=1000,sid=u:r:surfaceflinger:s0) Found android.hardware.graphics.allocator.IAllocator/default in device VINTF manifest.
[   15.119691] servicemanager: Caller(pid=685,uid=1000,sid=u:r:surfaceflinger:s0) Found android.hardware.graphics.allocator.IAllocator/default in device VINTF manifest.
[   15.120413] servicemanager: Caller(pid=685,uid=1000,sid=u:r:surfaceflinger:s0) Found mapper/minigbm in device VINTF manifest.
[   15.195759] servicemanager: Caller(pid=681,uid=1041,sid=u:r:audioserver:s0) Found android.hardware.audio.effect.IFactory/default in device VINTF manifest.
[   15.196517] servicemanager: Caller(pid=681,uid=1041,sid=u:r:audioserver:s0) Found android.hardware.audio.core.IModule/default in device VINTF manifest.
[   15.206938] servicemanager: Caller(pid=685,uid=1000,sid=u:r:surfaceflinger:s0) Found android.hardware.graphics.composer3.IComposer/default in device VINTF manifest.
[   15.221611] servicemanager: Caller(pid=627,uid=1000,sid=u:r:hal_graphics_composer_default:s0) Found android.hardware.graphics.allocator.IAllocator/default in device VINTF manifest.
[   15.225038] servicemanager: Caller(pid=627,uid=1000,sid=u:r:hal_graphics_composer_default:s0) Found android.hardware.graphics.allocator.IAllocator/default in device VINTF manifest.
[   15.229029] servicemanager: Caller(pid=627,uid=1000,sid=u:r:hal_graphics_composer_default:s0) Found mapper/minigbm in device VINTF manifest.
[   15.297438] servicemanager: Caller(pid=681,uid=1041,sid=u:r:audioserver:s0) Found android.system.suspend.ISystemSuspend/default in framework VINTF manifest.
[   15.501669] servicemanager: Caller(pid=735,uid=0,sid=u:r:storaged:s0) Found android.hardware.health.IHealth/default in device VINTF manifest.
[   15.669690] servicemanager: Caller(pid=738,uid=1046,sid=u:r:mediaswcodec:s0) Found android.hardware.media.c2.IComponentStore/software in framework VINTF manifest.
[   15.677363] servicemanager: Caller(pid=738,uid=1046,sid=u:r:mediaswcodec:s0) Found android.hardware.media.c2.IComponentStore/software in framework VINTF manifest.
[   15.678128] servicemanager: Caller(pid=738,uid=1046,sid=u:r:mediaswcodec:s0) Could not find android.hardware.media.c2.IComponentStore/default in the VINTF manifest. No alternative instances declared in VINTF.
[   15.748050] VIRTUAL_DEVICE_DISPLAY_POWER_MODE_CHANGED display=0 mode=ON
[   15.800980] servicemanager: Caller(pid=681,uid=1041,sid=u:r:audioserver:s0) Found android.hardware.audio.effect.IFactory/default in device VINTF manifest.
[   15.802166] servicemanager: Caller(pid=681,uid=1041,sid=u:r:audioserver:s0) Found android.hardware.audio.core.IModule/default in device VINTF manifest.
[   15.804442] servicemanager: Caller(pid=681,uid=1041,sid=u:r:audioserver:s0) Since 'activity' could not be found trying to start it as a lazy AIDL service. (if it's not configured to be a lazy service, it may be stuck starting or still starting).
[   15.805693] init: Control message: Could not find 'aidl/activity' for ctl.interface_start from pid: 395 (/system/bin/servicemanager)
[   15.806310] servicemanager: Caller(pid=681,uid=1041,sid=u:r:audioserver:s0) Tried to start aidl service activity as a lazy service, but was unable to. Usually this happens when a service is not installed, but if the service is intended to be used as a lazy service, then it may be configured incorrectly.
[   15.814485] VIRTUAL_DEVICE_DISPLAY_POWER_MODE_CHANGED display=0 mode=ON
[   15.818156] init: starting service 'bootanim'...
[   15.823648] libprocessgroup: Created cgroup /sys/fs/cgroup/system/uid_1003
[   15.830144] libprocessgroup: Created cgroup /sys/fs/cgroup/system/uid_1003/pid_803
[   15.836136] servicemanager: Caller(pid=733,uid=1013,sid=u:r:mediaserver:s0) Since 'media.codeclist.generator' could not be found trying to start it as a lazy AIDL service. (if it's not configured to be a lazy service, it may be stuck starting or still starting).
[   15.839204] init: ... started service 'bootanim' has pid 803
[   15.840021] init: Control message: Processed ctl.start for 'bootanim' from pid: 685 (/system/bin/surfaceflinger)
[   15.841190] init: starting service 'media.codeclist.generator'...
[   15.844000] libprocessgroup: Created cgroup /sys/fs/cgroup/system/uid_1013/pid_806
[   15.847048] init: ... started service 'media.codeclist.generator' has pid 806
[   15.847299] init: Control message: Processed ctl.interface_start for 'aidl/media.codeclist.generator' from pid: 395 (/system/bin/servicemanager)
[   15.960421] servicemanager: Notifying media.codeclist.generator they do (previously: don't) have clients when service is guaranteed to be in use
[   15.963793] libbinder.BpBinder: onLastStrongRef automatically unlinking death recipients for binder (0x750db4a12f10) with descriptor: '(not cached)'
[   16.032402] servicemanager: Caller(pid=806,uid=1013,sid=u:r:mediacodeclist_generator:s0) Found android.hardware.media.c2.IComponentStore/software in framework VINTF manifest.
[   16.072925] servicemanager: Caller(pid=738,uid=1046,sid=u:r:mediaswcodec:s0) Found android.hardware.graphics.allocator.IAllocator/default in device VINTF manifest.
[   16.080582] servicemanager: Caller(pid=738,uid=1046,sid=u:r:mediaswcodec:s0) Found android.hardware.graphics.allocator.IAllocator/default in device VINTF manifest.
[   16.083890] servicemanager: Caller(pid=738,uid=1046,sid=u:r:mediaswcodec:s0) Found mapper/minigbm in device VINTF manifest.
[   16.578328] servicemanager: Caller(pid=722,uid=1047,sid=u:r:cameraserver:s0) Found android.frameworks.cameraservice.service.ICameraService/default in framework VINTF manifest.
[   16.578866] servicemanager: Caller(pid=722,uid=1047,sid=u:r:cameraserver:s0) Found android.frameworks.cameraservice.service.ICameraService/default in framework VINTF manifest.
[   16.807307] servicemanager: Caller(pid=681,uid=1041,sid=u:r:audioserver:s0) Since 'activity' could not be found trying to start it as a lazy AIDL service. (if it's not configured to be a lazy service, it may be stuck starting or still starting).
[   16.809262] init: Control message: Could not find 'aidl/activity' for ctl.interface_start from pid: 395 (/system/bin/servicemanager)
[   16.810832] servicemanager: Caller(pid=681,uid=1041,sid=u:r:audioserver:s0) Tried to start aidl service activity as a lazy service, but was unable to. Usually this happens when a service is not installed, but if the service is intended to be used as a lazy service, then it may be configured incorrectly.
[   17.084119] servicemanager: Caller(pid=803,uid=1003,sid=u:r:bootanim:s0) Found android.hardware.graphics.allocator.IAllocator/default in device VINTF manifest.
[   17.095047] servicemanager: Caller(pid=803,uid=1003,sid=u:r:bootanim:s0) Found android.hardware.graphics.allocator.IAllocator/default in device VINTF manifest.
[   17.100663] servicemanager: Caller(pid=803,uid=1003,sid=u:r:bootanim:s0) Found mapper/minigbm in device VINTF manifest.
[   17.893055] servicemanager: Caller(pid=681,uid=1041,sid=u:r:audioserver:s0) Since 'activity' could not be found trying to start it as a lazy AIDL service. (if it's not configured to be a lazy service, it may be stuck starting or still starting).
[   17.949507] init: Control message: Could not find 'aidl/activity' for ctl.interface_start from pid: 395 (/system/bin/servicemanager)
[   17.958871] servicemanager: Caller(pid=681,uid=1041,sid=u:r:audioserver:s0) Tried to start aidl service activity as a lazy service, but was unable to. Usually this happens when a service is not installed, but if the service is intended to be used as a lazy service, then it may be configured incorrectly.
[   18.463127] servicemanager: Notifying apexservice they do (previously: don't) have clients when service is guaranteed to be in use
[   18.481097] apexd: getActivePackages received by ApexService
[   18.484990] libbinder.AidlLazyServiceRegistrar: Process has 1 (of 1 available) client(s) in use after notification apexservice has clients: 1
[   18.487095] libbinder.AidlLazyServiceRegistrar: Shutdown prevented by forcePersist override flag.
[   18.681187] servicemanager: Caller(pid=832,uid=1000,sid=u:r:system_server:s0) Found android.hardware.power.stats.IPowerStats/default in device VINTF manifest.
[   18.711132] servicemanager: Caller(pid=832,uid=1000,sid=u:r:system_server:s0) Found android.frameworks.stats.IStats/default in framework VINTF manifest.
[   18.717854] servicemanager: Caller(pid=832,uid=1000,sid=u:r:system_server:s0) Found android.hardware.memtrack.IMemtrack/default in device VINTF manifest.
[   18.742190] servicemanager: Notifying media.codeclist.generator they don't (previously: do) have clients when we now have no record of a client
[   18.778596] servicemanager: Caller(pid=806,uid=1013,sid=u:r:mediacodeclist_generator:s0) Unregistering media.codeclist.generator
[   18.782574] libbinder.BpBinder: onLastStrongRef automatically unlinking death recipients for binder (0x750db4a13800) with descriptor: '(not cached)'
[   18.809496] init: Service 'media.codeclist.generator' (pid 806) exited with status 0 oneshot service took 2.965000 seconds in background
[   18.812587] init: Sending SIGKILL to service 'media.codeclist.generator' (pid 806) process group...
[   18.813387] libprocessgroup: Removed cgroup /sys/fs/cgroup/system/uid_1013/pid_806
[   18.895259] servicemanager: Caller(pid=681,uid=1041,sid=u:r:audioserver:s0) Since 'activity' could not be found trying to start it as a lazy AIDL service. (if it's not configured to be a lazy service, it may be stuck starting or still starting).
[   18.897961] init: Control message: Could not find 'aidl/activity' for ctl.interface_start from pid: 395 (/system/bin/servicemanager)
[   18.899850] servicemanager: Caller(pid=681,uid=1041,sid=u:r:audioserver:s0) Tried to start aidl service activity as a lazy service, but was unable to. Usually this happens when a service is not installed, but if the service is intended to be used as a lazy service, then it may be configured incorrectly.
[   19.020217] servicemanager: Caller(pid=832,uid=1000,sid=u:r:system_server:s0) Found android.system.suspend.ISystemSuspend/default in framework VINTF manifest.
[   19.022027] servicemanager: Caller(pid=832,uid=1000,sid=u:r:system_server:s0) Found android.hardware.power.IPower/default in device VINTF manifest.
[   19.026556] servicemanager: Caller(pid=832,uid=1000,sid=u:r:system_server:s0) Found android.hardware.light.ILights/default in device VINTF manifest.
[   19.416649] init: processing action (ro.postinstall.fstab.prefix=/system && sys.cppreopt=requested) from (/system/etc/init/cppreopts.rc:26)
[   19.420523] init: [libfs_mgr] Invalid ext4 superblock on '/dev/block/dm-2'
[   19.421741] init: [libfs_mgr] mount_with_alternatives(): skipping mount due to invalid magic, mountpoint=/postinstall blk_dev=/dev/block/dm-2 rec[0].fs_type=ext4
[   19.423707] erofs: (device dm-2): mounted with root inode @ nid 38.
[   19.424675] init: [libfs_mgr] __mount(source=/dev/block/dm-2,target=/postinstall,type=erofs)=0: Success
[   19.425825] init: [libfs_mgr] mount_with_alternatives(): Mounted /dev/block/dm-2 on /postinstall with fs_type=erofs instead of ext4
[   19.426309] init: [libfs_mgr] mount_with_alternatives(): skipping fstab dup mountpoint=/postinstall rec[2].fs_type=ext4 already mounted as erofs
[   19.426622] init: [libfs_mgr] mount_with_alternatives(): skipping fstab dup mountpoint=/postinstall rec[3].fs_type=erofs already mounted as erofs
[   19.427036] init: [libfs_mgr] mount_with_alternatives(): skipping fstab dup mountpoint=/postinstall rec[4].fs_type=ext4 already mounted as erofs
[   19.427397] init: [libfs_mgr] mount_with_alternatives(): skipping fstab dup mountpoint=/postinstall rec[5].fs_type=erofs already mounted as erofs
[   19.449059] init: Unable to set property 'ro.crypto.state' from uid:0 gid:0 pid:1: Read-only property was already set
[   19.467939] init: starting service 'cppreopts'...
[   19.500018] libprocessgroup: Created cgroup /sys/fs/cgroup/system/uid_0/pid_897
[   19.519041] init: ... started service 'cppreopts' has pid 897
[   19.520308] init: SVC_EXEC service 'cppreopts' pid 897 (uid 0 gid 0+0 context default) started; waiting...
[   19.522038] init: Command 'exec_start cppreopts' action=ro.postinstall.fstab.prefix=/system && sys.cppreopt=requested (/system/etc/init/cppreopts.rc:28) took 54ms and succeeded
[   19.907891] servicemanager: Caller(pid=681,uid=1041,sid=u:r:audioserver:s0) Since 'activity' could not be found trying to start it as a lazy AIDL service. (if it's not configured to be a lazy service, it may be stuck starting or still starting).
[   20.277561] init: Control message: Could not find 'aidl/activity' for ctl.interface_start from pid: 395 (/system/bin/servicemanager)
[   20.296400] servicemanager: Caller(pid=681,uid=1041,sid=u:r:audioserver:s0) Tried to start aidl service activity as a lazy service, but was unable to. Usually this happens when a service is not installed, but if the service is intended to be used as a lazy service, then it may be configured incorrectly.
[   21.308406] servicemanager: Caller(pid=681,uid=1041,sid=u:r:audioserver:s0) Since 'activity' could not be found trying to start it as a lazy AIDL service. (if it's not configured to be a lazy service, it may be stuck starting or still starting).
[   21.449381] init: Control message: Could not find 'aidl/activity' for ctl.interface_start from pid: 395 (/system/bin/servicemanager)
[   21.452936] servicemanager: Caller(pid=681,uid=1041,sid=u:r:audioserver:s0) Tried to start aidl service activity as a lazy service, but was unable to. Usually this happens when a service is not installed, but if the service is intended to be used as a lazy service, then it may be configured incorrectly.
[   22.541005] servicemanager: Caller(pid=681,uid=1041,sid=u:r:audioserver:s0) Since 'activity' could not be found trying to start it as a lazy AIDL service. (if it's not configured to be a lazy service, it may be stuck starting or still starting).
[   23.326086] init: Control message: Could not find 'aidl/activity' for ctl.interface_start from pid: 395 (/system/bin/servicemanager)
[   23.326763] servicemanager: Caller(pid=681,uid=1041,sid=u:r:audioserver:s0) Tried to start aidl service activity as a lazy service, but was unable to. Usually this happens when a service is not installed, but if the service is intended to be used as a lazy service, then it may be configured incorrectly.
[   24.200945] servicemanager: Caller(pid=681,uid=1041,sid=u:r:audioserver:s0) Since 'activity' could not be found trying to start it as a lazy AIDL service. (if it's not configured to be a lazy service, it may be stuck starting or still starting).
[   24.662144] init: Control message: Could not find 'aidl/activity' for ctl.interface_start from pid: 395 (/system/bin/servicemanager)
[   24.819822] servicemanager: Caller(pid=681,uid=1041,sid=u:r:audioserver:s0) Tried to start aidl service activity as a lazy service, but was unable to. Usually this happens when a service is not installed, but if the service is intended to be used as a lazy service, then it may be configured incorrectly.
[   25.994806] servicemanager: Caller(pid=681,uid=1041,sid=u:r:audioserver:s0) Since 'activity' could not be found trying to start it as a lazy AIDL service. (if it's not configured to be a lazy service, it may be stuck starting or still starting).
[   26.077213] init: Control message: Could not find 'aidl/activity' for ctl.interface_start from pid: 395 (/system/bin/servicemanager)
[   26.080170] servicemanager: Caller(pid=681,uid=1041,sid=u:r:audioserver:s0) Tried to start aidl service activity as a lazy service, but was unable to. Usually this happens when a service is not installed, but if the service is intended to be used as a lazy service, then it may be configured incorrectly.
[   27.003647] servicemanager: Caller(pid=681,uid=1041,sid=u:r:audioserver:s0) Since 'activity' could not be found trying to start it as a lazy AIDL service. (if it's not configured to be a lazy service, it may be stuck starting or still starting).
[   27.006602] init: Control message: Could not find 'aidl/activity' for ctl.interface_start from pid: 395 (/system/bin/servicemanager)
[   27.015353] servicemanager: Caller(pid=681,uid=1041,sid=u:r:audioserver:s0) Tried to start aidl service activity as a lazy service, but was unable to. Usually this happens when a service is not installed, but if the service is intended to be used as a lazy service, then it may be configured incorrectly.
[   28.029777] servicemanager: Caller(pid=681,uid=1041,sid=u:r:audioserver:s0) Since 'activity' could not be found trying to start it as a lazy AIDL service. (if it's not configured to be a lazy service, it may be stuck starting or still starting).
[   28.151861] init: Control message: Could not find 'aidl/activity' for ctl.interface_start from pid: 395 (/system/bin/servicemanager)
[   28.397161] servicemanager: Caller(pid=681,uid=1041,sid=u:r:audioserver:s0) Tried to start aidl service activity as a lazy service, but was unable to. Usually this happens when a service is not installed, but if the service is intended to be used as a lazy service, then it may be configured incorrectly.
[   28.437261] init: Service 'cppreopts' (pid 897) exited with status 0 waiting took 8.940000 seconds
[   28.448953] init: Sending SIGKILL to service 'cppreopts' (pid 897) process group...
[   28.449430] libprocessgroup: Removed cgroup /sys/fs/cgroup/system/uid_0/pid_897
[   28.451677] init: starting service 'exec 18 (/system/bin/preloads_copy.sh /postinstall)'...
[   28.454952] libprocessgroup: Created cgroup /sys/fs/cgroup/system/uid_1000/pid_2343
[   28.499465] init: ... started service 'exec 18 (/system/bin/preloads_copy.sh /postinstall)' has pid 2343
[   28.499854] init: SVC_EXEC service 'exec 18 (/system/bin/preloads_copy.sh /postinstall)' pid 2343 (uid 1000 gid 1000+0 context default) started; waiting...
[   28.565800] init: Service 'exec 18 (/system/bin/preloads_copy.sh /postinstall)' (pid 2343) exited with status 0 waiting took 0.112000 seconds
[   28.567515] init: Sending SIGKILL to service 'exec 18 (/system/bin/preloads_copy.sh /postinstall)' (pid 2343) process group...
[   28.570025] libprocessgroup: Removed cgroup /sys/fs/cgroup/system/uid_1000/pid_2343
[   28.584870] init: processing action (nonencrypted) from (/system/etc/init/hw/init.rc:1227)
[   28.585896] init: service 'zygote' requested start, but it is already running (flags: 4, pid: 594, started 16436ms ago)
[   28.587117] init: service 'cameraserver' requested start, but it is already running (flags: 4, pid: 722, started 14270ms ago)
[   28.591048] init: service 'drm' requested start, but it is already running (flags: 132, pid: 701, started 14658ms ago)
[   28.592270] init: service 'idmap2d' requested start, but it is already running (flags: 4, pid: 725, started 14244ms ago)
[   28.593521] init: service 'incidentd' requested start, but it is already running (flags: 4, pid: 726, started 14233ms ago)
[   28.593802] init: service 'installd' requested start, but it is already running (flags: 4, pid: 728, started 14213ms ago)
[   28.594048] init: service 'mediaextractor' requested start, but it is already running (flags: 4, pid: 730, started 14193ms ago)
[   28.597207] init: service 'mediametrics' requested start, but it is already running (flags: 4, pid: 732, started 14167ms ago)
[   28.599757] init: service 'media' requested start, but it is already running (flags: 4, pid: 733, started 14148ms ago)
[   28.600020] init: service 'netd' requested start, but it is already running (flags: 132, pid: 592, started 16467ms ago)
[   28.602112] init: service 'storaged' requested start, but it is already running (flags: 4, pid: 735, started 14135ms ago)
[   28.603834] init: service 'seriallogging' requested start, but it is already running (flags: 4, pid: 737, started 14118ms ago)
[   28.628423] init: service 'media.swcodec' requested start, but it is already running (flags: 4, pid: 738, started 14132ms ago)
[   28.629288] init: service 'statsd' requested start, but it is already running (flags: 4, pid: 593, started 16492ms ago)
[   28.630818] init: service 'vendor.ril-daemon' requested start, but it is already running (flags: 4, pid: 740, started 14120ms ago)
[   28.631080] init: service 'gatekeeperd' requested start, but it is already running (flags: 4, pid: 743, started 14029ms ago)
[   28.634689] init: service 'traced' requested start, but it is already running (flags: 132, pid: 713, started 14436ms ago)
[   28.637017] init: service 'traced_probes' requested start, but it is already running (flags: 132, pid: 712, started 14477ms ago)
[   28.637303] init: service 'update_engine' requested start, but it is already running (flags: 4, pid: 744, started 13950ms ago)
[   28.637619] init: service 'tombstone_transmit' requested start, but it is already running (flags: 4, pid: 749, started 13841ms ago)
[   28.649459] apexd: getAllPackages received by ApexService
[   29.155226] servicemanager: Caller(pid=681,uid=1041,sid=u:r:audioserver:s0) Since 'activity' could not be found trying to start it as a lazy AIDL service. (if it's not configured to be a lazy service, it may be stuck starting or still starting).
[   29.161439] init: Control message: Could not find 'aidl/activity' for ctl.interface_start from pid: 395 (/system/bin/servicemanager)
[   29.161968] servicemanager: Caller(pid=681,uid=1041,sid=u:r:audioserver:s0) Tried to start aidl service activity as a lazy service, but was unable to. Usually this happens when a service is not installed, but if the service is intended to be used as a lazy service, then it may be configured incorrectly.
[   30.157796] servicemanager: Caller(pid=681,uid=1041,sid=u:r:audioserver:s0) Since 'activity' could not be found trying to start it as a lazy AIDL service. (if it's not configured to be a lazy service, it may be stuck starting or still starting).
[   30.162383] init: Control message: Could not find 'aidl/activity' for ctl.interface_start from pid: 395 (/system/bin/servicemanager)
[   30.164123] servicemanager: Caller(pid=681,uid=1041,sid=u:r:audioserver:s0) Tried to start aidl service activity as a lazy service, but was unable to. Usually this happens when a service is not installed, but if the service is intended to be used as a lazy service, then it may be configured incorrectly.
[   30.747279] libbinder.BpBinder: onLastStrongRef automatically unlinking death recipients for binder (0x750db4a138b0) with descriptor: '(not cached)'
[   30.760194] servicemanager: Caller(pid=681,uid=1041,sid=u:r:audioserver:s0) Since 'sensor_privacy' could not be found trying to start it as a lazy AIDL service. (if it's not configured to be a lazy service, it may be stuck starting or still starting).
[   30.765815] init: Control message: Could not find 'aidl/sensor_privacy' for ctl.interface_start from pid: 395 (/system/bin/servicemanager)
[   30.768376] servicemanager: Caller(pid=681,uid=1041,sid=u:r:audioserver:s0) Tried to start aidl service sensor_privacy as a lazy service, but was unable to. Usually this happens when a service is not installed, but if the service is intended to be used as a lazy service, then it may be configured incorrectly.
[   30.882557] servicemanager: Caller(pid=832,uid=1000,sid=u:r:system_server:s0) Found android.hardware.health.IHealth/default in device VINTF manifest.
[   30.890674] servicemanager: Caller(pid=832,uid=1000,sid=u:r:system_server:s0) Found android.hardware.sensors.ISensors/default in device VINTF manifest.
[   30.890986] libbinder.BpBinder: onLastStrongRef automatically unlinking death recipients for binder (0x750db4a18660) with descriptor: '(not cached)'
[   30.898418] healthd: battery none chg=
[   31.154280] servicemanager: Caller(pid=832,uid=1000,sid=u:r:system_server:s0) Found android.hardware.power.IPower/default in device VINTF manifest.
[   31.167789] servicemanager: Caller(pid=832,uid=1000,sid=u:r:system_server:s0) Found android.hardware.vibrator.IVibratorManager/default in device VINTF manifest.
[   31.173729] servicemanager: Caller(pid=832,uid=1000,sid=u:r:system_server:s0) Found android.hardware.vibrator.IVibratorManager/default in device VINTF manifest.
[   31.182601] servicemanager: Caller(pid=832,uid=1000,sid=u:r:system_server:s0) Found android.hardware.vibrator.IVibratorManager/default in device VINTF manifest.
[   31.190634] servicemanager: Caller(pid=832,uid=1000,sid=u:r:system_server:s0) Found android.frameworks.vibrator.IVibratorControlService/default in framework VINTF manifest.
[   31.192189] servicemanager: Caller(pid=832,uid=1000,sid=u:r:system_server:s0) Found android.frameworks.vibrator.IVibratorControlService/default in framework VINTF manifest.
[   31.194575] servicemanager: Caller(pid=832,uid=1000,sid=u:r:system_server:s0) Found android.hardware.ir.IConsumerIr/default in device VINTF manifest.
[   31.323500] servicemanager: Caller(pid=832,uid=1000,sid=u:r:system_server:s0) Found android.frameworks.devicestate.IDeviceStateService/default in framework VINTF manifest.
[   31.324565] servicemanager: Caller(pid=832,uid=1000,sid=u:r:system_server:s0) Found android.frameworks.devicestate.IDeviceStateService/default in framework VINTF manifest.
[   31.491439] servicemanager: Caller(pid=832,uid=1000,sid=u:r:system_server:s0) Found android.frameworks.sensorservice.ISensorManager/default in framework VINTF manifest.
[   31.625785] init: processing action (sys.sysctl.extra_free_kbytes=*) from (/system/etc/init/hw/init.rc:1246)
[   31.626258] init: starting service 'exec 19 (/system/bin/extra_free_kbytes.sh 11373)'...
[   31.634224] libprocessgroup: Created cgroup /sys/fs/cgroup/system/uid_0/pid_2401
[   31.645818] init: ... started service 'exec 19 (/system/bin/extra_free_kbytes.sh 11373)' has pid 2401
[   31.751655] servicemanager: Caller(pid=832,uid=1000,sid=u:r:system_server:s0) Since 'artd' could not be found trying to start it as a lazy AIDL service. (if it's not configured to be a lazy service, it may be stuck starting or still starting).
[   31.752905] init: starting service 'artd'...
[   31.755080] libprocessgroup: Created cgroup /sys/fs/cgroup/system/uid_1082
[   31.756323] libprocessgroup: Created cgroup /sys/fs/cgroup/system/uid_1082/pid_2417
[   31.769650] init: ... started service 'artd' has pid 2417
[   31.777922] init: Control message: Processed ctl.interface_start for 'aidl/artd' from pid: 395 (/system/bin/servicemanager)
[   31.835163] servicemanager: Notifying artd they do (previously: don't) have clients when service is guaranteed to be in use
[   31.838692] libbinder.BpBinder: onLastStrongRef automatically unlinking death recipients for binder (0x750db4a1d360) with descriptor: '(not cached)'
[   31.862504] init: Service 'exec 19 (/system/bin/extra_free_kbytes.sh 11373)' (pid 2401) exited with status 0 oneshot service took 0.228000 seconds in background
[   31.888719] init: Sending SIGKILL to service 'exec 19 (/system/bin/extra_free_kbytes.sh 11373)' (pid 2401) process group...
[   31.889817] libprocessgroup: Removed cgroup /sys/fs/cgroup/system/uid_0/pid_2401
[   33.761943] servicemanager: Notifying apexservice they don't (previously: do) have clients when we now have no record of a client
[   33.816797] libbinder.AidlLazyServiceRegistrar: Process has 0 (of 1 available) client(s) in use after notification apexservice has clients: 0
[   33.818725] libbinder.AidlLazyServiceRegistrar: Shutdown prevented by forcePersist override flag.
[   39.515566] servicemanager: Caller(pid=410,uid=0,sid=u:r:vold:s0) Found android.system.suspend.ISystemSuspend/default in framework VINTF manifest.
[   39.535871] servicemanager: Caller(pid=832,uid=1000,sid=u:r:system_server:s0) Found android.hardware.oemlock.IOemLock/default in device VINTF manifest.
[   39.537373] servicemanager: Caller(pid=832,uid=1000,sid=u:r:system_server:s0) Found android.hardware.oemlock.IOemLock/default in device VINTF manifest.
[   39.827726] servicemanager: Caller(pid=832,uid=1000,sid=u:r:system_server:s0) Found android.hardware.wifi.IWifi/default in device VINTF manifest.
[   39.832937] servicemanager: Caller(pid=832,uid=1000,sid=u:r:system_server:s0) Found android.hardware.wifi.supplicant.ISupplicant/default in device VINTF manifest.
[   39.838283] servicemanager: Caller(pid=832,uid=1000,sid=u:r:system_server:s0) Found android.hardware.wifi.supplicant.ISupplicant/default in device VINTF manifest.
[   40.253236] servicemanager: Caller(pid=832,uid=1000,sid=u:r:system_server:s0) Found android.frameworks.location.altitude.IAltitudeService/default in framework VINTF manifest.
[   40.414114] servicemanager: Caller(pid=832,uid=1000,sid=u:r:system_server:s0) Could not find android.hardware.soundtrigger3.ISoundTriggerHw/default in the VINTF manifest. No alternative instances declared in VINTF.
[   40.465760] servicemanager: Caller(pid=832,uid=1000,sid=u:r:system_server:s0) Found android.hardware.thermal.IThermal/default in device VINTF manifest.
[   40.469979] servicemanager: Caller(pid=832,uid=1000,sid=u:r:system_server:s0) Could not find android.hardware.usb.gadget.IUsbGadget/default in the VINTF manifest. No alternative instances declared in VINTF.
[   40.494206] servicemanager: Caller(pid=832,uid=1000,sid=u:r:system_server:s0) Found android.hardware.usb.IUsb/default in device VINTF manifest.
[   40.508106] servicemanager: Caller(pid=832,uid=1000,sid=u:r:system_server:s0) Found android.hardware.contexthub.IContextHub/default in device VINTF manifest.
[   40.684270] servicemanager: Caller(pid=832,uid=1000,sid=u:r:system_server:s0) Found android.hardware.biometrics.face.IFace/default in device VINTF manifest.
[   40.685067] servicemanager: Caller(pid=832,uid=1000,sid=u:r:system_server:s0) Since 'android.hardware.biometrics.face.IFace/default' could not be found trying to start it as a lazy AIDL service. (if it's not configured to be a lazy service, it may be stuck starting or still starting).
[   40.686113] servicemanager: Caller(pid=832,uid=1000,sid=u:r:system_server:s0) Found android.hardware.biometrics.fingerprint.IFingerprint/default in device VINTF manifest.
[   40.689735] init: starting service 'vendor.face-default'...
[   40.691131] servicemanager: Caller(pid=832,uid=1000,sid=u:r:system_server:s0) Since 'android.hardware.biometrics.fingerprint.IFingerprint/default' could not be found trying to start it as a lazy AIDL service. (if it's not configured to be a lazy service, it may be stuck starting or still starting).
[   40.697778] libprocessgroup: Created cgroup /sys/fs/cgroup/system/uid_9999/pid_2595
[   40.707697] init: ... started service 'vendor.face-default' has pid 2595
[   40.707944] init: Control message: Processed ctl.interface_start for 'aidl/android.hardware.biometrics.face.IFace/default' from pid: 395 (/system/bin/servicemanager)
[   40.709000] init: starting service 'vendor.fingerprint-default'...
[   40.710353] libprocessgroup: Created cgroup /sys/fs/cgroup/system/uid_9999/pid_2597
[   40.712971] init: ... started service 'vendor.fingerprint-default' has pid 2597
[   40.713252] init: Control message: Processed ctl.interface_start for 'aidl/android.hardware.biometrics.fingerprint.IFingerprint/default' from pid: 395 (/system/bin/servicemanager)
[   40.793235] servicemanager: Caller(pid=2597,uid=9999,sid=u:r:hal_fingerprint_default:s0) Found android.hardware.biometrics.fingerprint.IFingerprint/default in device VINTF manifest.
[   40.803660] servicemanager: Notifying android.hardware.biometrics.fingerprint.IFingerprint/default they do (previously: don't) have clients when service is guaranteed to be in use
[   40.828108] libbinder.BpBinder: onLastStrongRef automatically unlinking death recipients for binder (0x750db4a24fd0) with descriptor: '(not cached)'
[   40.861805] init: Sending SIGKILL to service 'idmap2d' (pid 725) process group...
[   40.865827] servicemanager: Caller(pid=2595,uid=9999,sid=u:r:hal_face_default:s0) Found android.hardware.biometrics.face.IFace/default in device VINTF manifest.
[   40.885464] servicemanager: Caller(pid=832,uid=1000,sid=u:r:system_server:s0) Found android.hardware.biometrics.fingerprint.IFingerprint/default in device VINTF manifest.
[   40.886813] libprocessgroup: Removed cgroup /sys/fs/cgroup/system/uid_1000/pid_725
[   40.890116] libbinder.BpBinder: onLastStrongRef automatically unlinking death recipients for binder (0x750db4a23b30) with descriptor: '(not cached)'
[   40.909146] init: Control message: Processed ctl.stop for 'idmap2d' from pid: 832 (system_server)
[   40.918060] init: Service 'idmap2d' (pid 725) received SIGKILL
[   40.919061] servicemanager: Notifying android.hardware.biometrics.face.IFace/default they do (previously: don't) have clients when we now have a record of a client
[   40.933960] init: Sending SIGKILL to service 'idmap2d' (pid 725) process group...
[   40.944603] libprocessgroup: Failed to write 1 to /sys/fs/cgroup/system/uid_1000/pid_725/cgroup.kill: No such file or directory
[   40.975978] servicemanager: Caller(pid=832,uid=1000,sid=u:r:system_server:s0) Found android.hardware.biometrics.face.IFace/default in device VINTF manifest.
[   41.047094] servicemanager: Caller(pid=832,uid=1000,sid=u:r:system_server:s0) Found android.hardware.authsecret.IAuthSecret/default in device VINTF manifest.
[   41.352323] servicemanager: Caller(pid=832,uid=1000,sid=u:r:system_server:s0) Found android.hardware.wifi.IWifi/default in device VINTF manifest.
[   41.384712] servicemanager: Caller(pid=832,uid=1000,sid=u:r:system_server:s0) Since 'ot_daemon' could not be found trying to start it as a lazy AIDL service. (if it's not configured to be a lazy service, it may be stuck starting or still starting).
[   41.388366] init: starting service 'ot-daemon'...
[   41.390314] init: Created socket '/dev/socket/ot-daemon/thread-wpan.sock', mode 660, user 1084, group 1084
[   41.399202] libprocessgroup: Created cgroup /sys/fs/cgroup/system/uid_1084/pid_2620
[   41.409888] init: ... started service 'ot-daemon' has pid 2620
[   41.410151] init: Control message: Processed ctl.interface_start for 'aidl/ot_daemon' from pid: 395 (/system/bin/servicemanager)
[   41.419723] servicemanager: Caller(pid=832,uid=1000,sid=u:r:system_server:s0) Found android.hardware.health.IHealth/default in device VINTF manifest.
[   41.635048] servicemanager: Notifying ot_daemon they do (previously: don't) have clients when service is guaranteed to be in use
[   41.642727] libbinder.BpBinder: onLastStrongRef automatically unlinking death recipients for binder (0x750db4a28c50) with descriptor: '(not cached)'
[   41.653002] servicemanager: Notifying apexservice they do (previously: don't) have clients when service is guaranteed to be in use
[   41.653915] libbinder.AidlLazyServiceRegistrar: Process has 1 (of 1 available) client(s) in use after notification apexservice has clients: 1
[   41.656516] libbinder.AidlLazyServiceRegistrar: Shutdown prevented by forcePersist override flag.
[   41.660907] apexd: getSessions() received by ApexService
[   41.785322] init: starting service 'idmap2d'...
[   41.787349] servicemanager: Caller(pid=832,uid=1000,sid=u:r:system_server:s0) Found android.hardware.bluetooth.lmp_event.IBluetoothLmpEvent/default in device VINTF manifest.
[   41.789705] libprocessgroup: Created cgroup /sys/fs/cgroup/system/uid_1000/pid_2631
[   41.800037] init: ... started service 'idmap2d' has pid 2631
[   41.800351] init: Control message: Processed ctl.start for 'idmap2d' from pid: 832 (system_server)
[   42.057311] servicemanager: Caller(pid=832,uid=1000,sid=u:r:system_server:s0) Found android.hardware.thermal.IThermal/default in device VINTF manifest.
[   42.067669] servicemanager: Caller(pid=832,uid=1000,sid=u:r:system_server:s0) Found android.hardware.input.processor.IInputProcessor/default in device VINTF manifest.
[   42.232712] type=1325 audit(1790844760.415:189): table=filter family=2 entries=81 op=xt_replace subj=u:r:netd:s0 comm="iptables-restor"
[   42.233313] type=1300 audit(1790844760.415:189): arch=c000003e syscall=54 success=yes exit=0 a0=4 a1=0 a2=40 a3=7493bec16430 items=0 ppid=592 auid=4294967295 uid=0 gid=0 euid=0 suid=0 fsuid=0 egid=0 sgid=0 fsgid=0 tty=(none) ses=4294967295 comm="iptables-restor" exe="/system/bin/iptables" subj=u:r:netd:s0 key=(null)
[   42.234576] type=1327 audit(1790844760.415:189): proctitle=2F73797374656D2F62696E2F69707461626C65732D726573746F7265002D2D6E6F666C757368002D77002D76
[   42.234929] type=1320 audit(1790844760.415:189): 
[   42.235809] type=1325 audit(1790844760.419:190): table=filter family=10 entries=81 op=xt_replace subj=u:r:netd:s0 comm="ip6tables-resto"
[   42.241349] type=1300 audit(1790844760.419:190): arch=c000003e syscall=54 success=yes exit=0 a0=4 a1=29 a2=40 a3=7a6557417940 items=0 ppid=592 auid=4294967295 uid=0 gid=0 euid=0 suid=0 fsuid=0 egid=0 sgid=0 fsgid=0 tty=(none) ses=4294967295 comm="ip6tables-resto" exe="/system/bin/iptables" subj=u:r:netd:s0 key=(null)
[   42.242505] type=1327 audit(1790844760.419:190): proctitle=2F73797374656D2F62696E2F6970367461626C65732D726573746F7265002D2D6E6F666C757368002D77002D76
[   42.243486] type=1320 audit(1790844760.419:190): 
[   42.621677] servicemanager: Caller(pid=832,uid=1000,sid=u:r:system_server:s0) Found android.hardware.gnss.IGnss/default in device VINTF manifest.
[   42.703793] servicemanager: Caller(pid=832,uid=1000,sid=u:r:system_server:s0) Found android.hardware.media.c2.IComponentStore/software in framework VINTF manifest.
[   43.744294] servicemanager: Notifying apexservice they don't (previously: do) have clients when we now have no record of a client
[   43.745523] libbinder.AidlLazyServiceRegistrar: Process has 0 (of 1 available) client(s) in use after notification apexservice has clients: 0
[   43.765998] libbinder.AidlLazyServiceRegistrar: Shutdown prevented by forcePersist override flag.
[   43.858523] servicemanager: Caller(pid=832,uid=1000,sid=u:r:system_server:s0) Could not find android.hardware.weaver.IWeaver/default in the VINTF manifest. No alternative instances declared in VINTF.
[   44.405300] servicemanager: Caller(pid=2784,uid=1068,sid=u:r:secure_element:s0:c44,c260,c512,c768) Found android.hardware.secure_element.ISecureElement/eSE1 in device VINTF manifest.
[   44.480621] servicemanager: Caller(pid=2784,uid=1068,sid=u:r:secure_element:s0:c44,c260,c512,c768) Could not find android.hardware.secure_element.ISecureElement/eSE2 in the VINTF manifest. VINTF declared instances: eSE1.
[   44.503967] servicemanager: Caller(pid=2784,uid=1068,sid=u:r:secure_element:s0:c44,c260,c512,c768) Could not find android.hardware.secure_element.ISecureElement/SIM1 in the VINTF manifest. VINTF declared instances: eSE1.
[   44.728981] servicemanager: Caller(pid=2817,uid=10085,sid=u:r:platform_app:s0:c512,c768) Found android.hardware.graphics.allocator.IAllocator/default in device VINTF manifest.
[   44.731124] android.hardware.gatekeeper-service.nonsecure: deleteAllUsers is unimplemented
[   44.732773] servicemanager: Caller(pid=2817,uid=10085,sid=u:r:platform_app:s0:c512,c768) Found android.hardware.graphics.allocator.IAllocator/default in device VINTF manifest.
[   44.733780] servicemanager: Caller(pid=2817,uid=10085,sid=u:r:platform_app:s0:c512,c768) Found mapper/minigbm in device VINTF manifest.
[   45.052779] servicemanager: Caller(pid=2854,uid=1000,sid=u:r:system_app:s0) Found android.hardware.graphics.allocator.IAllocator/default in device VINTF manifest.
[   45.140064] servicemanager: Caller(pid=2854,uid=1000,sid=u:r:system_app:s0) Found android.hardware.graphics.allocator.IAllocator/default in device VINTF manifest.
[   45.185622] servicemanager: Caller(pid=2854,uid=1000,sid=u:r:system_app:s0) Found mapper/minigbm in device VINTF manifest.
[   45.281025] servicemanager: Caller(pid=832,uid=1000,sid=u:r:system_server:s0) Found android.hardware.input.processor.IInputProcessor/default in device VINTF manifest.
[   45.340356] servicemanager: Caller(pid=2649,uid=10088,sid=u:r:platform_app:s0:c512,c768) Found android.hardware.graphics.allocator.IAllocator/default in device VINTF manifest.
[   45.381105] servicemanager: Caller(pid=2649,uid=10088,sid=u:r:platform_app:s0:c512,c768) Found android.hardware.graphics.allocator.IAllocator/default in device VINTF manifest.
[   45.431147] servicemanager: Caller(pid=2649,uid=10088,sid=u:r:platform_app:s0:c512,c768) Found mapper/minigbm in device VINTF manifest.
[   45.817291] servicemanager: Caller(pid=2782,uid=1027,sid=u:r:nfc:s0) Found android.system.suspend.ISystemSuspend/default in framework VINTF manifest.
[   46.759778] servicemanager: Caller(pid=2796,uid=1002,sid=u:r:bluetooth:s0) Found android.hardware.bluetooth.IBluetoothHci/default in device VINTF manifest.
[   46.818421] servicemanager: Caller(pid=2796,uid=1002,sid=u:r:bluetooth:s0) Found android.hardware.bluetooth.ranging.IBluetoothChannelSounding/default in device VINTF manifest.
[   47.153873] servicemanager: Caller(pid=2796,uid=1002,sid=u:r:bluetooth:s0) Found android.hardware.bluetooth.socket.IBluetoothSocket/lpp in device VINTF manifest.
[   47.204973] servicemanager: Caller(pid=2796,uid=1002,sid=u:r:bluetooth:s0) Found android.hardware.bluetooth.gatt.IBluetoothGatt/default in device VINTF manifest.
[   48.325834] servicemanager: Caller(pid=2796,uid=1002,sid=u:r:bluetooth:s0) Found android.hardware.bluetooth.audio.IBluetoothAudioProviderFactory/default in device VINTF manifest.
[   48.383937] servicemanager: Caller(pid=2796,uid=1002,sid=u:r:bluetooth:s0) Found android.hardware.bluetooth.audio.IBluetoothAudioProviderFactory/default in device VINTF manifest.
[   48.396233] servicemanager: Caller(pid=2796,uid=1002,sid=u:r:bluetooth:s0) Found android.hardware.bluetooth.audio.IBluetoothAudioProviderFactory/default in device VINTF manifest.
[   48.614566] servicemanager: Caller(pid=2796,uid=1002,sid=u:r:bluetooth:s0) Found android.hardware.bluetooth.audio.IBluetoothAudioProviderFactory/default in device VINTF manifest.
[   48.630639] servicemanager: Caller(pid=2796,uid=1002,sid=u:r:bluetooth:s0) Found android.hardware.bluetooth.audio.IBluetoothAudioProviderFactory/default in device VINTF manifest.
[   48.738806] servicemanager: Caller(pid=2796,uid=1002,sid=u:r:bluetooth:s0) Found android.hardware.bluetooth.audio.IBluetoothAudioProviderFactory/default in device VINTF manifest.
[   49.415657] servicemanager: Caller(pid=2796,uid=1002,sid=u:r:bluetooth:s0) Found android.hardware.bluetooth.audio.IBluetoothAudioProviderFactory/default in device VINTF manifest.
[   49.458335] servicemanager: Caller(pid=2796,uid=1002,sid=u:r:bluetooth:s0) Found android.hardware.bluetooth.audio.IBluetoothAudioProviderFactory/default in device VINTF manifest.
[   49.570154] servicemanager: Caller(pid=2789,uid=1001,sid=u:r:radio:s0) Found android.hardware.radio.data.IRadioData/slot1 in device VINTF manifest.
[   49.713921] servicemanager: Caller(pid=2789,uid=1001,sid=u:r:radio:s0) Found android.hardware.radio.data.IRadioData/slot1 in device VINTF manifest.
[   49.714591] servicemanager: Caller(pid=2789,uid=1001,sid=u:r:radio:s0) Found android.hardware.radio.messaging.IRadioMessaging/slot1 in device VINTF manifest.
[   49.717678] servicemanager: Caller(pid=2789,uid=1001,sid=u:r:radio:s0) Found android.hardware.radio.modem.IRadioModem/slot1 in device VINTF manifest.
[   49.721765] servicemanager: Caller(pid=2789,uid=1001,sid=u:r:radio:s0) Found android.hardware.radio.network.IRadioNetwork/slot1 in device VINTF manifest.
[   49.747035] servicemanager: Caller(pid=2789,uid=1001,sid=u:r:radio:s0) Found android.hardware.radio.sim.IRadioSim/slot1 in device VINTF manifest.
[   49.748569] servicemanager: Caller(pid=2789,uid=1001,sid=u:r:radio:s0) Found android.hardware.radio.voice.IRadioVoice/slot1 in device VINTF manifest.
[   49.762333] servicemanager: Caller(pid=2789,uid=1001,sid=u:r:radio:s0) Found android.hardware.radio.ims.IRadioIms/slot1 in device VINTF manifest.
[   49.773989] servicemanager: Caller(pid=2789,uid=1001,sid=u:r:radio:s0) Found android.hardware.radio.ims.IRadioIms/slot1 in device VINTF manifest.
[   49.854010] servicemanager: Caller(pid=2789,uid=1001,sid=u:r:radio:s0) Found android.hardware.radio.messaging.IRadioMessaging/slot1 in device VINTF manifest.
[   49.951033] servicemanager: Caller(pid=2789,uid=1001,sid=u:r:radio:s0) Found android.hardware.radio.data.IRadioData/slot1 in device VINTF manifest.
[   49.981292] servicemanager: Caller(pid=2789,uid=1001,sid=u:r:radio:s0) Found android.hardware.radio.voice.IRadioVoice/slot1 in device VINTF manifest.
[   49.984809] servicemanager: Caller(pid=2789,uid=1001,sid=u:r:radio:s0) Found android.hardware.radio.data.IRadioData/slot1 in device VINTF manifest.
[   50.014870] servicemanager: Caller(pid=2789,uid=1001,sid=u:r:radio:s0) Found android.hardware.radio.data.IRadioData/slot1 in device VINTF manifest.
[   50.085360] servicemanager: Caller(pid=2789,uid=1001,sid=u:r:radio:s0) Found android.hardware.radio.messaging.IRadioMessaging/slot1 in device VINTF manifest.
[   50.086840] servicemanager: Caller(pid=2789,uid=1001,sid=u:r:radio:s0) Found android.hardware.radio.messaging.IRadioMessaging/slot1 in device VINTF manifest.
[   50.220133] servicemanager: Caller(pid=2789,uid=1001,sid=u:r:radio:s0) Found android.hardware.radio.modem.IRadioModem/slot1 in device VINTF manifest.
[   50.264718] servicemanager: Caller(pid=2789,uid=1001,sid=u:r:radio:s0) Found android.hardware.radio.modem.IRadioModem/slot1 in device VINTF manifest.
[   50.272612] servicemanager: Caller(pid=2789,uid=1001,sid=u:r:radio:s0) Found android.hardware.radio.network.IRadioNetwork/slot1 in device VINTF manifest.
[   50.273799] servicemanager: Caller(pid=2789,uid=1001,sid=u:r:radio:s0) Found android.hardware.radio.network.IRadioNetwork/slot1 in device VINTF manifest.
[   50.279596] servicemanager: Caller(pid=2789,uid=1001,sid=u:r:radio:s0) Found android.hardware.radio.sim.IRadioSim/slot1 in device VINTF manifest.
[   50.315214] servicemanager: Caller(pid=2789,uid=1001,sid=u:r:radio:s0) Found android.hardware.radio.sim.IRadioSim/slot1 in device VINTF manifest.
[   50.326737] servicemanager: Caller(pid=2789,uid=1001,sid=u:r:radio:s0) Found android.hardware.radio.voice.IRadioVoice/slot1 in device VINTF manifest.
[   50.329560] servicemanager: Caller(pid=2789,uid=1001,sid=u:r:radio:s0) Found android.hardware.radio.voice.IRadioVoice/slot1 in device VINTF manifest.
[   50.334639] servicemanager: Caller(pid=2789,uid=1001,sid=u:r:radio:s0) Found android.hardware.radio.ims.IRadioIms/slot1 in device VINTF manifest.
[   50.496703] servicemanager: Caller(pid=2796,uid=1002,sid=u:r:bluetooth:s0) Found android.hardware.bluetooth.audio.IBluetoothAudioProviderFactory/default in device VINTF manifest.
[   50.749299] servicemanager: Caller(pid=2789,uid=1001,sid=u:r:radio:s0) Found android.hardware.radio.ims.IRadioIms/slot1 in device VINTF manifest.
[   50.816563] servicemanager: Caller(pid=2789,uid=1001,sid=u:r:radio:s0) Found android.hardware.radio.ims.IRadioIms/slot1 in device VINTF manifest.
[   50.932368] servicemanager: Caller(pid=2789,uid=1001,sid=u:r:radio:s0) Found android.hardware.radio.config.IRadioConfig/default in device VINTF manifest.
[   51.917354] init: Sending SIGKILL to service 'idmap2d' (pid 2631) process group...
[   51.935370] libprocessgroup: Removed cgroup /sys/fs/cgroup/system/uid_1000/pid_2631
[   51.940442] init: Control message: Processed ctl.stop for 'idmap2d' from pid: 832 (system_server)
[   51.951587] init: Service 'idmap2d' (pid 2631) received SIGKILL
[   51.956372] init: Sending SIGKILL to service 'idmap2d' (pid 2631) process group...
[   51.961710] libprocessgroup: Failed to write 1 to /sys/fs/cgroup/system/uid_1000/pid_2631/cgroup.kill: No such file or directory
[   52.220689] init: Service 'bootanim' (pid 803) exited with status 0 oneshot service took 36.389000 seconds in background
[   52.230567] init: Sending SIGKILL to service 'bootanim' (pid 803) process group...
[   52.242807] libprocessgroup: Removed cgroup /sys/fs/cgroup/system/uid_1003/pid_803
[   52.351696] servicemanager: Caller(pid=685,uid=1000,sid=u:r:surfaceflinger:s0) Found android.hardware.power.IPower/default in device VINTF manifest.
[   52.380677] servicemanager: Caller(pid=2959,uid=10084,sid=u:r:priv_app:s0:c512,c768) Found android.hardware.graphics.allocator.IAllocator/default in device VINTF manifest.
[   52.445729] servicemanager: Caller(pid=2959,uid=10084,sid=u:r:priv_app:s0:c512,c768) Found android.hardware.graphics.allocator.IAllocator/default in device VINTF manifest.
[   52.538783] servicemanager: Caller(pid=2959,uid=10084,sid=u:r:priv_app:s0:c512,c768) Found mapper/minigbm in device VINTF manifest.
[   52.553139] servicemanager: Caller(pid=410,uid=0,sid=u:r:vold:s0) Found android.hardware.boot.IBootControl/default in device VINTF manifest.
[   52.830940] F2FS-fs (dm-17): Preserve previous reserve_root=32768
[   52.831516] F2FS-fs (dm-17): f2fs_enable_checkpoint() starts, meta: 8, node: 1871, data: 1941
[   53.264656] F2FS-fs (dm-17): sync_inode_sb done, dirty_data: 0, 1941, skipped write: 0, 0, retry: 3
[   53.553737] init: starting service 'idmap2d'...
[   53.616087] F2FS-fs (dm-17): f2fs_enable_checkpoint() finishes, writeback:434, sync:350
[   53.678754] libprocessgroup: Created cgroup /sys/fs/cgroup/system/uid_1000/pid_3080
[   53.731168] init: ... started service 'idmap2d' has pid 3080
[   53.735013] init: Control message: Processed ctl.start for 'idmap2d' from pid: 832 (system_server)
[   53.754622] init: processing action (vold.checkpoint_committed=1) from (/system/etc/init/hw/init.rc:1086)
[   55.083263] init: starting service 'mdnsd'...
[   55.085859] init: Created socket '/dev/socket/mdnsd', mode 660, user 1020, group 3003
[   55.121337] servicemanager: Notifying apexservice they do (previously: don't) have clients when service is guaranteed to be in use
[   55.147559] apexd: markBootCompleted() received by ApexService
[   55.162989] libprocessgroup: Created cgroup /sys/fs/cgroup/system/uid_1020
[   55.165588] libbinder.AidlLazyServiceRegistrar: Process has 1 (of 1 available) client(s) in use after notification apexservice has clients: 1
[   55.170326] libprocessgroup: Created cgroup /sys/fs/cgroup/system/uid_1020/pid_3093
[   55.173260] libbinder.AidlLazyServiceRegistrar: Shutdown prevented by forcePersist override flag.
[   55.282243] init: ... started service 'mdnsd' has pid 3093
[   55.286906] init: Control message: Processed ctl.start for 'mdnsd' from pid: 698 (/apex/com.android.adbd/bin/adbd --root_seclabel=u:r:su:s0 --tim_seclabel=u:r:adbd_tradeinmode:s0)
[   55.404215] init: processing action (sys.boot_completed=1) from (/system/etc/init/hw/init.rc:1237)
[   55.469454] init: starting service 'exec 20 (/bin/rm -rf /data/per_boot)'...
[   55.525054] libprocessgroup: Created cgroup /sys/fs/cgroup/system/uid_1000/pid_3105
[   55.538673] init: ... started service 'exec 20 (/bin/rm -rf /data/per_boot)' has pid 3105
[   55.539510] init: SVC_EXEC service 'exec 20 (/bin/rm -rf /data/per_boot)' pid 3105 (uid 1000 gid 1000+0 context default) started; waiting...
[   55.553435] init: Command 'exec - system system -- /bin/rm -rf /data/per_boot' action=sys.boot_completed=1 (/system/etc/init/hw/init.rc:1240) took 84ms and succeeded
[   55.781755] init: Service 'exec 20 (/bin/rm -rf /data/per_boot)' (pid 3105) exited with status 0 waiting took 0.282000 seconds
[   55.791112] init: Sending SIGKILL to service 'exec 20 (/bin/rm -rf /data/per_boot)' (pid 3105) process group...
[   55.822340] libprocessgroup: Removed cgroup /sys/fs/cgroup/system/uid_1000/pid_3105
[   55.832307] init: Encryption policy of /data/per_boot set to 07f3d4d7b675d9efe5382b9d7962cb17 v2 modes 1/10 flags 0xa
[   55.865575] init: processing action (sys.boot_completed=1) from (/system/etc/init/atrace.rc:558)
[   55.866051] init: processing action (sys.boot_completed=1 && sys.bootstat.first_boot_completed=0) from (/system/etc/init/bootstat.rc:67)
[   55.878227] init: starting service 'exec 21 (/system/bin/bootstat --record_boot_complete --record_boot_reason --record_time_since_factory_reset -l)'...
[   55.937906] libprocessgroup: Created cgroup /sys/fs/cgroup/system/uid_1000/pid_3123
[   56.033391] init: ... started service 'exec 21 (/system/bin/bootstat --record_boot_complete --record_boot_reason --record_time_since_factory_reset -l)' has pid 3123
[   56.134381] init: Command 'exec_background - system log -- /system/bin/bootstat --record_boot_complete --record_boot_reason --record_time_since_factory_reset -l' action=sys.boot_completed=1 && sys.bootstat.first_boot_completed=0 (/system/etc/init/bootstat.rc:72) took 256ms and succeeded
[   56.286818] init: Service 'exec 21 (/system/bin/bootstat --record_boot_complete --record_boot_reason --record_time_since_factory_reset -l)' (pid 3123) exited with status 0 oneshot service took 0.349000 seconds in background
[   56.432254] init: Sending SIGKILL to service 'exec 21 (/system/bin/bootstat --record_boot_complete --record_boot_reason --record_time_since_factory_reset -l)' (pid 3123) process group...
[   56.441203] libprocessgroup: Removed cgroup /sys/fs/cgroup/system/uid_1000/pid_3123
[   56.573055] init: Command 'setprop sys.bootstat.first_boot_completed 1' action=sys.boot_completed=1 && sys.bootstat.first_boot_completed=0 (/system/etc/init/bootstat.rc:73) took 53ms and succeeded
[   56.742170] init: processing action (sys.boot_completed=1) from (/system/etc/init/dmesgd.rc:4)
[   56.756394] init: processing action (sys.boot_completed=1) from (/system/etc/init/flags_health_check.rc:7)
[   56.794093] init: processing action (persist.dbg.keep_debugfs_mounted= && ro.product.debugfs_restrictions.enabled=true && sys.boot_completed=1) from (/system/etc/init/init-debug.rc:15)
[   56.798122] init: processing action (sys.boot_completed=1) from (/system/etc/init/lmkd.rc:13)
[   56.798616] init: starting service 'exec 22 (/system/bin/lmkd --boot_completed)'...
[   56.819665] libprocessgroup: Created cgroup /sys/fs/cgroup/system/uid_0/pid_3169
[   56.999200] init: ... started service 'exec 22 (/system/bin/lmkd --boot_completed)' has pid 3169
[   57.006496] init: Command 'exec_background /system/bin/lmkd --boot_completed' action=sys.boot_completed=1 (/system/etc/init/lmkd.rc:14) took 208ms and succeeded
[   57.009765] init: processing action (sys.boot_completed=1) from (/system/etc/init/logd.rc:34)
[   57.013118] init: starting service 'logd-auditctl'...
[   57.030561] libprocessgroup: Created cgroup /sys/fs/cgroup/system/uid_1036/pid_3175
[   57.048049] init: ... started service 'logd-auditctl' has pid 3175
[   57.050230] init: processing action (sys.boot_completed=1) from (/system/etc/init/mmd.rc:20)
[   57.065846] type=1305 audit(1790844775.247:191): op=set audit_rate_limit=5 old=0 auid=4294967295 ses=4294967295 subj=u:r:auditctl:s0 res=1
[   57.069120] type=1300 audit(1790844775.247:191): arch=c000003e syscall=44 success=yes exit=60 a0=3 a1=7fff76ac3048 a2=3c a3=0 items=0 ppid=1 auid=4294967295 uid=1036 gid=1036 euid=1036 suid=1036 fsuid=1036 egid=1036 sgid=1036 fsgid=1036 tty=(none) ses=4294967295 comm="auditctl" exe="/system/bin/auditctl" subj=u:r:auditctl:s0 key=(null)
[   57.069831] type=1327 audit(1790844775.247:191): proctitle=2F73797374656D2F62696E2F617564697463746C002D720035
[   57.071351] init: starting service 'exec 23 (/system/bin/mmd --set-property)'...
[   57.073829] servicemanager: Caller(pid=832,uid=1000,sid=u:r:system_server:s0) Found android.hardware.graphics.allocator.IAllocator/default in device VINTF manifest.
[   57.084975] type=1320 audit(1790844775.247:191): 
[   57.085087] servicemanager: Caller(pid=832,uid=1000,sid=u:r:system_server:s0) Found android.hardware.graphics.allocator.IAllocator/default in device VINTF manifest.
[   57.085681] apexd: destroyCeSnapshotsNotSpecified() received by ApexService user_id : 0 retain_rollback_ids : []
[   57.086053] servicemanager: Caller(pid=832,uid=1000,sid=u:r:system_server:s0) Found mapper/minigbm in device VINTF manifest.
[   57.109224] libprocessgroup: Created cgroup /sys/fs/cgroup/system/uid_0/pid_3177
[   57.390169] init: ... started service 'exec 23 (/system/bin/mmd --set-property)' has pid 3177
[   57.390421] init: SVC_EXEC service 'exec 23 (/system/bin/mmd --set-property)' pid 3177 (uid 0 gid 0+0 context default) started; waiting...
[   57.410699] init: Command 'exec /system/bin/mmd --set-property' action=sys.boot_completed=1 (/system/etc/init/mmd.rc:26) took 340ms and succeeded
[   57.451621] init: Service 'exec 22 (/system/bin/lmkd --boot_completed)' (pid 3169) exited with status 0 oneshot service took 0.632000 seconds in background
[   57.504154] init: Sending SIGKILL to service 'exec 22 (/system/bin/lmkd --boot_completed)' (pid 3169) process group...
[   57.532972] servicemanager: Caller(pid=733,uid=1013,sid=u:r:mediaserver:s0) Since 'media.codeclist.generator' could not be found trying to start it as a lazy AIDL service. (if it's not configured to be a lazy service, it may be stuck starting or still starting).
[   57.538791] libprocessgroup: Removed cgroup /sys/fs/cgroup/system/uid_0/pid_3169
[   57.555243] init: Service 'logd-auditctl' (pid 3175) exited with status 0 oneshot service took 0.529000 seconds in background
[   57.558036] init: Sending SIGKILL to service 'logd-auditctl' (pid 3175) process group...
[   57.560003] libprocessgroup: Removed cgroup /sys/fs/cgroup/system/uid_1036/pid_3175
[   57.618336] init: starting service 'media.codeclist.generator'...
[   57.624059] libprocessgroup: Created cgroup /sys/fs/cgroup/system/uid_1013/pid_3201
[   57.646799] init: ... started service 'media.codeclist.generator' has pid 3201
[   57.647062] init: Control message: Processed ctl.interface_start for 'aidl/media.codeclist.generator' from pid: 395 (/system/bin/servicemanager)
[   57.862380] init: Service 'exec 23 (/system/bin/mmd --set-property)' (pid 3177) exited with status 0 waiting took 0.763000 seconds
[   57.872768] init: Sending SIGKILL to service 'exec 23 (/system/bin/mmd --set-property)' (pid 3177) process group...
[   57.885246] libprocessgroup: Removed cgroup /sys/fs/cgroup/system/uid_0/pid_3177
[   57.904587] init: processing action (sys.boot_completed=1) from (/system/etc/init/pmgd.rc:23)
[   57.909181] init: starting service 'pmgd'...
[   57.932626] libprocessgroup: Created cgroup /sys/fs/cgroup/system/uid_9999/pid_3213
[   57.950753] init: ... started service 'pmgd' has pid 3213
[   57.955377] init: processing action (sys.boot_completed=1) from (/system/etc/init/profcollectd.rc:30)
[   57.970683] init: starting service 'profcollectctl_set_property'...
[   57.991335] libprocessgroup: Created cgroup /sys/fs/cgroup/system/uid_0/pid_3218
[   58.001652] init: ... started service 'profcollectctl_set_property' has pid 3218
[   58.018263] init: processing action (sys.boot_completed=1 && sys.wifitracing.started=0) from (/system/etc/init/wifi.rc:28)
[   58.115946] servicemanager: Caller(pid=744,uid=0,sid=u:r:update_engine:s0) Found android.hardware.boot.IBootControl/default in device VINTF manifest.
[   58.176854] servicemanager: Notifying media.codeclist.generator they do (previously: don't) have clients when service is guaranteed to be in use
[   58.185037] init: Command 'mkdir /sys/kernel/tracing/instances/wifi 711' action=sys.boot_completed=1 && sys.wifitracing.started=0 (/system/etc/init/wifi.rc:30) took 147ms and succeeded
[   58.195510] libbinder.BpBinder: onLastStrongRef automatically unlinking death recipients for binder (0x750db4a2a720) with descriptor: '(not cached)'
[   58.341704] servicemanager: Caller(pid=3201,uid=1013,sid=u:r:mediacodeclist_generator:s0) Found android.hardware.media.c2.IComponentStore/software in framework VINTF manifest.
[   58.357932] init: processing action (sys.boot_completed=1) from (/vendor/etc/init/init.cutf_cvm.rc:93)
[   58.366999] /dev/block/by-name/custom: Can't lookup blockdev
[   58.367309] init: processing action (sys.user.0.ce_available=true) from (/system/etc/init/wifi.rc:21)
[   58.497511] init: Command 'restorecon_recursive /data/misc_ce/0/apexdata/com.android.wifi' action=sys.user.0.ce_available=true (/system/etc/init/wifi.rc:22) took 129ms and succeeded
[   58.498069] init: processing action (bootreceiver.enable=1 && dmesgd.start=1 && ro.product.cpu.abilist64=*) from (/system/etc/init/dmesgd.rc:12)
[   58.503838] init: starting service 'dmesgd'...
[   58.510227] libprocessgroup: Created cgroup /sys/fs/cgroup/system/uid_1086
[   58.513328] libprocessgroup: Created cgroup /sys/fs/cgroup/system/uid_1086/pid_3244
[   58.521615] init: ... started service 'dmesgd' has pid 3244
[   58.528760] init: processing action (mmd.enabled_aconfig=true) from (/system/etc/init/mmd.rc:28)
[   58.531161] init: starting service 'mmd_setup'...
[   58.564171] libprocessgroup: Created cgroup /sys/fs/cgroup/system/uid_0/pid_3253
[   58.744280] servicemanager: Caller(pid=3140,uid=10072,sid=u:r:untrusted_app_30:s0:c72,c256,c512,c768) Found android.hardware.graphics.allocator.IAllocator/default in device VINTF manifest.
[   58.754999] servicemanager: Caller(pid=3140,uid=10072,sid=u:r:untrusted_app_30:s0:c72,c256,c512,c768) Found android.hardware.graphics.allocator.IAllocator/default in device VINTF manifest.
[   58.761374] init: ... started service 'mmd_setup' has pid 3253
[   58.761590] init: Command 'start mmd_setup' action=mmd.enabled_aconfig=true (/system/etc/init/mmd.rc:34) took 230ms and succeeded
[   58.762866] init: processing action (sys.boot_completed=1 && sys.wifitracing.started=1 && wifi.interface=*) from (/system/etc/init/wifi.rc:70)
[   58.774042] servicemanager: Caller(pid=3140,uid=10072,sid=u:r:untrusted_app_30:s0:c72,c256,c512,c768) Found mapper/minigbm in device VINTF manifest.
[   58.797265] init: Service 'profcollectctl_set_property' (pid 3218) exited with status 0 oneshot service took 0.806000 seconds in background
[   58.798150] init: Sending SIGKILL to service 'profcollectctl_set_property' (pid 3218) process group...
[   58.800325] libprocessgroup: Removed cgroup /sys/fs/cgroup/system/uid_0/pid_3218
[   58.815366] init: Service 'dmesgd' (pid 3244) exited with status 0 oneshot service took 0.305000 seconds in background
[   58.818183] init: Sending SIGKILL to service 'dmesgd' (pid 3244) process group...
[   58.823251] libprocessgroup: Removed cgroup /sys/fs/cgroup/system/uid_1086/pid_3244
[   58.827713] init: Service 'mmd_setup' (pid 3253) exited with status 0 oneshot service took 0.268000 seconds in background
[   58.829154] init: Sending SIGKILL to service 'mmd_setup' (pid 3253) process group...
[   58.831290] libprocessgroup: Removed cgroup /sys/fs/cgroup/system/uid_0/pid_3253
[   58.833913] init: processing action (sys-boot-completed-set) from (/system_ext/etc/init/set_adb.rc:8)
[   58.842679] init: starting service 'set_adb'...
[   58.845186] libprocessgroup: Created cgroup /sys/fs/cgroup/system/uid_0/pid_3274
[   58.865367] init: ... started service 'set_adb' has pid 3274
[   58.871222] init: processing action (persist.sys.zram_enabled=1 && sys-boot-completed-set) from (/vendor/etc/init/init.cutf_cvm.rc:102)
[   58.878094] init: [libfs_mgr] mmd is recommended to set up zram over swapon_all command with fstab entry.
[   58.991532] set_capacity_and_notify: 76 callbacks suppressed
[   58.991537] zram0: detected capacity change from 0 to 5985552
[   59.192064] mkswap: Swapspace size: 2992772k, UUID=3ff7777c-d5be-49fa-aaaa-db2983220344
[   59.213659] Adding 2992772k swap on /dev/block/zram0.  Priority:-2 extents:1 across:2992772k SS
[   59.216395] init: Command 'swapon_all' action=persist.sys.zram_enabled=1 && sys-boot-completed-set (/vendor/etc/init/init.cutf_cvm.rc:103) took 339ms and succeeded
[   59.219744] init: Service 'set_adb' (pid 3274) exited with status 0 oneshot service took 0.374000 seconds in background
[   59.220562] init: Sending SIGKILL to service 'set_adb' (pid 3274) process group...
[   59.231355] libprocessgroup: Removed cgroup /sys/fs/cgroup/system/uid_0/pid_3274
[   59.641588] servicemanager: Caller(pid=2649,uid=10088,sid=u:r:platform_app:s0:c512,c768) Found android.hardware.media.c2.IComponentStore/software in framework VINTF manifest.
[   59.752264] servicemanager: Caller(pid=3207,uid=10107,sid=u:r:mediaprovider_app:s0:c107,c256,c512,c768) Found android.hardware.media.c2.IComponentStore/software in framework VINTF manifest.
[   62.599431] servicemanager: Caller(pid=612,uid=1000,sid=u:r:hal_sensors_default:s0) Found android.system.suspend.ISystemSuspend/default in framework VINTF manifest.
[   63.735890] servicemanager: Notifying apexservice they don't (previously: do) have clients when we now have no record of a client
[   63.739817] servicemanager: Notifying artd they don't (previously: do) have clients when we now have no record of a client
[   63.747954] servicemanager: Notifying media.codeclist.generator they don't (previously: do) have clients when we now have no record of a client
[   63.759207] libbinder.AidlLazyServiceRegistrar: Process has 0 (of 1 available) client(s) in use after notification apexservice has clients: 0
[   63.771946] servicemanager: Caller(pid=2417,uid=1082,sid=u:r:artd:s0) Unregistering artd
[   63.776714] libbinder.BpBinder: onLastStrongRef automatically unlinking death recipients for binder (0x750db4a1c4f0) with descriptor: '(not cached)'
[   63.792052] servicemanager: Caller(pid=3201,uid=1013,sid=u:r:mediacodeclist_generator:s0) Unregistering media.codeclist.generator
[   63.804448] init: Service 'artd' (pid 2417) exited with status 0 oneshot service took 32.049000 seconds in background
[   63.806957] init: Sending SIGKILL to service 'artd' (pid 2417) process group...
[   63.807653] libprocessgroup: Removed cgroup /sys/fs/cgroup/system/uid_1082/pid_2417
[   63.813474] libbinder.AidlLazyServiceRegistrar: Trying to shut down the service. No clients in use for any service in process.
[   63.827051] libbinder.BpBinder: onLastStrongRef automatically unlinking death recipients for binder (0x750db4a2b430) with descriptor: '(not cached)'
[   63.947947] servicemanager: Caller(pid=470,uid=0,sid=u:r:apexd:s0) Unregistering apexservice
[   63.956655] libbinder.BpBinder: onLastStrongRef automatically unlinking death recipients for binder (0x750db4a0cd70) with descriptor: '(not cached)'
[   63.959373] libbinder.AidlLazyServiceRegistrar: Unregistered all clients and exiting
[   64.009734] init: Service 'apexd' (pid 470) exited with status 0 oneshot service took 55.296001 seconds in background
[   64.027319] init: Sending SIGKILL to service 'apexd' (pid 470) process group...
[   64.040257] libprocessgroup: Removed cgroup /sys/fs/cgroup/system/uid_0/pid_470
[   64.049274] init: Service 'media.codeclist.generator' (pid 3201) exited with status 0 oneshot service took 6.428000 seconds in background
[   64.064515] init: Sending SIGKILL to service 'media.codeclist.generator' (pid 3201) process group...
[   64.070101] libprocessgroup: Removed cgroup /sys/fs/cgroup/system/uid_1013/pid_3201
[   70.079474] GceEventReporter: VIRTUAL_DEVICE_BOOT_STARTED
[   71.153435] GceEventReporter: VIRTUAL_DEVICE_BOOT_COMPLETED
[   74.867680] init: Service 'adbd' (pid 698) exited with status 0
[   74.868287] init: Sending SIGKILL to service 'adbd' (pid 698) process group...
[   74.978006] libprocessgroup: Removed cgroup /sys/fs/cgroup/system/uid_0/pid_698
[   74.979918] init: starting service 'adbd'...
[   74.982429] init: Created socket '/dev/socket/adbd', mode 660, user 1000, group 1000
[   75.109467] libprocessgroup: Created cgroup /sys/fs/cgroup/system/uid_0/pid_3829
[   75.430622] init: ... started service 'adbd' has pid 3829
[   77.662048] type=1325 audit(1790844795.839:192): table=mangle family=2 entries=37 op=xt_replace subj=u:r:netd:s0 comm="iptables-restor"
[   77.663458] audit: audit_lost=1 audit_rate_limit=5 audit_backlog_limit=64
[   77.666884] type=1300 audit(1790844795.839:192): arch=c000003e syscall=54 success=yes exit=0 a0=4 a1=0 a2=40 a3=74935ec0a010 items=0 ppid=592 auid=4294967295 uid=0 gid=0 euid=0 suid=0 fsuid=0 egid=0 sgid=0 fsgid=0 tty=(none) ses=4294967295 comm="iptables-restor" exe="/system/bin/iptables" subj=u:r:netd:s0 key=(null)
[   77.676679] audit: rate limit exceeded
[   77.676759] type=1327 audit(1790844795.839:192): proctitle=2F73797374656D2F62696E2F69707461626C65732D726573746F7265002D2D6E6F666C757368002D77002D76
[   77.679138] type=1320 audit(1790844795.839:192): 
[   77.681681] type=1325 audit(1790844795.847:193): table=mangle family=10 entries=36 op=xt_replace subj=u:r:netd:s0 comm="ip6tables-resto"
[   77.682381] type=1300 audit(1790844795.847:193): arch=c000003e syscall=54 success=yes exit=0 a0=4 a1=29 a2=40 a3=7a64f740cb30 items=0 ppid=592 auid=4294967295 uid=0 gid=0 euid=0 suid=0 fsuid=0 egid=0 sgid=0 fsgid=0 tty=(none) ses=4294967295 comm="ip6tables-resto" exe="/system/bin/iptables" subj=u:r:netd:s0 key=(null)
[   78.331272] GceEventReporter: VIRTUAL_DEVICE_NETWORK_MOBILE_CONNECTED
[   79.440152] audit: audit_lost=99 audit_rate_limit=5 audit_backlog_limit=64
[   79.440669] type=1325 audit(1790844797.623:218): table=filter family=2 entries=90 op=xt_replace subj=u:r:netd:s0 comm="iptables-restor"
[   79.444015] audit: rate limit exceeded
[   79.451716] type=1300 audit(1790844797.623:218): arch=c000003e syscall=54 success=yes exit=0 a0=4 a1=0 a2=40 a3=7493bec16430 items=0 ppid=592 auid=4294967295 uid=0 gid=0 euid=0 suid=0 fsuid=0 egid=0 sgid=0 fsgid=0 tty=(none) ses=4294967295 comm="iptables-restor" exe="/system/bin/iptables" subj=u:r:netd:s0 key=(null)
[   79.454715] type=1327 audit(1790844797.623:218): proctitle=2F73797374656D2F62696E2F69707461626C65732D726573746F7265002D2D6E6F666C757368002D77002D76
[   79.455103] type=1320 audit(1790844797.623:218): 
[   79.455647] type=1325 audit(1790844797.623:219): table=filter family=10 entries=90 op=xt_replace subj=u:r:netd:s0 comm="ip6tables-resto"
[   79.541421] init: Received sys.powerctl='reboot,recovery' from pid: 3992 (/system/bin/reboot)
[   79.541817] init: Got shutdown_command 'reboot,recovery' Calling HandlePowerctlMessage()
[   79.578531] init: Clear action queue and start shutdown trigger
[   79.578730] init: Entering shutdown mode
[   79.578986] init: processing action (shutdown_done) from (<Builtin Action>:0)
[   79.641519] init: Reboot start, reason: reboot,recovery, reboot_target: recovery
[   79.649190] init: Clean shutdown timeout: 6000 ms
[   79.649369] init: Starting RebootMonitorThread
[   79.653038] init: RebootMonitorThread started for 300s
[   79.873376] init: service 'ueventd' requested start, but it is already running (flags: 2084, pid: 102, started 77374ms ago)
[   79.875223] init: starting service 'blank_screen'...
[   79.894824] libprocessgroup: Created cgroup /sys/fs/cgroup/system/uid_1000/pid_3998
[   79.923952] init: ... started service 'blank_screen' has pid 3998
[   79.934983] init: service 'servicemanager' requested start, but it is already running (flags: 2084, pid: 395, started 76319ms ago)
[   79.935954] init: service 'vold' requested start, but it is already running (flags: 2052, pid: 410, started 76072ms ago)
[   79.938913] init: starting service 'hwservicemanager'...
[   79.947630] libprocessgroup: Created cgroup /sys/fs/cgroup/system/uid_1000/pid_3999
[   79.961745] servicemanager: Caller(pid=3998,uid=1000,sid=u:r:blank_screen:s0) Found android.hardware.light.ILights/default in device VINTF manifest.
[   79.963979] init: ... started service 'hwservicemanager' has pid 3999
[   79.964356] init: service 'vendor.light-cuttlefish' requested start, but it is already running (flags: 2052, pid: 670, started 66680ms ago)
[   79.964951] init: Stopping 187 services by sending SIGTERM
[   79.965126] init: Sending SIGTERM to service 'pmgd' (pid 3213) process group...
[   79.965936] libprocessgroup: Still waiting on process(es) to exit for cgroup /sys/fs/cgroup/system/uid_9999/pid_3213 after 0 ms
[   79.967096] libprocessgroup: Unable to remove cgroup /sys/fs/cgroup/system/uid_9999/pid_3213: Device or resource busy
[   79.974605] init: Sending SIGTERM to service 'mdnsd' (pid 3093) process group...
[   79.975028] libprocessgroup: Still waiting on process(es) to exit for cgroup /sys/fs/cgroup/system/uid_1020/pid_3093 after 0 ms
[   79.975335] libprocessgroup: Unable to remove cgroup /sys/fs/cgroup/system/uid_1020/pid_3093: Device or resource busy
[   79.980033] init: Sending SIGTERM to service 'idmap2d' (pid 3080) process group...
[   79.994357] libprocessgroup: Still waiting on process(es) to exit for cgroup /sys/fs/cgroup/system/uid_1000/pid_3080 after 0 ms
[   79.994913] libprocessgroup: Unable to remove cgroup /sys/fs/cgroup/system/uid_1000/pid_3080: Device or resource busy
[   80.007825] init: Sending SIGTERM to service 'ot-daemon' (pid 2620) process group...
[   80.009802] libprocessgroup: Still waiting on process(es) to exit for cgroup /sys/fs/cgroup/system/uid_1084/pid_2620 after 0 ms
[   80.010126] libprocessgroup: Unable to remove cgroup /sys/fs/cgroup/system/uid_1084/pid_2620: Device or resource busy
[   80.011937] init: Sending SIGTERM to service 'vendor.fingerprint-default' (pid 2597) process group...
[   80.015640] libprocessgroup: Still waiting on process(es) to exit for cgroup /sys/fs/cgroup/system/uid_9999/pid_2597 after 0 ms
[   80.016147] libprocessgroup: Unable to remove cgroup /sys/fs/cgroup/system/uid_9999/pid_2597: Device or resource busy
[   80.016808] init: Sending SIGTERM to service 'vendor.face-default' (pid 2595) process group...
[   80.017381] libprocessgroup: Still waiting on process(es) to exit for cgroup /sys/fs/cgroup/system/uid_9999/pid_2595 after 0 ms
[   80.017824] libprocessgroup: Unable to remove cgroup /sys/fs/cgroup/system/uid_9999/pid_2595: Device or resource busy
[   80.019910] init: Sending SIGTERM to service 'tombstone_transmit' (pid 749) process group...
[   80.021365] servicemanager: A service was removed when there are clients
[   80.021935] libprocessgroup: Still waiting on process(es) to exit for cgroup /sys/fs/cgroup/system/uid_0/pid_749 after 0 ms
[   80.026837] libprocessgroup: Removed cgroup /sys/fs/cgroup/system/uid_0/pid_749
[   80.030404] servicemanager: A service was removed when there are clients
[   80.053142] init: Sending SIGTERM to service 'update_engine' (pid 744) process group...
[   80.054608] libprocessgroup: Still waiting on process(es) to exit for cgroup /sys/fs/cgroup/system/uid_0/pid_744 after 0 ms
[   80.058923] servicemanager: A service was removed when there are clients
[   80.061488] libprocessgroup: Unable to remove cgroup /sys/fs/cgroup/system/uid_0/pid_744: Device or resource busy
[   80.062715] servicemanager: Caller(pid=832,uid=1000,sid=u:r:system_server:s0) Since 'ot_daemon' could not be found trying to start it as a lazy AIDL service. (if it's not configured to be a lazy service, it may be stuck starting or still starting).
[   80.064197] init: Sending SIGTERM to service 'gatekeeperd' (pid 743) process group...
[   80.064627] libprocessgroup: Still waiting on process(es) to exit for cgroup /sys/fs/cgroup/system/uid_1000/pid_743 after 0 ms
[   80.065890] init: Unable to set property 'ctl.interface_start' from uid:1000 gid:1000 pid:395: Received control message after shutdown, ignoring
[   80.066273] servicemanager: Caller(pid=832,uid=1000,sid=u:r:system_server:s0) Tried to start aidl service ot_daemon as a lazy service, but was unable to. Usually this happens when a service is not installed, but if the service is intended to be used as a lazy service, then it may be configured incorrectly.
[   80.069842] libprocessgroup: Unable to remove cgroup /sys/fs/cgroup/system/uid_1000/pid_743: Device or resource busy
[   80.078250] init: Sending SIGTERM to service 'vendor.ril-daemon' (pid 740) process group...
[   80.093245] libprocessgroup: Still waiting on process(es) to exit for cgroup /sys/fs/cgroup/system/uid_1001/pid_740 after 0 ms
[   80.109920] servicemanager: Caller(pid=2789,uid=1001,sid=u:r:radio:s0) Found android.hardware.radio.data.IRadioData/slot1 in device VINTF manifest.
[   80.115134] servicemanager: Caller(pid=2789,uid=1001,sid=u:r:radio:s0) Since 'android.hardware.radio.data.IRadioData/slot1' could not be found trying to start it as a lazy AIDL service. (if it's not configured to be a lazy service, it may be stuck starting or still starting).
[   80.121981] libprocessgroup: Removed cgroup /sys/fs/cgroup/system/uid_1001/pid_740
[   80.132935] init: Unable to set property 'ctl.interface_start' from uid:1000 gid:1000 pid:395: Received control message after shutdown, ignoring
[   80.133444] servicemanager: Caller(pid=2789,uid=1001,sid=u:r:radio:s0) Tried to start aidl service android.hardware.radio.data.IRadioData/slot1 as a lazy service, but was unable to. Usually this happens when a service is not installed, but if the service is intended to be used as a lazy service, then it may be configured incorrectly.
[   80.134799] init: Sending SIGTERM to service 'media.swcodec' (pid 738) process group...
[   80.135790] libprocessgroup: Still waiting on process(es) to exit for cgroup /sys/fs/cgroup/system/uid_1046/pid_738 after 0 ms
[   80.137575] libprocessgroup: Unable to remove cgroup /sys/fs/cgroup/system/uid_1046/pid_738: Device or resource busy
[   80.144388] init: Sending SIGTERM to service 'seriallogging' (pid 737) process group...
[   80.145174] libprocessgroup: Still waiting on process(es) to exit for cgroup /sys/fs/cgroup/system/uid_1036/pid_737 after 0 ms
[   80.145575] libprocessgroup: Unable to remove cgroup /sys/fs/cgroup/system/uid_1036/pid_737: Device or resource busy
[   80.150084] init: Sending SIGTERM to service 'storaged' (pid 735) process group...
[   80.151500] libprocessgroup: Still waiting on process(es) to exit for cgroup /sys/fs/cgroup/system/uid_0/pid_735 after 0 ms
[   80.152300] libprocessgroup: Unable to remove cgroup /sys/fs/cgroup/system/uid_0/pid_735: Device or resource busy
[   80.154069] init: Sending SIGTERM to service 'media' (pid 733) process group...
[   80.157037] libprocessgroup: Still waiting on process(es) to exit for cgroup /sys/fs/cgroup/system/uid_1013/pid_733 after 0 ms
[   80.157562] libprocessgroup: Unable to remove cgroup /sys/fs/cgroup/system/uid_1013/pid_733: Device or resource busy
[   80.158739] init: Sending SIGTERM to service 'mediametrics' (pid 732) process group...
[   80.161984] libprocessgroup: Still waiting on process(es) to exit for cgroup /sys/fs/cgroup/system/uid_1013/pid_732 after 0 ms
[   80.165672] libprocessgroup: Unable to remove cgroup /sys/fs/cgroup/system/uid_1013/pid_732: Device or resource busy
[   80.180954] init: Sending SIGTERM to service 'mediaextractor' (pid 730) process group...
[   80.183082] libprocessgroup: Still waiting on process(es) to exit for cgroup /sys/fs/cgroup/system/uid_1040/pid_730 after 0 ms
[   80.189259] libprocessgroup: Unable to remove cgroup /sys/fs/cgroup/system/uid_1040/pid_730: Device or resource busy
[   80.190052] init: Sending SIGTERM to service 'installd' (pid 728) process group...
[   80.190675] libprocessgroup: Still waiting on process(es) to exit for cgroup /sys/fs/cgroup/system/uid_0/pid_728 after 0 ms
[   80.190980] libprocessgroup: Unable to remove cgroup /sys/fs/cgroup/system/uid_0/pid_728: Device or resource busy
[   80.191766] init: Sending SIGTERM to service 'incidentd' (pid 726) process group...
[   80.192410] libprocessgroup: Still waiting on process(es) to exit for cgroup /sys/fs/cgroup/system/uid_1067/pid_726 after 0 ms
[   80.192749] libprocessgroup: Unable to remove cgroup /sys/fs/cgroup/system/uid_1067/pid_726: Device or resource busy
[   80.193998] init: Sending SIGTERM to service 'cameraserver' (pid 722) process group...
[   80.194591] libprocessgroup: Still waiting on process(es) to exit for cgroup /sys/fs/cgroup/system/uid_1047/pid_722 after 0 ms
[   80.195861] libprocessgroup: Unable to remove cgroup /sys/fs/cgroup/system/uid_1047/pid_722: Device or resource busy
[   80.196266] init: Sending SIGTERM to service 'traced' (pid 713) process group...
[   80.196643] libprocessgroup: Still waiting on process(es) to exit for cgroup /sys/fs/cgroup/system/uid_9999/pid_713 after 0 ms
[   80.197553] libprocessgroup: Unable to remove cgroup /sys/fs/cgroup/system/uid_9999/pid_713: Device or resource busy
[   80.197973] init: Sending SIGTERM to service 'traced_probes' (pid 712) process group...
[   80.198444] libprocessgroup: Still waiting on process(es) to exit for cgroup /sys/fs/cgroup/system/uid_9999/pid_712 after 0 ms
[   80.198751] libprocessgroup: Unable to remove cgroup /sys/fs/cgroup/system/uid_9999/pid_712: Device or resource busy
[   80.199227] init: Sending SIGTERM to service 'drm' (pid 701) process group...
[   80.199721] libprocessgroup: Still waiting on process(es) to exit for cgroup /sys/fs/cgroup/system/uid_1019/pid_701 after 0 ms
[   80.200238] libprocessgroup: Unable to remove cgroup /sys/fs/cgroup/system/uid_1019/pid_701: Device or resource busy
[   80.201082] init: Sending SIGTERM to service 'vendor.confirmationui_default' (pid 694) process group...
[   80.202518] libprocessgroup: Still waiting on process(es) to exit for cgroup /sys/fs/cgroup/system/uid_1000/pid_694 after 0 ms
[   80.202723] libprocessgroup: Unable to remove cgroup /sys/fs/cgroup/system/uid_1000/pid_694: Device or resource busy
[   80.203103] init: Sending SIGTERM to service 'socket_vsock_proxy' (pid 691) process group...
[   80.206155] libprocessgroup: Still waiting on process(es) to exit for cgroup /sys/fs/cgroup/system/uid_0/pid_691 after 0 ms
[   80.206354] libprocessgroup: Unable to remove cgroup /sys/fs/cgroup/system/uid_0/pid_691: Device or resource busy
[   80.207667] init: Sending SIGTERM to service 'surfaceflinger' (pid 685) process group...
[   80.209032] libprocessgroup: Still waiting on process(es) to exit for cgroup /sys/fs/cgroup/system/uid_1000/pid_685 after 0 ms
[   80.209338] libprocessgroup: Unable to remove cgroup /sys/fs/cgroup/system/uid_1000/pid_685: Device or resource busy
[   80.209808] init: Sending SIGTERM to service 'gpu' (pid 683) process group...
[   80.211262] libprocessgroup: Still waiting on process(es) to exit for cgroup /sys/fs/cgroup/system/uid_1072/pid_683 after 0 ms
[   80.211573] libprocessgroup: Unable to remove cgroup /sys/fs/cgroup/system/uid_1072/pid_683: Device or resource busy
[   80.211926] init: Sending SIGTERM to service 'credstore' (pid 682) process group...
[   80.213583] libprocessgroup: Still waiting on process(es) to exit for cgroup /sys/fs/cgroup/system/uid_1076/pid_682 after 0 ms
[   80.214989] libprocessgroup: Unable to remove cgroup /sys/fs/cgroup/system/uid_1076/pid_682: Device or resource busy
[   80.215300] init: Sending SIGTERM to service 'audioserver' (pid 681) process group...
[   80.218013] servicemanager: Caller(pid=3207,uid=10107,sid=u:r:mediaprovider_app:s0:c107,c256,c512,c768) Since 'media.player' could not be found trying to start it as a lazy AIDL service. (if it's not configured to be a lazy service, it may be stuck starting or still starting).
[   80.218932] init: Unable to set property 'ctl.interface_start' from uid:1000 gid:1000 pid:395: Received control message after shutdown, ignoring
[   80.220200] servicemanager: Caller(pid=3207,uid=10107,sid=u:r:mediaprovider_app:s0:c107,c256,c512,c768) Tried to start aidl service media.player as a lazy service, but was unable to. Usually this happens when a service is not installed, but if the service is intended to be used as a lazy service, then it may be configured incorrectly.
[   80.220523] libprocessgroup: Still waiting on process(es) to exit for cgroup /sys/fs/cgroup/system/uid_1041/pid_681 after 0 ms
[   80.222659] libprocessgroup: Unable to remove cgroup /sys/fs/cgroup/system/uid_1041/pid_681: Device or resource busy
[   80.222983] init: Sending SIGTERM to service 'vendor.camera-provider-2-7-google' (pid 680) process group...
[   80.223975] libprocessgroup: Still waiting on process(es) to exit for cgroup /sys/fs/cgroup/system/uid_1047/pid_680 after 0 ms
[   80.224275] libprocessgroup: Unable to remove cgroup /sys/fs/cgroup/system/uid_1047/pid_680: Device or resource busy
[   80.228895] init: Sending SIGTERM to service 'vendor.oemlock_default' (pid 678) process group...
[   80.231440] libprocessgroup: Still waiting on process(es) to exit for cgroup /sys/fs/cgroup/system/uid_1064/pid_678 after 0 ms
[   80.231647] libprocessgroup: Unable to remove cgroup /sys/fs/cgroup/system/uid_1064/pid_678: Device or resource busy
[   80.238641] init: Sending SIGTERM to service 'nfc_hal_service' (pid 671) process group...
[   80.241303] libprocessgroup: Still waiting on process(es) to exit for cgroup /sys/fs/cgroup/system/uid_1027/pid_671 after 0 ms
[   80.241606] libprocessgroup: Unable to remove cgroup /sys/fs/cgroup/system/uid_1027/pid_671: Device or resource busy
[   80.241993] init: Sending SIGTERM to service 'vendor.identity-remote' (pid 669) process group...
[   80.244726] libprocessgroup: Still waiting on process(es) to exit for cgroup /sys/fs/cgroup/system/uid_9999/pid_669 after 0 ms
[   80.245155] libprocessgroup: Unable to remove cgroup /sys/fs/cgroup/system/uid_9999/pid_669: Device or resource busy
[   80.248681] init: Sending SIGTERM to service 'vendor.health-cuttlefish' (pid 668) process group...
[   80.250315] libprocessgroup: Still waiting on process(es) to exit for cgroup /sys/fs/cgroup/system/uid_1000/pid_668 after 0 ms
[   80.250848] libprocessgroup: Unable to remove cgroup /sys/fs/cgroup/system/uid_1000/pid_668: Device or resource busy
[   80.251228] init: Sending SIGTERM to service 'vendor.graphics.allocator' (pid 667) process group...
[   80.255885] libprocessgroup: Removed cgroup /sys/fs/cgroup/system/uid_1000/pid_667
[   80.256479] init: Sending SIGTERM to service 'bt_gatt_lpp' (pid 665) process group...
[   80.257076] libprocessgroup: Still waiting on process(es) to exit for cgroup /sys/fs/cgroup/system/uid_1002/pid_665 after 0 ms
[   80.257290] libprocessgroup: Unable to remove cgroup /sys/fs/cgroup/system/uid_1002/pid_665: Device or resource busy
[   80.259542] init: Sending SIGTERM to service 'bt_socket_lpp' (pid 664) process group...
[   80.260646] libprocessgroup: Still waiting on process(es) to exit for cgroup /sys/fs/cgroup/system/uid_1002/pid_664 after 0 ms
[   80.263596] libprocessgroup: Unable to remove cgroup /sys/fs/cgroup/system/uid_1002/pid_664: Device or resource busy
[   80.263922] init: Sending SIGTERM to service 'bt_socket' (pid 663) process group...
[   80.264293] libprocessgroup: Still waiting on process(es) to exit for cgroup /sys/fs/cgroup/system/uid_1002/pid_663 after 0 ms
[   80.264612] libprocessgroup: Unable to remove cgroup /sys/fs/cgroup/system/uid_1002/pid_663: Device or resource busy
[   80.265131] init: Sending SIGTERM to service 'bt_lmp_event' (pid 660) process group...
[   80.265735] logd: SocketClient: write error (Connection reset by peer)
[   80.266111] libprocessgroup: Still waiting on process(es) to exit for cgroup /sys/fs/cgroup/system/uid_1002/pid_660 after 0 ms
[   80.266140] libprocessgroup: Unable to remove cgroup /sys/fs/cgroup/system/uid_1002/pid_660: Device or resource busy
[   80.268599] init: Sending SIGTERM to service 'bt_ranging' (pid 659) process group...
[   80.269706] libprocessgroup: Still waiting on process(es) to exit for cgroup /sys/fs/cgroup/system/uid_1002/pid_659 after 0 ms
[   80.270756] libprocessgroup: Unable to remove cgroup /sys/fs/cgroup/system/uid_1002/pid_659: Device or resource busy
[   80.273471] init: Sending SIGTERM to service 'bt_finder' (pid 655) process group...
[   80.273817] libprocessgroup: Still waiting on process(es) to exit for cgroup /sys/fs/cgroup/system/uid_1002/pid_655 after 0 ms
[   80.276626] libprocessgroup: Removed cgroup /sys/fs/cgroup/system/uid_1002/pid_655
[   80.277328] init: Sending SIGTERM to service 'bt_hci' (pid 654) process group...
[   80.279821] libprocessgroup: Still waiting on process(es) to exit for cgroup /sys/fs/cgroup/system/uid_1002/pid_654 after 0 ms
[   80.280552] libprocessgroup: Unable to remove cgroup /sys/fs/cgroup/system/uid_1002/pid_654: Device or resource busy
[   80.283248] init: Sending SIGTERM to service 'vendor.wifi_hal_legacy' (pid 653) process group...
[   80.284594] libprocessgroup: Still waiting on process(es) to exit for cgroup /sys/fs/cgroup/system/uid_1010/pid_653 after 0 ms
[   80.284792] libprocessgroup: Unable to remove cgroup /sys/fs/cgroup/system/uid_1010/pid_653: Device or resource busy
[   80.285229] init: Sending SIGTERM to service 'vendor.vibrator-default' (pid 652) process group...
[   80.289200] libprocessgroup: Removed cgroup /sys/fs/cgroup/system/uid_9999/pid_652
[   80.289953] init: Sending SIGTERM to service 'vendor.uwb_hal' (pid 650) process group...
[   80.300011] VIRTUAL_DEVICE_DISPLAY_POWER_MODE_CHANGED display=0 mode=OFF
[   80.309057] libprocessgroup: Still waiting on process(es) to exit for cgroup /sys/fs/cgroup/system/uid_1083/pid_650 after 0 ms
[   80.310658] libprocessgroup: Removed cgroup /sys/fs/cgroup/system/uid_1083/pid_650
[   80.319446] init: Sending SIGTERM to service 'vendor.usb_default' (pid 647) process group...
[   80.320668] libprocessgroup: Still waiting on process(es) to exit for cgroup /sys/fs/cgroup/system/uid_1000/pid_647 after 0 ms
[   80.322881] libprocessgroup: Unable to remove cgroup /sys/fs/cgroup/system/uid_1000/pid_647: Device or resource busy
[   80.323508] init: Sending SIGTERM to service 'vendor.threadnetwork_hal' (pid 646) process group...
[   80.325120] libprocessgroup: Still waiting on process(es) to exit for cgroup /sys/fs/cgroup/system/uid_1084/pid_646 after 0 ms
[   80.325677] libprocessgroup: Unable to remove cgroup /sys/fs/cgroup/system/uid_1084/pid_646: Device or resource busy
[   80.331788] init: Sending SIGTERM to service 'vendor.thermal-example' (pid 645) process group...
[   80.422391] libprocessgroup: Still waiting on process(es) to exit for cgroup /sys/fs/cgroup/system/uid_9999/pid_645 after 2 ms
[   80.449975] libprocessgroup: Removed cgroup /sys/fs/cgroup/system/uid_9999/pid_645
[   80.457626] init: Sending SIGTERM to service 'vendor.tetheroffload-example' (pid 644) process group...
[   80.461062] libprocessgroup: Still waiting on process(es) to exit for cgroup /sys/fs/cgroup/system/uid_9999/pid_644 after 0 ms
[   80.461507] libprocessgroup: Unable to remove cgroup /sys/fs/cgroup/system/uid_9999/pid_644: Device or resource busy
[   80.469175] servicemanager: Caller(pid=832,uid=1000,sid=u:r:system_server:s0) Found android.hardware.thermal.IThermal/default in device VINTF manifest.
[   80.469939] init: Sending SIGTERM to service 'vendor.secretkeeper' (pid 643) process group...
[   80.474168] libprocessgroup: Still waiting on process(es) to exit for cgroup /sys/fs/cgroup/system/uid_9999/pid_643 after 0 ms
[   80.475326] libprocessgroup: Unable to remove cgroup /sys/fs/cgroup/system/uid_9999/pid_643: Device or resource busy
[   80.479764] init: Sending SIGTERM to service 'vendor.authgraph' (pid 642) process group...
[   80.483178] libprocessgroup: Still waiting on process(es) to exit for cgroup /sys/fs/cgroup/system/uid_9999/pid_642 after 0 ms
[   80.483909] libprocessgroup: Unable to remove cgroup /sys/fs/cgroup/system/uid_9999/pid_642: Device or resource busy
[   80.491024] init: Sending SIGTERM to service 'vendor.secure_element' (pid 641) process group...
[   80.494973] libprocessgroup: Still waiting on process(es) to exit for cgroup /sys/fs/cgroup/system/uid_9999/pid_641 after 0 ms
[   80.495382] libprocessgroup: Unable to remove cgroup /sys/fs/cgroup/system/uid_9999/pid_641: Device or resource busy
[   80.497617] init: Sending SIGTERM to service 'vendor.rebootescrow-default' (pid 639) process group...
[   80.499247] libprocessgroup: Still waiting on process(es) to exit for cgroup /sys/fs/cgroup/system/uid_1000/pid_639 after 0 ms
[   80.499647] libprocessgroup: Unable to remove cgroup /sys/fs/cgroup/system/uid_1000/pid_639: Device or resource busy
[   80.505134] init: Sending SIGTERM to service 'vendor.power.stats-default' (pid 638) process group...
[   80.506211] libprocessgroup: Still waiting on process(es) to exit for cgroup /sys/fs/cgroup/system/uid_1000/pid_638 after 0 ms
[   80.506623] libprocessgroup: Unable to remove cgroup /sys/fs/cgroup/system/uid_1000/pid_638: Device or resource busy
[   80.508929] init: Sending SIGTERM to service 'vendor.power-default' (pid 636) process group...
[   80.510067] libprocessgroup: Still waiting on process(es) to exit for cgroup /sys/fs/cgroup/system/uid_9999/pid_636 after 0 ms
[   80.510744] libprocessgroup: Unable to remove cgroup /sys/fs/cgroup/system/uid_9999/pid_636: Device or resource busy
[   80.513657] init: Sending SIGTERM to service 'neuralnetworks_hal_service_shim_sample' (pid 634) process group...
[   80.514292] libprocessgroup: Still waiting on process(es) to exit for cgroup /sys/fs/cgroup/system/uid_1000/pid_634 after 0 ms
[   80.514861] libprocessgroup: Unable to remove cgroup /sys/fs/cgroup/system/uid_1000/pid_634: Device or resource busy
[   80.519238] init: Sending SIGTERM to service 'neuralnetworks_hal_service_aidl_sample_limited' (pid 633) process group...
[   80.521059] libprocessgroup: Still waiting on process(es) to exit for cgroup /sys/fs/cgroup/system/uid_1000/pid_633 after 0 ms
[   80.521595] libprocessgroup: Unable to remove cgroup /sys/fs/cgroup/system/uid_1000/pid_633: Device or resource busy
[   80.527004] init: Sending SIGTERM to service 'neuralnetworks_hal_service_aidl_sample_all' (pid 632) process group...
[   80.527666] libprocessgroup: Still waiting on process(es) to exit for cgroup /sys/fs/cgroup/system/uid_1000/pid_632 after 0 ms
[   80.535360] libprocessgroup: Removed cgroup /sys/fs/cgroup/system/uid_1000/pid_632
[   80.539318] init: Sending SIGTERM to service 'nlinterceptor' (pid 631) process group...
[   80.539988] libprocessgroup: Still waiting on process(es) to exit for cgroup /sys/fs/cgroup/system/uid_0/pid_631 after 0 ms
[   80.540603] libprocessgroup: Unable to remove cgroup /sys/fs/cgroup/system/uid_0/pid_631: Device or resource busy
[   80.545170] init: Sending SIGTERM to service 'vendor.memtrack-default' (pid 630) process group...
[   80.545741] servicemanager: Caller(pid=832,uid=1000,sid=u:r:system_server:s0) Since 'android.hardware.usb.IUsb/default' could not be found trying to start it as a lazy AIDL service. (if it's not configured to be a lazy service, it may be stuck starting or still starting).
[   80.547545] libprocessgroup: Still waiting on process(es) to exit for cgroup /sys/fs/cgroup/system/uid_9999/pid_630 after 0 ms
[   80.552215] libprocessgroup: Removed cgroup /sys/fs/cgroup/system/uid_9999/pid_630
[   80.552888] init: Sending SIGTERM to service 'vendor.ir-default' (pid 629) process group...
[   80.553062] init: Unable to set property 'ctl.interface_start' from uid:1000 gid:1000 pid:395: Received control message after shutdown, ignoring
[   80.553524] libprocessgroup: Still waiting on process(es) to exit for cgroup /sys/fs/cgroup/system/uid_1000/pid_629 after 0 ms
[   80.554674] libprocessgroup: Unable to remove cgroup /sys/fs/cgroup/system/uid_1000/pid_629: Device or resource busy
[   80.555323] servicemanager: Caller(pid=832,uid=1000,sid=u:r:system_server:s0) Tried to start aidl service android.hardware.usb.IUsb/default as a lazy service, but was unable to. Usually this happens when a service is not installed, but if the service is intended to be used as a lazy service, then it may be configured incorrectly.
[   80.560109] init: Sending SIGTERM to service 'vendor.inputprocessor-default' (pid 628) process group...
[   80.563341] servicemanager: Caller(pid=832,uid=1000,sid=u:r:system_server:s0) Since 'android.hardware.thermal.IThermal/default' could not be found trying to start it as a lazy AIDL service. (if it's not configured to be a lazy service, it may be stuck starting or still starting).
[   80.564571] libprocessgroup: Still waiting on process(es) to exit for cgroup /sys/fs/cgroup/system/uid_9999/pid_628 after 0 ms
[   80.565612] libprocessgroup: Unable to remove cgroup /sys/fs/cgroup/system/uid_9999/pid_628: Device or resource busy
[   80.568564] init: Unable to set property 'ctl.interface_start' from uid:1000 gid:1000 pid:395: Received control message after shutdown, ignoring
[   80.570461] servicemanager: Caller(pid=832,uid=1000,sid=u:r:system_server:s0) Tried to start aidl service android.hardware.thermal.IThermal/default as a lazy service, but was unable to. Usually this happens when a service is not installed, but if the service is intended to be used as a lazy service, then it may be configured incorrectly.
[   80.573107] init: Sending SIGTERM to service 'vendor.hwcomposer-3' (pid 627) process group...
[   80.591331] libprocessgroup: Still waiting on process(es) to exit for cgroup /sys/fs/cgroup/system/uid_1000/pid_627 after 0 ms
[   80.653899] libprocessgroup: Removed cgroup /sys/fs/cgroup/system/uid_1000/pid_627
[   80.689793] init: Sending SIGTERM to service 'vendor.gnss-default' (pid 625) process group...
[   80.700599] libprocessgroup: Still waiting on process(es) to exit for cgroup /sys/fs/cgroup/system/uid_9999/pid_625 after 0 ms
[   80.701371] libprocessgroup: Unable to remove cgroup /sys/fs/cgroup/system/uid_9999/pid_625: Device or resource busy
[   80.705637] init: Sending SIGTERM to service 'vendor.drm-clearkey-service' (pid 624) process group...
[   80.712325] libprocessgroup: Still waiting on process(es) to exit for cgroup /sys/fs/cgroup/system/uid_1013/pid_624 after 0 ms
[   80.713506] libprocessgroup: Unable to remove cgroup /sys/fs/cgroup/system/uid_1013/pid_624: Device or resource busy
[   80.722714] init: Sending SIGTERM to service 'vendor.contexthub-default' (pid 623) process group...
[   80.730129] libprocessgroup: Still waiting on process(es) to exit for cgroup /sys/fs/cgroup/system/uid_1080/pid_623 after 1 ms
[   80.730464] libprocessgroup: Unable to remove cgroup /sys/fs/cgroup/system/uid_1080/pid_623: Device or resource busy
[   80.736672] init: Sending SIGTERM to service 'vendor.cas-default' (pid 620) process group...
[   80.745289] libprocessgroup: Still waiting on process(es) to exit for cgroup /sys/fs/cgroup/system/uid_1013/pid_620 after 0 ms
[   80.746091] libprocessgroup: Unable to remove cgroup /sys/fs/cgroup/system/uid_1013/pid_620: Device or resource busy
[   80.752447] init: Sending SIGTERM to service 'vendor.authsecret_default' (pid 619) process group...
[   80.753523] libprocessgroup: Still waiting on process(es) to exit for cgroup /sys/fs/cgroup/system/uid_1064/pid_619 after 0 ms
[   80.753920] libprocessgroup: Unable to remove cgroup /sys/fs/cgroup/system/uid_1064/pid_619: Device or resource busy
[   80.757328] init: Sending SIGTERM to service 'vendor.audio-effect-hal-aidl' (pid 618) process group...
[   80.758291] libprocessgroup: Still waiting on process(es) to exit for cgroup /sys/fs/cgroup/system/uid_1041/pid_618 after 0 ms
[   80.758768] libprocessgroup: Unable to remove cgroup /sys/fs/cgroup/system/uid_1041/pid_618: Device or resource busy
[   80.762295] init: Sending SIGTERM to service 'vendor.audio-hal-aidl' (pid 617) process group...
[   80.763064] libprocessgroup: Still waiting on process(es) to exit for cgroup /sys/fs/cgroup/system/uid_1041/pid_617 after 0 ms
[   80.763487] libprocessgroup: Unable to remove cgroup /sys/fs/cgroup/system/uid_1041/pid_617: Device or resource busy
[   80.768788] init: Sending SIGTERM to service 'vendor.motioncontext-default' (pid 616) process group...
[   80.769839] libprocessgroup: Still waiting on process(es) to exit for cgroup /sys/fs/cgroup/system/uid_1080/pid_616 after 0 ms
[   80.774796] servicemanager: Caller(pid=832,uid=1000,sid=u:r:system_server:s0) Found android.hardware.gnss.IGnss/default in device VINTF manifest.
[   80.777396] servicemanager: Caller(pid=832,uid=1000,sid=u:r:system_server:s0) Since 'android.hardware.gnss.IGnss/default' could not be found trying to start it as a lazy AIDL service. (if it's not configured to be a lazy service, it may be stuck starting or still starting).
[   80.785562] init: Unable to set property 'ctl.interface_start' from uid:1000 gid:1000 pid:395: Received control message after shutdown, ignoring
[   80.786427] servicemanager: Caller(pid=832,uid=1000,sid=u:r:system_server:s0) Tried to start aidl service android.hardware.gnss.IGnss/default as a lazy service, but was unable to. Usually this happens when a service is not installed, but if the service is intended to be used as a lazy service, then it may be configured incorrectly.
[   80.796134] libprocessgroup: Removed cgroup /sys/fs/cgroup/system/uid_1080/pid_616
[   80.796722] init: Sending SIGTERM to service 'vendor.sensors-hal-multihal' (pid 612) process group...
[   80.801024] libprocessgroup: Still waiting on process(es) to exit for cgroup /sys/fs/cgroup/system/uid_1000/pid_612 after 0 ms
[   80.801448] libprocessgroup: Unable to remove cgroup /sys/fs/cgroup/system/uid_1000/pid_612: Device or resource busy
[   80.802467] init: Sending SIGTERM to service 'audio_parameter_parser_service' (pid 603) process group...
[   80.803143] libprocessgroup: Still waiting on process(es) to exit for cgroup /sys/fs/cgroup/system/uid_1041/pid_603 after 0 ms
[   80.803664] libprocessgroup: Unable to remove cgroup /sys/fs/cgroup/system/uid_1041/pid_603: Device or resource busy
[   80.805351] servicemanager: Caller(pid=832,uid=1000,sid=u:r:system_server:s0) Found android.hardware.sensors.ISensors/default in device VINTF manifest.
[   80.806144] init: Sending SIGTERM to service 'zygote' (pid 594) process group...
[   80.806491] servicemanager: Caller(pid=832,uid=1000,sid=u:r:system_server:s0) Since 'android.hardware.sensors.ISensors/default' could not be found trying to start it as a lazy AIDL service. (if it's not configured to be a lazy service, it may be stuck starting or still starting).
[   80.925311] init: Unable to set property 'ctl.interface_start' from uid:1000 gid:1000 pid:395: Received control message after shutdown, ignoring
[   80.929118] servicemanager: Caller(pid=832,uid=1000,sid=u:r:system_server:s0) Tried to start aidl service android.hardware.sensors.ISensors/default as a lazy service, but was unable to. Usually this happens when a service is not installed, but if the service is intended to be used as a lazy service, then it may be configured incorrectly.
[   80.937135] libprocessgroup: Still waiting on process(es) to exit for cgroup /sys/fs/cgroup/system/uid_0/pid_594 after 0 ms
[   80.937394] libprocessgroup: Unable to remove cgroup /sys/fs/cgroup/system/uid_0/pid_594: Device or resource busy
[   80.945120] init: Sending SIGTERM to service 'statsd' (pid 593) process group...
[   80.947078] libprocessgroup: Still waiting on process(es) to exit for cgroup /sys/fs/cgroup/system/uid_1066/pid_593 after 0 ms
[   80.948284] libprocessgroup: Unable to remove cgroup /sys/fs/cgroup/system/uid_1066/pid_593: Device or resource busy
[   80.953159] init: Sending SIGTERM to service 'netd' (pid 592) process group...
[   80.955833] libprocessgroup: Still waiting on process(es) to exit for cgroup /sys/fs/cgroup/system/uid_0/pid_592 after 0 ms
[   80.956196] libprocessgroup: Unable to remove cgroup /sys/fs/cgroup/system/uid_0/pid_592: Device or resource busy
[   80.965198] init: Sending SIGTERM to service 'rpmb_mock_test_system' (pid 584) process group...
[   80.965813] libprocessgroup: Still waiting on process(es) to exit for cgroup /sys/fs/cgroup/system/uid_1000/pid_584 after 0 ms
[   80.966219] libprocessgroup: Unable to remove cgroup /sys/fs/cgroup/system/uid_1000/pid_584: Device or resource busy
[   80.968924] init: Sending SIGTERM to service 'vendor.keymint-default' (pid 435) process group...
[   80.969622] libprocessgroup: Still waiting on process(es) to exit for cgroup /sys/fs/cgroup/system/uid_9999/pid_435 after 0 ms
[   80.971867] libprocessgroup: Unable to remove cgroup /sys/fs/cgroup/system/uid_9999/pid_435: Device or resource busy
[   80.975277] init: Sending SIGTERM to service 'vendor.gatekeeper_nonsecure' (pid 432) process group...
[   80.975939] libprocessgroup: Still waiting on process(es) to exit for cgroup /sys/fs/cgroup/system/uid_1000/pid_432 after 0 ms
[   80.976325] libprocessgroup: Unable to remove cgroup /sys/fs/cgroup/system/uid_1000/pid_432: Device or resource busy
[   80.982297] init: Sending SIGTERM to service 'vendor.boot-default' (pid 431) process group...
[   80.982884] libprocessgroup: Still waiting on process(es) to exit for cgroup /sys/fs/cgroup/system/uid_0/pid_431 after 0 ms
[   80.983242] libprocessgroup: Unable to remove cgroup /sys/fs/cgroup/system/uid_0/pid_431: Device or resource busy
[   80.986097] init: Sending SIGTERM to service 'suspend_blocker' (pid 430) process group...
[   81.001163] libprocessgroup: Still waiting on process(es) to exit for cgroup /sys/fs/cgroup/system/uid_0/pid_430 after 0 ms
[   81.001624] libprocessgroup: Unable to remove cgroup /sys/fs/cgroup/system/uid_0/pid_430: Device or resource busy
[   81.005114] init: Sending SIGTERM to service 'keystore2' (pid 429) process group...
[   81.006190] libprocessgroup: Still waiting on process(es) to exit for cgroup /sys/fs/cgroup/system/uid_1017/pid_429 after 0 ms
[   81.006595] libprocessgroup: Unable to remove cgroup /sys/fs/cgroup/system/uid_1017/pid_429: Device or resource busy
[   81.012302] init: Sending SIGTERM to service 'system_suspend' (pid 428) process group...
[   81.013762] libprocessgroup: Still waiting on process(es) to exit for cgroup /sys/fs/cgroup/system/uid_1000/pid_428 after 0 ms
[   81.014166] libprocessgroup: Unable to remove cgroup /sys/fs/cgroup/system/uid_1000/pid_428: Device or resource busy
[   81.024968] init: Sending SIGTERM to service 'lmkd' (pid 394) process group...
[   81.026190] libprocessgroup: Still waiting on process(es) to exit for cgroup /sys/fs/cgroup/system/uid_1069/pid_394 after 0 ms
[   81.026762] libprocessgroup: Unable to remove cgroup /sys/fs/cgroup/system/uid_1069/pid_394: Device or resource busy
[   81.032910] init: Sending SIGTERM to service 'prng_seeder' (pid 385) process group...
[   81.033534] libprocessgroup: Still waiting on process(es) to exit for cgroup /sys/fs/cgroup/system/uid_1092/pid_385 after 0 ms
[   81.034750] libprocessgroup: Unable to remove cgroup /sys/fs/cgroup/system/uid_1092/pid_385: Device or resource busy
[   81.171067] init: Service 'prng_seeder' (pid 385) received SIGTERM
[   81.176892] init: Sending SIGKILL to service 'prng_seeder' (pid 385) process group...
[   81.178010] libprocessgroup: Removed cgroup /sys/fs/cgroup/system/uid_1092/pid_385
[   81.181594] init: Service 'system_suspend' (pid 428) received SIGTERM
[   81.181784] init: Sending SIGKILL to service 'system_suspend' (pid 428) process group...
[   81.182678] libprocessgroup: Removed cgroup /sys/fs/cgroup/system/uid_1000/pid_428
[   81.183528] init: Service 'keystore2' (pid 429) received SIGTERM
[   81.183707] init: Sending SIGKILL to service 'keystore2' (pid 429) process group...
[   81.184411] libprocessgroup: Removed cgroup /sys/fs/cgroup/system/uid_1017/pid_429
[   81.187221] init: Service 'suspend_blocker' (pid 430) received SIGTERM
[   81.187534] init: Sending SIGKILL to service 'suspend_blocker' (pid 430) process group...
[   81.188269] libprocessgroup: Removed cgroup /sys/fs/cgroup/system/uid_0/pid_430
[   81.190968] init: Service 'vendor.boot-default' (pid 431) received SIGTERM
[   81.191136] init: Sending SIGKILL to service 'vendor.boot-default' (pid 431) process group...
[   81.191802] libprocessgroup: Removed cgroup /sys/fs/cgroup/system/uid_0/pid_431
[   81.192264] init: Service 'vendor.gatekeeper_nonsecure' (pid 432) received SIGTERM
[   81.192445] init: Sending SIGKILL to service 'vendor.gatekeeper_nonsecure' (pid 432) process group...
[   81.193182] libprocessgroup: Removed cgroup /sys/fs/cgroup/system/uid_1000/pid_432
[   81.193763] init: Service 'vendor.keymint-default' (pid 435) received SIGTERM
[   81.193959] init: Sending SIGKILL to service 'vendor.keymint-default' (pid 435) process group...
[   81.194678] libprocessgroup: Removed cgroup /sys/fs/cgroup/system/uid_9999/pid_435
[   81.195196] init: Service 'rpmb_mock_test_system' (pid 584) received SIGTERM
[   81.195385] init: Sending SIGKILL to service 'rpmb_mock_test_system' (pid 584) process group...
[   81.196211] libprocessgroup: Removed cgroup /sys/fs/cgroup/system/uid_1000/pid_584
[   81.196973] init: Service 'netd' (pid 592) received SIGTERM
[   81.197108] init: Sending SIGKILL to service 'netd' (pid 592) process group...
[   81.197827] libprocessgroup: Removed cgroup /sys/fs/cgroup/system/uid_0/pid_592
[   81.198785] init: Service 'audio_parameter_parser_service' (pid 603) received SIGTERM
[   81.198983] init: Sending SIGKILL to service 'audio_parameter_parser_service' (pid 603) process group...
[   81.199616] libprocessgroup: Removed cgroup /sys/fs/cgroup/system/uid_1041/pid_603
[   81.205569] init: Service 'vendor.sensors-hal-multihal' (pid 612) received SIGTERM
[   81.205802] init: Sending SIGKILL to service 'vendor.sensors-hal-multihal' (pid 612) process group...
[   81.206340] libprocessgroup: Removed cgroup /sys/fs/cgroup/system/uid_1000/pid_612
[   81.207100] init: Service 'vendor.motioncontext-default' (pid 616) received SIGTERM
[   81.207296] init: Sending SIGKILL to service 'vendor.motioncontext-default' (pid 616) process group...
[   81.207543] libprocessgroup: Failed to write 1 to /sys/fs/cgroup/system/uid_1080/pid_616/cgroup.kill: No such file or directory
[   81.208236] init: Service 'vendor.audio-hal-aidl' (pid 617) received SIGTERM
[   81.208443] init: Sending SIGKILL to service 'vendor.audio-hal-aidl' (pid 617) process group...
[   81.209048] libprocessgroup: Removed cgroup /sys/fs/cgroup/system/uid_1041/pid_617
[   81.210066] init: Service 'vendor.audio-effect-hal-aidl' (pid 618) received SIGTERM
[   81.210247] init: Sending SIGKILL to service 'vendor.audio-effect-hal-aidl' (pid 618) process group...
[   81.210919] libprocessgroup: Removed cgroup /sys/fs/cgroup/system/uid_1041/pid_618
[   81.211643] init: Service 'vendor.authsecret_default' (pid 619) received SIGTERM
[   81.211827] init: Sending SIGKILL to service 'vendor.authsecret_default' (pid 619) process group...
[   81.212525] libprocessgroup: Removed cgroup /sys/fs/cgroup/system/uid_1064/pid_619
[   81.213066] init: Service 'vendor.cas-default' (pid 620) received SIGTERM
[   81.213231] init: Sending SIGKILL to service 'vendor.cas-default' (pid 620) process group...
[   81.213835] libprocessgroup: Removed cgroup /sys/fs/cgroup/system/uid_1013/pid_620
[   81.214322] init: Service 'vendor.contexthub-default' (pid 623) received SIGTERM
[   81.214534] init: Sending SIGKILL to service 'vendor.contexthub-default' (pid 623) process group...
[   81.215201] libprocessgroup: Removed cgroup /sys/fs/cgroup/system/uid_1080/pid_623
[   81.215888] init: Service 'vendor.drm-clearkey-service' (pid 624) received SIGTERM
[   81.216068] init: Sending SIGKILL to service 'vendor.drm-clearkey-service' (pid 624) process group...
[   81.216604] libprocessgroup: Removed cgroup /sys/fs/cgroup/system/uid_1013/pid_624
[   81.217229] init: Service 'vendor.gnss-default' (pid 625) received SIGTERM
[   81.217428] init: Sending SIGKILL to service 'vendor.gnss-default' (pid 625) process group...
[   81.217941] libprocessgroup: Removed cgroup /sys/fs/cgroup/system/uid_9999/pid_625
[   81.218750] init: Service 'statsd' (pid 593) received SIGTERM
[   81.218918] init: Sending SIGKILL to service 'statsd' (pid 593) process group...
[   81.219508] libprocessgroup: Removed cgroup /sys/fs/cgroup/system/uid_1066/pid_593
[   81.220071] init: Service 'vendor.hwcomposer-3' (pid 627) received SIGTERM
[   81.220224] init: Sending SIGKILL to service 'vendor.hwcomposer-3' (pid 627) process group...
[   81.220531] libprocessgroup: Failed to write 1 to /sys/fs/cgroup/system/uid_1000/pid_627/cgroup.kill: No such file or directory
[   81.221877] init: Service 'vendor.inputprocessor-default' (pid 628) received SIGTERM
[   81.222118] init: Sending SIGKILL to service 'vendor.inputprocessor-default' (pid 628) process group...
[   81.223147] libprocessgroup: Removed cgroup /sys/fs/cgroup/system/uid_9999/pid_628
[   81.223726] init: Service 'vendor.ir-default' (pid 629) received SIGTERM
[   81.223942] init: Sending SIGKILL to service 'vendor.ir-default' (pid 629) process group...
[   81.224636] libprocessgroup: Removed cgroup /sys/fs/cgroup/system/uid_1000/pid_629
[   81.225242] init: Service 'vendor.memtrack-default' (pid 630) received SIGTERM
[   81.225879] init: Sending SIGKILL to service 'vendor.memtrack-default' (pid 630) process group...
[   81.226176] libprocessgroup: Failed to write 1 to /sys/fs/cgroup/system/uid_9999/pid_630/cgroup.kill: No such file or directory
[   81.227176] init: Service 'nlinterceptor' (pid 631) received SIGTERM
[   81.227458] init: Sending SIGKILL to service 'nlinterceptor' (pid 631) process group...
[   81.228335] libprocessgroup: Removed cgroup /sys/fs/cgroup/system/uid_0/pid_631
[   81.229596] init: Service 'neuralnetworks_hal_service_aidl_sample_all' (pid 632) received SIGTERM
[   81.229872] init: Sending SIGKILL to service 'neuralnetworks_hal_service_aidl_sample_all' (pid 632) process group...
[   81.230348] libprocessgroup: Failed to write 1 to /sys/fs/cgroup/system/uid_1000/pid_632/cgroup.kill: No such file or directory
[   81.231771] init: Service 'neuralnetworks_hal_service_aidl_sample_limited' (pid 633) received SIGTERM
[   81.232042] init: Sending SIGKILL to service 'neuralnetworks_hal_service_aidl_sample_limited' (pid 633) process group...
[   81.233942] libprocessgroup: Removed cgroup /sys/fs/cgroup/system/uid_1000/pid_633
[   81.234649] init: Service 'neuralnetworks_hal_service_shim_sample' (pid 634) received SIGTERM
[   81.234959] init: Sending SIGKILL to service 'neuralnetworks_hal_service_shim_sample' (pid 634) process group...
[   81.235628] libprocessgroup: Removed cgroup /sys/fs/cgroup/system/uid_1000/pid_634
[   81.236383] init: Service 'vendor.power-default' (pid 636) received SIGTERM
[   81.236646] init: Sending SIGKILL to service 'vendor.power-default' (pid 636) process group...
[   81.241271] libprocessgroup: Removed cgroup /sys/fs/cgroup/system/uid_9999/pid_636
[   81.242009] init: Service 'vendor.power.stats-default' (pid 638) received SIGTERM
[   81.242237] init: Sending SIGKILL to service 'vendor.power.stats-default' (pid 638) process group...
[   81.242929] libprocessgroup: Removed cgroup /sys/fs/cgroup/system/uid_1000/pid_638
[   81.244006] init: Service 'vendor.rebootescrow-default' (pid 639) received SIGTERM
[   81.244546] init: Sending SIGKILL to service 'vendor.rebootescrow-default' (pid 639) process group...
[   81.245324] libprocessgroup: Removed cgroup /sys/fs/cgroup/system/uid_1000/pid_639
[   81.246368] init: Service 'vendor.secure_element' (pid 641) received SIGTERM
[   81.247379] init: Sending SIGKILL to service 'vendor.secure_element' (pid 641) process group...
[   81.248073] libprocessgroup: Removed cgroup /sys/fs/cgroup/system/uid_9999/pid_641
[   81.248655] init: Service 'vendor.authgraph' (pid 642) received SIGTERM
[   81.249512] init: Sending SIGKILL to service 'vendor.authgraph' (pid 642) process group...
[   81.250073] libprocessgroup: Removed cgroup /sys/fs/cgroup/system/uid_9999/pid_642
[   81.250689] init: Service 'vendor.secretkeeper' (pid 643) received SIGTERM
[   81.250946] init: Sending SIGKILL to service 'vendor.secretkeeper' (pid 643) process group...
[   81.251968] libprocessgroup: Removed cgroup /sys/fs/cgroup/system/uid_9999/pid_643
[   81.252666] init: Service 'vendor.tetheroffload-example' (pid 644) received SIGTERM
[   81.253602] init: Sending SIGKILL to service 'vendor.tetheroffload-example' (pid 644) process group...
[   81.254229] libprocessgroup: Removed cgroup /sys/fs/cgroup/system/uid_9999/pid_644
[   81.254839] init: Service 'vendor.thermal-example' (pid 645) received SIGTERM
[   81.255537] init: Sending SIGKILL to service 'vendor.thermal-example' (pid 645) process group...
[   81.256848] libprocessgroup: Failed to write 1 to /sys/fs/cgroup/system/uid_9999/pid_645/cgroup.kill: No such file or directory
[   81.257685] init: Service 'vendor.threadnetwork_hal' (pid 646) received SIGTERM
[   81.257942] init: Sending SIGKILL to service 'vendor.threadnetwork_hal' (pid 646) process group...
[   81.258653] libprocessgroup: Removed cgroup /sys/fs/cgroup/system/uid_1084/pid_646
[   81.259287] init: Service 'vendor.usb_default' (pid 647) received SIGTERM
[   81.259527] init: Sending SIGKILL to service 'vendor.usb_default' (pid 647) process group...
[   81.260110] libprocessgroup: Removed cgroup /sys/fs/cgroup/system/uid_1000/pid_647
[   81.260899] init: Service 'vendor.uwb_hal' (pid 650) received SIGTERM
[   81.261160] init: Sending SIGKILL to service 'vendor.uwb_hal' (pid 650) process group...
[   81.261447] libprocessgroup: Failed to write 1 to /sys/fs/cgroup/system/uid_1083/pid_650/cgroup.kill: No such file or directory
[   81.262254] init: Service 'vendor.vibrator-default' (pid 652) received SIGTERM
[   81.262812] init: Sending SIGKILL to service 'vendor.vibrator-default' (pid 652) process group...
[   81.263097] libprocessgroup: Failed to write 1 to /sys/fs/cgroup/system/uid_9999/pid_652/cgroup.kill: No such file or directory
[   81.263898] init: Service 'vendor.wifi_hal_legacy' (pid 653) received SIGTERM
[   81.264388] init: Sending SIGKILL to service 'vendor.wifi_hal_legacy' (pid 653) process group...
[   81.265912] libprocessgroup: Removed cgroup /sys/fs/cgroup/system/uid_1010/pid_653
[   81.266712] init: Service 'bt_hci' (pid 654) received SIGTERM
[   81.266937] init: Sending SIGKILL to service 'bt_hci' (pid 654) process group...
[   81.267584] libprocessgroup: Removed cgroup /sys/fs/cgroup/system/uid_1002/pid_654
[   81.268914] init: Service 'bt_finder' (pid 655) received SIGTERM
[   81.269144] init: Sending SIGKILL to service 'bt_finder' (pid 655) process group...
[   81.269429] libprocessgroup: Failed to write 1 to /sys/fs/cgroup/system/uid_1002/pid_655/cgroup.kill: No such file or directory
[   81.271199] init: Service 'bt_ranging' (pid 659) received SIGTERM
[   81.271449] init: Sending SIGKILL to service 'bt_ranging' (pid 659) process group...
[   81.272108] libprocessgroup: Removed cgroup /sys/fs/cgroup/system/uid_1002/pid_659
[   81.272873] init: Service 'bt_lmp_event' (pid 660) received SIGTERM
[   81.273613] init: Sending SIGKILL to service 'bt_lmp_event' (pid 660) process group...
[   81.274165] libprocessgroup: Removed cgroup /sys/fs/cgroup/system/uid_1002/pid_660
[   81.274905] init: Service 'bt_socket' (pid 663) received SIGTERM
[   81.275608] init: Sending SIGKILL to service 'bt_socket' (pid 663) process group...
[   81.276338] libprocessgroup: Removed cgroup /sys/fs/cgroup/system/uid_1002/pid_663
[   81.276914] init: Service 'bt_socket_lpp' (pid 664) received SIGTERM
[   81.277152] init: Sending SIGKILL to service 'bt_socket_lpp' (pid 664) process group...
[   81.284968] libprocessgroup: Removed cgroup /sys/fs/cgroup/system/uid_1002/pid_664
[   81.285889] init: Service 'bt_gatt_lpp' (pid 665) received SIGTERM
[   81.286085] init: Sending SIGKILL to service 'bt_gatt_lpp' (pid 665) process group...
[   81.286764] libprocessgroup: Removed cgroup /sys/fs/cgroup/system/uid_1002/pid_665
[   81.288189] init: Service 'vendor.graphics.allocator' (pid 667) received SIGTERM
[   81.288952] init: Sending SIGKILL to service 'vendor.graphics.allocator' (pid 667) process group...
[   81.289914] libprocessgroup: Failed to write 1 to /sys/fs/cgroup/system/uid_1000/pid_667/cgroup.kill: No such file or directory
[   81.290925] init: Service 'vendor.health-cuttlefish' (pid 668) received SIGTERM
[   81.291167] init: Sending SIGKILL to service 'vendor.health-cuttlefish' (pid 668) process group...
[   81.291798] libprocessgroup: Removed cgroup /sys/fs/cgroup/system/uid_1000/pid_668
[   81.294205] init: Service 'vendor.identity-remote' (pid 669) received SIGTERM
[   81.294485] init: Sending SIGKILL to service 'vendor.identity-remote' (pid 669) process group...
[   81.295084] libprocessgroup: Removed cgroup /sys/fs/cgroup/system/uid_9999/pid_669
[   81.295702] init: Service 'nfc_hal_service' (pid 671) received SIGTERM
[   81.295951] init: Sending SIGKILL to service 'nfc_hal_service' (pid 671) process group...
[   81.296631] libprocessgroup: Removed cgroup /sys/fs/cgroup/system/uid_1027/pid_671
[   81.297246] init: Service 'vendor.oemlock_default' (pid 678) received SIGTERM
[   81.297482] init: Sending SIGKILL to service 'vendor.oemlock_default' (pid 678) process group...
[   81.298870] libprocessgroup: Removed cgroup /sys/fs/cgroup/system/uid_1064/pid_678
[   81.299440] init: Service 'vendor.camera-provider-2-7-google' (pid 680) received SIGTERM
[   81.299656] init: Sending SIGKILL to service 'vendor.camera-provider-2-7-google' (pid 680) process group...
[   81.300325] libprocessgroup: Removed cgroup /sys/fs/cgroup/system/uid_1047/pid_680
[   81.302919] init: Service 'audioserver' (pid 681) received SIGTERM
[   81.303717] init: Sending SIGKILL to service 'audioserver' (pid 681) process group...
[   81.304227] libprocessgroup: Removed cgroup /sys/fs/cgroup/system/uid_1041/pid_681
[   81.308518] init: Service 'credstore' (pid 682) received SIGTERM
[   81.308741] init: Sending SIGKILL to service 'credstore' (pid 682) process group...
[   81.309500] libprocessgroup: Removed cgroup /sys/fs/cgroup/system/uid_1076/pid_682
[   81.310547] init: Service 'gpu' (pid 683) received SIGTERM
[   81.310717] init: Sending SIGKILL to service 'gpu' (pid 683) process group...
[   81.311336] libprocessgroup: Removed cgroup /sys/fs/cgroup/system/uid_1072/pid_683
[   81.315484] init: Service 'surfaceflinger' (pid 685) received SIGTERM
[   81.315969] init: Sending SIGKILL to service 'surfaceflinger' (pid 685) process group...
[   81.316745] libprocessgroup: Removed cgroup /sys/fs/cgroup/system/uid_1000/pid_685
[   81.318323] init: Service 'socket_vsock_proxy' (pid 691) received SIGTERM
[   81.318578] init: Sending SIGKILL to service 'socket_vsock_proxy' (pid 691) process group...
[   81.319238] libprocessgroup: Removed cgroup /sys/fs/cgroup/system/uid_0/pid_691
[   81.319930] init: Service 'vendor.confirmationui_default' (pid 694) received SIGTERM
[   81.320157] init: Sending SIGKILL to service 'vendor.confirmationui_default' (pid 694) process group...
[   81.321008] libprocessgroup: Removed cgroup /sys/fs/cgroup/system/uid_1000/pid_694
[   81.325154] init: Service 'drm' (pid 701) received SIGTERM
[   81.325339] init: Sending SIGKILL to service 'drm' (pid 701) process group...
[   81.326080] libprocessgroup: Removed cgroup /sys/fs/cgroup/system/uid_1019/pid_701
[   81.326822] init: Service 'traced_probes' (pid 712) received SIGTERM
[   81.327086] init: Sending SIGKILL to service 'traced_probes' (pid 712) process group...
[   81.327958] libprocessgroup: Removed cgroup /sys/fs/cgroup/system/uid_9999/pid_712
[   81.328597] init: Service 'traced' (pid 713) received SIGTERM
[   81.328810] init: Sending SIGKILL to service 'traced' (pid 713) process group...
[   81.329678] libprocessgroup: Removed cgroup /sys/fs/cgroup/system/uid_9999/pid_713
[   81.330678] init: Service 'cameraserver' (pid 722) received SIGTERM
[   81.330918] init: Sending SIGKILL to service 'cameraserver' (pid 722) process group...
[   81.331603] libprocessgroup: Removed cgroup /sys/fs/cgroup/system/uid_1047/pid_722
[   81.343021] init: Service 'incidentd' (pid 726) received SIGTERM
[   81.343226] init: Sending SIGKILL to service 'incidentd' (pid 726) process group...
[   81.343796] libprocessgroup: Removed cgroup /sys/fs/cgroup/system/uid_1067/pid_726
[   81.347370] init: Service 'installd' (pid 728) received SIGTERM
[   81.347600] init: Sending SIGKILL to service 'installd' (pid 728) process group...
[   81.348746] libprocessgroup: Removed cgroup /sys/fs/cgroup/system/uid_0/pid_728
[   81.350222] init: Service 'mediaextractor' (pid 730) received SIGTERM
[   81.350412] init: Sending SIGKILL to service 'mediaextractor' (pid 730) process group...
[   81.351229] libprocessgroup: Removed cgroup /sys/fs/cgroup/system/uid_1040/pid_730
[   81.358702] init: Service 'mediametrics' (pid 732) received SIGTERM
[   81.359107] init: Sending SIGKILL to service 'mediametrics' (pid 732) process group...
[   81.367557] libprocessgroup: Removed cgroup /sys/fs/cgroup/system/uid_1013/pid_732
[   81.376602] init: Service 'media' (pid 733) received SIGTERM
[   81.376778] init: Sending SIGKILL to service 'media' (pid 733) process group...
[   81.377328] libprocessgroup: Removed cgroup /sys/fs/cgroup/system/uid_1013/pid_733
[   81.379030] init: Service 'storaged' (pid 735) received SIGTERM
[   81.379207] init: Sending SIGKILL to service 'storaged' (pid 735) process group...
[   81.379739] libprocessgroup: Removed cgroup /sys/fs/cgroup/system/uid_0/pid_735
[   81.389106] init: Service 'seriallogging' (pid 737) received SIGTERM
[   81.389301] init: Sending SIGKILL to service 'seriallogging' (pid 737) process group...
[   81.390105] libprocessgroup: Removed cgroup /sys/fs/cgroup/system/uid_1036/pid_737
[   81.392218] init: Service 'media.swcodec' (pid 738) received SIGTERM
[   81.392904] init: Sending SIGKILL to service 'media.swcodec' (pid 738) process group...
[   81.393359] libprocessgroup: Removed cgroup /sys/fs/cgroup/system/uid_1046/pid_738
[   81.399515] init: Service 'vendor.ril-daemon' (pid 740) received SIGTERM
[   81.399699] init: Sending SIGKILL to service 'vendor.ril-daemon' (pid 740) process group...
[   81.400320] libprocessgroup: Failed to write 1 to /sys/fs/cgroup/system/uid_1001/pid_740/cgroup.kill: No such file or directory
[   81.401088] init: Service 'gatekeeperd' (pid 743) received SIGTERM
[   81.401265] init: Sending SIGKILL to service 'gatekeeperd' (pid 743) process group...
[   81.402879] libprocessgroup: Removed cgroup /sys/fs/cgroup/system/uid_1000/pid_743
[   81.408272] init: Service 'update_engine' (pid 744) exited with status 0
[   81.408853] init: Sending SIGKILL to service 'update_engine' (pid 744) process group...
[   81.409363] libprocessgroup: Removed cgroup /sys/fs/cgroup/system/uid_0/pid_744
[   81.413274] init: Service 'tombstone_transmit' (pid 749) received SIGTERM
[   81.414107] init: Sending SIGKILL to service 'tombstone_transmit' (pid 749) process group...
[   81.414357] libprocessgroup: Failed to write 1 to /sys/fs/cgroup/system/uid_0/pid_749/cgroup.kill: No such file or directory
[   81.415122] init: Service 'vendor.face-default' (pid 2595) received SIGTERM oneshot service took 40.716999 seconds in background
[   81.415935] init: Sending SIGKILL to service 'vendor.face-default' (pid 2595) process group...
[   81.416756] libprocessgroup: Removed cgroup /sys/fs/cgroup/system/uid_9999/pid_2595
[   81.425292] init: Service 'vendor.fingerprint-default' (pid 2597) received SIGTERM oneshot service took 40.715000 seconds in background
[   81.425908] init: Sending SIGKILL to service 'vendor.fingerprint-default' (pid 2597) process group...
[   81.426797] libprocessgroup: Removed cgroup /sys/fs/cgroup/system/uid_9999/pid_2597
[   81.429884] init: Service 'ot-daemon' (pid 2620) exited with status 0 oneshot service took 40.030998 seconds in background
[   81.430834] init: Sending SIGKILL to service 'ot-daemon' (pid 2620) process group...
[   81.431374] libprocessgroup: Removed cgroup /sys/fs/cgroup/system/uid_1084/pid_2620
[   81.556088] init: Service 'idmap2d' (pid 3080) received SIGTERM
[   81.579579] init: Sending SIGKILL to service 'idmap2d' (pid 3080) process group...
[   81.587698] libprocessgroup: Removed cgroup /sys/fs/cgroup/system/uid_1000/pid_3080
[   81.610721] init: Service 'mdnsd' (pid 3093) exited with status 4 oneshot service took 26.448999 seconds in background
[   81.611005] init: Sending SIGKILL to service 'mdnsd' (pid 3093) process group...
[   81.634175] libprocessgroup: Removed cgroup /sys/fs/cgroup/system/uid_1020/pid_3093
[   81.647590] init: Service 'pmgd' (pid 3213) received SIGTERM
[   81.647830] init: Sending SIGKILL to service 'pmgd' (pid 3213) process group...
[   81.653753] libprocessgroup: Removed cgroup /sys/fs/cgroup/system/uid_9999/pid_3213
[   81.666319] init: Service 'blank_screen' (pid 3998) exited with status 0 oneshot service took 1.775000 seconds in background
[   81.668427] init: Sending SIGKILL to service 'blank_screen' (pid 3998) process group...
[   81.676267] libprocessgroup: Removed cgroup /sys/fs/cgroup/system/uid_1000/pid_3998
[   81.683946] init: Untracked process (pid: 595 name: (iptables-restor) ppid: 1 pgrp: 592 state: Z) received SIGTERM
[   81.684274] init: Untracked process (pid: 595 name: (iptables-restor) ppid: 1 pgrp: 592 state: Z) did not have an associated service entry and will not be reaped
[   81.689992] init: Untracked process (pid: 596 name: (ip6tables-resto) ppid: 1 pgrp: 592 state: Z) received SIGTERM
[   81.690166] init: Untracked process (pid: 596 name: (ip6tables-resto) ppid: 1 pgrp: 592 state: Z) did not have an associated service entry and will not be reaped
[   82.187000] init: Service 'lmkd' (pid 394) received SIGTERM
[   82.190724] init: Sending SIGKILL to service 'lmkd' (pid 394) process group...
[   82.220210] libprocessgroup: Removed cgroup /sys/fs/cgroup/system/uid_1069/pid_394
[   82.266947] init: Service 'zygote' (pid 594) received SIGTERM
[   82.268283] init: Sending SIGKILL to service 'zygote' (pid 594) process group...
[   82.380671] libprocessgroup: Removed cgroup /sys/fs/cgroup/system/uid_0/pid_594
[   82.412599] libprocessgroup: Removing /sys/fs/cgroup/apps/uid_10077/pid_3944
[   82.414993] libprocessgroup: Removing /sys/fs/cgroup/apps/uid_10077
[   82.416566] libprocessgroup: Removing /sys/fs/cgroup/apps/uid_10029/pid_3363
[   82.423111] libprocessgroup: Removing /sys/fs/cgroup/apps/uid_10029
[   82.425820] libprocessgroup: Removing /sys/fs/cgroup/apps/uid_10057/pid_3242
[   82.428563] libprocessgroup: Removing /sys/fs/cgroup/apps/uid_10057
[   82.434277] libprocessgroup: Removing /sys/fs/cgroup/apps/uid_10085/pid_2817
[   82.435484] libprocessgroup: Removing /sys/fs/cgroup/apps/uid_10085
[   82.436644] libprocessgroup: Removing /sys/fs/cgroup/apps/uid_10103/pid_3779
[   82.442388] libprocessgroup: Removing /sys/fs/cgroup/apps/uid_10103
[   82.443431] libprocessgroup: Removing /sys/fs/cgroup/apps/uid_10121/pid_3041
[   82.447752] libprocessgroup: Removing /sys/fs/cgroup/apps/uid_10121
[   82.448740] libprocessgroup: Removing /sys/fs/cgroup/apps/uid_10027/pid_3747
[   82.451872] libprocessgroup: Removing /sys/fs/cgroup/apps/uid_10027
[   82.455239] libprocessgroup: Removing /sys/fs/cgroup/apps/uid_10063/pid_3891
[   82.456259] libprocessgroup: Removing /sys/fs/cgroup/apps/uid_10063
[   82.457490] libprocessgroup: Removing /sys/fs/cgroup/apps/uid_10081/pid_3707
[   82.458516] libprocessgroup: Removing /sys/fs/cgroup/apps/uid_10081
[   82.459452] libprocessgroup: Removing /sys/fs/cgroup/apps/uid_10061/pid_3681
[   82.460016] libprocessgroup: Removing /sys/fs/cgroup/apps/uid_10023/pid_3427
[   82.462745] libprocessgroup: Removing /sys/fs/cgroup/apps/uid_10023
[   82.463407] libprocessgroup: Removing /sys/fs/cgroup/apps/uid_10108/pid_3387
[   82.464099] libprocessgroup: Removing /sys/fs/cgroup/apps/uid_10108
[   82.464636] libprocessgroup: Removing /sys/fs/cgroup/apps/uid_10098/pid_3882
[   82.465380] libprocessgroup: Removing /sys/fs/cgroup/apps/uid_10098
[   82.466054] libprocessgroup: Removing /sys/fs/cgroup/apps/uid_10088/pid_2649
[   82.466717] libprocessgroup: Removing /sys/fs/cgroup/apps/uid_10088
[   82.467334] libprocessgroup: Removing /sys/fs/cgroup/apps/uid_10021/pid_3288
[   82.468137] libprocessgroup: Removing /sys/fs/cgroup/apps/uid_10021
[   82.468746] libprocessgroup: Removing /sys/fs/cgroup/apps/uid_10068/pid_3488
[   82.469508] libprocessgroup: Removing /sys/fs/cgroup/apps/uid_10068
[   82.470039] libprocessgroup: Removing /sys/fs/cgroup/apps/uid_10114
[   82.470633] libprocessgroup: Removing /sys/fs/cgroup/apps/uid_10104/pid_3698
[   82.471146] libprocessgroup: Removing /sys/fs/cgroup/apps/uid_10104/pid_3931
[   82.471607] libprocessgroup: Removing /sys/fs/cgroup/apps/uid_10104
[   82.472239] libprocessgroup: Removing /sys/fs/cgroup/apps/uid_10048/pid_3971
[   82.473345] libprocessgroup: Removing /sys/fs/cgroup/apps/uid_10048
[   82.475000] libprocessgroup: Removing /sys/fs/cgroup/apps/uid_10076/pid_3533
[   82.475766] libprocessgroup: Removing /sys/fs/cgroup/apps/uid_10076
[   82.476408] libprocessgroup: Removing /sys/fs/cgroup/apps/uid_10066/pid_3620
[   82.477694] libprocessgroup: Removing /sys/fs/cgroup/apps/uid_10066
[   82.478504] libprocessgroup: Removing /sys/fs/cgroup/apps/uid_10094/pid_2657
[   82.479400] libprocessgroup: Removing /sys/fs/cgroup/apps/uid_10094
[   82.480335] libprocessgroup: Removing /sys/fs/cgroup/apps/uid_10028/pid_3215
[   82.480941] libprocessgroup: Removing /sys/fs/cgroup/apps/uid_10028
[   82.481649] libprocessgroup: Removing /sys/fs/cgroup/apps/uid_10084/pid_2959
[   82.482514] libprocessgroup: Removing /sys/fs/cgroup/apps/uid_10084
[   82.483112] libprocessgroup: Removing /sys/fs/cgroup/apps/uid_10102/pid_3857
[   82.484583] libprocessgroup: Removing /sys/fs/cgroup/apps/uid_10102
[   82.485237] libprocessgroup: Removing /sys/fs/cgroup/apps/uid_10036/pid_3871
[   82.485842] libprocessgroup: Removing /sys/fs/cgroup/apps/uid_10036
[   82.486344] libprocessgroup: Removing /sys/fs/cgroup/apps/uid_10064/pid_3830
[   82.488220] libprocessgroup: Removing /sys/fs/cgroup/apps/uid_10064
[   82.489482] libprocessgroup: Removing /sys/fs/cgroup/apps/uid_10072/pid_3140
[   82.490526] libprocessgroup: Removing /sys/fs/cgroup/apps/uid_10072
[   82.491228] libprocessgroup: Removing /sys/fs/cgroup/apps/uid_10034/pid_3315
[   82.491889] libprocessgroup: Removing /sys/fs/cgroup/apps/uid_10034
[   82.492425] libprocessgroup: Removing /sys/fs/cgroup/apps/uid_10062/pid_3562
[   82.493262] libprocessgroup: Removing /sys/fs/cgroup/apps/uid_10062
[   82.496018] libprocessgroup: Removing /sys/fs/cgroup/apps/uid_10024/pid_3172
[   82.497108] libprocessgroup: Removing /sys/fs/cgroup/apps/uid_10024
[   82.498125] libprocessgroup: Removing /sys/fs/cgroup/apps/uid_10109/pid_3124
[   82.498777] libprocessgroup: Removing /sys/fs/cgroup/apps/uid_10109
[   82.499150] libprocessgroup: Removing /sys/fs/cgroup/apps/uid_10080/pid_3325
[   82.499552] libprocessgroup: Removing /sys/fs/cgroup/apps/uid_10080
[   82.499945] libprocessgroup: Removing /sys/fs/cgroup/apps/uid_10099/pid_3145
[   82.500357] libprocessgroup: Removing /sys/fs/cgroup/apps/uid_10099
[   82.500881] libprocessgroup: Removing /sys/fs/cgroup/apps/uid_10107/pid_3207
[   82.501562] libprocessgroup: Removing /sys/fs/cgroup/apps/uid_10107
[   82.503167] libprocessgroup: Removing /sys/fs/cgroup/apps/uid_10069/pid_3733
[   82.503656] libprocessgroup: Removing /sys/fs/cgroup/apps/uid_10069
[   82.504001] libprocessgroup: Removing /sys/fs/cgroup/apps/uid_10030/pid_3314
[   82.504465] libprocessgroup: Removing /sys/fs/cgroup/apps/uid_10030
[   82.504804] libprocessgroup: Removing /sys/fs/cgroup/apps/uid_10059/pid_3650
[   82.505408] libprocessgroup: Removing /sys/fs/cgroup/apps/uid_10059
[   82.506254] libprocessgroup: Removing /sys/fs/cgroup/system/uid_1003
[   82.506834] libprocessgroup: Removing /sys/fs/cgroup/system/uid_9999/pid_670
[   82.507174] libprocessgroup: Removing /sys/fs/cgroup/system/uid_1068/pid_2784
[   82.507692] libprocessgroup: Removing /sys/fs/cgroup/system/uid_1068
[   82.508147] libprocessgroup: Removing /sys/fs/cgroup/system/uid_1001/pid_2789
[   82.508540] libprocessgroup: Removing /sys/fs/cgroup/system/uid_1001
[   82.509393] libprocessgroup: Removing /sys/fs/cgroup/system/uid_1058/pid_465
[   82.509685] libprocessgroup: Removing /sys/fs/cgroup/system/uid_1086
[   82.510064] libprocessgroup: Removing /sys/fs/cgroup/system/uid_1076
[   82.510626] libprocessgroup: Removing /sys/fs/cgroup/system/uid_1066
[   82.511114] libprocessgroup: Removing /sys/fs/cgroup/system/uid_1084
[   82.511777] libprocessgroup: Removing /sys/fs/cgroup/system/uid_1046
[   82.512183] libprocessgroup: Removing /sys/fs/cgroup/system/uid_1036/pid_393
[   82.512482] libprocessgroup: Removing /sys/fs/cgroup/system/uid_1064
[   82.513896] libprocessgroup: Removing /sys/fs/cgroup/system/uid_1092
[   82.514409] libprocessgroup: Removing /sys/fs/cgroup/system/uid_2000/pid_3916
[   82.514745] libprocessgroup: Removing /sys/fs/cgroup/system/uid_2000
[   82.515119] libprocessgroup: Removing /sys/fs/cgroup/system/uid_1082
[   82.515522] libprocessgroup: Removing /sys/fs/cgroup/system/uid_1072
[   82.515984] libprocessgroup: Removing /sys/fs/cgroup/system/uid_1080
[   82.516555] libprocessgroup: Removing /sys/fs/cgroup/system/uid_1040
[   82.517120] libprocessgroup: Removing /sys/fs/cgroup/system/uid_1069
[   82.517593] libprocessgroup: Removing /sys/fs/cgroup/system/uid_1002/pid_2796
[   82.517945] libprocessgroup: Removing /sys/fs/cgroup/system/uid_1002
[   82.518753] libprocessgroup: Removing /sys/fs/cgroup/system/uid_1020
[   82.519164] libprocessgroup: Removing /sys/fs/cgroup/system/uid_1010
[   82.519643] libprocessgroup: Removing /sys/fs/cgroup/system/uid_1067
[   82.520131] libprocessgroup: Removing /sys/fs/cgroup/system/uid_1000/pid_2854
[   82.520494] libprocessgroup: Removing /sys/fs/cgroup/system/uid_1000/pid_3772
[   82.521070] libprocessgroup: Removing /sys/fs/cgroup/system/uid_1000/pid_395
[   82.522985] libprocessgroup: Removing /sys/fs/cgroup/system/uid_1000/pid_3523
[   82.523326] libprocessgroup: Removing /sys/fs/cgroup/system/uid_1000/pid_3759
[   82.523974] libprocessgroup: Removing /sys/fs/cgroup/system/uid_1000/pid_3409
[   82.524354] libprocessgroup: Removing /sys/fs/cgroup/system/uid_1000/pid_832
[   82.524646] libprocessgroup: Removing /sys/fs/cgroup/system/uid_1000/pid_3999
[   82.525116] libprocessgroup: Removing /sys/fs/cgroup/system/uid_1019
[   82.525991] libprocessgroup: Removing /sys/fs/cgroup/system/uid_1047
[   82.527283] libprocessgroup: Removing /sys/fs/cgroup/system/uid_1037
[   82.527804] libprocessgroup: Removing /sys/fs/cgroup/system/uid_1027/pid_2782
[   82.528269] libprocessgroup: Removing /sys/fs/cgroup/system/uid_1027
[   82.528995] libprocessgroup: Removing /sys/fs/cgroup/system/uid_1083
[   82.529553] libprocessgroup: Removing /sys/fs/cgroup/system/uid_1017
[   82.530558] libprocessgroup: Removing /sys/fs/cgroup/system/uid_1073/pid_2738
[   82.531007] libprocessgroup: Removing /sys/fs/cgroup/system/uid_1073
[   82.532323] libprocessgroup: Removing /sys/fs/cgroup/system/uid_1053/pid_2692
[   82.532721] libprocessgroup: Removing /sys/fs/cgroup/system/uid_1053
[   82.533309] libprocessgroup: Removing /sys/fs/cgroup/system/uid_0/pid_410
[   82.534542] libprocessgroup: Removing /sys/fs/cgroup/system/uid_0/pid_3829
[   82.534746] libprocessgroup: Removing /sys/fs/cgroup/system/uid_0/pid_102
[   82.539409] libprocessgroup: Removing /sys/fs/cgroup/system/uid_1081
[   82.540087] libprocessgroup: Removing /sys/fs/cgroup/system/uid_1023
[   82.540605] libprocessgroup: Removing /sys/fs/cgroup/system/uid_1013
[   82.541593] libprocessgroup: Removing /sys/fs/cgroup/system/uid_1041
[   82.548858] init: Untracked process (pid: 2649 name: (ndroid.systemui) ppid: 1 pgrp: 594 state: Z) received SIGTERM
[   82.549258] init: Untracked process (pid: 2649 name: (ndroid.systemui) ppid: 1 pgrp: 594 state: Z) did not have an associated service entry and will not be reaped
[   82.553249] init: Untracked process (pid: 2657 name: (ssioncontroller) ppid: 1 pgrp: 594 state: Z) received SIGTERM
[   82.553611] init: Untracked process (pid: 2657 name: (ssioncontroller) ppid: 1 pgrp: 594 state: Z) did not have an associated service entry and will not be reaped
[   82.554200] init: Untracked process (pid: 2692 name: (webview_zygote) ppid: 1 pgrp: 594 state: Z) received SIGTERM
[   82.554466] init: Untracked process (pid: 2692 name: (webview_zygote) ppid: 1 pgrp: 594 state: Z) did not have an associated service entry and will not be reaped
[   82.555046] init: Untracked process (pid: 2738 name: (rkstack.process) ppid: 1 pgrp: 594 state: Z) received SIGTERM
[   82.555329] init: Untracked process (pid: 2738 name: (rkstack.process) ppid: 1 pgrp: 594 state: Z) did not have an associated service entry and will not be reaped
[   82.556225] init: Untracked process (pid: 2782 name: (com.android.nfc) ppid: 1 pgrp: 594 state: Z) received SIGTERM
[   82.556533] init: Untracked process (pid: 2782 name: (com.android.nfc) ppid: 1 pgrp: 594 state: Z) did not have an associated service entry and will not be reaped
[   82.557272] init: Untracked process (pid: 2784 name: (com.android.se) ppid: 1 pgrp: 594 state: Z) received SIGTERM
[   82.558003] init: Untracked process (pid: 2784 name: (com.android.se) ppid: 1 pgrp: 594 state: Z) did not have an associated service entry and will not be reaped
[   82.558338] init: Untracked process (pid: 2789 name: (m.android.phone) ppid: 1 pgrp: 594 state: Z) received SIGTERM
[   82.559097] init: Untracked process (pid: 2789 name: (m.android.phone) ppid: 1 pgrp: 594 state: Z) did not have an associated service entry and will not be reaped
[   82.559861] init: Untracked process (pid: 2796 name: (droid.bluetooth) ppid: 1 pgrp: 594 state: Z) received SIGTERM
[   82.561187] init: Untracked process (pid: 2796 name: (droid.bluetooth) ppid: 1 pgrp: 594 state: Z) did not have an associated service entry and will not be reaped
[   82.561609] init: Untracked process (pid: 2817 name: (droid.provision) ppid: 1 pgrp: 594 state: Z) received SIGTERM
[   82.562245] init: Untracked process (pid: 2817 name: (droid.provision) ppid: 1 pgrp: 594 state: Z) did not have an associated service entry and will not be reaped
[   82.563531] init: Untracked process (pid: 2854 name: (ndroid.settings) ppid: 1 pgrp: 594 state: Z) received SIGTERM
[   82.563687] init: Untracked process (pid: 2854 name: (ndroid.settings) ppid: 1 pgrp: 594 state: Z) did not have an associated service entry and will not be reaped
[   82.564708] init: Untracked process (pid: 2959 name: (droid.launcher3) ppid: 1 pgrp: 594 state: Z) received SIGTERM
[   82.565245] init: Untracked process (pid: 2959 name: (droid.launcher3) ppid: 1 pgrp: 594 state: Z) did not have an associated service entry and will not be reaped
[   82.566386] init: Untracked process (pid: 3041 name: (receiver.module) ppid: 1 pgrp: 594 state: Z) received SIGTERM
[   82.567096] init: Untracked process (pid: 3041 name: (receiver.module) ppid: 1 pgrp: 594 state: Z) did not have an associated service entry and will not be reaped
[   82.567693] init: Untracked process (pid: 3124 name: (d.appsearch.apk) ppid: 1 pgrp: 594 state: Z) received SIGTERM
[   82.567980] init: Untracked process (pid: 3124 name: (d.appsearch.apk) ppid: 1 pgrp: 594 state: Z) did not have an associated service entry and will not be reaped
[   82.568502] init: Untracked process (pid: 3140 name: (putmethod.latin) ppid: 1 pgrp: 594 state: Z) received SIGTERM
[   82.568756] init: Untracked process (pid: 3140 name: (putmethod.latin) ppid: 1 pgrp: 594 state: Z) did not have an associated service entry and will not be reaped
[   82.569456] init: Untracked process (pid: 3145 name: (elockcontroller) ppid: 1 pgrp: 594 state: Z) received SIGTERM
[   82.569680] init: Untracked process (pid: 3145 name: (elockcontroller) ppid: 1 pgrp: 594 state: Z) did not have an associated service entry and will not be reaped
[   82.570060] init: Untracked process (pid: 3172 name: (oadcastreceiver) ppid: 1 pgrp: 594 state: Z) received SIGTERM
[   82.570274] init: Untracked process (pid: 3172 name: (oadcastreceiver) ppid: 1 pgrp: 594 state: Z) did not have an associated service entry and will not be reaped
[   82.570677] init: Untracked process (pid: 3207 name: (rs.media.module) ppid: 1 pgrp: 594 state: Z) received SIGTERM
[   82.570898] init: Untracked process (pid: 3207 name: (rs.media.module) ppid: 1 pgrp: 594 state: Z) did not have an associated service entry and will not be reaped
[   82.571543] init: Untracked process (pid: 3215 name: (oid.documentsui) ppid: 1 pgrp: 594 state: Z) received SIGTERM
[   82.571761] init: Untracked process (pid: 3215 name: (oid.documentsui) ppid: 1 pgrp: 594 state: Z) did not have an associated service entry and will not be reaped
[   82.572196] init: Untracked process (pid: 3242 name: (id.printspooler) ppid: 1 pgrp: 594 state: Z) received SIGTERM
[   82.572429] init: Untracked process (pid: 3242 name: (id.printspooler) ppid: 1 pgrp: 594 state: Z) did not have an associated service entry and will not be reaped
[   82.574735] init: Untracked process (pid: 3288 name: (d.process.acore) ppid: 1 pgrp: 594 state: Z) received SIGTERM
[   82.574948] init: Untracked process (pid: 3288 name: (d.process.acore) ppid: 1 pgrp: 594 state: Z) did not have an associated service entry and will not be reaped
[   82.575401] init: Untracked process (pid: 3314 name: (externalstorage) ppid: 1 pgrp: 594 state: Z) received SIGTERM
[   82.575597] init: Untracked process (pid: 3314 name: (externalstorage) ppid: 1 pgrp: 594 state: Z) did not have an associated service entry and will not be reaped
[   82.576007] init: Untracked process (pid: 3315 name: (gedprovisioning) ppid: 1 pgrp: 594 state: Z) received SIGTERM
[   82.576214] init: Untracked process (pid: 3315 name: (gedprovisioning) ppid: 1 pgrp: 594 state: Z) did not have an associated service entry and will not be reaped
[   82.576637] init: Untracked process (pid: 3325 name: (phony.satellite) ppid: 1 pgrp: 594 state: Z) received SIGTERM
[   82.576962] init: Untracked process (pid: 3325 name: (phony.satellite) ppid: 1 pgrp: 594 state: Z) did not have an associated service entry and will not be reaped
[   82.577439] init: Untracked process (pid: 3363 name: (d.process.media) ppid: 1 pgrp: 594 state: Z) received SIGTERM
[   82.577653] init: Untracked process (pid: 3363 name: (d.process.media) ppid: 1 pgrp: 594 state: Z) did not have an associated service entry and will not be reaped
[   82.578195] init: Untracked process (pid: 3387 name: (oid.photopicker) ppid: 1 pgrp: 594 state: Z) received SIGTERM
[   82.578520] init: Untracked process (pid: 3387 name: (oid.photopicker) ppid: 1 pgrp: 594 state: Z) did not have an associated service entry and will not be reaped
[   82.578934] init: Untracked process (pid: 3409 name: (ndroid.keychain) ppid: 1 pgrp: 594 state: Z) received SIGTERM
[   82.579182] init: Untracked process (pid: 3409 name: (ndroid.keychain) ppid: 1 pgrp: 594 state: Z) did not have an associated service entry and will not be reaped
[   82.579636] init: Untracked process (pid: 3427 name: (viders.calendar) ppid: 1 pgrp: 594 state: Z) received SIGTERM
[   82.579875] init: Untracked process (pid: 3427 name: (viders.calendar) ppid: 1 pgrp: 594 state: Z) did not have an associated service entry and will not be reaped
[   82.580299] init: Untracked process (pid: 3488 name: (ndroid.calendar) ppid: 1 pgrp: 594 state: Z) received SIGTERM
[   82.580630] init: Untracked process (pid: 3488 name: (ndroid.calendar) ppid: 1 pgrp: 594 state: Z) did not have an associated service entry and will not be reaped
[   82.581391] init: Untracked process (pid: 3523 name: (.localtransport) ppid: 1 pgrp: 594 state: Z) received SIGTERM
[   82.581706] init: Untracked process (pid: 3523 name: (.localtransport) ppid: 1 pgrp: 594 state: Z) did not have an associated service entry and will not be reaped
[   82.582142] init: Untracked process (pid: 3533 name: (.quicksearchbox) ppid: 1 pgrp: 594 state: Z) received SIGTERM
[   82.582428] init: Untracked process (pid: 3533 name: (.quicksearchbox) ppid: 1 pgrp: 594 state: Z) did not have an associated service entry and will not be reaped
[   82.582928] init: Untracked process (pid: 3562 name: (ndroid.contacts) ppid: 1 pgrp: 594 state: Z) received SIGTERM
[   82.583190] init: Untracked process (pid: 3562 name: (ndroid.contacts) ppid: 1 pgrp: 594 state: Z) did not have an associated service entry and will not be reaped
[   82.583703] init: Untracked process (pid: 3620 name: (tatementservice) ppid: 1 pgrp: 594 state: Z) received SIGTERM
[   82.583941] init: Untracked process (pid: 3620 name: (tatementservice) ppid: 1 pgrp: 594 state: Z) did not have an associated service entry and will not be reaped
[   82.584418] init: Untracked process (pid: 3650 name: (android.traceur) ppid: 1 pgrp: 594 state: Z) received SIGTERM
[   82.584612] init: Untracked process (pid: 3650 name: (android.traceur) ppid: 1 pgrp: 594 state: Z) did not have an associated service entry and will not be reaped
[   82.585082] init: Untracked process (pid: 3681 name: (.gce.gceservice) ppid: 1 pgrp: 594 state: Z) received SIGTERM
[   82.585293] init: Untracked process (pid: 3681 name: (.gce.gceservice) ppid: 1 pgrp: 594 state: Z) did not have an associated service entry and will not be reaped
[   82.585731] init: Untracked process (pid: 3698 name: (.adservices) ppid: 1 pgrp: 594 state: Z) received SIGTERM
[   82.585962] init: Untracked process (pid: 3698 name: (.adservices) ppid: 1 pgrp: 594 state: Z) did not have an associated service entry and will not be reaped
[   82.586415] init: Untracked process (pid: 3707 name: (d.carrierconfig) ppid: 1 pgrp: 594 state: Z) received SIGTERM
[   82.586623] init: Untracked process (pid: 3707 name: (d.carrierconfig) ppid: 1 pgrp: 594 state: Z) did not have an associated service entry and will not be reaped
[   82.587038] init: Untracked process (pid: 3733 name: (android.camera2) ppid: 1 pgrp: 594 state: Z) received SIGTERM
[   82.587234] init: Untracked process (pid: 3733 name: (android.camera2) ppid: 1 pgrp: 594 state: Z) did not have an associated service entry and will not be reaped
[   82.587743] init: Untracked process (pid: 3747 name: (vicediagnostics) ppid: 1 pgrp: 594 state: Z) received SIGTERM
[   82.587982] init: Untracked process (pid: 3747 name: (vicediagnostics) ppid: 1 pgrp: 594 state: Z) did not have an associated service entry and will not be reaped
[   82.588464] init: Untracked process (pid: 3759 name: (droid.dynsystem) ppid: 1 pgrp: 594 state: Z) received SIGTERM
[   82.588652] init: Untracked process (pid: 3759 name: (droid.dynsystem) ppid: 1 pgrp: 594 state: Z) did not have an associated service entry and will not be reaped
[   82.589172] init: Untracked process (pid: 3772 name: (ystem:dynsystem) ppid: 1 pgrp: 594 state: Z) received SIGTERM
[   82.590610] init: Untracked process (pid: 3772 name: (ystem:dynsystem) ppid: 1 pgrp: 594 state: Z) did not have an associated service entry and will not be reaped
[   82.591177] init: Untracked process (pid: 3779 name: (ompute.services) ppid: 1 pgrp: 594 state: Z) received SIGTERM
[   82.591491] init: Untracked process (pid: 3779 name: (ompute.services) ppid: 1 pgrp: 594 state: Z) did not have an associated service entry and will not be reaped
[   82.592125] init: Untracked process (pid: 3830 name: (viceentitlement) ppid: 1 pgrp: 594 state: Z) received SIGTERM
[   82.592434] init: Untracked process (pid: 3830 name: (viceentitlement) ppid: 1 pgrp: 594 state: Z) did not have an associated service entry and will not be reaped
[   82.592981] init: Untracked process (pid: 3857 name: (zation.services) ppid: 1 pgrp: 594 state: Z) received SIGTERM
[   82.593242] init: Untracked process (pid: 3857 name: (zation.services) ppid: 1 pgrp: 594 state: Z) did not have an associated service entry and will not be reaped
[   82.593703] init: Untracked process (pid: 3871 name: (ackageinstaller) ppid: 1 pgrp: 594 state: Z) received SIGTERM
[   82.593970] init: Untracked process (pid: 3871 name: (ackageinstaller) ppid: 1 pgrp: 594 state: Z) did not have an associated service entry and will not be reaped
[   82.594445] init: Untracked process (pid: 3882 name: (android.rkpdapp) ppid: 1 pgrp: 594 state: Z) received SIGTERM
[   82.594724] init: Untracked process (pid: 3882 name: (android.rkpdapp) ppid: 1 pgrp: 594 state: Z) did not have an associated service entry and will not be reaped
[   82.595227] init: Untracked process (pid: 3891 name: (.android.dialer) ppid: 1 pgrp: 594 state: Z) received SIGTERM
[   82.595514] init: Untracked process (pid: 3891 name: (.android.dialer) ppid: 1 pgrp: 594 state: Z) did not have an associated service entry and will not be reaped
[   82.596085] init: Untracked process (pid: 3916 name: (m.android.shell) ppid: 1 pgrp: 594 state: Z) received SIGTERM
[   82.596379] init: Untracked process (pid: 3916 name: (m.android.shell) ppid: 1 pgrp: 594 state: Z) did not have an associated service entry and will not be reaped
[   82.596932] init: Untracked process (pid: 3931 name: (id.ext.services) ppid: 1 pgrp: 594 state: Z) received SIGTERM
[   82.597603] init: Untracked process (pid: 3931 name: (id.ext.services) ppid: 1 pgrp: 594 state: Z) did not have an associated service entry and will not be reaped
[   82.598126] init: Untracked process (pid: 3944 name: (droid.messaging) ppid: 1 pgrp: 594 state: Z) received SIGTERM
[   82.598439] init: Untracked process (pid: 3944 name: (droid.messaging) ppid: 1 pgrp: 594 state: Z) did not have an associated service entry and will not be reaped
[   82.598983] init: Untracked process (pid: 3971 name: (rrierdefaultapp) ppid: 1 pgrp: 594 state: Z) received SIGTERM
[   82.599313] init: Untracked process (pid: 3971 name: (rrierdefaultapp) ppid: 1 pgrp: 594 state: Z) did not have an associated service entry and will not be reaped
[   82.599977] init: Waiting for 84 pids to be reaped took 1429ms with 0 of them still running
[   82.616116] init: Stopping 187 services by sending SIGKILL
[   82.623737] init: Stopping untracked process group 594 by sending SIGKILL
[   82.630601] init: Calling /system/bin/vdc volume abort_fuse
[   82.667768] libbinder.BackendUnifiedServiceManager: Thread Pool max thread count is 0. Cannot cache binder as linkToDeath cannot be implemented. serviceName: vold
[   82.670844] init: Calling /system/bin/vdc volume shutdown
[   82.684518] libbinder.BackendUnifiedServiceManager: Thread Pool max thread count is 0. Cannot cache binder as linkToDeath cannot be implemented. serviceName: vold
[   82.687468] init: Sending SIGKILL to service 'vold' (pid 410) process group...
[   82.690282] libprocessgroup: Removed cgroup /sys/fs/cgroup/system/uid_0/pid_410
[   82.690824] init: Stopping 4 services by sending SIGKILL
[   82.691557] init: Sending SIGKILL to service 'adbd' (pid 3829) process group...
[   82.697293] libprocessgroup: Removed cgroup /sys/fs/cgroup/system/uid_0/pid_3829
[   82.704667] init: Sending SIGKILL to service 'tombstoned' (pid 465) process group...
[   82.706302] libprocessgroup: Removed cgroup /sys/fs/cgroup/system/uid_1058/pid_465
[   82.706716] init: Sending SIGKILL to service 'logd' (pid 393) process group...
[   82.709922] libprocessgroup: Removed cgroup /sys/fs/cgroup/system/uid_1036/pid_393
[   82.710322] init: Subcontext received SIGTERM
[   82.710475] init: Subcontext did not have an associated service entry and will not be reaped
[   82.711235] init: Service 'logd' (pid 393) received SIGKILL
[   82.711397] init: Sending SIGKILL to service 'logd' (pid 393) process group...
[   82.711656] libprocessgroup: Failed to write 1 to /sys/fs/cgroup/system/uid_1036/pid_393/cgroup.kill: No such file or directory
[   82.712507] init: Service 'vold' (pid 410) received SIGKILL
[   82.712634] init: Sending SIGKILL to service 'vold' (pid 410) process group...
[   82.712804] libprocessgroup: Failed to write 1 to /sys/fs/cgroup/system/uid_0/pid_410/cgroup.kill: No such file or directory
[   82.713110] init: Service vold has 'reboot_on_failure' option and failed, shutting down system.
[   82.713880] init: Service 'tombstoned' (pid 465) received SIGKILL
[   82.714047] init: Sending SIGKILL to service 'tombstoned' (pid 465) process group...
[   82.714227] libprocessgroup: Failed to write 1 to /sys/fs/cgroup/system/uid_1058/pid_465/cgroup.kill: No such file or directory
[   82.714852] init: Service 'adbd' (pid 3829) received SIGKILL
[   82.715028] init: Sending SIGKILL to service 'adbd' (pid 3829) process group...
[   82.715232] libprocessgroup: Failed to write 1 to /sys/fs/cgroup/system/uid_0/pid_3829/cgroup.kill: No such file or directory
[   82.716030] init: Untracked process (pid: 3992 name: (reboot) ppid: 1 pgrp: 3992 state: Z) received SIGKILL
[   82.716242] init: Untracked process (pid: 3992 name: (reboot) ppid: 1 pgrp: 3992 state: Z) did not have an associated service entry and will not be reaped
[   82.725304] init: sync() before umount...
[   82.871373] init: sync() before umount took146ms
[   82.871926] init: swapoff() start...
[   82.897291] init: swapoff() took 25ms
[   82.897614] zram0: detected capacity change from 5985552 to 0
[   82.950347] init: No zram backing device configured
[   82.950555] init: Ready to unmount apexes. So far shutdown sequence took 3309ms
[   82.972430] apexd: Started. subcommand = --unmount-all
[   82.973099] apexd-unmount-all: Populating APEX database from mounts...
[   82.975951] apexd-unmount-all: Found "/apex/com.google.cf.vulkan@1" backed by file /vendor/apex/com.google.cf.vulkan.apex
[   82.976546] apexd-unmount-all: Found "/apex/com.google.cf.light@1" backed by file /vendor/apex/com.google.cf.light.apex
[   82.977114] apexd-unmount-all: Found "/apex/com.android.hardware.gatekeeper@1" backed by file /vendor/apex/com.android.hardware.gatekeeper.nonsecure.apex
[   82.977685] apexd-unmount-all: Found "/apex/com.android.hardware.ir@1" backed by file /vendor/apex/com.google.cf.ir.apex
[   82.978193] apexd-unmount-all: Found "/apex/com.android.sdkext@370399999" backed by file /system/apex/com.android.sdkext.apex
[   82.978585] apexd-unmount-all: Found "/apex/com.android.virt@370399999" backed by file /system/apex/com.android.virt.apex
[   82.980127] apexd-unmount-all: Found "/apex/com.google.cf.input.config@1" backed by file /vendor/apex/com.google.cf.input.config.apex
[   82.980677] apexd-unmount-all: Found "/apex/com.android.os.statsd@370399999" backed by file /system/apex/com.android.os.statsd.apex
[   82.985051] apexd-unmount-all: Found "/apex/com.android.hardware.power@1" backed by file /vendor/apex/com.android.hardware.power.apex
[   82.986100] apexd-unmount-all: Found "/apex/com.google.cf.wifi@1" backed by file /vendor/apex/com.google.cf.wifi.apex
[   82.986626] apexd-unmount-all: Found "/apex/com.google.emulated.camera.provider.hal@1" backed by file /vendor/apex/com.google.emulated.camera.provider.hal.apex
[   82.987895] apexd-unmount-all: Found "/apex/com.android.hardware.uwb@1" backed by file /vendor/apex/com.android.hardware.uwb.apex
[   82.988803] apexd-unmount-all: Found "/apex/com.android.hardware.tetheroffload@1" backed by file /vendor/apex/com.android.hardware.tetheroffload.apex
[   82.989387] apexd-unmount-all: Found "/apex/com.android.hardware.drm.clearkey@1" backed by file /vendor/apex/com.android.hardware.drm.clearkey.apex
[   82.989965] apexd-unmount-all: Found "/apex/com.android.hardware.memtrack@1" backed by file /vendor/apex/com.android.hardware.memtrack.apex
[   82.990510] apexd-unmount-all: Found "/apex/com.google.cf.wpa_supplicant@1" backed by file /vendor/apex/com.google.cf.wpa_supplicant.apex
[   82.991279] apexd-unmount-all: Found "/apex/com.android.hardware.audio@1" backed by file /vendor/apex/com.android.hardware.audio.apex
[   82.991823] apexd-unmount-all: Found "/apex/com.android.ipsec@370399999" backed by file /system/apex/com.android.ipsec.apex
[   82.992328] apexd-unmount-all: Found "/apex/com.android.hardware.threadnetwork@1" backed by file /vendor/apex/com.android.hardware.threadnetwork.apex
[   82.993675] apexd-unmount-all: Found "/apex/com.android.hardware.vibrator@1" backed by file /vendor/apex/com.android.hardware.vibrator.apex
[   82.994251] apexd-unmount-all: Found "/apex/com.android.hardware.usb@1" backed by file /vendor/apex/com.android.hardware.usb.apex
[   82.994721] apexd-unmount-all: Found "/apex/com.google.cf.confirmationui@1" backed by file /vendor/apex/com.google.cf.confirmationui.apex
[   82.995206] apexd-unmount-all: Found "/apex/com.google.cf.bt@1" backed by file /vendor/apex/com.google.cf.bt.apex
[   82.995646] apexd-unmount-all: Found "/apex/com.android.hardware.contexthub@1" backed by file /vendor/apex/com.android.hardware.contexthub.apex
[   82.996204] apexd-unmount-all: Found "/apex/com.google.cf.gralloc@1" backed by file /vendor/apex/com.google.cf.gralloc.apex
[   82.996617] apexd-unmount-all: Found "/apex/com.android.vndk.v31@1" backed by file /system_ext/apex/com.android.vndk.v31.apex
[   82.997111] apexd-unmount-all: Found "/apex/com.google.cf.health@1" backed by file /vendor/apex/com.google.cf.health.apex
[   82.997541] apexd-unmount-all: Found "/apex/com.android.wifi@370399999" backed by file /system/apex/com.android.wifi.apex
[   82.997905] apexd-unmount-all: Found "/apex/com.android.hardware.thermal@1" backed by file /vendor/apex/com.android.hardware.thermal.apex
[   82.998303] apexd-unmount-all: Found "/apex/com.google.cf.identity@1" backed by file /vendor/apex/com.google.cf.identity.apex
[   82.998774] apexd-unmount-all: Found "/apex/com.android.hardware.biometrics.face.virtual@2" backed by file /system_ext/apex/com.android.hardware.biometrics.face.virtual.apex
[   82.999319] apexd-unmount-all: Found "/apex/com.android.nfcservices@370399999" backed by file /system/apex/com.android.nfcservices.apex
[   82.999787] apexd-unmount-all: Found "/apex/com.android.hardware.biometrics.fingerprint.virtual@1" backed by file /system_ext/apex/com.android.hardware.biometrics.fingerprint.virtual.apex
[   83.000371] apexd-unmount-all: Found "/apex/com.android.webapp@370399999" backed by file /system/apex/com.android.webapp.apex
[   83.001107] apexd-unmount-all: Found "/apex/com.android.hardware.security.secretkeeper@1" backed by file /vendor/apex/com.android.hardware.security.secretkeeper.apex
[   83.001671] apexd-unmount-all: Found "/apex/com.android.cellbroadcast@370399999" backed by file /system/apex/com.android.cellbroadcast.apex
[   83.002115] apexd-unmount-all: Found "/apex/com.android.adbd@370399999" backed by file /system/apex/com.android.adbd.apex
[   83.002563] apexd-unmount-all: Found "/apex/com.android.runtime@1" backed by file /system/apex/com.android.runtime.apex
[   83.002979] apexd-unmount-all: Found "/apex/com.android.tzdata@370399999" backed by file /system/apex/com.android.tzdata.apex
[   83.003456] apexd-unmount-all: Found "/apex/com.android.hardware.boot@1" backed by file /vendor/apex/com.android.hardware.boot.apex
[   83.003921] apexd-unmount-all: Found "/apex/com.android.art@370399999" backed by file /system/apex/com.android.art.apex
[   83.004339] apexd-unmount-all: Found "/apex/com.android.media.swcodec@370399999" backed by file /system/apex/com.android.media.swcodec.apex
[   83.004796] apexd-unmount-all: Found "/apex/com.android.i18n@1" backed by file /system/apex/com.android.i18n.apex
[   83.005204] apexd-unmount-all: Found "/apex/com.android.hardware.net.nlinterceptor@1" backed by file /vendor/apex/com.android.hardware.net.nlinterceptor.apex
[   83.005765] apexd-unmount-all: Found "/apex/com.android.adservices@370399999" backed by file /system/apex/com.android.adservices.apex
[   83.006163] apexd-unmount-all: Found "/apex/com.android.hardware.neuralnetworks@1" backed by file /vendor/apex/com.android.hardware.neuralnetworks.apex
[   83.006668] apexd-unmount-all: Found "/apex/com.android.hardware.cas@1" backed by file /vendor/apex/com.android.hardware.cas.apex
[   83.007111] apexd-unmount-all: Found "/apex/com.android.configinfrastructure@370399999" backed by file /system/apex/com.android.configinfrastructure.apex
[   83.007646] apexd-unmount-all: Found "/apex/com.android.npumanager@370399999" backed by file /system/apex/com.android.npumanager.apex
[   83.008083] apexd-unmount-all: Found "/apex/com.android.hardware.wifi@1" backed by file /vendor/apex/com.android.hardware.wifi.apex
[   83.008537] apexd-unmount-all: Found "/apex/com.android.vndk.v33@1" backed by file /system_ext/apex/com.android.vndk.v33.apex
[   83.009060] apexd-unmount-all: Found "/apex/com.android.rkpd@370399999" backed by file /system/apex/com.android.rkpd.apex
[   83.009498] apexd-unmount-all: Found "/apex/com.android.devicelock@1" backed by file /system/apex/com.android.devicelock.apex
[   83.010338] apexd-unmount-all: Found "/apex/com.android.mediaprovider@370399999" backed by file /system/apex/com.android.mediaprovider.apex
[   83.010820] apexd-unmount-all: Found "/apex/com.android.tethering@370399999" backed by file /system/apex/com.android.tethering.apex
[   83.011227] apexd-unmount-all: Found "/apex/com.google.cf.oemlock@1" backed by file /vendor/apex/com.google.cf.oemlock.apex
[   83.011653] apexd-unmount-all: Found "/apex/com.android.hardware.security.authgraph@1" backed by file /vendor/apex/com.android.hardware.security.authgraph.apex
[   83.012173] apexd-unmount-all: Found "/apex/com.android.hardware.keymint@1" backed by file /vendor/apex/com.android.hardware.keymint.rust_nonsecure.apex
[   83.012660] apexd-unmount-all: Found "/apex/com.android.conscrypt@370399999" backed by file /system/apex/com.android.conscrypt.apex
[   83.013130] apexd-unmount-all: Found "/apex/com.android.hardware.dumpstate@1" backed by file /vendor/apex/com.android.hardware.dumpstate.apex
[   83.013614] apexd-unmount-all: Found "/apex/com.android.hardware.authsecret@1" backed by file /vendor/apex/com.android.hardware.authsecret.apex
[   83.014099] apexd-unmount-all: Found "/apex/com.android.compos@370399999" backed by file /system_ext/apex/com.android.compos.apex
[   83.014570] apexd-unmount-all: Found "/apex/com.android.scheduling@370399999" backed by file /system/apex/com.android.scheduling.apex
[   83.014987] apexd-unmount-all: Found "/apex/com.google.cf.rild@1" backed by file /vendor/apex/com.google.cf.rild.apex
[   83.015425] apexd-unmount-all: Found "/apex/com.google.cf.nfc@1" backed by file /vendor/apex/com.google.cf.nfc.apex
[   83.015834] apexd-unmount-all: Found "/apex/com.android.resolv@370399999" backed by file /system/apex/com.android.resolv.apex
[   83.016331] apexd-unmount-all: Found "/apex/com.android.telephonycore@370399999" backed by file /system/apex/com.android.telephonycore.apex
[   83.016764] apexd-unmount-all: Found "/apex/com.android.healthfitness@370399999" backed by file /system/apex/com.android.healthfitness.apex
[   83.017249] apexd-unmount-all: Found "/apex/com.android.neuralnetworks@370399999" backed by file /system/apex/com.android.neuralnetworks.apex
[   83.017809] apexd-unmount-all: Found "/apex/com.android.media@370399999" backed by file /system/apex/com.android.media.apex
[   83.018093] apexd-unmount-all: Found "/apex/com.android.permission@370399999" backed by file /system/apex/com.android.permission.apex
[   83.018446] apexd-unmount-all: Found "/apex/com.android.ondevicepersonalization@370399999" backed by file /system/apex/com.android.ondevicepersonalization.apex
[   83.018852] apexd-unmount-all: Found "/apex/com.android.hardware.rebootescrow@1" backed by file /vendor/apex/com.android.hardware.rebootescrow.apex
[   83.019541] apexd-unmount-all: Found "/apex/com.android.crashrecovery@370399999" backed by file /system/apex/com.android.crashrecovery.apex
[   83.019860] apexd-unmount-all: Found "/apex/com.android.apex.cts.shim@1" backed by file /system/apex/com.android.apex.cts.shim.apex
[   83.020179] apexd-unmount-all: Found "/apex/com.android.hardware.secure_element@1" backed by file /vendor/apex/com.android.hardware.secure_element.apex
[   83.021557] apexd-unmount-all: Found "/apex/com.android.extservices@370399999" backed by file /system/apex/com.android.extservices.apex
[   83.021890] apexd-unmount-all: Found "/apex/com.android.uprobestats@370399999" backed by file /system/apex/com.android.uprobestats.apex
[   83.022148] apexd-unmount-all: Found "/apex/com.android.hardware.graphics.composer@1" backed by file /vendor/apex/com.android.hardware.graphics.composer.ranchu.apex
[   83.022551] apexd-unmount-all: Found "/apex/com.android.uwb@370399999" backed by file /system/apex/com.android.uwb.apex
[   83.022834] apexd-unmount-all: Found "/apex/com.android.hardware.input.processor@1" backed by file /vendor/apex/com.android.hardware.input.processor.apex
[   83.023189] apexd-unmount-all: Found "/apex/com.android.vndk.v32@1" backed by file /system_ext/apex/com.android.vndk.v32.apex
[   83.023545] apexd-unmount-all: Found "/apex/com.android.vndk.v34@1" backed by file /system_ext/apex/com.android.vndk.v34.apex
[   83.023848] apexd-unmount-all: Found "/apex/com.android.appsearch@370399999" backed by file /system/apex/com.android.appsearch.apex
[   83.024183] apexd-unmount-all: Found "/apex/com.android.bt@370399999" backed by file /system/apex/com.android.bt.apex
[   83.024497] apexd-unmount-all: Found "/apex/com.android.profiling@370399999" backed by file /system/apex/com.android.profiling.apex
[   83.024862] apexd-unmount-all: Found "/apex/com.android.hardware.gnss@1" backed by file /vendor/apex/com.android.hardware.gnss.apex
[   83.025202] apexd-unmount-all: 87 packages restored.
[   83.025337] apexd-unmount-all: Unmounting /system/apex/com.android.adbd.apex mounted on /apex/com.android.adbd@370399999
[   83.028047] EXT4-fs unmount: 25 callbacks suppressed
[   83.028057] EXT4-fs (loop57): unmounting filesystem 7d1522e1-9dfa-5edb-a43e-98e3a4d20250.
[   83.032916] apexd-unmount-all: Unmounting /system/apex/com.android.adservices.apex mounted on /apex/com.android.adservices@370399999
[   83.037615] EXT4-fs (loop65): unmounting filesystem 7d1522e1-9dfa-5edb-a43e-98e3a4d20250.
[   83.038278] apexd-unmount-all: Unmounting /system/apex/com.android.apex.cts.shim.apex mounted on /apex/com.android.apex.cts.shim@1
[   83.040137] EXT4-fs (loop42): unmounting filesystem 7d1522e1-9dfa-5edb-a43e-98e3a4d20250.
[   83.041076] apexd-unmount-all: Unmounting /system/apex/com.android.appsearch.apex mounted on /apex/com.android.appsearch@370399999
[   83.043658] EXT4-fs (loop86): unmounting filesystem 7d1522e1-9dfa-5edb-a43e-98e3a4d20250.
[   83.044644] apexd-unmount-all: Unmounting /system/apex/com.android.art.apex mounted on /apex/com.android.art@370399999
[   83.050606] EXT4-fs (loop72): unmounting filesystem 7d1522e1-9dfa-5edb-a43e-98e3a4d20250.
[   83.051149] apexd-unmount-all: Unmounting /system/apex/com.android.bt.apex mounted on /apex/com.android.bt@370399999
[   83.059438] EXT4-fs (loop82): unmounting filesystem 7d1522e1-9dfa-5edb-a43e-98e3a4d20250.
[   83.060525] apexd-unmount-all: Unmounting /system/apex/com.android.cellbroadcast.apex mounted on /apex/com.android.cellbroadcast@370399999
[   83.066837] EXT4-fs (loop54): unmounting filesystem 7d1522e1-9dfa-5edb-a43e-98e3a4d20250.
[   83.067237] apexd-unmount-all: Unmounting /system_ext/apex/com.android.compos.apex mounted on /apex/com.android.compos@370399999
[   83.069339] EXT4-fs (loop41): unmounting filesystem 7d1522e1-9dfa-5edb-a43e-98e3a4d20250.
[   83.070376] apexd-unmount-all: Unmounting /system/apex/com.android.configinfrastructure.apex mounted on /apex/com.android.configinfrastructure@370399999
[   83.072588] EXT4-fs (loop69): unmounting filesystem 7d1522e1-9dfa-5edb-a43e-98e3a4d20250.
[   83.073912] apexd-unmount-all: Unmounting /system/apex/com.android.conscrypt.apex mounted on /apex/com.android.conscrypt@370399999
[   83.076136] EXT4-fs (loop25): unmounting filesystem 7d1522e1-9dfa-5edb-a43e-98e3a4d20250.
[   83.077146] apexd-unmount-all: Unmounting /system/apex/com.android.crashrecovery.apex mounted on /apex/com.android.crashrecovery@370399999
[   83.078326] EXT4-fs (loop78): unmounting filesystem 7d1522e1-9dfa-5edb-a43e-98e3a4d20250.
[   83.078749] apexd-unmount-all: Unmounting /system/apex/com.android.devicelock.apex mounted on /apex/com.android.devicelock@1
[   83.081392] EXT4-fs (loop66): unmounting filesystem 7d1522e1-9dfa-5edb-a43e-98e3a4d20250.
[   83.082319] apexd-unmount-all: Unmounting /system/apex/com.android.extservices.apex mounted on /apex/com.android.extservices@370399999
[   83.087149] EXT4-fs (loop71): unmounting filesystem 7d1522e1-9dfa-5edb-a43e-98e3a4d20250.
[   83.087622] apexd-unmount-all: Unmounting /vendor/apex/com.android.hardware.audio.apex mounted on /apex/com.android.hardware.audio@1
[   83.093194] EXT4-fs (loop26): unmounting filesystem 7d1522e1-9dfa-5edb-a43e-98e3a4d20250.
[   83.094232] apexd-unmount-all: Unmounting /vendor/apex/com.android.hardware.authsecret.apex mounted on /apex/com.android.hardware.authsecret@1
[   83.095545] EXT4-fs (loop84): unmounting filesystem 7d1522e1-9dfa-5edb-a43e-98e3a4d20250.
[   83.095969] apexd-unmount-all: Unmounting /system_ext/apex/com.android.hardware.biometrics.face.virtual.apex mounted on /apex/com.android.hardware.biometrics.face.virtual@2
[   83.097512] EXT4-fs (loop51): unmounting filesystem 7d1522e1-9dfa-5edb-a43e-98e3a4d20250.
[   83.098286] apexd-unmount-all: Unmounting /system_ext/apex/com.android.hardware.biometrics.fingerprint.virtual.apex mounted on /apex/com.android.hardware.biometrics.fingerprint.virtual@1
[   83.099322] EXT4-fs (loop75): unmounting filesystem 7d1522e1-9dfa-5edb-a43e-98e3a4d20250.
[   83.099901] apexd-unmount-all: Unmounting /vendor/apex/com.android.hardware.boot.apex mounted on /apex/com.android.hardware.boot@1
[   83.101461] EXT4-fs (loop30): unmounting filesystem 7d1522e1-9dfa-5edb-a43e-98e3a4d20250.
[   83.102149] apexd-unmount-all: Unmounting /vendor/apex/com.android.hardware.cas.apex mounted on /apex/com.android.hardware.cas@1
[   83.103420] EXT4-fs (loop49): unmounting filesystem 7d1522e1-9dfa-5edb-a43e-98e3a4d20250.
[   83.104179] apexd-unmount-all: Unmounting /vendor/apex/com.android.hardware.contexthub.apex mounted on /apex/com.android.hardware.contexthub@1
[   83.105609] EXT4-fs (loop24): unmounting filesystem 7d1522e1-9dfa-5edb-a43e-98e3a4d20250.
[   83.106344] apexd-unmount-all: Unmounting /vendor/apex/com.android.hardware.drm.clearkey.apex mounted on /apex/com.android.hardware.drm.clearkey@1
[   83.108176] EXT4-fs (loop23): unmounting filesystem 7d1522e1-9dfa-5edb-a43e-98e3a4d20250.
[   83.109327] apexd-unmount-all: Unmounting /vendor/apex/com.android.hardware.dumpstate.apex mounted on /apex/com.android.hardware.dumpstate@1
[   83.110960] EXT4-fs (loop22): unmounting filesystem 7d1522e1-9dfa-5edb-a43e-98e3a4d20250.
[   83.111437] apexd-unmount-all: Unmounting /vendor/apex/com.android.hardware.gatekeeper.nonsecure.apex mounted on /apex/com.android.hardware.gatekeeper@1
[   83.114006] EXT4-fs (loop29): unmounting filesystem 7d1522e1-9dfa-5edb-a43e-98e3a4d20250.
[   83.114894] apexd-unmount-all: Unmounting /vendor/apex/com.android.hardware.gnss.apex mounted on /apex/com.android.hardware.gnss@1
[   83.116873] EXT4-fs (loop74): unmounting filesystem 7d1522e1-9dfa-5edb-a43e-98e3a4d20250.
[   83.117267] apexd-unmount-all: Unmounting /vendor/apex/com.android.hardware.graphics.composer.ranchu.apex mounted on /apex/com.android.hardware.graphics.composer@1
[   83.120178] EXT4-fs (loop81): unmounting filesystem 7d1522e1-9dfa-5edb-a43e-98e3a4d20250.
[   83.121061] apexd-unmount-all: Unmounting /vendor/apex/com.android.hardware.input.processor.apex mounted on /apex/com.android.hardware.input.processor@1
[   83.122337] EXT4-fs (loop56): unmounting filesystem 7d1522e1-9dfa-5edb-a43e-98e3a4d20250.
[   83.123206] apexd-unmount-all: Unmounting /vendor/apex/com.google.cf.ir.apex mounted on /apex/com.android.hardware.ir@1
[   83.124535] EXT4-fs (loop14): unmounting filesystem 7d1522e1-9dfa-5edb-a43e-98e3a4d20250.
[   83.125292] apexd-unmount-all: Unmounting /vendor/apex/com.android.hardware.keymint.rust_nonsecure.apex mounted on /apex/com.android.hardware.keymint@1
[   83.127075] EXT4-fs (loop20): unmounting filesystem 7d1522e1-9dfa-5edb-a43e-98e3a4d20250.
[   83.127974] apexd-unmount-all: Unmounting /vendor/apex/com.android.hardware.memtrack.apex mounted on /apex/com.android.hardware.memtrack@1
[   83.129027] EXT4-fs (loop59): unmounting filesystem 7d1522e1-9dfa-5edb-a43e-98e3a4d20250.
[   83.130021] apexd-unmount-all: Unmounting /vendor/apex/com.android.hardware.net.nlinterceptor.apex mounted on /apex/com.android.hardware.net.nlinterceptor@1
[   83.131623] EXT4-fs (loop19): unmounting filesystem 7d1522e1-9dfa-5edb-a43e-98e3a4d20250.
[   83.132302] apexd-unmount-all: Unmounting /vendor/apex/com.android.hardware.neuralnetworks.apex mounted on /apex/com.android.hardware.neuralnetworks@1
[   83.135126] EXT4-fs (loop18): unmounting filesystem 7d1522e1-9dfa-5edb-a43e-98e3a4d20250.
[   83.135905] apexd-unmount-all: Unmounting /vendor/apex/com.android.hardware.power.apex mounted on /apex/com.android.hardware.power@1
[   83.138295] EXT4-fs (loop17): unmounting filesystem 7d1522e1-9dfa-5edb-a43e-98e3a4d20250.
[   83.138835] apexd-unmount-all: Unmounting /vendor/apex/com.android.hardware.rebootescrow.apex mounted on /apex/com.android.hardware.rebootescrow@1
[   83.140525] EXT4-fs (loop79): unmounting filesystem 7d1522e1-9dfa-5edb-a43e-98e3a4d20250.
[   83.141054] apexd-unmount-all: Unmounting /vendor/apex/com.android.hardware.secure_element.apex mounted on /apex/com.android.hardware.secure_element@1
[   83.142642] EXT4-fs (loop61): unmounting filesystem 7d1522e1-9dfa-5edb-a43e-98e3a4d20250.
[   83.143087] apexd-unmount-all: Unmounting /vendor/apex/com.android.hardware.security.authgraph.apex mounted on /apex/com.android.hardware.security.authgraph@1
[   83.145630] EXT4-fs (loop16): unmounting filesystem 7d1522e1-9dfa-5edb-a43e-98e3a4d20250.
[   83.146169] apexd-unmount-all: Unmounting /vendor/apex/com.android.hardware.security.secretkeeper.apex mounted on /apex/com.android.hardware.security.secretkeeper@1
[   83.148057] EXT4-fs (loop76): unmounting filesystem 7d1522e1-9dfa-5edb-a43e-98e3a4d20250.
[   83.148500] apexd-unmount-all: Unmounting /vendor/apex/com.android.hardware.tetheroffload.apex mounted on /apex/com.android.hardware.tetheroffload@1
[   83.150113] EXT4-fs (loop15): unmounting filesystem 7d1522e1-9dfa-5edb-a43e-98e3a4d20250.
[   83.150545] apexd-unmount-all: Unmounting /vendor/apex/com.android.hardware.thermal.apex mounted on /apex/com.android.hardware.thermal@1
[   83.152109] EXT4-fs (loop13): unmounting filesystem 7d1522e1-9dfa-5edb-a43e-98e3a4d20250.
[   83.152567] apexd-unmount-all: Unmounting /vendor/apex/com.android.hardware.threadnetwork.apex mounted on /apex/com.android.hardware.threadnetwork@1
[   83.154676] EXT4-fs (loop12): unmounting filesystem 7d1522e1-9dfa-5edb-a43e-98e3a4d20250.
[   83.155134] apexd-unmount-all: Unmounting /vendor/apex/com.android.hardware.usb.apex mounted on /apex/com.android.hardware.usb@1
[   83.157084] EXT4-fs (loop10): unmounting filesystem 7d1522e1-9dfa-5edb-a43e-98e3a4d20250.
[   83.157596] apexd-unmount-all: Unmounting /vendor/apex/com.android.hardware.uwb.apex mounted on /apex/com.android.hardware.uwb@1
[   83.159142] EXT4-fs (loop9): unmounting filesystem 7d1522e1-9dfa-5edb-a43e-98e3a4d20250.
[   83.159681] apexd-unmount-all: Unmounting /vendor/apex/com.android.hardware.vibrator.apex mounted on /apex/com.android.hardware.vibrator@1
[   83.162053] EXT4-fs (loop11): unmounting filesystem 7d1522e1-9dfa-5edb-a43e-98e3a4d20250.
[   83.162523] apexd-unmount-all: Unmounting /vendor/apex/com.android.hardware.wifi.apex mounted on /apex/com.android.hardware.wifi@1
[   83.164270] EXT4-fs (loop34): unmounting filesystem 7d1522e1-9dfa-5edb-a43e-98e3a4d20250.
[   83.164786] apexd-unmount-all: Unmounting /system/apex/com.android.healthfitness.apex mounted on /apex/com.android.healthfitness@370399999
[   83.169241] EXT4-fs (loop77): unmounting filesystem 7d1522e1-9dfa-5edb-a43e-98e3a4d20250.
[   83.169726] apexd-unmount-all: Unmounting /system/apex/com.android.i18n.apex mounted on /apex/com.android.i18n@1
[   83.174001] EXT4-fs (loop62): unmounting filesystem 7d1522e1-9dfa-5edb-a43e-98e3a4d20250.
[   83.174501] apexd-unmount-all: Unmounting /system/apex/com.android.ipsec.apex mounted on /apex/com.android.ipsec@370399999
[   83.176206] EXT4-fs (loop60): unmounting filesystem 7d1522e1-9dfa-5edb-a43e-98e3a4d20250.
[   83.176669] apexd-unmount-all: Unmounting /system/apex/com.android.media.apex mounted on /apex/com.android.media@370399999
[   83.179527] EXT4-fs (loop52): unmounting filesystem 7d1522e1-9dfa-5edb-a43e-98e3a4d20250.
[   83.179962] apexd-unmount-all: Unmounting /system/apex/com.android.media.swcodec.apex mounted on /apex/com.android.media.swcodec@370399999
[   83.186112] EXT4-fs (loop43): unmounting filesystem 7d1522e1-9dfa-5edb-a43e-98e3a4d20250.
[   83.186716] apexd-unmount-all: Unmounting /system/apex/com.android.mediaprovider.apex mounted on /apex/com.android.mediaprovider@370399999
[   83.191565] EXT4-fs (loop58): unmounting filesystem 7d1522e1-9dfa-5edb-a43e-98e3a4d20250.
[   83.192062] apexd-unmount-all: Unmounting /system/apex/com.android.neuralnetworks.apex mounted on /apex/com.android.neuralnetworks@370399999
[   83.193887] EXT4-fs (loop46): unmounting filesystem 7d1522e1-9dfa-5edb-a43e-98e3a4d20250.
[   83.194417] apexd-unmount-all: Unmounting /system/apex/com.android.nfcservices.apex mounted on /apex/com.android.nfcservices@370399999
[   83.197396] EXT4-fs (loop53): unmounting filesystem 7d1522e1-9dfa-5edb-a43e-98e3a4d20250.
[   83.198390] apexd-unmount-all: Unmounting /system/apex/com.android.npumanager.apex mounted on /apex/com.android.npumanager@370399999
[   83.200614] EXT4-fs (loop67): unmounting filesystem 7d1522e1-9dfa-5edb-a43e-98e3a4d20250.
[   83.201200] apexd-unmount-all: Unmounting /system/apex/com.android.ondevicepersonalization.apex mounted on /apex/com.android.ondevicepersonalization@370399999
[   83.204098] EXT4-fs (loop47): unmounting filesystem 7d1522e1-9dfa-5edb-a43e-98e3a4d20250.
[   83.204590] apexd-unmount-all: Unmounting /system/apex/com.android.os.statsd.apex mounted on /apex/com.android.os.statsd@370399999
[   83.206658] EXT4-fs (loop31): unmounting filesystem 7d1522e1-9dfa-5edb-a43e-98e3a4d20250.
[   83.207215] apexd-unmount-all: Unmounting /system/apex/com.android.permission.apex mounted on /apex/com.android.permission@370399999
[   83.212386] EXT4-fs (loop44): unmounting filesystem 7d1522e1-9dfa-5edb-a43e-98e3a4d20250.
[   83.213110] apexd-unmount-all: Unmounting /system/apex/com.android.profiling.apex mounted on /apex/com.android.profiling@370399999
[   83.214865] EXT4-fs (loop73): unmounting filesystem 7d1522e1-9dfa-5edb-a43e-98e3a4d20250.
[   83.215270] apexd-unmount-all: Unmounting /system/apex/com.android.resolv.apex mounted on /apex/com.android.resolv@370399999
[   83.216732] EXT4-fs (loop40): unmounting filesystem 7d1522e1-9dfa-5edb-a43e-98e3a4d20250.
[   83.217263] apexd-unmount-all: Unmounting /system/apex/com.android.rkpd.apex mounted on /apex/com.android.rkpd@370399999
[   83.220213] EXT4-fs (loop50): unmounting filesystem 7d1522e1-9dfa-5edb-a43e-98e3a4d20250.
[   83.220724] apexd-unmount-all: Unmounting /system/apex/com.android.runtime.apex mounted on /apex/com.android.runtime@1
[   83.221678] apexd-unmount-all: Unmounting /system/apex/com.android.scheduling.apex mounted on /apex/com.android.scheduling@370399999
[   83.222627] EXT4-fs (loop39): unmounting filesystem 7d1522e1-9dfa-5edb-a43e-98e3a4d20250.
[   83.223035] apexd-unmount-all: Unmounting /system/apex/com.android.sdkext.apex mounted on /apex/com.android.sdkext@370399999
[   83.224491] EXT4-fs (loop37): unmounting filesystem 7d1522e1-9dfa-5edb-a43e-98e3a4d20250.
[   83.224957] apexd-unmount-all: Unmounting /system/apex/com.android.telephonycore.apex mounted on /apex/com.android.telephonycore@370399999
[   83.227589] EXT4-fs (loop70): unmounting filesystem 7d1522e1-9dfa-5edb-a43e-98e3a4d20250.
[   83.228155] apexd-unmount-all: Unmounting /system/apex/com.android.tethering.apex mounted on /apex/com.android.tethering@370399999
[   83.234299] EXT4-fs (loop36): unmounting filesystem 7d1522e1-9dfa-5edb-a43e-98e3a4d20250.
[   83.234777] apexd-unmount-all: Unmounting /system/apex/com.android.tzdata.apex mounted on /apex/com.android.tzdata@370399999
[   83.236467] EXT4-fs (loop68): unmounting filesystem 7d1522e1-9dfa-5edb-a43e-98e3a4d20250.
[   83.237041] apexd-unmount-all: Unmounting /system/apex/com.android.uprobestats.apex mounted on /apex/com.android.uprobestats@370399999
[   83.239312] EXT4-fs (loop55): unmounting filesystem 7d1522e1-9dfa-5edb-a43e-98e3a4d20250.
[   83.239737] apexd-unmount-all: Unmounting /system/apex/com.android.uwb.apex mounted on /apex/com.android.uwb@370399999
[   83.241981] apexd-unmount-all: Unmounting /system/apex/com.android.virt.apex mounted on /apex/com.android.virt@370399999
[   83.247121] apexd-unmount-all: Unmounting /system_ext/apex/com.android.vndk.v31.apex mounted on /apex/com.android.vndk.v31@1
[   83.248364] apexd-unmount-all: Unmounting /system_ext/apex/com.android.vndk.v32.apex mounted on /apex/com.android.vndk.v32@1
[   83.249906] apexd-unmount-all: Unmounting /system_ext/apex/com.android.vndk.v33.apex mounted on /apex/com.android.vndk.v33@1
[   83.251019] apexd-unmount-all: Unmounting /system_ext/apex/com.android.vndk.v34.apex mounted on /apex/com.android.vndk.v34@1
[   83.252736] apexd-unmount-all: Unmounting /system/apex/com.android.webapp.apex mounted on /apex/com.android.webapp@370399999
[   83.254479] apexd-unmount-all: Unmounting /system/apex/com.android.wifi.apex mounted on /apex/com.android.wifi@370399999
[   83.256852] apexd-unmount-all: Unmounting /vendor/apex/com.google.cf.bt.apex mounted on /apex/com.google.cf.bt@1
[   83.259647] apexd-unmount-all: Unmounting /vendor/apex/com.google.cf.confirmationui.apex mounted on /apex/com.google.cf.confirmationui@1
[   83.260994] apexd-unmount-all: Unmounting /vendor/apex/com.google.cf.gralloc.apex mounted on /apex/com.google.cf.gralloc@1
[   83.263342] apexd-unmount-all: Unmounting /vendor/apex/com.google.cf.health.apex mounted on /apex/com.google.cf.health@1
[   83.265173] apexd-unmount-all: Unmounting /vendor/apex/com.google.cf.identity.apex mounted on /apex/com.google.cf.identity@1
[   83.267172] apexd-unmount-all: Unmounting /vendor/apex/com.google.cf.input.config.apex mounted on /apex/com.google.cf.input.config@1
[   83.268486] apexd-unmount-all: Unmounting /vendor/apex/com.google.cf.light.apex mounted on /apex/com.google.cf.light@1
[   83.270114] apexd-unmount-all: Unmounting /vendor/apex/com.google.cf.nfc.apex mounted on /apex/com.google.cf.nfc@1
[   83.271603] apexd-unmount-all: Unmounting /vendor/apex/com.google.cf.oemlock.apex mounted on /apex/com.google.cf.oemlock@1
[   83.273256] apexd-unmount-all: Unmounting /vendor/apex/com.google.cf.rild.apex mounted on /apex/com.google.cf.rild@1
[   83.275334] apexd-unmount-all: Unmounting /vendor/apex/com.google.cf.vulkan.apex mounted on /apex/com.google.cf.vulkan@1
[   83.277580] apexd-unmount-all: Unmounting /vendor/apex/com.google.cf.wifi.apex mounted on /apex/com.google.cf.wifi@1
[   83.279248] apexd-unmount-all: Unmounting /vendor/apex/com.google.cf.wpa_supplicant.apex mounted on /apex/com.google.cf.wpa_supplicant@1
[   83.281139] apexd-unmount-all: Unmounting /vendor/apex/com.google.emulated.camera.provider.hal.apex mounted on /apex/com.google.emulated.camera.provider.hal@1
[   83.291416] init: Shutdown service: ueventd
[   83.291571] init: Sending SIGTERM to service 'ueventd' (pid 102) process group...
[   83.293037] libprocessgroup: Removed cgroup /sys/fs/cgroup/system/uid_0/pid_102
[   83.293699] init: Shutdown service: console
[   83.293857] init: Shutdown service: blank_screen
[   83.294027] init: Shutdown service: bootanim
[   83.294186] init: Shutdown service: logd
[   83.294270] init: Shutdown service: servicemanager
[   83.294394] init: Sending SIGTERM to service 'servicemanager' (pid 395) process group...
[   83.294717] libprocessgroup: Still waiting on process(es) to exit for cgroup /sys/fs/cgroup/system/uid_1000/pid_395 after 0 ms
[   83.294951] libprocessgroup: Unable to remove cgroup /sys/fs/cgroup/system/uid_1000/pid_395: Device or resource busy
[   83.295250] init: Shutdown service: surfaceflinger
[   83.295375] init: Shutdown service: tombstoned
[   83.295490] init: Shutdown service: vold
[   83.295814] init: Shutdown service: hwservicemanager
[   83.295908] init: Sending SIGTERM to service 'hwservicemanager' (pid 3999) process group...
[   83.297543] libprocessgroup: Still waiting on process(es) to exit for cgroup /sys/fs/cgroup/system/uid_1000/pid_3999 after 0 ms
[   83.298251] libprocessgroup: Unable to remove cgroup /sys/fs/cgroup/system/uid_1000/pid_3999: Device or resource busy
[   83.299328] init: Shutdown service: adbd
[   83.299443] init: Shutdown service: vendor.hwcomposer-3
[   83.299735] init: Shutdown service: vendor.graphics.allocator
[   83.299902] init: Shutdown service: vendor.light-cuttlefish
[   83.300026] init: Sending SIGTERM to service 'vendor.light-cuttlefish' (pid 670) process group...
[   83.300391] libprocessgroup: Still waiting on process(es) to exit for cgroup /sys/fs/cgroup/system/uid_9999/pid_670 after 0 ms
[   83.300980] libprocessgroup: Unable to remove cgroup /sys/fs/cgroup/system/uid_9999/pid_670: Device or resource busy
[   83.301473] init: Remaining userspace processes except init: 
[   83.305762] init: pid: 102 name: (ueventd) ppid: 1 pgrp: 102 state: Z
[   83.306261] init: pid: 395 name: (servicemanager) ppid: 1 pgrp: 395 state: Z
[   83.306796] init: pid: 670 name: (android.hardwar) ppid: 1 pgrp: 670 state: Z
[   83.307051] init: pid: 832 name: (system_server) ppid: 1 pgrp: 594 state: Z
[   83.307497] init: pid: 3999 name: (hwservicemanage) ppid: 1 pgrp: 3999 state: Z
[   83.308376] sysrq: Terminate All Tasks
[   83.308529] init: Service 'ueventd' (pid 102) received SIGTERM
[   83.308676] init: Sending SIGKILL to service 'ueventd' (pid 102) process group...
[   83.309171] libprocessgroup: Failed to write 1 to /sys/fs/cgroup/system/uid_0/pid_102/cgroup.kill: No such file or directory
[   83.309737] init: Service 'servicemanager' (pid 395) received SIGTERM
[   83.309885] init: Sending SIGKILL to service 'servicemanager' (pid 395) process group...
[   83.310215] libprocessgroup: Removed cgroup /sys/fs/cgroup/system/uid_1000/pid_395
[   83.310609] init: Service 'vendor.light-cuttlefish' (pid 670) received SIGTERM
[   83.310795] init: Sending SIGKILL to service 'vendor.light-cuttlefish' (pid 670) process group...
[   83.311102] libprocessgroup: Removed cgroup /sys/fs/cgroup/system/uid_9999/pid_670
[   83.311506] init: Service 'hwservicemanager' (pid 3999) received SIGTERM
[   83.311641] init: Sending SIGKILL to service 'hwservicemanager' (pid 3999) process group...
[   83.311939] libprocessgroup: Removed cgroup /sys/fs/cgroup/system/uid_1000/pid_3999
[   83.312381] init: Untracked process (pid: 832 name: (system_server) ppid: 1 pgrp: 594 state: Z) received SIGTERM
[   83.312598] init: Untracked process (pid: 832 name: (system_server) ppid: 1 pgrp: 594 state: Z) did not have an associated service entry and will not be reaped
[   83.314217] init: waitid failed: No child processes
[   83.314729] init: Unmounting /dev/block/dm-17:/data_mirror/data_ce/null/0 opts rw,lazytime,seclabel,nosuid,nodev,noatime,background_gc=on,nogc_merge,discard,discard_unit=block,user_xattr,inline_xattr,acl,inline_data,inline_dentry,flush_merge,barrier,extent_cache,mode=adaptive,active_logs=6,reserve_root=32768,reserve_node=0,resuid=0,resgid=0,usrquota,grpquota,prjquota,inlinecrypt,alloc_mode=reuse,checkpoint_merge,fsync_mode=posix,compress_algorithm=lz4,compress_log_size=2,compress_mode=fs,memory=normal,errors=continue,lookup_mode=perf
[   83.315642] init: Umounted /dev/block/dm-17:/data_mirror/data_ce/null/0 opts rw,lazytime,seclabel,nosuid,nodev,noatime,background_gc=on,nogc_merge,discard,discard_unit=block,user_xattr,inline_xattr,acl,inline_data,inline_dentry,flush_merge,barrier,extent_cache,mode=adaptive,active_logs=6,reserve_root=32768,reserve_node=0,resuid=0,resgid=0,usrquota,grpquota,prjquota,inlinecrypt,alloc_mode=reuse,checkpoint_merge,fsync_mode=posix,compress_algorithm=lz4,compress_log_size=2,compress_mode=fs,memory=normal,errors=continue,lookup_mode=perf
[   83.316387] init: Unmounting /dev/block/dm-17:/data/user/0 opts rw,lazytime,seclabel,nosuid,nodev,noatime,background_gc=on,nogc_merge,discard,discard_unit=block,user_xattr,inline_xattr,acl,inline_data,inline_dentry,flush_merge,barrier,extent_cache,mode=adaptive,active_logs=6,reserve_root=32768,reserve_node=0,resuid=0,resgid=0,usrquota,grpquota,prjquota,inlinecrypt,alloc_mode=reuse,checkpoint_merge,fsync_mode=posix,compress_algorithm=lz4,compress_log_size=2,compress_mode=fs,memory=normal,errors=continue,lookup_mode=perf
[   83.317200] init: Cannot umount /dev/block/dm-17:/data/user/0 opts rw,lazytime,seclabel,nosuid,nodev,noatime,background_gc=on,nogc_merge,discard,discard_unit=block,user_xattr,inline_xattr,acl,inline_data,inline_dentry,flush_merge,barrier,extent_cache,mode=adaptive,active_logs=6,reserve_root=32768,reserve_node=0,resuid=0,resgid=0,usrquota,grpquota,prjquota,inlinecrypt,alloc_mode=reuse,checkpoint_merge,fsync_mode=posix,compress_algorithm=lz4,compress_log_size=2,compress_mode=fs,memory=normal,errors=continue,lookup_mode=perf: Invalid argument
[   83.318049] init: Unmounting /dev/block/dm-17:/data_mirror/ref_profiles opts rw,lazytime,seclabel,nosuid,nodev,noatime,background_gc=on,nogc_merge,discard,discard_unit=block,user_xattr,inline_xattr,acl,inline_data,inline_dentry,flush_merge,barrier,extent_cache,mode=adaptive,active_logs=6,reserve_root=32768,reserve_node=0,resuid=0,resgid=0,usrquota,grpquota,prjquota,inlinecrypt,alloc_mode=reuse,checkpoint_merge,fsync_mode=posix,compress_algorithm=lz4,compress_log_size=2,compress_mode=fs,memory=normal,errors=continue,lookup_mode=perf
[   83.318818] init: Umounted /dev/block/dm-17:/data_mirror/ref_profiles opts rw,lazytime,seclabel,nosuid,nodev,noatime,background_gc=on,nogc_merge,discard,discard_unit=block,user_xattr,inline_xattr,acl,inline_data,inline_dentry,flush_merge,barrier,extent_cache,mode=adaptive,active_logs=6,reserve_root=32768,reserve_node=0,resuid=0,resgid=0,usrquota,grpquota,prjquota,inlinecrypt,alloc_mode=reuse,checkpoint_merge,fsync_mode=posix,compress_algorithm=lz4,compress_log_size=2,compress_mode=fs,memory=normal,errors=continue,lookup_mode=perf
[   83.319601] init: Unmounting /dev/block/dm-17:/data_mirror/cur_profiles opts rw,lazytime,seclabel,nosuid,nodev,noatime,background_gc=on,nogc_merge,discard,discard_unit=block,user_xattr,inline_xattr,acl,inline_data,inline_dentry,flush_merge,barrier,extent_cache,mode=adaptive,active_logs=6,reserve_root=32768,reserve_node=0,resuid=0,resgid=0,usrquota,grpquota,prjquota,inlinecrypt,alloc_mode=reuse,checkpoint_merge,fsync_mode=posix,compress_algorithm=lz4,compress_log_size=2,compress_mode=fs,memory=normal,errors=continue,lookup_mode=perf
[   83.320452] init: Umounted /dev/block/dm-17:/data_mirror/cur_profiles opts rw,lazytime,seclabel,nosuid,nodev,noatime,background_gc=on,nogc_merge,discard,discard_unit=block,user_xattr,inline_xattr,acl,inline_data,inline_dentry,flush_merge,barrier,extent_cache,mode=adaptive,active_logs=6,reserve_root=32768,reserve_node=0,resuid=0,resgid=0,usrquota,grpquota,prjquota,inlinecrypt,alloc_mode=reuse,checkpoint_merge,fsync_mode=posix,compress_algorithm=lz4,compress_log_size=2,compress_mode=fs,memory=normal,errors=continue,lookup_mode=perf
[   83.321278] init: Unmounting /dev/block/dm-17:/data_mirror/storage_area opts rw,lazytime,seclabel,nosuid,nodev,noatime,background_gc=on,nogc_merge,discard,discard_unit=block,user_xattr,inline_xattr,acl,inline_data,inline_dentry,flush_merge,barrier,extent_cache,mode=adaptive,active_logs=6,reserve_root=32768,reserve_node=0,resuid=0,resgid=0,usrquota,grpquota,prjquota,inlinecrypt,alloc_mode=reuse,checkpoint_merge,fsync_mode=posix,compress_algorithm=lz4,compress_log_size=2,compress_mode=fs,memory=normal,errors=continue,lookup_mode=perf
[   83.322055] init: Umounted /dev/block/dm-17:/data_mirror/storage_area opts rw,lazytime,seclabel,nosuid,nodev,noatime,background_gc=on,nogc_merge,discard,discard_unit=block,user_xattr,inline_xattr,acl,inline_data,inline_dentry,flush_merge,barrier,extent_cache,mode=adaptive,active_logs=6,reserve_root=32768,reserve_node=0,resuid=0,resgid=0,usrquota,grpquota,prjquota,inlinecrypt,alloc_mode=reuse,checkpoint_merge,fsync_mode=posix,compress_algorithm=lz4,compress_log_size=2,compress_mode=fs,memory=normal,errors=continue,lookup_mode=perf
[   83.322780] init: Unmounting /dev/block/dm-17:/data_mirror/misc_de/null opts rw,lazytime,seclabel,nosuid,nodev,noatime,background_gc=on,nogc_merge,discard,discard_unit=block,user_xattr,inline_xattr,acl,inline_data,inline_dentry,flush_merge,barrier,extent_cache,mode=adaptive,active_logs=6,reserve_root=32768,reserve_node=0,resuid=0,resgid=0,usrquota,grpquota,prjquota,inlinecrypt,alloc_mode=reuse,checkpoint_merge,fsync_mode=posix,compress_algorithm=lz4,compress_log_size=2,compress_mode=fs,memory=normal,errors=continue,lookup_mode=perf
[   83.323574] init: Umounted /dev/block/dm-17:/data_mirror/misc_de/null opts rw,lazytime,seclabel,nosuid,nodev,noatime,background_gc=on,nogc_merge,discard,discard_unit=block,user_xattr,inline_xattr,acl,inline_data,inline_dentry,flush_merge,barrier,extent_cache,mode=adaptive,active_logs=6,reserve_root=32768,reserve_node=0,resuid=0,resgid=0,usrquota,grpquota,prjquota,inlinecrypt,alloc_mode=reuse,checkpoint_merge,fsync_mode=posix,compress_algorithm=lz4,compress_log_size=2,compress_mode=fs,memory=normal,errors=continue,lookup_mode=perf
[   83.324368] init: Unmounting /dev/block/dm-17:/data_mirror/misc_ce/null opts rw,lazytime,seclabel,nosuid,nodev,noatime,background_gc=on,nogc_merge,discard,discard_unit=block,user_xattr,inline_xattr,acl,inline_data,inline_dentry,flush_merge,barrier,extent_cache,mode=adaptive,active_logs=6,reserve_root=32768,reserve_node=0,resuid=0,resgid=0,usrquota,grpquota,prjquota,inlinecrypt,alloc_mode=reuse,checkpoint_merge,fsync_mode=posix,compress_algorithm=lz4,compress_log_size=2,compress_mode=fs,memory=normal,errors=continue,lookup_mode=perf
[   83.325168] init: Umounted /dev/block/dm-17:/data_mirror/misc_ce/null opts rw,lazytime,seclabel,nosuid,nodev,noatime,background_gc=on,nogc_merge,discard,discard_unit=block,user_xattr,inline_xattr,acl,inline_data,inline_dentry,flush_merge,barrier,extent_cache,mode=adaptive,active_logs=6,reserve_root=32768,reserve_node=0,resuid=0,resgid=0,usrquota,grpquota,prjquota,inlinecrypt,alloc_mode=reuse,checkpoint_merge,fsync_mode=posix,compress_algorithm=lz4,compress_log_size=2,compress_mode=fs,memory=normal,errors=continue,lookup_mode=perf
[   83.325918] init: Unmounting /dev/block/dm-17:/data_mirror/data_de/null opts rw,lazytime,seclabel,nosuid,nodev,noatime,background_gc=on,nogc_merge,discard,discard_unit=block,user_xattr,inline_xattr,acl,inline_data,inline_dentry,flush_merge,barrier,extent_cache,mode=adaptive,active_logs=6,reserve_root=32768,reserve_node=0,resuid=0,resgid=0,usrquota,grpquota,prjquota,inlinecrypt,alloc_mode=reuse,checkpoint_merge,fsync_mode=posix,compress_algorithm=lz4,compress_log_size=2,compress_mode=fs,memory=normal,errors=continue,lookup_mode=perf
[   83.326674] init: Umounted /dev/block/dm-17:/data_mirror/data_de/null opts rw,lazytime,seclabel,nosuid,nodev,noatime,background_gc=on,nogc_merge,discard,discard_unit=block,user_xattr,inline_xattr,acl,inline_data,inline_dentry,flush_merge,barrier,extent_cache,mode=adaptive,active_logs=6,reserve_root=32768,reserve_node=0,resuid=0,resgid=0,usrquota,grpquota,prjquota,inlinecrypt,alloc_mode=reuse,checkpoint_merge,fsync_mode=posix,compress_algorithm=lz4,compress_log_size=2,compress_mode=fs,memory=normal,errors=continue,lookup_mode=perf
[   83.327486] init: Unmounting /dev/block/dm-17:/data_mirror/data_ce/null opts rw,lazytime,seclabel,nosuid,nodev,noatime,background_gc=on,nogc_merge,discard,discard_unit=block,user_xattr,inline_xattr,acl,inline_data,inline_dentry,flush_merge,barrier,extent_cache,mode=adaptive,active_logs=6,reserve_root=32768,reserve_node=0,resuid=0,resgid=0,usrquota,grpquota,prjquota,inlinecrypt,alloc_mode=reuse,checkpoint_merge,fsync_mode=posix,compress_algorithm=lz4,compress_log_size=2,compress_mode=fs,memory=normal,errors=continue,lookup_mode=perf
[   83.328237] init: Umounted /dev/block/dm-17:/data_mirror/data_ce/null opts rw,lazytime,seclabel,nosuid,nodev,noatime,background_gc=on,nogc_merge,discard,discard_unit=block,user_xattr,inline_xattr,acl,inline_data,inline_dentry,flush_merge,barrier,extent_cache,mode=adaptive,active_logs=6,reserve_root=32768,reserve_node=0,resuid=0,resgid=0,usrquota,grpquota,prjquota,inlinecrypt,alloc_mode=reuse,checkpoint_merge,fsync_mode=posix,compress_algorithm=lz4,compress_log_size=2,compress_mode=fs,memory=normal,errors=continue,lookup_mode=perf
[   83.329035] init: Unmounting /dev/block/dm-17:/data opts rw,lazytime,seclabel,nosuid,nodev,noatime,background_gc=on,nogc_merge,discard,discard_unit=block,user_xattr,inline_xattr,acl,inline_data,inline_dentry,flush_merge,barrier,extent_cache,mode=adaptive,active_logs=6,reserve_root=32768,reserve_node=0,resuid=0,resgid=0,usrquota,grpquota,prjquota,inlinecrypt,alloc_mode=reuse,checkpoint_merge,fsync_mode=posix,compress_algorithm=lz4,compress_log_size=2,compress_mode=fs,memory=normal,errors=continue,lookup_mode=perf
[   83.490204] init: Umounted /dev/block/dm-17:/data opts rw,lazytime,seclabel,nosuid,nodev,noatime,background_gc=on,nogc_merge,discard,discard_unit=block,user_xattr,inline_xattr,acl,inline_data,inline_dentry,flush_merge,barrier,extent_cache,mode=adaptive,active_logs=6,reserve_root=32768,reserve_node=0,resuid=0,resgid=0,usrquota,grpquota,prjquota,inlinecrypt,alloc_mode=reuse,checkpoint_merge,fsync_mode=posix,compress_algorithm=lz4,compress_log_size=2,compress_mode=fs,memory=normal,errors=continue,lookup_mode=perf
[   83.491300] init: Unmounting /dev/block/vda6:/metadata opts rw,seclabel,nosuid,nodev,noatime
[   83.497863] init: Umounted /dev/block/vda6:/metadata opts rw,seclabel,nosuid,nodev,noatime
[   83.498217] init: sync() after umount...
[   83.498420] init: sync() after umount took0ms
[   83.598849] init: powerctl_shutdown_time_ms:3957:0
[   83.599066] init: Reboot ending, jumping to kernel
[   83.629747] ACPI: PM: Preparing to enter system sleep state S5
[   83.700983] kvm: exiting hardware virtualization
[   83.701755] reboot: Restarting system with command 'recovery'
[   83.703606] reboot: machine restart

U-Boot SPL 2024.04-g3fe964757589-ab15108624 (Mar 27 2026 - 21:26:21 +0000)
Trying to boot from SPI
Jumping to 64-bit U-Boot: Note many features are missing


U-Boot 2024.04-g3fe964757589-ab15108624 (Mar 27 2026 - 21:26:21 +0000)

DRAM:  4 GiB
Core:  8 devices, 8 uclasses, devicetree: separate
Net:         eth_initialize() No ethernet found.
qfw_write_smbios_tables() No QEMU firmware device
qfw_evt_write_smbios_tables() Falling back to U-Boot generated SMBIOS tables
Driver                    uid uclass               Devices
----------------------------------------------------------
blk_partition             083 partition            virtio-blk#24:1          
                                                   virtio-blk#24:2          
                                                   virtio-blk#24:3          
                                                   virtio-blk#24:4          
                                                   virtio-blk#24:5          
                                                   virtio-blk#24:6          
                                                   virtio-blk#24:7          
                                                   virtio-blk#24:8          
                                                   virtio-blk#24:9          
                                                   virtio-blk#24:10         
                                                   virtio-blk#24:11         
                                                   virtio-blk#24:12         
                                                   virtio-blk#24:13         
                                                   virtio-blk#24:14         
                                                   virtio-blk#24:15         
                                                   virtio-blk#24:16         
                                                   virtio-blk#24:17         
                                                   virtio-blk#24:18         
                                                   virtio-blk#24:19         
                                                   virtio-blk#25:1          
                                                   virtio-blk#25:2          
                                                   virtio-blk#25:3          
                                                   virtio-blk#25:4          
                                                   virtio-blk#26:1          
bootmeth_qfw              026 <no uclass>          
cpu_bus                   109 <no uclass>          
cpu_qemu                  031 <no uclass>          
cpu_x86                   031 <no uclass>          
efi_blk                   022 blk                  <none>
EFI block driver          038 efi                  <none>
syscon                    117 syscon               <none>
motorola_mc146818         104 rtc                  rtc                      
ns16550_serial            108 serial               serial                   
pci_bridge_drv            085 pci                  pci_0:2.1                
pci_generic_drv           087 pci_generic          pci_0:0.0                
                                                   pci_0:1.7                
pci_x86                   085 pci                  pci                      
qfw_bootdev               025 <no uclass>          
qfw_pio                   096 qfw                  qfw_pio                  
root_driver               000 root                 root_driver              
sysinfo_smbios            118 sysinfo              smbios                   
vidconsole0               131 vidconsole0          <none>
virtio-blk                022 blk                  virtio-blk#24            
                                                   virtio-blk#25            
                                                   virtio-blk#26            
virtio_bootdev            025 <no uclass>          
virtio-console            108 serial               virtio-console#0         
                                                   virtio-console#8         
                                                   virtio-console#9         
                                                   virtio-console#10        
                                                   virtio-console#11        
                                                   virtio-console#12        
                                                   virtio-console#13        
                                                   virtio-console#14        
                                                   virtio-console#15        
                                                   virtio-console#16        
                                                   virtio-console#17        
                                                   virtio-console#18        
                                                   virtio-console#19        
                                                   virtio-console#20        
                                                   virtio-console#21        
                                                   virtio-console#22        
                                                   virtio-console#23        
                                                   virtio-console#27        
                                                   virtio-console#28        
                                                   virtio-console#29        
virtio-console-port       108 serial               <none>
virtio-net                040 ethernet             virtio-net#1             
                                                   virtio-net#2             
virtio-pci.m              133 virtio               virtio-pci.m#0           
                                                   virtio-pci.m#1           
                                                   virtio-pci.m#2           
                                                   virtio-pci.m#3           
                                                   virtio-pci.m#4           
                                                   virtio-pci.m#5           
                                                   virtio-pci.m#6           
                                                   virtio-pci.m#7           
                                                   virtio-pci.m#8           
                                                   virtio-pci.m#9           
                                                   virtio-pci.m#10          
                                                   virtio-pci.m#11          
                                                   virtio-pci.m#12          
                                                   virtio-pci.m#13          
                                                   virtio-pci.m#14          
                                                   virtio-pci.m#15          
                                                   virtio-pci.m#16          
                                                   virtio-pci.m#17          
                                                   virtio-pci.m#18          
                                                   virtio-pci.m#19          
                                                   virtio-pci.m#20          
                                                   virtio-pci.m#21          
                                                   virtio-pci.m#22          
                                                   virtio-pci.m#23          
                                                   virtio-pci.m#24          
                                                   virtio-pci.m#25          
                                                   virtio-pci.m#26          
                                                   virtio-pci.m#27          
                                                   virtio-pci.m#28          
                                                   virtio-pci.m#29          
                                                   virtio-pci.m#30          
                                                   virtio-pci.m#31          
                                                   virtio-pci.m#32          
                                                   virtio-pci.m#33          
                                                   virtio-pci.m#34          
                                                   virtio-pci.m#35          
                                                   virtio-pci.m#36          
virtio-rng                103 rng                  virtio-rng#32            
x86_reset                 119 sysreset             reset                    
x86_tsc_timer             122 timer                tsc-timer                
## Android Verified Boot 2.0 version 1.2.0
Writing 8 bytes to virtio-console#17 console
Reading 8 bytes from virtio-console#17 console
Writing 8 bytes to virtio-console#17 console
Reading 8 bytes from virtio-console#17 console
Verification passed successfully
Imported supplementary environment
CPU 65537:
Reg Valid Write-type   Base   ||        Mask   ||        Size   ||       
0   Y     Back         00000000fff00000 0000000ffff00000 0000000000100000
1   N     Uncacheable  0000000000000000 0000000000000000 0000001000000000
2   N     Uncacheable  0000000000000000 0000000000000000 0000001000000000
3   N     Uncacheable  0000000000000000 0000000000000000 0000001000000000
4   N     Uncacheable  0000000000000000 0000000000000000 0000001000000000
5   N     Uncacheable  0000000000000000 0000000000000000 0000001000000000
6   N     Uncacheable  0000000000000000 0000000000000000 0000001000000000
7   N     Uncacheable  0000000000000000 0000000000000000 0000001000000000
ANDROID: reboot reason: "recovery"
## Android Verified Boot 2.0 version 1.2.0
Writing 8 bytes to virtio-console#17 console
Reading 8 bytes from virtio-console#17 console
Writing 8 bytes to virtio-console#17 console
Reading 8 bytes from virtio-console#17 console
Verification passed successfully
## Android Verified Boot 2.0 version 1.2.0
Writing 8 bytes to virtio-console#17 console
Reading 8 bytes from virtio-console#17 console
Writing 8 bytes to virtio-console#17 console
Reading 8 bytes from virtio-console#17 console
Verification passed successfully
ANDROID: Loading ramdisk from "init_boot_a", partition 4.
ANDROID: Loading kernel from "boot_a", partition 1.
ANDROID: Loading vendor ramdisk from "vendor_boot_a", partition 18.
Booting kernel at 0x02400000 with fdt at <NULL> ramdisk 0x0e400000 (0x015058f6 bytes)...


Valid Boot Flag
Magic signature found
Linux kernel version 6.12.74-android16-6-g3ec022196c4e-ab15076761 (kleaf@build-host) #1 SMP PREEMPT Tue Mar 24 05:36:21 UTC 2026
Building boot_params at 0x00090000
Loading bzImage at address 100000 (22881280 bytes)
Initial RAM disk at linear address 0x0e400000, size 22042870 bytes
Kernel command line: " printk.devkmsg=on audit=1 panic=-1 8250.nr_uarts=1 binder.impl=rust cma=0 firmware_class.path=/vendor/etc/ loop.max_part=7 init=/init bootconfig panic=-1 console=hvc0 earlycon=uart8250,io,0x3f8 ramoops.mem_address=0x138000000 ramoops.mem_size=0x200000"
Kernel loaded at 00100000, setup_base=0000000000090000

Starting kernel ...

[    0.000000] Linux version 6.12.74-android16-6-g3ec022196c4e-ab15076761 (kleaf@build-host) (Android (14043575, +pgo, +bolt, +lto, +mlgo, based on r536225) clang version 19.0.1 (https://android.googlesource.com/toolchain/llvm-project b3a530ec6537146650e42be89f1089e9a3588460), LLD 19.0.1) #1 SMP PREEMPT Tue Mar 24 05:36:21 UTC 2026
[    0.000000] Command line:  printk.devkmsg=on audit=1 panic=-1 8250.nr_uarts=1 binder.impl=rust cma=0 firmware_class.path=/vendor/etc/ loop.max_part=7 init=/init bootconfig panic=-1 console=hvc0 earlycon=uart8250,io,0x3f8 ramoops.mem_address=0x138000000 ramoops.mem_size=0x200000
[    0.000000] [Firmware Bug]: TSC doesn't count with P0 frequency!
[    0.000000] BIOS-provided physical RAM map:
[    0.000000] BIOS-e820: [mem 0x0000000000000000-0x000000000009ffff] usable
[    0.000000] BIOS-e820: [mem 0x00000000000a0000-0x00000000000fffff] reserved
[    0.000000] BIOS-e820: [mem 0x0000000000100000-0x00000000ced69fff] usable
[    0.000000] BIOS-e820: [mem 0x00000000ced6a000-0x00000000cfffffff] reserved
[    0.000000] BIOS-e820: [mem 0x00000000e0000000-0x00000000efffffff] reserved
[    0.000000] BIOS-e820: [mem 0x0000000100000000-0x000000012fffffff] usable
[    0.000000] earlycon: uart8250 at I/O port 0x3f8 (options '')
[    0.000000] printk: legacy bootconsole [uart8250] enabled
[    0.000000] NX (Execute Disable) protection: active
[    0.000000] APIC: Static calls initialized
[    0.000000] SMBIOS 3.2.0 present.
[    0.000000] DMI: ChromiumOS crosvm, BIOS 0 
[    0.000000] DMI: Memory slots populated: 0/0
[    0.000000] Hypervisor detected: KVM
[    0.000000] last_pfn = 0xced6a max_arch_pfn = 0x400000000
[    0.000000] kvm-clock: Using msrs 4b564d01 and 4b564d00
[    0.000002] kvm-clock: using sched offset of 1811020910 cycles
[    0.001445] clocksource: kvm-clock: mask: 0xffffffffffffffff max_cycles: 0x1cd42e4dffb, max_idle_ns: 881590591483 ns
[    0.005947] tsc: Detected 2596.150 MHz processor
[    0.007537] last_pfn = 0x130000 max_arch_pfn = 0x400000000
[    0.009223] MTRR map: 6 entries (3 fixed + 3 variable; max 19), built from 8 variable MTRRs
[    0.011516] x86/PAT: Configuration [0-7]: WB  WC  UC- UC  WB  WP  UC- WT  
[    0.013580] mtrr: your BIOS has configured an incorrect mask, fixing it.
[    0.015460] last_pfn = 0xced6a max_arch_pfn = 0x400000000
[    0.016964] found SMP MP-table at [mem 0x0009fff0-0x0009ffff]
[    0.018611] Using GB pages for direct mapping
[    0.019969] RAMDISK: [mem 0x0e400000-0x0f905fff]
[    0.021324] ACPI: Early table checksum verification disabled
[    0.022877] ACPI: RSDP 0x00000000000E0000 000024 (v02 CROSVM)
[    0.024483] ACPI: XSDT 0x00000000000E0C00 00003C (v01 CROSVM CROSVMDT 00000001 CROS 00000000)
[    0.026843] ACPI: FACP 0x00000000000E09C0 000114 (v06 CROSVM CROSVMDT 00000001 CROS 00000000)
[    0.029213] ACPI: DSDT 0x00000000000E0080 00091E (v06 CROSVM CROSVMDT 00000001 CROS 00000000)
[    0.031615] ACPI: FACS 0x00000000000E0040 000040
[    0.032888] ACPI: APIC 0x00000000000E0B00 000070 (v05 CROSVM CROSVMDT 00000001 CROS 00000000)
[    0.035291] ACPI: MCFG 0x00000000000E0B80 00003C (v01 CROSVM CROSVMDT 00000001 CROS 00000000)
[    0.037699] ACPI: Reserving FACP table memory at [mem 0xe09c0-0xe0ad3]
[    0.039513] ACPI: Reserving DSDT table memory at [mem 0xe0080-0xe099d]
[    0.041307] ACPI: Reserving FACS table memory at [mem 0xe0040-0xe007f]
[    0.043096] ACPI: Reserving APIC table memory at [mem 0xe0b00-0xe0b6f]
[    0.044927] ACPI: Reserving MCFG table memory at [mem 0xe0b80-0xe0bbb]
[    0.046923] Zone ranges:
[    0.047590]   DMA32    [mem 0x0000000000001000-0x00000000ffffffff]
[    0.049210]   Normal   [mem 0x0000000100000000-0x000000012fffffff]
[    0.050843] Movable zone start for each node
[    0.051966] Early memory node ranges
[    0.052913]   node   0: [mem 0x0000000000001000-0x000000000009ffff]
[    0.054584]   node   0: [mem 0x0000000000100000-0x00000000ced69fff]
[    0.056249]   node   0: [mem 0x0000000100000000-0x000000012fffffff]
[    0.057910] Initmem setup node 0 [mem 0x0000000000001000-0x000000012fffffff]
[    0.059835] On node 0, zone DMA32: 1 pages in unavailable ranges
[    0.175341] On node 0, zone DMA32: 96 pages in unavailable ranges
[    0.203692] On node 0, zone Normal: 4758 pages in unavailable ranges
[    0.208342] IOAPIC[0]: apic_id 0, version 17, address 0xfec00000, GSI 0-23
[    0.210000] ACPI: INT_SRC_OVR (bus 0 bus_irq 9 global_irq 9 low level)
[    0.211507] ACPI: INT_SRC_OVR (bus 0 bus_irq 10 global_irq 10 low level)
[    0.212660] ACPI: INT_SRC_OVR (bus 0 bus_irq 11 global_irq 11 low level)
[    0.213624] ACPI: INT_SRC_OVR (bus 0 bus_irq 12 global_irq 12 low level)
[    0.214786] ACPI: Using ACPI (MADT) for SMP configuration information
[    0.216097] TSC deadline timer available
[    0.217018] CPU topo: Max. logical packages:   2
[    0.218114] CPU topo: Max. logical dies:       2
[    0.219171] CPU topo: Max. dies per package:   1
[    0.220214] CPU topo: Max. threads per core:   1
[    0.221256] CPU topo: Num. cores per package:     1
[    0.222353] CPU topo: Num. threads per package:   1
[    0.223515] CPU topo: Allowing 2 present CPUs plus 0 hotplug CPUs
[    0.224975] kvm-guest: APIC: eoi() replaced with kvm_guest_apic_eoi_write()
[    0.226506] kvm-guest: KVM setup pv remote TLB flush
[    0.227486] kvm-guest: setup PV sched yield
[    0.228641] PM: hibernation: Registered nosave memory: [mem 0x00000000-0x00000fff]
[    0.230851] PM: hibernation: Registered nosave memory: [mem 0x000a0000-0x000fffff]
[    0.233002] PM: hibernation: Registered nosave memory: [mem 0xced6a000-0xffffffff]
[    0.234736] [mem 0xd0000000-0xdfffffff] available for PCI devices
[    0.235735] Booting paravirtualized kernel on KVM
[    0.236398] clocksource: refined-jiffies: mask: 0xffffffff max_cycles: 0xffffffff, max_idle_ns: 7645519600211568 ns
[    0.238916] Load bootconfig: 2663 bytes 130 nodes
[    0.240008] setup_percpu: NR_CPUS:32 nr_cpumask_bits:2 nr_cpu_ids:2 nr_node_ids:1
[    0.245925] percpu: Embedded 106 pages/cpu s271384 r131072 d31720 u1048576
[    0.247614] Kernel command line: vmw_vsock_virtio_transport_common.virtio_transport_max_vsock_pkt_buf_size=16384 console=ttynull stack_depot_disable=on cgroup_disable=pressure bootconfig  printk.devkmsg=on audit=1 panic=-1 8250.nr_uarts=1 binder.impl=rust cma=0 firmware_class.path=/vendor/etc/ loop.max_part=7 init=/init bootconfig panic=-1 console=hvc0 earlycon=uart8250,io,0x3f8 ramoops.mem_address=0x138000000 ramoops.mem_size=0x200000
[    0.256742] cgroup: Disabling pressure control group feature
[    0.258094] audit: enabled (after initialization)
[    0.259262] random: crng init done
[    0.260064] printk: log buffer data + meta data: 131072 + 458752 = 589824 bytes
[    0.270551] Dentry cache hash table entries: 524288 (order: 10, 4194304 bytes, linear)
[    0.276496] Inode-cache hash table entries: 262144 (order: 9, 2097152 bytes, linear)
[    0.278344] Built 1 zonelists, mobility grouping on.  Total pages: 1043721
[    0.279975] mem auto-init: stack:all(zero), heap alloc:on, heap free:off
[    0.281512] stackdepot: disabled
[    0.282254] software IO TLB: area num 2.
[    0.436746] SLUB: HWalign=64, Order=0-3, MinObjects=0, CPUs=2, Nodes=1
[    0.438944] rcu: Preemptible hierarchical RCU implementation.
[    0.440310] rcu: 	RCU event tracing is enabled.
[    0.441377] rcu: 	RCU restricting CPUs from NR_CPUS=32 to nr_cpu_ids=2.
[    0.442789] rcu: 	RCU priority boosting: priority 1 delay 500 ms.
[    0.444217] 	Trampoline variant of Tasks RCU enabled.
[    0.445405] 	Tracing variant of Tasks RCU enabled.
[    0.446511] rcu: RCU calculated value of scheduler-enlistment delay is 25 jiffies.
[    0.448184] rcu: Adjusting geometry for rcu_fanout_leaf=16, nr_cpu_ids=2
[    0.449731] RCU Tasks: Setting shift to 1 and lim to 1 rcu_task_cb_adjust=1 rcu_task_cpu_ids=2.
[    0.451786] RCU Tasks Trace: Setting shift to 1 and lim to 1 rcu_task_cb_adjust=1 rcu_task_cpu_ids=2.
[    0.456171] NR_IRQS: 4352, nr_irqs: 440, preallocated irqs: 16
[    0.457872] rcu: 	Offload RCU callbacks from CPUs: 0-1.
[    0.458949] rcu: srcu_init: Setting srcu_struct sizes based on contention.
[    0.460645] kfence: initialized - using 524288 bytes for 63 objects at 0x(____ptrval____)-0x(____ptrval____)
[    0.462984] ACPI: Core revision 20240827
[    0.463953] APIC: Switch to symmetric I/O mode setup
[    0.465755] x2apic enabled
[    0.467032] APIC: Switched APIC routing to: physical x2apic
[    0.468282] kvm-guest: APIC: send_IPI_mask() replaced with kvm_send_ipi_mask()
[    0.469980] kvm-guest: APIC: send_IPI_mask_allbutself() replaced with kvm_send_ipi_mask_allbutself()
[    0.471963] kvm-guest: setup PV IPIs
[    0.475029] clocksource: tsc-early: mask: 0xffffffffffffffff max_cycles: 0x256c0731a4e, max_idle_ns: 440795333312 ns
[    0.477279] Calibrating delay loop (skipped) preset value.. 5192.30 BogoMIPS (lpj=10384600)
[    0.480045] x86/cpu: User Mode Instruction Prevention (UMIP) activated
[    0.481273] Last level iTLB entries: 4KB 512, 2MB 512, 4MB 256
[    0.481273] Last level dTLB entries: 4KB 3072, 2MB 3072, 4MB 1536, 1GB 0
[    0.481273] Spectre V1 : Mitigation: usercopy/swapgs barriers and __user pointer sanitization
[    0.481273] Spectre V2 : Mitigation: Retpolines
[    0.481273] Spectre V2 : Spectre v2 / SpectreRSB: Filling RSB on context switch and VMEXIT
[    0.481273] Speculative Store Bypass: Vulnerable
[    0.481273] Speculative Return Stack Overflow: IBPB-extending microcode not applied!
[    0.481273] Speculative Return Stack Overflow: WARNING: See https://kernel.org/doc/html/latest/admin-guide/hw-vuln/srso.html for mitigation options.
[    0.481273] active return thunk: srso_alias_return_thunk
[    0.481273] Speculative Return Stack Overflow: Vulnerable: Safe RET, no microcode
[    0.481273] x86/fpu: Supporting XSAVE feature 0x001: 'x87 floating point registers'
[    0.481273] x86/fpu: Supporting XSAVE feature 0x002: 'SSE registers'
[    0.481273] x86/fpu: Supporting XSAVE feature 0x004: 'AVX registers'
[    0.481273] x86/fpu: Supporting XSAVE feature 0x020: 'AVX-512 opmask'
[    0.481273] x86/fpu: Supporting XSAVE feature 0x040: 'AVX-512 Hi256'
[    0.481273] x86/fpu: Supporting XSAVE feature 0x080: 'AVX-512 ZMM_Hi256'
[    0.481273] x86/fpu: xstate_offset[2]:  576, xstate_sizes[2]:  256
[    0.481273] x86/fpu: xstate_offset[5]:  832, xstate_sizes[5]:   64
[    0.481273] x86/fpu: xstate_offset[6]:  896, xstate_sizes[6]:  512
[    0.481273] x86/fpu: xstate_offset[7]: 1408, xstate_sizes[7]: 1024
[    0.481273] x86/fpu: Enabled xstate features 0xe7, context size is 2432 bytes, using 'compacted' format.
[    0.481273] SMP alternatives: Using kCFI
[    0.481273] Freeing SMP alternatives memory: 56K
[    0.481273] pid_max: default: 32768 minimum: 301
[    0.481273] LSM: initializing lsm=capability,landlock,safesetid,selinux,bpf
[    0.481273] landlock: Up and running.
[    0.481273] SELinux:  Initializing.
[    0.481273] LSM support for eBPF active
[    0.481273] Mount-cache hash table entries: 8192 (order: 4, 65536 bytes, linear)
[    0.481273] Mountpoint-cache hash table entries: 8192 (order: 4, 65536 bytes, linear)
[    0.481273] smpboot: CPU0: AMD EPYC 9V74 80-Core Processor (family: 0x19, model: 0x11, stepping: 0x1)
[    0.481273] Performance Events: PMU not available due to virtualization, using software events only.
[    0.485386] signal: max sigframe size: 3376
[    0.486757] rcu: Hierarchical SRCU implementation.
[    0.488193] rcu: 	Max phase no-delay instances is 1000.
[    0.489712] Timer migration: 1 hierarchy levels; 8 children per group; 1 crossnode level
[    0.494930] dyndbg: Ignore empty _ddebug table in a CONFIG_DYNAMIC_DEBUG_CORE build
[    0.497573] smp: Bringing up secondary CPUs ...
[    0.499596] smpboot: x86: Booting SMP configuration:
[    0.501088] .... node  #0, CPUs:      #1
[    0.505414] smp: Brought up 1 node, 2 CPUs
[    0.507915] smpboot: Total of 2 processors activated (10384.60 BogoMIPS)
[    0.510121] Memory: 3960460K/4174884K available (22528K kernel code, 2444K rwdata, 16884K rodata, 3244K init, 2276K bss, 210880K reserved, 0K cma-reserved)
[    0.514410] x86/mm: Memory block size: 128MB
[    0.516919] clocksource: jiffies: mask: 0xffffffff max_cycles: 0xffffffff, max_idle_ns: 7645041785100000 ns
[    0.517389] futex hash table entries: 512 (order: 3, 32768 bytes, linear)
[    0.525345] NET: Registered PF_NETLINK/PF_ROUTE protocol family
[    0.527526] audit: initializing netlink subsys (enabled)
[    0.529370] ramoops: using module parameters
[    0.529332] audit: type=2000 audit(1790844804.994:1): state=initialized audit_enabled=1 res=1
[    0.540185] pstore: Using crash dump compression: deflate
[    0.541286] printk: legacy console [ramoops-1] enabled
[    0.543064] pstore: Registered ramoops as persistent store backend
[    0.544908] ramoops: using 0x200000@0x138000000, ecc: 0
[    0.545650] thermal_sys: Registered thermal governor 'bang_bang'
[    0.545652] thermal_sys: Registered thermal governor 'step_wise'
[    0.547910] thermal_sys: Registered thermal governor 'user_space'
[    0.549313] cpuidle: using governor menu
[    0.554071] PCI: ECAM [mem 0xf4000000-0xf7ffffff] (base 0xf4000000) for domain 0000 [bus 00-3f]
[    0.556660] PCI: not using ECAM ([mem 0xf4000000-0xf7ffffff] not reserved)
[    0.557287] PCI: Using configuration type 1 for base access
[    0.558977] PCI: Using configuration type 1 for extended access
[    0.560959] mtrr: your CPUs had inconsistent fixed MTRR settings
[    0.561285] mtrr: your CPUs had inconsistent variable MTRR settings
[    0.563174] mtrr: your CPUs had inconsistent MTRRdefType settings
[    0.564992] mtrr: probably your BIOS does not setup all CPUs.
[    0.565285] mtrr: corrected configuration.
[    0.566678] kprobes: kprobe jump-optimization is enabled. All kprobes are optimized if possible.
[    0.574037] cryptd: max_cpu_qlen set to 1000
[    0.577747] ACPI: Added _OSI(Module Device)
[    0.579023] ACPI: Added _OSI(Processor Device)
[    0.580341] ACPI: Added _OSI(Processor Aggregator Device)
[    0.582100] ACPI: 1 ACPI AML tables successfully acquired and loaded
[    0.587019] ACPI: Interpreter enabled
[    0.587142] ACPI: PM: (supports S0 S1 S5)
[    0.589288] ACPI: Using IOAPIC for interrupt routing
[    0.591279] PCI: ECAM [mem 0xf4000000-0xf7ffffff] (base 0xf4000000) for domain 0000 [bus 00-3f]
[    0.593371] PCI: ECAM [mem 0xf4000000-0xf7ffffff] reserved as ACPI motherboard resource
[    0.596345] PCI: Using host bridge windows from ACPI; if necessary, use "pci=nocrs" and report a bug
[    0.597293] PCI: Using E820 reservations for host bridge windows
[    0.601108] ACPI: PCI Root Bridge [PC00] (domain 0000 [bus 00-3f])
[    0.605292] acpi PNP0A08:00: _OSC: OS supports [ExtendedConfig ASPM ClockPM Segments MSI HPX-Type3]
[    0.607986] acpi PNP0A08:00: _OSC: OS now controls [PCIeHotplug PME PCIeCapability LTR]
[    0.609551] PCI host bridge to bus 0000:00
[    0.610797] pci_bus 0000:00: root bus resource [mem 0xd0000000-0xf7ffffff window]
[    0.613083] pci_bus 0000:00: root bus resource [mem 0x138200000-0x3fffffffffff window]
[    0.617286] pci_bus 0000:00: root bus resource [bus 00-3f]
[    0.618976] pci 0000:00:00.0: [8086:1237] type 00 class 0x060000 conventional PCI endpoint
[    0.621273] pci 0000:00:01.0: [1af4:1043] type 00 class 0x078000 conventional PCI endpoint
[    0.621273] pci 0000:00:01.0: BAR 0 [mem 0xd0808000-0xd080ffff]
[    0.621273] pci 0000:00:01.0: PME# supported from D0 D3hot D3cold
[    0.625542] pci 0000:00:01.1: [1af4:1041] type 00 class 0x028000 conventional PCI endpoint
[    0.627765] pci 0000:00:01.1: BAR 0 [mem 0xd08e0000-0xd08e7fff]
[    0.630970] pci 0000:00:01.1: PME# supported from D0 D3hot D3cold
[    0.633712] pci 0000:00:01.2: [1af4:1041] type 00 class 0x028000 conventional PCI endpoint
[    0.636097] pci 0000:00:01.2: BAR 0 [mem 0xd08e8000-0xd08effff]
[    0.643065] pci 0000:00:01.2: PME# supported from D0 D3hot D3cold
[    0.645839] pci 0000:00:01.3: [1af4:1052] type 00 class 0x098000 conventional PCI endpoint
[    0.648565] pci 0000:00:01.3: BAR 0 [mem 0xd0908000-0xd090ffff]
[    0.650843] pci 0000:00:01.3: PME# supported from D0 D3hot D3cold
[    0.653018] pci 0000:00:01.4: [1af4:1052] type 00 class 0x098000 conventional PCI endpoint
[    0.653487] pci 0000:00:01.4: BAR 0 [mem 0xd0910000-0xd0917fff]
[    0.656507] pci 0000:00:01.4: PME# supported from D0 D3hot D3cold
[    0.658164] pci 0000:00:01.5: [1af4:1052] type 00 class 0x098000 conventional PCI endpoint
[    0.660604] pci 0000:00:01.5: BAR 0 [mem 0xd0918000-0xd091ffff]
[    0.662808] pci 0000:00:01.5: PME# supported from D0 D3hot D3cold
[    0.665251] pci 0000:00:01.6: [1af4:1052] type 00 class 0x098000 conventional PCI endpoint
[    0.669489] pci 0000:00:01.6: BAR 0 [mem 0xd0920000-0xd0927fff]
[    0.672655] pci 0000:00:01.6: PME# supported from D0 D3hot D3cold
[    0.673844] pci 0000:00:01.7: [1b36:0011] type 00 class 0xffff00 conventional PCI endpoint
[    0.676246] pci 0000:00:01.7: BAR 0 [mem 0xd0928000-0xd092800f]
[    0.678646] pci 0000:00:02.0: [1af4:1050] type 00 class 0x038000 conventional PCI endpoint
[    0.681204] pci 0000:00:02.0: BAR 0 [mem 0xd0800000-0xd0807fff]
[    0.685560] pci 0000:00:02.0: BAR 2 [mem 0x200000000-0x3ffffffff 64bit pref]
[    0.689023] pci 0000:00:02.0: PME# supported from D0 D3hot D3cold
[    0.690217] pci 0000:00:02.1: [8086:3420] type 01 class 0x060400 PCIe Root Port
[    0.692801] pci 0000:00:02.1: PCI bridge to [bus 01]
[    0.694245] pci 0000:00:02.1: PME# supported from D0 D3hot D3cold
[    0.696981] pci 0000:00:03.0: [1af4:1043] type 00 class 0x078000 conventional PCI endpoint
[    0.701523] pci 0000:00:03.0: BAR 0 [mem 0xd0810000-0xd0817fff]
[    0.704993] pci 0000:00:03.0: PME# supported from D0 D3hot D3cold
[    0.706194] pci 0000:00:04.0: [1af4:1043] type 00 class 0x078000 conventional PCI endpoint
[    0.708332] pci 0000:00:04.0: BAR 0 [mem 0xd0818000-0xd081ffff]
[    0.711077] pci 0000:00:04.0: PME# supported from D0 D3hot D3cold
[    0.713801] pci 0000:00:05.0: [1af4:1043] type 00 class 0x078000 conventional PCI endpoint
[    0.716312] pci 0000:00:05.0: BAR 0 [mem 0xd0820000-0xd0827fff]
[    0.719044] pci 0000:00:05.0: PME# supported from D0 D3hot D3cold
[    0.721065] pci 0000:00:06.0: [1af4:1043] type 00 class 0x078000 conventional PCI endpoint
[    0.725483] pci 0000:00:06.0: BAR 0 [mem 0xd0828000-0xd082ffff]
[    0.728599] pci 0000:00:06.0: PME# supported from D0 D3hot D3cold
[    0.730074] pci 0000:00:07.0: [1af4:1043] type 00 class 0x078000 conventional PCI endpoint
[    0.732441] pci 0000:00:07.0: BAR 0 [mem 0xd0830000-0xd0837fff]
[    0.734775] pci 0000:00:07.0: PME# supported from D0 D3hot D3cold
[    0.737195] pci 0000:00:08.0: [1af4:1043] type 00 class 0x078000 conventional PCI endpoint
[    0.737484] pci 0000:00:08.0: BAR 0 [mem 0xd0838000-0xd083ffff]
[    0.740534] pci 0000:00:08.0: PME# supported from D0 D3hot D3cold
[    0.746128] pci 0000:00:09.0: [1af4:1043] type 00 class 0x078000 conventional PCI endpoint
[    0.748414] pci 0000:00:09.0: BAR 0 [mem 0xd0840000-0xd0847fff]
[    0.750796] pci 0000:00:09.0: PME# supported from D0 D3hot D3cold
[    0.753299] pci 0000:00:0a.0: [1af4:1043] type 00 class 0x078000 conventional PCI endpoint
[    0.755482] pci 0000:00:0a.0: BAR 0 [mem 0xd0848000-0xd084ffff]
[    0.759068] pci 0000:00:0a.0: PME# supported from D0 D3hot D3cold
[    0.761811] pci 0000:00:0b.0: [1af4:1043] type 00 class 0x078000 conventional PCI endpoint
[    0.764535] pci 0000:00:0b.0: BAR 0 [mem 0xd0850000-0xd0857fff]
[    0.767050] pci 0000:00:0b.0: PME# supported from D0 D3hot D3cold
[    0.769806] pci 0000:00:0c.0: [1af4:1043] type 00 class 0x078000 conventional PCI endpoint
[    0.772592] pci 0000:00:0c.0: BAR 0 [mem 0xd0858000-0xd085ffff]
[    0.775065] pci 0000:00:0c.0: PME# supported from D0 D3hot D3cold
[    0.777854] pci 0000:00:0d.0: [1af4:1043] type 00 class 0x078000 conventional PCI endpoint
[    0.780605] pci 0000:00:0d.0: BAR 0 [mem 0xd0860000-0xd0867fff]
[    0.782789] pci 0000:00:0d.0: PME# supported from D0 D3hot D3cold
[    0.785567] pci 0000:00:0e.0: [1af4:1043] type 00 class 0x078000 conventional PCI endpoint
[    0.788010] pci 0000:00:0e.0: BAR 0 [mem 0xd0868000-0xd086ffff]
[    0.789273] pci 0000:00:0e.0: PME# supported from D0 D3hot D3cold
[    0.793570] pci 0000:00:0f.0: [1af4:1043] type 00 class 0x078000 conventional PCI endpoint
[    0.796025] pci 0000:00:0f.0: BAR 0 [mem 0xd0870000-0xd0877fff]
[    0.802783] pci 0000:00:0f.0: PME# supported from D0 D3hot D3cold
[    0.805224] pci 0000:00:10.0: [1af4:1043] type 00 class 0x078000 conventional PCI endpoint
[    0.805485] pci 0000:00:10.0: BAR 0 [mem 0xd0878000-0xd087ffff]
[    0.808563] pci 0000:00:10.0: PME# supported from D0 D3hot D3cold
[    0.810069] pci 0000:00:11.0: [1af4:1043] type 00 class 0x078000 conventional PCI endpoint
[    0.812519] pci 0000:00:11.0: BAR 0 [mem 0xd0880000-0xd0887fff]
[    0.818783] pci 0000:00:11.0: PME# supported from D0 D3hot D3cold
[    0.821229] pci 0000:00:12.0: [1af4:1043] type 00 class 0x078000 conventional PCI endpoint
[    0.821483] pci 0000:00:12.0: BAR 0 [mem 0xd0888000-0xd088ffff]
[    0.824540] pci 0000:00:12.0: PME# supported from D0 D3hot D3cold
[    0.826064] pci 0000:00:13.0: [1af4:1042] type 00 class 0x018000 conventional PCI endpoint
[    0.828531] pci 0000:00:13.0: BAR 0 [mem 0xd08a8000-0xd08affff]
[    0.830798] pci 0000:00:13.0: PME# supported from D0 D3hot D3cold
[    0.833230] pci 0000:00:14.0: [1af4:1042] type 00 class 0x018000 conventional PCI endpoint
[    0.837501] pci 0000:00:14.0: BAR 0 [mem 0xd08b0000-0xd08b7fff]
[    0.840600] pci 0000:00:14.0: PME# supported from D0 D3hot D3cold
[    0.842041] pci 0000:00:15.0: [1af4:1042] type 00 class 0x018000 conventional PCI endpoint
[    0.844558] pci 0000:00:15.0: BAR 0 [mem 0xd08b8000-0xd08bffff]
[    0.846819] pci 0000:00:15.0: PME# supported from D0 D3hot D3cold
[    0.849451] pci 0000:00:16.0: [1af4:1043] type 00 class 0x078000 conventional PCI endpoint
[    0.851910] pci 0000:00:16.0: BAR 0 [mem 0xd0890000-0xd0897fff]
[    0.853273] pci 0000:00:16.0: PME# supported from D0 D3hot D3cold
[    0.857512] pci 0000:00:17.0: [1af4:1043] type 00 class 0x078000 conventional PCI endpoint
[    0.859668] pci 0000:00:17.0: BAR 0 [mem 0xd0898000-0xd089ffff]
[    0.862509] pci 0000:00:17.0: PME# supported from D0 D3hot D3cold
[    0.864886] pci 0000:00:18.0: [1af4:1043] type 00 class 0x078000 conventional PCI endpoint
[    0.869483] pci 0000:00:18.0: BAR 0 [mem 0xd08a0000-0xd08a7fff]
[    0.872578] pci 0000:00:18.0: PME# supported from D0 D3hot D3cold
[    0.874223] pci 0000:00:19.0: [1af4:105b] type 00 class 0x010800 conventional PCI endpoint
[    0.876975] pci 0000:00:19.0: BAR 0 [mem 0xd08c0000-0xd08c7fff]
[    0.883052] pci 0000:00:19.0: PME# supported from D0 D3hot D3cold
[    0.885765] pci 0000:00:1a.0: [1af4:105b] type 00 class 0x010800 conventional PCI endpoint
[    0.888518] pci 0000:00:1a.0: BAR 0 [mem 0xd08c8000-0xd08cffff]
[    0.891227] pci 0000:00:1a.0: PME# supported from D0 D3hot D3cold
[    0.893952] pci 0000:00:1b.0: [1af4:1044] type 00 class 0x088000 conventional PCI endpoint
[    0.896625] pci 0000:00:1b.0: BAR 0 [mem 0xd08d0000-0xd08d7fff]
[    0.899028] pci 0000:00:1b.0: PME# supported from D0 D3hot D3cold
[    0.902194] pci 0000:00:1c.0: [1af4:1045] type 00 class 0x088000 conventional PCI endpoint
[    0.904956] pci 0000:00:1c.0: BAR 0 [mem 0xd08d8000-0xd08dffff]
[    0.906964] pci 0000:00:1c.0: PME# supported from D0 D3hot D3cold
[    0.909402] pci 0000:00:1d.0: [1af4:1053] type 00 class 0x028000 conventional PCI endpoint
[    0.911549] pci 0000:00:1d.0: BAR 0 [mem 0xd08f0000-0xd08f7fff]
[    0.914932] pci 0000:00:1d.0: PME# supported from D0 D3hot D3cold
[    0.917865] pci 0000:00:1e.0: [1af4:1059] type 00 class 0x040100 conventional PCI endpoint
[    0.920606] pci 0000:00:1e.0: BAR 0 [mem 0xd08f8000-0xd08fffff]
[    0.927055] pci 0000:00:1e.0: PME# supported from D0 D3hot D3cold
[    0.929795] pci 0000:00:1f.0: [1af4:105d] type 00 class 0x0d8000 conventional PCI endpoint
[    0.932236] pci 0000:00:1f.0: BAR 0 [mem 0xd0900000-0xd0907fff]
[    0.934777] pci 0000:00:1f.0: PME# supported from D0 D3hot D3cold
[    0.937353] pci 0000:00:02.1: PCI bridge to [bus 01]
[    0.954439] iommu: Default domain type: Translated
[    0.955802] iommu: DMA domain TLB invalidation policy: lazy mode
[    0.957698] SCSI subsystem initialized
[    0.958792] ACPI: bus type USB registered
[    0.959926] usbcore: registered new interface driver usbfs
[    0.961299] usbcore: registered new interface driver hub
[    0.962733] usbcore: registered new device driver usb
[    0.964185] mc: Linux media interface: v0.10
[    0.965316] videodev: Linux video capture interface: v2.00
[    0.966858] EDAC MC: Ver: 3.0.0
[    0.969405] Advanced Linux Sound Architecture Driver Initialized.
[    0.971431] PCI: Using ACPI for IRQ routing
[    1.004150] vgaarb: loaded
[    1.005479] clocksource: Switched to clocksource kvm-clock
[    1.007712] VFS: Disk quotas dquot_6.6.0
[    1.008642] VFS: Dquot-cache hash table entries: 512 (order 0, 4096 bytes)
[    1.010975] pnp: PnP ACPI init
[    1.012083] system 00:00: [mem 0xf4000000-0xf7ffffff] has been reserved
[    1.014054] pnp: PnP ACPI: found 1 devices
[    1.015646] NET: Registered PF_INET protocol family
[    1.018477] IP idents hash table entries: 65536 (order: 7, 524288 bytes, linear)
[    1.050321] tcp_listen_portaddr_hash hash table entries: 2048 (order: 3, 32768 bytes, linear)
[    1.052965] Table-perturb hash table entries: 65536 (order: 6, 262144 bytes, linear)
[    1.055161] TCP established hash table entries: 32768 (order: 6, 262144 bytes, linear)
[    1.057480] TCP bind hash table entries: 32768 (order: 8, 1048576 bytes, linear)
[    1.059659] TCP: Hash tables configured (established 32768 bind 32768)
[    1.061567] UDP hash table entries: 2048 (order: 4, 65536 bytes, linear)
[    1.063417] UDP-Lite hash table entries: 2048 (order: 4, 65536 bytes, linear)
[    1.065468] NET: Registered PF_UNIX/PF_LOCAL protocol family
[    1.067074] NET: Registered PF_XDP protocol family
[    1.068454] pci 0000:00:02.1: bridge window [io  0x1000-0x0fff] to [bus 01] add_size 1000
[    1.070834] pci 0000:00:02.1: bridge window [mem 0x00100000-0x000fffff 64bit pref] to [bus 01] add_size 200000 add_align 100000
[    1.074073] pci 0000:00:02.1: bridge window [mem 0x00100000-0x000fffff] to [bus 01] add_size 200000 add_align 100000
[    1.077086] pci 0000:00:02.1: bridge window [mem 0xd0000000-0xd01fffff]: assigned
[    1.078716] pci 0000:00:02.1: bridge window [mem 0x138200000-0x1383fffff 64bit pref]: assigned
[    1.081073] pci 0000:00:02.1: bridge window [io  size 0x1000]: can't assign; no space
[    1.083308] pci 0000:00:02.1: bridge window [io  size 0x1000]: failed to assign
[    1.085377] pci 0000:00:02.1: bridge window [io  size 0x1000]: can't assign; no space
[    1.087592] pci 0000:00:02.1: bridge window [io  size 0x1000]: failed to assign
[    1.089750] pci 0000:00:02.1: PCI bridge to [bus 01]
[    1.091220] pci 0000:00:02.1:   bridge window [mem 0xd0000000-0xd01fffff]
[    1.093368] pci 0000:00:02.1:   bridge window [mem 0x138200000-0x1383fffff 64bit pref]
[    1.095653] pci_bus 0000:00: resource 4 [mem 0xd0000000-0xf7ffffff window]
[    1.097623] pci_bus 0000:00: resource 5 [mem 0x138200000-0x3fffffffffff window]
[    1.099666] pci_bus 0000:01: resource 1 [mem 0xd0000000-0xd01fffff]
[    1.101485] pci_bus 0000:01: resource 2 [mem 0x138200000-0x1383fffff 64bit pref]
[    1.103601] pci 0000:00:00.0: Limiting direct PCI/PCI transfers
[    1.105920] PCI: CLS 32 bytes, default 64
[    1.107371] Trying to unpack rootfs image as initramfs...
[    1.108878] PCI-DMA: Using software bounce buffering for IO (SWIOTLB)
[    1.110646] software IO TLB: mapped [mem 0x00000000cad6a000-0x00000000ced6a000] (64MB)
[    1.117546] kvm_intel: VMX not supported by CPU 1
[    1.118994] kvm_amd: TSC scaling supported
[    1.120267] kvm_amd: Nested Virtualization enabled
[    1.121597] kvm_amd: Nested Paging enabled
[    1.122770] kvm_amd: Virtual VMLOAD VMSAVE supported
[    1.124223] kvm_amd: PMU virtualization is disabled
[    1.158046] clocksource: tsc: mask: 0xffffffffffffffff max_cycles: 0x256c0731a4e, max_idle_ns: 440795333312 ns
[    1.161160] clocksource: Switched to clocksource tsc
[    1.162588] platform rtc_cmos: registered platform RTC device (no PNP device found)
[    1.188932] Initialise system trusted keyrings
[    1.190516] workingset: timestamp_bits=46 max_order=20 bucket_order=0
[    1.192773] fuse: init (API version 7.41)
[    1.217357] Key type asymmetric registered
[    1.218591] Asymmetric key parser 'x509' registered
[    1.220180] Block layer SCSI generic (bsg) driver version 0.4 loaded (major 240)
[    1.222245] io scheduler mq-deadline registered
[    1.223560] io scheduler kyber registered
[    1.224731] io scheduler bfq registered
[    1.227624] pcieport 0000:00:02.1: PME: Signaling with IRQ 24
[    1.229486] pcieport 0000:00:02.1: pciehp: Slot #0 AttnBtn+ PwrCtrl- MRL- AttnInd+ PwrInd+ HotPlug+ Surprise+ Interlock- NoCompl- IbPresDis- LLActRep- (with Cmd Compl erratum)
[    1.235136] input: Power Button as /devices/LNXSYSTM:00/LNXPWRBN:00/input/input0
[    1.248865] ACPI: button: Power Button [PWRF]
[    1.250246] input: Sleep Button as /devices/LNXSYSTM:00/LNXSLPBN:00/input/input1
[    1.253165] ACPI: button: Sleep Button [SLPF]
[    1.254613] Serial: 8250/16550 driver, 1 ports, IRQ sharing disabled
[    1.256957] serial8250: ttyS0 at I/O 0x3f8 (irq = 4, base_baud = 115200) is a 16550A
[    1.259502] printk: legacy console [ttynull0] enabled
[    1.261164] ACPI: bus type drm_connector registered
[    1.267011] brd: module loaded
[    1.295363] loop: module loaded
[    1.297461] wireguard: WireGuard 1.0.0 loaded. See www.wireguard.com for information.
[    1.300813] wireguard: Copyright (C) 2015-2019 Jason A. Donenfeld <Jason@zx2c4.com>. All Rights Reserved.
[    1.305241] tun: Universal TUN/TAP device driver, 1.6
[    1.307876] usbcore: registered new interface driver uas
[    1.310125] usbcore: registered new interface driver usb-storage
[    1.312627] i8042: PNP: No PS/2 controller found.
[    1.314719] usbcore: registered new interface driver xpad
[    1.318189] rtc_cmos rtc_cmos: registered as rtc0
[    1.320220] rtc_cmos rtc_cmos: setting system clock to 2026-10-01T08:53:25 UTC (1790844805)
[    1.323310] rtc_cmos rtc_cmos: alarms up to one year, y3k, 114 bytes nvram
[    1.326119] gspca_main: v2.14.0 registered
[    1.327542] usbcore: registered new interface driver uvcvideo
[    1.329707] device-mapper: uevent: version 1.0.3
[    1.331583] device-mapper: ioctl: 4.48.0-ioctl (2023-03-01) initialised: dm-devel@lists.linux.dev
[    1.334869] amd_pstate: The CPPC feature is supported but currently disabled by the BIOS.
[    1.334869] Please enable it if your BIOS has the CPPC option.
[    1.340062] amd_pstate: the _CPC object is not present in SBIOS or ACPI disabled
[    1.343117] sdhci: Secure Digital Host Controller Interface driver
[    1.345309] sdhci: Copyright(c) Pierre Ossman
[    1.347094] sdhci-pltfm: SDHCI platform and OF driver helper
[    1.349429] hid: raw HID events driver (C) Jiri Kosina
[    1.352272] usbcore: registered new interface driver usbhid
[    1.354555] usbhid: USB HID core driver
[    1.356092] ashmem: Using Rust implementation.
[    1.356741] usbcore: registered new interface driver snd-usb-audio
[    1.361085] GACT probability on
[    1.362218] Mirror/redirect action on
[    1.363278] netem: version 1.3
[    1.364465] u32 classifier
[    1.365525]     input device check on
[    1.366842]     Actions configured
[    1.372343] xt_time: kernel timezone is -0000
[    1.374199] ipip: IPv4 and MPLS over IPv4 tunneling driver
[    1.376738] gre: GRE over IPv4 demultiplexor driver
[    1.378669] ip_gre: GRE over IPv4 tunneling driver
[    1.381279] IPv4 over IPsec tunneling driver
[    1.383314] Initializing XFRM netlink socket
[    1.385034] IPsec XFRM device driver
[    1.386644] NET: Registered PF_INET6 protocol family
[    1.390236] Segment Routing with IPv6
[    1.391318] In-situ OAM (IOAM) with IPv6
[    1.392650] mip6: Mobile IPv6
[    1.394102] sit: IPv6, IPv4 and MPLS over IPv4 tunneling driver
[    1.394965] Freeing initrd memory: 21524K
[    1.397350] ip6_gre: GRE over IPv6 tunneling driver
[    1.398123] NET: Registered PF_PACKET protocol family
[    1.400526] NET: Registered PF_KEY protocol family
[    1.401925] NET: Registered PF_VSOCK protocol family
[    1.403549] IPI shorthand broadcast: enabled
[    1.404819] AES CTR mode by8 optimization enabled
[    1.409790] sched_clock: Marking stable (1392013829, 16690825)->(1549208372, -140503718)
[    1.412283] registered taskstats version 1
[    1.413410] Loading compiled-in X.509 certificates
[    1.415195] Loaded X.509 cert 'Build time autogenerated kernel key: 1f903e9cb0b04d1a09ab4a9ce65c9e71dbbb19bc'
[    1.421092] page_owner is disabled
[    1.422049] Key type .fscrypt registered
[    1.423091] Key type fscrypt-provisioning registered
[    1.430118] ALSA device list:
[    1.430795]   No soundcards found.
[    1.431928] Freeing unused kernel image (initmem) memory: 3244K
[    1.433730] Write protecting the kernel read-only data: 40960k
[    1.435717] Freeing unused kernel image (rodata/data gap) memory: 1548K
[    1.437391] Run /init as init process
[    1.439914] init: init first stage started!
[    1.441525] init: Loading module /lib/modules/failover.ko with args ''
[    1.443213] failover: module verification failed: signature and/or required key missing - tainting kernel
[    1.445805] init: Loaded kernel module /lib/modules/failover.ko
[    1.447214] init: Loading module /lib/modules/nd_virtio.ko with args ''
[    1.449103] init: Loaded kernel module /lib/modules/nd_virtio.ko
[    1.450531] init: Loading module /lib/modules/net_failover.ko with args ''
[    1.453005] init: Loaded kernel module /lib/modules/net_failover.ko
[    1.454861] init: Loading module /lib/modules/virtio_dma_buf.ko with args ''
[    1.457296] init: Loaded kernel module /lib/modules/virtio_dma_buf.ko
[    1.458716] init: Loading module /lib/modules/virtio-gpu.ko with args ''
[    1.462171] init: Loaded kernel module /lib/modules/virtio-gpu.ko
[    1.464000] init: Loading module /lib/modules/virtio_input.ko with args ''
[    1.466537] init: Loaded kernel module /lib/modules/virtio_input.ko
[    1.468462] init: Loading module /lib/modules/virtio_net.ko with args ''
[    1.471782] init: Loaded kernel module /lib/modules/virtio_net.ko
[    1.473721] init: Loading module /lib/modules/virtio-rng.ko with args ''
[    1.475666] init: Loaded kernel module /lib/modules/virtio-rng.ko
[    1.476914] init: Loading module /lib/modules/libarc4.ko with args ''
[    1.479622] init: Loaded kernel module /lib/modules/libarc4.ko
[    1.480749] init: Loading module /lib/modules/rfkill.ko with args ''
[    1.483330] init: Loaded kernel module /lib/modules/rfkill.ko
[    1.484519] init: Loading module /lib/modules/cfg80211.ko with args ''
[    1.511904] cfg80211: Loading compiled-in X.509 certificates for regulatory database
[    1.514025] Loaded X.509 cert 'sforshee: 00b28ddf47aef9cea7'
[    1.515516] Loaded X.509 cert 'wens: 61c038651aabdcf94bd0ac7ff06c7248db18c600'
[    1.517424] platform regulatory.0: Direct firmware load for regulatory.db failed with error -2
[    1.519675] cfg80211: failed to load regulatory.db
[    1.521104] init: Loaded kernel module /lib/modules/cfg80211.ko
[    1.522648] init: Loading module /lib/modules/mac80211.ko with args ''
[    1.546205] init: Loaded kernel module /lib/modules/mac80211.ko
[    1.548082] init: Loading module /lib/modules/mac80211_hwsim.ko with args 'radios=0'
[    1.552078] mac80211_hwsim: initializing netlink
[    1.553880] init: Loaded kernel module /lib/modules/mac80211_hwsim.ko
[    1.555838] init: Loading module /lib/modules/virtio_blk.ko with args ''
[    1.558888] init: Loaded kernel module /lib/modules/virtio_blk.ko
[    1.560789] init: Loading module /lib/modules/virtio_console.ko with args ''
[    1.563936] init: Loaded kernel module /lib/modules/virtio_console.ko
[    1.565967] init: Loading module /lib/modules/virtio_pci_modern_dev.ko with args ''
[    1.568998] init: Loaded kernel module /lib/modules/virtio_pci_modern_dev.ko
[    1.571177] init: Loading module /lib/modules/virtio_pci_legacy_dev.ko with args ''
[    1.574110] init: Loaded kernel module /lib/modules/virtio_pci_legacy_dev.ko
[    1.576318] init: Loading module /lib/modules/virtio_pci.ko with args ''
[    1.586685] printk: legacy console [hvc0] enabled
[    1.588149] printk: legacy bootconsole [uart8250] disabled
[    1.611928] input: Cuttlefish Vhost User Multitouch Touchscreen 0 as /devices/pci0000:00/0000:00:01.3/virtio3/input/input2
[    1.619306] input: Cuttlefish Vhost User Rotary 0 as /devices/pci0000:00/0000:00:01.4/virtio4/input/input3
[    1.628841] input: Cuttlefish Vhost User Keyboard 0 as /devices/pci0000:00/0000:00:01.5/virtio5/input/input4
[    1.635680] input: Cuttlefish Vhost User Switches 0 as /devices/pci0000:00/0000:00:01.6/virtio6/input/input5
[    1.638119] [drm] pci: virtio-gpu-pci detected at 0000:00:02.0
[    1.639160] [drm] Host memory window: 0x200000000 +0x200000000
[    1.639310] [drm] features: +virgl +edid +resource_blob +host_visible
[    1.639312] [drm] features: +context_init
[    1.641208] [drm] number of scanouts: 16
[    1.641321] [drm] number of cap sets: 2
[    1.642055] [drm] cap set 0: id 3, max-version 0, max-size 112
[    1.642339] [drm] cap set 1: id 9, max-version 0, max-size 16
[    1.643525] [drm] Initialized virtio_gpu 0.1.0 for 0000:00:02.0 on minor 0
[    1.744180] virtio_blk virtio24: 2/0/0 default/read/poll queues
[    1.746742] virtio_blk virtio24: [vda] 34247808 512-byte logical blocks (17.5 GB/16.3 GiB)
[    1.748306]  vda: vda1 vda2 vda3 vda4 vda5 vda6 vda7 vda8 vda9 vda10 vda11 vda12 vda13 vda14 vda15 vda16 vda17 vda18 vda19
[    1.750410] virtio_blk virtio25: 2/0/0 default/read/poll queues
[    1.752610] virtio_blk virtio25: [vdb] 2560 512-byte logical blocks (1.31 MB/1.25 MiB)
[    1.753909]  vdb: vdb1 vdb2 vdb3 vdb4
[    1.755686] virtio_blk virtio26: 2/0/0 default/read/poll queues
[    1.758259] virtio_blk virtio26: [vdc] 4194304 512-byte logical blocks (2.15 GB/2.00 GiB)
[    1.759308]  vdc: vdc1
[    2.165401] init: Loaded kernel module /lib/modules/virtio_pci.ko
[    2.165691] init: Loading module /lib/modules/vmw_vsock_virtio_transport.ko with args ''
[    2.172764] init: Loaded kernel module /lib/modules/vmw_vsock_virtio_transport.ko
[    2.175241] init: Loaded 19 modules from /lib/modules
[    2.175374] init: Loaded 19 kernel modules took 734 ms
[    2.175679] init: Copied ramdisk prop to /second_stage_resources/system/etc/ramdisk/build.prop
[    2.175910] init: First stage mount skipped (recovery mode)
[    2.176098] init: [libfstab] Using Android DT directory /proc/device-tree/firmware/android/
[    2.188072] init: [libfs_avb] Returning avb_handle with status: Success
[    2.197320] init: [libfstab] Using Android DT directory /proc/device-tree/firmware/android/
[    2.198290] init: DM_DEV_STATUS failed for system_ext_a: No such device or address
[    2.198475] init: Could not update logical partition
[    2.198605] init: DM_DEV_STATUS failed for system_ext_a: No such device or address
[    2.198766] init: Could not update logical partition
[    2.198933] init: DM_DEV_STATUS failed for product_a: No such device or address
[    2.199085] init: Could not update logical partition
[    2.199299] init: DM_DEV_STATUS failed for product_a: No such device or address
[    2.199448] init: Could not update logical partition
[    2.199568] init: Opening SELinux policy
[    2.199651] init: Opening SELinux policy from monolithic file /sepolicy
[    2.202781] init: Loading SELinux policy
[    2.227881] SELinux:  policy capability network_peer_controls=1
[    2.228107] SELinux:  policy capability open_perms=1
[    2.228309] SELinux:  policy capability extended_socket_class=1
[    2.228619] SELinux:  policy capability always_check_network=0
[    2.228938] SELinux:  policy capability cgroup_seclabel=0
[    2.229118] SELinux:  policy capability nnp_nosuid_transition=1
[    2.229337] SELinux:  policy capability genfs_seclabel_symlinks=0
[    2.229552] SELinux:  policy capability ioctl_skip_cloexec=0
[    2.229742] SELinux:  policy capability userspace_initial_context=0
[    2.229937] SELinux: policy capability memfd_class=1
[    2.230482] SELinux: policy capability genfs_seclabel_wildcard=0
[    2.230605] SELinux:  unknown policy capability 9
[    2.230688] SELinux:  unknown policy capability 12
[    2.235155] audit: type=1403 audit(1790844806.379:2): auid=4294967295 ses=4294967295 lsm=selinux res=1
[    2.236302] audit: type=1300 audit(1790844806.379:2): arch=c000003e syscall=1 success=yes exit=930777 a0=5 a1=7f218d11bc20 a2=e33d9 a3=0 items=0 ppid=0 pid=1 auid=4294967295 uid=0 gid=0 euid=0 suid=0 fsuid=0 egid=0 sgid=0 fsgid=0 tty=(none) ses=4294967295 comm="init" exe="/system/bin/init" subj=u:r:kernel:s0 key=(null)
[    2.237985] audit: type=1327 audit(1790844806.379:2): proctitle=2F73797374656D2F62696E2F696E69740073656C696E75785F7365747570
[    2.238345] audit: type=1404 audit(1790844806.411:3): enforcing=1 old_enforcing=0 auid=4294967295 ses=4294967295 enabled=1 old-enabled=1 lsm=selinux res=1
[    2.239305] audit: type=1300 audit(1790844806.411:3): arch=c000003e syscall=1 success=yes exit=1 a0=5 a1=7ffedb27c8d0 a2=1 a3=0 items=0 ppid=0 pid=1 auid=4294967295 uid=0 gid=0 euid=0 suid=0 fsuid=0 egid=0 sgid=0 fsgid=0 tty=(none) ses=4294967295 comm="init" exe="/system/bin/init" subj=u:r:kernel:s0 key=(null)
[    2.240230] selinux: SELinux: Loaded file context from:
[    2.241505] audit: type=1327 audit(1790844806.411:3): proctitle=2F73797374656D2F62696E2F696E69740073656C696E75785F7365747570
[    2.243139] selinux: 		/plat_file_contexts
[    2.243143] selinux: 		/system_ext_file_contexts
[    2.243651] selinux: 		/product_file_contexts
[    2.243776] selinux: 		/vendor_file_contexts
[    2.243918] selinux: 		/odm_file_contexts
[    2.252911] init: init second stage started!
[    2.265251] selinux: SELinux: Loaded file context from:
[    2.265476] selinux: 		/plat_file_contexts
[    2.265565] selinux: 		/system_ext_file_contexts
[    2.265702] selinux: 		/product_file_contexts
[    2.265838] selinux: 		/vendor_file_contexts
[    2.265957] selinux: 		/odm_file_contexts
[    2.289953] init: [libfstab] Using Android DT directory /proc/device-tree/firmware/android/
[    2.292151] init: Overriding previous property 'ro.build.display.id':'generic_system-userdebug 17 CP2A.260605.016 16373615 test-keys' with new value 'aosp_cf_x86_64_only_phone-userdebug 17 CP2A.260605.016 16373615 test-keys'
[    2.292656] init: Overriding previous property 'ro.build.flavor':'generic_system-userdebug' with new value 'aosp_cf_x86_64_only_phone-userdebug'
[    2.293059] init: Overriding previous property 'ro.build.description':'generic_system-userdebug 17 CP2A.260605.016 16373615 test-keys' with new value 'aosp_cf_x86_64_only_phone-userdebug 17 CP2A.260605.016 16373615 test-keys'
[    2.293686] init: Overriding previous property 'ro.config.notification_sound':'OnTheHunt.ogg' with new value 'pixiedust.ogg'
[    2.294043] init: Overriding previous property 'ro.com.android.dataroaming':'false' with new value 'true'
[    2.294548] init: Couldn't load property file '/system/build.prop': open() failed: No such file or directory
[    2.295711] init: Setting product property ro.product.brand to 'generic' (from ro.product.product.brand)
[    2.295949] init: Setting product property ro.product.device to 'vsoc_x86_64_only' (from ro.product.product.device)
[    2.296258] init: Setting product property ro.product.manufacturer to 'Google' (from ro.product.product.manufacturer)
[    2.296600] init: Setting product property ro.product.model to 'Cuttlefish x86_64 phone 64-bit only' (from ro.product.product.model)
[    2.296955] init: Setting product property ro.product.name to 'aosp_cf_x86_64_only_phone' (from ro.product.product.name)
[    2.297276] init: Setting property 'ro.build.fingerprint' to 'generic/aosp_cf_x86_64_only_phone/vsoc_x86_64_only:17/CP2A.260605.016/16373615:userdebug/test-keys'
[    2.297555] init: Setting property 'ro.product.cpu.abilist' to 'x86_64,arm64-v8a'
[    2.297727] init: Setting property 'ro.product.cpu.abilist32' to ''
[    2.297843] init: Setting property 'ro.product.cpu.abilist64' to 'x86_64,arm64-v8a'
[    2.298255] init: Running restorecon...
[    2.302540] init: Created socket '/dev/socket/property_service_for_system', mode 660, user 0, group 1000
[    2.302934] init: Created socket '/dev/socket/property_service', mode 666, user 0, group 0
[    2.303814] init: [libfs_mgr] vendor overlay: vndk version not defined
[    2.305148] init: SetupMountNamespaces done
[    2.307470] init: Forked subcontext for 'u:r:vendor_init:s0' with pid 75
[    2.309321] init: Parsing file /system/etc/init/hw/init.rc...
[    2.309453] init: Added '/init.recovery.cutf_cvm.rc' to import list
[    2.309883] init: Parsing file /init.recovery.cutf_cvm.rc...
[    2.310095] init: Parsing directory /system/etc/init...
[    2.310340] init: Parsing file /system/etc/init/android.hardware.boot-service.default_recovery.rc...
[    2.311521] init: Parsing file /system/etc/init/android.hardware.health-service.cuttlefish_recovery.rc...
[    2.311775] init: Parsing file /system/etc/init/servicemanager.recovery.rc...
[    2.311986] init: Parsing file /system/etc/init/snapuserd.rc...
[    2.312206] init: Parsing file /system_ext/etc/init...
[    2.312353] init: Unable to read config file '/system_ext/etc/init': open() failed: No such file or directory
[    2.312727] audit: type=1400 audit(1790844806.487:4): avc:  denied  { read } for  pid=75 comm="init" name="bin" dev="rootfs" ino=194 scontext=u:r:vendor_init:s0 tcontext=u:object_r:rootfs:s0 tclass=dir permissive=0
[    2.313775] init: Parsing file /vendor/etc/init...
[    2.314062] audit: type=1300 audit(1790844806.487:4): arch=c000003e syscall=269 success=no exit=-13 a0=ffffff9c a1=7ffdfe5e4741 a2=4 a3=1000 items=0 ppid=1 pid=75 auid=4294967295 uid=0 gid=0 euid=0 suid=0 fsuid=0 egid=0 sgid=0 fsgid=0 tty=(none) ses=4294967295 comm="init" exe="/system/bin/init" subj=u:r:vendor_init:s0 key=(null)
[    2.315666] init: Unable to read config file '/vendor/etc/init': open() failed: No such file or directory
[    2.315679] init: Parsing file /odm/etc/init...
[    2.315899] audit: type=1327 audit(1790844806.487:4): proctitle=2F73797374656D2F62696E2F696E697400737562636F6E7465787400753A723A76656E646F725F696E69743A7330003136
[    2.316027] init: Unable to read config file '/odm/etc/init': open() failed: No such file or directory
[    2.316666] init: Parsing file /product/etc/init...
[    2.317801] init: Unable to read config file '/product/etc/init': open() failed: No such file or directory
[    2.318414] init: processing action (SetupCgroups) from (<Builtin Action>:0)
[    2.319539] libprocessgroup: Using system/app isolation under: /sys/fs/cgroup
[    2.320635] init: processing action (early-init) from (/system/etc/init/hw/init.rc:3)
[    2.321624] init: starting service 'ueventd'...
[    2.323711] libprocessgroup: Created cgroup /sys/fs/cgroup/system/uid_0
[    2.324422] libprocessgroup: Created cgroup /sys/fs/cgroup/system/uid_0/pid_76
[    2.325791] libprocessgroup: Failed to read task profiles from /etc/task_profiles.json
[    2.326000] libprocessgroup: Loading /etc/task_profiles.json for [1] failed
[    2.326197] libprocessgroup: Failed to find NormalIoPriority process profile
[    2.326710] init: ... started service 'ueventd' has pid 76
[    2.326900] init: processing action (ConnectEarlyStageSnapuserd) from (<Builtin Action>:0)
[    2.327137] init: processing action (wait_for_coldboot_done) from (<Builtin Action>:0)
[    2.338815] ueventd: ueventd started!
[    2.342336] selinux: SELinux: Loaded file context from:
[    2.342552] selinux: 		/plat_file_contexts
[    2.342607] selinux: 		/system_ext_file_contexts
[    2.342676] selinux: 		/product_file_contexts
[    2.342759] selinux: 		/vendor_file_contexts
[    2.342875] selinux: 		/odm_file_contexts
[    2.343145] ueventd: Parsing file /system/etc/ueventd.rc...
[    2.343299] ueventd: Added '/vendor/etc/ueventd.rc' to import list
[    2.343427] ueventd: Added '/odm/etc/ueventd.rc' to import list
[    2.343814] ueventd: Parsing file /vendor/etc/ueventd.rc...
[    2.343951] ueventd: Unable to read config file '/vendor/etc/ueventd.rc': open() failed: No such file or directory
[    2.344222] ueventd: Parsing file /odm/etc/ueventd.rc...
[    2.344362] ueventd: Unable to read config file '/odm/etc/ueventd.rc': open() failed: No such file or directory
[    2.565468] init: Wait for property 'ro.cold_boot_done=true' took 237ms
[    2.566048] init: processing action (CheckTradeInModeStatus) from (<Builtin Action>:0)
[    2.566401] init: processing action (SetMmapRndBits) from (<Builtin Action>:0)
[    2.566755] init: processing action (KeychordInit) from (<Builtin Action>:0)
[    2.566983] init: processing action (init) from (/system/etc/init/hw/init.rc:13)
[    2.567402] ueventd: Coldboot took 0.222 seconds
[    2.568153] init: Command 'symlink /system/bin /bin' action=init (/system/etc/init/hw/init.rc:22) took 0ms and failed: symlink() failed: File exists
[    2.568578] init: Command 'symlink /system/etc /etc' action=init (/system/etc/init/hw/init.rc:23) took 0ms and failed: symlink() failed: File exists
[    2.569745] binder: Using C Binder even though binder.impl=rust is set.
[    2.570301] init: starting service 'servicemanager'...
[    2.572848] libprocessgroup: Created cgroup /sys/fs/cgroup/system/uid_0/pid_80
[    2.573619] libprocessgroup: Failed to find NormalIoPriority process profile
[    2.574706] init: ... started service 'servicemanager' has pid 80
[    2.576443] init: processing action (CopyRollbackLogs) from (<Builtin Action>:0)
[    2.576672] init: processing action (late-init) from (/system/etc/init/hw/init.rc:62)
[    2.577388] init: processing action (queue_property_triggers) from (<Builtin Action>:0)
[    2.577790] init: processing action (sys.usb.configfs=0 && fs) from (/system/etc/init/hw/init.rc:120)
[    2.579418] init: processing action (fs) from (/system/etc/init/hw/init.rc:127)
[    2.581512] init: Command 'mount functionfs adb /dev/usb-ffs/adb uid=2000,gid=2000' action=fs (/system/etc/init/hw/init.rc:130) took 0ms and failed: mount() failed: No such device
[    2.582431] init: Command 'mount functionfs fastboot /dev/usb-ffs/fastboot rmode=0770,fmode=0660,uid=1000,gid=1000' action=fs (/system/etc/init/hw/init.rc:132) took 0ms and failed: mount() failed: No such device
[    2.586316] init: processing action (firmware_mounts_complete) from (/system/etc/init/hw/init.rc:58)
[    2.587410] init: processing action (boot) from (/system/etc/init/hw/init.rc:50)
[    2.589925] init: service 'ueventd' requested start, but it is already running (flags: 36, pid: 76, started 266ms ago)
[    2.590566] init: Could not start service 'charger' as part of class 'default': Cannot find '/system/bin/charger': No such file or directory
[    2.592132] init: starting service 'recovery'...
[    2.592532] init: Created socket '/dev/socket/recovery', mode 422, user 1000, group 1000
[    2.597967] libprocessgroup: Created cgroup /sys/fs/cgroup/system/uid_0/pid_81
[    2.599841] libprocessgroup: Failed to find NormalIoPriority process profile
[    2.600665] servicemanager: Starting sm instance on /dev/binder
[    2.601264] init: ... started service 'recovery' has pid 81
[    2.601396] init: service 'servicemanager' requested start, but it is already running (flags: 132, pid: 80, started 28ms ago)
[    2.601683] init: starting service 'vendor.health-cuttlefish'...
[    2.605303] libprocessgroup: Created cgroup /sys/fs/cgroup/system/uid_1000
[    2.605976] libprocessgroup: Created cgroup /sys/fs/cgroup/system/uid_1000/pid_82
[    2.606809] SELinux: Multiple same specifications for android.hardware.secure_element.ISecureElement/eSE1.
[    2.606963] libprocessgroup: Failed to find NormalIoPriority process profile
[    2.608178] init: ... started service 'vendor.health-cuttlefish' has pid 82
[    2.608398] init: processing action (enable_property_trigger) from (<Builtin Action>:0)
[    2.608994] init: processing action (ro.debuggable=1) from (/init.recovery.cutf_cvm.rc:10)
[    2.609238] init: starting service 'console'...
[    2.609549] SELinux: SELinux: Loaded service context from:
[    2.609901] SELinux: 		/plat_service_contexts
[    2.610082] SELinux: 		/system_ext_service_contexts
[    2.610293] SELinux: 		/product_service_contexts
[    2.611016] SELinux: 		/vendor_service_contexts
[    2.618921] android.hardware.health-service.cuttlefish: Starting health HAL.
[    2.619203] libprocessgroup: Created cgroup /sys/fs/cgroup/system/uid_0/pid_83
[    2.620089] healthd: Failed to lookup glob /sys/devices/platform/*gcdd/system_dev_stat: -3
[    2.620165] libprocessgroup: Failed to find NormalIoPriority process profile
[    2.620495] healthd: No battery devices found
[    2.621276] init: ... started service 'console' has pid 83
[    2.624912] android.hardware.health-service.cuttlefish_recovery: default instance initializing with healthd_config...
[    2.626039] cutils-trace: Error opening trace file: No such file or directory (2)
[    2.627549] cutils-trace: Error opening trace file: No such file or directory (2)
[    2.628000] servicemanager: getRecoveryHalManifest: Reading VINTF information.
[    2.629188] servicemanager: getRecoveryHalManifest: Successfully processed VINTF information
[    2.630265] servicemanager: Caller(pid=82,uid=1000,sid=u:r:hal_health_default:s0) Found android.hardware.health.IHealth/default in recovery VINTF manifest.
[    2.630618] recovery: [libfstab] Using Android DT directory /proc/device-tree/firmware/android/
[    2.631541] android.hardware.health-service.cuttlefish_recovery: default: Hal init done
[    2.632044] HealthLoop: failed to load BPF program /sys/fs/bpf/vendor/prog_filterPowerSupplyEvents_skfilter_power_supply: No such file or directory (expected - recovery mode).
[    2.636364] healthd: battery none chg=
[    2.636744] init: Service 'console' (pid 83) exited with status 0
[    2.636922] init: Sending SIGKILL to service 'console' (pid 83) process group...
[    2.637334] libprocessgroup: Removed cgroup /sys/fs/cgroup/system/uid_0/pid_83
[    2.637604] recovery: Boot command: boot-recovery
[    2.638456] recovery: Writing BCB boot-recovery recovery
[    2.638615] recovery: 
[    2.641191] recovery: Failed to read max brightness: No such file or directory
[    2.642386] recovery: Screensaver disabled
[    2.668466] recovery: Failed to load bitmap cancel_wipe_data_text for locale en-US (error -1). Falling back to use default locale.
[    2.669668] recovery: Failed to load bitmap cancel_wipe_data_text for locale en-US (error -1)
[    2.669975] recovery: Failed to load bitmap factory_data_reset_text for locale en-US (error -1). Falling back to use default locale.
[    2.672402] recovery: Failed to load bitmap factory_data_reset_text for locale en-US (error -1)
[    2.672668] recovery: Failed to load bitmap try_again_text for locale en-US (error -1). Falling back to use default locale.
[    2.673016] recovery: Failed to load bitmap try_again_text for locale en-US (error -1)
[    2.673326] recovery: Failed to load bitmap wipe_data_confirmation_text for locale en-US (error -1). Falling back to use default locale.
[    2.673731] recovery: Failed to load bitmap wipe_data_confirmation_text for locale en-US (error -1)
[    2.674024] recovery: Failed to load bitmap wipe_data_menu_header_text for locale en-US (error -1). Falling back to use default locale.
[    2.675374] recovery: Failed to load bitmap wipe_data_menu_header_text for locale en-US (error -1)
[    2.748254] recovery: Starting recovery (pid 81) on Thu Oct  1 08:53:26 2026
[    2.749087] recovery: 
[    2.749245] recovery: locale is [en-US]
[    2.753566] init: processing action (sys.usb.config=none && sys.usb.configfs=0) from (/system/etc/init/hw/init.rc:140)
[    2.754684] init: processing action (sys.usb.config=adb) from (/system/etc/init/hw/init.rc:134)
[    2.755010] init: starting service 'adbd'...
[    2.755547] init: Created socket '/dev/socket/adbd', mode 660, user 1000, group 1000
[    2.758262] libprocessgroup: Created cgroup /sys/fs/cgroup/system/uid_0/pid_88
[    2.758936] libprocessgroup: Failed to find NormalIoPriority process profile
[    2.759570] init: ... started service 'adbd' has pid 88
[    2.761429] init: processing action (sys.usb.config=adb && sys.usb.configfs=0) from (/system/etc/init/hw/init.rc:146)
[    2.775527] recovery: Clearing BCB
[   10.541103] init: processing action (service.adb.root=1) from (/system/etc/init/hw/init.rc:102)
[   10.541520] init: Sending SIGKILL to service 'adbd' (pid 88) process group...
[   10.542697] libprocessgroup: Removed cgroup /sys/fs/cgroup/system/uid_0/pid_88
[   10.544201] init: Service 'adbd' (pid 88) received SIGKILL
[   10.544496] init: Sending SIGKILL to service 'adbd' (pid 88) process group...
[   10.544865] libprocessgroup: Failed to write 1 to /sys/fs/cgroup/system/uid_0/pid_88/cgroup.kill: No such file or directory
[   10.545479] init: starting service 'adbd'...
[   10.545813] init: Created socket '/dev/socket/adbd', mode 660, user 1000, group 1000
[   10.546908] libprocessgroup: Created cgroup /sys/fs/cgroup/system/uid_0/pid_100
[   10.547959] libprocessgroup: Failed to find NormalIoPriority process profile
[   10.548478] init: ... started service 'adbd' has pid 100
