
U-Boot SPL 2024.04-g3fe964757589-ab15108624 (Mar 27 2026 - 21:26:21 +0000)
Trying to boot from SPI
Jumping to 64-bit U-Boot: Note many features are missing


U-Boot 2024.04-g3fe964757589-ab15108624 (Mar 27 2026 - 21:26:21 +0000)

DRAM:  4 GiB
Core:  8 devices, 8 uclasses, devicetree: separate
Net:         eth_initialize() No ethernet found.
qfw_write_smbios_tables() No QEMU firmware device
qfw_evt_write_smbios_tables() Falling back to U-Boot generated SMBIOS tables
Driver                    uid uclass               Devices
----------------------------------------------------------
blk_partition             083 partition            virtio-blk#24:1          
                                                   virtio-blk#24:2          
                                                   virtio-blk#24:3          
                                                   virtio-blk#24:4          
                                                   virtio-blk#24:5          
                                                   virtio-blk#24:6          
                                                   virtio-blk#24:7          
                                                   virtio-blk#24:8          
                                                   virtio-blk#24:9          
                                                   virtio-blk#24:10         
                                                   virtio-blk#24:11         
                                                   virtio-blk#24:12         
                                                   virtio-blk#24:13         
                                                   virtio-blk#24:14         
                                                   virtio-blk#24:15         
                                                   virtio-blk#24:16         
                                                   virtio-blk#24:17         
                                                   virtio-blk#24:18         
                                                   virtio-blk#24:19         
                                                   virtio-blk#25:1          
                                                   virtio-blk#25:2          
                                                   virtio-blk#25:3          
                                                   virtio-blk#25:4          
                                                   virtio-blk#26:1          
bootmeth_qfw              026 <no uclass>          
cpu_bus                   109 <no uclass>          
cpu_qemu                  031 <no uclass>          
cpu_x86                   031 <no uclass>          
efi_blk                   022 blk                  <none>
EFI block driver          038 efi                  <none>
syscon                    117 syscon               <none>
motorola_mc146818         104 rtc                  rtc                      
ns16550_serial            108 serial               serial                   
pci_bridge_drv            085 pci                  pci_0:2.1                
pci_generic_drv           087 pci_generic          pci_0:0.0                
                                                   pci_0:1.7                
pci_x86                   085 pci                  pci                      
qfw_bootdev               025 <no uclass>          
qfw_pio                   096 qfw                  qfw_pio                  
root_driver               000 root                 root_driver              
sysinfo_smbios            118 sysinfo              smbios                   
vidconsole0               131 vidconsole0          <none>
virtio-blk                022 blk                  virtio-blk#24            
                                                   virtio-blk#25            
                                                   virtio-blk#26            
virtio_bootdev            025 <no uclass>          
virtio-console            108 serial               virtio-console#0         
                                                   virtio-console#8         
                                                   virtio-console#9         
                                                   virtio-console#10        
                                                   virtio-console#11        
                                                   virtio-console#12        
                                                   virtio-console#13        
                                                   virtio-console#14        
                                                   virtio-console#15        
                                                   virtio-console#16        
                                                   virtio-console#17        
                                                   virtio-console#18        
                                                   virtio-console#19        
                                                   virtio-console#20        
                                                   virtio-console#21        
                                                   virtio-console#22        
                                                   virtio-console#23        
                                                   virtio-console#27        
                                                   virtio-console#28        
                                                   virtio-console#29        
virtio-console-port       108 serial               <none>
virtio-net                040 ethernet             virtio-net#1             
                                                   virtio-net#2             
virtio-pci.m              133 virtio               virtio-pci.m#0           
                                                   virtio-pci.m#1           
                                                   virtio-pci.m#2           
                                                   virtio-pci.m#3           
                                                   virtio-pci.m#4           
                                                   virtio-pci.m#5           
                                                   virtio-pci.m#6           
                                                   virtio-pci.m#7           
                                                   virtio-pci.m#8           
                                                   virtio-pci.m#9           
                                                   virtio-pci.m#10          
                                                   virtio-pci.m#11          
                                                   virtio-pci.m#12          
                                                   virtio-pci.m#13          
                                                   virtio-pci.m#14          
                                                   virtio-pci.m#15          
                                                   virtio-pci.m#16          
                                                   virtio-pci.m#17          
                                                   virtio-pci.m#18          
                                                   virtio-pci.m#19          
                                                   virtio-pci.m#20          
                                                   virtio-pci.m#21          
                                                   virtio-pci.m#22          
                                                   virtio-pci.m#23          
                                                   virtio-pci.m#24          
                                                   virtio-pci.m#25          
                                                   virtio-pci.m#26          
                                                   virtio-pci.m#27          
                                                   virtio-pci.m#28          
                                                   virtio-pci.m#29          
                                                   virtio-pci.m#30          
                                                   virtio-pci.m#31          
                                                   virtio-pci.m#32          
                                                   virtio-pci.m#33          
                                                   virtio-pci.m#34          
                                                   virtio-pci.m#35          
                                                   virtio-pci.m#36          
virtio-rng                103 rng                  virtio-rng#32            
x86_reset                 119 sysreset             reset                    
x86_tsc_timer             122 timer                tsc-timer                
## Android Verified Boot 2.0 version 1.2.0
Writing 8 bytes to virtio-console#17 console
Reading 8 bytes from virtio-console#17 console
Writing 8 bytes to virtio-console#17 console
Reading 8 bytes from virtio-console#17 console
Verification passed successfully
Imported supplementary environment
CPU 65537:
Reg Valid Write-type   Base   ||        Mask   ||        Size   ||       
0   Y     Back         00000000fff00000 0000000ffff00000 0000000000100000
1   N     Uncacheable  0000000000000000 0000000000000000 0000001000000000
2   N     Uncacheable  0000000000000000 0000000000000000 0000001000000000
3   N     Uncacheable  0000000000000000 0000000000000000 0000001000000000
4   N     Uncacheable  0000000000000000 0000000000000000 0000001000000000
5   N     Uncacheable  0000000000000000 0000000000000000 0000001000000000
6   N     Uncacheable  0000000000000000 0000000000000000 0000001000000000
7   N     Uncacheable  0000000000000000 0000000000000000 0000001000000000
ANDROID: reboot reason: "(none)"
      ab_select_slot() ANDROID: Invalid CRC-32 (expected 807077e9, found 00000000),re-initializing A/B metadata.
      ab_select_slot() ANDROID: Attempting slot a, tries remaining 3
## Android Verified Boot 2.0 version 1.2.0
Writing 8 bytes to virtio-console#17 console
Reading 8 bytes from virtio-console#17 console
avb_slot_verify.c:433: ERROR: vendor_boot_a: Hash of data does not match digest in descriptor.
Writing 8 bytes to virtio-console#17 console
Reading 8 bytes from virtio-console#17 console
Verification failed
Returning Verification success due to unlocked bootloader
## Android Verified Boot 2.0 version 1.2.0
Writing 8 bytes to virtio-console#17 console
Reading 8 bytes from virtio-console#17 console
Writing 8 bytes to virtio-console#17 console
Reading 8 bytes from virtio-console#17 console
Verification passed successfully
ANDROID: Loading ramdisk from "init_boot_a", partition 4.
ANDROID: Loading kernel from "boot_a", partition 1.
ANDROID: Loading vendor ramdisk from "vendor_boot_a", partition 18.
Booting kernel at 0x02400000 with fdt at <NULL> ramdisk 0x0e400000 (0x0231e10a bytes)...


Valid Boot Flag
Magic signature found
Linux kernel version 6.12.74-android16-6-g3ec022196c4e-ab15076761 (kleaf@build-host) #1 SMP PREEMPT Tue Mar 24 05:36:21 UTC 2026
Building boot_params at 0x00090000
Loading bzImage at address 100000 (22881280 bytes)
Initial RAM disk at linear address 0x0e400000, size 36823306 bytes
Kernel command line: " printk.devkmsg=on audit=1 panic=-1 8250.nr_uarts=1 binder.impl=rust cma=0 firmware_class.path=/vendor/etc/ loop.max_part=7 init=/init bootconfig panic=-1 console=hvc0 earlycon=uart8250,io,0x3f8 ramoops.mem_address=0x138000000 ramoops.mem_size=0x200000"
Kernel loaded at 00100000, setup_base=0000000000090000

Starting kernel ...

[    0.000000] Linux version 6.12.74-android16-6-g3ec022196c4e-ab15076761 (kleaf@build-host) (Android (14043575, +pgo, +bolt, +lto, +mlgo, based on r536225) clang version 19.0.1 (https://android.googlesource.com/toolchain/llvm-project b3a530ec6537146650e42be89f1089e9a3588460), LLD 19.0.1) #1 SMP PREEMPT Tue Mar 24 05:36:21 UTC 2026
[    0.000000] Command line:  printk.devkmsg=on audit=1 panic=-1 8250.nr_uarts=1 binder.impl=rust cma=0 firmware_class.path=/vendor/etc/ loop.max_part=7 init=/init bootconfig panic=-1 console=hvc0 earlycon=uart8250,io,0x3f8 ramoops.mem_address=0x138000000 ramoops.mem_size=0x200000
[    0.000000] BIOS-provided physical RAM map:
[    0.000000] BIOS-e820: [mem 0x0000000000000000-0x000000000009ffff] usable
[    0.000000] BIOS-e820: [mem 0x00000000000a0000-0x00000000000fffff] reserved
[    0.000000] BIOS-e820: [mem 0x0000000000100000-0x00000000ced69fff] usable
[    0.000000] BIOS-e820: [mem 0x00000000ced6a000-0x00000000cfffffff] reserved
[    0.000000] BIOS-e820: [mem 0x00000000e0000000-0x00000000efffffff] reserved
[    0.000000] BIOS-e820: [mem 0x0000000100000000-0x000000012fffffff] usable
[    0.000000] earlycon: uart8250 at I/O port 0x3f8 (options '')
[    0.000000] printk: legacy bootconsole [uart8250] enabled
[    0.000000] NX (Execute Disable) protection: active
[    0.000000] APIC: Static calls initialized
[    0.000000] SMBIOS 3.2.0 present.
[    0.000000] DMI: ChromiumOS crosvm, BIOS 0 
[    0.000000] DMI: Memory slots populated: 0/0
[    0.000000] Hypervisor detected: KVM
[    0.000000] last_pfn = 0xced6a max_arch_pfn = 0x400000000
[    0.000000] kvm-clock: Using msrs 4b564d01 and 4b564d00
[    0.000001] kvm-clock: using sched offset of 1317990367 cycles
[    0.001650] clocksource: kvm-clock: mask: 0xffffffffffffffff max_cycles: 0x1cd42e4dffb, max_idle_ns: 881590591483 ns
[    0.006831] tsc: Detected 2299.998 MHz processor
[    0.008709] last_pfn = 0x130000 max_arch_pfn = 0x400000000
[    0.010539] MTRR map: 6 entries (3 fixed + 3 variable; max 19), built from 8 variable MTRRs
[    0.013616] x86/PAT: Configuration [0-7]: WB  WC  UC- UC  WB  WP  UC- WT  
[    0.015978] mtrr: your BIOS has configured an incorrect mask, fixing it.
[    0.018390] last_pfn = 0xced6a max_arch_pfn = 0x400000000
[    0.020743] found SMP MP-table at [mem 0x0009fff0-0x0009ffff]
[    0.023318] Using GB pages for direct mapping
[    0.025188] RAMDISK: [mem 0x0e400000-0x1071efff]
[    0.027101] ACPI: Early table checksum verification disabled
[    0.029465] ACPI: RSDP 0x00000000000E0000 000024 (v02 CROSVM)
[    0.031454] ACPI: XSDT 0x00000000000E0C00 00003C (v01 CROSVM CROSVMDT 00000001 CROS 00000000)
[    0.035261] ACPI: FACP 0x00000000000E09C0 000114 (v06 CROSVM CROSVMDT 00000001 CROS 00000000)
[    0.039099] ACPI: DSDT 0x00000000000E0080 00091E (v06 CROSVM CROSVMDT 00000001 CROS 00000000)
[    0.043001] ACPI: FACS 0x00000000000E0040 000040
[    0.044975] ACPI: APIC 0x00000000000E0B00 000070 (v05 CROSVM CROSVMDT 00000001 CROS 00000000)
[    0.048634] ACPI: MCFG 0x00000000000E0B80 00003C (v01 CROSVM CROSVMDT 00000001 CROS 00000000)
[    0.051665] ACPI: Reserving FACP table memory at [mem 0xe09c0-0xe0ad3]
[    0.053676] ACPI: Reserving DSDT table memory at [mem 0xe0080-0xe099d]
[    0.055772] ACPI: Reserving FACS table memory at [mem 0xe0040-0xe007f]
[    0.058462] ACPI: Reserving APIC table memory at [mem 0xe0b00-0xe0b6f]
[    0.061348] ACPI: Reserving MCFG table memory at [mem 0xe0b80-0xe0bbb]
[    0.064569] Zone ranges:
[    0.065696]   DMA32    [mem 0x0000000000001000-0x00000000ffffffff]
[    0.068307]   Normal   [mem 0x0000000100000000-0x000000012fffffff]
[    0.070959] Movable zone start for each node
[    0.072793] Early memory node ranges
[    0.074319]   node   0: [mem 0x0000000000001000-0x000000000009ffff]
[    0.076990]   node   0: [mem 0x0000000000100000-0x00000000ced69fff]
[    0.079678]   node   0: [mem 0x0000000100000000-0x000000012fffffff]
[    0.082339] Initmem setup node 0 [mem 0x0000000000001000-0x000000012fffffff]
[    0.085427] On node 0, zone DMA32: 1 pages in unavailable ranges
[    0.185943] On node 0, zone DMA32: 96 pages in unavailable ranges
[    0.210413] On node 0, zone Normal: 4758 pages in unavailable ranges
[    0.217290] IOAPIC[0]: apic_id 0, version 17, address 0xfec00000, GSI 0-23
[    0.219427] ACPI: INT_SRC_OVR (bus 0 bus_irq 9 global_irq 9 low level)
[    0.221414] ACPI: INT_SRC_OVR (bus 0 bus_irq 10 global_irq 10 low level)
[    0.223533] ACPI: INT_SRC_OVR (bus 0 bus_irq 11 global_irq 11 low level)
[    0.225650] ACPI: INT_SRC_OVR (bus 0 bus_irq 12 global_irq 12 low level)
[    0.227764] ACPI: Using ACPI (MADT) for SMP configuration information
[    0.229784] TSC deadline timer available
[    0.231031] CPU topo: Max. logical packages:   2
[    0.232471] CPU topo: Max. logical dies:       2
[    0.233920] CPU topo: Max. dies per package:   1
[    0.235316] CPU topo: Max. threads per core:   1
[    0.236717] CPU topo: Num. cores per package:     1
[    0.238162] CPU topo: Num. threads per package:   1
[    0.239674] CPU topo: Allowing 2 present CPUs plus 0 hotplug CPUs
[    0.241597] kvm-guest: APIC: eoi() replaced with kvm_guest_apic_eoi_write()
[    0.243854] kvm-guest: KVM setup pv remote TLB flush
[    0.245427] kvm-guest: setup PV sched yield
[    0.246762] PM: hibernation: Registered nosave memory: [mem 0x00000000-0x00000fff]
[    0.249202] PM: hibernation: Registered nosave memory: [mem 0x000a0000-0x000fffff]
[    0.251589] PM: hibernation: Registered nosave memory: [mem 0xced6a000-0xffffffff]
[    0.253975] [mem 0xd0000000-0xdfffffff] available for PCI devices
[    0.255905] Booting paravirtualized kernel on KVM
[    0.257384] clocksource: refined-jiffies: mask: 0xffffffff max_cycles: 0xffffffff, max_idle_ns: 7645519600211568 ns
[    0.260713] Load bootconfig: 2695 bytes 132 nodes
[    0.262119] setup_percpu: NR_CPUS:32 nr_cpumask_bits:2 nr_cpu_ids:2 nr_node_ids:1
[    0.267868] percpu: Embedded 106 pages/cpu s271384 r131072 d31720 u1048576
[    0.270014] Kernel command line: vmw_vsock_virtio_transport_common.virtio_transport_max_vsock_pkt_buf_size=16384 console=ttynull stack_depot_disable=on cgroup_disable=pressure bootconfig  printk.devkmsg=on audit=1 panic=-1 8250.nr_uarts=1 binder.impl=rust cma=0 firmware_class.path=/vendor/etc/ loop.max_part=7 init=/init bootconfig panic=-1 console=hvc0 earlycon=uart8250,io,0x3f8 ramoops.mem_address=0x138000000 ramoops.mem_size=0x200000
[    0.281992] cgroup: Disabling pressure control group feature
[    0.283635] audit: enabled (after initialization)
[    0.285063] random: crng init done
[    0.286035] printk: log buffer data + meta data: 131072 + 458752 = 589824 bytes
[    0.295289] Dentry cache hash table entries: 524288 (order: 10, 4194304 bytes, linear)
[    0.301221] Inode-cache hash table entries: 262144 (order: 9, 2097152 bytes, linear)
[    0.303606] Built 1 zonelists, mobility grouping on.  Total pages: 1043721
[    0.306170] mem auto-init: stack:all(zero), heap alloc:on, heap free:off
[    0.307595] stackdepot: disabled
[    0.308285] software IO TLB: area num 2.
[    0.448118] SLUB: HWalign=64, Order=0-3, MinObjects=0, CPUs=2, Nodes=1
[    0.450496] rcu: Preemptible hierarchical RCU implementation.
[    0.451948] rcu: 	RCU event tracing is enabled.
[    0.453039] rcu: 	RCU restricting CPUs from NR_CPUS=32 to nr_cpu_ids=2.
[    0.454681] rcu: 	RCU priority boosting: priority 1 delay 500 ms.
[    0.456121] 	Trampoline variant of Tasks RCU enabled.
[    0.457316] 	Tracing variant of Tasks RCU enabled.
[    0.458454] rcu: RCU calculated value of scheduler-enlistment delay is 25 jiffies.
[    0.460243] rcu: Adjusting geometry for rcu_fanout_leaf=16, nr_cpu_ids=2
[    0.461830] RCU Tasks: Setting shift to 1 and lim to 1 rcu_task_cb_adjust=1 rcu_task_cpu_ids=2.
[    0.463886] RCU Tasks Trace: Setting shift to 1 and lim to 1 rcu_task_cb_adjust=1 rcu_task_cpu_ids=2.
[    0.468130] NR_IRQS: 4352, nr_irqs: 440, preallocated irqs: 16
[    0.469812] rcu: 	Offload RCU callbacks from CPUs: 0-1.
[    0.471113] rcu: srcu_init: Setting srcu_struct sizes based on contention.
[    0.472939] kfence: initialized - using 524288 bytes for 63 objects at 0x(____ptrval____)-0x(____ptrval____)
[    0.475459] ACPI: Core revision 20240827
[    0.476565] APIC: Switch to symmetric I/O mode setup
[    0.478435] x2apic enabled
[    0.479782] APIC: Switched APIC routing to: physical x2apic
[    0.481163] kvm-guest: APIC: send_IPI_mask() replaced with kvm_send_ipi_mask()
[    0.482963] kvm-guest: APIC: send_IPI_mask_allbutself() replaced with kvm_send_ipi_mask_allbutself()
[    0.485229] kvm-guest: setup PV IPIs
[    0.488659] clocksource: tsc-early: mask: 0xffffffffffffffff max_cycles: 0x212733415c7, max_idle_ns: 440795236380 ns
[    0.491302] Calibrating delay loop (skipped) preset value.. 4599.99 BogoMIPS (lpj=9199992)
[    0.494042] x86/cpu: User Mode Instruction Prevention (UMIP) activated
[    0.495300] Last level iTLB entries: 4KB 0, 2MB 0, 4MB 0
[    0.495300] Last level dTLB entries: 4KB 0, 2MB 0, 4MB 0, 1GB 0
[    0.495300] Spectre V1 : Mitigation: usercopy/swapgs barriers and __user pointer sanitization
[    0.495300] Spectre V2 : Mitigation: Retpolines
[    0.495300] Spectre V2 : Spectre v2 / SpectreRSB: Filling RSB on context switch and VMEXIT
[    0.495300] RETBleed: WARNING: Spectre v2 mitigation leaves CPU vulnerable to RETBleed attacks, data leaks possible!
[    0.495300] RETBleed: Vulnerable
[    0.495300] Speculative Store Bypass: Vulnerable
[    0.495300] active return thunk: its_return_thunk
[    0.495300] ITS: Mitigation: Aligned branch/return thunks
[    0.495300] x86/fpu: Supporting XSAVE feature 0x001: 'x87 floating point registers'
[    0.495300] x86/fpu: Supporting XSAVE feature 0x002: 'SSE registers'
[    0.495300] x86/fpu: Supporting XSAVE feature 0x004: 'AVX registers'
[    0.495300] x86/fpu: Supporting XSAVE feature 0x020: 'AVX-512 opmask'
[    0.495300] x86/fpu: Supporting XSAVE feature 0x040: 'AVX-512 Hi256'
[    0.495300] x86/fpu: Supporting XSAVE feature 0x080: 'AVX-512 ZMM_Hi256'
[    0.495300] x86/fpu: xstate_offset[2]:  576, xstate_sizes[2]:  256
[    0.495300] x86/fpu: xstate_offset[5]:  832, xstate_sizes[5]:   64
[    0.495300] x86/fpu: xstate_offset[6]:  896, xstate_sizes[6]:  512
[    0.495300] x86/fpu: xstate_offset[7]: 1408, xstate_sizes[7]: 1024
[    0.495300] x86/fpu: Enabled xstate features 0xe7, context size is 2432 bytes, using 'compacted' format.
[    0.495300] SMP alternatives: Using kCFI
[    0.495300] Freeing SMP alternatives memory: 56K
[    0.495300] pid_max: default: 32768 minimum: 301
[    0.495300] LSM: initializing lsm=capability,landlock,safesetid,selinux,bpf
[    0.495300] landlock: Up and running.
[    0.495300] SELinux:  Initializing.
[    0.495300] LSM support for eBPF active
[    0.495300] Mount-cache hash table entries: 8192 (order: 4, 65536 bytes, linear)
[    0.495300] Mountpoint-cache hash table entries: 8192 (order: 4, 65536 bytes, linear)
[    0.495300] smpboot: CPU0: Intel INTEL(R) XEON(R) PLATINUM 8573C (family: 0x6, model: 0xcf, stepping: 0x2)
[    0.495722] Performance Events: unsupported p6 CPU model 207 no PMU driver, software events only.
[    0.499120] signal: max sigframe size: 3632
[    0.499527] rcu: Hierarchical SRCU implementation.
[    0.501052] rcu: 	Max phase no-delay instances is 1000.
[    0.503128] Timer migration: 1 hierarchy levels; 8 children per group; 1 crossnode level
[    0.506635] dyndbg: Ignore empty _ddebug table in a CONFIG_DYNAMIC_DEBUG_CORE build
[    0.507660] smp: Bringing up secondary CPUs ...
[    0.509908] smpboot: x86: Booting SMP configuration:
[    0.511319] .... node  #0, CPUs:      #1
[    0.515446] smp: Brought up 1 node, 2 CPUs
[    0.518020] smpboot: Total of 2 processors activated (9199.99 BogoMIPS)
[    0.520208] Memory: 3946020K/4174884K available (22528K kernel code, 2444K rwdata, 16884K rodata, 3244K init, 2276K bss, 225320K reserved, 0K cma-reserved)
[    0.524640] x86/mm: Memory block size: 128MB
[    0.526984] clocksource: jiffies: mask: 0xffffffff max_cycles: 0xffffffff, max_idle_ns: 7645041785100000 ns
[    0.527411] futex hash table entries: 512 (order: 3, 32768 bytes, linear)
[    0.535800] NET: Registered PF_NETLINK/PF_ROUTE protocol family
[    0.538407] audit: initializing netlink subsys (enabled)
[    0.539425] audit: type=2000 audit(1790904871.047:1): state=initialized audit_enabled=1 res=1
[    0.539425] ramoops: using module parameters
[    0.558492] pstore: Using crash dump compression: deflate
[    0.559317] printk: legacy console [ramoops-1] enabled
[    0.561189] pstore: Registered ramoops as persistent store backend
[    0.563239] ramoops: using 0x200000@0x138000000, ecc: 0
[    0.563936] thermal_sys: Registered thermal governor 'bang_bang'
[    0.563938] thermal_sys: Registered thermal governor 'step_wise'
[    0.566972] thermal_sys: Registered thermal governor 'user_space'
[    0.567347] cpuidle: using governor menu
[    0.572776] PCI: ECAM [mem 0xf4000000-0xf7ffffff] (base 0xf4000000) for domain 0000 [bus 00-3f]
[    0.575323] PCI: not using ECAM ([mem 0xf4000000-0xf7ffffff] not reserved)
[    0.578804] PCI: Using configuration type 1 for base access
[    0.579411] mtrr: your CPUs had inconsistent fixed MTRR settings
[    0.581290] mtrr: your CPUs had inconsistent variable MTRR settings
[    0.583277] mtrr: your CPUs had inconsistent MTRRdefType settings
[    0.583310] mtrr: probably your BIOS does not setup all CPUs.
[    0.585137] mtrr: corrected configuration.
[    0.586625] kprobes: kprobe jump-optimization is enabled. All kprobes are optimized if possible.
[    0.592030] cryptd: max_cpu_qlen set to 1000
[    0.596059] ACPI: Added _OSI(Module Device)
[    0.597847] ACPI: Added _OSI(Processor Device)
[    0.599317] ACPI: Added _OSI(Processor Aggregator Device)
[    0.601914] ACPI: 1 ACPI AML tables successfully acquired and loaded
[    0.607428] ACPI: Interpreter enabled
[    0.608648] ACPI: PM: (supports S0 S1 S5)
[    0.609875] ACPI: Using IOAPIC for interrupt routing
[    0.609875] PCI: ECAM [mem 0xf4000000-0xf7ffffff] (base 0xf4000000) for domain 0000 [bus 00-3f]
[    0.611370] PCI: ECAM [mem 0xf4000000-0xf7ffffff] reserved as ACPI motherboard resource
[    0.613862] PCI: Using host bridge windows from ACPI; if necessary, use "pci=nocrs" and report a bug
[    0.619311] PCI: Using E820 reservations for host bridge windows
[    0.622428] ACPI: PCI Root Bridge [PC00] (domain 0000 [bus 00-3f])
[    0.623322] acpi PNP0A08:00: _OSC: OS supports [ExtendedConfig ASPM ClockPM Segments MSI HPX-Type3]
[    0.626103] acpi PNP0A08:00: _OSC: OS now controls [PCIeHotplug PME PCIeCapability LTR]
[    0.627506] PCI host bridge to bus 0000:00
[    0.628798] pci_bus 0000:00: root bus resource [mem 0xd0000000-0xf7ffffff window]
[    0.631060] pci_bus 0000:00: root bus resource [mem 0x138200000-0x3fffffffffff window]
[    0.635312] pci_bus 0000:00: root bus resource [bus 00-3f]
[    0.637114] pci 0000:00:00.0: [8086:1237] type 00 class 0x060000 conventional PCI endpoint
[    0.640837] pci 0000:00:01.0: [1af4:1043] type 00 class 0x078000 conventional PCI endpoint
[    0.643612] pci 0000:00:01.0: BAR 0 [mem 0xd0808000-0xd080ffff]
[    0.647644] pci 0000:00:01.0: PME# supported from D0 D3hot D3cold
[    0.650585] pci 0000:00:01.1: [1af4:1041] type 00 class 0x028000 conventional PCI endpoint
[    0.651611] pci 0000:00:01.1: BAR 0 [mem 0xd08e0000-0xd08e7fff]
[    0.655582] pci 0000:00:01.1: PME# supported from D0 D3hot D3cold
[    0.658466] pci 0000:00:01.2: [1af4:1041] type 00 class 0x028000 conventional PCI endpoint
[    0.663605] pci 0000:00:01.2: BAR 0 [mem 0xd08e8000-0xd08effff]
[    0.667650] pci 0000:00:01.2: PME# supported from D0 D3hot D3cold
[    0.670526] pci 0000:00:01.3: [1af4:1052] type 00 class 0x098000 conventional PCI endpoint
[    0.671619] pci 0000:00:01.3: BAR 0 [mem 0xd0908000-0xd090ffff]
[    0.675636] pci 0000:00:01.3: PME# supported from D0 D3hot D3cold
[    0.678538] pci 0000:00:01.4: [1af4:1052] type 00 class 0x098000 conventional PCI endpoint
[    0.683612] pci 0000:00:01.4: BAR 0 [mem 0xd0910000-0xd0917fff]
[    0.688357] pci 0000:00:01.4: PME# supported from D0 D3hot D3cold
[    0.691701] pci 0000:00:01.5: [1af4:1052] type 00 class 0x098000 conventional PCI endpoint
[    0.694430] pci 0000:00:01.5: BAR 0 [mem 0xd0918000-0xd091ffff]
[    0.697545] pci 0000:00:01.5: PME# supported from D0 D3hot D3cold
[    0.700355] pci 0000:00:01.6: [1af4:1052] type 00 class 0x098000 conventional PCI endpoint
[    0.703126] pci 0000:00:01.6: BAR 0 [mem 0xd0920000-0xd0927fff]
[    0.705565] pci 0000:00:01.6: PME# supported from D0 D3hot D3cold
[    0.708007] pci 0000:00:01.7: [1b36:0011] type 00 class 0xffff00 conventional PCI endpoint
[    0.710722] pci 0000:00:01.7: BAR 0 [mem 0xd0928000-0xd092800f]
[    0.717004] pci 0000:00:02.0: [1af4:1050] type 00 class 0x038000 conventional PCI endpoint
[    0.719587] pci 0000:00:02.0: BAR 0 [mem 0xd0800000-0xd0807fff]
[    0.721659] pci 0000:00:02.0: BAR 2 [mem 0x200000000-0x3ffffffff 64bit pref]
[    0.725090] pci 0000:00:02.0: PME# supported from D0 D3hot D3cold
[    0.727817] pci 0000:00:02.1: [8086:3420] type 01 class 0x060400 PCIe Root Port
[    0.730594] pci 0000:00:02.1: PCI bridge to [bus 01]
[    0.732558] pci 0000:00:02.1: PME# supported from D0 D3hot D3cold
[    0.735331] pci 0000:00:03.0: [1af4:1043] type 00 class 0x078000 conventional PCI endpoint
[    0.737990] pci 0000:00:03.0: BAR 0 [mem 0xd0810000-0xd0817fff]
[    0.741479] pci 0000:00:03.0: PME# supported from D0 D3hot D3cold
[    0.744128] pci 0000:00:04.0: [1af4:1043] type 00 class 0x078000 conventional PCI endpoint
[    0.746817] pci 0000:00:04.0: BAR 0 [mem 0xd0818000-0xd081ffff]
[    0.750615] pci 0000:00:04.0: PME# supported from D0 D3hot D3cold
[    0.752394] pci 0000:00:05.0: [1af4:1043] type 00 class 0x078000 conventional PCI endpoint
[    0.755115] pci 0000:00:05.0: BAR 0 [mem 0xd0820000-0xd0827fff]
[    0.761462] pci 0000:00:05.0: PME# supported from D0 D3hot D3cold
[    0.764284] pci 0000:00:06.0: [1af4:1043] type 00 class 0x078000 conventional PCI endpoint
[    0.766946] pci 0000:00:06.0: BAR 0 [mem 0xd0828000-0xd082ffff]
[    0.769418] pci 0000:00:06.0: PME# supported from D0 D3hot D3cold
[    0.772191] pci 0000:00:07.0: [1af4:1043] type 00 class 0x078000 conventional PCI endpoint
[    0.774886] pci 0000:00:07.0: BAR 0 [mem 0xd0830000-0xd0837fff]
[    0.781438] pci 0000:00:07.0: PME# supported from D0 D3hot D3cold
[    0.784143] pci 0000:00:08.0: [1af4:1043] type 00 class 0x078000 conventional PCI endpoint
[    0.786760] pci 0000:00:08.0: BAR 0 [mem 0xd0838000-0xd083ffff]
[    0.789472] pci 0000:00:08.0: PME# supported from D0 D3hot D3cold
[    0.792123] pci 0000:00:09.0: [1af4:1043] type 00 class 0x078000 conventional PCI endpoint
[    0.794784] pci 0000:00:09.0: BAR 0 [mem 0xd0840000-0xd0847fff]
[    0.797441] pci 0000:00:09.0: PME# supported from D0 D3hot D3cold
[    0.800175] pci 0000:00:0a.0: [1af4:1043] type 00 class 0x078000 conventional PCI endpoint
[    0.802826] pci 0000:00:0a.0: BAR 0 [mem 0xd0848000-0xd084ffff]
[    0.805446] pci 0000:00:0a.0: PME# supported from D0 D3hot D3cold
[    0.808155] pci 0000:00:0b.0: [1af4:1043] type 00 class 0x078000 conventional PCI endpoint
[    0.810905] pci 0000:00:0b.0: BAR 0 [mem 0xd0850000-0xd0857fff]
[    0.817565] pci 0000:00:0b.0: PME# supported from D0 D3hot D3cold
[    0.820375] pci 0000:00:0c.0: [1af4:1043] type 00 class 0x078000 conventional PCI endpoint
[    0.823174] pci 0000:00:0c.0: BAR 0 [mem 0xd0858000-0xd085ffff]
[    0.825703] pci 0000:00:0c.0: PME# supported from D0 D3hot D3cold
[    0.828545] pci 0000:00:0d.0: [1af4:1043] type 00 class 0x078000 conventional PCI endpoint
[    0.831167] pci 0000:00:0d.0: BAR 0 [mem 0xd0860000-0xd0867fff]
[    0.837448] pci 0000:00:0d.0: PME# supported from D0 D3hot D3cold
[    0.840266] pci 0000:00:0e.0: [1af4:1043] type 00 class 0x078000 conventional PCI endpoint
[    0.842850] pci 0000:00:0e.0: BAR 0 [mem 0xd0868000-0xd086ffff]
[    0.845454] pci 0000:00:0e.0: PME# supported from D0 D3hot D3cold
[    0.848352] pci 0000:00:0f.0: [1af4:1043] type 00 class 0x078000 conventional PCI endpoint
[    0.851118] pci 0000:00:0f.0: BAR 0 [mem 0xd0870000-0xd0877fff]
[    0.853591] pci 0000:00:0f.0: PME# supported from D0 D3hot D3cold
[    0.856399] pci 0000:00:10.0: [1af4:1043] type 00 class 0x078000 conventional PCI endpoint
[    0.859153] pci 0000:00:10.0: BAR 0 [mem 0xd0878000-0xd087ffff]
[    0.865560] pci 0000:00:10.0: PME# supported from D0 D3hot D3cold
[    0.868376] pci 0000:00:11.0: [1af4:1043] type 00 class 0x078000 conventional PCI endpoint
[    0.871172] pci 0000:00:11.0: BAR 0 [mem 0xd0880000-0xd0887fff]
[    0.873513] pci 0000:00:11.0: PME# supported from D0 D3hot D3cold
[    0.876358] pci 0000:00:12.0: [1af4:1043] type 00 class 0x078000 conventional PCI endpoint
[    0.879174] pci 0000:00:12.0: BAR 0 [mem 0xd0888000-0xd088ffff]
[    0.881462] pci 0000:00:12.0: PME# supported from D0 D3hot D3cold
[    0.884320] pci 0000:00:13.0: [1af4:1042] type 00 class 0x018000 conventional PCI endpoint
[    0.887043] pci 0000:00:13.0: BAR 0 [mem 0xd08a8000-0xd08affff]
[    0.893610] pci 0000:00:13.0: PME# supported from D0 D3hot D3cold
[    0.896520] pci 0000:00:14.0: [1af4:1042] type 00 class 0x018000 conventional PCI endpoint
[    0.899273] pci 0000:00:14.0: BAR 0 [mem 0xd08b0000-0xd08b7fff]
[    0.901487] pci 0000:00:14.0: PME# supported from D0 D3hot D3cold
[    0.904342] pci 0000:00:15.0: [1af4:1042] type 00 class 0x018000 conventional PCI endpoint
[    0.907114] pci 0000:00:15.0: BAR 0 [mem 0xd08b8000-0xd08bffff]
[    0.913546] pci 0000:00:15.0: PME# supported from D0 D3hot D3cold
[    0.916823] pci 0000:00:16.0: [1af4:1043] type 00 class 0x078000 conventional PCI endpoint
[    0.919615] pci 0000:00:16.0: BAR 0 [mem 0xd0890000-0xd0897fff]
[    0.923631] pci 0000:00:16.0: PME# supported from D0 D3hot D3cold
[    0.926733] pci 0000:00:17.0: [1af4:1043] type 00 class 0x078000 conventional PCI endpoint
[    0.927740] pci 0000:00:17.0: BAR 0 [mem 0xd0898000-0xd089ffff]
[    0.932631] pci 0000:00:17.0: PME# supported from D0 D3hot D3cold
[    0.936466] pci 0000:00:18.0: [1af4:1043] type 00 class 0x078000 conventional PCI endpoint
[    0.943606] pci 0000:00:18.0: BAR 0 [mem 0xd08a0000-0xd08a7fff]
[    0.948388] pci 0000:00:18.0: PME# supported from D0 D3hot D3cold
[    0.952053] pci 0000:00:19.0: [1af4:105b] type 00 class 0x010800 conventional PCI endpoint
[    0.955606] pci 0000:00:19.0: BAR 0 [mem 0xd08c0000-0xd08c7fff]
[    0.960537] pci 0000:00:19.0: PME# supported from D0 D3hot D3cold
[    0.964249] pci 0000:00:1a.0: [1af4:105b] type 00 class 0x010800 conventional PCI endpoint
[    0.967605] pci 0000:00:1a.0: BAR 0 [mem 0xd08c8000-0xd08cffff]
[    0.972564] pci 0000:00:1a.0: PME# supported from D0 D3hot D3cold
[    0.975728] pci 0000:00:1b.0: [1af4:1044] type 00 class 0x088000 conventional PCI endpoint
[    0.978822] pci 0000:00:1b.0: BAR 0 [mem 0xd08d0000-0xd08d7fff]
[    0.981634] pci 0000:00:1b.0: PME# supported from D0 D3hot D3cold
[    0.984506] pci 0000:00:1c.0: [1af4:1045] type 00 class 0x088000 conventional PCI endpoint
[    0.987152] pci 0000:00:1c.0: BAR 0 [mem 0xd08d8000-0xd08dffff]
[    0.993462] pci 0000:00:1c.0: PME# supported from D0 D3hot D3cold
[    0.996326] pci 0000:00:1d.0: [1af4:1053] type 00 class 0x028000 conventional PCI endpoint
[    0.999117] pci 0000:00:1d.0: BAR 0 [mem 0xd08f0000-0xd08f7fff]
[    1.001613] pci 0000:00:1d.0: PME# supported from D0 D3hot D3cold
[    1.004489] pci 0000:00:1e.0: [1af4:1059] type 00 class 0x040100 conventional PCI endpoint
[    1.007264] pci 0000:00:1e.0: BAR 0 [mem 0xd08f8000-0xd08fffff]
[    1.009557] pci 0000:00:1e.0: PME# supported from D0 D3hot D3cold
[    1.012337] pci 0000:00:1f.0: [1af4:105d] type 00 class 0x0d8000 conventional PCI endpoint
[    1.015001] pci 0000:00:1f.0: BAR 0 [mem 0xd0900000-0xd0907fff]
[    1.021459] pci 0000:00:1f.0: PME# supported from D0 D3hot D3cold
[    1.024803] pci 0000:00:02.1: PCI bridge to [bus 01]
[    1.052279] iommu: Default domain type: Translated
[    1.053929] iommu: DMA domain TLB invalidation policy: lazy mode
[    1.055625] SCSI subsystem initialized
[    1.057073] ACPI: bus type USB registered
[    1.058619] usbcore: registered new interface driver usbfs
[    1.059319] usbcore: registered new interface driver hub
[    1.061082] usbcore: registered new device driver usb
[    1.062827] mc: Linux media interface: v0.10
[    1.067521] videodev: Linux video capture interface: v2.00
[    1.069348] EDAC MC: Ver: 3.0.0
[    1.072495] Advanced Linux Sound Architecture Driver Initialized.
[    1.075684] PCI: Using ACPI for IRQ routing
[    1.127927] vgaarb: loaded
[    1.129282] clocksource: Switched to clocksource kvm-clock
[    1.130966] VFS: Disk quotas dquot_6.6.0
[    1.132928] VFS: Dquot-cache hash table entries: 512 (order 0, 4096 bytes)
[    1.136496] pnp: PnP ACPI init
[    1.138201] system 00:00: [mem 0xf4000000-0xf7ffffff] has been reserved
[    1.141560] pnp: PnP ACPI: found 1 devices
[    1.143944] NET: Registered PF_INET protocol family
[    1.147752] IP idents hash table entries: 65536 (order: 7, 524288 bytes, linear)
[    1.183093] tcp_listen_portaddr_hash hash table entries: 2048 (order: 3, 32768 bytes, linear)
[    1.187485] Table-perturb hash table entries: 65536 (order: 6, 262144 bytes, linear)
[    1.191280] TCP established hash table entries: 32768 (order: 6, 262144 bytes, linear)
[    1.195116] TCP bind hash table entries: 32768 (order: 8, 1048576 bytes, linear)
[    1.198808] TCP: Hash tables configured (established 32768 bind 32768)
[    1.202050] UDP hash table entries: 2048 (order: 4, 65536 bytes, linear)
[    1.205284] UDP-Lite hash table entries: 2048 (order: 4, 65536 bytes, linear)
[    1.208671] NET: Registered PF_UNIX/PF_LOCAL protocol family
[    1.211405] NET: Registered PF_XDP protocol family
[    1.213081] pci 0000:00:02.1: bridge window [io  0x1000-0x0fff] to [bus 01] add_size 1000
[    1.215825] pci 0000:00:02.1: bridge window [mem 0x00100000-0x000fffff 64bit pref] to [bus 01] add_size 200000 add_align 100000
[    1.219523] pci 0000:00:02.1: bridge window [mem 0x00100000-0x000fffff] to [bus 01] add_size 200000 add_align 100000
[    1.222923] pci 0000:00:02.1: bridge window [mem 0xd0000000-0xd01fffff]: assigned
[    1.225265] pci 0000:00:02.1: bridge window [mem 0x138200000-0x1383fffff 64bit pref]: assigned
[    1.227990] pci 0000:00:02.1: bridge window [io  size 0x1000]: can't assign; no space
[    1.230416] pci 0000:00:02.1: bridge window [io  size 0x1000]: failed to assign
[    1.232768] pci 0000:00:02.1: bridge window [io  size 0x1000]: can't assign; no space
[    1.235264] pci 0000:00:02.1: bridge window [io  size 0x1000]: failed to assign
[    1.237632] pci 0000:00:02.1: PCI bridge to [bus 01]
[    1.239330] pci 0000:00:02.1:   bridge window [mem 0xd0000000-0xd01fffff]
[    1.241570] pci 0000:00:02.1:   bridge window [mem 0x138200000-0x1383fffff 64bit pref]
[    1.244358] pci_bus 0000:00: resource 4 [mem 0xd0000000-0xf7ffffff window]
[    1.246693] pci_bus 0000:00: resource 5 [mem 0x138200000-0x3fffffffffff window]
[    1.249134] pci_bus 0000:01: resource 1 [mem 0xd0000000-0xd01fffff]
[    1.251233] pci_bus 0000:01: resource 2 [mem 0x138200000-0x1383fffff 64bit pref]
[    1.253724] pci 0000:00:00.0: Limiting direct PCI/PCI transfers
[    1.256669] PCI: CLS 32 bytes, default 64
[    1.258019] PCI-DMA: Using software bounce buffering for IO (SWIOTLB)
[    1.260472] Trying to unpack rootfs image as initramfs...
[    1.262582] software IO TLB: mapped [mem 0x00000000cad6a000-0x00000000ced6a000] (64MB)
[    1.266057] RAPL PMU: API unit is 2^-32 Joules, 1 fixed counters, 10737418240 ms ovfl timer
[    1.269832] RAPL PMU: hw unit of domain psys 2^-0 Joules
[    1.301335] kvm_amd: CPU 0 isn't AMD or Hygon
[    1.303316] clocksource: tsc: mask: 0xffffffffffffffff max_cycles: 0x212733415c7, max_idle_ns: 440795236380 ns
[    1.306744] clocksource: Switched to clocksource tsc
[    1.308434] platform rtc_cmos: registered platform RTC device (no PNP device found)
[    1.328055] Initialise system trusted keyrings
[    1.330558] workingset: timestamp_bits=46 max_order=20 bucket_order=0
[    1.332916] fuse: init (API version 7.41)
[    1.349240] Key type asymmetric registered
[    1.350711] Asymmetric key parser 'x509' registered
[    1.352354] Block layer SCSI generic (bsg) driver version 0.4 loaded (major 240)
[    1.354902] io scheduler mq-deadline registered
[    1.356425] io scheduler kyber registered
[    1.357774] io scheduler bfq registered
[    1.360573] pcieport 0000:00:02.1: PME: Signaling with IRQ 24
[    1.363795] pcieport 0000:00:02.1: pciehp: Slot #0 AttnBtn+ PwrCtrl- MRL- AttnInd+ PwrInd+ HotPlug+ Surprise+ Interlock- NoCompl- IbPresDis- LLActRep- (with Cmd Compl erratum)
[    1.372483] input: Power Button as /devices/LNXSYSTM:00/LNXPWRBN:00/input/input0
[    1.386503] ACPI: button: Power Button [PWRF]
[    1.388668] input: Sleep Button as /devices/LNXSYSTM:00/LNXSLPBN:00/input/input1
[    1.392374] ACPI: button: Sleep Button [SLPF]
[    1.394633] Serial: 8250/16550 driver, 1 ports, IRQ sharing disabled
[    1.398131] serial8250: ttyS0 at I/O 0x3f8 (irq = 4, base_baud = 115200) is a 16550A
[    1.402170] printk: legacy console [ttynull0] enabled
[    1.404716] ACPI: bus type drm_connector registered
[    1.409806] brd: module loaded
[    1.429979] loop: module loaded
[    1.432095] wireguard: WireGuard 1.0.0 loaded. See www.wireguard.com for information.
[    1.434934] wireguard: Copyright (C) 2015-2019 Jason A. Donenfeld <Jason@zx2c4.com>. All Rights Reserved.
[    1.438796] tun: Universal TUN/TAP device driver, 1.6
[    1.440630] usbcore: registered new interface driver uas
[    1.442312] usbcore: registered new interface driver usb-storage
[    1.444502] i8042: PNP: No PS/2 controller found.
[    1.446107] usbcore: registered new interface driver xpad
[    1.449743] rtc_cmos rtc_cmos: registered as rtc0
[    1.451641] rtc_cmos rtc_cmos: setting system clock to 2026-10-02T01:34:32 UTC (1790904872)
[    1.454682] rtc_cmos rtc_cmos: alarms up to one year, y3k, 114 bytes nvram
[    1.456954] gspca_main: v2.14.0 registered
[    1.458322] usbcore: registered new interface driver uvcvideo
[    1.460295] device-mapper: uevent: version 1.0.3
[    1.461846] device-mapper: ioctl: 4.48.0-ioctl (2023-03-01) initialised: dm-devel@lists.linux.dev
[    1.465000] intel_pstate: CPU model not supported
[    1.466705] sdhci: Secure Digital Host Controller Interface driver
[    1.468653] sdhci: Copyright(c) Pierre Ossman
[    1.470071] sdhci-pltfm: SDHCI platform and OF driver helper
[    1.472000] hid: raw HID events driver (C) Jiri Kosina
[    1.474102] usbcore: registered new interface driver usbhid
[    1.475880] usbhid: USB HID core driver
[    1.477147] ashmem: Using Rust implementation.
[    1.477398] usbcore: registered new interface driver snd-usb-audio
[    1.481971] GACT probability on
[    1.483399] Mirror/redirect action on
[    1.484830] netem: version 1.3
[    1.486027] u32 classifier
[    1.487137]     input device check on
[    1.488525]     Actions configured
[    1.493259] xt_time: kernel timezone is -0000
[    1.495030] ipip: IPv4 and MPLS over IPv4 tunneling driver
[    1.497302] gre: GRE over IPv4 demultiplexor driver
[    1.499254] ip_gre: GRE over IPv4 tunneling driver
[    1.501629] IPv4 over IPsec tunneling driver
[    1.503482] Initializing XFRM netlink socket
[    1.505137] IPsec XFRM device driver
[    1.506613] NET: Registered PF_INET6 protocol family
[    1.509760] Segment Routing with IPv6
[    1.511238] In-situ OAM (IOAM) with IPv6
[    1.512791] mip6: Mobile IPv6
[    1.514226] sit: IPv6, IPv4 and MPLS over IPv4 tunneling driver
[    1.516910] ip6_gre: GRE over IPv6 tunneling driver
[    1.519099] NET: Registered PF_PACKET protocol family
[    1.520986] NET: Registered PF_KEY protocol family
[    1.522878] NET: Registered PF_VSOCK protocol family
[    1.524632] IPI shorthand broadcast: enabled
[    1.526130] AES CTR mode by8 optimization enabled
[    1.531670] sched_clock: Marking stable (1512028755, 18423061)->(1679669670, -149217854)
[    1.535386] registered taskstats version 1
[    1.537062] Loading compiled-in X.509 certificates
[    1.539208] Loaded X.509 cert 'Build time autogenerated kernel key: 1f903e9cb0b04d1a09ab4a9ce65c9e71dbbb19bc'
[    1.547407] page_owner is disabled
[    1.548653] Key type .fscrypt registered
[    1.549971] Key type fscrypt-provisioning registered
[    1.557194] ALSA device list:
[    1.558191]   No soundcards found.
[    1.622719] Freeing initrd memory: 35960K
[    1.625538] Freeing unused kernel image (initmem) memory: 3244K
[    1.627653] Write protecting the kernel read-only data: 40960k
[    1.630171] Freeing unused kernel image (rodata/data gap) memory: 1548K
[    1.632420] Run /init as init process
[    1.635236] init: init first stage started!
[    1.637270] init: Loading module /lib/modules/failover.ko with args ''
[    1.639696] failover: module verification failed: signature and/or required key missing - tainting kernel
[    1.643298] init: Loaded kernel module /lib/modules/failover.ko
[    1.645275] init: Loading module /lib/modules/nd_virtio.ko with args ''
[    1.647786] init: Loaded kernel module /lib/modules/nd_virtio.ko
[    1.649795] init: Loading module /lib/modules/net_failover.ko with args ''
[    1.652627] init: Loaded kernel module /lib/modules/net_failover.ko
[    1.654786] init: Loading module /lib/modules/virtio_dma_buf.ko with args ''
[    1.657388] init: Loaded kernel module /lib/modules/virtio_dma_buf.ko
[    1.659564] init: Loading module /lib/modules/virtio-gpu.ko with args ''
[    1.664331] init: Loaded kernel module /lib/modules/virtio-gpu.ko
[    1.666489] init: Loading module /lib/modules/virtio_input.ko with args ''
[    1.669095] init: Loaded kernel module /lib/modules/virtio_input.ko
[    1.671222] init: Loading module /lib/modules/virtio_net.ko with args ''
[    1.674956] init: Loaded kernel module /lib/modules/virtio_net.ko
[    1.676982] init: Loading module /lib/modules/virtio-rng.ko with args ''
[    1.679561] init: Loaded kernel module /lib/modules/virtio-rng.ko
[    1.681584] init: Loading module /lib/modules/libarc4.ko with args ''
[    1.684547] init: Loaded kernel module /lib/modules/libarc4.ko
[    1.686538] init: Loading module /lib/modules/rfkill.ko with args ''
[    1.689423] init: Loaded kernel module /lib/modules/rfkill.ko
[    1.691417] init: Loading module /lib/modules/cfg80211.ko with args ''
[    1.721619] cfg80211: Loading compiled-in X.509 certificates for regulatory database
[    1.724441] Loaded X.509 cert 'sforshee: 00b28ddf47aef9cea7'
[    1.726419] Loaded X.509 cert 'wens: 61c038651aabdcf94bd0ac7ff06c7248db18c600'
[    1.728783] platform regulatory.0: Direct firmware load for regulatory.db failed with error -2
[    1.731721] cfg80211: failed to load regulatory.db
[    1.733413] init: Loaded kernel module /lib/modules/cfg80211.ko
[    1.735398] init: Loading module /lib/modules/mac80211.ko with args ''
[    1.757069] init: Loaded kernel module /lib/modules/mac80211.ko
[    1.759973] init: Loading module /lib/modules/mac80211_hwsim.ko with args 'radios=0'
[    1.764984] mac80211_hwsim: initializing netlink
[    1.767462] init: Loaded kernel module /lib/modules/mac80211_hwsim.ko
[    1.769627] init: Loading module /lib/modules/virtio_blk.ko with args ''
[    1.772637] init: Loaded kernel module /lib/modules/virtio_blk.ko
[    1.775137] init: Loading module /lib/modules/virtio_console.ko with args ''
[    1.779163] init: Loaded kernel module /lib/modules/virtio_console.ko
[    1.782150] init: Loading module /lib/modules/virtio_pci_modern_dev.ko with args ''
[    1.786220] init: Loaded kernel module /lib/modules/virtio_pci_modern_dev.ko
[    1.789370] init: Loading module /lib/modules/virtio_pci_legacy_dev.ko with args ''
[    1.793383] init: Loaded kernel module /lib/modules/virtio_pci_legacy_dev.ko
[    1.796292] init: Loading module /lib/modules/virtio_pci.ko with args ''
[    1.808139] printk: legacy console [hvc0] enabled
[    1.810148] printk: legacy bootconsole [uart8250] disabled
[    1.846926] input: Cuttlefish Vhost User Multitouch Touchscreen 0 as /devices/pci0000:00/0000:00:01.3/virtio3/input/input2
[    1.857867] input: Cuttlefish Vhost User Rotary 0 as /devices/pci0000:00/0000:00:01.4/virtio4/input/input3
[    1.870144] input: Cuttlefish Vhost User Keyboard 0 as /devices/pci0000:00/0000:00:01.5/virtio5/input/input4
[    1.878905] input: Cuttlefish Vhost User Switches 0 as /devices/pci0000:00/0000:00:01.6/virtio6/input/input5
[    1.881184] [drm] pci: virtio-gpu-pci detected at 0000:00:02.0
[    1.882287] [drm] Host memory window: 0x200000000 +0x200000000
[    1.882401] [drm] features: +virgl +edid +resource_blob +host_visible
[    1.882403] [drm] features: +context_init
[    1.884689] [drm] number of scanouts: 16
[    1.884772] [drm] number of cap sets: 2
[    1.885544] [drm] cap set 0: id 3, max-version 0, max-size 112
[    1.888783] [drm] cap set 1: id 9, max-version 0, max-size 16
[    1.889816] [drm] Initialized virtio_gpu 0.1.0 for 0000:00:02.0 on minor 0
[    2.013910] virtio_blk virtio24: 2/0/0 default/read/poll queues
[    2.016810] virtio_blk virtio24: [vda] 34117760 512-byte logical blocks (17.5 GB/16.3 GiB)
[    2.018730]  vda: vda1 vda2 vda3 vda4 vda5 vda6 vda7 vda8 vda9 vda10 vda11 vda12 vda13 vda14 vda15 vda16 vda17 vda18 vda19
[    2.021077] virtio_blk virtio25: 2/0/0 default/read/poll queues
[    2.023776] virtio_blk virtio25: [vdb] 2560 512-byte logical blocks (1.31 MB/1.25 MiB)
[    2.025293]  vdb: vdb1 vdb2 vdb3 vdb4
[    2.027404] virtio_blk virtio26: 2/0/0 default/read/poll queues
[    2.030178] virtio_blk virtio26: [vdc] 4194304 512-byte logical blocks (2.15 GB/2.00 GiB)
[    2.031182]  vdc: vdc1
[    2.433861] init: Loaded kernel module /lib/modules/virtio_pci.ko
[    2.434058] init: Loading module /lib/modules/vmw_vsock_virtio_transport.ko with args ''
[    2.441716] init: Loaded kernel module /lib/modules/vmw_vsock_virtio_transport.ko
[    2.442077] init: Loaded 19 modules from /lib/modules
[    2.442231] init: Loaded 19 kernel modules took 805 ms
[    2.442639] init: Copied ramdisk prop to /second_stage_resources/system/etc/ramdisk/build.prop
[    2.442900] init: Using generic ramdisk copy of snapuserd /system/bin/snapuserd_ramdisk
[    2.443081] init: hard linking /system/bin/snapuserd_ramdisk to /first_stage_ramdisk/system/bin/snapuserd succeeded
[    2.443545] init: Switching root to '/first_stage_ramdisk'
[    2.443773] init: [libfstab] Using Android DT directory /proc/device-tree/firmware/android/
[    2.448569] init: [libfs_mgr] Invalid ext4 superblock on '/dev/block/by-name/metadata'
[    2.448912] init: [libfs_mgr] Invalid ext4 superblock on '/dev/block/by-name/metadata'
[    2.450164] init: [libfs_mgr] Created logical partition product_a on device /dev/block/dm-0
[    2.450362] init: [libfs_mgr] Skipping zero-length logical partition: product_b
[    2.450889] init: [libfs_mgr] Created logical partition system_a on device /dev/block/dm-1
[    2.451493] init: [libfs_mgr] Created logical partition system_b on device /dev/block/dm-2
[    2.451950] init: [libfs_mgr] Created logical partition system_ext_a on device /dev/block/dm-3
[    2.452179] init: [libfs_mgr] Skipping zero-length logical partition: system_ext_b
[    2.452789] init: [libfs_mgr] Created logical partition system_dlkm_a on device /dev/block/dm-4
[    2.453043] init: [libfs_mgr] Skipping zero-length logical partition: system_dlkm_b
[    2.453594] init: [libfs_mgr] Created logical partition odm_a on device /dev/block/dm-5
[    2.453793] init: [libfs_mgr] Skipping zero-length logical partition: odm_b
[    2.454161] init: [libfs_mgr] Created logical partition vendor_a on device /dev/block/dm-6
[    2.454395] init: [libfs_mgr] Skipping zero-length logical partition: vendor_b
[    2.455023] init: [libfs_mgr] Created logical partition vendor_dlkm_a on device /dev/block/dm-7
[    2.455223] init: [libfs_mgr] Skipping zero-length logical partition: vendor_dlkm_b
[    2.455772] init: [libfs_mgr] Created logical partition odm_dlkm_a on device /dev/block/dm-8
[    2.455976] init: [libfs_mgr] Skipping zero-length logical partition: odm_dlkm_b
[    2.456149] init: DSU not detected, proceeding with normal boot
[    2.461700] init: [libfs_avb] Returning avb_handle with status: Success
[    2.462099] init: [libfs_avb] : Error verifying vbmeta image: OK_NOT_SIGNED
[    2.462358] init: [libfs_avb] public key data shouldn't be empty for /system
[    2.463232] init: [libfs_avb] Found unknown public key used to sign /system
[    2.463466] init: [libfs_avb] Returning avb_handle for '/system' with status: VerificationError
[    2.463970] init: [libfs_avb] Built verity table: '1 /dev/block/dm-1 /dev/block/dm-1 4096 4096 228788 228788 sha256 3964dc37e5aeec4346ff7bda8d542ca5a582ed196de357b3c6d911da5933a21d 209d156d8b7216d8224676a424f22672683de224424387e0f24080f0230d2ea9 10 use_fec_from_device /dev/block/dm-1 fec_roots 2 fec_blocks 230591 fec_start 230591 restart_on_corruption ignore_zero_blocks'
[    2.465363] device-mapper: verity: sha256 using shash "sha256-ni" (multibuffer)
[    2.469260] erofs: (device dm-9): initialized per-cpu workers successfully.
[    2.469527] erofs: (device dm-9): mounted with root inode @ nid 55.
[    2.469754] init: [libfs_mgr] __mount(source=/dev/block/dm-9,target=/system,type=erofs)=0: Success
[    2.470099] init: Switching root to '/system'
[    2.470801] init: [libfs_avb] Built verity table: '1 /dev/block/dm-5 /dev/block/dm-5 4096 4096 105 105 sha256 22ead761863d206415014fb679cbb484cb32dd0a6a1f3874e12841d49ff614bf 209d156d8b7216d8224676a424f22672683de224424387e0f24080f0230d2ea9 10 use_fec_from_device /dev/block/dm-5 fec_roots 2 fec_blocks 106 fec_start 106 restart_on_corruption ignore_zero_blocks'
[    2.471741] device-mapper: verity: sha256 using shash "sha256-ni" (multibuffer)
[    2.474251] erofs: (device dm-10): mounted with root inode @ nid 38.
[    2.474555] init: [libfs_mgr] __mount(source=/dev/block/dm-10,target=/odm,type=erofs)=0: Success
[    2.474947] init: [libfs_avb] Built verity table: '1 /dev/block/dm-0 /dev/block/dm-0 4096 4096 69962 69962 sha256 897b3e7b347475a2e3013f8c3650f0923996346d13476579772e8973313cb950 209d156d8b7216d8224676a424f22672683de224424387e0f24080f0230d2ea9 10 use_fec_from_device /dev/block/dm-0 fec_roots 2 fec_blocks 70515 fec_start 70515 restart_on_corruption ignore_zero_blocks'
[    2.475950] device-mapper: verity: sha256 using shash "sha256-ni" (multibuffer)
[    2.479022] erofs: (device dm-11): mounted with root inode @ nid 40.
[    2.479198] init: [libfs_mgr] __mount(source=/dev/block/dm-11,target=/product,type=erofs)=0: Success
[    2.479614] init: [libfs_avb] Built verity table: '1 /dev/block/dm-3 /dev/block/dm-3 4096 4096 63748 63748 blake2b-256 06590b84ce6949d804bf7b17fb7af02cd5a377cbc2561f426ceed114bf1afedf 209d156d8b7216d8224676a424f22672683de224424387e0f24080f0230d2ea9 10 use_fec_from_device /dev/block/dm-3 fec_roots 2 fec_blocks 64252 fec_start 64252 restart_on_corruption ignore_zero_blocks'
[    2.480571] device-mapper: verity: blake2b-256 using shash "blake2b-256-generic"
[    2.483861] erofs: (device dm-12): mounted with root inode @ nid 39.
[    2.484031] init: [libfs_mgr] __mount(source=/dev/block/dm-12,target=/system_ext,type=erofs)=0: Success
[    2.484546] init: [libfs_avb] Built verity table: '1 /dev/block/dm-6 /dev/block/dm-6 4096 4096 68954 68954 sha256 b8cb9c96c14326646bbae0cd284b03b9aa6b7089b4eef65662ff8958339c5374 209d156d8b7216d8224676a424f22672683de224424387e0f24080f0230d2ea9 10 use_fec_from_device /dev/block/dm-6 fec_roots 2 fec_blocks 69499 fec_start 69499 restart_on_corruption ignore_zero_blocks'
[    2.485716] device-mapper: verity: sha256 using shash "sha256-ni" (multibuffer)
[    2.488682] erofs: (device dm-13): mounted with root inode @ nid 48.
[    2.488843] init: [libfs_mgr] __mount(source=/dev/block/dm-13,target=/vendor,type=erofs)=0: Success
[    2.489249] init: [libfs_avb] Built verity table: '1 /dev/block/dm-7 /dev/block/dm-7 4096 4096 327 327 sha256 b1aa90a22613d7309d6c705c2e408dc041d3600a13605901f06dd9f4af9feb44 209d156d8b7216d8224676a424f22672683de224424387e0f24080f0230d2ea9 10 use_fec_from_device /dev/block/dm-7 fec_roots 2 fec_blocks 331 fec_start 331 restart_on_corruption ignore_zero_blocks'
[    2.490135] device-mapper: verity: sha256 using shash "sha256-ni" (multibuffer)
[    2.492531] erofs: (device dm-14): mounted with root inode @ nid 39.
[    2.492721] init: [libfs_mgr] __mount(source=/dev/block/dm-14,target=/vendor_dlkm,type=erofs)=0: Success
[    2.494102] init: [libfs_avb] Built verity table: '1 /dev/block/dm-8 /dev/block/dm-8 4096 4096 2 2 sha256 a49fbd1068ae07071e7744afc6d3e26fa016d08276454dab118adc0a160b2f4e 209d156d8b7216d8224676a424f22672683de224424387e0f24080f0230d2ea9 10 use_fec_from_device /dev/block/dm-8 fec_roots 2 fec_blocks 3 fec_start 3 restart_on_corruption ignore_zero_blocks'
[    2.495387] device-mapper: verity: sha256 using shash "sha256-ni" (multibuffer)
[    2.497886] erofs: (device dm-15): mounted with root inode @ nid 38.
[    2.498088] init: [libfs_mgr] __mount(source=/dev/block/dm-15,target=/odm_dlkm,type=erofs)=0: Success
[    2.498751] init: [libfs_avb] : Error verifying vbmeta image: OK_NOT_SIGNED
[    2.498949] init: [libfs_avb] public key data shouldn't be empty for /system_dlkm
[    2.499143] init: [libfs_avb] Found unknown public key used to sign /system_dlkm
[    2.499298] init: [libfs_avb] Returning avb_handle for '/system_dlkm' with status: VerificationError
[    2.499574] init: Image rollback detected for /system_dlkm, SPL switches from '' to ''
[    2.499774] init: Allowing rollbacked standalone image when the device is unlocked
[    2.499998] init: [libfs_avb] Built verity table: '1 /dev/block/dm-4 /dev/block/dm-4 4096 4096 1983 1983 sha256 ed6a673b87b6155268543e7c700ce452e8b83e457b4eb09e9683a61b084a6c3d 209d156d8b7216d8224676a424f22672683de224424387e0f24080f0230d2ea9 10 use_fec_from_device /dev/block/dm-4 fec_roots 2 fec_blocks 2000 fec_start 2000 restart_on_corruption ignore_zero_blocks'
[    2.500951] device-mapper: verity: sha256 using shash "sha256-ni" (multibuffer)
[    2.503486] erofs: (device dm-16): mounted with root inode @ nid 38.
[    2.503678] init: [libfs_mgr] __mount(source=/dev/block/dm-16,target=/system_dlkm,type=erofs)=0: Success
[    2.512223] init: Skipped setting INIT_AVB_VERSION (not in recovery mode)
[    2.564041] init: [libfstab] Using Android DT directory /proc/device-tree/firmware/android/
[    2.568339] init: Opening SELinux policy
[    2.572708] init: Loading SELinux policy
[    2.584479] SELinux:  policy capability network_peer_controls=1
[    2.584674] SELinux:  policy capability open_perms=1
[    2.584820] SELinux:  policy capability extended_socket_class=1
[    2.584987] SELinux:  policy capability always_check_network=0
[    2.585129] SELinux:  policy capability cgroup_seclabel=0
[    2.585230] SELinux:  policy capability nnp_nosuid_transition=1
[    2.585390] SELinux:  policy capability genfs_seclabel_symlinks=0
[    2.585535] SELinux:  policy capability ioctl_skip_cloexec=0
[    2.585674] SELinux:  policy capability userspace_initial_context=0
[    2.585827] SELinux: policy capability memfd_class=1
[    2.585959] SELinux: policy capability genfs_seclabel_wildcard=0
[    2.586079] SELinux:  unknown policy capability 9
[    2.586186] SELinux:  unknown policy capability 12
[    2.589280] audit: type=1403 audit(1790904873.615:2): auid=4294967295 ses=4294967295 lsm=selinux res=1
[    2.589569] audit: type=1300 audit(1790904873.615:2): arch=c000003e syscall=1 success=yes exit=911737 a0=4 a1=7f2ab4f10680 a2=de979 a3=0 items=0 ppid=0 pid=1 auid=4294967295 uid=0 gid=0 euid=0 suid=0 fsuid=0 egid=0 sgid=0 fsgid=0 tty=(none) ses=4294967295 comm="init" exe="/system/bin/init" subj=u:r:kernel:s0 key=(null)
[    2.590164] audit: type=1327 audit(1790904873.615:2): proctitle=2F73797374656D2F62696E2F696E69740073656C696E75785F7365747570
[    2.590598] audit: type=1404 audit(1790904873.631:3): enforcing=1 old_enforcing=0 auid=4294967295 ses=4294967295 enabled=1 old-enabled=1 lsm=selinux res=1
[    2.590954] audit: type=1300 audit(1790904873.631:3): arch=c000003e syscall=1 success=yes exit=1 a0=4 a1=7ffe8794c150 a2=1 a3=0 items=0 ppid=0 pid=1 auid=4294967295 uid=0 gid=0 euid=0 suid=0 fsuid=0 egid=0 sgid=0 fsgid=0 tty=(none) ses=4294967295 comm="init" exe="/system/bin/init" subj=u:r:kernel:s0 key=(null)
[    2.591571] audit: type=1327 audit(1790904873.631:3): proctitle=2F73797374656D2F62696E2F696E69740073656C696E75785F7365747570
[    2.592849] selinux: SELinux: Loaded file context from:
[    2.592944] selinux: 		/system/etc/selinux/plat_file_contexts
[    2.593072] selinux: 		/system_ext/etc/selinux/system_ext_file_contexts
[    2.593199] selinux: 		/product/etc/selinux/product_file_contexts
[    2.593344] selinux: 		/vendor/etc/selinux/vendor_file_contexts
[    2.593486] selinux: 		/odm/etc/selinux/odm_file_contexts
[    2.601841] init: init second stage started!
[    2.608743] selinux: SELinux: Loaded file context from:
[    2.608931] selinux: 		/system/etc/selinux/plat_file_contexts
[    2.609082] selinux: 		/system_ext/etc/selinux/system_ext_file_contexts
[    2.609227] selinux: 		/product/etc/selinux/product_file_contexts
[    2.609337] selinux: 		/vendor/etc/selinux/vendor_file_contexts
[    2.609500] selinux: 		/odm/etc/selinux/odm_file_contexts
[    2.620456] init: [libfstab] Using Android DT directory /proc/device-tree/firmware/android/
[    2.623202] init: Overriding previous property 'ro.build.display.id':'generic_system-userdebug 17 CP2A.260605.016 16373615 test-keys' with new value 'aosp_cf_x86_64_only_phone-userdebug 17 CP2A.260605.016 16373615 test-keys'
[    2.623696] init: Overriding previous property 'ro.build.flavor':'generic_system-userdebug' with new value 'aosp_cf_x86_64_only_phone-userdebug'
[    2.623959] init: Overriding previous property 'ro.build.description':'generic_system-userdebug 17 CP2A.260605.016 16373615 test-keys' with new value 'aosp_cf_x86_64_only_phone-userdebug 17 CP2A.260605.016 16373615 test-keys'
[    2.624431] init: Overriding previous property 'ro.config.notification_sound':'OnTheHunt.ogg' with new value 'pixiedust.ogg'
[    2.624644] init: Overriding previous property 'ro.com.android.dataroaming':'false' with new value 'true'
[    2.625682] init: Setting product property ro.product.brand to 'generic' (from ro.product.product.brand)
[    2.625859] init: Setting product property ro.product.device to 'vsoc_x86_64_only' (from ro.product.product.device)
[    2.626047] init: Setting product property ro.product.manufacturer to 'Google' (from ro.product.product.manufacturer)
[    2.626221] init: Setting product property ro.product.model to 'Cuttlefish x86_64 phone 64-bit only' (from ro.product.product.model)
[    2.626501] init: Setting product property ro.product.name to 'aosp_cf_x86_64_only_phone' (from ro.product.product.name)
[    2.626706] init: Setting property 'ro.build.fingerprint' to 'generic/aosp_cf_x86_64_only_phone/vsoc_x86_64_only:17/CP2A.260605.016/16373615:userdebug/test-keys'
[    2.626939] init: Setting property 'ro.product.cpu.abilist' to 'x86_64,arm64-v8a'
[    2.627079] init: Setting property 'ro.product.cpu.abilist32' to ''
[    2.627191] init: Setting property 'ro.product.cpu.abilist64' to 'x86_64,arm64-v8a'
[    2.627709] init: Running restorecon...
[    2.633137] init: Created socket '/dev/socket/property_service_for_system', mode 660, user 0, group 1000
[    2.633481] init: Created socket '/dev/socket/property_service', mode 666, user 0, group 0
[    2.634510] init: [libfs_mgr] vendor overlay: vndk version not defined
[    2.635785] init: SetupMountNamespaces done
[    2.636600] init: Forked subcontext for 'u:r:vendor_init:s0' with pid 102
[    2.637154] init: Parsing file /system/etc/init/hw/init.rc...
[    2.637751] init: Added '/init.environ.rc' to import list
[    2.637931] init: Added '/system/etc/init/hw/init.usb.rc' to import list
[    2.638112] init: Added '/init.cutf_cvm.rc' to import list
[    2.638266] init: Added '/vendor/etc/init/hw/init.cutf_cvm.rc' to import list
[    2.638576] init: Added '/system/etc/init/hw/init.usb.configfs.rc' to import list
[    2.638831] init: Added '/system/etc/init/hw/init.zygote64.rc' to import list
[    2.639473] init: Added '/system/etc/init/hw/init.boringssl.zygote64.rc' to import list
[    2.640442] init: Added '/system/etc/init/init-perfetto.rc' to import list
[    2.640875] init: Parsing file /init.environ.rc...
[    2.641197] init: Parsing file /system/etc/init/hw/init.usb.rc...
[    2.641675] init: Parsing file /init.cutf_cvm.rc...
[    2.641830] init: Unable to read config file '/init.cutf_cvm.rc': open() failed: No such file or directory
[    2.642236] init: Parsing file /vendor/etc/init/hw/init.cutf_cvm.rc...
[    2.642372] init: Unable to read config file '/vendor/etc/init/hw/init.cutf_cvm.rc': open() failed: No such file or directory
[    2.642892] init: Parsing file /system/etc/init/hw/init.usb.configfs.rc...
[    2.643516] init: Parsing file /system/etc/init/hw/init.zygote64.rc...
[    2.643722] init: Parsing file /system/etc/init/hw/init.boringssl.zygote64.rc...
[    2.643940] init: Parsing file /system/etc/init/init-perfetto.rc...
[    2.644127] init: Parsing directory /system/etc/init...
[    2.644331] init: Parsing file /system/etc/init/aconfigd.rc...
[    2.644666] init: Parsing file /system/etc/init/aisealhostservice.rc...
[    2.644949] init: Parsing file /system/etc/init/android.system.suspend-service.rc...
[    2.645279] init: Parsing file /system/etc/init/aoad.rc...
[    2.645446] init: Parsing file /system/etc/init/apexd.rc...
[    2.645642] init: Parsing file /system/etc/init/atrace.rc...
[    2.646325] init: Parsing file /system/etc/init/atrace_userdebug.rc...
[    2.646674] init: Parsing file /system/etc/init/audioserver.rc...
[    2.647055] init: Parsing file /system/etc/init/blank_screen.rc...
[    2.647249] init: Parsing file /system/etc/init/bootanim.rc...
[    2.647473] init: Parsing file /system/etc/init/bootstat-debug.rc...
[    2.647672] init: Parsing file /system/etc/init/bootstat.rc...
[    2.648082] init: Parsing file /system/etc/init/cameraserver.rc...
[    2.648297] init: Parsing file /system/etc/init/casefolding_remover.rc...
[    2.648429] init: Parsing file /system/etc/init/clean_scratch_files.rc...
[    2.648573] init: Parsing file /system/etc/init/cppreopts.rc...
[    2.648857] init: Parsing file /system/etc/init/credstore.rc...
[    2.648989] init: Parsing file /system/etc/init/dmesgd.rc...
[    2.649212] init: Parsing file /system/etc/init/drmserver.rc...
[    2.649384] init: Parsing file /system/etc/init/dumpstate.rc...
[    2.649554] init: Parsing file /system/etc/init/flags_health_check.rc...
[    2.649820] init: Parsing file /system/etc/init/gatekeeperd.rc...
[    2.649989] init: Parsing file /system/etc/init/gpuservice.rc...
[    2.650134] init: Parsing file /system/etc/init/gsid.rc...
[    2.650270] init: Parsing file /system/etc/init/heapprofd.rc...
[    2.650555] init: Parsing file /system/etc/init/hidservice.rc...
[    2.650772] init: Parsing file /system/etc/init/idmap2d.rc...
[    2.650973] init: Parsing file /system/etc/init/incidentd.rc...
[    2.651160] init: Parsing file /system/etc/init/init-debug.rc...
[    2.651333] init: Parsing file /system/etc/init/init-perfetto.rc...
[    2.651592] init: Parsing file /system/etc/init/installd.rc...
[    2.651977] init: Parsing file /system/etc/init/kcmdlinectrl.rc...
[    2.652253] init: Parsing file /system/etc/init/kcmdlinemodprobe.rc...
[    2.652404] init: Parsing file /system/etc/init/keystore2.rc...
[    2.652617] init: Parsing file /system/etc/init/llkd-debuggable.rc...
[    2.653741] init: Parsing file /system/etc/init/llkd.rc...
[    2.653903] init: Parsing file /system/etc/init/lmkd.rc...
[    2.654306] init: Parsing file /system/etc/init/logcatd.rc...
[    2.654617] init: Parsing file /system/etc/init/logd.rc...
[    2.654880] init: Parsing file /system/etc/init/logtagd.rc...
[    2.655094] init: Parsing file /system/etc/init/lpdumpd.rc...
[    2.655397] init: Parsing file /system/etc/init/mdnsd.rc...
[    2.655581] init: Parsing file /system/etc/init/media.codeclist.generator.rc...
[    2.655799] init: Parsing file /system/etc/init/mediaextractor.rc...
[    2.656011] init: Parsing file /system/etc/init/mediametrics.rc...
[    2.656197] init: Parsing file /system/etc/init/mediaserver.rc...
[    2.656400] init: Parsing file /system/etc/init/misctrl.rc...
[    2.656605] init: Parsing file /system/etc/init/mmd.rc...
[    2.656798] init: Parsing file /system/etc/init/mtectrl.rc...
[    2.657060] init: Parsing file /system/etc/init/netbpfload.rc...
[    2.657222] init: Parsing file /system/etc/init/netd.rc...
[    2.657465] init: Parsing file /system/etc/init/odsign.rc...
[    2.657673] init: Parsing file /system/etc/init/perfetto.rc...
[    2.657998] init: Parsing file /system/etc/init/pmgd.rc...
[    2.658118] init: Parsing file /system/etc/init/prefetch.rc...
[    2.658271] init: Parsing file /system/etc/init/prng_seeder.rc...
[    2.658389] init: Parsing file /system/etc/init/profcollectd.rc...
[    2.658690] init: Parsing file /system/etc/init/recovery-persist.rc...
[    2.658845] init: Parsing file /system/etc/init/recovery-refresh.rc...
[    2.659076] init: Parsing file /system/etc/init/rss_hwm_reset.rc...
[    2.659232] init: Parsing file /system/etc/init/servicemanager.rc...
[    2.659359] init: Parsing file /system/etc/init/simpleperf.rc...
[    2.659459] init: Parsing file /system/etc/init/snapuserd.rc...
[    2.659625] init: Parsing file /system/etc/init/storaged.rc...
[    2.659733] init: Parsing file /system/etc/init/surfaceflinger.rc...
[    2.659851] init: Parsing file /system/etc/init/tombstoned.rc...
[    2.660088] init: Parsing file /system/etc/init/traced_perf.rc...
[    2.660309] init: Parsing file /system/etc/init/tradeinmode.rc...
[    2.660516] init: Parsing file /system/etc/init/uncrypt.rc...
[    2.660692] init: Parsing file /system/etc/init/update_engine.rc...
[    2.660870] init: Parsing file /system/etc/init/update_verifier.rc...
[    2.661057] init: Parsing file /system/etc/init/usbd.rc...
[    2.661231] init: Parsing file /system/etc/init/virtual_camera.hal.rc...
[    2.661445] init: Parsing file /system/etc/init/vold.rc...
[    2.661607] init: Parsing file /system/etc/init/wifi.rc...
[    2.661882] init: Parsing file /system/etc/init/zygote_next.rc...
[    2.662132] init: Parsing directory /system_ext/etc/init...
[    2.662303] init: Parsing file /system_ext/etc/init/aidl_lazy_cb_test_server.rc...
[    2.662726] init: Parsing file /system_ext/etc/init/aidl_lazy_test_server.rc...
[    2.662909] init: Parsing file /system_ext/etc/init/android.hardware.audio.parameter_parser.example_service.rc...
[    2.663150] init: Parsing file /system_ext/etc/init/android.hidl.allocator@1.0-service.rc...
[    2.663322] init: Parsing file /system_ext/etc/init/hwservicemanager.rc...
[    2.663459] init: Parsing file /system_ext/etc/init/rpmb_dev.system.rc...
[    2.663770] init: Parsing file /system_ext/etc/init/rpmb_dev.test.system.rc...
[    2.664053] init: Parsing file /system_ext/etc/init/set_adb.rc...
[    2.664172] init: Parsing file /system_ext/etc/init/trusty_security_vm_launcher.rc...
[    2.664348] init: Parsing directory /vendor/etc/init...
[    2.664490] init: Parsing file /vendor/etc/init/android.hardware.security.keymint-service.cf_trusty_system_vm.rc...
[    2.665066] init: Parsing file /vendor/etc/init/android.hardware.security.keymint-service.trusty_tee.cpp.rc...
[    2.665382] init: Parsing file /vendor/etc/init/android.hardware.security.keymint-service.trusty_tee.nonsecure.rc...
[    2.665724] init: Parsing file /vendor/etc/init/android.hardware.sensors-service-multihal.rc...
[    2.665953] init: Parsing file /vendor/etc/init/boringssl_self_test.rc...
[    2.666079] init: Added '/vendor/etc/boringssl_self_test.zygote64.rc' to import list
[    2.666289] init: Parsing file /vendor/etc/boringssl_self_test.zygote64.rc...
[    2.666513] init: Parsing file /vendor/etc/init/face-default.rc...
[    2.666679] init: Parsing file /vendor/etc/init/fingerprint-default.rc...
[    2.666839] init: Parsing file /vendor/etc/init/init.cutf_cvm.rc...
[    2.667314] init: Parsing file /vendor/etc/init/init_graphics.vendor.rc...
[    2.667455] init: Parsing file /vendor/etc/init/motioncontext-service-default.rc...
[    2.667620] init: Parsing file /vendor/etc/init/seriallogging.rc...
[    2.667743] init: Parsing file /odm/etc/init...
[    2.667838] init: Unable to read config file '/odm/etc/init': open() failed: No such file or directory
[    2.668145] init: Parsing directory /product/etc/init...
[    2.668230] init: Parsing file /product/etc/init/init.rc...
[    2.668912] init: processing action (SetupCgroups) from (<Builtin Action>:0)
[    2.670694] libprocessgroup: Using system/app isolation under: /sys/fs/cgroup
[    2.677347] init: processing action (early-init) from (/system/etc/init/hw/init.rc:15)
[    2.679718] init: starting service 'ueventd'...
[    2.680851] libprocessgroup: Created cgroup /sys/fs/cgroup/system/uid_0
[    2.681433] libprocessgroup: Created cgroup /sys/fs/cgroup/system/uid_0/pid_103
[    2.682847] libprocessgroup: A JoinCgroup action in the SystemMemoryProcess profile is used for controller memory in the cgroup v2 hierarchy and will be ignored
[    2.686709] init: ... started service 'ueventd' has pid 103
[    2.687489] init: starting service 'init_dev_config'...
[    2.688243] libprocessgroup: Created cgroup /sys/fs/cgroup/system/uid_1000
[    2.688911] libprocessgroup: Created cgroup /sys/fs/cgroup/system/uid_1000/pid_104
[    2.689858] init: ... started service 'init_dev_config' has pid 104
[    2.690077] init: SVC_EXEC service 'init_dev_config' pid 104 (uid 1000 gid 0+0 context u:r:init_dev_config:s0) started; waiting...
[    2.692390] ueventd: ueventd started!
[    2.693593] selinux: SELinux: Loaded file context from:
[    2.693771] selinux: 		/system/etc/selinux/plat_file_contexts
[    2.693979] selinux: 		/system_ext/etc/selinux/system_ext_file_contexts
[    2.694185] selinux: 		/product/etc/selinux/product_file_contexts
[    2.694385] selinux: 		/vendor/etc/selinux/vendor_file_contexts
[    2.694653] selinux: 		/odm/etc/selinux/odm_file_contexts
[    2.695007] init: Service 'init_dev_config' (pid 104) exited with status 0 waiting took 0.006000 seconds
[    2.695593] ueventd: Parsing file /system/etc/ueventd.rc...
[    2.695770] ueventd: Added '/vendor/etc/ueventd.rc' to import list
[    2.695976] ueventd: Added '/odm/etc/ueventd.rc' to import list
[    2.696316] init: Sending SIGKILL to service 'init_dev_config' (pid 104) process group...
[    2.696573] ueventd: Parsing file /vendor/etc/ueventd.rc...
[    2.696774] ueventd: Parsing file /odm/etc/ueventd.rc...
[    2.696918] ueventd: Unable to read config file '/odm/etc/ueventd.rc': open() failed: No such file or directory
[    2.698605] libprocessgroup: Removed cgroup /sys/fs/cgroup/system/uid_1000/pid_104
[    2.703103] init: starting service 'apexd-bootstrap'...
[    2.703800] libprocessgroup: Created cgroup /sys/fs/cgroup/system/uid_0/pid_105
[    2.704503] init: ... started service 'apexd-bootstrap' has pid 105
[    2.704700] init: SVC_EXEC service 'apexd-bootstrap' pid 105 (uid 0 gid 1000+0 context default) started; waiting...
[    2.749509] apexd: Started. subcommand = --bootstrap
[    2.751110] erofs: (device erofs): mounted with root inode @ nid 36.
[    2.752081] apexd: File-backed mount is enabled (detected via test mount)
[    2.752658] apexd-bootstrap: Scanning /system/apex for pre-installed ApexFiles
[    2.752913] apexd-bootstrap: Found pre-installed APEX /system/apex/com.android.adbd.apex
[    2.753130] apexd-bootstrap: Found pre-installed APEX /system/apex/com.android.adservices.apex
[    2.753361] apexd-bootstrap: Found pre-installed APEX /system/apex/com.android.apex.cts.shim.apex
[    2.753604] apexd-bootstrap: Found pre-installed APEX /system/apex/com.android.appsearch.apex
[    2.753811] apexd-bootstrap: Found pre-installed APEX /system/apex/com.android.art.apex
[    2.753996] apexd-bootstrap: Found pre-installed APEX /system/apex/com.android.bt.apex
[    2.754174] apexd-bootstrap: Found pre-installed APEX /system/apex/com.android.cellbroadcast.apex
[    2.754379] apexd-bootstrap: Found pre-installed APEX /system/apex/com.android.configinfrastructure.apex
[    2.754654] apexd-bootstrap: Found pre-installed APEX /system/apex/com.android.conscrypt.apex
[    2.754972] apexd-bootstrap: Found pre-installed APEX /system/apex/com.android.crashrecovery.apex
[    2.755167] apexd-bootstrap: Found pre-installed APEX /system/apex/com.android.devicelock.apex
[    2.755372] apexd-bootstrap: Found pre-installed APEX /system/apex/com.android.extservices.apex
[    2.755583] apexd-bootstrap: Found pre-installed APEX /system/apex/com.android.healthfitness.apex
[    2.755765] apexd-bootstrap: Found pre-installed APEX /system/apex/com.android.i18n.apex
[    2.755928] apexd-bootstrap: Found pre-installed APEX /system/apex/com.android.ipsec.apex
[    2.756087] apexd-bootstrap: Found pre-installed APEX /system/apex/com.android.media.apex
[    2.756258] apexd-bootstrap: Found pre-installed APEX /system/apex/com.android.media.swcodec.apex
[    2.756440] apexd-bootstrap: Found pre-installed APEX /system/apex/com.android.mediaprovider.apex
[    2.756615] apexd-bootstrap: Found pre-installed APEX /system/apex/com.android.neuralnetworks.apex
[    2.756792] apexd-bootstrap: Found pre-installed APEX /system/apex/com.android.nfcservices.apex
[    2.757027] apexd-bootstrap: Found pre-installed APEX /system/apex/com.android.npumanager.apex
[    2.757218] apexd-bootstrap: Found pre-installed APEX /system/apex/com.android.ondevicepersonalization.apex
[    2.757415] apexd-bootstrap: Found pre-installed APEX /system/apex/com.android.os.statsd.apex
[    2.757684] apexd-bootstrap: Found pre-installed APEX /system/apex/com.android.permission.apex
[    2.757864] apexd-bootstrap: Found pre-installed APEX /system/apex/com.android.profiling.apex
[    2.758109] apexd-bootstrap: Found pre-installed APEX /system/apex/com.android.resolv.apex
[    2.758292] apexd-bootstrap: Found pre-installed APEX /system/apex/com.android.rkpd.apex
[    2.758548] apexd-bootstrap: Found pre-installed APEX /system/apex/com.android.runtime.apex
[    2.758750] apexd-bootstrap: Found pre-installed APEX /system/apex/com.android.scheduling.apex
[    2.758998] apexd-bootstrap: Found pre-installed APEX /system/apex/com.android.sdkext.apex
[    2.759214] apexd-bootstrap: Found pre-installed APEX /system/apex/com.android.telephonycore.apex
[    2.759453] apexd-bootstrap: Found pre-installed APEX /system/apex/com.android.tethering.apex
[    2.759695] apexd-bootstrap: Found pre-installed APEX /system/apex/com.android.tzdata.apex
[    2.759900] apexd-bootstrap: Found pre-installed APEX /system/apex/com.android.uprobestats.apex
[    2.760118] apexd-bootstrap: Found pre-installed APEX /system/apex/com.android.uwb.apex
[    2.760315] apexd-bootstrap: Found pre-installed APEX /system/apex/com.android.virt.apex
[    2.760521] apexd-bootstrap: Found pre-installed APEX /system/apex/com.android.webapp.apex
[    2.760700] apexd-bootstrap: Found pre-installed APEX /system/apex/com.android.wifi.apex
[    2.760863] apexd-bootstrap: Scanning /system_ext/apex for pre-installed ApexFiles
[    2.761099] apexd-bootstrap: Found pre-installed APEX /system_ext/apex/com.android.compos.apex
[    2.761343] apexd-bootstrap: Found pre-installed APEX /system_ext/apex/com.android.hardware.biometrics.face.virtual.apex
[    2.761639] apexd-bootstrap: Found pre-installed APEX /system_ext/apex/com.android.hardware.biometrics.fingerprint.virtual.apex
[    2.761926] apexd-bootstrap: Found pre-installed APEX /system_ext/apex/com.android.vndk.v31.apex
[    2.762161] apexd-bootstrap: Found pre-installed APEX /system_ext/apex/com.android.vndk.v32.apex
[    2.762394] apexd-bootstrap: Found pre-installed APEX /system_ext/apex/com.android.vndk.v33.apex
[    2.763924] apexd-bootstrap: Found pre-installed APEX /system_ext/apex/com.android.vndk.v34.apex
[    2.764171] apexd-bootstrap: Scanning /product/apex for pre-installed ApexFiles
[    2.764444] apexd-bootstrap: /product/apex does not exist. Skipping
[    2.764618] apexd-bootstrap: Scanning /vendor/apex for pre-installed ApexFiles
[    2.764959] apexd-bootstrap: Found pre-installed APEX /vendor/apex/com.android.hardware.audio.apex
[    2.765172] apexd-bootstrap: Found pre-installed APEX /vendor/apex/com.android.hardware.authsecret.apex
[    2.765393] apexd-bootstrap: Found pre-installed APEX /vendor/apex/com.android.hardware.boot.apex
[    2.765615] apexd-bootstrap: Found pre-installed APEX /vendor/apex/com.android.hardware.cas.apex
[    2.765778] apexd-bootstrap: Found pre-installed APEX /vendor/apex/com.android.hardware.contexthub.apex
[    2.765970] apexd-bootstrap: Found pre-installed APEX /vendor/apex/com.android.hardware.drm.clearkey.apex
[    2.766151] apexd-bootstrap: Found pre-installed APEX /vendor/apex/com.android.hardware.dumpstate.apex
[    2.766351] apexd-bootstrap: Found pre-installed APEX /vendor/apex/com.android.hardware.gatekeeper.cf_remote.apex
[    2.766749] apexd-bootstrap: Found pre-installed APEX /vendor/apex/com.android.hardware.gatekeeper.nonsecure.apex
[    2.767019] apexd-bootstrap: Found pre-installed APEX /vendor/apex/com.android.hardware.gnss.apex
[    2.767263] apexd-bootstrap: Found pre-installed APEX /vendor/apex/com.android.hardware.graphics.composer.drm_hwcomposer.apex
[    2.767558] apexd-bootstrap: Found pre-installed APEX /vendor/apex/com.android.hardware.graphics.composer.ranchu.apex
[    2.767803] apexd-bootstrap: Found pre-installed APEX /vendor/apex/com.android.hardware.input.processor.apex
[    2.768092] apexd-bootstrap: Found pre-installed APEX /vendor/apex/com.android.hardware.keymint.rust_cf_guest_trusty_nonsecure.apex
[    2.768374] apexd-bootstrap: Found pre-installed APEX /vendor/apex/com.android.hardware.keymint.rust_cf_remote.apex
[    2.768655] apexd-bootstrap: Found pre-installed APEX /vendor/apex/com.android.hardware.keymint.rust_nonsecure.apex
[    2.768815] apexd-bootstrap: Found pre-installed APEX /vendor/apex/com.android.hardware.memtrack.apex
[    2.768996] apexd-bootstrap: Found pre-installed APEX /vendor/apex/com.android.hardware.net.nlinterceptor.apex
[    2.769218] apexd-bootstrap: Found pre-installed APEX /vendor/apex/com.android.hardware.neuralnetworks.apex
[    2.769434] apexd-bootstrap: Found pre-installed APEX /vendor/apex/com.android.hardware.power.apex
[    2.769628] apexd-bootstrap: Found pre-installed APEX /vendor/apex/com.android.hardware.rebootescrow.apex
[    2.769821] apexd-bootstrap: Found pre-installed APEX /vendor/apex/com.android.hardware.secure_element.apex
[    2.770006] apexd-bootstrap: Found pre-installed APEX /vendor/apex/com.android.hardware.security.authgraph.apex
[    2.770210] apexd-bootstrap: Found pre-installed APEX /vendor/apex/com.android.hardware.security.secretkeeper.apex
[    2.770406] apexd-bootstrap: Found pre-installed APEX /vendor/apex/com.android.hardware.tetheroffload.apex
[    2.770669] apexd-bootstrap: Found pre-installed APEX /vendor/apex/com.android.hardware.thermal.apex
[    2.771090] apexd-bootstrap: Found pre-installed APEX /vendor/apex/com.android.hardware.threadnetwork.apex
[    2.771286] apexd-bootstrap: Found pre-installed APEX /vendor/apex/com.android.hardware.usb.apex
[    2.771482] apexd-bootstrap: Found pre-installed APEX /vendor/apex/com.android.hardware.uwb.apex
[    2.771694] apexd-bootstrap: Found pre-installed APEX /vendor/apex/com.android.hardware.vibrator.apex
[    2.771890] apexd-bootstrap: Found pre-installed APEX /vendor/apex/com.android.hardware.wifi.apex
[    2.772097] apexd-bootstrap: Found pre-installed APEX /vendor/apex/com.google.cf.bt.apex
[    2.772274] apexd-bootstrap: Found pre-installed APEX /vendor/apex/com.google.cf.confirmationui.apex
[    2.772469] apexd-bootstrap: Found pre-installed APEX /vendor/apex/com.google.cf.disabled.apex
[    2.772665] apexd-bootstrap: Found pre-installed APEX /vendor/apex/com.google.cf.gralloc.apex
[    2.773286] apexd-bootstrap: Found pre-installed APEX /vendor/apex/com.google.cf.health.apex
[    2.773514] apexd-bootstrap: Found pre-installed APEX /vendor/apex/com.google.cf.identity.apex
[    2.773702] apexd-bootstrap: Found pre-installed APEX /vendor/apex/com.google.cf.input.config.apex
[    2.773860] apexd-bootstrap: Found pre-installed APEX /vendor/apex/com.google.cf.ir.apex
[    2.774008] apexd-bootstrap: Found pre-installed APEX /vendor/apex/com.google.cf.light.apex
[    2.774171] apexd-bootstrap: Found pre-installed APEX /vendor/apex/com.google.cf.nfc.apex
[    2.774364] apexd-bootstrap: Found pre-installed APEX /vendor/apex/com.google.cf.oemlock.apex
[    2.774675] apexd-bootstrap: Found pre-installed APEX /vendor/apex/com.google.cf.rild.apex
[    2.774869] apexd-bootstrap: Found pre-installed APEX /vendor/apex/com.google.cf.vulkan.apex
[    2.775093] apexd-bootstrap: Found pre-installed APEX /vendor/apex/com.google.cf.wifi.apex
[    2.775303] apexd-bootstrap: Found pre-installed APEX /vendor/apex/com.google.cf.wpa_supplicant.apex
[    2.775564] apexd-bootstrap: Found pre-installed APEX /vendor/apex/com.google.emulated.camera.provider.hal.apex
[    2.775812] apexd-bootstrap: Found pre-installed APEX /vendor/apex/com.google.emulated.camera.provider.hal.v4l2.apex
[    2.776095] apexd-bootstrap: Scanning /odm/apex for pre-installed ApexFiles
[    2.776299] apexd-bootstrap: /odm/apex does not exist. Skipping
[    2.828864] apexd-bootstrap: Skipping APEX at path /vendor/apex/com.android.hardware.gatekeeper.cf_remote.apex because it does not match expected multi-install APEX property for com.android.hardware.gatekeeper
[    2.829405] apexd-bootstrap: Skipping APEX at path /vendor/apex/com.android.hardware.graphics.composer.drm_hwcomposer.apex because it does not match expected multi-install APEX property for com.android.hardware.graphics.composer
[    2.829904] apexd-bootstrap: Skipping APEX at path /vendor/apex/com.android.hardware.keymint.rust_cf_guest_trusty_nonsecure.apex because it does not match expected multi-install APEX property for com.android.hardware.keymint
[    2.830414] apexd-bootstrap: Skipping APEX at path /vendor/apex/com.android.hardware.keymint.rust_cf_remote.apex because it does not match expected multi-install APEX property for com.android.hardware.keymint
[    2.831072] apexd-bootstrap: Skipping APEX at path /vendor/apex/com.google.cf.disabled.apex because it's disabled via sysprop.
[    2.831420] apexd-bootstrap: Skipping APEX at path /vendor/apex/com.google.emulated.camera.provider.hal.v4l2.apex because it does not match expected multi-install APEX property for com.google.emulated.camera.provider.hal
[    2.831924] apexd-bootstrap: Successfully scanned 87 preinstalled APEXes duration=79ms
[    2.832142] apexd-bootstrap: No sessions to revert/activate.
[    2.832345] apexd-bootstrap: Successfully scanned 0 data APEXes duration=0ms
[    2.853093] loop23: detected capacity change from 0 to 8016
[    2.853146] loop64: detected capacity change from 0 to 51168
[    2.853768] loop22: detected capacity change from 0 to 3480
[    2.853980] loop1: detected capacity change from 0 to 1072
[    2.855636] loop66: detected capacity change from 0 to 11808
[    2.855930] loop21: detected capacity change from 0 to 4424
[    2.856132] loop20: detected capacity change from 0 to 14712
[    2.856445] loop27: detected capacity change from 0 to 38968
[    2.857033] loop71: detected capacity change from 0 to 48720
[    2.858394] loop18: detected capacity change from 0 to 29248
[    2.862475] EXT4-fs (loop23): mounted filesystem 7d1522e1-9dfa-5edb-a43e-98e3a4d20250 ro without journal. Quota mode: none.
[    2.868749] EXT4-fs (loop30): mounted filesystem 7d1522e1-9dfa-5edb-a43e-98e3a4d20250 ro without journal. Quota mode: none.
[    2.869201] EXT4-fs (loop21): mounted filesystem 7d1522e1-9dfa-5edb-a43e-98e3a4d20250 ro without journal. Quota mode: none.
[    2.880153] erofs: (device erofs): mounted with root inode @ nid 39.
[    2.881454] EXT4-fs (loop18): mounted filesystem 7d1522e1-9dfa-5edb-a43e-98e3a4d20250 ro without journal. Quota mode: none.
[    2.887051] EXT4-fs (loop7): mounted filesystem 7d1522e1-9dfa-5edb-a43e-98e3a4d20250 ro without journal. Quota mode: none.
[    2.888045] EXT4-fs (loop10): mounted filesystem 7d1522e1-9dfa-5edb-a43e-98e3a4d20250 ro without journal. Quota mode: none.
[    2.890189] EXT4-fs (loop63): mounted filesystem 7d1522e1-9dfa-5edb-a43e-98e3a4d20250 ro without journal. Quota mode: none.
[    2.891430] EXT4-fs (loop84): mounted filesystem 7d1522e1-9dfa-5edb-a43e-98e3a4d20250 ro without journal. Quota mode: none.
[    2.891865] EXT4-fs (loop31): mounted filesystem 7d1522e1-9dfa-5edb-a43e-98e3a4d20250 ro without journal. Quota mode: none.
[    2.892285] EXT4-fs (loop56): mounted filesystem 7d1522e1-9dfa-5edb-a43e-98e3a4d20250 ro without journal. Quota mode: none.
[    2.894014] EXT4-fs (loop62): mounted filesystem 7d1522e1-9dfa-5edb-a43e-98e3a4d20250 ro without journal. Quota mode: none.
[    2.894220] EXT4-fs (loop3): mounted filesystem 7d1522e1-9dfa-5edb-a43e-98e3a4d20250 ro without journal. Quota mode: none.
[    2.895297] EXT4-fs (loop50): mounted filesystem 7d1522e1-9dfa-5edb-a43e-98e3a4d20250 ro without journal. Quota mode: none.
[    2.896069] EXT4-fs (loop29): mounted filesystem 7d1522e1-9dfa-5edb-a43e-98e3a4d20250 ro without journal. Quota mode: none.
[    2.898411] EXT4-fs (loop9): mounted filesystem 7d1522e1-9dfa-5edb-a43e-98e3a4d20250 ro without journal. Quota mode: none.
[    2.899924] EXT4-fs (loop44): mounted filesystem 7d1522e1-9dfa-5edb-a43e-98e3a4d20250 ro without journal. Quota mode: none.
[    2.899940] EXT4-fs (loop40): mounted filesystem 7d1522e1-9dfa-5edb-a43e-98e3a4d20250 ro without journal. Quota mode: none.
[    2.900601] EXT4-fs (loop1): mounted filesystem 7d1522e1-9dfa-5edb-a43e-98e3a4d20250 ro without journal. Quota mode: none.
[    2.900756] EXT4-fs (loop2): mounted filesystem 7d1522e1-9dfa-5edb-a43e-98e3a4d20250 ro without journal. Quota mode: none.
[    2.910166] EXT4-fs (loop60): mounted filesystem 7d1522e1-9dfa-5edb-a43e-98e3a4d20250 ro without journal. Quota mode: none.
[    2.912845] EXT4-fs (loop11): mounted filesystem 7d1522e1-9dfa-5edb-a43e-98e3a4d20250 ro without journal. Quota mode: none.
[    2.913111] EXT4-fs (loop12): mounted filesystem 7d1522e1-9dfa-5edb-a43e-98e3a4d20250 ro without journal. Quota mode: none.
[    2.913682] EXT4-fs (loop73): mounted filesystem 7d1522e1-9dfa-5edb-a43e-98e3a4d20250 ro without journal. Quota mode: none.
[    2.913851] EXT4-fs (loop79): mounted filesystem 7d1522e1-9dfa-5edb-a43e-98e3a4d20250 ro without journal. Quota mode: none.
[    2.915309] EXT4-fs (loop15): mounted filesystem 7d1522e1-9dfa-5edb-a43e-98e3a4d20250 ro without journal. Quota mode: none.
[    2.915679] EXT4-fs (loop75): mounted filesystem 7d1522e1-9dfa-5edb-a43e-98e3a4d20250 ro without journal. Quota mode: none.
[    2.916939] EXT4-fs (loop41): mounted filesystem 7d1522e1-9dfa-5edb-a43e-98e3a4d20250 ro without journal. Quota mode: none.
[    2.917278] EXT4-fs (loop14): mounted filesystem 7d1522e1-9dfa-5edb-a43e-98e3a4d20250 ro without journal. Quota mode: none.
[    2.917865] EXT4-fs (loop64): mounted filesystem 7d1522e1-9dfa-5edb-a43e-98e3a4d20250 ro without journal. Quota mode: none.
[    2.919490] EXT4-fs (loop81): mounted filesystem 7d1522e1-9dfa-5edb-a43e-98e3a4d20250 ro without journal. Quota mode: none.
[    2.921533] EXT4-fs (loop85): mounted filesystem 7d1522e1-9dfa-5edb-a43e-98e3a4d20250 ro without journal. Quota mode: none.
[    2.923265] EXT4-fs (loop0): mounted filesystem 7d1522e1-9dfa-5edb-a43e-98e3a4d20250 ro without journal. Quota mode: none.
[    2.924770] EXT4-fs (loop61): mounted filesystem 7d1522e1-9dfa-5edb-a43e-98e3a4d20250 ro without journal. Quota mode: none.
[    2.925109] EXT4-fs (loop19): mounted filesystem 7d1522e1-9dfa-5edb-a43e-98e3a4d20250 ro without journal. Quota mode: none.
[    2.927989] EXT4-fs (loop55): mounted filesystem 7d1522e1-9dfa-5edb-a43e-98e3a4d20250 ro without journal. Quota mode: none.
[    2.930251] EXT4-fs (loop67): mounted filesystem 7d1522e1-9dfa-5edb-a43e-98e3a4d20250 ro without journal. Quota mode: none.
[    2.931775] EXT4-fs (loop45): mounted filesystem 7d1522e1-9dfa-5edb-a43e-98e3a4d20250 ro without journal. Quota mode: none.
[    2.932037] EXT4-fs (loop36): mounted filesystem 7d1522e1-9dfa-5edb-a43e-98e3a4d20250 ro without journal. Quota mode: none.
[    2.933880] EXT4-fs (loop74): mounted filesystem 7d1522e1-9dfa-5edb-a43e-98e3a4d20250 ro without journal. Quota mode: none.
[    2.934274] EXT4-fs (loop59): mounted filesystem 7d1522e1-9dfa-5edb-a43e-98e3a4d20250 ro without journal. Quota mode: none.
[    2.943118] EXT4-fs (loop39): mounted filesystem 7d1522e1-9dfa-5edb-a43e-98e3a4d20250 ro without journal. Quota mode: none.
[    2.952577] EXT4-fs (loop78): mounted filesystem 7d1522e1-9dfa-5edb-a43e-98e3a4d20250 ro without journal. Quota mode: none.
[    2.952836] EXT4-fs (loop35): mounted filesystem 7d1522e1-9dfa-5edb-a43e-98e3a4d20250 ro without journal. Quota mode: none.
[    2.952932] EXT4-fs (loop28): mounted filesystem 7d1522e1-9dfa-5edb-a43e-98e3a4d20250 ro without journal. Quota mode: none.
[    2.953651] EXT4-fs (loop65): mounted filesystem 7d1522e1-9dfa-5edb-a43e-98e3a4d20250 ro without journal. Quota mode: none.
[    2.954159] EXT4-fs (loop71): mounted filesystem 7d1522e1-9dfa-5edb-a43e-98e3a4d20250 ro without journal. Quota mode: none.
[    2.954708] EXT4-fs (loop4): mounted filesystem 7d1522e1-9dfa-5edb-a43e-98e3a4d20250 ro without journal. Quota mode: none.
[    2.955400] EXT4-fs (loop17): mounted filesystem 7d1522e1-9dfa-5edb-a43e-98e3a4d20250 ro without journal. Quota mode: none.
[    2.956422] EXT4-fs (loop76): mounted filesystem 7d1522e1-9dfa-5edb-a43e-98e3a4d20250 ro without journal. Quota mode: none.
[    2.956623] EXT4-fs (loop53): mounted filesystem 7d1522e1-9dfa-5edb-a43e-98e3a4d20250 ro without journal. Quota mode: none.
[    2.957231] EXT4-fs (loop13): mounted filesystem 7d1522e1-9dfa-5edb-a43e-98e3a4d20250 ro without journal. Quota mode: none.
[    2.957519] EXT4-fs (loop22): mounted filesystem 7d1522e1-9dfa-5edb-a43e-98e3a4d20250 ro without journal. Quota mode: none.
[    2.958187] EXT4-fs (loop43): mounted filesystem 7d1522e1-9dfa-5edb-a43e-98e3a4d20250 ro without journal. Quota mode: none.
[    2.959135] EXT4-fs (loop8): mounted filesystem 7d1522e1-9dfa-5edb-a43e-98e3a4d20250 ro without journal. Quota mode: none.
[    2.960445] EXT4-fs (loop6): mounted filesystem 7d1522e1-9dfa-5edb-a43e-98e3a4d20250 ro without journal. Quota mode: none.
[    2.960722] EXT4-fs (loop38): mounted filesystem 7d1522e1-9dfa-5edb-a43e-98e3a4d20250 ro without journal. Quota mode: none.
[    2.961446] EXT4-fs (loop47): mounted filesystem 7d1522e1-9dfa-5edb-a43e-98e3a4d20250 ro without journal. Quota mode: none.
[    2.962238] EXT4-fs (loop37): mounted filesystem 7d1522e1-9dfa-5edb-a43e-98e3a4d20250 ro without journal. Quota mode: none.
[    2.963292] EXT4-fs (loop51): mounted filesystem 7d1522e1-9dfa-5edb-a43e-98e3a4d20250 ro without journal. Quota mode: none.
[    2.963795] EXT4-fs (loop20): mounted filesystem 7d1522e1-9dfa-5edb-a43e-98e3a4d20250 ro without journal. Quota mode: none.
[    2.964386] EXT4-fs (loop69): mounted filesystem 7d1522e1-9dfa-5edb-a43e-98e3a4d20250 ro without journal. Quota mode: none.
[    2.965055] EXT4-fs (loop16): mounted filesystem 7d1522e1-9dfa-5edb-a43e-98e3a4d20250 ro without journal. Quota mode: none.
[    2.966755] EXT4-fs (loop70): mounted filesystem 7d1522e1-9dfa-5edb-a43e-98e3a4d20250 ro without journal. Quota mode: none.
[    2.966878] EXT4-fs (loop83): mounted filesystem 7d1522e1-9dfa-5edb-a43e-98e3a4d20250 ro without journal. Quota mode: none.
[    2.997604] ueventd: Coldboot took 0.3 seconds
[    2.998867] apexd-bootstrap: Activated 87 packages. duration=166ms
[    2.999507] apexd-bootstrap: OnBootstrap done, duration=247
[    3.044623] init: Service 'apexd-bootstrap' (pid 105) exited with status 0 waiting took 0.340000 seconds
[    3.044870] init: Sending SIGKILL to service 'apexd-bootstrap' (pid 105) process group...
[    3.045144] libprocessgroup: Removed cgroup /sys/fs/cgroup/system/uid_0/pid_105
[    3.064980] init: Parsing file /apex/com.android.adbd/etc/init.rc...
[    3.065443] init: Parsing file /apex/com.android.art/etc/init.rc...
[    3.065766] init: Parsing file /apex/com.android.compos/etc/init.rc...
[    3.066041] init: Parsing file /apex/com.android.configinfrastructure/etc/com.android.configinfrastrcture.init.rc...
[    3.066480] init: Parsing file /apex/com.android.hardware.audio/etc/android.hardware.audio.service-aidl.example.rc...
[    3.066877] init: Parsing file /apex/com.android.hardware.authsecret/etc/android.hardware.authsecret-service.example.rc...
[    3.067255] init: Parsing file /apex/com.android.hardware.biometrics.face.virtual/etc/face-virtual-apex.rc...
[    3.067591] init: Parsing file /apex/com.android.hardware.biometrics.fingerprint.virtual/etc/fingerprint-virtual.rc...
[    3.067942] init: Parsing file /apex/com.android.hardware.boot/etc/android.hardware.boot-service.default.rc...
[    3.068323] init: Parsing file /apex/com.android.hardware.cas/etc/cas-default.rc...
[    3.068650] init: Parsing file /apex/com.android.hardware.contexthub/etc/android.hardware.contexthub-service.example.rc...
[    3.069019] init: Parsing file /apex/com.android.hardware.drm.clearkey/etc/android.hardware.drm-service.clearkey.apex.rc...
[    3.069382] init: Parsing file /apex/com.android.hardware.dumpstate/etc/dumpstate-default.rc...
[    3.071243] init: Parsing file /apex/com.android.hardware.gatekeeper/etc/android.hardware.gatekeeper-service.nonsecure.rc...
[    3.071706] init: Parsing file /apex/com.android.hardware.gnss/etc/gnss-default.rc...
[    3.071990] init: Parsing file /apex/com.android.hardware.graphics.composer/etc/hwc3-apex.rc...
[    3.072338] init: Parsing file /apex/com.android.hardware.input.processor/etc/inputprocessor-default.rc...
[    3.072714] init: Parsing file /apex/com.android.hardware.ir/etc/android.hardware.ir-service.example.rc...
[    3.073084] init: Parsing file /apex/com.android.hardware.keymint/etc/android.hardware.security.keymint-service.nonsecure.apex.rc...
[    3.073477] init: Parsing file /apex/com.android.hardware.memtrack/etc/memtrack-default-apex.rc...
[    3.074736] init: Parsing file /apex/com.android.hardware.net.nlinterceptor/etc/nlinterceptor.rc...
[    3.075166] init: Parsing file /apex/com.android.hardware.neuralnetworks/etc/android.hardware.neuralnetworks-service-sample-all.rc...
[    3.075617] init: Parsing file /apex/com.android.hardware.neuralnetworks/etc/android.hardware.neuralnetworks-service-sample-limited.rc...
[    3.075965] init: Parsing file /apex/com.android.hardware.neuralnetworks/etc/android.hardware.neuralnetworks-shim-service-sample.rc...
[    3.076315] init: Parsing file /apex/com.android.hardware.power/etc/com.android.hardware.power.rc...
[    3.076712] init: Parsing file /apex/com.android.hardware.rebootescrow/etc/rebootescrow-default.rc...
[    3.077149] init: Parsing file /apex/com.android.hardware.secure_element/etc/secure_element.rc...
[    3.077505] init: Parsing file /apex/com.android.hardware.security.authgraph/etc/authgraph.rc...
[    3.077821] init: Parsing file /apex/com.android.hardware.security.secretkeeper/etc/secretkeeper.rc...
[    3.078154] init: Parsing file /apex/com.android.hardware.tetheroffload/etc/tetheroffload-example.rc...
[    3.078507] init: Parsing file /apex/com.android.hardware.thermal/etc/android.hardware.thermal.example.rc...
[    3.079011] init: Parsing file /apex/com.android.hardware.threadnetwork/etc/threadnetwork-service.rc...
[    3.079376] init: Parsing file /apex/com.android.hardware.usb/etc/com.android.hardware.usb.rc...
[    3.079746] init: Parsing file /apex/com.android.hardware.uwb/etc/uwb-service.rc...
[    3.080032] init: Parsing file /apex/com.android.hardware.vibrator/etc/com.android.hardware.vibrator.rc...
[    3.081019] init: Parsing file /apex/com.android.hardware.wifi/etc/com.android.hardware.wifi.rc...
[    3.081610] init: Parsing file /apex/com.android.media.swcodec/etc/mediaswcodec.32rc...
[    3.082086] init: Parsing file /apex/com.android.media/etc/mediatranscoding.32rc...
[    3.082484] init: Parsing file /apex/com.android.os.statsd/etc/init.rc...
[    3.082845] init: Parsing file /apex/com.android.sdkext/etc/derive_classpath.rc...
[    3.084298] init: Parsing file /apex/com.android.sdkext/etc/derive_sdk.rc...
[    3.084641] init: Parsing file /apex/com.android.tethering/etc/netbpfload.35rc...
[    3.085217] init: Parsing file /apex/com.android.tethering/etc/ot-daemon.34rc...
[    3.085563] init: Parsing file /apex/com.android.uprobestats/etc/init.rc...
[    3.085912] init: Parsing file /apex/com.android.virt/etc/vfio_handler.rc...
[    3.086138] init: Parsing file /apex/com.android.virt/etc/virtualizationservice.rc...
[    3.086348] init: Parsing file /apex/com.android.virt/etc/vmnic.rc...
[    3.086619] init: Parsing file /apex/com.android.wifi/etc/mainline_supplicant.rc...
[    3.087045] init: Parsing file /apex/com.google.cf.bt/etc/com.google.cf.bt.default.rc...
[    3.087423] init: Parsing file /apex/com.google.cf.bt/etc/com.google.cf.bt.lpp.rc...
[    3.087756] init: Parsing file /apex/com.google.cf.confirmationui/etc/android.hardware.confirmationui-service.cuttlefish.rc...
[    3.088232] init: Parsing file /apex/com.google.cf.gralloc/etc/com.google.cf.gralloc.rc...
[    3.088635] init: Parsing file /apex/com.google.cf.health/etc/android.hardware.health-service.cuttlefish.rc...
[    3.089001] init: Parsing file /apex/com.google.cf.identity/etc/android.hardware.identity-service.remote.rc...
[    3.089406] init: Parsing file /apex/com.google.cf.input.config/etc/com.google.cf.input.config.rc...
[    3.089846] init: Parsing file /apex/com.google.cf.light/etc/lights-cuttlefish.rc...
[    3.090212] init: Parsing file /apex/com.google.cf.nfc/etc/nfc-service-cuttlefish.rc...
[    3.090603] init: Parsing file /apex/com.google.cf.oemlock/etc/android.hardware.oemlock-service.remote.rc...
[    3.091015] init: Parsing file /apex/com.google.cf.rild/etc/com.google.cf.rild.rc...
[    3.091357] init: Parsing file /apex/com.google.cf.vulkan/etc/com.google.cf.vulkan.rc...
[    3.091711] init: Parsing file /apex/com.google.cf.wifi/etc/com.google.cf.wifi.rc...
[    3.092059] init: Parsing file /apex/com.google.cf.wpa_supplicant/etc/com.google.cf.wpa_supplicant.rc...
[    3.092449] init: Parsing file /apex/com.google.emulated.camera.provider.hal/etc/com.google.emulated.camera.provider.hal.rc...
[    3.162207] init: linkerconfig generated /linkerconfig with mounted APEX modules info
[    3.162465] init: Command 'perform_apex_config' action=early-init (/system/etc/init/hw/init.rc:92) took 114ms and succeeded
[    3.164040] init: processing action (ro.boot.bootchart.enabled= && early-init) from (/system/etc/init/hw/init.rc:113)
[    3.164316] init: processing action (early-init) from (/init.environ.rc:2)
[    3.164501] init: processing action (early-init) from (/system/etc/init/aconfigd.rc:26)
[    3.164801] init: Command 'mkdir /metadata/aconfig 0775 root system' action=early-init (/system/etc/init/aconfigd.rc:27) took 0ms and failed: mkdir() failed on /metadata/aconfig: Read-only file system
[    3.165545] init: starting service 'early_system_aconfigd_platform_init'...
[    3.168788] libprocessgroup: Created cgroup /sys/fs/cgroup/system/uid_1000/pid_386
[    3.170033] init: ... started service 'early_system_aconfigd_platform_init' has pid 386
[    3.170253] init: SVC_EXEC service 'early_system_aconfigd_platform_init' pid 386 (uid 1000 gid 1000+0 context default) started; waiting...
[    3.209544] main[386]: Starting aconfigd_system command: EarlyPlatformInit
[    3.209778] main[386]: Starting early-init platform init
[    3.210042] aconfigd_rust::utils[386]: build fingerprint is: generic/aosp_cf_x86_64_only_phone/vsoc_x86_64_only:17/CP2A.260605.016/16373615:userdebug/test-keys
[    3.210568] aconfigd_rust::aconfigd[386]: device build fingerprint generic/aosp_cf_x86_64_only_phone/vsoc_x86_64_only:17/CP2A.260605.016/16373615:userdebug/test-keys
[    3.210951] aconfigd_rust::utils[386]: security patch date is: 2026-06-05
[    3.211130] aconfigd_rust::aconfigd[386]: device security patch 2026-06-05
[    3.211303] aconfigd_rust::aconfigd[386]: start initialize system flags
[    3.211689] aconfigd_rust::storage_files[386]: create storage files object from container system
[    3.213369] aconfigd_rust::storage_files[386]: copy system storage files to persist and boot directories
[    3.213665] main[386]: Failed to initialize platform storage in early init: failed to copy file from /system/etc/aconfig/package.map to /metadata/aconfig/maps/system.package.new: Os { code: 2, kind: NotFound, message: "No such file or directory" }
[    3.215263] init: Service 'early_system_aconfigd_platform_init' (pid 386) exited with status 5 waiting took 0.047000 seconds
[    3.215575] init: Sending SIGKILL to service 'early_system_aconfigd_platform_init' (pid 386) process group...
[    3.215969] libprocessgroup: Removed cgroup /sys/fs/cgroup/system/uid_1000/pid_386
[    3.216439] init: processing action (ro.product.debugfs_restrictions.enabled=true && early-init) from (/system/etc/init/init-debug.rc:10)
[    3.217854] init: processing action (early-init) from (/system/etc/init/kcmdlinemodprobe.rc:16)
[    3.218384] init: starting service 'exec 1 (/system/bin/kcmdlinemodprobe)'...
[    3.219371] libprocessgroup: Created cgroup /sys/fs/cgroup/system/uid_0/pid_387
[    3.220059] init: ... started service 'exec 1 (/system/bin/kcmdlinemodprobe)' has pid 387
[    3.220259] init: SVC_EXEC service 'exec 1 (/system/bin/kcmdlinemodprobe)' pid 387 (uid 0 gid 0+0 context default) started; waiting...
[    3.246060] rust_binder: Loaded Rust Binder.
[    3.247296] init: Service 'exec 1 (/system/bin/kcmdlinemodprobe)' (pid 387) exited with status 0 waiting took 0.027000 seconds
[    3.247750] init: Sending SIGKILL to service 'exec 1 (/system/bin/kcmdlinemodprobe)' (pid 387) process group...
[    3.248135] libprocessgroup: Removed cgroup /sys/fs/cgroup/system/uid_0/pid_387
[    3.248422] init: processing action (early-init) from (/system/etc/init/prng_seeder.rc:5)
[    3.248863] init: starting service 'prng_seeder'...
[    3.249107] init: Created socket '/dev/socket/prng_seeder', mode 666, user 1092, group 1092
[    3.249984] libprocessgroup: Created cgroup /sys/fs/cgroup/system/uid_1092
[    3.250493] libprocessgroup: Created cgroup /sys/fs/cgroup/system/uid_1092/pid_388
[    3.251237] init: ... started service 'prng_seeder' has pid 388
[    3.251435] init: processing action (ro.product.cpu.abilist64=* && early-init) from (/vendor/etc/boringssl_self_test.zygote64.rc:1)
[    3.251761] init: starting service 'boringssl_self_test64_vendor'...
[    3.253123] libprocessgroup: Created cgroup /sys/fs/cgroup/system/uid_0/pid_389
[    3.254339] init: ... started service 'boringssl_self_test64_vendor' has pid 389
[    3.256849] init: SVC_EXEC service 'boringssl_self_test64_vendor' pid 389 (uid 0 gid 0+0 context default) started; waiting...
[    3.273540] init: Service 'boringssl_self_test64_vendor' (pid 389) exited with status 0 waiting took 0.020000 seconds
[    3.273846] init: Sending SIGKILL to service 'boringssl_self_test64_vendor' (pid 389) process group...
[    3.274347] libprocessgroup: Removed cgroup /sys/fs/cgroup/system/uid_0/pid_389
[    3.275217] init: processing action (early-init) from (/vendor/etc/init/init.cutf_cvm.rc:1)
[    3.276101] init: starting service 'vendor.dlkm_loader'...
[    3.277351] libprocessgroup: Created cgroup /sys/fs/cgroup/system/uid_0/pid_390
[    3.278271] init: ... started service 'vendor.dlkm_loader' has pid 390
[    3.279069] init: starting service 'exec 2 (/system/bin/modprobe -a -d /system/lib/modules zram.ko)'...
[    3.282133] libprocessgroup: Created cgroup /sys/fs/cgroup/system/uid_0/pid_391
[    3.285116] init: ... started service 'exec 2 (/system/bin/modprobe -a -d /system/lib/modules zram.ko)' has pid 391
[    3.285462] init: SVC_EXEC service 'exec 2 (/system/bin/modprobe -a -d /system/lib/modules zram.ko)' pid 391 (uid 0 gid 0+0 context u:r:modprobe:s0) started; waiting...
[    3.289893] dlkm_loader: dlkm loader successfully initialized
[    3.295827] dlkm_loader: Loading module /system/lib/modules/rfkill.ko with args ''
[    3.296960] dlkm_loader: Loading module /system/lib/modules/bluetooth.ko with args ''
[    3.308758] Bluetooth: Core ver 2.22
[    3.309064] NET: Registered PF_BLUETOOTH protocol family
[    3.309139] Bluetooth: HCI device and connection manager initialized
[    3.309234] Bluetooth: HCI socket layer initialized
[    3.309307] Bluetooth: L2CAP socket layer initialized
[    3.309383] Bluetooth: SCO socket layer initialized
[    3.309789] zram: Added device: zram0
[    3.310107] dlkm_loader: Loaded kernel module /system/lib/modules/bluetooth.ko
[    3.310278] dlkm_loader: Loading module /vendor/lib/modules/btintel.ko with args ''
[    3.311304] init: Service 'exec 2 (/system/bin/modprobe -a -d /system/lib/modules zram.ko)' (pid 391) exited with status 0 waiting took 0.029000 seconds
[    3.311693] dlkm_loader: Loaded kernel module /vendor/lib/modules/btintel.ko
[    3.311715] init: Sending SIGKILL to service 'exec 2 (/system/bin/modprobe -a -d /system/lib/modules zram.ko)' (pid 391) process group...
[    3.311915] dlkm_loader: Loading module /vendor/lib/modules/btrtl.ko with args ''
[    3.312438] libprocessgroup: Removed cgroup /sys/fs/cgroup/system/uid_0/pid_391
[    3.312914] dlkm_loader: Loaded kernel module /vendor/lib/modules/btrtl.ko
[    3.313136] dlkm_loader: Loading module /system/lib/modules/btbcm.ko with args ''
[    3.313209] init: wait for '/dev/dri/card0' took 0ms
[    3.313668] init: starting service 'exec 3 (/vendor/bin/modprobe -d /vendor/lib/modules vkms.ko create_default_dev=0)'...
[    3.314895] dlkm_loader: Loaded kernel module /system/lib/modules/btbcm.ko
[    3.315018] dlkm_loader: Loading module /vendor/lib/modules/btusb.ko with args ''
[    3.315974] libprocessgroup: Created cgroup /sys/fs/cgroup/system/uid_0/pid_392
[    3.316169] usbcore: registered new interface driver btusb
[    3.316316] dlkm_loader: Loaded kernel module /vendor/lib/modules/btusb.ko
[    3.316459] dlkm_loader: Loading module /vendor/lib/modules/dummy-cpufreq.ko with args ''
[    3.316845] init: ... started service 'exec 3 (/vendor/bin/modprobe -d /vendor/lib/modules vkms.ko create_default_dev=0)' has pid 392
[    3.317211] init: SVC_EXEC service 'exec 3 (/vendor/bin/modprobe -d /vendor/lib/modules vkms.ko create_default_dev=0)' pid 392 (uid 0 gid 0+0 context u:r:vendor_modprobe:s0) started; waiting...
[    3.318527] dlkm_loader: Loaded kernel module /vendor/lib/modules/dummy-cpufreq.ko
[    3.318787] dlkm_loader: Loading module /vendor/lib/modules/dummy_hcd.ko with args ''
[    3.319673] dummy_hcd dummy_hcd.0: USB Host+Gadget Emulator, driver 02 May 2005
[    3.319843] dummy_hcd dummy_hcd.0: Dummy host controller
[    3.319948] dummy_hcd dummy_hcd.0: new USB bus registered, assigned bus number 1
[    3.320601] usb usb1: New USB device found, idVendor=1d6b, idProduct=0002, bcdDevice= 6.12
[    3.320771] usb usb1: New USB device strings: Mfr=3, Product=2, SerialNumber=1
[    3.320937] usb usb1: Product: Dummy host controller
[    3.321056] usb usb1: Manufacturer: Linux 6.12.74-android16-6-g3ec022196c4e-ab15076761 dummy_hcd
[    3.321297] usb usb1: SerialNumber: dummy_hcd.0
[    3.321840] hub 1-0:1.0: USB hub found
[    3.321984] hub 1-0:1.0: 1 port detected
[    3.322638] dlkm_loader: Loaded kernel module /vendor/lib/modules/dummy_hcd.ko
[    3.322909] dlkm_loader: Loading module /vendor/lib/modules/goldfish_address_space.ko with args ''
[    3.324126] goldfish_address_space: loading out-of-tree module taints kernel.
[    3.325114] dlkm_loader: Loaded kernel module /vendor/lib/modules/goldfish_address_space.ko
[    3.325303] dlkm_loader: Loading module /vendor/lib/modules/goldfish_battery.ko with args ''
[    3.326256] dlkm_loader: Loaded kernel module /vendor/lib/modules/goldfish_battery.ko
[    3.326502] dlkm_loader: Loading module /vendor/lib/modules/goldfish_pipe.ko with args ''
[    3.327483] dlkm_loader: Loaded kernel module /vendor/lib/modules/goldfish_pipe.ko
[    3.327721] dlkm_loader: Loading module /vendor/lib/modules/goldfish_sync.ko with args ''
[    3.328366] dlkm_loader: Loaded kernel module /vendor/lib/modules/goldfish_sync.ko
[    3.328622] dlkm_loader: Loading module /system/lib/modules/can-dev.ko with args ''
[    3.330345] CAN device driver interface
[    3.330574] dlkm_loader: Loaded kernel module /system/lib/modules/can-dev.ko
[    3.331160] dlkm_loader: Loading module /vendor/lib/modules/gs_usb.ko with args ''
[    3.331970] usbcore: registered new interface driver gs_usb
[    3.332199] dlkm_loader: Loaded kernel module /vendor/lib/modules/gs_usb.ko
[    3.332419] dlkm_loader: Loading module /vendor/lib/modules/hci_vhci.ko with args ''
[    3.333249] dlkm_loader: Loaded kernel module /vendor/lib/modules/hci_vhci.ko
[    3.333619] dlkm_loader: Loading module /vendor/lib/modules/mt76.ko with args ''
[    3.337088] init: Service 'exec 3 (/vendor/bin/modprobe -d /vendor/lib/modules vkms.ko create_default_dev=0)' (pid 392) exited with status 0 waiting took 0.021000 seconds
[    3.337490] dlkm_loader: Loaded kernel module /vendor/lib/modules/mt76.ko
[    3.337757] dlkm_loader: Loading module /vendor/lib/modules/mt76-usb.ko with args ''
[    3.337835] init: Sending SIGKILL to service 'exec 3 (/vendor/bin/modprobe -d /vendor/lib/modules vkms.ko create_default_dev=0)' (pid 392) process group...
[    3.338216] libprocessgroup: Removed cgroup /sys/fs/cgroup/system/uid_0/pid_392
[    3.338736] init: processing action (early-init) from (/vendor/etc/init/init.cutf_cvm.rc:132)
[    3.339472] init: processing action (early-init) from (/vendor/etc/init/init.cutf_cvm.rc:135)
[    3.339867] init: Command 'setprop ro.vendor.cuttlefish_service_bluetooth_checker ${ro.boot.cuttlefish_service_bluetooth_checker}' action=early-init (/vendor/etc/init/init.cutf_cvm.rc:136) took 0ms and failed: property 'ro.boot.cuttlefish_service_bluetooth_checker' doesn't exist while expanding '${ro.boot.cuttlefish_service_bluetooth_checker}'
[    3.340749] dlkm_loader: Loaded kernel module /vendor/lib/modules/mt76-usb.ko
[    3.340910] init: processing action (early-init) from (/vendor/etc/init/init_graphics.vendor.rc:1)
[    3.341136] dlkm_loader: Loading module /vendor/lib/modules/mt76x02-lib.ko with args ''
[    3.341685] init: Command 'setprop ro.vendor.hwcomposer.mode ${ro.boot.hardware.hwcomposer.mode}' action=early-init (/vendor/etc/init/init_graphics.vendor.rc:11) took 0ms and failed: property 'ro.boot.hardware.hwcomposer.mode' doesn't exist while expanding '${ro.boot.hardware.hwcomposer.mode}'
[    3.342673] init: Command 'setprop debug.hwui.renderer ${ro.boot.hardware.guest_hwui_renderer}' action=early-init (/vendor/etc/init/init_graphics.vendor.rc:17) took 0ms and failed: property 'ro.boot.hardware.guest_hwui_renderer' doesn't exist while expanding '${ro.boot.hardware.guest_hwui_renderer}'
[    3.343337] init: Command 'setprop ro.zygote.disable_gl_preload ${ro.boot.hardware.guest_disable_renderer_preload}' action=early-init (/vendor/etc/init/init_graphics.vendor.rc:18) took 0ms and failed: property 'ro.boot.hardware.guest_disable_renderer_preload' doesn't exist while expanding '${ro.boot.hardware.guest_disable_renderer_preload}'
[    3.344128] init: processing action (ConnectEarlyStageSnapuserd) from (<Builtin Action>:0)
[    3.344445] init: processing action (wait_for_coldboot_done) from (<Builtin Action>:0)
[    3.344734] init: start_waiting_for_property("ro.cold_boot_done", "true"): already set
[    3.345014] init: processing action (CheckTradeInModeStatus) from (<Builtin Action>:0)
[    3.345244] init: processing action (SetMmapRndBits) from (<Builtin Action>:0)
[    3.345664] init: processing action (KeychordInit) from (<Builtin Action>:0)
[    3.346003] dlkm_loader: Loaded kernel module /vendor/lib/modules/mt76x02-lib.ko
[    3.346188] dlkm_loader: Loading module /vendor/lib/modules/mt76x0-common.ko with args ''
[    3.346263] init: EVIOCSMASK not supported: Invalid argument
[    3.347360] init: processing action (init) from (/system/etc/init/hw/init.rc:116)
[    3.348075] dlkm_loader: Loaded kernel module /vendor/lib/modules/mt76x0-common.ko
[    3.348323] dlkm_loader: Loading module /vendor/lib/modules/mt76x02-usb.ko with args ''
[    3.349381] dlkm_loader: Loaded kernel module /vendor/lib/modules/mt76x02-usb.ko
[    3.349685] dlkm_loader: Loading module /vendor/lib/modules/mt76x0u.ko with args ''
[    3.350268] init: Command 'write /dev/blkio/blkio.weight 1000' action=init (/system/etc/init/hw/init.rc:218) took 0ms and failed: Unable to write to file '/dev/blkio/blkio.weight': open() failed: Permission denied
[    3.350992] init: Command 'write /dev/blkio/background/blkio.weight 200' action=init (/system/etc/init/hw/init.rc:219) took 0ms and failed: Unable to write to file '/dev/blkio/background/blkio.weight': open() failed: Permission denied
[    3.351503] usbcore: registered new interface driver mt76x0u
[    3.351816] dlkm_loader: Loaded kernel module /vendor/lib/modules/mt76x0u.ko
[    3.352053] dlkm_loader: Loading module /vendor/lib/modules/mt76x2-common.ko with args ''
[    3.352232] init: Command 'write /dev/blkio/blkio.group_idle 0' action=init (/system/etc/init/hw/init.rc:221) took 0ms and failed: Unable to write to file '/dev/blkio/blkio.group_idle': open() failed: Permission denied
[    3.352870] init: Command 'write /dev/blkio/background/blkio.group_idle 0' action=init (/system/etc/init/hw/init.rc:222) took 0ms and failed: Unable to write to file '/dev/blkio/background/blkio.group_idle': open() failed: Permission denied
[    3.353786] dlkm_loader: Loaded kernel module /vendor/lib/modules/mt76x2-common.ko
[    3.354090] dlkm_loader: Loading module /vendor/lib/modules/mt76x2u.ko with args ''
[    3.355628] usbcore: registered new interface driver mt76x2u
[    3.355863] dlkm_loader: Loaded kernel module /vendor/lib/modules/mt76x2u.ko
[    3.356176] dlkm_loader: Loading module /vendor/lib/modules/pulse8-cec.ko with args ''
[    3.356993] dlkm_loader: Loaded kernel module /vendor/lib/modules/pulse8-cec.ko
[    3.357437] dlkm_loader: Loading module /vendor/lib/modules/rtc-test.ko with args ''
[    3.358091] rtc-test rtc-test.0: registered as rtc1
[    3.360238] rtc-test rtc-test.1: registered as rtc2
[    3.361246] rtc-test rtc-test.2: registered as rtc3
[    3.361544] dlkm_loader: Loaded kernel module /vendor/lib/modules/rtc-test.ko
[    3.361798] dlkm_loader: module snd_aloop is blocklisted
[    3.361947] dlkm_loader: LoadWithAliases was unable to load snd_aloop, tried: snd_aloop
[    3.362210] dlkm_loader: Loading module /vendor/lib/modules/system_heap.ko with args ''
[    3.364673] dlkm_loader: Loaded kernel module /vendor/lib/modules/system_heap.ko
[    3.364949] dlkm_loader: Loading module /vendor/lib/modules/test_meminit.ko with args ''
[    3.365327] init: Command 'write /dev/cpu_variant:${ro.bionic.arch} ${ro.bionic.cpu_variant}' action=init (/system/etc/init/hw/init.rc:438) took 0ms and failed: property 'ro.bionic.cpu_variant' doesn't exist while expanding '${ro.bionic.cpu_variant}'
[    3.365833] init: Command 'write /dev/cpu_variant:${ro.bionic.2nd_arch} ${ro.bionic.2nd_cpu_variant}' action=init (/system/etc/init/hw/init.rc:440) took 0ms and failed: property 'ro.bionic.2nd_arch' doesn't exist while expanding '/dev/cpu_variant:${ro.bionic.2nd_arch}'
[    3.366361] init: Command 'chmod 0444 /dev/cpu_variant:${ro.bionic.2nd_arch}' action=init (/system/etc/init/hw/init.rc:441) took 0ms and failed: property 'ro.bionic.2nd_arch' doesn't exist while expanding '/dev/cpu_variant:${ro.bionic.2nd_arch}'
[    3.367040] init: starting service 'logd'...
[    3.367229] init: Created socket '/dev/socket/logd', mode 666, user 1036, group 1036
[    3.367518] init: Created socket '/dev/socket/logdr', mode 666, user 1036, group 1036
[    3.367762] init: Created socket '/dev/socket/logdw', mode 222, user 1036, group 1036
[    3.369094] libprocessgroup: Created cgroup /sys/fs/cgroup/system/uid_1036
[    3.369683] libprocessgroup: Created cgroup /sys/fs/cgroup/system/uid_1036/pid_395
[    3.370798] init: ... started service 'logd' has pid 395
[    3.371257] init: starting service 'lmkd'...
[    3.371490] init: Created socket '/dev/socket/lmkd', mode 660, user 1000, group 1000
[    3.372735] libprocessgroup: Created cgroup /sys/fs/cgroup/system/uid_1069
[    3.373361] libprocessgroup: Created cgroup /sys/fs/cgroup/system/uid_1069/pid_396
[    3.378593] init: ... started service 'lmkd' has pid 396
[    3.378895] init: starting service 'servicemanager'...
[    3.379635] libprocessgroup: Created cgroup /sys/fs/cgroup/system/uid_1000/pid_397
[    3.382663] init: ... started service 'servicemanager' has pid 397
[    3.382875] init: starting service 'hwservicemanager'...
[    3.384758] libprocessgroup: Created cgroup /sys/fs/cgroup/system/uid_1000/pid_398
[    3.385220] test_meminit: all 11 tests in test_pages passed
[    3.389767] test_meminit: all 40 tests in test_kvmalloc passed
[    3.395487] init: ... started service 'hwservicemanager' has pid 398
[    3.395711] init: Command 'start vndservicemanager' action=init (/system/etc/init/hw/init.rc:466) took 0ms and failed: service vndservicemanager not found
[    3.397114] init: processing action (ro.debuggable=1 && init) from (/system/etc/init/hw/init.rc:1306)
[    3.397621] init: starting service 'console'...
[    3.398685] libprocessgroup: Created cgroup /sys/fs/cgroup/system/uid_2000
[    3.399345] libprocessgroup: Created cgroup /sys/fs/cgroup/system/uid_2000/pid_399
[    3.412947] init: ... started service 'console' has pid 399
[    3.413134] init: processing action (ro.product.cpu.abilist64=* && init) from (/system/etc/init/hw/init.boringssl.zygote64.rc:1)
[    3.413612] init: starting service 'boringssl_self_test64'...
[    3.415215] libprocessgroup: Created cgroup /sys/fs/cgroup/system/uid_9999
[    3.415892] libprocessgroup: Created cgroup /sys/fs/cgroup/system/uid_9999/pid_406
[    3.419612] servicemanager: Starting sm instance on /dev/binder
[    3.426936] init: ... started service 'boringssl_self_test64' has pid 406
[    3.427121] init: SVC_EXEC service 'boringssl_self_test64' pid 406 (uid 9999 gid 0+0 context default) started; waiting...
[    3.428536] SELinux: Multiple same specifications for android.hardware.secure_element.ISecureElement/eSE1.
[    3.429268] init: Service 'console' (pid 399) exited with status 0
[    3.429449] init: Sending SIGKILL to service 'console' (pid 399) process group...
[    3.429720] libprocessgroup: Removed cgroup /sys/fs/cgroup/system/uid_2000/pid_399
[    3.430331] SELinux: SELinux: Loaded service context from:
[    3.430525] SELinux: 		/system/etc/selinux/plat_service_contexts
[    3.430695] SELinux: 		/system_ext/etc/selinux/system_ext_service_contexts
[    3.430869] SELinux: 		/product/etc/selinux/product_service_contexts
[    3.431055] SELinux: 		/vendor/etc/selinux/vendor_service_contexts
[    3.431226] SELinux: 		/odm/etc/selinux/odm_service_contexts
[    3.434941] init: Service 'boringssl_self_test64' (pid 406) exited with status 0 waiting took 0.019000 seconds
[    3.435186] init: Sending SIGKILL to service 'boringssl_self_test64' (pid 406) process group...
[    3.435485] libprocessgroup: Removed cgroup /sys/fs/cgroup/system/uid_9999/pid_406
[    3.435948] init: processing action (ro.board.api_level=202604 && init) from (/system/etc/init/android.system.suspend-service.rc:7)
[    3.436275] init: processing action (init) from (/system/etc/init/audioserver.rc:66)
[    3.436601] init: processing action (init) from (/system/etc/init/perfetto.rc:163)
[    3.437198] init: processing action (init) from (/vendor/etc/init/init.cutf_cvm.rc:23)
[    3.443327] init: processing action (init) from (/apex/com.google.cf.vulkan/etc/com.google.cf.vulkan.rc:4)
[    3.443908] init: processing action (CopyRollbackLogs) from (<Builtin Action>:0)
[    3.444193] init: processing action (late-init) from (/system/etc/init/hw/init.rc:518)
[    3.444532] init: processing action (late-init) from (/system/etc/init/atrace.rc:3)
[    3.448708] init: processing action (ro.boot.fastboot.boottrace= && late-init) from (/system/etc/init/atrace.rc:309)
[    3.449118] init: processing action (ro.boot.hypervisor.vm.supported=1 && late-init) from (/system/etc/init/atrace.rc:316)
[    3.450118] init: processing action (queue_property_triggers) from (<Builtin Action>:0)
[    3.450310] init: processing action (early-fs) from (/system/etc/init/hw/init.rc:551)
[    3.451189] init: starting service 'vold'...
[    3.451606] logd: libprocessgroup: A JoinCgroup action in the SystemMemoryProcess profile is used for controller memory in the cgroup v2 hierarchy and will be ignored
[    3.452019] libprocessgroup: Created cgroup /sys/fs/cgroup/system/uid_0/pid_407
[    3.453228] init: ... started service 'vold' has pid 407
[    3.453403] init: processing action (fs) from (/system/etc/init/logd.rc:29)
[    3.454553] init: processing action (fs) from (/system/etc/init/wifi.rc:25)
[    3.454867] init: processing action (fs) from (/vendor/etc/init/init.cutf_cvm.rc:48)
[    3.459064] logd.auditd: start
[    3.459164] logd.klogd: 3440739452
[    3.461992] init: [libfs_mgr] Invalid ext4 superblock on '/dev/block/by-name/metadata'
[    3.462295] init: [libfs_mgr] mount_with_alternatives(): skipping mount due to invalid magic, mountpoint=/metadata blk_dev=/dev/block/vda6 rec[7].fs_type=ext4
[    3.462981] init: [libfs_mgr] Invalid ext4 superblock on '/dev/block/by-name/metadata'
[    3.463210] init: [libfs_mgr] mount_with_alternatives(): skipping mount due to invalid magic, mountpoint=/metadata blk_dev=/dev/block/vda6 rec[8].fs_type=ext4
[    3.463732] init: [libfs_mgr] fs_mgr_mount_all(): /dev/block/vda6 is wiped and /metadata ext4 is formattable. Format it.
[    3.465367] logd: Loaded bug_map file: /system_ext/etc/selinux/bug_map
[    3.465605] init: [libfs_mgr] fs_mgr_do_format: Format /dev/block/by-name/metadata as 'ext4'
[    3.466295] logd: Loaded bug_map file: /vendor/etc/selinux/selinux_denial_metadata
[    3.467424] logd: Loaded bug_map file: /system/etc/selinux/bug_map
[    3.478859] type=2000 audit(1790904871.047:1): state=initialized audit_enabled=1 res=1
[    3.479045] type=1403 audit(1790904873.615:2): auid=4294967295 ses=4294967295 lsm=selinux res=1
[    3.479268] type=1300 audit(1790904873.615:2): arch=c000003e syscall=1 success=yes exit=911737 a0=4 a1=7f2ab4f10680 a2=de979 a3=0 items=0 ppid=0 auid=4294967295 uid=0 gid=0 euid=0 suid=0 fsuid=0 egid=0 sgid=0 fsgid=0 tty=(none) ses=4294967295 comm="init" exe="/system/bin/init" subj=u:r:kernel:s0 key=(null)
[    3.479829] type=1327 audit(1790904873.615:2): proctitle=2F73797374656D2F62696E2F696E69740073656C696E75785F7365747570
[    3.480064] type=1320 audit(1790904873.615:2): 
[    3.480198] type=1404 audit(1790904873.631:3): enforcing=1 old_enforcing=0 auid=4294967295 ses=4294967295 enabled=1 old-enabled=1 lsm=selinux res=1
[    3.480493] type=1300 audit(1790904873.631:3): arch=c000003e syscall=1 success=yes exit=1 a0=4 a1=7ffe8794c150 a2=1 a3=0 items=0 ppid=0 auid=4294967295 uid=0 gid=0 euid=0 suid=0 fsuid=0 egid=0 sgid=0 fsgid=0 tty=(none) ses=4294967295 comm="init" exe="/system/bin/init" subj=u:r:kernel:s0 key=(null)
[    3.481090] type=1327 audit(1790904873.631:3): proctitle=2F73797374656D2F62696E2F696E69740073656C696E75785F7365747570
[    3.481319] type=1320 audit(1790904873.631:3): 
[    3.481454] type=1305 audit(1790904874.503:4): op=set audit_pid=395 old=0 auid=4294967295 ses=4294967295 subj=u:r:logd:s0 res=1
[    3.481702] type=1300 audit(1790904874.503:4): arch=c000003e syscall=44 success=yes exit=60 a0=9 a1=7ffdf026ef60 a2=3c a3=0 items=0 ppid=1 auid=4294967295 uid=1036 gid=1036 euid=1036 suid=1036 fsuid=1036 egid=1036 sgid=1036 fsgid=1036 tty=(none) ses=4294967295 comm="logd" exe="/system/bin/logd" subj=u:r:logd:s0 key=(null)
[    3.482259] type=1327 audit(1790904874.503:4): proctitle="/system/bin/logd"
[    3.482480] type=1320 audit(1790904874.503:4): 
[    3.485774] mke2fs: mke2fs 1.47.2 (1-Jan-2025)
[    3.525934] mke2fs: Discarding device blocks:     0/16384           done                            
[    3.528760] mke2fs: Creating filesystem with 16384 4k blocks and 16384 inodes
[    3.528934] mke2fs: 
[    3.528994] mke2fs: Allocating group tables: 0/1   done                            
[    3.529637] mke2fs: Writing inode tables: 0/1   done                            
[    3.530756] mke2fs: Creating journal (1024 blocks): done
[    3.533476] mke2fs: Writing superblocks and filesystem accounting information: 0/1   done
[    3.533813] mke2fs: 
[    3.540457] hw-ProcessState: HwBinder is not supported on this device but this process is calling setThreadPoolConfiguration
[    3.541519] libbinder.BackendUnifiedServiceManager: Thread Pool max thread count is 0. Cannot cache binder as linkToDeath cannot be implemented. serviceName: vold
[    3.542183] servicemanager: getDeviceHalManifest: Reading VINTF information.
[    3.544067] servicemanager: Loaded APEX Infos from /apex/apex-info-list.xml
[    3.546768] servicemanager: Loaded APEX Infos from /apex/apex-info-list.xml
[    3.546948] servicemanager: getDeviceHalManifest: Successfully processed VINTF information
[    3.547163] servicemanager: getFrameworkHalManifest: Reading VINTF information.
[    3.548126] servicemanager: Loaded APEX Infos from /apex/apex-info-list.xml
[    3.548440] servicemanager: getFrameworkHalManifest: Successfully processed VINTF information
[    3.548770] servicemanager: Caller(pid=407,uid=0,sid=u:r:vold:s0) Found android.system.vold.IVold/default in framework VINTF manifest.
[    3.549211] servicemanager: Caller(pid=407,uid=0,sid=u:r:vold:s0) Found android.system.vold.IVold/default in framework VINTF manifest.
[    3.558463] e2fsdroid: Created filesystem with 11/16384 inodes and 3081/16384 blocks
[    3.559969] init: [libfs_mgr] superblock s_max_mnt_count:65535,/dev/block/by-name/metadata
[    3.567335] init: [libfs_mgr] check_fs(): mount(/dev/block/by-name/metadata,/metadata,ext4)=0: Success
[    3.568834] init: [libfs_mgr] umount_retry(): unmount(/metadata) succeeded
[    3.569065] init: [libfs_mgr] Running /system/bin/e2fsck on /dev/block/vda6
[    3.585392] e2fsck: /dev/block/by-name/metadata: clean, 11/16384 files, 3081/16384 blocks
[    3.586111] init: [libfs_mgr] fsck on /metadata took 25ms
[    3.586378] init: [libfs_mgr] superblock s_max_mnt_count:65535,/dev/block/by-name/metadata
[    3.586697] init: [libfs_mgr] Enabling ext4 verity on /dev/block/by-name/metadata
[    3.596632] tune2fs: tune2fs 1.47.2 (1-Jan-2025)
[    3.600278] init: [libfs_mgr] __mount(source=/dev/block/by-name/metadata,target=/metadata,type=ext4)=0: Success
[    3.600727] init: [libfs_mgr] mount_with_alternatives(): skipping fstab dup mountpoint=/metadata rec[8].fs_type=ext4 already mounted as ext4
[    3.602099] virtio-fs: tag <shared> not found
[    3.602240] init: [libfs_mgr] __mount(source=shared,target=/mnt/vendor/shared,type=virtiofs)=-1: Invalid argument
[    3.602691] init: [libfs_mgr] fsck on /mnt/vendor/shared took 0ms
[    3.602859] virtio-fs: tag <shared> not found
[    3.603020] init: [libfs_mgr] __mount(source=shared,target=/mnt/vendor/shared,type=virtiofs)=-1: Invalid argument
[    3.603331] init: [libfs_mgr] Ignoring failure to mount an un-encryptable, interrupted, or wiped partition on shared at /mnt/vendor/shared options: : No such file or directory
[    3.603825] init: Command 'mount_all --early' action=fs (/vendor/etc/init/init.cutf_cvm.rc:52) took 148ms and succeeded
[    3.605651] init: processing action (post-fs) from (/system/etc/init/hw/init.rc:555)
[    3.606110] init: starting service 'exec 4 (/system/bin/vdc checkpoint markBootAttempt)'...
[    3.608494] libprocessgroup: Created cgroup /sys/fs/cgroup/system/uid_1000/pid_425
[    3.609141] init: ... started service 'exec 4 (/system/bin/vdc checkpoint markBootAttempt)' has pid 425
[    3.609392] init: SVC_EXEC service 'exec 4 (/system/bin/vdc checkpoint markBootAttempt)' pid 425 (uid 1000 gid 1000+0 context default) started; waiting...
[    3.619977] libbinder.BackendUnifiedServiceManager: Thread Pool max thread count is 0. Cannot cache binder as linkToDeath cannot be implemented. serviceName: vold
[    3.621048] init: Service 'exec 4 (/system/bin/vdc checkpoint markBootAttempt)' (pid 425) exited with status 0 waiting took 0.012000 seconds
[    3.621388] init: Sending SIGKILL to service 'exec 4 (/system/bin/vdc checkpoint markBootAttempt)' (pid 425) process group...
[    3.621782] libprocessgroup: Removed cgroup /sys/fs/cgroup/system/uid_1000/pid_425
[    3.625072] init: Command 'chown system cache /cache' action=post-fs (/system/etc/init/hw/init.rc:571) took 0ms and failed: lchown() failed: Read-only file system
[    3.625446] init: Command 'chmod 0770 /cache' action=post-fs (/system/etc/init/hw/init.rc:572) took 0ms and failed: fchmodat() failed: Read-only file system
[    3.628170] init: processing action (post-fs) from (/system/etc/init/aconfigd.rc:33)
[    3.628697] init: starting service 'system_aconfigd_platform_init'...
[    3.630980] libprocessgroup: Created cgroup /sys/fs/cgroup/system/uid_1000/pid_426
[    3.631726] init: ... started service 'system_aconfigd_platform_init' has pid 426
[    3.631938] init: SVC_EXEC service 'system_aconfigd_platform_init' pid 426 (uid 1000 gid 1000+0 context default) started; waiting...
[    3.690997] init: Service 'system_aconfigd_platform_init' (pid 426) exited with status 0 waiting took 0.060000 seconds
[    3.691836] init: Sending SIGKILL to service 'system_aconfigd_platform_init' (pid 426) process group...
[    3.692625] libprocessgroup: Removed cgroup /sys/fs/cgroup/system/uid_1000/pid_426
[    3.693378] init: processing action (post-fs) from (/system/etc/init/atrace_userdebug.rc:7)
[    3.694961] init: processing action (post-fs) from (/system/etc/init/gsid.rc:8)
[    3.695808] init: processing action (post-fs) from (/system/etc/init/recovery-refresh.rc:1)
[    3.696128] init: starting service 'exec 5 (/system/bin/recovery-refresh)'...
[    3.698163] libprocessgroup: Created cgroup /sys/fs/cgroup/system/uid_1000/pid_427
[    3.700169] init: ... started service 'exec 5 (/system/bin/recovery-refresh)' has pid 427
[    3.700665] init: processing action (late-fs) from (/system/etc/init/hw/init.rc:635)
[    3.701523] init: starting service 'system_suspend'...
[    3.705357] libprocessgroup: Created cgroup /sys/fs/cgroup/system/uid_1000/pid_428
[    3.710885] init: ... started service 'system_suspend' has pid 428
[    3.711166] init: starting service 'keystore2'...
[    3.713444] libprocessgroup: Created cgroup /sys/fs/cgroup/system/uid_1017
[    3.714057] libprocessgroup: Created cgroup /sys/fs/cgroup/system/uid_1017/pid_429
[    3.715085] init: ... started service 'keystore2' has pid 429
[    3.715387] init: starting service 'suspend_blocker'...
[    3.717751] libprocessgroup: Created cgroup /sys/fs/cgroup/system/uid_0/pid_430
[    3.723119] init: ... started service 'suspend_blocker' has pid 430
[    3.723748] init: starting service 'vendor.boot-default'...
[    3.727308] libprocessgroup: Created cgroup /sys/fs/cgroup/system/uid_0/pid_431
[    3.729192] init: ... started service 'vendor.boot-default' has pid 431
[    3.729240] servicemanager: Caller(pid=428,uid=1000,sid=u:r:system_suspend:s0) Found android.system.suspend.ISystemSuspend/default in framework VINTF manifest.
[    3.731364] init: starting service 'vendor.gatekeeper_nonsecure'...
[    3.735161] libprocessgroup: Created cgroup /sys/fs/cgroup/system/uid_1000/pid_434
[    3.740253] init: ... started service 'vendor.gatekeeper_nonsecure' has pid 434
[    3.741551] init: starting service 'vendor.keymint-default'...
[    3.742369] libprocessgroup: Created cgroup /sys/fs/cgroup/system/uid_9999/pid_435
[    3.744792] servicemanager: Caller(pid=430,uid=0,sid=u:r:suspend_blocker:s0) Found android.system.suspend.ISystemSuspend/default in framework VINTF manifest.
[    3.750953] init: ... started service 'vendor.keymint-default' has pid 435
[    3.751167] init: Service 'exec 5 (/system/bin/recovery-refresh)' (pid 427) exited with status 254 oneshot service took 0.053000 seconds in background
[    3.751536] init: Sending SIGKILL to service 'exec 5 (/system/bin/recovery-refresh)' (pid 427) process group...
[    3.751984] libprocessgroup: Removed cgroup /sys/fs/cgroup/system/uid_1000/pid_427
[    3.752268] init: processing action (late-fs) from (/system/etc/init/hw/init.rc:649)
[    3.752535] android.hardware.boot-service.default: [libfstab] Using Android DT directory /proc/device-tree/firmware/android/
[    3.752730] init: processing action (late-fs) from (/vendor/etc/init/init.cutf_cvm.rc:71)
[    3.755358] init: Calling: /system/bin/vdc checkpoint needsCheckpoint
[    3.761042] servicemanager: Caller(pid=431,uid=0,sid=u:r:hal_bootctl_default:s0) Found android.hardware.boot.IBootControl/default in device VINTF manifest.
[    3.761417] libbinder.BackendUnifiedServiceManager: Thread Pool max thread count is 0. Cannot cache binder as linkToDeath cannot be implemented. serviceName: android.hardware.boot.IBootControl/default
[    3.761838] android.hardware.boot-service.default: IBootControl AIDL service running...
[    3.792942] servicemanager: Caller(pid=434,uid=1000,sid=u:r:hal_gatekeeper_default:s0) Found android.hardware.security.sharedsecret.ISharedSecret/gatekeeper in device VINTF manifest.
[    3.794848] libbinder.BackendUnifiedServiceManager: Thread Pool max thread count is 0. Cannot cache binder as linkToDeath cannot be implemented. serviceName: android.hardware.security.sharedsecret.ISharedSecret/gatekeeper
[    3.800323] servicemanager: Caller(pid=434,uid=1000,sid=u:r:hal_gatekeeper_default:s0) Found android.hardware.gatekeeper.IGatekeeper/default in device VINTF manifest.
[    3.800732] libbinder.BackendUnifiedServiceManager: Thread Pool max thread count is 0. Cannot cache binder as linkToDeath cannot be implemented. serviceName: android.hardware.gatekeeper.IGatekeeper/default
[    3.801115] libbinder.BackendUnifiedServiceManager: Thread Pool max thread count is 0. Cannot cache binder as linkToDeath cannot be implemented. serviceName: vold
[    3.801802] servicemanager: Caller(pid=407,uid=0,sid=u:r:vold:s0) Found android.hardware.boot.IBootControl/default in device VINTF manifest.
[    3.806571] vdc: vdc terminated by exit(1)
[    3.806686] vdc: 
[    3.807228] init: [libfs_mgr] Running /system/bin/fsck.f2fs -a -c 10000 --debug-cache /dev/block/by-name/userdata
[    3.809576] servicemanager: Caller(pid=435,uid=9999,sid=u:r:hal_keymint_default:s0) Found android.hardware.security.keymint.IKeyMintDevice/default in device VINTF manifest.
[    3.811777] servicemanager: Caller(pid=435,uid=9999,sid=u:r:hal_keymint_default:s0) Found android.hardware.security.keymint.IRemotelyProvisionedComponent/default in device VINTF manifest.
[    3.814800] servicemanager: Caller(pid=435,uid=9999,sid=u:r:hal_keymint_default:s0) Found android.hardware.security.secureclock.ISecureClock/default in device VINTF manifest.
[    3.815486] servicemanager: Caller(pid=435,uid=9999,sid=u:r:hal_keymint_default:s0) Found android.hardware.security.sharedsecret.ISharedSecret/default in device VINTF manifest.
[    3.822077] fsck.f2fs: Info: Automatic fix mode enabled.
[    3.824085] fsck.f2fs: Info: not exist /proc/version!
[    3.824328] fsck.f2fs: Info: MKFS version
[    3.824429] fsck.f2fs:   "6.17.0-1008-gcp"
[    3.824539] fsck.f2fs: Info: FSCK version
[    3.824659] fsck.f2fs:   from "6.17.0-1008-gcp"
[    3.824774] fsck.f2fs:     to "6.12.74-android16-6-g3ec022196c4e-ab15076761"
[    3.824986] fsck.f2fs: Info: superblock features = 3499 :  encrypt extra_attr project_quota quota verity casefold compression
[    3.825259] fsck.f2fs: Info: superblock encrypt level = 0, salt = 00000000000000000000000000000000
[    3.825495] fsck.f2fs: Info: Segments per section = 1
[    3.825635] fsck.f2fs: Info: Sections per zone = 1
[    3.825730] fsck.f2fs: Info: total FS sectors = 16777216 (8192 MB)
[    3.825902] fsck.f2fs: Info: CKPT version = 58a5b2ab
[    3.826056] fsck.f2fs: Info: Casefold: linear_lookup [disable]
[    3.826215] fsck.f2fs: Info: version timestamp cur: 0, prev: 0
[    3.826359] fsck.f2fs: [update_superblock: 935] Info: Done to update superblock
[    3.827473] fsck.f2fs: Info: checkpoint state = 81 :  nat_bits unmount
[    3.827644] fsck.f2fs: Info: No error was reported
[    3.827756] fsck.f2fs: 
[    3.827824] fsck.f2fs: c, u, RA, CH, CM, Repl=
[    3.827923] fsck.f2fs: 10000 10 10 0 10 0
[    3.829290] init: [libfs_mgr] fsck on /data took 22ms
[    3.829426] init: Mount point /dev/block/by-name/userdata @ /data uses metadata encryption, which means we need to unmount it later and call encryptFstab/encrypt_inplace. To avoid file operations before encryption, we will mount it as read-only first
[    3.830047] F2FS-fs (vda9): Using encoding defined by superblock: utf8-12.1.0 with flags 0x2
[    3.836231] F2FS-fs (vda9): checkpoint=disable on readonly fs
[    3.867006] init: [libfs_mgr] Kernel does not support ,nodiscard,checkpoint=disable:0%, trying without.: Invalid argument
[    3.867487] F2FS-fs (vda9): Using encoding defined by superblock: utf8-12.1.0 with flags 0x2
[    3.872757] F2FS-fs (vda9): checkpoint=disable on readonly fs
[    3.893823] android.hardware.gatekeeper-service.nonsecure: Presented shared secret parameters with seed size 32 and nonce size 32
[    3.894671] android.hardware.gatekeeper-service.nonsecure: Computing shared secret
[    3.895987] servicemanager: Caller(pid=429,uid=1017,sid=u:r:keystore:s0) Found android.system.keystore2.IKeystoreService/default in framework VINTF manifest.
[    3.898742] init: [libfs_mgr] Kernel does not support ,nodiscard,checkpoint=disable, trying without.: Invalid argument
[    3.899338] F2FS-fs (vda9): Using encoding defined by superblock: utf8-12.1.0 with flags 0x2
[    3.902331] F2FS-fs (vda9): Mounted with checkpoint version = 58a5b2ab
[    3.902575] init: [libfs_mgr] __mount(source=/dev/block/by-name/userdata,target=/data,type=f2fs)=0: Success
[    3.904204] init: [libfs_mgr] mount_with_alternatives(): skipping fstab dup mountpoint=/data rec[6].fs_type=ext4 already mounted as f2fs
[    3.938710] init: [libfs_mgr] umount_retry(): unmount(/data) succeeded
[    3.938905] init: Calling: /system/bin/vdc cryptfs encryptFstab /dev/block/by-name/userdata /data false f2fs false 0  
[    3.948286] libbinder.BackendUnifiedServiceManager: Thread Pool max thread count is 0. Cannot cache binder as linkToDeath cannot be implemented. serviceName: vold
[    3.967640] vold: keystore2 Keystore generateKey returned service specific error: -67
[    3.967858] vold: Failed to generate rollback-resistant key.  This is expected if keystore doesn't support rollback resistance.  Falling back to non-rollback-resistant key.
[    4.593855] test_meminit: all 70 tests in test_kmemcache passed
[    4.702669] test_meminit: all 10 tests in test_rcu_persistent passed
[    4.702912] test_meminit: all 131 tests passed!
[    4.704916] dlkm_loader: Loaded kernel module /vendor/lib/modules/test_meminit.ko
[    4.705398] dlkm_loader: Loading module /vendor/lib/modules/usbip-core.ko with args ''
[    4.772703] dlkm_loader: Loaded kernel module /vendor/lib/modules/usbip-core.ko
[    4.773029] dlkm_loader: Loading module /vendor/lib/modules/v4l2-tpg.ko with args ''
[    4.774693] dlkm_loader: Loaded kernel module /vendor/lib/modules/v4l2-tpg.ko
[    4.774900] dlkm_loader: Loading module /vendor/lib/modules/v4l2loopback.ko with args ''
[    4.775978] v4l2loopback driver version 0.12.7 loaded
[    4.776183] dlkm_loader: Loaded kernel module /vendor/lib/modules/v4l2loopback.ko
[    4.776349] dlkm_loader: Loading module /vendor/lib/modules/vhci-hcd.ko with args ''
[    4.778333] vhci_hcd vhci_hcd.0: USB/IP Virtual Host Controller
[    4.778810] vhci_hcd vhci_hcd.0: new USB bus registered, assigned bus number 2
[    4.779006] vhci_hcd: created sysfs vhci_hcd.0
[    4.779136] usb usb2: New USB device found, idVendor=1d6b, idProduct=0002, bcdDevice= 6.12
[    4.779273] usb usb2: New USB device strings: Mfr=3, Product=2, SerialNumber=1
[    4.779411] usb usb2: Product: USB/IP Virtual Host Controller
[    4.779513] usb usb2: Manufacturer: Linux 6.12.74-android16-6-g3ec022196c4e-ab15076761 vhci_hcd
[    4.779626] usb usb2: SerialNumber: vhci_hcd.0
[    4.780177] hub 2-0:1.0: USB hub found
[    4.780296] hub 2-0:1.0: 8 ports detected
[    4.780566] vhci_hcd vhci_hcd.0: USB/IP Virtual Host Controller
[    4.780729] vhci_hcd vhci_hcd.0: new USB bus registered, assigned bus number 3
[    4.780952] usb usb3: We don't know the algorithms for LPM for this host, disabling LPM.
[    4.781115] usb usb3: New USB device found, idVendor=1d6b, idProduct=0003, bcdDevice= 6.12
[    4.781249] usb usb3: New USB device strings: Mfr=3, Product=2, SerialNumber=1
[    4.781393] usb usb3: Product: USB/IP Virtual Host Controller
[    4.781499] usb usb3: Manufacturer: Linux 6.12.74-android16-6-g3ec022196c4e-ab15076761 vhci_hcd
[    4.781771] usb usb3: SerialNumber: vhci_hcd.0
[    4.781990] hub 3-0:1.0: USB hub found
[    4.782118] hub 3-0:1.0: 8 ports detected
[    4.782974] dlkm_loader: Loaded kernel module /vendor/lib/modules/vhci-hcd.ko
[    4.783345] dlkm_loader: Loading module /vendor/lib/modules/virt_wifi.ko with args ''
[    4.784741] dlkm_loader: Loaded kernel module /vendor/lib/modules/virt_wifi.ko
[    4.785110] dlkm_loader: Loading module /vendor/lib/modules/virtio-media.ko with args ''
[    4.787542] dlkm_loader: Loaded kernel module /vendor/lib/modules/virtio-media.ko
[    4.788005] dlkm_loader: Loading module /vendor/lib/modules/virtio_pmem.ko with args ''
[    4.796885] fsck.f2fs: Info: Automatic fix mode enabled.
[    4.797920] nd_pmem namespace0.0: unable to guarantee persistence of writes
[    4.799002] fsck.f2fs: Info: not exist /proc/version!
[    4.799374] fsck.f2fs: Info: MKFS version
[    4.799530] fsck.f2fs:   "6.17.0-1008-gcp"
[    4.799744] fsck.f2fs: Info: FSCK version
[    4.800488] fsck.f2fs:   from "6.12.74-android16-6-g3ec022196c4e-ab15076761"
[    4.801138] fsck.f2fs:     to "6.12.74-android16-6-g3ec022196c4e-ab15076761"
[    4.803836] nd_pmem namespace1.0: unable to guarantee persistence of writes
[    4.805163] fsck.f2fs: Info: superblock features = 3499 :  encrypt extra_attr project_quota quota verity casefold compression
[    4.805476] fsck.f2fs: Info: superblock encrypt level = 0, salt = 00000000000000000000000000000000
[    4.805718] fsck.f2fs: [update_superblock: 935] Info: Done to update superblock
[    4.805877] fsck.f2fs: Info: Segments per section = 1
[    4.805984] fsck.f2fs: Info: Sections per zone = 1
[    4.806092] fsck.f2fs: Info: total FS sectors = 2097152 (8192 MB)
[    4.806891] dlkm_loader: Loaded kernel module /vendor/lib/modules/virtio_pmem.ko
[    4.809059] dlkm_loader: Loading module /vendor/lib/modules/virtio_snd.ko with args ''
[    4.810405] fsck.f2fs: Info: CKPT version = 58a5b2ab
[    4.810781] fsck.f2fs: Info: Casefold: linear_lookup [disable]
[    4.811053] fsck.f2fs: Info: version timestamp cur: 0, prev: 0
[    4.811220] fsck.f2fs: [update_superblock: 935] Info: Done to update superblock
[    4.812571] fsck.f2fs: Info: checkpoint state = 81 :  nat_bits unmount
[    4.812957] fsck.f2fs: Info: No error was reported
[    4.813091] fsck.f2fs: 
[    4.813163] fsck.f2fs: c, u, RA, CH, CM, Repl=
[    4.813290] fsck.f2fs: 10000 10 10 0 10 0
[    4.820273] init: Unable to set property 'ro.boottime.init.fsck.data' from uid:0 gid:0 pid:407: Read-only property was already set
[    4.822909] F2FS-fs (dm-17): Using encoding defined by superblock: utf8-12.1.0 with flags 0x2
[    4.823317] dlkm_loader: Loaded kernel module /vendor/lib/modules/virtio_snd.ko
[    4.823562] dlkm_loader: module vivid is blocklisted
[    4.823686] dlkm_loader: LoadWithAliases was unable to load vivid, tried: vivid
[    4.823871] dlkm_loader: module vkms is blocklisted
[    4.823978] dlkm_loader: LoadWithAliases was unable to load vkms, tried: vkms
[    4.824203] dlkm_loader: module load count is 34
[    4.832843] F2FS-fs (dm-17): Start checkpoint disabled!
[    4.834681] F2FS-fs (dm-17): f2fs_disable_checkpoint() finish, err:0
[    4.834915] F2FS-fs (dm-17): Mounted with checkpoint version = 58a5b2ac
[    4.835284] init: Unable to set property 'ro.boottime.init.mount.data' from uid:0 gid:0 pid:407: Read-only property was already set
[    4.843114] init: Command 'mount_all --late' action=late-fs (/vendor/etc/init/init.cutf_cvm.rc:73) took 1088ms and succeeded
[    4.843384] init: Service 'vendor.dlkm_loader' (pid 390) exited with status 0 oneshot service took 1.566000 seconds in background
[    4.843574] init: Sending SIGKILL to service 'vendor.dlkm_loader' (pid 390) process group...
[    4.843869] libprocessgroup: Removed cgroup /sys/fs/cgroup/system/uid_0/pid_390
[    4.851424] GUEST_BUILD_FINGERPRINT: generic/aosp_cf_x86_64_only_phone/vsoc_x86_64_only:17/CP2A.260605.016/16373615:userdebug/test-keys
[    4.851520] init: processing action (post-fs-data) from (/system/etc/init/hw/init.rc:663)
[    4.852170] init: starting service 'exec 6 (/system/bin/vdc checkpoint prepareCheckpoint)'...
[    4.853321] libprocessgroup: Created cgroup /sys/fs/cgroup/system/uid_1000/pid_462
[    4.853925] init: ... started service 'exec 6 (/system/bin/vdc checkpoint prepareCheckpoint)' has pid 462
[    4.855885] init: SVC_EXEC service 'exec 6 (/system/bin/vdc checkpoint prepareCheckpoint)' pid 462 (uid 1000 gid 1000+0 context default) started; waiting...
[    4.862184] libbinder.BackendUnifiedServiceManager: Thread Pool max thread count is 0. Cannot cache binder as linkToDeath cannot be implemented. serviceName: vold
[    4.863903] init: Service 'exec 6 (/system/bin/vdc checkpoint prepareCheckpoint)' (pid 462) exited with status 0 waiting took 0.010000 seconds
[    4.864115] init: Sending SIGKILL to service 'exec 6 (/system/bin/vdc checkpoint prepareCheckpoint)' (pid 462) process group...
[    4.864391] libprocessgroup: Removed cgroup /sys/fs/cgroup/system/uid_1000/pid_462
[    4.865257] init: starting service 'exec 7 (/system/bin/vdc --wait cryptfs enablefilecrypto)'...
[    4.866329] libprocessgroup: Created cgroup /sys/fs/cgroup/system/uid_0/pid_464
[    4.866988] init: ... started service 'exec 7 (/system/bin/vdc --wait cryptfs enablefilecrypto)' has pid 464
[    4.867181] init: SVC_EXEC service 'exec 7 (/system/bin/vdc --wait cryptfs enablefilecrypto)' pid 464 (uid 0 gid 0+0 context default) started; waiting...
[    4.877399] libbinder.BackendUnifiedServiceManager: Thread Pool max thread count is 0. Cannot cache binder as linkToDeath cannot be implemented. serviceName: vold
[    4.879423] vold: keystore2 Keystore generateKey returned service specific error: -67
[    4.879570] vold: Failed to generate rollback-resistant key.  This is expected if keystore doesn't support rollback resistance.  Falling back to non-rollback-resistant key.
[    4.882017] init: Service 'exec 7 (/system/bin/vdc --wait cryptfs enablefilecrypto)' (pid 464) exited with status 0 waiting took 0.015000 seconds
[    4.882265] init: Sending SIGKILL to service 'exec 7 (/system/bin/vdc --wait cryptfs enablefilecrypto)' (pid 464) process group...
[    4.883065] libprocessgroup: Removed cgroup /sys/fs/cgroup/system/uid_0/pid_464
[    4.883565] init: Encryption policy of /data/bootchart set to 2ccd2bef278f8d122f7fd8f4d9631591 v2 modes 1/10 flags 0xa
[    4.884072] fscrypt: AES-256-HCTR2 using implementation "hctr2_base(xctr-aes-aesni,polyval-clmulni)"
[    4.884285] init: Command 'copy /data/system/entropy.dat /dev/urandom' action=post-fs-data (/system/etc/init/hw/init.rc:683) took 0ms and failed: Could not read input file '/data/system/entropy.dat': open() failed: No such file or directory
[    4.884820] init: Encryption policy of /data/vendor set to 2ccd2bef278f8d122f7fd8f4d9631591 v2 modes 1/10 flags 0xa
[    4.885200] init: Encryption policy of /data/anr set to 2ccd2bef278f8d122f7fd8f4d9631591 v2 modes 1/10 flags 0xa
[    4.885523] init: Encryption policy of /data/tombstones set to 2ccd2bef278f8d122f7fd8f4d9631591 v2 modes 1/10 flags 0xa
[    4.885969] init: starting service 'tombstoned'...
[    4.886189] init: Created socket '/dev/socket/tombstoned_crash', mode 666, user 1000, group 1000
[    4.886408] init: Created socket '/dev/socket/tombstoned_intercept', mode 666, user 1000, group 1000
[    4.886713] init: Created socket '/dev/socket/tombstoned_java_trace', mode 666, user 1000, group 1000
[    4.887698] libprocessgroup: Created cgroup /sys/fs/cgroup/system/uid_1058
[    4.888221] libprocessgroup: Created cgroup /sys/fs/cgroup/system/uid_1058/pid_468
[    4.890066] init: ... started service 'tombstoned' has pid 468
[    4.890231] init: Command 'enter_default_mount_ns' action=post-fs-data (/system/etc/init/hw/init.rc:696) took 0ms and failed: Failed to switch to default mount namespace.: Invalid argument
[    4.890951] init: Encryption policy of /data/misc set to 2ccd2bef278f8d122f7fd8f4d9631591 v2 modes 1/10 flags 0xa
[    4.891718] init: starting service 'exec 8 (/system/bin/vdc keymaster earlyBootEnded)'...
[    4.892663] libprocessgroup: Created cgroup /sys/fs/cgroup/system/uid_1000/pid_469
[    4.894515] init: ... started service 'exec 8 (/system/bin/vdc keymaster earlyBootEnded)' has pid 469
[    4.894730] init: SVC_EXEC service 'exec 8 (/system/bin/vdc keymaster earlyBootEnded)' pid 469 (uid 1000 gid 1000+0 context default) started; waiting...
[    4.901276] libbinder.BackendUnifiedServiceManager: Thread Pool max thread count is 0. Cannot cache binder as linkToDeath cannot be implemented. serviceName: vold
[    4.906128] fscrypt: AES-256-XTS using blk-crypto-fallback
[    4.913483] init: Service 'exec 8 (/system/bin/vdc keymaster earlyBootEnded)' (pid 469) exited with status 0 waiting took 0.020000 seconds
[    4.913724] init: Sending SIGKILL to service 'exec 8 (/system/bin/vdc keymaster earlyBootEnded)' (pid 469) process group...
[    4.914731] libprocessgroup: Removed cgroup /sys/fs/cgroup/system/uid_1000/pid_469
[    4.915114] init: Encryption policy of /data/property set to 2ccd2bef278f8d122f7fd8f4d9631591 v2 modes 1/10 flags 0xa
[    4.915418] init: Could not load single persistent property file, trying legacy directory: Unable to read persistent property file: open() failed: No such file or directory
[    4.915958] init: start_waiting_for_property("ro.persistent_properties.ready", "true"): already set
[    4.916233] init: starting service 'logd-reinit'...
[    4.916973] libprocessgroup: Created cgroup /sys/fs/cgroup/system/uid_1036/pid_472
[    4.917828] init: ... started service 'logd-reinit' has pid 472
[    4.918072] init: Not setting encryption policy on: /data/apex
[    4.918923] init: Encryption policy of /data/apex/decompressed set to 2ccd2bef278f8d122f7fd8f4d9631591 v2 modes 1/10 flags 0xa
[    4.919516] init: Encryption policy of /data/app-staging set to 2ccd2bef278f8d122f7fd8f4d9631591 v2 modes 1/10 flags 0xa
[    4.919965] init: Encryption policy of /data/apex/ota_reserved set to 2ccd2bef278f8d122f7fd8f4d9631591 v2 modes 1/10 flags 0xa
[    4.920493] init: starting service 'apexd'...
[    4.921469] libprocessgroup: Created cgroup /sys/fs/cgroup/system/uid_0/pid_473
[    4.922480] init: ... started service 'apexd' has pid 473
[    4.922910] init: Command 'copy /data/misc/recovery/ro.build.fingerprint /data/misc/recovery/ro.build.fingerprint.1' action=post-fs-data (/system/etc/init/hw/init.rc:755) took 0ms and failed: Could not read input file '/data/misc/recovery/ro.build.fingerprint': open() failed: No such file or directory
[    4.923803] init: Command 'copy /data/misc/recovery/proc/version /data/misc/recovery/proc/version.1' action=post-fs-data (/system/etc/init/hw/init.rc:762) took 0ms and failed: Could not read input file '/data/misc/recovery/proc/version': open() failed: No such file or directory
[    4.927700] init: Encryption policy of /data/local set to 2ccd2bef278f8d122f7fd8f4d9631591 v2 modes 1/10 flags 0xa
[    4.930628] init: starting service 'exec 9 (/bin/rm -rf /data/misc/virtualizationservice)'...
[    4.932086] libprocessgroup: Created cgroup /sys/fs/cgroup/system/uid_1081
[    4.932137] logd: logd reinit
[    4.932336] logd: Cannot read /data/misc/logd/event-log-tags
[    4.932834] logd: FrameworkListener: read() failed (Connection reset by peer)
[    4.932862] libprocessgroup: Created cgroup /sys/fs/cgroup/system/uid_1081/pid_474
[    4.933855] init: ... started service 'exec 9 (/bin/rm -rf /data/misc/virtualizationservice)' has pid 474
[    4.934120] init: SVC_EXEC service 'exec 9 (/bin/rm -rf /data/misc/virtualizationservice)' pid 474 (uid 1081 gid 1000+0 context default) started; waiting...
[    4.934689] init: Service 'logd-reinit' (pid 472) exited with status 0 oneshot service took 0.017000 seconds in background
[    4.934908] init: Sending SIGKILL to service 'logd-reinit' (pid 472) process group...
[    4.935193] libprocessgroup: Removed cgroup /sys/fs/cgroup/system/uid_1036/pid_472
[    4.943709] apexd: Started. subcommand = (null)
[    4.944442] libbinder.BackendUnifiedServiceManager: Thread Pool max thread count is 0. Cannot cache binder as linkToDeath cannot be implemented. serviceName: vold
[    4.945015] apexd: Scanning /system/apex for pre-installed ApexFiles
[    4.945309] apexd: Found pre-installed APEX /system/apex/com.android.adbd.apex
[    4.945524] apexd: Found pre-installed APEX /system/apex/com.android.adservices.apex
[    4.945765] apexd: Found pre-installed APEX /system/apex/com.android.apex.cts.shim.apex
[    4.945950] apexd: Found pre-installed APEX /system/apex/com.android.appsearch.apex
[    4.946192] init: Service 'exec 9 (/bin/rm -rf /data/misc/virtualizationservice)' (pid 474) exited with status 0 waiting took 0.014000 seconds
[    4.946514] init: Sending SIGKILL to service 'exec 9 (/bin/rm -rf /data/misc/virtualizationservice)' (pid 474) process group...
[    4.946874] libprocessgroup: Removed cgroup /sys/fs/cgroup/system/uid_1081/pid_474
[    4.947289] init: Not setting encryption policy on: /data/preloads
[    4.947744] init: Encryption policy of /data/app-private set to 2ccd2bef278f8d122f7fd8f4d9631591 v2 modes 1/10 flags 0xa
[    4.948120] init: Encryption policy of /data/app-ephemeral set to 2ccd2bef278f8d122f7fd8f4d9631591 v2 modes 1/10 flags 0xa
[    4.948356] init: Encryption policy of /data/app-asec set to 2ccd2bef278f8d122f7fd8f4d9631591 v2 modes 1/10 flags 0xa
[    4.948623] init: Encryption policy of /data/app-lib set to 2ccd2bef278f8d122f7fd8f4d9631591 v2 modes 1/10 flags 0xa
[    4.948897] init: Encryption policy of /data/app set to 2ccd2bef278f8d122f7fd8f4d9631591 v2 modes 1/10 flags 0xa
[    4.949179] init: Encryption policy of /data/app-metadata set to 2ccd2bef278f8d122f7fd8f4d9631591 v2 modes 1/10 flags 0xa
[    4.949411] init: Encryption policy of /data/fonts set to 2ccd2bef278f8d122f7fd8f4d9631591 v2 modes 1/10 flags 0xa
[    4.950023] init: Encryption policy of /data/dalvik-cache set to 2ccd2bef278f8d122f7fd8f4d9631591 v2 modes 1/10 flags 0xa
[    4.950328] init: Encryption policy of /data/ota set to 2ccd2bef278f8d122f7fd8f4d9631591 v2 modes 1/10 flags 0xa
[    4.950599] apexd: Found pre-installed APEX /system/apex/com.android.art.apex
[    4.950780] apexd: Found pre-installed APEX /system/apex/com.android.bt.apex
[    4.950915] apexd: Found pre-installed APEX /system/apex/com.android.cellbroadcast.apex
[    4.951106] apexd: Found pre-installed APEX /system/apex/com.android.configinfrastructure.apex
[    4.951261] apexd: Found pre-installed APEX /system/apex/com.android.conscrypt.apex
[    4.951401] apexd: Found pre-installed APEX /system/apex/com.android.crashrecovery.apex
[    4.951540] apexd: Found pre-installed APEX /system/apex/com.android.devicelock.apex
[    4.951682] apexd: Found pre-installed APEX /system/apex/com.android.extservices.apex
[    4.951821] apexd: Found pre-installed APEX /system/apex/com.android.healthfitness.apex
[    4.951981] apexd: Found pre-installed APEX /system/apex/com.android.i18n.apex
[    4.952112] apexd: Found pre-installed APEX /system/apex/com.android.ipsec.apex
[    4.952254] apexd: Found pre-installed APEX /system/apex/com.android.media.apex
[    4.952388] apexd: Found pre-installed APEX /system/apex/com.android.media.swcodec.apex
[    4.952521] apexd: Found pre-installed APEX /system/apex/com.android.mediaprovider.apex
[    4.952676] apexd: Found pre-installed APEX /system/apex/com.android.neuralnetworks.apex
[    4.952825] apexd: Found pre-installed APEX /system/apex/com.android.nfcservices.apex
[    4.952987] apexd: Found pre-installed APEX /system/apex/com.android.npumanager.apex
[    4.953123] apexd: Found pre-installed APEX /system/apex/com.android.ondevicepersonalization.apex
[    4.953274] apexd: Found pre-installed APEX /system/apex/com.android.os.statsd.apex
[    4.953479] apexd: Found pre-installed APEX /system/apex/com.android.permission.apex
[    4.953632] apexd: Found pre-installed APEX /system/apex/com.android.profiling.apex
[    4.953799] apexd: Found pre-installed APEX /system/apex/com.android.resolv.apex
[    4.953966] apexd: Found pre-installed APEX /system/apex/com.android.rkpd.apex
[    4.954103] apexd: Found pre-installed APEX /system/apex/com.android.runtime.apex
[    4.954239] apexd: Found pre-installed APEX /system/apex/com.android.scheduling.apex
[    4.954372] apexd: Found pre-installed APEX /system/apex/com.android.sdkext.apex
[    4.954691] apexd: Found pre-installed APEX /system/apex/com.android.telephonycore.apex
[    4.955075] init: Encryption policy of /data/ota_package set to 2ccd2bef278f8d122f7fd8f4d9631591 v2 modes 1/10 flags 0xa
[    4.955103] apexd: Found pre-installed APEX /system/apex/com.android.tethering.apex
[    4.955463] init: Encryption policy of /data/resource-cache set to 2ccd2bef278f8d122f7fd8f4d9631591 v2 modes 1/10 flags 0xa
[    4.955521] apexd: Found pre-installed APEX /system/apex/com.android.tzdata.apex
[    4.955707] init: Not setting encryption policy on: /data/lost+found
[    4.955939] apexd: Found pre-installed APEX /system/apex/com.android.uprobestats.apex
[    4.956178] apexd: Found pre-installed APEX /system/apex/com.android.uwb.apex
[    4.956194] init: Encryption policy of /data/drm set to 2ccd2bef278f8d122f7fd8f4d9631591 v2 modes 1/10 flags 0xa
[    4.956346] apexd: Found pre-installed APEX /system/apex/com.android.virt.apex
[    4.956615] init: Encryption policy of /data/mediadrm set to 2ccd2bef278f8d122f7fd8f4d9631591 v2 modes 1/10 flags 0xa
[    4.956709] apexd: Found pre-installed APEX /system/apex/com.android.webapp.apex
[    4.956952] init: Encryption policy of /data/nfc set to 2ccd2bef278f8d122f7fd8f4d9631591 v2 modes 1/10 flags 0xa
[    4.957041] apexd: Found pre-installed APEX /system/apex/com.android.wifi.apex
[    4.957404] init: Encryption policy of /data/backup set to 2ccd2bef278f8d122f7fd8f4d9631591 v2 modes 1/10 flags 0xa
[    4.957490] init: Encryption policy of /data/ss set to 2ccd2bef278f8d122f7fd8f4d9631591 v2 modes 1/10 flags 0xa
[    4.957714] apexd: Scanning /system_ext/apex for pre-installed ApexFiles
[    4.957919] init: Encryption policy of /data/system set to 2ccd2bef278f8d122f7fd8f4d9631591 v2 modes 1/10 flags 0xa
[    4.958035] apexd: Found pre-installed APEX /system_ext/apex/com.android.compos.apex
[    4.958352] apexd: Found pre-installed APEX /system_ext/apex/com.android.hardware.biometrics.face.virtual.apex
[    4.958666] apexd: Found pre-installed APEX /system_ext/apex/com.android.hardware.biometrics.fingerprint.virtual.apex
[    4.958923] apexd: Found pre-installed APEX /system_ext/apex/com.android.vndk.v31.apex
[    4.959089] apexd: Found pre-installed APEX /system_ext/apex/com.android.vndk.v32.apex
[    4.959266] apexd: Found pre-installed APEX /system_ext/apex/com.android.vndk.v33.apex
[    4.959356] init: Not setting encryption policy on: /data/media
[    4.959425] apexd: Found pre-installed APEX /system_ext/apex/com.android.vndk.v34.apex
[    4.959586] init: Not setting encryption policy on: /data/misc_ce
[    4.959728] apexd: Scanning /product/apex for pre-installed ApexFiles
[    4.959865] init: Not setting encryption policy on: /data/misc_de
[    4.959960] apexd: /product/apex does not exist. Skipping
[    4.960106] init: Not setting encryption policy on: /data/system_ce
[    4.960189] apexd: Scanning /vendor/apex for pre-installed ApexFiles
[    4.960350] init: Not setting encryption policy on: /data/system_de
[    4.960619] init: Not setting encryption policy on: /data/user
[    4.960623] apexd: Found pre-installed APEX /vendor/apex/com.android.hardware.audio.apex
[    4.960788] init: Not setting encryption policy on: /data/user_de
[    4.960928] apexd: Found pre-installed APEX /vendor/apex/com.android.hardware.authsecret.apex
[    4.961093] init: Not setting encryption policy on: /data/vendor_ce
[    4.961280] apexd: Found pre-installed APEX /vendor/apex/com.android.hardware.boot.apex
[    4.961431] init: Not setting encryption policy on: /data/vendor_de
[    4.961583] apexd: Found pre-installed APEX /vendor/apex/com.android.hardware.cas.apex
[    4.961758] init: Not setting encryption policy on: /data/storage_area
[    4.961922] apexd: Found pre-installed APEX /vendor/apex/com.android.hardware.contexthub.apex
[    4.962157] init: starting service 'casefolding_remover'...
[    4.962243] apexd: Found pre-installed APEX /vendor/apex/com.android.hardware.drm.clearkey.apex
[    4.962623] apexd: Found pre-installed APEX /vendor/apex/com.android.hardware.dumpstate.apex
[    4.962901] apexd: Found pre-installed APEX /vendor/apex/com.android.hardware.gatekeeper.cf_remote.apex
[    4.963126] apexd: Found pre-installed APEX /vendor/apex/com.android.hardware.gatekeeper.nonsecure.apex
[    4.963322] apexd: Found pre-installed APEX /vendor/apex/com.android.hardware.gnss.apex
[    4.963418] libprocessgroup: Created cgroup /sys/fs/cgroup/system/uid_1023
[    4.963492] apexd: Found pre-installed APEX /vendor/apex/com.android.hardware.graphics.composer.drm_hwcomposer.apex
[    4.963857] apexd: Found pre-installed APEX /vendor/apex/com.android.hardware.graphics.composer.ranchu.apex
[    4.964026] libprocessgroup: Created cgroup /sys/fs/cgroup/system/uid_1023/pid_475
[    4.964058] apexd: Found pre-installed APEX /vendor/apex/com.android.hardware.input.processor.apex
[    4.964360] apexd: Found pre-installed APEX /vendor/apex/com.android.hardware.keymint.rust_cf_guest_trusty_nonsecure.apex
[    4.964620] apexd: Found pre-installed APEX /vendor/apex/com.android.hardware.keymint.rust_cf_remote.apex
[    4.964849] apexd: Found pre-installed APEX /vendor/apex/com.android.hardware.keymint.rust_nonsecure.apex
[    4.966750] apexd: Found pre-installed APEX /vendor/apex/com.android.hardware.memtrack.apex
[    4.966971] apexd: Found pre-installed APEX /vendor/apex/com.android.hardware.net.nlinterceptor.apex
[    4.967302] apexd: Found pre-installed APEX /vendor/apex/com.android.hardware.neuralnetworks.apex
[    4.967634] apexd: Found pre-installed APEX /vendor/apex/com.android.hardware.power.apex
[    4.967688] init: ... started service 'casefolding_remover' has pid 475
[    4.967812] apexd: Found pre-installed APEX /vendor/apex/com.android.hardware.rebootescrow.apex
[    4.968109] apexd: Found pre-installed APEX /vendor/apex/com.android.hardware.secure_element.apex
[    4.968293] apexd: Found pre-installed APEX /vendor/apex/com.android.hardware.security.authgraph.apex
[    4.968484] apexd: Found pre-installed APEX /vendor/apex/com.android.hardware.security.secretkeeper.apex
[    4.968683] apexd: Found pre-installed APEX /vendor/apex/com.android.hardware.tetheroffload.apex
[    4.968861] apexd: Found pre-installed APEX /vendor/apex/com.android.hardware.thermal.apex
[    4.969028] apexd: Found pre-installed APEX /vendor/apex/com.android.hardware.threadnetwork.apex
[    4.969220] apexd: Found pre-installed APEX /vendor/apex/com.android.hardware.usb.apex
[    4.969389] apexd: Found pre-installed APEX /vendor/apex/com.android.hardware.uwb.apex
[    4.969551] apexd: Found pre-installed APEX /vendor/apex/com.android.hardware.vibrator.apex
[    4.969722] apexd: Found pre-installed APEX /vendor/apex/com.android.hardware.wifi.apex
[    4.969882] apexd: Found pre-installed APEX /vendor/apex/com.google.cf.bt.apex
[    4.970030] apexd: Found pre-installed APEX /vendor/apex/com.google.cf.confirmationui.apex
[    4.970186] apexd: Found pre-installed APEX /vendor/apex/com.google.cf.disabled.apex
[    4.970354] apexd: Found pre-installed APEX /vendor/apex/com.google.cf.gralloc.apex
[    4.970656] apexd: Found pre-installed APEX /vendor/apex/com.google.cf.health.apex
[    4.971043] apexd: Found pre-installed APEX /vendor/apex/com.google.cf.identity.apex
[    4.971209] apexd: Found pre-installed APEX /vendor/apex/com.google.cf.input.config.apex
[    4.971378] apexd: Found pre-installed APEX /vendor/apex/com.google.cf.ir.apex
[    4.971542] apexd: Found pre-installed APEX /vendor/apex/com.google.cf.light.apex
[    4.971725] apexd: Found pre-installed APEX /vendor/apex/com.google.cf.nfc.apex
[    4.971900] apexd: Found pre-installed APEX /vendor/apex/com.google.cf.oemlock.apex
[    4.972077] apexd: Found pre-installed APEX /vendor/apex/com.google.cf.rild.apex
[    4.972232] apexd: Found pre-installed APEX /vendor/apex/com.google.cf.vulkan.apex
[    4.972429] apexd: Found pre-installed APEX /vendor/apex/com.google.cf.wifi.apex
[    4.972597] apexd: Found pre-installed APEX /vendor/apex/com.google.cf.wpa_supplicant.apex
[    4.972792] apexd: Found pre-installed APEX /vendor/apex/com.google.emulated.camera.provider.hal.apex
[    4.972981] apexd: Found pre-installed APEX /vendor/apex/com.google.emulated.camera.provider.hal.v4l2.apex
[    4.973176] apexd: Scanning /odm/apex for pre-installed ApexFiles
[    4.973322] apexd: /odm/apex does not exist. Skipping
[    4.987856] init: Wait for property 'ro.casefolding.adjusted=1' took 19ms
[    4.991850] init: Service 'casefolding_remover' (pid 475) exited with status 0 oneshot service took 0.028000 seconds in background
[    4.992077] init: Sending SIGKILL to service 'casefolding_remover' (pid 475) process group...
[    4.992363] libprocessgroup: Removed cgroup /sys/fs/cgroup/system/uid_1023/pid_475
[    4.995552] apexd: Skipping APEX at path /vendor/apex/com.android.hardware.gatekeeper.cf_remote.apex because it does not match expected multi-install APEX property for com.android.hardware.gatekeeper
[    4.995969] apexd: Skipping APEX at path /vendor/apex/com.android.hardware.graphics.composer.drm_hwcomposer.apex because it does not match expected multi-install APEX property for com.android.hardware.graphics.composer
[    4.996585] apexd: Skipping APEX at path /vendor/apex/com.android.hardware.keymint.rust_cf_guest_trusty_nonsecure.apex because it does not match expected multi-install APEX property for com.android.hardware.keymint
[    4.996998] apexd: Skipping APEX at path /vendor/apex/com.android.hardware.keymint.rust_cf_remote.apex because it does not match expected multi-install APEX property for com.android.hardware.keymint
[    4.997403] apexd: Skipping APEX at path /vendor/apex/com.google.cf.disabled.apex because it's disabled via sysprop.
[    4.997689] apexd: Skipping APEX at path /vendor/apex/com.google.emulated.camera.provider.hal.v4l2.apex because it does not match expected multi-install APEX property for com.google.emulated.camera.provider.hal
[    4.998146] apexd: Successfully scanned 87 preinstalled APEXes duration=53ms
[    4.998336] apexd: Populating APEX database from mounts...
[    4.998708] apexd: Found "/apex/com.android.hardware.drm.clearkey@1" backed by file /vendor/apex/com.android.hardware.drm.clearkey.apex
[    4.998978] apexd: Found "/apex/com.android.hardware.boot@1" backed by file /vendor/apex/com.android.hardware.boot.apex
[    4.999213] apexd: Found "/apex/com.google.cf.wifi@1" backed by file /vendor/apex/com.google.cf.wifi.apex
[    4.999399] apexd: Found "/apex/com.android.virt@370399999" backed by file /system/apex/com.android.virt.apex
[    4.999754] apexd: Found "/apex/com.android.hardware.neuralnetworks@1" backed by file /vendor/apex/com.android.hardware.neuralnetworks.apex
[    5.000023] apexd: Found "/apex/com.google.cf.gralloc@1" backed by file /vendor/apex/com.google.cf.gralloc.apex
[    5.000246] apexd: Found "/apex/com.android.hardware.usb@1" backed by file /vendor/apex/com.android.hardware.usb.apex
[    5.000491] apexd: Found "/apex/com.google.cf.wpa_supplicant@1" backed by file /vendor/apex/com.google.cf.wpa_supplicant.apex
[    5.000764] apexd: Found "/apex/com.android.hardware.authsecret@1" backed by file /vendor/apex/com.android.hardware.authsecret.apex
[    5.001058] apexd: Found "/apex/com.android.os.statsd@370399999" backed by file /system/apex/com.android.os.statsd.apex
[    5.001358] apexd: Found "/apex/com.android.hardware.input.processor@1" backed by file /vendor/apex/com.android.hardware.input.processor.apex
[    5.001677] apexd: Found "/apex/com.android.i18n@1" backed by file /system/apex/com.android.i18n.apex
[    5.001886] apexd: Found "/apex/com.google.cf.light@1" backed by file /vendor/apex/com.google.cf.light.apex
[    5.002148] apexd: Found "/apex/com.android.rkpd@370399999" backed by file /system/apex/com.android.rkpd.apex
[    5.002383] apexd: Found "/apex/com.android.hardware.gatekeeper@1" backed by file /vendor/apex/com.android.hardware.gatekeeper.nonsecure.apex
[    5.003050] apexd: Found "/apex/com.android.hardware.uwb@1" backed by file /vendor/apex/com.android.hardware.uwb.apex
[    5.003310] apexd: Found "/apex/com.android.permission@370399999" backed by file /system/apex/com.android.permission.apex
[    5.003539] apexd: Found "/apex/com.android.resolv@370399999" backed by file /system/apex/com.android.resolv.apex
[    5.003792] apexd: Found "/apex/com.google.cf.oemlock@1" backed by file /vendor/apex/com.google.cf.oemlock.apex
[    5.004024] apexd: Found "/apex/com.google.emulated.camera.provider.hal@1" backed by file /vendor/apex/com.google.emulated.camera.provider.hal.apex
[    5.004307] apexd: Found "/apex/com.android.ipsec@370399999" backed by file /system/apex/com.android.ipsec.apex
[    5.004617] apexd: Found "/apex/com.android.hardware.vibrator@1" backed by file /vendor/apex/com.android.hardware.vibrator.apex
[    5.004883] apexd: Found "/apex/com.android.profiling@370399999" backed by file /system/apex/com.android.profiling.apex
[    5.005112] apexd: Found "/apex/com.android.hardware.rebootescrow@1" backed by file /vendor/apex/com.android.hardware.rebootescrow.apex
[    5.005371] apexd: Found "/apex/com.android.hardware.threadnetwork@1" backed by file /vendor/apex/com.android.hardware.threadnetwork.apex
[    5.005617] apexd: Found "/apex/com.android.hardware.tetheroffload@1" backed by file /vendor/apex/com.android.hardware.tetheroffload.apex
[    5.005944] apexd: Found "/apex/com.android.hardware.biometrics.fingerprint.virtual@1" backed by file /system_ext/apex/com.android.hardware.biometrics.fingerprint.virtual.apex
[    5.006176] init: Encryption policy of /data/cache set to 2ccd2bef278f8d122f7fd8f4d9631591 v2 modes 1/10 flags 0xa
[    5.006325] apexd: Found "/apex/com.android.compos@370399999" backed by file /system_ext/apex/com.android.compos.apex
[    5.006720] apexd: Found "/apex/com.android.hardware.ir@1" backed by file /vendor/apex/com.google.cf.ir.apex
[    5.006968] apexd: Found "/apex/com.android.vndk.v31@1" backed by file /system_ext/apex/com.android.vndk.v31.apex
[    5.006996] init: Encryption policy of /data/rollback set to 2ccd2bef278f8d122f7fd8f4d9631591 v2 modes 1/10 flags 0xa
[    5.007270] apexd: Found "/apex/com.android.hardware.graphics.composer@1" backed by file /vendor/apex/com.android.hardware.graphics.composer.ranchu.apex
[    5.007437] init: Encryption policy of /data/rollback-observer set to 2ccd2bef278f8d122f7fd8f4d9631591 v2 modes 1/10 flags 0xa
[    5.007762] apexd: Found "/apex/com.android.vndk.v34@1" backed by file /system_ext/apex/com.android.vndk.v34.apex
[    5.007975] apexd: Found "/apex/com.google.cf.vulkan@1" backed by file /vendor/apex/com.google.cf.vulkan.apex
[    5.008054] init: Encryption policy of /data/rollback-history set to 2ccd2bef278f8d122f7fd8f4d9631591 v2 modes 1/10 flags 0xa
[    5.008394] apexd: Found "/apex/com.android.hardware.secure_element@1" backed by file /vendor/apex/com.android.hardware.secure_element.apex
[    5.008441] init: Encryption policy of /data/incremental set to 2ccd2bef278f8d122f7fd8f4d9631591 v2 modes 1/10 flags 0xa
[    5.008694] apexd: Found "/apex/com.android.hardware.net.nlinterceptor@1" backed by file /vendor/apex/com.android.hardware.net.nlinterceptor.apex
[    5.009088] apexd: Found "/apex/com.android.uprobestats@370399999" backed by file /system/apex/com.android.uprobestats.apex
[    5.009311] apexd: Found "/apex/com.android.npumanager@370399999" backed by file /system/apex/com.android.npumanager.apex
[    5.009550] apexd: Found "/apex/com.android.uwb@370399999" backed by file /system/apex/com.android.uwb.apex
[    5.009781] apexd: Found "/apex/com.android.tethering@370399999" backed by file /system/apex/com.android.tethering.apex
[    5.010006] apexd: Found "/apex/com.android.hardware.memtrack@1" backed by file /vendor/apex/com.android.hardware.memtrack.apex
[    5.010263] apexd: Found "/apex/com.android.scheduling@370399999" backed by file /system/apex/com.android.scheduling.apex
[    5.010975] apexd: Found "/apex/com.android.hardware.gnss@1" backed by file /vendor/apex/com.android.hardware.gnss.apex
[    5.011193] apexd: Found "/apex/com.android.crashrecovery@370399999" backed by file /system/apex/com.android.crashrecovery.apex
[    5.011408] apexd: Found "/apex/com.android.runtime@1" backed by file /system/apex/com.android.runtime.apex
[    5.011576] apexd: Found "/apex/com.android.webapp@370399999" backed by file /system/apex/com.android.webapp.apex
[    5.011797] apexd: Found "/apex/com.android.extservices@370399999" backed by file /system/apex/com.android.extservices.apex
[    5.011980] apexd: Found "/apex/com.google.cf.input.config@1" backed by file /vendor/apex/com.google.cf.input.config.apex
[    5.012158] apexd: Found "/apex/com.android.adservices@370399999" backed by file /system/apex/com.android.adservices.apex
[    5.012356] apexd: Found "/apex/com.android.hardware.power@1" backed by file /vendor/apex/com.android.hardware.power.apex
[    5.012540] apexd: Found "/apex/com.android.hardware.security.secretkeeper@1" backed by file /vendor/apex/com.android.hardware.security.secretkeeper.apex
[    5.012792] apexd: Found "/apex/com.android.hardware.thermal@1" backed by file /vendor/apex/com.android.hardware.thermal.apex
[    5.013023] apexd: Found "/apex/com.android.nfcservices@370399999" backed by file /system/apex/com.android.nfcservices.apex
[    5.013209] apexd: Found "/apex/com.android.media.swcodec@370399999" backed by file /system/apex/com.android.media.swcodec.apex
[    5.013459] apexd: Found "/apex/com.google.cf.confirmationui@1" backed by file /vendor/apex/com.google.cf.confirmationui.apex
[    5.013692] apexd: Found "/apex/com.android.hardware.dumpstate@1" backed by file /vendor/apex/com.android.hardware.dumpstate.apex
[    5.013905] apexd: Found "/apex/com.google.cf.health@1" backed by file /vendor/apex/com.google.cf.health.apex
[    5.014092] apexd: Found "/apex/com.google.cf.rild@1" backed by file /vendor/apex/com.google.cf.rild.apex
[    5.014249] apexd: Found "/apex/com.android.ondevicepersonalization@370399999" backed by file /system/apex/com.android.ondevicepersonalization.apex
[    5.014559] apexd: Found "/apex/com.android.sdkext@370399999" backed by file /system/apex/com.android.sdkext.apex
[    5.014810] apexd: Found "/apex/com.android.hardware.biometrics.face.virtual@2" backed by file /system_ext/apex/com.android.hardware.biometrics.face.virtual.apex
[    5.015074] apexd: Found "/apex/com.android.hardware.keymint@1" backed by file /vendor/apex/com.android.hardware.keymint.rust_nonsecure.apex
[    5.015319] apexd: Found "/apex/com.android.configinfrastructure@370399999" backed by file /system/apex/com.android.configinfrastructure.apex
[    5.015553] apexd: Found "/apex/com.android.hardware.security.authgraph@1" backed by file /vendor/apex/com.android.hardware.security.authgraph.apex
[    5.015797] apexd: Found "/apex/com.android.telephonycore@370399999" backed by file /system/apex/com.android.telephonycore.apex
[    5.016013] apexd: Found "/apex/com.google.cf.bt@1" backed by file /vendor/apex/com.google.cf.bt.apex
[    5.016181] apexd: Found "/apex/com.google.cf.identity@1" backed by file /vendor/apex/com.google.cf.identity.apex
[    5.016378] apexd: Found "/apex/com.android.hardware.contexthub@1" backed by file /vendor/apex/com.android.hardware.contexthub.apex
[    5.016735] apexd: Found "/apex/com.android.neuralnetworks@370399999" backed by file /system/apex/com.android.neuralnetworks.apex
[    5.016968] apexd: Found "/apex/com.android.vndk.v33@1" backed by file /system_ext/apex/com.android.vndk.v33.apex
[    5.017163] apexd: Found "/apex/com.android.cellbroadcast@370399999" backed by file /system/apex/com.android.cellbroadcast.apex
[    5.017385] apexd: Found "/apex/com.android.wifi@370399999" backed by file /system/apex/com.android.wifi.apex
[    5.017577] apexd: Found "/apex/com.android.art@370399999" backed by file /system/apex/com.android.art.apex
[    5.017783] apexd: Found "/apex/com.android.hardware.audio@1" backed by file /vendor/apex/com.android.hardware.audio.apex
[    5.018018] apexd: Found "/apex/com.android.devicelock@1" backed by file /system/apex/com.android.devicelock.apex
[    5.018305] apexd: Found "/apex/com.android.healthfitness@370399999" backed by file /system/apex/com.android.healthfitness.apex
[    5.018637] apexd: Found "/apex/com.android.tzdata@370399999" backed by file /system/apex/com.android.tzdata.apex
[    5.018915] apexd: Found "/apex/com.android.vndk.v32@1" backed by file /system_ext/apex/com.android.vndk.v32.apex
[    5.019182] apexd: Found "/apex/com.android.adbd@370399999" backed by file /system/apex/com.android.adbd.apex
[    5.019423] apexd: Found "/apex/com.android.hardware.wifi@1" backed by file /vendor/apex/com.android.hardware.wifi.apex
[    5.019679] apexd: Found "/apex/com.android.appsearch@370399999" backed by file /system/apex/com.android.appsearch.apex
[    5.019913] apexd: Found "/apex/com.android.mediaprovider@370399999" backed by file /system/apex/com.android.mediaprovider.apex
[    5.020165] apexd: Found "/apex/com.android.apex.cts.shim@1" backed by file /system/apex/com.android.apex.cts.shim.apex
[    5.020417] apexd: Found "/apex/com.android.media@370399999" backed by file /system/apex/com.android.media.apex
[    5.020667] apexd: Found "/apex/com.android.bt@370399999" backed by file /system/apex/com.android.bt.apex
[    5.020872] apexd: Found "/apex/com.android.hardware.cas@1" backed by file /vendor/apex/com.android.hardware.cas.apex
[    5.021107] apexd: Found "/apex/com.android.conscrypt@370399999" backed by file /system/apex/com.android.conscrypt.apex
[    5.021340] apexd: Found "/apex/com.google.cf.nfc@1" backed by file /vendor/apex/com.google.cf.nfc.apex
[    5.021580] apexd: 87 packages restored.
[    5.021685] apexd: Marking APEXd as starting
[    5.022333] apexd: OnStart done, duration=0
[    5.022521] libbinder.AidlLazyServiceRegistrar: Registering service apexservice
[    5.023206] apexd: Marking APEXd as activated
[    5.023478] init: Wait for property 'apexd.status=activated' took 13ms
[    5.023879] servicemanager: Notifying apexservice they do (previously: don't) have clients when service is guaranteed to be in use
[    5.024229] libbinder.AidlLazyServiceRegistrar: Process has 1 (of 1 available) client(s) in use after notification apexservice has clients: 1
[    5.024491] libbinder.AidlLazyServiceRegistrar: Shutdown prevented by forcePersist override flag.
[    5.025041] apexd: getActivePackages received by ApexService
[    5.033462] init: Wait for property 'keystore.module_hash.sent=true' took 9ms
[    5.039484] init: starting service 'system_aconfigd_socket_service'...
[    5.039739] init: Created socket '/dev/socket/aconfigd_system', mode 666, user 1000, group 1000
[    5.040626] libprocessgroup: Created cgroup /sys/fs/cgroup/system/uid_1000/pid_572
[    5.041414] init: ... started service 'system_aconfigd_socket_service' has pid 572
[    5.041870] init: starting service 'mainline_aconfigd_init'...
[    5.042902] libprocessgroup: Created cgroup /sys/fs/cgroup/system/uid_1000/pid_573
[    5.043836] init: ... started service 'mainline_aconfigd_init' has pid 573
[    5.043995] init: SVC_EXEC service 'mainline_aconfigd_init' pid 573 (uid 1000 gid 1000+0 context default) started; waiting...
[    5.061626] init: Service 'system_aconfigd_socket_service' (pid 572) exited with status 0 oneshot service took 0.021000 seconds in background
[    5.061860] init: Sending SIGKILL to service 'system_aconfigd_socket_service' (pid 572) process group...
[    5.062125] libprocessgroup: Removed cgroup /sys/fs/cgroup/system/uid_1000/pid_572
[    5.479146] init: Service 'mainline_aconfigd_init' (pid 573) exited with status 0 waiting took 0.436000 seconds
[    5.479560] init: Sending SIGKILL to service 'mainline_aconfigd_init' (pid 573) process group...
[    5.480081] libprocessgroup: Removed cgroup /sys/fs/cgroup/system/uid_1000/pid_573
[    5.480958] init: starting service 'mainline_aconfigd_socket_service'...
[    5.481299] init: Created socket '/dev/socket/aconfigd_mainline', mode 666, user 1000, group 1000
[    5.482995] libprocessgroup: Created cgroup /sys/fs/cgroup/system/uid_1000/pid_574
[    5.484247] init: ... started service 'mainline_aconfigd_socket_service' has pid 574
[    5.485504] init: starting service 'derive_sdk'...
[    5.486946] libprocessgroup: Created cgroup /sys/fs/cgroup/system/uid_9999/pid_575
[    5.489256] init: ... started service 'derive_sdk' has pid 575
[    5.489421] init: SVC_EXEC service 'derive_sdk' pid 575 (uid 9999 gid 9999+0 context default) started; waiting...
[    5.492786] init: Service 'mainline_aconfigd_socket_service' (pid 574) exited with status 0 oneshot service took 0.009000 seconds in background
[    5.493042] init: Sending SIGKILL to service 'mainline_aconfigd_socket_service' (pid 574) process group...
[    5.493301] libprocessgroup: Removed cgroup /sys/fs/cgroup/system/uid_1000/pid_574
[    5.504457] init: Service 'derive_sdk' (pid 575) exited with status 0 waiting took 0.017000 seconds
[    5.504626] init: Sending SIGKILL to service 'derive_sdk' (pid 575) process group...
[    5.504856] libprocessgroup: Removed cgroup /sys/fs/cgroup/system/uid_9999/pid_575
[    5.505498] init: starting service 'exec 10 (/system/bin/vdc --wait cryptfs init_user0)'...
[    5.506269] libprocessgroup: Created cgroup /sys/fs/cgroup/system/uid_0/pid_576
[    5.506983] init: ... started service 'exec 10 (/system/bin/vdc --wait cryptfs init_user0)' has pid 576
[    5.507157] init: SVC_EXEC service 'exec 10 (/system/bin/vdc --wait cryptfs init_user0)' pid 576 (uid 0 gid 0+0 context default) started; waiting...
[    5.520541] libbinder.BackendUnifiedServiceManager: Thread Pool max thread count is 0. Cannot cache binder as linkToDeath cannot be implemented. serviceName: vold
[    5.523917] vold: keystore2 Keystore generateKey returned service specific error: -67
[    5.524151] vold: Failed to generate rollback-resistant key.  This is expected if keystore doesn't support rollback resistance.  Falling back to non-rollback-resistant key.
[    5.553381] init: Service 'exec 10 (/system/bin/vdc --wait cryptfs init_user0)' (pid 576) exited with status 0 waiting took 0.047000 seconds
[    5.553694] init: Sending SIGKILL to service 'exec 10 (/system/bin/vdc --wait cryptfs init_user0)' (pid 576) process group...
[    5.554107] libprocessgroup: Removed cgroup /sys/fs/cgroup/system/uid_0/pid_576
[    5.589642] selinux: SELinux: Skipping restorecon on directory(/data/system/shutdown-checkpoints)
[    5.606196] init: Command 'restorecon --recursive --skip-ce /data' action=post-fs-data (/system/etc/init/hw/init.rc:1045) took 51ms and succeeded
[    5.606808] init: starting service 'derive_classpath'...
[    5.607847] libprocessgroup: Created cgroup /sys/fs/cgroup/system/uid_1000/pid_578
[    5.609035] init: ... started service 'derive_classpath' has pid 578
[    5.609737] init: SVC_EXEC service 'derive_classpath' pid 578 (uid 1000 gid 1000+1 context default) started; waiting...
[    5.643259] init: Service 'derive_classpath' (pid 578) exited with status 0 waiting took 0.035000 seconds
[    5.643477] init: Sending SIGKILL to service 'derive_classpath' (pid 578) process group...
[    5.643781] libprocessgroup: Removed cgroup /sys/fs/cgroup/system/uid_1000/pid_578
[    5.644818] init: starting service 'art_boot'...
[    5.645903] libprocessgroup: Created cgroup /sys/fs/cgroup/system/uid_0/pid_579
[    5.646914] init: ... started service 'art_boot' has pid 579
[    5.647050] init: SVC_EXEC service 'art_boot' pid 579 (uid 0 gid 0+0 context default) started; waiting...
[    5.658795] init: Service 'art_boot' (pid 579) exited with status 0 waiting took 0.012000 seconds
[    5.658995] init: Sending SIGKILL to service 'art_boot' (pid 579) process group...
[    5.659231] libprocessgroup: Removed cgroup /sys/fs/cgroup/system/uid_0/pid_579
[    5.659864] init: starting service 'odsign'...
[    5.660730] libprocessgroup: Created cgroup /sys/fs/cgroup/system/uid_0/pid_580
[    5.661561] init: ... started service 'odsign' has pid 580
[    6.046286] fs-verity: sha256 using implementation "sha256-ni" (multibuffer)
[    6.050413] init: Wait for property 'odsign.key.done=1' took 388ms
[    6.051259] init: Sending SIGKILL to service 'odsign' (pid 580) process group...
[    6.052227] libprocessgroup: Removed cgroup /sys/fs/cgroup/system/uid_0/pid_580
[    6.052539] init: Control message: Processed ctl.stop for 'odsign' from pid: 580 (/system/bin/odsign)
[    6.052903] init: starting service 'apexd-snapshotde'...
[    6.054900] libprocessgroup: Created cgroup /sys/fs/cgroup/system/uid_0/pid_583
[    6.056272] init: ... started service 'apexd-snapshotde' has pid 583
[    6.056578] init: SVC_EXEC service 'apexd-snapshotde' pid 583 (uid 0 gid 1000+0 context default) started; waiting...
[    6.056951] init: Service 'odsign' (pid 580) received SIGKILL
[    6.057134] init: Sending SIGKILL to service 'odsign' (pid 580) process group...
[    6.057368] libprocessgroup: Failed to write 1 to /sys/fs/cgroup/system/uid_0/pid_580/cgroup.kill: No such file or directory
[    6.074377] apexd: Started. subcommand = --snapshotde
[    6.075729] libbinder.BackendUnifiedServiceManager: Thread Pool max thread count is 0. Cannot cache binder as linkToDeath cannot be implemented. serviceName: vold
[    6.076580] apexd-snapshotde: Marking APEXd as ready
[    6.077850] init: Service 'apexd-snapshotde' (pid 583) exited with status 0 waiting took 0.023000 seconds
[    6.078061] init: Sending SIGKILL to service 'apexd-snapshotde' (pid 583) process group...
[    6.078377] libprocessgroup: Removed cgroup /sys/fs/cgroup/system/uid_0/pid_583
[    6.082584] init: processing action (post-fs-data) from (/system/etc/init/hw/init.usb.rc:6)
[    6.083301] init: Encryption policy of /data/adb set to 2ccd2bef278f8d122f7fd8f4d9631591 v2 modes 1/10 flags 0xa
[    6.084236] init: processing action (post-fs-data) from (/system/etc/init/bootstat.rc:9)
[    6.085380] init: processing action (ro.boot.dynamic_partitions=true && ro.debuggable=1 && post-fs-data) from (/system/etc/init/clean_scratch_files.rc:1)
[    6.085919] init: starting service 'exec 11 (/system/bin/clean_scratch_files)'...
[    6.088736] libprocessgroup: Created cgroup /sys/fs/cgroup/system/uid_0/pid_584
[    6.091334] init: ... started service 'exec 11 (/system/bin/clean_scratch_files)' has pid 584
[    6.091754] init: processing action (post-fs-data) from (/system/etc/init/gsid.rc:17)
[    6.092324] init: Not setting encryption policy on: /data/gsi
[    6.092968] init: processing action (post-fs-data) from (/system/etc/init/incidentd.rc:21)
[    6.093299] init: processing action (post-fs-data) from (/system/etc/init/logtagd.rc:4)
[    6.093743] init: processing action (post-fs-data) from (/system/etc/init/perfetto.rc:104)
[    6.095558] init: Command 'rm /data/misc/perfetto-traces/.guardraildata' action=post-fs-data (/system/etc/init/perfetto.rc:105) took 0ms and failed: unlink() failed: No such file or directory
[    6.096116] init: processing action (post-fs-data) from (/system/etc/init/pmgd.rc:28)
[    6.097136] init: processing action (post-fs-data) from (/system/etc/init/profcollectd.rc:23)
[    6.097890] init: processing action (post-fs-data) from (/system/etc/init/recovery-persist.rc:1)
[    6.098387] init: starting service 'exec 12 (/system/bin/recovery-persist)'...
[    6.100075] libprocessgroup: Created cgroup /sys/fs/cgroup/system/uid_1000/pid_585
[    6.102503] init: ... started service 'exec 12 (/system/bin/recovery-persist)' has pid 585
[    6.102809] init: processing action (post-fs-data) from (/system/etc/init/wifi.rc:18)
[    6.103409] selinux: SELinux: Skipping restorecon on directory(/data/misc/apexdata/com.android.wifi)
[    6.103653] init: processing action (post-fs-data) from (/system_ext/etc/init/rpmb_dev.test.system.rc:37)
[    6.104553] init: Top-level directory needs encryption action, eg mkdir /data/secure_storage_test_system <mode> <uid> <gid> encryption=Require
[    6.105097] init: Encryption policy of /data/secure_storage_test_system set to 2ccd2bef278f8d122f7fd8f4d9631591 v2 modes 1/10 flags 0xa
[    6.105646] init: starting service 'rpmb_mock_init_test_system'...
[    6.108767] libprocessgroup: Created cgroup /sys/fs/cgroup/system/uid_1000/pid_586
[    6.117457] init: ... started service 'rpmb_mock_init_test_system' has pid 586
[    6.117857] init: SVC_EXEC service 'rpmb_mock_init_test_system' pid 586 (uid 1000 gid 1000+0 context default) started; waiting...
[    6.118347] init: Service 'exec 12 (/system/bin/recovery-persist)' (pid 585) exited with status 0 oneshot service took 0.018000 seconds in background
[    6.118964] init: Sending SIGKILL to service 'exec 12 (/system/bin/recovery-persist)' (pid 585) process group...
[    6.119515] libprocessgroup: Removed cgroup /sys/fs/cgroup/system/uid_1000/pid_585
[    6.126773] init: Service 'exec 11 (/system/bin/clean_scratch_files)' (pid 584) exited with status 0 oneshot service took 0.038000 seconds in background
[    6.127121] init: Sending SIGKILL to service 'exec 11 (/system/bin/clean_scratch_files)' (pid 584) process group...
[    6.127453] libprocessgroup: Removed cgroup /sys/fs/cgroup/system/uid_0/pid_584
[    6.132273] init: Service 'rpmb_mock_init_test_system' (pid 586) exited with status 0 waiting took 0.023000 seconds
[    6.132608] init: Sending SIGKILL to service 'rpmb_mock_init_test_system' (pid 586) process group...
[    6.133100] libprocessgroup: Removed cgroup /sys/fs/cgroup/system/uid_1000/pid_586
[    6.133957] init: starting service 'rpmb_mock_test_system'...
[    6.134255] init: Created socket '/dev/socket/rpmb_mock_test_system', mode 660, user 1000, group 1000
[    6.135478] libprocessgroup: Created cgroup /sys/fs/cgroup/system/uid_1000/pid_587
[    6.136414] init: ... started service 'rpmb_mock_test_system' has pid 587
[    6.136590] init: processing action (ro.vendor.disable_rename_eth0= && post-fs-data) from (/vendor/etc/init/init.cutf_cvm.rc:57)
[    6.138622] init: wait for '/sys/class/net/eth0' took 0ms
[    6.139158] init: starting service 'rename_eth0'...
[    6.140003] libprocessgroup: Created cgroup /sys/fs/cgroup/system/uid_0/pid_588
[    6.140893] init: ... started service 'rename_eth0' has pid 588
[    6.141036] init: processing action (post-fs-data) from (/vendor/etc/init/init.cutf_cvm.rc:67)
[    6.142563] init: processing action (ro.boot.wifi_impl=mac80211_hwsim_virtio && post-fs-data) from (/vendor/etc/init/init.cutf_cvm.rc:77)
[    6.145679] init: starting service 'init_wifi_sh'...
[    6.146787] libprocessgroup: Created cgroup /sys/fs/cgroup/system/uid_0/pid_589
[    6.147863] init: ... started service 'init_wifi_sh' has pid 589
[    6.148057] init: processing action (load-bpf-programs) from (/system/etc/init/init-perfetto.rc:6)
[    6.151247] init: processing action (load-bpf-programs) from (/system/etc/init/init-perfetto.rc:6)
[    6.151816] init: processing action (load-bpf-programs) from (/system/etc/init/netbpfload.rc:38)
[    6.153060] init: starting service 'bpfloader'...
[    6.154174] libprocessgroup: Created cgroup /sys/fs/cgroup/system/uid_0/pid_590
[    6.161062] virtio_net virtio1 buried_eth0: renamed from eth0
[    6.162890] init: ... started service 'bpfloader' has pid 590
[    6.163067] init: SVC_EXEC service 'bpfloader' pid 590 (uid 0 gid 0+7 context default) started; waiting...
[    6.163272] init: Service 'rename_eth0' (pid 588) exited with status 0 oneshot service took 0.023000 seconds in background
[    6.163492] init: Sending SIGKILL to service 'rename_eth0' (pid 588) process group...
[    6.163803] libprocessgroup: Removed cgroup /sys/fs/cgroup/system/uid_0/pid_588
[    6.178197] NetBpfLoad: /apex/com.android.tethering/bin/netbpfload api:37/3700 kver:60c004a (64-on-x86-64:4k) libbpf: v1.4 uid:0 rc:01 user:010
[    6.178916] NetBpfLoad: Tethering APEX version 370399999 (system: 370399999)
[    6.179266] NetBpfLoad: detected 5 of 5: 2026Q2 api:37.0.0=3700
[    6.181237] type=1334 audit(1790904877.223:5): prog-id=1 op=LOAD
[    6.181451] type=1300 audit(1790904877.223:5): arch=c000003e syscall=321 success=yes exit=3 a0=5 a1=7ffcba6fe148 a2=74 a3=0 items=0 ppid=1 auid=4294967295 uid=0 gid=0 euid=0 suid=0 fsuid=0 egid=0 sgid=0 fsgid=0 tty=(none) ses=4294967295 comm="netbpfload" exe="/apex/com.android.tethering/bin/netbpfload" subj=u:r:bpfloader:s0 key=(null)
[    6.181999] type=1327 audit(1790904877.223:5): proctitle="/apex/com.android.tethering/bin/netbpfload"
[    6.182184] type=1320 audit(1790904877.223:5): 
[    6.182291] type=1334 audit(1790904877.223:6): prog-id=1 op=UNLOAD
[    6.182733] type=1300 audit(1790904877.223:6): arch=c000003e syscall=3 success=yes exit=0 a0=3 a1=0 a2=0 a3=0 items=0 ppid=1 auid=4294967295 uid=0 gid=0 euid=0 suid=0 fsuid=0 egid=0 sgid=0 fsgid=0 tty=(none) ses=4294967295 comm="netbpfload" exe="/apex/com.android.tethering/bin/netbpfload" subj=u:r:bpfloader:s0 key=(null)
[    6.184176] type=1327 audit(1790904877.223:6): proctitle="/apex/com.android.tethering/bin/netbpfload"
[    6.187764] type=1320 audit(1790904877.223:6): 
[    6.187941] type=1334 audit(1790904877.227:7): prog-id=2 op=LOAD
[    6.188108] type=1300 audit(1790904877.227:7): arch=c000003e syscall=321 success=yes exit=3 a0=5 a1=7ffcba6fe5b0 a2=98 a3=0 items=0 ppid=1 auid=4294967295 uid=0 gid=0 euid=0 suid=0 fsuid=0 egid=0 sgid=0 fsgid=0 tty=(none) ses=4294967295 comm="netbpfload" exe="/apex/com.android.tethering/bin/netbpfload" subj=u:r:bpfloader:s0 key=(null)
[    6.190035] type=1327 audit(1790904877.227:7): proctitle="/apex/com.android.tethering/bin/netbpfload"
[    6.190892] type=1320 audit(1790904877.227:7): 
[    6.192378] type=1334 audit(1790904877.227:8): prog-id=3 op=LOAD
[    6.193497] type=1300 audit(1790904877.227:8): arch=c000003e syscall=321 success=yes exit=13 a0=5 a1=7ffcba6fe5b0 a2=98 a3=0 items=0 ppid=1 auid=4294967295 uid=0 gid=0 euid=0 suid=0 fsuid=0 egid=0 sgid=0 fsgid=0 tty=(none) ses=4294967295 comm="netbpfload" exe="/apex/com.android.tethering/bin/netbpfload" subj=u:r:bpfloader:s0 key=(null)
[    6.194013] type=1327 audit(1790904877.227:8): proctitle="/apex/com.android.tethering/bin/netbpfload"
[    6.194159] type=1320 audit(1790904877.227:8): 
[    6.194248] type=1334 audit(1790904877.227:9): prog-id=4 op=LOAD
[    6.194371] type=1300 audit(1790904877.227:9): arch=c000003e syscall=321 success=yes exit=14 a0=5 a1=7ffcba6fe5b0 a2=98 a3=0 items=0 ppid=1 auid=4294967295 uid=0 gid=0 euid=0 suid=0 fsuid=0 egid=0 sgid=0 fsgid=0 tty=(none) ses=4294967295 comm="netbpfload" exe="/apex/com.android.tethering/bin/netbpfload" subj=u:r:bpfloader:s0 key=(null)
[    6.195191] type=1327 audit(1790904877.227:9): proctitle="/apex/com.android.tethering/bin/netbpfload"
[    6.195512] type=1320 audit(1790904877.227:9): 
[    6.197282] init: Service 'init_wifi_sh' (pid 589) exited with status 0 oneshot service took 0.050000 seconds in background
[    6.197322] type=1334 audit(1790904877.227:10): prog-id=5 op=LOAD
[    6.197554] init: Sending SIGKILL to service 'init_wifi_sh' (pid 589) process group...
[    6.197668] type=1300 audit(1790904877.227:10): arch=c000003e syscall=321 success=yes exit=15 a0=5 a1=7ffcba6fe5b0 a2=98 a3=0 items=0 ppid=1 auid=4294967295 uid=0 gid=0 euid=0 suid=0 fsuid=0 egid=0 sgid=0 fsgid=0 tty=(none) ses=4294967295 comm="netbpfload" exe="/apex/com.android.tethering/bin/netbpfload" subj=u:r:bpfloader:s0 key=(null)
[    6.197934] libprocessgroup: Removed cgroup /sys/fs/cgroup/system/uid_0/pid_589
[    6.198178] type=1327 audit(1790904877.227:10): proctitle="/apex/com.android.tethering/bin/netbpfload"
[    6.201416] type=1320 audit(1790904877.227:10): 
[    6.201587] type=1334 audit(1790904877.227:11): prog-id=6 op=LOAD
[    6.201795] type=1300 audit(1790904877.227:11): arch=c000003e syscall=321 success=yes exit=16 a0=5 a1=7ffcba6fe5b0 a2=98 a3=0 items=0 ppid=1 auid=4294967295 uid=0 gid=0 euid=0 suid=0 fsuid=0 egid=0 sgid=0 fsgid=0 tty=(none) ses=4294967295 comm="netbpfload" exe="/apex/com.android.tethering/bin/netbpfload" subj=u:r:bpfloader:s0 key=(null)
[    6.202658] type=1327 audit(1790904877.227:11): proctitle="/apex/com.android.tethering/bin/netbpfload"
[    6.202902] type=1320 audit(1790904877.227:11): 
[    6.203040] type=1334 audit(1790904877.227:12): prog-id=7 op=LOAD
[    6.203218] type=1300 audit(1790904877.227:12): arch=c000003e syscall=321 success=yes exit=17 a0=5 a1=7ffcba6fe5b0 a2=98 a3=0 items=0 ppid=1 auid=4294967295 uid=0 gid=0 euid=0 suid=0 fsuid=0 egid=0 sgid=0 fsgid=0 tty=(none) ses=4294967295 comm="netbpfload" exe="/apex/com.android.tethering/bin/netbpfload" subj=u:r:bpfloader:s0 key=(null)
[    6.203865] type=1327 audit(1790904877.227:12): proctitle="/apex/com.android.tethering/bin/netbpfload"
[    6.204089] type=1320 audit(1790904877.227:12): 
[    6.204231] type=1334 audit(1790904877.231:13): prog-id=8 op=LOAD
[    6.204419] type=1300 audit(1790904877.231:13): arch=c000003e syscall=321 success=yes exit=18 a0=5 a1=7ffcba6fe5b0 a2=98 a3=0 items=0 ppid=1 auid=4294967295 uid=0 gid=0 euid=0 suid=0 fsuid=0 egid=0 sgid=0 fsgid=0 tty=(none) ses=4294967295 comm="netbpfload" exe="/apex/com.android.tethering/bin/netbpfload" subj=u:r:bpfloader:s0 key=(null)
[    6.205355] type=1327 audit(1790904877.231:13): proctitle="/apex/com.android.tethering/bin/netbpfload"
[    6.205637] type=1320 audit(1790904877.231:13): 
[    6.205802] type=1334 audit(1790904877.231:14): prog-id=9 op=LOAD
[    6.205982] type=1300 audit(1790904877.231:14): arch=c000003e syscall=321 success=yes exit=19 a0=5 a1=7ffcba6fe5b0 a2=98 a3=0 items=0 ppid=1 auid=4294967295 uid=0 gid=0 euid=0 suid=0 fsuid=0 egid=0 sgid=0 fsgid=0 tty=(none) ses=4294967295 comm="netbpfload" exe="/apex/com.android.tethering/bin/netbpfload" subj=u:r:bpfloader:s0 key=(null)
[    6.206759] type=1327 audit(1790904877.231:14): proctitle="/apex/com.android.tethering/bin/netbpfload"
[    6.206987] type=1320 audit(1790904877.231:14): 
[    6.207126] type=1334 audit(1790904877.231:15): prog-id=10 op=LOAD
[    6.207312] type=1300 audit(1790904877.231:15): arch=c000003e syscall=321 success=yes exit=3 a0=5 a1=7ffcba6fccb0 a2=94 a3=2 items=0 ppid=1 auid=4294967295 uid=0 gid=0 euid=0 suid=0 fsuid=0 egid=0 sgid=0 fsgid=0 tty=(none) ses=4294967295 comm="netbpfload" exe="/apex/com.android.tethering/bin/netbpfload" subj=u:r:bpfloader:s0 key=(null)
[    6.207996] type=1327 audit(1790904877.231:15): proctitle="/apex/com.android.tethering/bin/netbpfload"
[    6.208221] type=1320 audit(1790904877.231:15): 
[    6.208352] type=1334 audit(1790904877.231:16): prog-id=10 op=UNLOAD
[    6.208546] type=1300 audit(1790904877.231:16): arch=c000003e syscall=3 success=yes exit=0 a0=3 a1=0 a2=0 a3=2 items=0 ppid=1 auid=4294967295 uid=0 gid=0 euid=0 suid=0 fsuid=0 egid=0 sgid=0 fsgid=0 tty=(none) ses=4294967295 comm="netbpfload" exe="/apex/com.android.tethering/bin/netbpfload" subj=u:r:bpfloader:s0 key=(null)
[    6.209169] type=1327 audit(1790904877.231:16): proctitle="/apex/com.android.tethering/bin/netbpfload"
[    6.209367] type=1320 audit(1790904877.231:16): 
[    6.209509] type=1334 audit(1790904877.231:17): prog-id=11 op=LOAD
[    6.209679] type=1300 audit(1790904877.231:17): arch=c000003e syscall=321 success=yes exit=9 a0=5 a1=7ffcba6fcb98 a2=40 a3=0 items=0 ppid=1 auid=4294967295 uid=0 gid=0 euid=0 suid=0 fsuid=0 egid=0 sgid=0 fsgid=0 tty=(none) ses=4294967295 comm="netbpfload" exe="/apex/com.android.tethering/bin/netbpfload" subj=u:r:bpfloader:s0 key=(null)
[    6.210318] type=1327 audit(1790904877.231:17): proctitle="/apex/com.android.tethering/bin/netbpfload"
[    6.210737] type=1320 audit(1790904877.231:17): 
[    6.210876] type=1334 audit(1790904877.231:18): prog-id=11 op=UNLOAD
[    6.211047] type=1300 audit(1790904877.231:18): arch=c000003e syscall=3 success=yes exit=0 a0=9 a1=0 a2=0 a3=0 items=0 ppid=1 auid=4294967295 uid=0 gid=0 euid=0 suid=0 fsuid=0 egid=0 sgid=0 fsgid=0 tty=(none) ses=4294967295 comm="netbpfload" exe="/apex/com.android.tethering/bin/netbpfload" subj=u:r:bpfloader:s0 key=(null)
[    6.211697] type=1327 audit(1790904877.231:18): proctitle="/apex/com.android.tethering/bin/netbpfload"
[    6.211977] type=1320 audit(1790904877.231:18): 
[    6.212119] type=1334 audit(1790904877.235:19): prog-id=12 op=LOAD
[    6.212292] type=1300 audit(1790904877.235:19): arch=c000003e syscall=321 success=yes exit=3 a0=5 a1=7ffcba6fccb0 a2=94 a3=2 items=0 ppid=1 auid=4294967295 uid=0 gid=0 euid=0 suid=0 fsuid=0 egid=0 sgid=0 fsgid=0 tty=(none) ses=4294967295 comm="netbpfload" exe="/apex/com.android.tethering/bin/netbpfload" subj=u:r:bpfloader:s0 key=(null)
[    6.213006] type=1327 audit(1790904877.235:19): proctitle="/apex/com.android.tethering/bin/netbpfload"
[    6.213249] type=1320 audit(1790904877.235:19): 
[    6.213399] type=1334 audit(1790904877.235:20): prog-id=12 op=UNLOAD
[    6.213583] type=1300 audit(1790904877.235:20): arch=c000003e syscall=3 success=yes exit=0 a0=3 a1=0 a2=0 a3=2 items=0 ppid=1 auid=4294967295 uid=0 gid=0 euid=0 suid=0 fsuid=0 egid=0 sgid=0 fsgid=0 tty=(none) ses=4294967295 comm="netbpfload" exe="/apex/com.android.tethering/bin/netbpfload" subj=u:r:bpfloader:s0 key=(null)
[    6.214246] type=1327 audit(1790904877.235:20): proctitle="/apex/com.android.tethering/bin/netbpfload"
[    6.214569] type=1320 audit(1790904877.235:20): 
[    6.214734] type=1334 audit(1790904877.235:21): prog-id=13 op=LOAD
[    6.214919] type=1300 audit(1790904877.235:21): arch=c000003e syscall=321 success=yes exit=6 a0=5 a1=7ffcba6fcb40 a2=94 a3=4 items=0 ppid=1 auid=4294967295 uid=0 gid=0 euid=0 suid=0 fsuid=0 egid=0 sgid=0 fsgid=0 tty=(none) ses=4294967295 comm="netbpfload" exe="/apex/com.android.tethering/bin/netbpfload" subj=u:r:bpfloader:s0 key=(null)
[    6.215663] type=1327 audit(1790904877.235:21): proctitle="/apex/com.android.tethering/bin/netbpfload"
[    6.215905] type=1320 audit(1790904877.235:21): 
[    6.216033] type=1334 audit(1790904877.235:22): prog-id=13 op=UNLOAD
[    6.216238] type=1300 audit(1790904877.235:22): arch=c000003e syscall=3 success=yes exit=0 a0=6 a1=0 a2=0 a3=4 items=0 ppid=1 auid=4294967295 uid=0 gid=0 euid=0 suid=0 fsuid=0 egid=0 sgid=0 fsgid=0 tty=(none) ses=4294967295 comm="netbpfload" exe="/apex/com.android.tethering/bin/netbpfload" subj=u:r:bpfloader:s0 key=(null)
[    6.216909] type=1327 audit(1790904877.235:22): proctitle="/apex/com.android.tethering/bin/netbpfload"
[    6.217121] type=1320 audit(1790904877.235:22): 
[    6.217263] type=1334 audit(1790904877.235:23): prog-id=14 op=LOAD
[    6.217438] type=1300 audit(1790904877.235:23): arch=c000003e syscall=321 success=yes exit=6 a0=5 a1=7ffcba6fccb0 a2=94 a3=17f items=0 ppid=1 auid=4294967295 uid=0 gid=0 euid=0 suid=0 fsuid=0 egid=0 sgid=0 fsgid=0 tty=(none) ses=4294967295 comm="netbpfload" exe="/apex/com.android.tethering/bin/netbpfload" subj=u:r:bpfloader:s0 key=(null)
[    6.218154] type=1327 audit(1790904877.235:23): proctitle="/apex/com.android.tethering/bin/netbpfload"
[    6.218383] type=1320 audit(1790904877.235:23): 
[    6.218853] type=1334 audit(1790904877.235:24): prog-id=15 op=LOAD
[    6.219041] type=1300 audit(1790904877.235:24): arch=c000003e syscall=321 success=yes exit=7 a0=5 a1=7ffcba6fccb0 a2=94 a3=12e items=0 ppid=1 auid=4294967295 uid=0 gid=0 euid=0 suid=0 fsuid=0 egid=0 sgid=0 fsgid=0 tty=(none) ses=4294967295 comm="netbpfload" exe="/apex/com.android.tethering/bin/netbpfload" subj=u:r:bpfloader:s0 key=(null)
[    6.219697] type=1327 audit(1790904877.235:24): proctitle="/apex/com.android.tethering/bin/netbpfload"
[    6.219939] type=1320 audit(1790904877.235:24): 
[    6.220073] type=1334 audit(1790904877.235:25): prog-id=16 op=LOAD
[    6.220248] type=1300 audit(1790904877.235:25): arch=c000003e syscall=321 success=yes exit=8 a0=5 a1=7ffcba6fccb0 a2=94 a3=f7 items=0 ppid=1 auid=4294967295 uid=0 gid=0 euid=0 suid=0 fsuid=0 egid=0 sgid=0 fsgid=0 tty=(none) ses=4294967295 comm="netbpfload" exe="/apex/com.android.tethering/bin/netbpfload" subj=u:r:bpfloader:s0 key=(null)
[    6.220954] type=1327 audit(1790904877.235:25): proctitle="/apex/com.android.tethering/bin/netbpfload"
[    6.221181] type=1320 audit(1790904877.235:25): 
[    6.221339] type=1334 audit(1790904877.235:26): prog-id=17 op=LOAD
[    6.221528] type=1300 audit(1790904877.235:26): arch=c000003e syscall=321 success=yes exit=3 a0=5 a1=7ffcba6fccb0 a2=94 a3=2 items=0 ppid=1 auid=4294967295 uid=0 gid=0 euid=0 suid=0 fsuid=0 egid=0 sgid=0 fsgid=0 tty=(none) ses=4294967295 comm="netbpfload" exe="/apex/com.android.tethering/bin/netbpfload" subj=u:r:bpfloader:s0 key=(null)
[    6.222189] type=1327 audit(1790904877.235:26): proctitle="/apex/com.android.tethering/bin/netbpfload"
[    6.222418] type=1320 audit(1790904877.235:26): 
[    6.222659] type=1334 audit(1790904877.235:27): prog-id=17 op=UNLOAD
[    6.222856] type=1300 audit(1790904877.235:27): arch=c000003e syscall=3 success=yes exit=0 a0=3 a1=0 a2=0 a3=2 items=0 ppid=1 auid=4294967295 uid=0 gid=0 euid=0 suid=0 fsuid=0 egid=0 sgid=0 fsgid=0 tty=(none) ses=4294967295 comm="netbpfload" exe="/apex/com.android.tethering/bin/netbpfload" subj=u:r:bpfloader:s0 key=(null)
[    6.223540] type=1327 audit(1790904877.235:27): proctitle="/apex/com.android.tethering/bin/netbpfload"
[    6.223798] type=1320 audit(1790904877.235:27): 
[    6.223970] type=1334 audit(1790904877.235:28): prog-id=18 op=LOAD
[    6.224210] type=1300 audit(1790904877.235:28): arch=c000003e syscall=321 success=yes exit=7 a0=5 a1=7ffcba6fccb0 a2=94 a3=1eb items=0 ppid=1 auid=4294967295 uid=0 gid=0 euid=0 suid=0 fsuid=0 egid=0 sgid=0 fsgid=0 tty=(none) ses=4294967295 comm="netbpfload" exe="/apex/com.android.tethering/bin/netbpfload" subj=u:r:bpfloader:s0 key=(null)
[    6.224916] type=1327 audit(1790904877.235:28): proctitle="/apex/com.android.tethering/bin/netbpfload"
[    6.225151] type=1320 audit(1790904877.235:28): 
[    6.225279] type=1334 audit(1790904877.243:29): prog-id=19 op=LOAD
[    6.225456] type=1300 audit(1790904877.243:29): arch=c000003e syscall=321 success=yes exit=3 a0=5 a1=7ffcba6fccb0 a2=94 a3=2 items=0 ppid=1 auid=4294967295 uid=0 gid=0 euid=0 suid=0 fsuid=0 egid=0 sgid=0 fsgid=0 tty=(none) ses=4294967295 comm="netbpfload" exe="/apex/com.android.tethering/bin/netbpfload" subj=u:r:bpfloader:s0 key=(null)
[    6.226085] type=1327 audit(1790904877.243:29): proctitle="/apex/com.android.tethering/bin/netbpfload"
[    6.226288] type=1320 audit(1790904877.243:29): 
[    6.226415] type=1334 audit(1790904877.243:30): prog-id=19 op=UNLOAD
[    6.226949] type=1300 audit(1790904877.243:30): arch=c000003e syscall=3 success=yes exit=0 a0=3 a1=0 a2=0 a3=2 items=0 ppid=1 auid=4294967295 uid=0 gid=0 euid=0 suid=0 fsuid=0 egid=0 sgid=0 fsgid=0 tty=(none) ses=4294967295 comm="netbpfload" exe="/apex/com.android.tethering/bin/netbpfload" subj=u:r:bpfloader:s0 key=(null)
[    6.227550] type=1327 audit(1790904877.243:30): proctitle="/apex/com.android.tethering/bin/netbpfload"
[    6.227784] type=1320 audit(1790904877.243:30): 
[    6.227913] type=1334 audit(1790904877.247:31): prog-id=20 op=LOAD
[    6.228123] type=1300 audit(1790904877.247:31): arch=c000003e syscall=321 success=yes exit=41 a0=5 a1=7ffcba6fccb0 a2=94 a3=50 items=0 ppid=1 auid=4294967295 uid=0 gid=0 euid=0 suid=0 fsuid=0 egid=0 sgid=0 fsgid=0 tty=(none) ses=4294967295 comm="netbpfload" exe="/apex/com.android.tethering/bin/netbpfload" subj=u:r:bpfloader:s0 key=(null)
[    6.228765] type=1327 audit(1790904877.247:31): proctitle="/apex/com.android.tethering/bin/netbpfload"
[    6.228993] type=1320 audit(1790904877.247:31): 
[    6.229133] type=1334 audit(1790904877.247:32): prog-id=21 op=LOAD
[    6.229318] type=1300 audit(1790904877.247:32): arch=c000003e syscall=321 success=yes exit=42 a0=5 a1=7ffcba6fccb0 a2=94 a3=7c items=0 ppid=1 auid=4294967295 uid=0 gid=0 euid=0 suid=0 fsuid=0 egid=0 sgid=0 fsgid=0 tty=(none) ses=4294967295 comm="netbpfload" exe="/apex/com.android.tethering/bin/netbpfload" subj=u:r:bpfloader:s0 key=(null)
[    6.229373] NetBpfLoad: done, transferring control to uprobestatsbpfload.
[    6.230012] type=1327 audit(1790904877.247:32): proctitle="/apex/com.android.tethering/bin/netbpfload"
[    6.230330] type=1320 audit(1790904877.247:32): 
[    6.230806] type=1334 audit(1790904877.247:33): prog-id=22 op=LOAD
[    6.231051] type=1300 audit(1790904877.247:33): arch=c000003e syscall=321 success=yes exit=43 a0=5 a1=7ffcba6fccb0 a2=94 a3=7c items=0 ppid=1 auid=4294967295 uid=0 gid=0 euid=0 suid=0 fsuid=0 egid=0 sgid=0 fsgid=0 tty=(none) ses=4294967295 comm="netbpfload" exe="/apex/com.android.tethering/bin/netbpfload" subj=u:r:bpfloader:s0 key=(null)
[    6.231690] type=1327 audit(1790904877.247:33): proctitle="/apex/com.android.tethering/bin/netbpfload"
[    6.231914] type=1320 audit(1790904877.247:33): 
[    6.232078] type=1334 audit(1790904877.247:34): prog-id=23 op=LOAD
[    6.232297] type=1300 audit(1790904877.247:34): arch=c000003e syscall=321 success=yes exit=44 a0=5 a1=7ffcba6fccb0 a2=94 a3=587 items=0 ppid=1 auid=4294967295 uid=0 gid=0 euid=0 suid=0 fsuid=0 egid=0 sgid=0 fsgid=0 tty=(none) ses=4294967295 comm="netbpfload" exe="/apex/com.android.tethering/bin/netbpfload" subj=u:r:bpfloader:s0 key=(null)
[    6.232972] type=1327 audit(1790904877.247:34): proctitle="/apex/com.android.tethering/bin/netbpfload"
[    6.233190] type=1320 audit(1790904877.247:34): 
[    6.233336] type=1334 audit(1790904877.259:35): prog-id=24 op=LOAD
[    6.233521] type=1300 audit(1790904877.259:35): arch=c000003e syscall=321 success=yes exit=45 a0=5 a1=7ffcba6fccb0 a2=94 a3=6c2 items=0 ppid=1 auid=4294967295 uid=0 gid=0 euid=0 suid=0 fsuid=0 egid=0 sgid=0 fsgid=0 tty=(none) ses=4294967295 comm="netbpfload" exe="/apex/com.android.tethering/bin/netbpfload" subj=u:r:bpfloader:s0 key=(null)
[    6.234269] type=1327 audit(1790904877.259:35): proctitle="/apex/com.android.tethering/bin/netbpfload"
[    6.234600] type=1320 audit(1790904877.259:35): 
[    6.234736] type=1334 audit(1790904877.267:36): prog-id=25 op=LOAD
[    6.235729] type=1300 audit(1790904877.267:36): arch=c000003e syscall=321 success=yes exit=46 a0=5 a1=7ffcba6fccb0 a2=94 a3=46 items=0 ppid=1 auid=4294967295 uid=0 gid=0 euid=0 suid=0 fsuid=0 egid=0 sgid=0 fsgid=0 tty=(none) ses=4294967295 comm="netbpfload" exe="/apex/com.android.tethering/bin/netbpfload" subj=u:r:bpfloader:s0 key=(null)
[    6.236350] type=1327 audit(1790904877.267:36): proctitle="/apex/com.android.tethering/bin/netbpfload"
[    6.236564] type=1320 audit(1790904877.267:36): 
[    6.236689] type=1334 audit(1790904877.267:37): prog-id=26 op=LOAD
[    6.236848] type=1300 audit(1790904877.267:37): arch=c000003e syscall=321 success=yes exit=47 a0=5 a1=7ffcba6fccb0 a2=94 a3=35 items=0 ppid=1 auid=4294967295 uid=0 gid=0 euid=0 suid=0 fsuid=0 egid=0 sgid=0 fsgid=0 tty=(none) ses=4294967295 comm="netbpfload" exe="/apex/com.android.tethering/bin/netbpfload" subj=u:r:bpfloader:s0 key=(null)
[    6.237380] type=1327 audit(1790904877.267:37): proctitle="/apex/com.android.tethering/bin/netbpfload"
[    6.237575] type=1320 audit(1790904877.267:37): 
[    6.237723] type=1334 audit(1790904877.267:38): prog-id=27 op=LOAD
[    6.237879] type=1300 audit(1790904877.267:38): arch=c000003e syscall=321 success=yes exit=48 a0=5 a1=7ffcba6fccb0 a2=94 a3=37 items=0 ppid=1 auid=4294967295 uid=0 gid=0 euid=0 suid=0 fsuid=0 egid=0 sgid=0 fsgid=0 tty=(none) ses=4294967295 comm="netbpfload" exe="/apex/com.android.tethering/bin/netbpfload" subj=u:r:bpfloader:s0 key=(null)
[    6.238625] type=1327 audit(1790904877.267:38): proctitle="/apex/com.android.tethering/bin/netbpfload"
[    6.238874] type=1320 audit(1790904877.267:38): 
[    6.239030] type=1334 audit(1790904877.267:39): prog-id=28 op=LOAD
[    6.239185] type=1300 audit(1790904877.267:39): arch=c000003e syscall=321 success=yes exit=49 a0=5 a1=7ffcba6fccb0 a2=94 a3=1c items=0 ppid=1 auid=4294967295 uid=0 gid=0 euid=0 suid=0 fsuid=0 egid=0 sgid=0 fsgid=0 tty=(none) ses=4294967295 comm="netbpfload" exe="/apex/com.android.tethering/bin/netbpfload" subj=u:r:bpfloader:s0 key=(null)
[    6.239812] type=1327 audit(1790904877.267:39): proctitle="/apex/com.android.tethering/bin/netbpfload"
[    6.240040] type=1320 audit(1790904877.267:39): 
[    6.240163] type=1334 audit(1790904877.267:40): prog-id=29 op=LOAD
[    6.240313] type=1300 audit(1790904877.267:40): arch=c000003e syscall=321 success=yes exit=50 a0=5 a1=7ffcba6fccb0 a2=94 a3=10 items=0 ppid=1 auid=4294967295 uid=0 gid=0 euid=0 suid=0 fsuid=0 egid=0 sgid=0 fsgid=0 tty=(none) ses=4294967295 comm="netbpfload" exe="/apex/com.android.tethering/bin/netbpfload" subj=u:r:bpfloader:s0 key=(null)
[    6.240883] type=1327 audit(1790904877.267:40): proctitle="/apex/com.android.tethering/bin/netbpfload"
[    6.241090] type=1320 audit(1790904877.267:40): 
[    6.241231] type=1334 audit(1790904877.267:41): prog-id=30 op=LOAD
[    6.241383] type=1300 audit(1790904877.267:41): arch=c000003e syscall=321 success=yes exit=51 a0=5 a1=7ffcba6fccb0 a2=94 a3=5b items=0 ppid=1 auid=4294967295 uid=0 gid=0 euid=0 suid=0 fsuid=0 egid=0 sgid=0 fsgid=0 tty=(none) ses=4294967295 comm="netbpfload" exe="/apex/com.android.tethering/bin/netbpfload" subj=u:r:bpfloader:s0 key=(null)
[    6.242021] type=1327 audit(1790904877.267:41): proctitle="/apex/com.android.tethering/bin/netbpfload"
[    6.242270] type=1320 audit(1790904877.267:41): 
[    6.242406] type=1334 audit(1790904877.267:42): prog-id=31 op=LOAD
[    6.242763] type=1300 audit(1790904877.267:42): arch=c000003e syscall=321 success=yes exit=52 a0=5 a1=7ffcba6fccb0 a2=94 a3=a items=0 ppid=1 auid=4294967295 uid=0 gid=0 euid=0 suid=0 fsuid=0 egid=0 sgid=0 fsgid=0 tty=(none) ses=4294967295 comm="netbpfload" exe="/apex/com.android.tethering/bin/netbpfload" subj=u:r:bpfloader:s0 key=(null)
[    6.243451] type=1327 audit(1790904877.267:42): proctitle="/apex/com.android.tethering/bin/netbpfload"
[    6.243678] type=1320 audit(1790904877.267:42): 
[    6.243826] type=1334 audit(1790904877.267:43): prog-id=32 op=LOAD
[    6.243989] type=1300 audit(1790904877.267:43): arch=c000003e syscall=321 success=yes exit=53 a0=5 a1=7ffcba6fccb0 a2=94 a3=63 items=0 ppid=1 auid=4294967295 uid=0 gid=0 euid=0 suid=0 fsuid=0 egid=0 sgid=0 fsgid=0 tty=(none) ses=4294967295 comm="netbpfload" exe="/apex/com.android.tethering/bin/netbpfload" subj=u:r:bpfloader:s0 key=(null)
[    6.244610] type=1327 audit(1790904877.267:43): proctitle="/apex/com.android.tethering/bin/netbpfload"
[    6.244780] UprobeStatsBpfLoad: UprobeStatsBpfLoad loading optional ELF object /apex/com.android.uprobestats/etc/bpf/uprobestats/BitmapAllocation.o with license GPL
[    6.244870] type=1320 audit(1790904877.267:43): 
[    6.245178] type=1334 audit(1790904877.267:44): prog-id=33 op=LOAD
[    6.245408] type=1300 audit(1790904877.267:44): arch=c000003e syscall=321 success=yes exit=54 a0=5 a1=7ffcba6fccb0 a2=94 a3=63 items=0 ppid=1 auid=4294967295 uid=0 gid=0 euid=0 suid=0 fsuid=0 egid=0 sgid=0 fsgid=0 tty=(none) ses=4294967295 comm="netbpfload" exe="/apex/com.android.tethering/bin/netbpfload" subj=u:r:bpfloader:s0 key=(null)
[    6.246040] type=1327 audit(1790904877.267:44): proctitle="/apex/com.android.tethering/bin/netbpfload"
[    6.246255] type=1320 audit(1790904877.267:44): 
[    6.246391] type=1334 audit(1790904877.267:45): prog-id=34 op=LOAD
[    6.246688] type=1300 audit(1790904877.267:45): arch=c000003e syscall=321 success=yes exit=55 a0=5 a1=7ffcba6fccb0 a2=94 a3=2 items=0 ppid=1 auid=4294967295 uid=0 gid=0 euid=0 suid=0 fsuid=0 egid=0 sgid=0 fsgid=0 tty=(none) ses=4294967295 comm="netbpfload" exe="/apex/com.android.tethering/bin/netbpfload" subj=u:r:bpfloader:s0 key=(null)
[    6.246731] type=1327 audit(1790904877.267:45): proctitle="/apex/com.android.tethering/bin/netbpfload"
[    6.247313] type=1320 audit(1790904877.267:45): 
[    6.247447] type=1334 audit(1790904877.267:46): prog-id=35 op=LOAD
[    6.247615] type=1300 audit(1790904877.267:46): arch=c000003e syscall=321 success=yes exit=56 a0=5 a1=7ffcba6fccb0 a2=94 a3=2 items=0 ppid=1 auid=4294967295 uid=0 gid=0 euid=0 suid=0 fsuid=0 egid=0 sgid=0 fsgid=0 tty=(none) ses=4294967295 comm="netbpfload" exe="/apex/com.android.tethering/bin/netbpfload" subj=u:r:bpfloader:s0 key=(null)
[    6.248240] type=1327 audit(1790904877.267:46): proctitle="/apex/com.android.tethering/bin/netbpfload"
[    6.248472] type=1320 audit(1790904877.267:46): 
[    6.248590] type=1334 audit(1790904877.267:47): prog-id=36 op=LOAD
[    6.248755] type=1300 audit(1790904877.267:47): arch=c000003e syscall=321 success=yes exit=57 a0=5 a1=7ffcba6fccb0 a2=94 a3=2 items=0 ppid=1 auid=4294967295 uid=0 gid=0 euid=0 suid=0 fsuid=0 egid=0 sgid=0 fsgid=0 tty=(none) ses=4294967295 comm="netbpfload" exe="/apex/com.android.tethering/bin/netbpfload" subj=u:r:bpfloader:s0 key=(null)
[    6.249015] UprobeStatsBpfLoad: UprobeStatsBpfLoad loading optional ELF object /apex/com.android.uprobestats/etc/bpf/uprobestats/Binder.o with license GPL
[    6.249339] type=1327 audit(1790904877.267:47): proctitle="/apex/com.android.tethering/bin/netbpfload"
[    6.249698] type=1320 audit(1790904877.267:47): 
[    6.249829] type=1334 audit(1790904877.267:48): prog-id=37 op=LOAD
[    6.249982] type=1300 audit(1790904877.267:48): arch=c000003e syscall=321 success=yes exit=58 a0=5 a1=7ffcba6fccb0 a2=94 a3=2 items=0 ppid=1 auid=4294967295 uid=0 gid=0 euid=0 suid=0 fsuid=0 egid=0 sgid=0 fsgid=0 tty=(none) ses=4294967295 comm="netbpfload" exe="/apex/com.android.tethering/bin/netbpfload" subj=u:r:bpfloader:s0 key=(null)
[    6.250816] type=1327 audit(1790904877.267:48): proctitle="/apex/com.android.tethering/bin/netbpfload"
[    6.251017] type=1320 audit(1790904877.267:48): 
[    6.251148] type=1334 audit(1790904877.267:49): prog-id=38 op=LOAD
[    6.251307] type=1300 audit(1790904877.267:49): arch=c000003e syscall=321 success=yes exit=59 a0=5 a1=7ffcba6fccb0 a2=94 a3=2 items=0 ppid=1 auid=4294967295 uid=0 gid=0 euid=0 suid=0 fsuid=0 egid=0 sgid=0 fsgid=0 tty=(none) ses=4294967295 comm="netbpfload" exe="/apex/com.android.tethering/bin/netbpfload" subj=u:r:bpfloader:s0 key=(null)
[    6.251962] type=1327 audit(1790904877.267:49): proctitle="/apex/com.android.tethering/bin/netbpfload"
[    6.252115] UprobeStatsBpfLoad: UprobeStatsBpfLoad loading optional ELF object /apex/com.android.uprobestats/etc/bpf/uprobestats/Accessibility.o with license GPL
[    6.252218] type=1320 audit(1790904877.267:49): 
[    6.252521] type=1334 audit(1790904877.267:50): prog-id=39 op=LOAD
[    6.252691] type=1300 audit(1790904877.267:50): arch=c000003e syscall=321 success=yes exit=60 a0=5 a1=7ffcba6fccb0 a2=94 a3=2 items=0 ppid=1 auid=4294967295 uid=0 gid=0 euid=0 suid=0 fsuid=0 egid=0 sgid=0 fsgid=0 tty=(none) ses=4294967295 comm="netbpfload" exe="/apex/com.android.tethering/bin/netbpfload" subj=u:r:bpfloader:s0 key=(null)
[    6.253217] type=1327 audit(1790904877.267:50): proctitle="/apex/com.android.tethering/bin/netbpfload"
[    6.253518] type=1320 audit(1790904877.267:50): 
[    6.253788] type=1334 audit(1790904877.267:51): prog-id=40 op=LOAD
[    6.253953] UprobeStatsBpfLoad: UprobeStatsBpfLoad loading optional ELF object /apex/com.android.uprobestats/etc/bpf/uprobestats/ArtTest.o with license GPL
[    6.254094] type=1300 audit(1790904877.267:51): arch=c000003e syscall=321 success=yes exit=61 a0=5 a1=7ffcba6fccb0 a2=94 a3=50 items=0 ppid=1 auid=4294967295 uid=0 gid=0 euid=0 suid=0 fsuid=0 egid=0 sgid=0 fsgid=0 tty=(none) ses=4294967295 comm="netbpfload" exe="/apex/com.android.tethering/bin/netbpfload" subj=u:r:bpfloader:s0 key=(null)
[    6.255233] UprobeStatsBpfLoad: BPF_PROG_LOAD call for /apex/com.android.uprobestats/etc/bpf/uprobestats/ArtTest.o (uprobe_update_device_idle_temp_allowlist) returned fd: -1 (Permission denied)
[    6.255641] type=1327 audit(1790904877.267:51): proctitle="/apex/com.android.tethering/bin/netbpfload"
[    6.255650] UprobeStatsBpfLoad: non-optional program failed to load.
[    6.255653] UprobeStatsBpfLoad: Failed to load programs, loadCodeSections ret=-1
[    6.255664] UprobeStatsBpfLoad: Failed to load object: /apex/com.android.uprobestats/etc/bpf/uprobestats/ArtTest.o, ret: Operation not permitted
[    6.255948] UprobeStatsBpfLoad: UprobeStatsBpfLoad loading optional ELF object /apex/com.android.uprobestats/etc/bpf/uprobestats/GenericInstrumentation.o with license GPL
[    6.256063] type=1320 audit(1790904877.267:51): 
[    6.257374] type=1334 audit(1790904877.267:52): prog-id=41 op=LOAD
[    6.257613] type=1300 audit(1790904877.267:52): arch=c000003e syscall=321 success=yes exit=62 a0=5 a1=7ffcba6fccb0 a2=94 a3=43 items=0 ppid=1 auid=4294967295 uid=0 gid=0 euid=0 suid=0 fsuid=0 egid=0 sgid=0 fsgid=0 tty=(none) ses=4294967295 comm="netbpfload" exe="/apex/com.android.tethering/bin/netbpfload" subj=u:r:bpfloader:s0 key=(null)
[    6.259331] type=1327 audit(1790904877.267:52): proctitle="/apex/com.android.tethering/bin/netbpfload"
[    6.259535] type=1320 audit(1790904877.267:52): 
[    6.259693] type=1334 audit(1790904877.291:53): prog-id=42 op=LOAD
[    6.259876] type=1300 audit(1790904877.291:53): arch=c000003e syscall=321 success=yes exit=8 a0=5 a1=7fff566a0f30 a2=a8 a3=1 items=0 ppid=1 auid=4294967295 uid=0 gid=0 euid=0 suid=0 fsuid=0 egid=0 sgid=0 fsgid=0 tty=(none) ses=4294967295 comm="uprobestatsbpfl" exe="/apex/com.android.uprobestats/bin/uprobestatsbpfload" subj=u:r:bpfloader:s0 key=(null)
[    6.260146] UprobeStatsBpfLoad: UprobeStatsBpfLoad loading optional ELF object /apex/com.android.uprobestats/etc/bpf/uprobestats/ProcessManagement.o with license GPL
[    6.260447] type=1327 audit(1790904877.291:53): proctitle="/apex/com.android.tethering/bin/netbpfload"
[    6.260817] type=1320 audit(1790904877.291:53): 
[    6.260935] type=1334 audit(1790904877.291:54): prog-id=43 op=LOAD
[    6.261103] type=1300 audit(1790904877.291:54): arch=c000003e syscall=321 success=yes exit=9 a0=5 a1=7fff566a0f30 a2=a8 a3=1 items=0 ppid=1 auid=4294967295 uid=0 gid=0 euid=0 suid=0 fsuid=0 egid=0 sgid=0 fsgid=0 tty=(none) ses=4294967295 comm="uprobestatsbpfl" exe="/apex/com.android.uprobestats/bin/uprobestatsbpfload" subj=u:r:bpfloader:s0 key=(null)
[    6.261744] type=1327 audit(1790904877.291:54): proctitle="/apex/com.android.tethering/bin/netbpfload"
[    6.261932] type=1320 audit(1790904877.291:54): 
[    6.262073] type=1334 audit(1790904877.291:55): prog-id=44 op=LOAD
[    6.262252] UprobeStatsBpfLoad: BPF_PROG_LOAD call for /apex/com.android.uprobestats/etc/bpf/uprobestats/ProcessManagement.o (uprobe_update_device_idle_temp_allowlist) returned fd: -1 (Permission denied)
[    6.262317] type=1300 audit(1790904877.291:55): arch=c000003e syscall=321 success=yes exit=10 a0=5 a1=7fff566a0f30 a2=a8 a3=1 items=0 ppid=1 auid=4294967295 uid=0 gid=0 euid=0 suid=0 fsuid=0 egid=0 sgid=0 fsgid=0 tty=(none) ses=4294967295 comm="uprobestatsbpfl" exe="/apex/com.android.uprobestats/bin/uprobestatsbpfload" subj=u:r:bpfloader:s0 key=(null)
[    6.262542] UprobeStatsBpfLoad: non-optional program failed to load.
[    6.262545] UprobeStatsBpfLoad: Failed to load programs, loadCodeSections ret=-1
[    6.262556] UprobeStatsBpfLoad: Failed to load object: /apex/com.android.uprobestats/etc/bpf/uprobestats/ProcessManagement.o, ret: Operation not permitted
[    6.262954] UprobeStatsBpfLoad: UprobeStatsBpfLoad loading optional ELF object /apex/com.android.uprobestats/etc/bpf/uprobestats/DisruptiveApp.o with license GPL
[    6.263329] type=1327 audit(1790904877.291:55): proctitle="/apex/com.android.tethering/bin/netbpfload"
[    6.264066] type=1320 audit(1790904877.291:55): 
[    6.264206] type=1334 audit(1790904877.291:56): prog-id=45 op=LOAD
[    6.264240] UprobeStatsBpfLoad: BPF_PROG_LOAD call for /apex/com.android.uprobestats/etc/bpf/uprobestats/DisruptiveApp.o (uprobe_bind_service_locked) returned fd: -1 (Permission denied)
[    6.264366] type=1300 audit(1790904877.291:56): arch=c000003e syscall=321 success=yes exit=11 a0=5 a1=7fff566a0f30 a2=a8 a3=1 items=0 ppid=1 auid=4294967295 uid=0 gid=0 euid=0 suid=0 fsuid=0 egid=0 sgid=0 fsgid=0 tty=(none) ses=4294967295 comm="uprobestatsbpfl" exe="/apex/com.android.uprobestats/bin/uprobestatsbpfload" subj=u:r:bpfloader:s0 key=(null)
[    6.264506] UprobeStatsBpfLoad: non-optional program failed to load.
[    6.265043] type=1327 audit(1790904877.291:56): proctitle="/apex/com.android.tethering/bin/netbpfload"
[    6.265096] UprobeStatsBpfLoad: Failed to load programs, loadCodeSections ret=-1
[    6.265106] UprobeStatsBpfLoad: Failed to load object: /apex/com.android.uprobestats/etc/bpf/uprobestats/DisruptiveApp.o, ret: Operation not permitted
[    6.265365] type=1320 audit(1790904877.291:56): 
[    6.265799] type=1334 audit(1790904877.291:57): prog-id=46 op=LOAD
[    6.265952] type=1300 audit(1790904877.291:57): arch=c000003e syscall=321 success=yes exit=12 a0=5 a1=7fff566a0f30 a2=a8 a3=1 items=0 ppid=1 auid=4294967295 uid=0 gid=0 euid=0 suid=0 fsuid=0 egid=0 sgid=0 fsgid=0 tty=(none) ses=4294967295 comm="uprobestatsbpfl" exe="/apex/com.android.uprobestats/bin/uprobestatsbpfload" subj=u:r:bpfloader:s0 key=(null)
[    6.266825] type=1327 audit(1790904877.291:57): proctitle="/apex/com.android.tethering/bin/netbpfload"
[    6.267035] type=1320 audit(1790904877.291:57): 
[    6.267154] type=1334 audit(1790904877.291:58): prog-id=47 op=LOAD
[    6.267310] type=1300 audit(1790904877.291:58): arch=c000003e syscall=321 success=yes exit=13 a0=5 a1=7fff566a0f30 a2=a8 a3=1 items=0 ppid=1 auid=4294967295 uid=0 gid=0 euid=0 suid=0 fsuid=0 egid=0 sgid=0 fsgid=0 tty=(none) ses=4294967295 comm="uprobestatsbpfl" exe="/apex/com.android.uprobestats/bin/uprobestatsbpfload" subj=u:r:bpfloader:s0 key=(null)
[    6.267933] type=1327 audit(1790904877.291:58): proctitle="/apex/com.android.tethering/bin/netbpfload"
[    6.268131] type=1320 audit(1790904877.291:58): 
[    6.268247] type=1334 audit(1790904877.295:59): prog-id=48 op=LOAD
[    6.268419] type=1300 audit(1790904877.295:59): arch=c000003e syscall=321 success=yes exit=7 a0=5 a1=7fff566a0f30 a2=a8 a3=1 items=0 ppid=1 auid=4294967295 uid=0 gid=0 euid=0 suid=0 fsuid=0 egid=0 sgid=0 fsgid=0 tty=(none) ses=4294967295 comm="uprobestatsbpfl" exe="/apex/com.android.uprobestats/bin/uprobestatsbpfload" subj=u:r:bpfloader:s0 key=(null)
[    6.269040] type=1327 audit(1790904877.295:59): proctitle="/apex/com.android.tethering/bin/netbpfload"
[    6.269229] type=1320 audit(1790904877.295:59): 
[    6.269347] type=1334 audit(1790904877.295:60): prog-id=49 op=LOAD
[    6.269527] type=1300 audit(1790904877.295:60): arch=c000003e syscall=321 success=yes exit=6 a0=5 a1=7fff566a0f30 a2=a8 a3=1 items=0 ppid=1 auid=4294967295 uid=0 gid=0 euid=0 suid=0 fsuid=0 egid=0 sgid=0 fsgid=0 tty=(none) ses=4294967295 comm="uprobestatsbpfl" exe="/apex/com.android.uprobestats/bin/uprobestatsbpfload" subj=u:r:bpfloader:s0 key=(null)
[    6.270149] type=1327 audit(1790904877.295:60): proctitle="/apex/com.android.tethering/bin/netbpfload"
[    6.270584] type=1320 audit(1790904877.295:60): 
[    6.270740] type=1334 audit(1790904877.295:61): prog-id=50 op=LOAD
[    6.270905] type=1300 audit(1790904877.295:61): arch=c000003e syscall=321 success=yes exit=7 a0=5 a1=7fff566a0f30 a2=a8 a3=1 items=0 ppid=1 auid=4294967295 uid=0 gid=0 euid=0 suid=0 fsuid=0 egid=0 sgid=0 fsgid=0 tty=(none) ses=4294967295 comm="uprobestatsbpfl" exe="/apex/com.android.uprobestats/bin/uprobestatsbpfload" subj=u:r:bpfloader:s0 key=(null)
[    6.271644] type=1327 audit(1790904877.295:61): proctitle="/apex/com.android.tethering/bin/netbpfload"
[    6.271910] type=1320 audit(1790904877.295:61): 
[    6.272076] type=1334 audit(1790904877.299:62): prog-id=51 op=LOAD
[    6.272250] type=1300 audit(1790904877.299:62): arch=c000003e syscall=321 success=yes exit=7 a0=5 a1=7fff566a0f30 a2=a8 a3=1 items=0 ppid=1 auid=4294967295 uid=0 gid=0 euid=0 suid=0 fsuid=0 egid=0 sgid=0 fsgid=0 tty=(none) ses=4294967295 comm="uprobestatsbpfl" exe="/apex/com.android.uprobestats/bin/uprobestatsbpfload" subj=u:r:bpfloader:s0 key=(null)
[    6.272956] type=1327 audit(1790904877.299:62): proctitle="/apex/com.android.tethering/bin/netbpfload"
[    6.273179] type=1320 audit(1790904877.299:62): 
[    6.273315] type=1334 audit(1790904877.299:63): prog-id=52 op=LOAD
[    6.273489] type=1300 audit(1790904877.299:63): arch=c000003e syscall=321 success=yes exit=8 a0=5 a1=7fff566a0f30 a2=a8 a3=1 items=0 ppid=1 auid=4294967295 uid=0 gid=0 euid=0 suid=0 fsuid=0 egid=0 sgid=0 fsgid=0 tty=(none) ses=4294967295 comm="uprobestatsbpfl" exe="/apex/com.android.uprobestats/bin/uprobestatsbpfload" subj=u:r:bpfloader:s0 key=(null)
[    6.274227] type=1327 audit(1790904877.299:63): proctitle="/apex/com.android.tethering/bin/netbpfload"
[    6.274565] type=1320 audit(1790904877.299:63): 
[    6.274812] type=1334 audit(1790904877.303:64): prog-id=53 op=LOAD
[    6.274989] type=1300 audit(1790904877.303:64): arch=c000003e syscall=321 success=yes exit=9 a0=5 a1=7fff566a0f30 a2=a8 a3=1 items=0 ppid=1 auid=4294967295 uid=0 gid=0 euid=0 suid=0 fsuid=0 egid=0 sgid=0 fsgid=0 tty=(none) ses=4294967295 comm="uprobestatsbpfl" exe="/apex/com.android.uprobestats/bin/uprobestatsbpfload" subj=u:r:bpfloader:s0 key=(null)
[    6.275745] type=1327 audit(1790904877.303:64): proctitle="/apex/com.android.tethering/bin/netbpfload"
[    6.275961] type=1320 audit(1790904877.303:64): 
[    6.276110] type=1334 audit(1790904877.303:65): prog-id=54 op=LOAD
[    6.276293] type=1300 audit(1790904877.303:65): arch=c000003e syscall=321 success=yes exit=10 a0=5 a1=7fff566a0f30 a2=a8 a3=1 items=0 ppid=1 auid=4294967295 uid=0 gid=0 euid=0 suid=0 fsuid=0 egid=0 sgid=0 fsgid=0 tty=(none) ses=4294967295 comm="uprobestatsbpfl" exe="/apex/com.android.uprobestats/bin/uprobestatsbpfload" subj=u:r:bpfloader:s0 key=(null)
[    6.277014] type=1327 audit(1790904877.303:65): proctitle="/apex/com.android.tethering/bin/netbpfload"
[    6.277263] type=1320 audit(1790904877.303:65): 
[    6.277416] type=1334 audit(1790904877.303:66): prog-id=55 op=LOAD
[    6.277608] type=1300 audit(1790904877.303:66): arch=c000003e syscall=321 success=yes exit=11 a0=5 a1=7fff566a0f30 a2=a8 a3=1 items=0 ppid=1 auid=4294967295 uid=0 gid=0 euid=0 suid=0 fsuid=0 egid=0 sgid=0 fsgid=0 tty=(none) ses=4294967295 comm="uprobestatsbpfl" exe="/apex/com.android.uprobestats/bin/uprobestatsbpfload" subj=u:r:bpfloader:s0 key=(null)
[    6.278562] type=1327 audit(1790904877.303:66): proctitle="/apex/com.android.tethering/bin/netbpfload"
[    6.278823] type=1320 audit(1790904877.303:66): 
[    6.278959] type=1334 audit(1790904877.303:67): prog-id=56 op=LOAD
[    6.279146] type=1300 audit(1790904877.303:67): arch=c000003e syscall=321 success=yes exit=12 a0=5 a1=7fff566a0f30 a2=a8 a3=1 items=0 ppid=1 auid=4294967295 uid=0 gid=0 euid=0 suid=0 fsuid=0 egid=0 sgid=0 fsgid=0 tty=(none) ses=4294967295 comm="uprobestatsbpfl" exe="/apex/com.android.uprobestats/bin/uprobestatsbpfload" subj=u:r:bpfloader:s0 key=(null)
[    6.279904] type=1327 audit(1790904877.303:67): proctitle="/apex/com.android.tethering/bin/netbpfload"
[    6.280180] type=1320 audit(1790904877.303:67): 
[    6.280331] type=1334 audit(1790904877.303:68): prog-id=57 op=LOAD
[    6.280515] type=1300 audit(1790904877.303:68): arch=c000003e syscall=321 success=yes exit=13 a0=5 a1=7fff566a0f30 a2=a8 a3=1 items=0 ppid=1 auid=4294967295 uid=0 gid=0 euid=0 suid=0 fsuid=0 egid=0 sgid=0 fsgid=0 tty=(none) ses=4294967295 comm="uprobestatsbpfl" exe="/apex/com.android.uprobestats/bin/uprobestatsbpfload" subj=u:r:bpfloader:s0 key=(null)
[    6.281236] type=1327 audit(1790904877.303:68): proctitle="/apex/com.android.tethering/bin/netbpfload"
[    6.281465] type=1320 audit(1790904877.303:68): 
[    6.281608] type=1334 audit(1790904877.303:69): prog-id=58 op=LOAD
[    6.281803] type=1300 audit(1790904877.303:69): arch=c000003e syscall=321 success=yes exit=8 a0=5 a1=7fff566a0f30 a2=a8 a3=1 items=0 ppid=1 auid=4294967295 uid=0 gid=0 euid=0 suid=0 fsuid=0 egid=0 sgid=0 fsgid=0 tty=(none) ses=4294967295 comm="uprobestatsbpfl" exe="/apex/com.android.uprobestats/bin/uprobestatsbpfload" subj=u:r:bpfloader:s0 key=(null)
[    6.282645] type=1327 audit(1790904877.303:69): proctitle="/apex/com.android.tethering/bin/netbpfload"
[    6.282893] type=1320 audit(1790904877.303:69): 
[    6.283031] type=1334 audit(1790904877.323:70): prog-id=59 op=LOAD
[    6.283203] type=1300 audit(1790904877.323:70): arch=c000003e syscall=321 success=yes exit=4 a0=5 a1=7ffd12eb6e48 a2=74 a3=2a items=0 ppid=1 auid=4294967295 uid=0 gid=0 euid=0 suid=0 fsuid=0 egid=0 sgid=0 fsgid=0 tty=(none) ses=4294967295 comm="bpfloader" exe="/system/bin/bpfloader" subj=u:r:bpfloader:s0 key=(null)
[    6.283854] type=1327 audit(1790904877.323:70): proctitle="/apex/com.android.tethering/bin/netbpfload"
[    6.284075] type=1320 audit(1790904877.323:70): 
[    6.284216] type=1334 audit(1790904877.323:71): prog-id=59 op=UNLOAD
[    6.284400] type=1300 audit(1790904877.323:71): arch=c000003e syscall=3 success=yes exit=0 a0=4 a1=0 a2=0 a3=2a items=0 ppid=1 auid=4294967295 uid=0 gid=0 euid=0 suid=0 fsuid=0 egid=0 sgid=0 fsgid=0 tty=(none) ses=4294967295 comm="bpfloader" exe="/system/bin/bpfloader" subj=u:r:bpfloader:s0 key=(null)
[    6.285015] type=1327 audit(1790904877.323:71): proctitle="/apex/com.android.tethering/bin/netbpfload"
[    6.285242] type=1320 audit(1790904877.323:71): 
[    6.285399] type=1334 audit(1790904877.323:72): prog-id=60 op=LOAD
[    6.285578] type=1300 audit(1790904877.323:72): arch=c000003e syscall=321 success=yes exit=4 a0=5 a1=7ffd12eb6eb0 a2=94 a3=2 items=0 ppid=1 auid=4294967295 uid=0 gid=0 euid=0 suid=0 fsuid=0 egid=0 sgid=0 fsgid=0 tty=(none) ses=4294967295 comm="bpfloader" exe="/system/bin/bpfloader" subj=u:r:bpfloader:s0 key=(null)
[    6.286240] type=1327 audit(1790904877.323:72): proctitle="/apex/com.android.tethering/bin/netbpfload"
[    6.286662] type=1320 audit(1790904877.323:72): 
[    6.286823] type=1334 audit(1790904877.323:73): prog-id=60 op=UNLOAD
[    6.287007] type=1300 audit(1790904877.323:73): arch=c000003e syscall=3 success=yes exit=0 a0=4 a1=0 a2=0 a3=2 items=0 ppid=1 auid=4294967295 uid=0 gid=0 euid=0 suid=0 fsuid=0 egid=0 sgid=0 fsgid=0 tty=(none) ses=4294967295 comm="bpfloader" exe="/system/bin/bpfloader" subj=u:r:bpfloader:s0 key=(null)
[    6.287668] type=1327 audit(1790904877.323:73): proctitle="/apex/com.android.tethering/bin/netbpfload"
[    6.287873] type=1320 audit(1790904877.323:73): 
[    6.353270] type=1334 audit(1790904877.395:74): prog-id=61 op=LOAD
[    6.353797] type=1300 audit(1790904877.395:74): arch=c000003e syscall=321 success=yes exit=20 a0=5 a1=7ffd12eb6ba8 a2=40 a3=4 items=0 ppid=1 auid=4294967295 uid=0 gid=0 euid=0 suid=0 fsuid=0 egid=0 sgid=0 fsgid=0 tty=(none) ses=4294967295 comm="bpfloader" exe="/system/bin/bpfloader" subj=u:r:bpfloader:s0 key=(null)
[    6.354919] type=1327 audit(1790904877.395:74): proctitle="/apex/com.android.tethering/bin/netbpfload"
[    6.355130] type=1320 audit(1790904877.395:74): 
[    6.355251] type=1334 audit(1790904877.395:75): prog-id=61 op=UNLOAD
[    6.355417] type=1300 audit(1790904877.395:75): arch=c000003e syscall=3 success=yes exit=0 a0=14 a1=0 a2=0 a3=4 items=0 ppid=1 auid=4294967295 uid=0 gid=0 euid=0 suid=0 fsuid=0 egid=0 sgid=0 fsgid=0 tty=(none) ses=4294967295 comm="bpfloader" exe="/system/bin/bpfloader" subj=u:r:bpfloader:s0 key=(null)
[    6.355993] type=1327 audit(1790904877.395:75): proctitle="/apex/com.android.tethering/bin/netbpfload"
[    6.356206] type=1320 audit(1790904877.395:75): 
[    6.356338] type=1334 audit(1790904877.395:76): prog-id=62 op=LOAD
[    6.356507] type=1300 audit(1790904877.395:76): arch=c000003e syscall=321 success=yes exit=20 a0=5 a1=7ffd12eb6d40 a2=94 a3=7ffd12eb6e20 items=0 ppid=1 auid=4294967295 uid=0 gid=0 euid=0 suid=0 fsuid=0 egid=0 sgid=0 fsgid=0 tty=(none) ses=4294967295 comm="bpfloader" exe="/system/bin/bpfloader" subj=u:r:bpfloader:s0 key=(null)
[    6.357122] type=1327 audit(1790904877.395:76): proctitle="/apex/com.android.tethering/bin/netbpfload"
[    6.357337] type=1320 audit(1790904877.395:76): 
[    6.357469] type=1334 audit(1790904877.395:77): prog-id=62 op=UNLOAD
[    6.357634] type=1300 audit(1790904877.395:77): arch=c000003e syscall=3 success=yes exit=0 a0=14 a1=0 a2=0 a3=7ffd12eb6e20 items=0 ppid=1 auid=4294967295 uid=0 gid=0 euid=0 suid=0 fsuid=0 egid=0 sgid=0 fsgid=0 tty=(none) ses=4294967295 comm="bpfloader" exe="/system/bin/bpfloader" subj=u:r:bpfloader:s0 key=(null)
[    6.358246] type=1327 audit(1790904877.395:77): proctitle="/apex/com.android.tethering/bin/netbpfload"
[    6.358598] type=1320 audit(1790904877.395:77): 
[    6.358764] type=1334 audit(1790904877.399:78): prog-id=63 op=LOAD
[    6.359825] type=1300 audit(1790904877.399:78): arch=c000003e syscall=321 success=yes exit=20 a0=5 a1=7ffd12eb6dc0 a2=94 a3=6 items=0 ppid=1 auid=4294967295 uid=0 gid=0 euid=0 suid=0 fsuid=0 egid=0 sgid=0 fsgid=0 tty=(none) ses=4294967295 comm="bpfloader" exe="/system/bin/bpfloader" subj=u:r:bpfloader:s0 key=(null)
[    6.360499] type=1327 audit(1790904877.399:78): proctitle="/apex/com.android.tethering/bin/netbpfload"
[    6.360762] type=1320 audit(1790904877.399:78): 
[    6.360911] type=1334 audit(1790904877.403:79): prog-id=63 op=UNLOAD
[    6.361091] type=1300 audit(1790904877.403:79): arch=c000003e syscall=3 success=yes exit=0 a0=14 a1=0 a2=0 a3=6 items=0 ppid=1 auid=4294967295 uid=0 gid=0 euid=0 suid=0 fsuid=0 egid=0 sgid=0 fsgid=0 tty=(none) ses=4294967295 comm="bpfloader" exe="/system/bin/bpfloader" subj=u:r:bpfloader:s0 key=(null)
[    6.361876] type=1327 audit(1790904877.403:79): proctitle="/apex/com.android.tethering/bin/netbpfload"
[    6.362146] type=1320 audit(1790904877.403:79): 
[    6.362283] type=1334 audit(1790904877.403:80): prog-id=64 op=LOAD
[    6.362741] type=1300 audit(1790904877.403:80): arch=c000003e syscall=321 success=yes exit=20 a0=5 a1=7ffd12eb6eb0 a2=94 a3=375 items=0 ppid=1 auid=4294967295 uid=0 gid=0 euid=0 suid=0 fsuid=0 egid=0 sgid=0 fsgid=0 tty=(none) ses=4294967295 comm="bpfloader" exe="/system/bin/bpfloader" subj=u:r:bpfloader:s0 key=(null)
[    6.363354] type=1327 audit(1790904877.403:80): proctitle="/apex/com.android.tethering/bin/netbpfload"
[    6.363576] type=1320 audit(1790904877.403:80): 
[    6.363743] type=1334 audit(1790904877.403:81): prog-id=65 op=LOAD
[    6.363915] type=1300 audit(1790904877.403:81): arch=c000003e syscall=321 success=yes exit=21 a0=5 a1=7ffd12eb6eb0 a2=94 a3=1f items=0 ppid=1 auid=4294967295 uid=0 gid=0 euid=0 suid=0 fsuid=0 egid=0 sgid=0 fsgid=0 tty=(none) ses=4294967295 comm="bpfloader" exe="/system/bin/bpfloader" subj=u:r:bpfloader:s0 key=(null)
[    6.364571] type=1327 audit(1790904877.403:81): proctitle="/apex/com.android.tethering/bin/netbpfload"
[    6.364935] type=1320 audit(1790904877.403:81): 
[    6.365341] type=1334 audit(1790904877.403:82): prog-id=66 op=LOAD
[    6.365919] type=1300 audit(1790904877.403:82): arch=c000003e syscall=321 success=yes exit=22 a0=5 a1=7ffd12eb6eb0 a2=94 a3=98 items=0 ppid=1 auid=4294967295 uid=0 gid=0 euid=0 suid=0 fsuid=0 egid=0 sgid=0 fsgid=0 tty=(none) ses=4294967295 comm="bpfloader" exe="/system/bin/bpfloader" subj=u:r:bpfloader:s0 key=(null)
[    6.366756] type=1327 audit(1790904877.403:82): proctitle="/apex/com.android.tethering/bin/netbpfload"
[    6.367193] type=1320 audit(1790904877.403:82): 
[    6.367323] type=1334 audit(1790904877.407:83): prog-id=67 op=LOAD
[    6.367479] type=1300 audit(1790904877.407:83): arch=c000003e syscall=321 success=yes exit=4 a0=5 a1=7ffd12eb6eb0 a2=94 a3=2 items=0 ppid=1 auid=4294967295 uid=0 gid=0 euid=0 suid=0 fsuid=0 egid=0 sgid=0 fsgid=0 tty=(none) ses=4294967295 comm="bpfloader" exe="/system/bin/bpfloader" subj=u:r:bpfloader:s0 key=(null)
[    6.368131] type=1327 audit(1790904877.407:83): proctitle="/apex/com.android.tethering/bin/netbpfload"
[    6.368358] type=1320 audit(1790904877.407:83): 
[    6.368507] type=1334 audit(1790904877.407:84): prog-id=67 op=UNLOAD
[    6.368672] type=1300 audit(1790904877.407:84): arch=c000003e syscall=3 success=yes exit=0 a0=4 a1=0 a2=0 a3=2 items=0 ppid=1 auid=4294967295 uid=0 gid=0 euid=0 suid=0 fsuid=0 egid=0 sgid=0 fsgid=0 tty=(none) ses=4294967295 comm="bpfloader" exe="/system/bin/bpfloader" subj=u:r:bpfloader:s0 key=(null)
[    6.369337] type=1327 audit(1790904877.407:84): proctitle="/apex/com.android.tethering/bin/netbpfload"
[    6.369550] type=1320 audit(1790904877.407:84): 
[    6.369735] type=1334 audit(1790904877.407:85): prog-id=68 op=LOAD
[    6.370020] type=1300 audit(1790904877.407:85): arch=c000003e syscall=321 success=yes exit=7 a0=5 a1=7ffd12eb6cf0 a2=94 a3=5 items=0 ppid=1 auid=4294967295 uid=0 gid=0 euid=0 suid=0 fsuid=0 egid=0 sgid=0 fsgid=0 tty=(none) ses=4294967295 comm="bpfloader" exe="/system/bin/bpfloader" subj=u:r:bpfloader:s0 key=(null)
[    6.370938] type=1327 audit(1790904877.407:85): proctitle="/apex/com.android.tethering/bin/netbpfload"
[    6.371209] type=1320 audit(1790904877.407:85): 
[    6.371450] type=1334 audit(1790904877.407:86): prog-id=68 op=UNLOAD
[    6.371630] type=1300 audit(1790904877.407:86): arch=c000003e syscall=3 success=yes exit=0 a0=7 a1=0 a2=0 a3=5 items=0 ppid=1 auid=4294967295 uid=0 gid=0 euid=0 suid=0 fsuid=0 egid=0 sgid=0 fsgid=0 tty=(none) ses=4294967295 comm="bpfloader" exe="/system/bin/bpfloader" subj=u:r:bpfloader:s0 key=(null)
[    6.372337] type=1327 audit(1790904877.407:86): proctitle="/apex/com.android.tethering/bin/netbpfload"
[    6.372673] type=1320 audit(1790904877.407:86): 
[    6.372878] type=1334 audit(1790904877.407:87): prog-id=69 op=LOAD
[    6.373186] type=1300 audit(1790904877.407:87): arch=c000003e syscall=321 success=yes exit=6 a0=5 a1=7ffd12eb6eb0 a2=94 a3=2f items=0 ppid=1 auid=4294967295 uid=0 gid=0 euid=0 suid=0 fsuid=0 egid=0 sgid=0 fsgid=0 tty=(none) ses=4294967295 comm="bpfloader" exe="/system/bin/bpfloader" subj=u:r:bpfloader:s0 key=(null)
[    6.373834] type=1327 audit(1790904877.407:87): proctitle="/apex/com.android.tethering/bin/netbpfload"
[    6.374198] type=1320 audit(1790904877.407:87): 
[    6.374386] type=1334 audit(1790904877.411:88): prog-id=70 op=LOAD
[    6.374630] type=1300 audit(1790904877.411:88): arch=c000003e syscall=321 success=yes exit=8 a0=5 a1=7ffd12eb6d10 a2=94 a3=2 items=0 ppid=1 auid=4294967295 uid=0 gid=0 euid=0 suid=0 fsuid=0 egid=0 sgid=0 fsgid=0 tty=(none) ses=4294967295 comm="bpfloader" exe="/system/bin/bpfloader" subj=u:r:bpfloader:s0 key=(null)
[    6.375306] type=1327 audit(1790904877.411:88): proctitle="/apex/com.android.tethering/bin/netbpfload"
[    6.375552] type=1320 audit(1790904877.411:88): 
[    6.375742] type=1334 audit(1790904877.411:89): prog-id=70 op=UNLOAD
[    6.375921] type=1300 audit(1790904877.411:89): arch=c000003e syscall=3 success=yes exit=0 a0=8 a1=0 a2=0 a3=7ffd12eb6df8 items=0 ppid=1 auid=4294967295 uid=0 gid=0 euid=0 suid=0 fsuid=0 egid=0 sgid=0 fsgid=0 tty=(none) ses=4294967295 comm="bpfloader" exe="/system/bin/bpfloader" subj=u:r:bpfloader:s0 key=(null)
[    6.376980] type=1327 audit(1790904877.411:89): proctitle="/apex/com.android.tethering/bin/netbpfload"
[    6.377201] type=1320 audit(1790904877.411:89): 
[    6.377351] type=1334 audit(1790904877.411:90): prog-id=71 op=LOAD
[    6.377518] type=1300 audit(1790904877.411:90): arch=c000003e syscall=321 success=yes exit=4 a0=5 a1=7ffd12eb6eb0 a2=94 a3=2 items=0 ppid=1 auid=4294967295 uid=0 gid=0 euid=0 suid=0 fsuid=0 egid=0 sgid=0 fsgid=0 tty=(none) ses=4294967295 comm="bpfloader" exe="/system/bin/bpfloader" subj=u:r:bpfloader:s0 key=(null)
[    6.378088] type=1327 audit(1790904877.411:90): proctitle="/apex/com.android.tethering/bin/netbpfload"
[    6.378306] type=1320 audit(1790904877.411:90): 
[    6.378584] type=1334 audit(1790904877.411:91): prog-id=71 op=UNLOAD
[    6.378788] type=1300 audit(1790904877.411:91): arch=c000003e syscall=3 success=yes exit=0 a0=4 a1=0 a2=0 a3=2 items=0 ppid=1 auid=4294967295 uid=0 gid=0 euid=0 suid=0 fsuid=0 egid=0 sgid=0 fsgid=0 tty=(none) ses=4294967295 comm="bpfloader" exe="/system/bin/bpfloader" subj=u:r:bpfloader:s0 key=(null)
[    6.379328] type=1327 audit(1790904877.411:91): proctitle="/apex/com.android.tethering/bin/netbpfload"
[    6.379558] type=1320 audit(1790904877.411:91): 
[    6.379683] type=1334 audit(1790904877.411:92): prog-id=72 op=LOAD
[    6.379882] type=1300 audit(1790904877.411:92): arch=c000003e syscall=321 success=yes exit=6 a0=5 a1=7ffd12eb6eb0 a2=94 a3=20 items=0 ppid=1 auid=4294967295 uid=0 gid=0 euid=0 suid=0 fsuid=0 egid=0 sgid=0 fsgid=0 tty=(none) ses=4294967295 comm="bpfloader" exe="/system/bin/bpfloader" subj=u:r:bpfloader:s0 key=(null)
[    6.380501] type=1327 audit(1790904877.411:92): proctitle="/apex/com.android.tethering/bin/netbpfload"
[    6.380775] type=1320 audit(1790904877.411:92): 
[    6.380922] type=1334 audit(1790904877.411:93): prog-id=73 op=LOAD
[    6.381092] type=1300 audit(1790904877.411:93): arch=c000003e syscall=321 success=yes exit=4 a0=5 a1=7ffd12eb6eb0 a2=94 a3=2 items=0 ppid=1 auid=4294967295 uid=0 gid=0 euid=0 suid=0 fsuid=0 egid=0 sgid=0 fsgid=0 tty=(none) ses=4294967295 comm="bpfloader" exe="/system/bin/bpfloader" subj=u:r:bpfloader:s0 key=(null)
[    6.381666] type=1327 audit(1790904877.411:93): proctitle="/apex/com.android.tethering/bin/netbpfload"
[    6.381885] type=1320 audit(1790904877.411:93): 
[    6.382015] type=1334 audit(1790904877.411:94): prog-id=73 op=UNLOAD
[    6.382190] type=1300 audit(1790904877.411:94): arch=c000003e syscall=3 success=yes exit=0 a0=4 a1=0 a2=0 a3=2 items=0 ppid=1 auid=4294967295 uid=0 gid=0 euid=0 suid=0 fsuid=0 egid=0 sgid=0 fsgid=0 tty=(none) ses=4294967295 comm="bpfloader" exe="/system/bin/bpfloader" subj=u:r:bpfloader:s0 key=(null)
[    6.382809] type=1327 audit(1790904877.411:94): proctitle="/apex/com.android.tethering/bin/netbpfload"
[    6.383033] type=1320 audit(1790904877.411:94): 
[    6.383156] type=1334 audit(1790904877.411:95): prog-id=74 op=LOAD
[    6.383328] type=1300 audit(1790904877.411:95): arch=c000003e syscall=321 success=yes exit=7 a0=5 a1=7ffd12eb6eb0 a2=94 a3=55 items=0 ppid=1 auid=4294967295 uid=0 gid=0 euid=0 suid=0 fsuid=0 egid=0 sgid=0 fsgid=0 tty=(none) ses=4294967295 comm="bpfloader" exe="/system/bin/bpfloader" subj=u:r:bpfloader:s0 key=(null)
[    6.383941] type=1327 audit(1790904877.411:95): proctitle="/apex/com.android.tethering/bin/netbpfload"
[    6.384544] type=1320 audit(1790904877.411:95): 
[    6.384684] type=1334 audit(1790904877.411:96): prog-id=75 op=LOAD
[    6.384921] type=1300 audit(1790904877.411:96): arch=c000003e syscall=321 success=yes exit=4 a0=5 a1=7ffd12eb6eb0 a2=94 a3=2 items=0 ppid=1 auid=4294967295 uid=0 gid=0 euid=0 suid=0 fsuid=0 egid=0 sgid=0 fsgid=0 tty=(none) ses=4294967295 comm="bpfloader" exe="/system/bin/bpfloader" subj=u:r:bpfloader:s0 key=(null)
[    6.386623] type=1327 audit(1790904877.411:96): proctitle="/apex/com.android.tethering/bin/netbpfload"
[    6.387024] type=1320 audit(1790904877.411:96): 
[    6.387174] type=1334 audit(1790904877.411:97): prog-id=75 op=UNLOAD
[    6.387366] type=1300 audit(1790904877.411:97): arch=c000003e syscall=3 success=yes exit=0 a0=4 a1=0 a2=0 a3=2 items=0 ppid=1 auid=4294967295 uid=0 gid=0 euid=0 suid=0 fsuid=0 egid=0 sgid=0 fsgid=0 tty=(none) ses=4294967295 comm="bpfloader" exe="/system/bin/bpfloader" subj=u:r:bpfloader:s0 key=(null)
[    6.388330] type=1327 audit(1790904877.411:97): proctitle="/apex/com.android.tethering/bin/netbpfload"
[    6.388614] type=1320 audit(1790904877.411:97): 
[    6.388803] type=1334 audit(1790904877.411:98): prog-id=76 op=LOAD
[    6.389008] type=1300 audit(1790904877.411:98): arch=c000003e syscall=321 success=yes exit=7 a0=5 a1=7ffd12eb6eb0 a2=94 a3=2e items=0 ppid=1 auid=4294967295 uid=0 gid=0 euid=0 suid=0 fsuid=0 egid=0 sgid=0 fsgid=0 tty=(none) ses=4294967295 comm="bpfloader" exe="/system/bin/bpfloader" subj=u:r:bpfloader:s0 key=(null)
[    6.389804] type=1327 audit(1790904877.411:98): proctitle="/apex/com.android.tethering/bin/netbpfload"
[    6.390061] type=1320 audit(1790904877.411:98): 
[    6.390224] type=1334 audit(1790904877.411:99): prog-id=77 op=LOAD
[    6.390515] type=1300 audit(1790904877.411:99): arch=c000003e syscall=321 success=yes exit=8 a0=5 a1=7ffd12eb6eb0 a2=94 a3=e items=0 ppid=1 auid=4294967295 uid=0 gid=0 euid=0 suid=0 fsuid=0 egid=0 sgid=0 fsgid=0 tty=(none) ses=4294967295 comm="bpfloader" exe="/system/bin/bpfloader" subj=u:r:bpfloader:s0 key=(null)
[    6.391237] type=1327 audit(1790904877.411:99): proctitle="/apex/com.android.tethering/bin/netbpfload"
[    6.391474] type=1320 audit(1790904877.411:99): 
[    6.391604] type=1334 audit(1790904877.411:100): prog-id=78 op=LOAD
[    6.391766] type=1300 audit(1790904877.411:100): arch=c000003e syscall=321 success=yes exit=9 a0=5 a1=7ffd12eb6eb0 a2=94 a3=f items=0 ppid=1 auid=4294967295 uid=0 gid=0 euid=0 suid=0 fsuid=0 egid=0 sgid=0 fsgid=0 tty=(none) ses=4294967295 comm="bpfloader" exe="/system/bin/bpfloader" subj=u:r:bpfloader:s0 key=(null)
[    6.392396] type=1327 audit(1790904877.411:100): proctitle="/apex/com.android.tethering/bin/netbpfload"
[    6.392618] type=1320 audit(1790904877.411:100): 
[    6.392772] type=1334 audit(1790904877.411:101): prog-id=79 op=LOAD
[    6.392947] type=1300 audit(1790904877.411:101): arch=c000003e syscall=321 success=yes exit=10 a0=5 a1=7ffd12eb6eb0 a2=94 a3=16 items=0 ppid=1 auid=4294967295 uid=0 gid=0 euid=0 suid=0 fsuid=0 egid=0 sgid=0 fsgid=0 tty=(none) ses=4294967295 comm="bpfloader" exe="/system/bin/bpfloader" subj=u:r:bpfloader:s0 key=(null)
[    6.393507] type=1327 audit(1790904877.411:101): proctitle="/apex/com.android.tethering/bin/netbpfload"
[    6.393808] type=1320 audit(1790904877.411:101): 
[    6.393947] type=1334 audit(1790904877.411:102): prog-id=80 op=LOAD
[    6.394115] type=1300 audit(1790904877.411:102): arch=c000003e syscall=321 success=yes exit=11 a0=5 a1=7ffd12eb6eb0 a2=94 a3=12 items=0 ppid=1 auid=4294967295 uid=0 gid=0 euid=0 suid=0 fsuid=0 egid=0 sgid=0 fsgid=0 tty=(none) ses=4294967295 comm="bpfloader" exe="/system/bin/bpfloader" subj=u:r:bpfloader:s0 key=(null)
[    6.394957] type=1327 audit(1790904877.411:102): proctitle="/apex/com.android.tethering/bin/netbpfload"
[    6.395173] type=1320 audit(1790904877.411:102): 
[    6.395297] type=1334 audit(1790904877.411:103): prog-id=81 op=LOAD
[    6.395499] type=1300 audit(1790904877.411:103): arch=c000003e syscall=321 success=yes exit=12 a0=5 a1=7ffd12eb6eb0 a2=94 a3=19 items=0 ppid=1 auid=4294967295 uid=0 gid=0 euid=0 suid=0 fsuid=0 egid=0 sgid=0 fsgid=0 tty=(none) ses=4294967295 comm="bpfloader" exe="/system/bin/bpfloader" subj=u:r:bpfloader:s0 key=(null)
[    6.396156] type=1327 audit(1790904877.411:103): proctitle="/apex/com.android.tethering/bin/netbpfload"
[    6.396372] type=1320 audit(1790904877.411:103): 
[    6.396503] type=1334 audit(1790904877.411:104): prog-id=82 op=LOAD
[    6.396674] type=1300 audit(1790904877.411:104): arch=c000003e syscall=321 success=yes exit=13 a0=5 a1=7ffd12eb6eb0 a2=94 a3=f items=0 ppid=1 auid=4294967295 uid=0 gid=0 euid=0 suid=0 fsuid=0 egid=0 sgid=0 fsgid=0 tty=(none) ses=4294967295 comm="bpfloader" exe="/system/bin/bpfloader" subj=u:r:bpfloader:s0 key=(null)
[    6.397296] type=1327 audit(1790904877.411:104): proctitle="/apex/com.android.tethering/bin/netbpfload"
[    6.397529] type=1320 audit(1790904877.411:104): 
[    6.397674] type=1334 audit(1790904877.415:105): prog-id=83 op=LOAD
[    6.398115] type=1300 audit(1790904877.415:105): arch=c000003e syscall=321 success=yes exit=4 a0=5 a1=7ffd12eb6eb0 a2=94 a3=2 items=0 ppid=1 auid=4294967295 uid=0 gid=0 euid=0 suid=0 fsuid=0 egid=0 sgid=0 fsgid=0 tty=(none) ses=4294967295 comm="bpfloader" exe="/system/bin/bpfloader" subj=u:r:bpfloader:s0 key=(null)
[    6.398762] type=1327 audit(1790904877.415:105): proctitle="/apex/com.android.tethering/bin/netbpfload"
[    6.399001] type=1320 audit(1790904877.415:105): 
[    6.399152] type=1334 audit(1790904877.415:106): prog-id=83 op=UNLOAD
[    6.399327] type=1300 audit(1790904877.415:106): arch=c000003e syscall=3 success=yes exit=0 a0=4 a1=0 a2=0 a3=2 items=0 ppid=1 auid=4294967295 uid=0 gid=0 euid=0 suid=0 fsuid=0 egid=0 sgid=0 fsgid=0 tty=(none) ses=4294967295 comm="bpfloader" exe="/system/bin/bpfloader" subj=u:r:bpfloader:s0 key=(null)
[    6.399904] type=1327 audit(1790904877.415:106): proctitle="/apex/com.android.tethering/bin/netbpfload"
[    6.400118] type=1320 audit(1790904877.415:106): 
[    6.400253] type=1334 audit(1790904877.415:107): prog-id=84 op=LOAD
[    6.400445] type=1300 audit(1790904877.415:107): arch=c000003e syscall=321 success=yes exit=7 a0=5 a1=7ffd12eb6eb0 a2=94 a3=2e items=0 ppid=1 auid=4294967295 uid=0 gid=0 euid=0 suid=0 fsuid=0 egid=0 sgid=0 fsgid=0 tty=(none) ses=4294967295 comm="bpfloader" exe="/system/bin/bpfloader" subj=u:r:bpfloader:s0 key=(null)
[    6.401078] type=1327 audit(1790904877.415:107): proctitle="/apex/com.android.tethering/bin/netbpfload"
[    6.401311] type=1320 audit(1790904877.415:107): 
[    6.401447] type=1334 audit(1790904877.415:108): prog-id=85 op=LOAD
[    6.401626] type=1300 audit(1790904877.415:108): arch=c000003e syscall=321 success=yes exit=8 a0=5 a1=7ffd12eb6eb0 a2=94 a3=38 items=0 ppid=1 auid=4294967295 uid=0 gid=0 euid=0 suid=0 fsuid=0 egid=0 sgid=0 fsgid=0 tty=(none) ses=4294967295 comm="bpfloader" exe="/system/bin/bpfloader" subj=u:r:bpfloader:s0 key=(null)
[    6.402238] type=1327 audit(1790904877.415:108): proctitle="/apex/com.android.tethering/bin/netbpfload"
[    6.402531] type=1320 audit(1790904877.415:108): 
[    6.402681] type=1334 audit(1790904877.415:109): prog-id=86 op=LOAD
[    6.402871] type=1300 audit(1790904877.415:109): arch=c000003e syscall=321 success=yes exit=9 a0=5 a1=7ffd12eb6eb0 a2=94 a3=e items=0 ppid=1 auid=4294967295 uid=0 gid=0 euid=0 suid=0 fsuid=0 egid=0 sgid=0 fsgid=0 tty=(none) ses=4294967295 comm="bpfloader" exe="/system/bin/bpfloader" subj=u:r:bpfloader:s0 key=(null)
[    6.403439] type=1327 audit(1790904877.415:109): proctitle="/apex/com.android.tethering/bin/netbpfload"
[    6.403649] type=1320 audit(1790904877.415:109): 
[    6.403796] type=1334 audit(1790904877.415:110): prog-id=87 op=LOAD
[    6.403980] type=1300 audit(1790904877.415:110): arch=c000003e syscall=321 success=yes exit=10 a0=5 a1=7ffd12eb6eb0 a2=94 a3=f items=0 ppid=1 auid=4294967295 uid=0 gid=0 euid=0 suid=0 fsuid=0 egid=0 sgid=0 fsgid=0 tty=(none) ses=4294967295 comm="bpfloader" exe="/system/bin/bpfloader" subj=u:r:bpfloader:s0 key=(null)
[    6.404605] type=1327 audit(1790904877.415:110): proctitle="/apex/com.android.tethering/bin/netbpfload"
[    6.404855] type=1320 audit(1790904877.415:110): 
[    6.404998] type=1334 audit(1790904877.415:111): prog-id=88 op=LOAD
[    6.405165] type=1300 audit(1790904877.415:111): arch=c000003e syscall=321 success=yes exit=11 a0=5 a1=7ffd12eb6eb0 a2=94 a3=13 items=0 ppid=1 auid=4294967295 uid=0 gid=0 euid=0 suid=0 fsuid=0 egid=0 sgid=0 fsgid=0 tty=(none) ses=4294967295 comm="bpfloader" exe="/system/bin/bpfloader" subj=u:r:bpfloader:s0 key=(null)
[    6.405777] type=1327 audit(1790904877.415:111): proctitle="/apex/com.android.tethering/bin/netbpfload"
[    6.405978] type=1320 audit(1790904877.415:111): 
[    6.406180] type=1334 audit(1790904877.415:112): prog-id=89 op=LOAD
[    6.406383] type=1300 audit(1790904877.415:112): arch=c000003e syscall=321 success=yes exit=12 a0=5 a1=7ffd12eb6eb0 a2=94 a3=11 items=0 ppid=1 auid=4294967295 uid=0 gid=0 euid=0 suid=0 fsuid=0 egid=0 sgid=0 fsgid=0 tty=(none) ses=4294967295 comm="bpfloader" exe="/system/bin/bpfloader" subj=u:r:bpfloader:s0 key=(null)
[    6.407128] type=1327 audit(1790904877.415:112): proctitle="/apex/com.android.tethering/bin/netbpfload"
[    6.407367] type=1320 audit(1790904877.415:112): 
[    6.407498] type=1334 audit(1790904877.415:113): prog-id=90 op=LOAD
[    6.407694] type=1300 audit(1790904877.415:113): arch=c000003e syscall=321 success=yes exit=13 a0=5 a1=7ffd12eb6eb0 a2=94 a3=13 items=0 ppid=1 auid=4294967295 uid=0 gid=0 euid=0 suid=0 fsuid=0 egid=0 sgid=0 fsgid=0 tty=(none) ses=4294967295 comm="bpfloader" exe="/system/bin/bpfloader" subj=u:r:bpfloader:s0 key=(null)
[    6.408271] type=1327 audit(1790904877.415:113): proctitle="/apex/com.android.tethering/bin/netbpfload"
[    6.408492] type=1320 audit(1790904877.415:113): 
[    6.408642] type=1334 audit(1790904877.415:114): prog-id=91 op=LOAD
[    6.408812] type=1300 audit(1790904877.415:114): arch=c000003e syscall=321 success=yes exit=14 a0=5 a1=7ffd12eb6eb0 a2=94 a3=11 items=0 ppid=1 auid=4294967295 uid=0 gid=0 euid=0 suid=0 fsuid=0 egid=0 sgid=0 fsgid=0 tty=(none) ses=4294967295 comm="bpfloader" exe="/system/bin/bpfloader" subj=u:r:bpfloader:s0 key=(null)
[    6.409395] type=1327 audit(1790904877.415:114): proctitle="/apex/com.android.tethering/bin/netbpfload"
[    6.409603] type=1320 audit(1790904877.415:114): 
[    6.409768] type=1334 audit(1790904877.415:115): prog-id=92 op=LOAD
[    6.409939] type=1300 audit(1790904877.415:115): arch=c000003e syscall=321 success=yes exit=4 a0=5 a1=7ffd12eb6eb0 a2=94 a3=2 items=0 ppid=1 auid=4294967295 uid=0 gid=0 euid=0 suid=0 fsuid=0 egid=0 sgid=0 fsgid=0 tty=(none) ses=4294967295 comm="bpfloader" exe="/system/bin/bpfloader" subj=u:r:bpfloader:s0 key=(null)
[    6.410596] type=1327 audit(1790904877.415:115): proctitle="/apex/com.android.tethering/bin/netbpfload"
[    6.410807] type=1320 audit(1790904877.415:115): 
[    6.410950] type=1334 audit(1790904877.415:116): prog-id=92 op=UNLOAD
[    6.411115] type=1300 audit(1790904877.415:116): arch=c000003e syscall=3 success=yes exit=0 a0=4 a1=0 a2=0 a3=2 items=0 ppid=1 auid=4294967295 uid=0 gid=0 euid=0 suid=0 fsuid=0 egid=0 sgid=0 fsgid=0 tty=(none) ses=4294967295 comm="bpfloader" exe="/system/bin/bpfloader" subj=u:r:bpfloader:s0 key=(null)
[    6.411672] type=1327 audit(1790904877.415:116): proctitle="/apex/com.android.tethering/bin/netbpfload"
[    6.411886] type=1320 audit(1790904877.415:116): 
[    6.412012] type=1334 audit(1790904877.415:117): prog-id=93 op=LOAD
[    6.412192] type=1300 audit(1790904877.415:117): arch=c000003e syscall=321 success=yes exit=6 a0=5 a1=7ffd12eb6eb0 a2=94 a3=f items=0 ppid=1 auid=4294967295 uid=0 gid=0 euid=0 suid=0 fsuid=0 egid=0 sgid=0 fsgid=0 tty=(none) ses=4294967295 comm="bpfloader" exe="/system/bin/bpfloader" subj=u:r:bpfloader:s0 key=(null)
[    6.412785] type=1327 audit(1790904877.415:117): proctitle="/apex/com.android.tethering/bin/netbpfload"
[    6.412999] type=1320 audit(1790904877.415:117): 
[    6.413187] type=1334 audit(1790904877.415:118): prog-id=94 op=LOAD
[    6.413401] type=1300 audit(1790904877.415:118): arch=c000003e syscall=321 success=yes exit=4 a0=5 a1=7ffd12eb6eb0 a2=94 a3=2 items=0 ppid=1 auid=4294967295 uid=0 gid=0 euid=0 suid=0 fsuid=0 egid=0 sgid=0 fsgid=0 tty=(none) ses=4294967295 comm="bpfloader" exe="/system/bin/bpfloader" subj=u:r:bpfloader:s0 key=(null)
[    6.414032] type=1327 audit(1790904877.415:118): proctitle="/apex/com.android.tethering/bin/netbpfload"
[    6.414252] type=1320 audit(1790904877.415:118): 
[    6.414390] type=1334 audit(1790904877.415:119): prog-id=94 op=UNLOAD
[    6.414699] type=1300 audit(1790904877.415:119): arch=c000003e syscall=3 success=yes exit=0 a0=4 a1=0 a2=0 a3=2 items=0 ppid=1 auid=4294967295 uid=0 gid=0 euid=0 suid=0 fsuid=0 egid=0 sgid=0 fsgid=0 tty=(none) ses=4294967295 comm="bpfloader" exe="/system/bin/bpfloader" subj=u:r:bpfloader:s0 key=(null)
[    6.415285] type=1327 audit(1790904877.415:119): proctitle="/apex/com.android.tethering/bin/netbpfload"
[    6.415523] type=1320 audit(1790904877.415:119): 
[    6.415658] type=1334 audit(1790904877.415:120): prog-id=95 op=LOAD
[    6.415851] type=1300 audit(1790904877.415:120): arch=c000003e syscall=321 success=yes exit=7 a0=5 a1=7ffd12eb6eb0 a2=94 a3=40 items=0 ppid=1 auid=4294967295 uid=0 gid=0 euid=0 suid=0 fsuid=0 egid=0 sgid=0 fsgid=0 tty=(none) ses=4294967295 comm="bpfloader" exe="/system/bin/bpfloader" subj=u:r:bpfloader:s0 key=(null)
[    6.416456] type=1327 audit(1790904877.415:120): proctitle="/apex/com.android.tethering/bin/netbpfload"
[    6.416668] type=1320 audit(1790904877.415:120): 
[    6.416821] type=1334 audit(1790904877.415:121): prog-id=96 op=LOAD
[    6.416972] type=1300 audit(1790904877.415:121): arch=c000003e syscall=321 success=yes exit=8 a0=5 a1=7ffd12eb6eb0 a2=94 a3=42 items=0 ppid=1 auid=4294967295 uid=0 gid=0 euid=0 suid=0 fsuid=0 egid=0 sgid=0 fsgid=0 tty=(none) ses=4294967295 comm="bpfloader" exe="/system/bin/bpfloader" subj=u:r:bpfloader:s0 key=(null)
[    6.417584] type=1327 audit(1790904877.415:121): proctitle="/apex/com.android.tethering/bin/netbpfload"
[    6.417820] type=1320 audit(1790904877.415:121): 
[    6.417946] type=1334 audit(1790904877.419:122): prog-id=97 op=LOAD
[    6.418117] type=1300 audit(1790904877.419:122): arch=c000003e syscall=321 success=yes exit=4 a0=5 a1=7ffd12eb6eb0 a2=94 a3=2 items=0 ppid=1 auid=4294967295 uid=0 gid=0 euid=0 suid=0 fsuid=0 egid=0 sgid=0 fsgid=0 tty=(none) ses=4294967295 comm="bpfloader" exe="/system/bin/bpfloader" subj=u:r:bpfloader:s0 key=(null)
[    6.418835] type=1327 audit(1790904877.419:122): proctitle="/apex/com.android.tethering/bin/netbpfload"
[    6.419043] type=1320 audit(1790904877.419:122): 
[    6.419191] type=1334 audit(1790904877.419:123): prog-id=97 op=UNLOAD
[    6.419386] type=1300 audit(1790904877.419:123): arch=c000003e syscall=3 success=yes exit=0 a0=4 a1=0 a2=0 a3=2 items=0 ppid=1 auid=4294967295 uid=0 gid=0 euid=0 suid=0 fsuid=0 egid=0 sgid=0 fsgid=0 tty=(none) ses=4294967295 comm="bpfloader" exe="/system/bin/bpfloader" subj=u:r:bpfloader:s0 key=(null)
[    6.419979] type=1327 audit(1790904877.419:123): proctitle="/apex/com.android.tethering/bin/netbpfload"
[    6.420186] type=1320 audit(1790904877.419:123): 
[    6.420328] type=1334 audit(1790904877.419:124): prog-id=98 op=LOAD
[    6.420516] type=1300 audit(1790904877.419:124): arch=c000003e syscall=321 success=yes exit=7 a0=5 a1=7ffd12eb6eb0 a2=94 a3=40 items=0 ppid=1 auid=4294967295 uid=0 gid=0 euid=0 suid=0 fsuid=0 egid=0 sgid=0 fsgid=0 tty=(none) ses=4294967295 comm="bpfloader" exe="/system/bin/bpfloader" subj=u:r:bpfloader:s0 key=(null)
[    6.421115] type=1327 audit(1790904877.419:124): proctitle="/apex/com.android.tethering/bin/netbpfload"
[    6.421328] type=1320 audit(1790904877.419:124): 
[    6.421482] type=1334 audit(1790904877.419:125): prog-id=99 op=LOAD
[    6.421663] type=1300 audit(1790904877.419:125): arch=c000003e syscall=321 success=yes exit=8 a0=5 a1=7ffd12eb6eb0 a2=94 a3=42 items=0 ppid=1 auid=4294967295 uid=0 gid=0 euid=0 suid=0 fsuid=0 egid=0 sgid=0 fsgid=0 tty=(none) ses=4294967295 comm="bpfloader" exe="/system/bin/bpfloader" subj=u:r:bpfloader:s0 key=(null)
[    6.422223] type=1327 audit(1790904877.419:125): proctitle="/apex/com.android.tethering/bin/netbpfload"
[    6.422543] type=1320 audit(1790904877.419:125): 
[    6.422683] type=1334 audit(1790904877.419:126): prog-id=100 op=LOAD
[    6.422885] type=1300 audit(1790904877.419:126): arch=c000003e syscall=321 success=yes exit=4 a0=5 a1=7ffd12eb6eb0 a2=94 a3=2 items=0 ppid=1 auid=4294967295 uid=0 gid=0 euid=0 suid=0 fsuid=0 egid=0 sgid=0 fsgid=0 tty=(none) ses=4294967295 comm="bpfloader" exe="/system/bin/bpfloader" subj=u:r:bpfloader:s0 key=(null)
[    6.423461] type=1327 audit(1790904877.419:126): proctitle="/apex/com.android.tethering/bin/netbpfload"
[    6.423680] type=1320 audit(1790904877.419:126): 
[    6.423817] type=1334 audit(1790904877.419:127): prog-id=100 op=UNLOAD
[    6.423988] type=1300 audit(1790904877.419:127): arch=c000003e syscall=3 success=yes exit=0 a0=4 a1=0 a2=0 a3=2 items=0 ppid=1 auid=4294967295 uid=0 gid=0 euid=0 suid=0 fsuid=0 egid=0 sgid=0 fsgid=0 tty=(none) ses=4294967295 comm="bpfloader" exe="/system/bin/bpfloader" subj=u:r:bpfloader:s0 key=(null)
[    6.424573] type=1327 audit(1790904877.419:127): proctitle="/apex/com.android.tethering/bin/netbpfload"
[    6.424806] type=1320 audit(1790904877.419:127): 
[    6.439645] type=1334 audit(1790904877.483:128): prog-id=101 op=LOAD
[    6.439851] type=1300 audit(1790904877.483:128): arch=c000003e syscall=321 success=yes exit=6 a0=5 a1=7ffd12eb6eb0 a2=94 a3=66 items=0 ppid=1 auid=4294967295 uid=0 gid=0 euid=0 suid=0 fsuid=0 egid=0 sgid=0 fsgid=0 tty=(none) ses=4294967295 comm="bpfloader" exe="/system/bin/bpfloader" subj=u:r:bpfloader:s0 key=(null)
[    6.440313] type=1327 audit(1790904877.483:128): proctitle="/apex/com.android.tethering/bin/netbpfload"
[    6.440494] type=1320 audit(1790904877.483:128): 
[    6.440743] BpfLoader: Platform BpfLoader loading critical for healthd ELF object /vendor/etc/bpf/filterPowerSupplyEvents.o with license Apache 2.0
[    6.441215] BpfLoader: No maps section could be found in elf object
[    6.453563] type=1334 audit(1790904877.483:129): prog-id=102 op=LOAD
[    6.453790] type=1300 audit(1790904877.483:129): arch=c000003e syscall=321 success=yes exit=6 a0=5 a1=7ffd12eb89f0 a2=a8 a3=fffff items=0 ppid=1 auid=4294967295 uid=0 gid=0 euid=0 suid=0 fsuid=0 egid=0 sgid=0 fsgid=0 tty=(none) ses=4294967295 comm="bpfloader" exe="/system/bin/bpfloader" subj=u:r:bpfloader:s0 key=(null)
[    6.454402] type=1327 audit(1790904877.483:129): proctitle="/apex/com.android.tethering/bin/netbpfload"
[    6.454639] type=1320 audit(1790904877.483:129): 
[    6.460176] NetBpfLoad: success.
[    6.463356] init: Service 'bpfloader' (pid 590) exited with status 0 waiting took 0.309000 seconds
[    6.463573] init: Sending SIGKILL to service 'bpfloader' (pid 590) process group...
[    6.464009] libprocessgroup: Removed cgroup /sys/fs/cgroup/system/uid_0/pid_590
[    6.464473] init: start_waiting_for_property("bpf.progs_loaded", "1"): already set
[    6.464978] init: starting service 'netd1shot'...
[    6.466790] libprocessgroup: Created cgroup /sys/fs/cgroup/system/uid_0/pid_593
[    6.467791] init: ... started service 'netd1shot' has pid 593
[    6.467947] init: SVC_EXEC service 'netd1shot' pid 593 (uid 0 gid 0+1 context default) started; waiting...
[    6.512274] init: Service 'netd1shot' (pid 593) exited with status 0 waiting took 0.045000 seconds
[    6.512520] init: Sending SIGKILL to service 'netd1shot' (pid 593) process group...
[    6.512860] libprocessgroup: Removed cgroup /sys/fs/cgroup/system/uid_0/pid_593
[    6.513393] init: starting service 'netd'...
[    6.513646] init: Created socket '/dev/socket/dnsproxyd', mode 660, user 0, group 3003
[    6.513856] init: Created socket '/dev/socket/mdns', mode 660, user 0, group 1000
[    6.514032] init: Created socket '/dev/socket/fwmarkd', mode 660, user 0, group 3003
[    6.515436] libprocessgroup: Created cgroup /sys/fs/cgroup/system/uid_0/pid_594
[    6.516505] init: ... started service 'netd' has pid 594
[    6.516803] init: processing action (zygote-start) from (/system/etc/init/hw/init.rc:1091)
[    6.517089] init: start_waiting_for_property("odsign.verification.done", "1"): already set
[    6.517811] init: starting service 'statsd'...
[    6.518094] init: Created socket '/dev/socket/statsdw', mode 222, user 1066, group 1066
[    6.519647] libprocessgroup: Created cgroup /sys/fs/cgroup/system/uid_1066
[    6.520433] libprocessgroup: Created cgroup /sys/fs/cgroup/system/uid_1066/pid_595
[    6.521789] init: ... started service 'statsd' has pid 595
[    6.522043] init: starting service 'zygote'...
[    6.522312] init: Created socket '/dev/socket/zygote', mode 660, user 0, group 1000
[    6.526572] init: Created socket '/dev/socket/usap_pool_primary', mode 660, user 0, group 1000
[    6.527807] libprocessgroup: Created cgroup /sys/fs/cgroup/system/uid_0/pid_596
[    6.529547] init: ... started service 'zygote' has pid 596
[    6.529810] init: Command 'start zygote_secondary' action=zygote-start (/system/etc/init/hw/init.rc:1095) took 0ms and failed: service zygote_secondary not found
[    6.530132] init: processing action (firmware_mounts_complete) from (/system/etc/init/hw/init.rc:514)
[    6.534645] init: processing action (early-boot) from (/system/etc/init/installd.rc:7)
[    6.541963] init: processing action (early-boot) from (/system/etc/init/kcmdlinectrl.rc:17)
[    6.542270] init: starting service 'exec 13 (/system/bin/kcmdlinectrl update-props)'...
[    6.548759] libprocessgroup: Created cgroup /sys/fs/cgroup/system/uid_0/pid_600
[    6.550124] init: ... started service 'exec 13 (/system/bin/kcmdlinectrl update-props)' has pid 600
[    6.553307] init: processing action (boot) from (/system/etc/init/hw/init.rc:1112)
[    6.573540] type=1325 audit(1790904877.615:130): table=filter family=2 entries=0 op=xt_register subj=u:r:netd:s0 comm="iptables-restor"
[    6.573900] type=1300 audit(1790904877.615:130): arch=c000003e syscall=55 success=yes exit=0 a0=4 a1=0 a2=40 a3=7ffd16cac730 items=0 ppid=594 auid=4294967295 uid=0 gid=0 euid=0 suid=0 fsuid=0 egid=0 sgid=0 fsgid=0 tty=(none) ses=4294967295 comm="iptables-restor" exe="/system/bin/iptables" subj=u:r:netd:s0 key=(null)
[    6.574712] type=1327 audit(1790904877.615:130): proctitle=2F73797374656D2F62696E2F69707461626C65732D726573746F7265002D2D6E6F666C757368002D77002D76
[    6.575246] type=1320 audit(1790904877.615:130): 
[    6.575410] type=1325 audit(1790904877.615:131): table=filter family=2 entries=4 op=xt_replace subj=u:r:netd:s0 comm="iptables-restor"
[    6.575691] type=1300 audit(1790904877.615:131): arch=c000003e syscall=54 success=yes exit=0 a0=4 a1=0 a2=40 a3=72f6ec8164b0 items=0 ppid=594 auid=4294967295 uid=0 gid=0 euid=0 suid=0 fsuid=0 egid=0 sgid=0 fsgid=0 tty=(none) ses=4294967295 comm="iptables-restor" exe="/system/bin/iptables" subj=u:r:netd:s0 key=(null)
[    6.576418] type=1327 audit(1790904877.615:131): proctitle=2F73797374656D2F62696E2F69707461626C65732D726573746F7265002D2D6E6F666C757368002D77002D76
[    6.576774] type=1320 audit(1790904877.615:131): 
[    6.576933] type=1325 audit(1790904877.615:132): table=filter family=10 entries=0 op=xt_register subj=u:r:netd:s0 comm="ip6tables-resto"
[    6.577223] type=1300 audit(1790904877.615:132): arch=c000003e syscall=55 success=yes exit=0 a0=4 a1=29 a2=40 a3=7ffc4df3d5e0 items=0 ppid=594 auid=4294967295 uid=0 gid=0 euid=0 suid=0 fsuid=0 egid=0 sgid=0 fsgid=0 tty=(none) ses=4294967295 comm="ip6tables-resto" exe="/system/bin/iptables" subj=u:r:netd:s0 key=(null)
[    6.577953] type=1327 audit(1790904877.615:132): proctitle=2F73797374656D2F62696E2F6970367461626C65732D726573746F7265002D2D6E6F666C757368002D77002D76
[    6.578271] type=1320 audit(1790904877.615:132): 
[    6.578617] type=1325 audit(1790904877.623:133): table=filter family=10 entries=4 op=xt_replace subj=u:r:netd:s0 comm="ip6tables-resto"
[    6.579040] type=1300 audit(1790904877.623:133): arch=c000003e syscall=54 success=yes exit=0 a0=4 a1=29 a2=40 a3=7024da8040d0 items=0 ppid=594 auid=4294967295 uid=0 gid=0 euid=0 suid=0 fsuid=0 egid=0 sgid=0 fsgid=0 tty=(none) ses=4294967295 comm="ip6tables-resto" exe="/system/bin/iptables" subj=u:r:netd:s0 key=(null)
[    6.579703] type=1327 audit(1790904877.623:133): proctitle=2F73797374656D2F62696E2F6970367461626C65732D726573746F7265002D2D6E6F666C757368002D77002D76
[    6.580101] type=1320 audit(1790904877.623:133): 
[    6.580256] type=1325 audit(1790904877.623:134): table=filter family=2 entries=13 op=xt_replace subj=u:r:netd:s0 comm="iptables-restor"
[    6.580788] type=1300 audit(1790904877.623:134): arch=c000003e syscall=54 success=yes exit=0 a0=4 a1=0 a2=40 a3=72f86c80c010 items=0 ppid=594 auid=4294967295 uid=0 gid=0 euid=0 suid=0 fsuid=0 egid=0 sgid=0 fsgid=0 tty=(none) ses=4294967295 comm="iptables-restor" exe="/system/bin/iptables" subj=u:r:netd:s0 key=(null)
[    6.581460] type=1327 audit(1790904877.623:134): proctitle=2F73797374656D2F62696E2F69707461626C65732D726573746F7265002D2D6E6F666C757368002D77002D76
[    6.581857] type=1320 audit(1790904877.623:134): 
[    6.582028] type=1325 audit(1790904877.623:135): table=filter family=10 entries=13 op=xt_replace subj=u:r:netd:s0 comm="ip6tables-resto"
[    6.582393] type=1300 audit(1790904877.623:135): arch=c000003e syscall=54 success=yes exit=0 a0=4 a1=29 a2=40 a3=7023ba806be0 items=0 ppid=594 auid=4294967295 uid=0 gid=0 euid=0 suid=0 fsuid=0 egid=0 sgid=0 fsgid=0 tty=(none) ses=4294967295 comm="ip6tables-resto" exe="/system/bin/iptables" subj=u:r:netd:s0 key=(null)
[    6.583229] init: Service 'exec 13 (/system/bin/kcmdlinectrl update-props)' (pid 600) exited with status 0 oneshot service took 0.034000 seconds in background
[    6.583564] init: Sending SIGKILL to service 'exec 13 (/system/bin/kcmdlinectrl update-props)' (pid 600) process group...
[    6.583959] libprocessgroup: Removed cgroup /sys/fs/cgroup/system/uid_0/pid_600
[    6.584477] type=1327 audit(1790904877.623:135): proctitle=2F73797374656D2F62696E2F6970367461626C65732D726573746F7265002D2D6E6F666C757368002D77002D76
[    6.584873] type=1320 audit(1790904877.623:135): 
[    6.585064] type=1325 audit(1790904877.623:136): table=raw family=2 entries=0 op=xt_register subj=u:r:netd:s0 comm="iptables-restor"
[    6.585393] type=1300 audit(1790904877.623:136): arch=c000003e syscall=55 success=yes exit=0 a0=4 a1=0 a2=40 a3=7ffd16cac730 items=0 ppid=594 auid=4294967295 uid=0 gid=0 euid=0 suid=0 fsuid=0 egid=0 sgid=0 fsgid=0 tty=(none) ses=4294967295 comm="iptables-restor" exe="/system/bin/iptables" subj=u:r:netd:s0 key=(null)
[    6.586174] type=1327 audit(1790904877.623:136): proctitle=2F73797374656D2F62696E2F69707461626C65732D726573746F7265002D2D6E6F666C757368002D77002D76
[    6.586631] type=1320 audit(1790904877.623:136): 
[    6.586780] type=1325 audit(1790904877.623:137): table=raw family=2 entries=3 op=xt_replace subj=u:r:netd:s0 comm="iptables-restor"
[    6.587104] type=1300 audit(1790904877.623:137): arch=c000003e syscall=54 success=yes exit=0 a0=4 a1=0 a2=40 a3=72f71c80e9c0 items=0 ppid=594 auid=4294967295 uid=0 gid=0 euid=0 suid=0 fsuid=0 egid=0 sgid=0 fsgid=0 tty=(none) ses=4294967295 comm="iptables-restor" exe="/system/bin/iptables" subj=u:r:netd:s0 key=(null)
[    6.587766] type=1327 audit(1790904877.623:137): proctitle=2F73797374656D2F62696E2F69707461626C65732D726573746F7265002D2D6E6F666C757368002D77002D76
[    6.588106] type=1320 audit(1790904877.623:137): 
[    6.588266] type=1325 audit(1790904877.623:138): table=raw family=10 entries=0 op=xt_register subj=u:r:netd:s0 comm="ip6tables-resto"
[    6.588606] type=1300 audit(1790904877.623:138): arch=c000003e syscall=55 success=yes exit=0 a0=4 a1=29 a2=40 a3=7ffc4df3d5e0 items=0 ppid=594 auid=4294967295 uid=0 gid=0 euid=0 suid=0 fsuid=0 egid=0 sgid=0 fsgid=0 tty=(none) ses=4294967295 comm="ip6tables-resto" exe="/system/bin/iptables" subj=u:r:netd:s0 key=(null)
[    6.589320] type=1327 audit(1790904877.623:138): proctitle=2F73797374656D2F62696E2F6970367461626C65732D726573746F7265002D2D6E6F666C757368002D77002D76
[    6.589663] type=1320 audit(1790904877.623:138): 
[    6.589834] type=1325 audit(1790904877.623:139): table=raw family=10 entries=3 op=xt_replace subj=u:r:netd:s0 comm="ip6tables-resto"
[    6.590144] type=1300 audit(1790904877.623:139): arch=c000003e syscall=54 success=yes exit=0 a0=4 a1=29 a2=40 a3=7024da8040d0 items=0 ppid=594 auid=4294967295 uid=0 gid=0 euid=0 suid=0 fsuid=0 egid=0 sgid=0 fsgid=0 tty=(none) ses=4294967295 comm="ip6tables-resto" exe="/system/bin/iptables" subj=u:r:netd:s0 key=(null)
[    6.590936] type=1327 audit(1790904877.623:139): proctitle=2F73797374656D2F62696E2F6970367461626C65732D726573746F7265002D2D6E6F666C757368002D77002D76
[    6.591264] type=1320 audit(1790904877.623:139): 
[    6.591429] type=1325 audit(1790904877.627:140): table=mangle family=2 entries=0 op=xt_register subj=u:r:netd:s0 comm="iptables-restor"
[    6.591748] type=1300 audit(1790904877.627:140): arch=c000003e syscall=55 success=yes exit=0 a0=4 a1=0 a2=40 a3=7ffd16cac730 items=0 ppid=594 auid=4294967295 uid=0 gid=0 euid=0 suid=0 fsuid=0 egid=0 sgid=0 fsgid=0 tty=(none) ses=4294967295 comm="iptables-restor" exe="/system/bin/iptables" subj=u:r:netd:s0 key=(null)
[    6.592450] type=1327 audit(1790904877.627:140): proctitle=2F73797374656D2F62696E2F69707461626C65732D726573746F7265002D2D6E6F666C757368002D77002D76
[    6.592792] type=1320 audit(1790904877.627:140): 
[    6.592943] type=1325 audit(1790904877.627:141): table=mangle family=2 entries=6 op=xt_replace subj=u:r:netd:s0 comm="iptables-restor"
[    6.593238] type=1300 audit(1790904877.627:141): arch=c000003e syscall=54 success=yes exit=0 a0=4 a1=0 a2=40 a3=72f7cc80fa00 items=0 ppid=594 auid=4294967295 uid=0 gid=0 euid=0 suid=0 fsuid=0 egid=0 sgid=0 fsgid=0 tty=(none) ses=4294967295 comm="iptables-restor" exe="/system/bin/iptables" subj=u:r:netd:s0 key=(null)
[    6.593928] type=1327 audit(1790904877.627:141): proctitle=2F73797374656D2F62696E2F69707461626C65732D726573746F7265002D2D6E6F666C757368002D77002D76
[    6.594247] type=1320 audit(1790904877.627:141): 
[    6.594395] type=1325 audit(1790904877.627:142): table=mangle family=10 entries=0 op=xt_register subj=u:r:netd:s0 comm="ip6tables-resto"
[    6.594959] type=1300 audit(1790904877.627:142): arch=c000003e syscall=55 success=yes exit=0 a0=4 a1=29 a2=40 a3=7ffc4df3d5e0 items=0 ppid=594 auid=4294967295 uid=0 gid=0 euid=0 suid=0 fsuid=0 egid=0 sgid=0 fsgid=0 tty=(none) ses=4294967295 comm="ip6tables-resto" exe="/system/bin/iptables" subj=u:r:netd:s0 key=(null)
[    6.595636] type=1327 audit(1790904877.627:142): proctitle=2F73797374656D2F62696E2F6970367461626C65732D726573746F7265002D2D6E6F666C757368002D77002D76
[    6.595981] type=1320 audit(1790904877.627:142): 
[    6.596128] type=1325 audit(1790904877.627:143): table=mangle family=10 entries=6 op=xt_replace subj=u:r:netd:s0 comm="ip6tables-resto"
[    6.596408] type=1300 audit(1790904877.627:143): arch=c000003e syscall=54 success=yes exit=0 a0=4 a1=29 a2=40 a3=70249a80d9c0 items=0 ppid=594 auid=4294967295 uid=0 gid=0 euid=0 suid=0 fsuid=0 egid=0 sgid=0 fsgid=0 tty=(none) ses=4294967295 comm="ip6tables-resto" exe="/system/bin/iptables" subj=u:r:netd:s0 key=(null)
[    6.597101] type=1327 audit(1790904877.627:143): proctitle=2F73797374656D2F62696E2F6970367461626C65732D726573746F7265002D2D6E6F666C757368002D77002D76
[    6.597404] type=1320 audit(1790904877.627:143): 
[    6.597552] type=1325 audit(1790904877.627:144): table=mangle family=2 entries=9 op=xt_replace subj=u:r:netd:s0 comm="iptables-restor"
[    6.597882] type=1300 audit(1790904877.627:144): arch=c000003e syscall=54 success=yes exit=0 a0=4 a1=0 a2=40 a3=72f7ec8090d0 items=0 ppid=594 auid=4294967295 uid=0 gid=0 euid=0 suid=0 fsuid=0 egid=0 sgid=0 fsgid=0 tty=(none) ses=4294967295 comm="iptables-restor" exe="/system/bin/iptables" subj=u:r:netd:s0 key=(null)
[    6.598632] type=1327 audit(1790904877.627:144): proctitle=2F73797374656D2F62696E2F69707461626C65732D726573746F7265002D2D6E6F666C757368002D77002D76
[    6.599014] type=1320 audit(1790904877.627:144): 
[    6.599157] type=1325 audit(1790904877.627:145): table=mangle family=10 entries=9 op=xt_replace subj=u:r:netd:s0 comm="ip6tables-resto"
[    6.599474] type=1300 audit(1790904877.627:145): arch=c000003e syscall=54 success=yes exit=0 a0=4 a1=29 a2=40 a3=70254a805010 items=0 ppid=594 auid=4294967295 uid=0 gid=0 euid=0 suid=0 fsuid=0 egid=0 sgid=0 fsgid=0 tty=(none) ses=4294967295 comm="ip6tables-resto" exe="/system/bin/iptables" subj=u:r:netd:s0 key=(null)
[    6.600207] type=1327 audit(1790904877.627:145): proctitle=2F73797374656D2F62696E2F6970367461626C65732D726573746F7265002D2D6E6F666C757368002D77002D76
[    6.600525] type=1320 audit(1790904877.627:145): 
[    6.600694] type=1325 audit(1790904877.627:146): table=mangle family=2 entries=18 op=xt_replace subj=u:r:netd:s0 comm="iptables-restor"
[    6.601010] type=1300 audit(1790904877.627:146): arch=c000003e syscall=54 success=yes exit=0 a0=4 a1=0 a2=40 a3=72f86c80c010 items=0 ppid=594 auid=4294967295 uid=0 gid=0 euid=0 suid=0 fsuid=0 egid=0 sgid=0 fsgid=0 tty=(none) ses=4294967295 comm="iptables-restor" exe="/system/bin/iptables" subj=u:r:netd:s0 key=(null)
[    6.601712] type=1327 audit(1790904877.627:146): proctitle=2F73797374656D2F62696E2F69707461626C65732D726573746F7265002D2D6E6F666C757368002D77002D76
[    6.602084] type=1320 audit(1790904877.627:146): 
[    6.602256] type=1325 audit(1790904877.627:147): table=mangle family=10 entries=18 op=xt_replace subj=u:r:netd:s0 comm="ip6tables-resto"
[    6.602641] type=1300 audit(1790904877.627:147): arch=c000003e syscall=54 success=yes exit=0 a0=4 a1=29 a2=40 a3=7023da803010 items=0 ppid=594 auid=4294967295 uid=0 gid=0 euid=0 suid=0 fsuid=0 egid=0 sgid=0 fsgid=0 tty=(none) ses=4294967295 comm="ip6tables-resto" exe="/system/bin/iptables" subj=u:r:netd:s0 key=(null)
[    6.603374] type=1327 audit(1790904877.627:147): proctitle=2F73797374656D2F62696E2F6970367461626C65732D726573746F7265002D2D6E6F666C757368002D77002D76
[    6.603755] type=1320 audit(1790904877.627:147): 
[    6.603899] type=1325 audit(1790904877.627:148): table=nat family=2 entries=0 op=xt_register subj=u:r:netd:s0 comm="iptables-restor"
[    6.604196] type=1300 audit(1790904877.627:148): arch=c000003e syscall=55 success=yes exit=0 a0=4 a1=0 a2=40 a3=7ffd16cac730 items=0 ppid=594 auid=4294967295 uid=0 gid=0 euid=0 suid=0 fsuid=0 egid=0 sgid=0 fsgid=0 tty=(none) ses=4294967295 comm="iptables-restor" exe="/system/bin/iptables" subj=u:r:netd:s0 key=(null)
[    6.604825] type=1327 audit(1790904877.627:148): proctitle=2F73797374656D2F62696E2F69707461626C65732D726573746F7265002D2D6E6F666C757368002D77002D76
[    6.605165] type=1320 audit(1790904877.627:148): 
[    6.605317] type=1325 audit(1790904877.627:149): table=nat family=2 entries=5 op=xt_replace subj=u:r:netd:s0 comm="iptables-restor"
[    6.605628] type=1300 audit(1790904877.627:149): arch=c000003e syscall=54 success=yes exit=0 a0=4 a1=0 a2=40 a3=72f7cc80fa00 items=0 ppid=594 auid=4294967295 uid=0 gid=0 euid=0 suid=0 fsuid=0 egid=0 sgid=0 fsgid=0 tty=(none) ses=4294967295 comm="iptables-restor" exe="/system/bin/iptables" subj=u:r:netd:s0 key=(null)
[    6.606317] type=1327 audit(1790904877.627:149): proctitle=2F73797374656D2F62696E2F69707461626C65732D726573746F7265002D2D6E6F666C757368002D77002D76
[    6.606743] type=1320 audit(1790904877.627:149): 
[    6.606897] type=1325 audit(1790904877.631:150): table=nat family=2 entries=8 op=xt_replace subj=u:r:netd:s0 comm="iptables-restor"
[    6.607199] type=1300 audit(1790904877.631:150): arch=c000003e syscall=54 success=yes exit=0 a0=4 a1=0 a2=40 a3=72f71c80e9c0 items=0 ppid=594 auid=4294967295 uid=0 gid=0 euid=0 suid=0 fsuid=0 egid=0 sgid=0 fsgid=0 tty=(none) ses=4294967295 comm="iptables-restor" exe="/system/bin/iptables" subj=u:r:netd:s0 key=(null)
[    6.607921] type=1327 audit(1790904877.631:150): proctitle=2F73797374656D2F62696E2F69707461626C65732D726573746F7265002D2D6E6F666C757368002D77002D76
[    6.608269] type=1320 audit(1790904877.631:150): 
[    6.608424] type=1325 audit(1790904877.631:151): table=filter family=2 entries=25 op=xt_replace subj=u:r:netd:s0 comm="iptables-restor"
[    6.608742] type=1300 audit(1790904877.631:151): arch=c000003e syscall=54 success=yes exit=0 a0=4 a1=0 a2=40 a3=72f74c8107b0 items=0 ppid=594 auid=4294967295 uid=0 gid=0 euid=0 suid=0 fsuid=0 egid=0 sgid=0 fsgid=0 tty=(none) ses=4294967295 comm="iptables-restor" exe="/system/bin/iptables" subj=u:r:netd:s0 key=(null)
[    6.609437] type=1327 audit(1790904877.631:151): proctitle=2F73797374656D2F62696E2F69707461626C65732D726573746F7265002D2D6E6F666C757368002D77002D76
[    6.609793] type=1320 audit(1790904877.631:151): 
[    6.609930] type=1325 audit(1790904877.631:152): table=filter family=10 entries=25 op=xt_replace subj=u:r:netd:s0 comm="ip6tables-resto"
[    6.610234] type=1300 audit(1790904877.631:152): arch=c000003e syscall=54 success=yes exit=0 a0=4 a1=29 a2=40 a3=7024ba815640 items=0 ppid=594 auid=4294967295 uid=0 gid=0 euid=0 suid=0 fsuid=0 egid=0 sgid=0 fsgid=0 tty=(none) ses=4294967295 comm="ip6tables-resto" exe="/system/bin/iptables" subj=u:r:netd:s0 key=(null)
[    6.611103] type=1327 audit(1790904877.631:152): proctitle=2F73797374656D2F62696E2F6970367461626C65732D726573746F7265002D2D6E6F666C757368002D77002D76
[    6.611447] type=1320 audit(1790904877.631:152): 
[    6.611590] type=1325 audit(1790904877.631:153): table=mangle family=2 entries=21 op=xt_replace subj=u:r:netd:s0 comm="iptables-restor"
[    6.611930] type=1300 audit(1790904877.631:153): arch=c000003e syscall=54 success=yes exit=0 a0=4 a1=0 a2=40 a3=72f74c8107b0 items=0 ppid=594 auid=4294967295 uid=0 gid=0 euid=0 suid=0 fsuid=0 egid=0 sgid=0 fsgid=0 tty=(none) ses=4294967295 comm="iptables-restor" exe="/system/bin/iptables" subj=u:r:netd:s0 key=(null)
[    6.612623] type=1327 audit(1790904877.631:153): proctitle=2F73797374656D2F62696E2F69707461626C65732D726573746F7265002D2D6E6F666C757368002D77002D76
[    6.612948] type=1320 audit(1790904877.631:153): 
[    6.613086] type=1325 audit(1790904877.631:154): table=mangle family=10 entries=21 op=xt_replace subj=u:r:netd:s0 comm="ip6tables-resto"
[    6.613376] type=1300 audit(1790904877.631:154): arch=c000003e syscall=54 success=yes exit=0 a0=4 a1=29 a2=40 a3=7023ba806be0 items=0 ppid=594 auid=4294967295 uid=0 gid=0 euid=0 suid=0 fsuid=0 egid=0 sgid=0 fsgid=0 tty=(none) ses=4294967295 comm="ip6tables-resto" exe="/system/bin/iptables" subj=u:r:netd:s0 key=(null)
[    6.614085] type=1327 audit(1790904877.631:154): proctitle=2F73797374656D2F62696E2F6970367461626C65732D726573746F7265002D2D6E6F666C757368002D77002D76
[    6.614479] type=1320 audit(1790904877.631:154): 
[    6.614641] type=1325 audit(1790904877.631:155): table=filter family=2 entries=37 op=xt_replace subj=u:r:netd:s0 comm="iptables-restor"
[    6.614954] type=1300 audit(1790904877.631:155): arch=c000003e syscall=54 success=yes exit=0 a0=4 a1=0 a2=40 a3=72f74c80d010 items=0 ppid=594 auid=4294967295 uid=0 gid=0 euid=0 suid=0 fsuid=0 egid=0 sgid=0 fsgid=0 tty=(none) ses=4294967295 comm="iptables-restor" exe="/system/bin/iptables" subj=u:r:netd:s0 key=(null)
[    6.615629] type=1327 audit(1790904877.631:155): proctitle=2F73797374656D2F62696E2F69707461626C65732D726573746F7265002D2D6E6F666C757368002D77002D76
[    6.616010] type=1320 audit(1790904877.631:155): 
[    6.616162] type=1325 audit(1790904877.631:156): table=filter family=10 entries=37 op=xt_replace subj=u:r:netd:s0 comm="ip6tables-resto"
[    6.616463] type=1300 audit(1790904877.631:156): arch=c000003e syscall=54 success=yes exit=0 a0=4 a1=29 a2=40 a3=7024ba80f010 items=0 ppid=594 auid=4294967295 uid=0 gid=0 euid=0 suid=0 fsuid=0 egid=0 sgid=0 fsgid=0 tty=(none) ses=4294967295 comm="ip6tables-resto" exe="/system/bin/iptables" subj=u:r:netd:s0 key=(null)
[    6.617185] type=1327 audit(1790904877.631:156): proctitle=2F73797374656D2F62696E2F6970367461626C65732D726573746F7265002D2D6E6F666C757368002D77002D76
[    6.617532] type=1320 audit(1790904877.631:156): 
[    6.617675] type=1325 audit(1790904877.631:157): table=filter family=2 entries=37 op=xt_replace subj=u:r:netd:s0 comm="iptables-restor"
[    6.617982] type=1300 audit(1790904877.631:157): arch=c000003e syscall=54 success=yes exit=0 a0=4 a1=0 a2=40 a3=72f74c80d010 items=0 ppid=594 auid=4294967295 uid=0 gid=0 euid=0 suid=0 fsuid=0 egid=0 sgid=0 fsgid=0 tty=(none) ses=4294967295 comm="iptables-restor" exe="/system/bin/iptables" subj=u:r:netd:s0 key=(null)
[    6.618779] type=1327 audit(1790904877.631:157): proctitle=2F73797374656D2F62696E2F69707461626C65732D726573746F7265002D2D6E6F666C757368002D77002D76
[    6.619096] type=1320 audit(1790904877.631:157): 
[    6.619248] type=1325 audit(1790904877.631:158): table=nat family=2 entries=11 op=xt_replace subj=u:r:netd:s0 comm="iptables-restor"
[    6.619551] type=1300 audit(1790904877.631:158): arch=c000003e syscall=54 success=yes exit=0 a0=4 a1=0 a2=40 a3=72f71c80c900 items=0 ppid=594 auid=4294967295 uid=0 gid=0 euid=0 suid=0 fsuid=0 egid=0 sgid=0 fsgid=0 tty=(none) ses=4294967295 comm="iptables-restor" exe="/system/bin/iptables" subj=u:r:netd:s0 key=(null)
[    6.620314] type=1327 audit(1790904877.631:158): proctitle=2F73797374656D2F62696E2F69707461626C65732D726573746F7265002D2D6E6F666C757368002D77002D76
[    6.620665] type=1320 audit(1790904877.631:158): 
[    6.620833] type=1325 audit(1790904877.631:159): table=filter family=10 entries=38 op=xt_replace subj=u:r:netd:s0 comm="ip6tables-resto"
[    6.621128] type=1300 audit(1790904877.631:159): arch=c000003e syscall=54 success=yes exit=0 a0=4 a1=29 a2=40 a3=7024ba80f010 items=0 ppid=594 auid=4294967295 uid=0 gid=0 euid=0 suid=0 fsuid=0 egid=0 sgid=0 fsgid=0 tty=(none) ses=4294967295 comm="ip6tables-resto" exe="/system/bin/iptables" subj=u:r:netd:s0 key=(null)
[    6.621860] type=1327 audit(1790904877.631:159): proctitle=2F73797374656D2F62696E2F6970367461626C65732D726573746F7265002D2D6E6F666C757368002D77002D76
[    6.622174] type=1320 audit(1790904877.631:159): 
[    6.622315] type=1325 audit(1790904877.631:160): table=raw family=10 entries=12 op=xt_replace subj=u:r:netd:s0 comm="ip6tables-resto"
[    6.622708] type=1300 audit(1790904877.631:160): arch=c000003e syscall=54 success=yes exit=0 a0=4 a1=29 a2=40 a3=7024da8034a0 items=0 ppid=594 auid=4294967295 uid=0 gid=0 euid=0 suid=0 fsuid=0 egid=0 sgid=0 fsgid=0 tty=(none) ses=4294967295 comm="ip6tables-resto" exe="/system/bin/iptables" subj=u:r:netd:s0 key=(null)
[    6.623416] type=1327 audit(1790904877.631:160): proctitle=2F73797374656D2F62696E2F6970367461626C65732D726573746F7265002D2D6E6F666C757368002D77002D76
[    6.623774] type=1320 audit(1790904877.631:160): 
[    6.627292] type=1325 audit(1790904877.671:161): table=mangle family=2 entries=30 op=xt_replace subj=u:r:netd:s0 comm="iptables-restor"
[    6.627788] type=1300 audit(1790904877.671:161): arch=c000003e syscall=54 success=yes exit=0 a0=4 a1=0 a2=40 a3=72f74c80d010 items=0 ppid=594 auid=4294967295 uid=0 gid=0 euid=0 suid=0 fsuid=0 egid=0 sgid=0 fsgid=0 tty=(none) ses=4294967295 comm="iptables-restor" exe="/system/bin/iptables" subj=u:r:netd:s0 key=(null)
[    6.628309] init: starting service 'audio_parameter_parser_service'...
[    6.628481] type=1327 audit(1790904877.671:161): proctitle=2F73797374656D2F62696E2F69707461626C65732D726573746F7265002D2D6E6F666C757368002D77002D76
[    6.628807] type=1320 audit(1790904877.671:161): 
[    6.628952] type=1325 audit(1790904877.671:162): table=filter family=2 entries=38 op=xt_replace subj=u:r:netd:s0 comm="iptables-restor"
[    6.629260] type=1300 audit(1790904877.671:162): arch=c000003e syscall=54 success=yes exit=0 a0=4 a1=0 a2=40 a3=72f74c80d010 items=0 ppid=594 auid=4294967295 uid=0 gid=0 euid=0 suid=0 fsuid=0 egid=0 sgid=0 fsgid=0 tty=(none) ses=4294967295 comm="iptables-restor" exe="/system/bin/iptables" subj=u:r:netd:s0 key=(null)
[    6.630000] type=1327 audit(1790904877.671:162): proctitle=2F73797374656D2F62696E2F69707461626C65732D726573746F7265002D2D6E6F666C757368002D77002D76
[    6.630301] type=1320 audit(1790904877.671:162): 
[    6.630536] type=1325 audit(1790904877.671:163): table=filter family=10 entries=38 op=xt_replace subj=u:r:netd:s0 comm="ip6tables-resto"
[    6.630898] type=1300 audit(1790904877.671:163): arch=c000003e syscall=54 success=yes exit=0 a0=4 a1=29 a2=40 a3=70240a8178c0 items=0 ppid=594 auid=4294967295 uid=0 gid=0 euid=0 suid=0 fsuid=0 egid=0 sgid=0 fsgid=0 tty=(none) ses=4294967295 comm="ip6tables-resto" exe="/system/bin/iptables" subj=u:r:netd:s0 key=(null)
[    6.631377] libprocessgroup: Created cgroup /sys/fs/cgroup/system/uid_1041
[    6.631565] type=1327 audit(1790904877.671:163): proctitle=2F73797374656D2F62696E2F6970367461626C65732D726573746F7265002D2D6E6F666C757368002D77002D76
[    6.631886] type=1320 audit(1790904877.671:163): 
[    6.632016] type=1325 audit(1790904877.671:164): table=filter family=2 entries=40 op=xt_replace subj=u:r:netd:s0 comm="iptables-restor"
[    6.632116] libprocessgroup: Created cgroup /sys/fs/cgroup/system/uid_1041/pid_605
[    6.632301] type=1300 audit(1790904877.671:164): arch=c000003e syscall=54 success=yes exit=0 a0=4 a1=0 a2=40 a3=72f85c80f640 items=0 ppid=594 auid=4294967295 uid=0 gid=0 euid=0 suid=0 fsuid=0 egid=0 sgid=0 fsgid=0 tty=(none) ses=4294967295 comm="iptables-restor" exe="/system/bin/iptables" subj=u:r:netd:s0 key=(null)
[    6.632895] type=1327 audit(1790904877.671:164): proctitle=2F73797374656D2F62696E2F69707461626C65732D726573746F7265002D2D6E6F666C757368002D77002D76
[    6.633181] type=1320 audit(1790904877.671:164): 
[    6.633530] type=1325 audit(1790904877.671:165): table=raw family=2 entries=12 op=xt_replace subj=u:r:netd:s0 comm="iptables-restor"
[    6.633859] type=1300 audit(1790904877.671:165): arch=c000003e syscall=54 success=yes exit=0 a0=4 a1=0 a2=40 a3=72f71c80c900 items=0 ppid=594 auid=4294967295 uid=0 gid=0 euid=0 suid=0 fsuid=0 egid=0 sgid=0 fsgid=0 tty=(none) ses=4294967295 comm="iptables-restor" exe="/system/bin/iptables" subj=u:r:netd:s0 key=(null)
[    6.634600] type=1327 audit(1790904877.671:165): proctitle=2F73797374656D2F62696E2F69707461626C65732D726573746F7265002D2D6E6F666C757368002D77002D76
[    6.634907] type=1320 audit(1790904877.671:165): 
[    6.635126] type=1325 audit(1790904877.671:166): table=mangle family=2 entries=31 op=xt_replace subj=u:r:netd:s0 comm="iptables-restor"
[    6.635425] type=1300 audit(1790904877.671:166): arch=c000003e syscall=54 success=yes exit=0 a0=4 a1=0 a2=40 a3=72f74c80d010 items=0 ppid=594 auid=4294967295 uid=0 gid=0 euid=0 suid=0 fsuid=0 egid=0 sgid=0 fsgid=0 tty=(none) ses=4294967295 comm="iptables-restor" exe="/system/bin/iptables" subj=u:r:netd:s0 key=(null)
[    6.636071] type=1327 audit(1790904877.671:166): proctitle=2F73797374656D2F62696E2F69707461626C65732D726573746F7265002D2D6E6F666C757368002D77002D76
[    6.636435] type=1320 audit(1790904877.671:166): 
[    6.636640] type=1325 audit(1790904877.671:167): table=filter family=10 entries=40 op=xt_replace subj=u:r:netd:s0 comm="ip6tables-resto"
[    6.636988] type=1300 audit(1790904877.671:167): arch=c000003e syscall=54 success=yes exit=0 a0=4 a1=29 a2=40 a3=70240a8178c0 items=0 ppid=594 auid=4294967295 uid=0 gid=0 euid=0 suid=0 fsuid=0 egid=0 sgid=0 fsgid=0 tty=(none) ses=4294967295 comm="ip6tables-resto" exe="/system/bin/iptables" subj=u:r:netd:s0 key=(null)
[    6.637685] type=1327 audit(1790904877.671:167): proctitle=2F73797374656D2F62696E2F6970367461626C65732D726573746F7265002D2D6E6F666C757368002D77002D76
[    6.638295] type=1320 audit(1790904877.671:167): 
[    6.638621] init: ... started service 'audio_parameter_parser_service' has pid 605
[    6.638622] type=1325 audit(1790904877.671:168): table=raw family=10 entries=12 op=xt_replace subj=u:r:netd:s0 comm="ip6tables-resto"
[    6.638642] type=1300 audit(1790904877.671:168): arch=c000003e syscall=54 success=yes exit=0 a0=4 a1=29 a2=40 a3=7024da8034a0 items=0 ppid=594 auid=4294967295 uid=0 gid=0 euid=0 suid=0 fsuid=0 egid=0 sgid=0 fsgid=0 tty=(none) ses=4294967295 comm="ip6tables-resto" exe="/system/bin/iptables" subj=u:r:netd:s0 key=(null)
[    6.638871] init: starting service 'hidl_memory'...
[    6.639144] type=1327 audit(1790904877.671:168): proctitle=2F73797374656D2F62696E2F6970367461626C65732D726573746F7265002D2D6E6F666C757368002D77002D76
[    6.639991] type=1320 audit(1790904877.671:168): 
[    6.640124] type=1325 audit(1790904877.671:169): table=mangle family=10 entries=30 op=xt_replace subj=u:r:netd:s0 comm="ip6tables-resto"
[    6.640410] type=1300 audit(1790904877.671:169): arch=c000003e syscall=54 success=yes exit=0 a0=4 a1=29 a2=40 a3=7023ba805010 items=0 ppid=594 auid=4294967295 uid=0 gid=0 euid=0 suid=0 fsuid=0 egid=0 sgid=0 fsgid=0 tty=(none) ses=4294967295 comm="ip6tables-resto" exe="/system/bin/iptables" subj=u:r:netd:s0 key=(null)
[    6.641082] type=1327 audit(1790904877.671:169): proctitle=2F73797374656D2F62696E2F6970367461626C65732D726573746F7265002D2D6E6F666C757368002D77002D76
[    6.641450] type=1320 audit(1790904877.671:169): 
[    6.641620] type=1325 audit(1790904877.671:170): table=filter family=2 entries=50 op=xt_replace subj=u:r:netd:s0 comm="iptables-restor"
[    6.641912] type=1300 audit(1790904877.671:170): arch=c000003e syscall=54 success=yes exit=0 a0=4 a1=0 a2=40 a3=72f87c80cda0 items=0 ppid=594 auid=4294967295 uid=0 gid=0 euid=0 suid=0 fsuid=0 egid=0 sgid=0 fsgid=0 tty=(none) ses=4294967295 comm="iptables-restor" exe="/system/bin/iptables" subj=u:r:netd:s0 key=(null)
[    6.642599] type=1327 audit(1790904877.671:170): proctitle=2F73797374656D2F62696E2F69707461626C65732D726573746F7265002D2D6E6F666C757368002D77002D76
[    6.642984] type=1320 audit(1790904877.671:170): 
[    6.643130] type=1325 audit(1790904877.675:171): table=filter family=10 entries=50 op=xt_replace subj=u:r:netd:s0 comm="ip6tables-resto"
[    6.643402] type=1300 audit(1790904877.675:171): arch=c000003e syscall=54 success=yes exit=0 a0=4 a1=29 a2=40 a3=7023ea80ff30 items=0 ppid=594 auid=4294967295 uid=0 gid=0 euid=0 suid=0 fsuid=0 egid=0 sgid=0 fsgid=0 tty=(none) ses=4294967295 comm="ip6tables-resto" exe="/system/bin/iptables" subj=u:r:netd:s0 key=(null)
[    6.644031] type=1327 audit(1790904877.675:171): proctitle=2F73797374656D2F62696E2F6970367461626C65732D726573746F7265002D2D6E6F666C757368002D77002D76
[    6.644325] type=1320 audit(1790904877.675:171): 
[    6.644483] type=1325 audit(1790904877.675:172): table=filter family=2 entries=58 op=xt_replace subj=u:r:netd:s0 comm="iptables-restor"
[    6.645435] libprocessgroup: Created cgroup /sys/fs/cgroup/system/uid_1000/pid_606
[    6.646045] type=1300 audit(1790904877.675:172): arch=c000003e syscall=54 success=yes exit=0 a0=4 a1=0 a2=40 a3=72f72c80e010 items=0 ppid=594 auid=4294967295 uid=0 gid=0 euid=0 suid=0 fsuid=0 egid=0 sgid=0 fsgid=0 tty=(none) ses=4294967295 comm="iptables-restor" exe="/system/bin/iptables" subj=u:r:netd:s0 key=(null)
[    6.646785] type=1327 audit(1790904877.675:172): proctitle=2F73797374656D2F62696E2F69707461626C65732D726573746F7265002D2D6E6F666C757368002D77002D76
[    6.647097] type=1320 audit(1790904877.675:172): 
[    6.647250] type=1325 audit(1790904877.679:173): table=filter family=10 entries=58 op=xt_replace subj=u:r:netd:s0 comm="ip6tables-resto"
[    6.647526] type=1300 audit(1790904877.679:173): arch=c000003e syscall=54 success=yes exit=0 a0=4 a1=29 a2=40 a3=70256a806010 items=0 ppid=594 auid=4294967295 uid=0 gid=0 euid=0 suid=0 fsuid=0 egid=0 sgid=0 fsgid=0 tty=(none) ses=4294967295 comm="ip6tables-resto" exe="/system/bin/iptables" subj=u:r:netd:s0 key=(null)
[    6.648312] type=1327 audit(1790904877.679:173): proctitle=2F73797374656D2F62696E2F6970367461626C65732D726573746F7265002D2D6E6F666C757368002D77002D76
[    6.648849] type=1320 audit(1790904877.679:173): 
[    6.649147] type=1325 audit(1790904877.679:174): table=mangle family=2 entries=31 op=xt_replace subj=u:r:netd:s0 comm="iptables-restor"
[    6.649459] type=1300 audit(1790904877.679:174): arch=c000003e syscall=54 success=yes exit=0 a0=4 a1=0 a2=40 a3=72f74c80d010 items=0 ppid=594 auid=4294967295 uid=0 gid=0 euid=0 suid=0 fsuid=0 egid=0 sgid=0 fsgid=0 tty=(none) ses=4294967295 comm="iptables-restor" exe="/system/bin/iptables" subj=u:r:netd:s0 key=(null)
[    6.650147] type=1327 audit(1790904877.679:174): proctitle=2F73797374656D2F62696E2F69707461626C65732D726573746F7265002D2D6E6F666C757368002D77002D76
[    6.652038] init: ... started service 'hidl_memory' has pid 606
[    6.652325] init: starting service 'vendor.sensors-hal-multihal'...
[    6.653278] libprocessgroup: Created cgroup /sys/fs/cgroup/system/uid_1000/pid_607
[    6.653672] type=1320 audit(1790904877.679:174): 
[    6.653893] type=1325 audit(1790904877.679:175): table=mangle family=10 entries=30 op=xt_replace subj=u:r:netd:s0 comm="ip6tables-resto"
[    6.654188] type=1300 audit(1790904877.679:175): arch=c000003e syscall=54 success=yes exit=0 a0=4 a1=29 a2=40 a3=7023ba805010 items=0 ppid=594 auid=4294967295 uid=0 gid=0 euid=0 suid=0 fsuid=0 egid=0 sgid=0 fsgid=0 tty=(none) ses=4294967295 comm="ip6tables-resto" exe="/system/bin/iptables" subj=u:r:netd:s0 key=(null)
[    6.655414] init: ... started service 'vendor.sensors-hal-multihal' has pid 607
[    6.655784] init: starting service 'vendor.motioncontext-default'...
[    6.659771] libprocessgroup: Created cgroup /sys/fs/cgroup/system/uid_1080
[    6.660749] type=1327 audit(1790904877.679:175): proctitle=2F73797374656D2F62696E2F6970367461626C65732D726573746F7265002D2D6E6F666C757368002D77002D76
[    6.660808] libprocessgroup: Created cgroup /sys/fs/cgroup/system/uid_1080/pid_608
[    6.661071] type=1320 audit(1790904877.679:175): 
[    6.661305] type=1325 audit(1790904877.679:176): table=filter family=2 entries=70 op=xt_replace subj=u:r:netd:s0 comm="iptables-restor"
[    6.661565] type=1300 audit(1790904877.679:176): arch=c000003e syscall=54 success=yes exit=0 a0=4 a1=0 a2=40 a3=72f72c817030 items=0 ppid=594 auid=4294967295 uid=0 gid=0 euid=0 suid=0 fsuid=0 egid=0 sgid=0 fsgid=0 tty=(none) ses=4294967295 comm="iptables-restor" exe="/system/bin/iptables" subj=u:r:netd:s0 key=(null)
[    6.662185] type=1327 audit(1790904877.679:176): proctitle=2F73797374656D2F62696E2F69707461626C65732D726573746F7265002D2D6E6F666C757368002D77002D76
[    6.663785] init: ... started service 'vendor.motioncontext-default' has pid 608
[    6.667864] init: starting service 'vendor.audio-hal-aidl'...
[    6.668705] libprocessgroup: Created cgroup /sys/fs/cgroup/system/uid_1041/pid_614
[    6.670345] type=1320 audit(1790904877.679:176): 
[    6.670798] type=1325 audit(1790904877.679:177): table=raw family=2 entries=12 op=xt_replace subj=u:r:netd:s0 comm="iptables-restor"
[    6.671520] type=1300 audit(1790904877.679:177): arch=c000003e syscall=54 success=yes exit=0 a0=4 a1=0 a2=40 a3=72f71c80c900 items=0 ppid=594 auid=4294967295 uid=0 gid=0 euid=0 suid=0 fsuid=0 egid=0 sgid=0 fsgid=0 tty=(none) ses=4294967295 comm="iptables-restor" exe="/system/bin/iptables" subj=u:r:netd:s0 key=(null)
[    6.677661] type=1327 audit(1790904877.679:177): proctitle=2F73797374656D2F62696E2F69707461626C65732D726573746F7265002D2D6E6F666C757368002D77002D76
[    6.679498] init: ... started service 'vendor.audio-hal-aidl' has pid 614
[    6.679893] init: starting service 'vendor.audio-effect-hal-aidl'...
[    6.681065] libprocessgroup: Created cgroup /sys/fs/cgroup/system/uid_1041/pid_617
[    6.683024] type=1320 audit(1790904877.679:177): 
[    6.683159] type=1325 audit(1790904877.679:178): table=mangle family=2 entries=33 op=xt_replace subj=u:r:netd:s0 comm="iptables-restor"
[    6.683444] type=1300 audit(1790904877.679:178): arch=c000003e syscall=54 success=yes exit=0 a0=4 a1=0 a2=40 a3=72f74c80d010 items=0 ppid=594 auid=4294967295 uid=0 gid=0 euid=0 suid=0 fsuid=0 egid=0 sgid=0 fsgid=0 tty=(none) ses=4294967295 comm="iptables-restor" exe="/system/bin/iptables" subj=u:r:netd:s0 key=(null)
[    6.684104] type=1327 audit(1790904877.679:178): proctitle=2F73797374656D2F62696E2F69707461626C65732D726573746F7265002D2D6E6F666C757368002D77002D76
[    6.684422] type=1320 audit(1790904877.679:178): 
[    6.684559] type=1325 audit(1790904877.679:179): table=filter family=10 entries=70 op=xt_replace subj=u:r:netd:s0 comm="ip6tables-resto"
[    6.684869] type=1300 audit(1790904877.679:179): arch=c000003e syscall=54 success=yes exit=0 a0=4 a1=29 a2=40 a3=70256a80ba20 items=0 ppid=594 auid=4294967295 uid=0 gid=0 euid=0 suid=0 fsuid=0 egid=0 sgid=0 fsgid=0 tty=(none) ses=4294967295 comm="ip6tables-resto" exe="/system/bin/iptables" subj=u:r:netd:s0 key=(null)
[    6.685520] init: ... started service 'vendor.audio-effect-hal-aidl' has pid 617
[    6.686010] init: starting service 'vendor.authsecret_default'...
[    6.687470] libprocessgroup: Created cgroup /sys/fs/cgroup/system/uid_1064
[    6.688363] libprocessgroup: Created cgroup /sys/fs/cgroup/system/uid_1064/pid_618
[    6.690979] servicemanager: Caller(pid=594,uid=0,sid=u:r:netd:s0) Found android.system.net.netd.INetd/default in framework VINTF manifest.
[    6.694088] init: ... started service 'vendor.authsecret_default' has pid 618
[    6.694798] init: starting service 'vendor.cas-default'...
[    6.695502] libprocessgroup: Created cgroup /sys/fs/cgroup/system/uid_1013
[    6.696061] libprocessgroup: Created cgroup /sys/fs/cgroup/system/uid_1013/pid_622
[    6.700403] type=1327 audit(1790904877.679:179): proctitle=2F73797374656D2F62696E2F6970367461626C65732D726573746F7265002D2D6E6F666C757368002D77002D76
[    6.700756] type=1320 audit(1790904877.679:179): 
[    6.700903] type=1325 audit(1790904877.679:180): table=raw family=10 entries=12 op=xt_replace subj=u:r:netd:s0 comm="ip6tables-resto"
[    6.701159] type=1300 audit(1790904877.679:180): arch=c000003e syscall=54 success=yes exit=0 a0=4 a1=29 a2=40 a3=7024da8034a0 items=0 ppid=594 auid=4294967295 uid=0 gid=0 euid=0 suid=0 fsuid=0 egid=0 sgid=0 fsgid=0 tty=(none) ses=4294967295 comm="ip6tables-resto" exe="/system/bin/iptables" subj=u:r:netd:s0 key=(null)
[    6.701773] type=1327 audit(1790904877.679:180): proctitle=2F73797374656D2F62696E2F6970367461626C65732D726573746F7265002D2D6E6F666C757368002D77002D76
[    6.702059] type=1320 audit(1790904877.679:180): 
[    6.702193] type=1325 audit(1790904877.679:181): table=mangle family=10 entries=32 op=xt_replace subj=u:r:netd:s0 comm="ip6tables-resto"
[    6.703589] init: ... started service 'vendor.cas-default' has pid 622
[    6.710386] init: starting service 'vendor.contexthub-default'...
[    6.711265] libprocessgroup: Created cgroup /sys/fs/cgroup/system/uid_1080/pid_623
[    6.714070] init: ... started service 'vendor.contexthub-default' has pid 623
[    6.714637] init: starting service 'vendor.drm-clearkey-service'...
[    6.715576] libprocessgroup: Created cgroup /sys/fs/cgroup/system/uid_1013/pid_624
[    6.717598] type=1300 audit(1790904877.679:181): arch=c000003e syscall=54 success=yes exit=0 a0=4 a1=29 a2=40 a3=7023ba805010 items=0 ppid=594 auid=4294967295 uid=0 gid=0 euid=0 suid=0 fsuid=0 egid=0 sgid=0 fsgid=0 tty=(none) ses=4294967295 comm="ip6tables-resto" exe="/system/bin/iptables" subj=u:r:netd:s0 key=(null)
[    6.718330] type=1327 audit(1790904877.679:181): proctitle=2F73797374656D2F62696E2F6970367461626C65732D726573746F7265002D2D6E6F666C757368002D77002D76
[    6.718756] type=1320 audit(1790904877.679:181): 
[    6.719486] init: ... started service 'vendor.drm-clearkey-service' has pid 624
[    6.719520] servicemanager: Caller(pid=608,uid=1080,sid=u:r:hal_motioncontext_default:s0) Found android.hardware.motioncontext.IMotionContext/default in device VINTF manifest.
[    6.720100] init: starting service 'vendor.gnss-default'...
[    6.721334] libprocessgroup: Created cgroup /sys/fs/cgroup/system/uid_9999/pid_625
[    6.724711] servicemanager: Caller(pid=618,uid=1064,sid=u:r:hal_authsecret_default:s0) Found android.hardware.authsecret.IAuthSecret/default in device VINTF manifest.
[    6.725619] init: ... started service 'vendor.gnss-default' has pid 625
[    6.727416] init: starting service 'vendor.hwcomposer-3'...
[    6.727497] type=1325 audit(1790904877.679:182): table=filter family=2 entries=70 op=xt_replace subj=u:r:netd:s0 comm="iptables-restor"
[    6.727959] type=1300 audit(1790904877.679:182): arch=c000003e syscall=54 success=yes exit=0 a0=4 a1=0 a2=40 a3=72f6ac814a20 items=0 ppid=594 auid=4294967295 uid=0 gid=0 euid=0 suid=0 fsuid=0 egid=0 sgid=0 fsgid=0 tty=(none) ses=4294967295 comm="iptables-restor" exe="/system/bin/iptables" subj=u:r:netd:s0 key=(null)
[    6.728760] type=1327 audit(1790904877.679:182): proctitle=2F73797374656D2F62696E2F69707461626C65732D726573746F7265002D2D6E6F666C757368002D77002D76
[    6.729163] type=1320 audit(1790904877.679:182): 
[    6.729317] type=1325 audit(1790904877.683:183): table=raw family=2 entries=12 op=xt_replace subj=u:r:netd:s0 comm="iptables-restor"
[    6.729687] type=1300 audit(1790904877.683:183): arch=c000003e syscall=54 success=yes exit=0 a0=4 a1=0 a2=40 a3=72f86c80c010 items=0 ppid=594 auid=4294967295 uid=0 gid=0 euid=0 suid=0 fsuid=0 egid=0 sgid=0 fsgid=0 tty=(none) ses=4294967295 comm="iptables-restor" exe="/system/bin/iptables" subj=u:r:netd:s0 key=(null)
[    6.731428] libprocessgroup: Created cgroup /sys/fs/cgroup/system/uid_1000/pid_627
[    6.735696] init: ... started service 'vendor.hwcomposer-3' has pid 627
[    6.739686] init: starting service 'vendor.inputprocessor-default'...
[    6.740357] libprocessgroup: Created cgroup /sys/fs/cgroup/system/uid_9999/pid_628
[    6.743062] type=1327 audit(1790904877.683:183): proctitle=2F73797374656D2F62696E2F69707461626C65732D726573746F7265002D2D6E6F666C757368002D77002D76
[    6.748120] type=1320 audit(1790904877.683:183): 
[    6.748341] type=1325 audit(1790904877.683:184): table=mangle family=2 entries=33 op=xt_replace subj=u:r:netd:s0 comm="iptables-restor"
[    6.748539] init: ... started service 'vendor.inputprocessor-default' has pid 628
[    6.750295] servicemanager: Caller(pid=607,uid=1000,sid=u:r:hal_sensors_default:s0) Found android.hardware.sensors.ISensors/default in device VINTF manifest.
[    6.750857] init: starting service 'vendor.ir-default'...
[    6.751812] libprocessgroup: Created cgroup /sys/fs/cgroup/system/uid_1000/pid_632
[    6.753545] type=1300 audit(1790904877.683:184): arch=c000003e syscall=54 success=yes exit=0 a0=4 a1=0 a2=40 a3=72f74c80d010 items=0 ppid=594 auid=4294967295 uid=0 gid=0 euid=0 suid=0 fsuid=0 egid=0 sgid=0 fsgid=0 tty=(none) ses=4294967295 comm="iptables-restor" exe="/system/bin/iptables" subj=u:r:netd:s0 key=(null)
[    6.754468] servicemanager: Caller(pid=622,uid=1013,sid=u:r:hal_cas_default:s0) Found android.hardware.cas.IMediaCasService/default in device VINTF manifest.
[    6.755389] type=1327 audit(1790904877.683:184): proctitle=2F73797374656D2F62696E2F69707461626C65732D726573746F7265002D2D6E6F666C757368002D77002D76
[    6.756226] type=1320 audit(1790904877.683:184): 
[    6.756698] type=1325 audit(1790904877.683:185): table=filter family=10 entries=70 op=xt_replace subj=u:r:netd:s0 comm="ip6tables-resto"
[    6.757486] type=1300 audit(1790904877.683:185): arch=c000003e syscall=54 success=yes exit=0 a0=4 a1=29 a2=40 a3=70237a819940 items=0 ppid=594 auid=4294967295 uid=0 gid=0 euid=0 suid=0 fsuid=0 egid=0 sgid=0 fsgid=0 tty=(none) ses=4294967295 comm="ip6tables-resto" exe="/system/bin/iptables" subj=u:r:netd:s0 key=(null)
[    6.758684] type=1327 audit(1790904877.683:185): proctitle=2F73797374656D2F62696E2F6970367461626C65732D726573746F7265002D2D6E6F666C757368002D77002D76
[    6.759594] type=1320 audit(1790904877.683:185): 
[    6.760053] init: ... started service 'vendor.ir-default' has pid 632
[    6.760638] type=1325 audit(1790904877.683:186): table=raw family=10 entries=12 op=xt_replace subj=u:r:netd:s0 comm="ip6tables-resto"
[    6.761479] type=1300 audit(1790904877.683:186): arch=c000003e syscall=54 success=yes exit=0 a0=4 a1=29 a2=40 a3=7023da803010 items=0 ppid=594 auid=4294967295 uid=0 gid=0 euid=0 suid=0 fsuid=0 egid=0 sgid=0 fsgid=0 tty=(none) ses=4294967295 comm="ip6tables-resto" exe="/system/bin/iptables" subj=u:r:netd:s0 key=(null)
[    6.762340] init: starting service 'vendor.memtrack-default'...
[    6.763036] type=1327 audit(1790904877.683:186): proctitle=2F73797374656D2F62696E2F6970367461626C65732D726573746F7265002D2D6E6F666C757368002D77002D76
[    6.763674] type=1320 audit(1790904877.683:186): 
[    6.764433] libprocessgroup: Created cgroup /sys/fs/cgroup/system/uid_9999/pid_633
[    6.764480] type=1325 audit(1790904877.683:187): table=mangle family=10 entries=32 op=xt_replace subj=u:r:netd:s0 comm="ip6tables-resto"
[    6.769428] type=1300 audit(1790904877.683:187): arch=c000003e syscall=54 success=yes exit=0 a0=4 a1=29 a2=40 a3=70240a8178c0 items=0 ppid=594 auid=4294967295 uid=0 gid=0 euid=0 suid=0 fsuid=0 egid=0 sgid=0 fsgid=0 tty=(none) ses=4294967295 comm="ip6tables-resto" exe="/system/bin/iptables" subj=u:r:netd:s0 key=(null)
[    6.774207] type=1327 audit(1790904877.683:187): proctitle=2F73797374656D2F62696E2F6970367461626C65732D726573746F7265002D2D6E6F666C757368002D77002D76
[    6.778890] init: ... started service 'vendor.memtrack-default' has pid 633
[    6.781364] init: starting service 'nlinterceptor'...
[    6.782349] libprocessgroup: Created cgroup /sys/fs/cgroup/system/uid_0/pid_634
[    6.787772] type=1320 audit(1790904877.683:187): 
[    6.795425] init: ... started service 'nlinterceptor' has pid 634
[    6.796198] servicemanager: Caller(pid=623,uid=1080,sid=u:r:hal_contexthub_default:s0) Found android.hardware.contexthub.IContextHub/default in device VINTF manifest.
[    6.796884] init: starting service 'neuralnetworks_hal_service_aidl_sample_all'...
[    6.797953] libprocessgroup: Created cgroup /sys/fs/cgroup/system/uid_1000/pid_636
[    6.803980] init: ... started service 'neuralnetworks_hal_service_aidl_sample_all' has pid 636
[    6.804365] init: starting service 'neuralnetworks_hal_service_aidl_sample_limited'...
[    6.805445] libprocessgroup: Created cgroup /sys/fs/cgroup/system/uid_1000/pid_637
[    6.809824] servicemanager: Caller(pid=628,uid=9999,sid=u:r:hal_input_processor_default:s0) Found android.hardware.input.processor.IInputProcessor/default in device VINTF manifest.
[    6.815046] init: ... started service 'neuralnetworks_hal_service_aidl_sample_limited' has pid 637
[    6.822215] init: starting service 'neuralnetworks_hal_service_shim_sample'...
[    6.827076] libprocessgroup: Created cgroup /sys/fs/cgroup/system/uid_1000/pid_638
[    6.829156] init: ... started service 'neuralnetworks_hal_service_shim_sample' has pid 638
[    6.830535] init: starting service 'vendor.power-default'...
[    6.838106] libprocessgroup: Created cgroup /sys/fs/cgroup/system/uid_9999/pid_639
[    6.839036] init: ... started service 'vendor.power-default' has pid 639
[    6.839342] init: starting service 'vendor.power.stats-default'...
[    6.845854] libprocessgroup: Created cgroup /sys/fs/cgroup/system/uid_1000/pid_640
[    6.846941] init: ... started service 'vendor.power.stats-default' has pid 640
[    6.849464] servicemanager: Caller(pid=624,uid=1013,sid=u:r:hal_drm_clearkey_aidl:s0) Found android.hardware.drm.IDrmFactory/clearkey in device VINTF manifest.
[    6.850379] init: starting service 'vendor.rebootescrow-default'...
[    6.851987] servicemanager: Caller(pid=633,uid=9999,sid=u:r:hal_memtrack_default:s0) Found android.hardware.memtrack.IMemtrack/default in device VINTF manifest.
[    6.853531] libprocessgroup: Created cgroup /sys/fs/cgroup/system/uid_1000/pid_641
[    6.856434] servicemanager: Caller(pid=632,uid=1000,sid=u:r:hal_ir_default:s0) Found android.hardware.ir.IConsumerIr/default in device VINTF manifest.
[    6.864236] init: ... started service 'vendor.rebootescrow-default' has pid 641
[    6.869914] init: starting service 'vendor.secure_element'...
[    6.871048] libprocessgroup: Created cgroup /sys/fs/cgroup/system/uid_9999/pid_642
[    6.876952] init: ... started service 'vendor.secure_element' has pid 642
[    6.880497] init: starting service 'vendor.authgraph'...
[    6.881313] libprocessgroup: Created cgroup /sys/fs/cgroup/system/uid_9999/pid_643
[    6.887314] servicemanager: Caller(pid=634,uid=0,sid=u:r:hal_nlinterceptor_default:s0) Found android.hardware.net.nlinterceptor.IInterceptor/default in device VINTF manifest.
[    6.893901] init: ... started service 'vendor.authgraph' has pid 643
[    6.897074] servicemanager: Caller(pid=625,uid=9999,sid=u:r:hal_gnss_default:s0) Found android.hardware.gnss.IGnss/default in device VINTF manifest.
[    6.898920] init: starting service 'vendor.secretkeeper'...
[    6.900020] libprocessgroup: Created cgroup /sys/fs/cgroup/system/uid_9999/pid_645
[    6.919045] init: ... started service 'vendor.secretkeeper' has pid 645
[    6.922630] init: starting service 'vendor.tetheroffload-example'...
[    6.923530] libprocessgroup: Created cgroup /sys/fs/cgroup/system/uid_9999/pid_646
[    6.932271] init: ... started service 'vendor.tetheroffload-example' has pid 646
[    6.933116] servicemanager: Caller(pid=641,uid=1000,sid=u:r:hal_rebootescrow_default:s0) Found android.hardware.rebootescrow.IRebootEscrow/default in device VINTF manifest.
[    6.934593] init: starting service 'vendor.thermal-example'...
[    6.935262] libprocessgroup: Created cgroup /sys/fs/cgroup/system/uid_9999/pid_647
[    6.945389] servicemanager: Caller(pid=637,uid=1000,sid=u:r:hal_neuralnetworks_sample:s0) Found android.hardware.neuralnetworks.IDevice/nnapi-sample_quant in device VINTF manifest.
[    6.946924] init: ... started service 'vendor.thermal-example' has pid 647
[    6.947393] init: starting service 'vendor.threadnetwork_hal'...
[    6.948428] libprocessgroup: Created cgroup /sys/fs/cgroup/system/uid_1084
[    6.948989] libprocessgroup: Created cgroup /sys/fs/cgroup/system/uid_1084/pid_648
[    6.951402] servicemanager: Caller(pid=639,uid=9999,sid=u:r:hal_power_default:s0) Found android.hardware.power.IPower/default in device VINTF manifest.
[    6.955052] servicemanager: Caller(pid=640,uid=1000,sid=u:r:hal_power_stats_default:s0) Found android.hardware.power.stats.IPowerStats/default in device VINTF manifest.
[    6.961123] init: ... started service 'vendor.threadnetwork_hal' has pid 648
[    6.962055] init: starting service 'vendor.usb_default'...
[    6.963162] servicemanager: Caller(pid=642,uid=9999,sid=u:r:hal_secure_element_default:s0) Found android.hardware.secure_element.ISecureElement/eSE1 in device VINTF manifest.
[    6.965267] servicemanager: Caller(pid=636,uid=1000,sid=u:r:hal_neuralnetworks_sample:s0) Found android.hardware.neuralnetworks.IDevice/nnapi-sample_all in device VINTF manifest.
[    6.966814] libprocessgroup: Created cgroup /sys/fs/cgroup/system/uid_1000/pid_649
[    6.967235] servicemanager: Caller(pid=646,uid=9999,sid=u:r:hal_tetheroffload_default:s0) Found android.hardware.tetheroffload.IOffload/default in device VINTF manifest.
[    6.979985] init: ... started service 'vendor.usb_default' has pid 649
[    6.981193] init: starting service 'vendor.uwb_hal'...
[    6.982046] libprocessgroup: Created cgroup /sys/fs/cgroup/system/uid_1083
[    6.982772] libprocessgroup: Created cgroup /sys/fs/cgroup/system/uid_1083/pid_652
[    6.985572] servicemanager: Caller(pid=643,uid=9999,sid=u:r:hal_authgraph_default:s0) Found android.hardware.security.authgraph.IAuthGraphKeyExchange/nonsecure in device VINTF manifest.
[    6.988976] servicemanager: Caller(pid=627,uid=1000,sid=u:r:hal_graphics_composer_default:s0) Found android.hardware.graphics.composer3.IComposer/default in device VINTF manifest.
[    6.990970] servicemanager: Caller(pid=638,uid=1000,sid=u:r:hal_neuralnetworks_sample:s0) Found android.hardware.neuralnetworks.IDevice/nnapi-sample_sl_shim in device VINTF manifest.
[    6.992233] init: ... started service 'vendor.uwb_hal' has pid 652
[    6.994593] servicemanager: Caller(pid=645,uid=9999,sid=u:r:hal_secretkeeper_default:s0) Found android.hardware.security.secretkeeper.ISecretkeeper/nonsecure in device VINTF manifest.
[    6.995087] init: starting service 'vendor.vibrator-default'...
[    6.996025] libprocessgroup: Created cgroup /sys/fs/cgroup/system/uid_9999/pid_655
[    6.998728] servicemanager: Caller(pid=647,uid=9999,sid=u:r:hal_thermal_default:s0) Found android.hardware.thermal.IThermal/default in device VINTF manifest.
[    7.006644] servicemanager: Caller(pid=649,uid=1000,sid=u:r:hal_usb_default:s0) Found android.hardware.usb.IUsb/default in device VINTF manifest.
[    7.007157] servicemanager: Caller(pid=648,uid=1084,sid=u:r:hal_threadnetwork_default:s0) Found android.hardware.threadnetwork.IThreadChip/chip0 in device VINTF manifest.
[    7.007673] init: ... started service 'vendor.vibrator-default' has pid 655
[    7.008256] init: starting service 'vendor.wifi_hal_legacy'...
[    7.009038] libprocessgroup: Created cgroup /sys/fs/cgroup/system/uid_1010
[    7.009527] libprocessgroup: Created cgroup /sys/fs/cgroup/system/uid_1010/pid_656
[    7.014675] init: ... started service 'vendor.wifi_hal_legacy' has pid 656
[    7.018629] init: starting service 'bt_hci'...
[    7.019368] libprocessgroup: Created cgroup /sys/fs/cgroup/system/uid_1002
[    7.020065] libprocessgroup: Created cgroup /sys/fs/cgroup/system/uid_1002/pid_660
[    7.022159] servicemanager: Caller(pid=652,uid=1083,sid=u:r:hal_uwb_default:s0) Found android.hardware.uwb.IUwb/default in device VINTF manifest.
[    7.022774] init: ... started service 'bt_hci' has pid 660
[    7.022967] init: starting service 'bt_finder'...
[    7.024019] libprocessgroup: Created cgroup /sys/fs/cgroup/system/uid_1002/pid_661
[    7.035362] init: ... started service 'bt_finder' has pid 661
[    7.035560] init: starting service 'bt_ranging'...
[    7.036221] libprocessgroup: Created cgroup /sys/fs/cgroup/system/uid_1002/pid_662
[    7.041703] init: ... started service 'bt_ranging' has pid 662
[    7.041949] init: starting service 'bt_lmp_event'...
[    7.043002] libprocessgroup: Created cgroup /sys/fs/cgroup/system/uid_1002/pid_665
[    7.044944] servicemanager: Caller(pid=655,uid=9999,sid=u:r:hal_vibrator_default:s0) Found android.hardware.vibrator.IVibrator/default in device VINTF manifest.
[    7.045731] servicemanager: Caller(pid=655,uid=9999,sid=u:r:hal_vibrator_default:s0) Found android.hardware.vibrator.IVibratorManager/default in device VINTF manifest.
[    7.046137] servicemanager: Caller(pid=660,uid=1002,sid=u:r:hal_bluetooth_default:s0) Found android.hardware.bluetooth.IBluetoothHci/default in device VINTF manifest.
[    7.053585] init: ... started service 'bt_lmp_event' has pid 665
[    7.053888] init: starting service 'bt_socket'...
[    7.058260] libprocessgroup: Created cgroup /sys/fs/cgroup/system/uid_1002/pid_666
[    7.062721] servicemanager: Caller(pid=656,uid=1010,sid=u:r:hal_wifi_default:s0) Found android.hardware.wifi.IWifi/default in device VINTF manifest.
[    7.066874] init: ... started service 'bt_socket' has pid 666
[    7.067182] init: starting service 'bt_socket_lpp'...
[    7.068327] libprocessgroup: Created cgroup /sys/fs/cgroup/system/uid_1002/pid_668
[    7.080988] init: ... started service 'bt_socket_lpp' has pid 668
[    7.081235] init: starting service 'bt_gatt_lpp'...
[    7.085665] libprocessgroup: Created cgroup /sys/fs/cgroup/system/uid_1002/pid_669
[    7.093741] init: ... started service 'bt_gatt_lpp' has pid 669
[    7.095180] init: starting service 'vendor.graphics.allocator'...
[    7.096005] libprocessgroup: Created cgroup /sys/fs/cgroup/system/uid_1000/pid_670
[    7.102502] servicemanager: Caller(pid=661,uid=1002,sid=u:r:hal_bluetooth_btlinux:s0) Found android.hardware.bluetooth.finder.IBluetoothFinder/default in device VINTF manifest.
[    7.104347] servicemanager: Caller(pid=617,uid=1041,sid=u:r:hal_audio_default:s0) Found android.hardware.audio.effect.IFactory/default in device VINTF manifest.
[    7.104865] servicemanager: Caller(pid=662,uid=1002,sid=u:r:hal_bluetooth_btlinux:s0) Found android.hardware.bluetooth.ranging.IBluetoothChannelSounding/default in device VINTF manifest.
[    7.107191] servicemanager: Caller(pid=662,uid=1002,sid=u:r:hal_bluetooth_btlinux:s0) Found android.hardware.bluetooth.ranging.IBluetoothChannelSounding/default in device VINTF manifest.
[    7.108922] init: ... started service 'vendor.graphics.allocator' has pid 670
[    7.110228] init: starting service 'vendor.health-cuttlefish'...
[    7.111150] libprocessgroup: Created cgroup /sys/fs/cgroup/system/uid_1000/pid_671
[    7.114226] servicemanager: Caller(pid=661,uid=1002,sid=u:r:hal_bluetooth_btlinux:s0) Found android.hardware.bluetooth.finder.IBluetoothFinder/default in device VINTF manifest.
[    7.115163] init: ... started service 'vendor.health-cuttlefish' has pid 671
[    7.115778] init: starting service 'vendor.identity-remote'...
[    7.116678] libprocessgroup: Created cgroup /sys/fs/cgroup/system/uid_9999/pid_672
[    7.117596] servicemanager: Caller(pid=668,uid=1002,sid=u:r:hal_bluetooth_lpp_default:s0) Found android.hardware.bluetooth.socket.IBluetoothSocket/lpp in device VINTF manifest.
[    7.118958] init: ... started service 'vendor.identity-remote' has pid 672
[    7.119607] init: starting service 'vendor.light-cuttlefish'...
[    7.120416] libprocessgroup: Created cgroup /sys/fs/cgroup/system/uid_9999/pid_673
[    7.121069] servicemanager: Caller(pid=666,uid=1002,sid=u:r:hal_bluetooth_btlinux:s0) Found android.hardware.bluetooth.socket.IBluetoothSocket/default in device VINTF manifest.
[    7.121983] servicemanager: Caller(pid=665,uid=1002,sid=u:r:hal_bluetooth_btlinux:s0) Found android.hardware.bluetooth.lmp_event.IBluetoothLmpEvent/default in device VINTF manifest.
[    7.122539] servicemanager: Caller(pid=665,uid=1002,sid=u:r:hal_bluetooth_btlinux:s0) Found android.hardware.bluetooth.lmp_event.IBluetoothLmpEvent/default in device VINTF manifest.
[    7.123789] init: ... started service 'vendor.light-cuttlefish' has pid 673
[    7.126170] init: starting service 'nfc_hal_service'...
[    7.126935] libprocessgroup: Created cgroup /sys/fs/cgroup/system/uid_1027
[    7.127500] libprocessgroup: Created cgroup /sys/fs/cgroup/system/uid_1027/pid_675
[    7.134178] init: ... started service 'nfc_hal_service' has pid 675
[    7.136800] init: starting service 'vendor.oemlock_default'...
[    7.137624] libprocessgroup: Created cgroup /sys/fs/cgroup/system/uid_1064/pid_676
[    7.141691] init: ... started service 'vendor.oemlock_default' has pid 676
[    7.143835] init: starting service 'vendor.camera-provider-2-7-google'...
[    7.146852] servicemanager: Caller(pid=672,uid=9999,sid=u:r:hal_identity_remote:s0) Found android.hardware.identity.IIdentityCredentialStore/default in device VINTF manifest.
[    7.150048] libprocessgroup: Created cgroup /sys/fs/cgroup/system/uid_1047
[    7.150806] libprocessgroup: Created cgroup /sys/fs/cgroup/system/uid_1047/pid_677
[    7.154081] servicemanager: Caller(pid=669,uid=1002,sid=u:r:hal_bluetooth_lpp_default:s0) Found android.hardware.bluetooth.gatt.IBluetoothGatt/default in device VINTF manifest.
[    7.155773] init: ... started service 'vendor.camera-provider-2-7-google' has pid 677
[    7.155990] init: Command 'class_start hal' action=boot (/system/etc/init/hw/init.rc:1219) took 527ms and succeeded
[    7.156247] init: Service 'hidl_memory' (pid 606) exited with status 0
[    7.156396] init: Sending SIGKILL to service 'hidl_memory' (pid 606) process group...
[    7.156686] servicemanager: Caller(pid=614,uid=1041,sid=u:r:hal_audio_default:s0) Found android.hardware.audio.core.IConfig/default in device VINTF manifest.
[    7.158414] servicemanager: Caller(pid=614,uid=1041,sid=u:r:hal_audio_default:s0) Found android.hardware.audio.core.IModule/default in device VINTF manifest.
[    7.158911] libprocessgroup: Removed cgroup /sys/fs/cgroup/system/uid_1000/pid_606
[    7.159336] servicemanager: Caller(pid=614,uid=1041,sid=u:r:hal_audio_default:s0) Found android.hardware.audio.core.IModule/r_submix in device VINTF manifest.
[    7.159679] init: service 'ueventd' requested start, but it is already running (flags: 2084, pid: 103, started 4479ms ago)
[    7.159889] init: service 'apexd' requested start, but it is already running (flags: 134, pid: 473, started 2238ms ago)
[    7.165294] init: starting service 'audioserver'...
[    7.166911] servicemanager: Caller(pid=614,uid=1041,sid=u:r:hal_audio_default:s0) Found android.hardware.bluetooth.audio.IBluetoothAudioProviderFactory/default in device VINTF manifest.
[    7.167499] libprocessgroup: Created cgroup /sys/fs/cgroup/system/uid_1041/pid_678
[    7.168380] servicemanager: Caller(pid=614,uid=1041,sid=u:r:hal_audio_default:s0) Found android.hardware.audio.core.IModule/bluetooth in device VINTF manifest.
[    7.170297] healthd: Failed to lookup glob /sys/devices/platform/*gcdd/system_dev_stat: -3
[    7.170647] healthd: No battery devices found
[    7.172409] servicemanager: Caller(pid=673,uid=9999,sid=u:r:hal_light_cuttlefish:s0) Found android.hardware.light.ILights/default in device VINTF manifest.
[    7.174037] servicemanager: Caller(pid=671,uid=1000,sid=u:r:hal_health_default:s0) Found android.hardware.health.IHealth/default in device VINTF manifest.
[    7.175809] HealthLoop: Successfully attached the BPF filter to the uevent socket
[    7.176920] init: ... started service 'audioserver' has pid 678
[    7.178835] init: starting service 'credstore'...
[    7.179307] healthd: battery none chg=
[    7.179927] libprocessgroup: Created cgroup /sys/fs/cgroup/system/uid_1076
[    7.180582] libprocessgroup: Created cgroup /sys/fs/cgroup/system/uid_1076/pid_681
[    7.187055] servicemanager: Caller(pid=675,uid=1027,sid=u:r:hal_nfc_default:s0) Found android.hardware.nfc.INfc/default in device VINTF manifest.
[    7.190245] init: ... started service 'credstore' has pid 681
[    7.190824] init: starting service 'gpu'...
[    7.193017] servicemanager: Caller(pid=676,uid=1064,sid=u:r:hal_oemlock_remote:s0) Found android.hardware.oemlock.IOemLock/default in device VINTF manifest.
[    7.194215] libprocessgroup: Created cgroup /sys/fs/cgroup/system/uid_1072
[    7.198087] libprocessgroup: Created cgroup /sys/fs/cgroup/system/uid_1072/pid_686
[    7.198841] servicemanager: Caller(pid=670,uid=1000,sid=u:r:hal_graphics_allocator_default:s0) Found android.hardware.graphics.allocator.IAllocator/default in device VINTF manifest.
[    7.199026] libbinder.BackendUnifiedServiceManager: Thread Pool max thread count is 0. Cannot cache binder as linkToDeath cannot be implemented. serviceName: android.hardware.oemlock.IOemLock/default
[    7.202503] init: ... started service 'gpu' has pid 686
[    7.202691] init: service 'lmkd' requested start, but it is already running (flags: 36, pid: 396, started 3830ms ago)
[    7.203050] init: starting service 'misctrl'...
[    7.208262] libprocessgroup: Created cgroup /sys/fs/cgroup/system/uid_0/pid_688
[    7.214717] init: ... started service 'misctrl' has pid 688
[    7.214894] init: service 'servicemanager' requested start, but it is already running (flags: 2084, pid: 397, started 3835ms ago)
[    7.222540] init: starting service 'surfaceflinger'...
[    7.223338] libprocessgroup: Created cgroup /sys/fs/cgroup/system/uid_1000/pid_689
[    7.229526] init: ... started service 'surfaceflinger' has pid 689
[    7.229708] init: service 'vold' requested start, but it is already running (flags: 2052, pid: 407, started 3777ms ago)
[    7.230109] init: Command 'class_start core' action=boot (/system/etc/init/hw/init.rc:1221) took 70ms and succeeded
[    7.230295] init: processing action (ro.debuggable=1 && boot) from (/system/etc/init/hw/init.rc:1223)
[    7.230847] init: processing action (persist.sys.usb.config=* && boot) from (/system/etc/init/hw/init.usb.rc:104)
[    7.234601] init: processing action (boot) from (/system/etc/init/dumpstate.rc:1)
[    7.234861] init: processing action (boot) from (/system/etc/init/gsid.rc:25)
[    7.235076] init: starting service 'exec 14 (/system/bin/gsid run-startup-tasks)'...
[    7.235839] libprocessgroup: Created cgroup /sys/fs/cgroup/system/uid_0/pid_690
[    7.246570] init: ... started service 'exec 14 (/system/bin/gsid run-startup-tasks)' has pid 690
[    7.246781] init: processing action (boot) from (/vendor/etc/init/init.cutf_cvm.rc:83)
[    7.255080] init: starting service 'socket_vsock_proxy'...
[    7.255825] libprocessgroup: Created cgroup /sys/fs/cgroup/system/uid_0/pid_692
[    7.257447] init: ... started service 'socket_vsock_proxy' has pid 692
[    7.266825] init: processing action (ro.boot.enable_confirmationui=* && boot) from (/apex/com.google.cf.confirmationui/etc/android.hardware.confirmationui-service.cuttlefish.rc:9)
[    7.271638] init: starting service 'vendor.confirmationui_default'...
[    7.272664] libprocessgroup: Created cgroup /sys/fs/cgroup/system/uid_1000/pid_693
[    7.282744] init: ... started service 'vendor.confirmationui_default' has pid 693
[    7.282981] init: Service 'misctrl' (pid 688) exited with status 1 oneshot service took 0.079000 seconds in background
[    7.283138] init: Sending SIGKILL to service 'misctrl' (pid 688) process group...
[    7.283364] libprocessgroup: Removed cgroup /sys/fs/cgroup/system/uid_0/pid_688
[    7.284187] init: service 'vendor.confirmationui_default' requested start, but it is already running (flags: 4, pid: 693, started 11ms ago)
[    7.284463] init: processing action (enable_property_trigger) from (<Builtin Action>:0)
[    7.284783] init: processing action (bootreceiver.enable=1 && ro.product.cpu.abilist64=*) from (/system/etc/init/hw/init.rc:653)
[    7.302111] init: processing action (net.tcp_def_init_rwnd=*) from (/system/etc/init/hw/init.rc:1255)
[    7.302482] init: processing action (ro.debuggable=1) from (/system/etc/init/hw/init.rc:1295)
[    7.302729] init: processing action (sys.usb.config=adb && sys.usb.configfs=0) from (/system/etc/init/hw/init.usb.rc:36)
[    7.308034] init: starting service 'adbd'...
[    7.308502] init: Created socket '/dev/socket/adbd', mode 660, user 1000, group 1000
[    7.309705] libprocessgroup: Created cgroup /sys/fs/cgroup/system/uid_0/pid_699
[    7.311056] type=1400 audit(1790904878.343:188): avc:  denied  { write } for  comm="init" name="error_report_end" dev="tracefs" ino=11342 scontext=u:r:init:s0 tcontext=u:object_r:debugfs_bootreceiver_tracing:s0 tclass=dir permissive=0 bug=b/340399580
[    7.311506] type=1300 audit(1790904878.343:188): arch=c000003e syscall=257 success=yes exit=20 a0=ffffff9c a1=7fab82437890 a2=a0241 a3=180 items=1 ppid=0 auid=4294967295 uid=0 gid=0 euid=0 suid=0 fsuid=0 egid=0 sgid=0 fsgid=0 tty=(none) ses=4294967295 comm="init" exe="/system/bin/init" subj=u:r:init:s0 key=(null)
[    7.312025] type=1307 audit(1790904878.343:188): cwd="/"
[    7.312128] type=1302 audit(1790904878.343:188): item=0 name="/sys/kernel/tracing/instances/bootreceiver/events/error_report/error_report_end/enable" inode=19680823 dev=00:0c mode=0100640 ouid=0 ogid=3012 rdev=00:00 obj=u:object_r:debugfs_bootreceiver_tracing:s0 nametype=NORMAL cap_fp=0 cap_fi=0 cap_fe=0 cap_fver=0 cap_frootid=0
[    7.312564] type=1327 audit(1790904878.343:188): proctitle=2F73797374656D2F62696E2F696E69740073656C696E75785F7365747570
[    7.312828] type=1320 audit(1790904878.343:188): 
[    7.318481] init: ... started service 'adbd' has pid 699
[    7.318644] init: Service 'exec 14 (/system/bin/gsid run-startup-tasks)' (pid 690) exited with status 0 oneshot service took 0.082000 seconds in background
[    7.318911] init: Sending SIGKILL to service 'exec 14 (/system/bin/gsid run-startup-tasks)' (pid 690) process group...
[    7.319256] libprocessgroup: Removed cgroup /sys/fs/cgroup/system/uid_0/pid_690
[    7.319641] servicemanager: Caller(pid=693,uid=1000,sid=u:r:hal_confirmationui_cuttlefish:s0) Found android.hardware.confirmationui.IConfirmationUI/default in device VINTF manifest.
[    7.321792] init: processing action (apexd.status=ready && ro.product.cpu.abilist64=*) from (/system/etc/init/hw/init.boringssl.zygote64.rc:3)
[    7.324057] init: starting service 'boringssl_self_test_apex64'...
[    7.324834] libprocessgroup: Created cgroup /sys/fs/cgroup/system/uid_9999/pid_703
[    7.328943] init: ... started service 'boringssl_self_test_apex64' has pid 703
[    7.329162] init: SVC_EXEC service 'boringssl_self_test_apex64' pid 703 (uid 9999 gid 0+0 context default) started; waiting...
[    7.352711] init: Service 'boringssl_self_test_apex64' (pid 703) exited with status 0 waiting took 0.028000 seconds
[    7.352989] init: Sending SIGKILL to service 'boringssl_self_test_apex64' (pid 703) process group...
[    7.353249] libprocessgroup: Removed cgroup /sys/fs/cgroup/system/uid_9999/pid_703
[    7.357528] init: processing action (security.perf_harden=1) from (/system/etc/init/init-perfetto.rc:19)
[    7.357940] init: processing action (init.svc.audioserver=running) from (/system/etc/init/audioserver.rc:43)
[    7.358190] init: Command 'start vendor.audio-hal' action=init.svc.audioserver=running (/system/etc/init/audioserver.rc:44) took 0ms and failed: service vendor.audio-hal not found
[    7.359079] init: service 'vendor.audio-hal-aidl' requested start, but it is already running (flags: 4, pid: 614, started 690ms ago)
[    7.359312] init: service 'vendor.audio-effect-hal-aidl' requested start, but it is already running (flags: 4, pid: 617, started 678ms ago)
[    7.359516] init: Command 'start vendor.audio-hal-4-0-msd' action=init.svc.audioserver=running (/system/etc/init/audioserver.rc:47) took 0ms and failed: service vendor.audio-hal-4-0-msd not found
[    7.359733] init: Command 'start audio_proxy_service' action=init.svc.audioserver=running (/system/etc/init/audioserver.rc:48) took 0ms and failed: service audio_proxy_service not found
[    7.360041] init: processing action (ro.persistent_properties.ready=true) from (/system/etc/init/bootstat.rc:57)
[    7.363282] init: processing action (ro.persistent_properties.ready=true) from (/system/etc/init/bootstat.rc:61)
[    7.364487] init: starting service 'exec 15 (/system/bin/bootstat --set_system_boot_reason)'...
[    7.374655] libprocessgroup: Created cgroup /sys/fs/cgroup/system/uid_1000/pid_709
[    7.378930] init: ... started service 'exec 15 (/system/bin/bootstat --set_system_boot_reason)' has pid 709
[    7.379182] init: processing action (bootreceiver.enable=1 && ro.product.cpu.abilist64=*) from (/system/etc/init/dmesgd.rc:7)
[    7.379598] init: Command 'rm /data/misc/dmesgd/sent_reports.txt' action=bootreceiver.enable=1 && ro.product.cpu.abilist64=* (/system/etc/init/dmesgd.rc:9) took 0ms and failed: unlink() failed: No such file or directory
[    7.379963] init: processing action (drm.service.enabled=true) from (/system/etc/init/drmserver.rc:8)
[    7.380488] init: starting service 'drm'...
[    7.381230] libprocessgroup: Created cgroup /sys/fs/cgroup/system/uid_1019
[    7.381750] libprocessgroup: Created cgroup /sys/fs/cgroup/system/uid_1019/pid_710
[    7.390849] init: ... started service 'drm' has pid 710
[    7.391005] init: processing action (persist.heapprofd.enable= && traced.lazy.heapprofd=) from (/system/etc/init/heapprofd.rc:49)
[    7.391349] init: processing action (security.perf_harden=1) from (/system/etc/init/init-perfetto.rc:19)
[    7.391643] init: processing action (kcmdline.binder=*) from (/system/etc/init/kcmdlinectrl.rc:20)
[    7.391821] init: start_waiting_for_property("kcmdline.loaded", "1"): already set
[    7.392076] init: starting service 'exec 16 (/system/bin/kcmdlinectrl store binder unset)'...
[    7.395041] libprocessgroup: Created cgroup /sys/fs/cgroup/system/uid_0/pid_711
[    7.395641] init: ... started service 'exec 16 (/system/bin/kcmdlinectrl store binder unset)' has pid 711
[    7.395886] init: SVC_EXEC service 'exec 16 (/system/bin/kcmdlinectrl store binder unset)' pid 711 (uid 0 gid 0+0 context default) started; waiting...
[    7.402922] init: Service 'exec 15 (/system/bin/bootstat --set_system_boot_reason)' (pid 709) exited with status 0 oneshot service took 0.031000 seconds in background
[    7.403219] init: Sending SIGKILL to service 'exec 15 (/system/bin/bootstat --set_system_boot_reason)' (pid 709) process group...
[    7.403475] libprocessgroup: Removed cgroup /sys/fs/cgroup/system/uid_1000/pid_709
[    7.415536] init: Service 'exec 16 (/system/bin/kcmdlinectrl store binder unset)' (pid 711) exited with status 0 waiting took 0.020000 seconds
[    7.415751] init: Sending SIGKILL to service 'exec 16 (/system/bin/kcmdlinectrl store binder unset)' (pid 711) process group...
[    7.416070] libprocessgroup: Removed cgroup /sys/fs/cgroup/system/uid_0/pid_711
[    7.416233] init: processing action (ro.debuggable=1) from (/system/etc/init/llkd-debuggable.rc:1)
[    7.416696] init: processing action (ro.debuggable=*) from (/system/etc/init/llkd.rc:2)
[    7.416998] init: processing action (debug.atrace.user_initiated= && persist.traced.enable=1) from (/system/etc/init/perfetto.rc:64)
[    7.417340] init: starting service 'traced_probes'...
[    7.419375] libprocessgroup: Created cgroup /sys/fs/cgroup/system/uid_9999/pid_712
[    7.422589] init: ... started service 'traced_probes' has pid 712
[    7.422833] init: processing action (persist.traced.enable=1) from (/system/etc/init/perfetto.rc:76)
[    7.426809] init: starting service 'traced'...
[    7.427011] init: Created socket '/dev/socket/traced_consumer', mode 666, user 0, group 0
[    7.427217] init: Created socket '/dev/socket/traced_producer', mode 666, user 0, group 0
[    7.430630] libprocessgroup: Created cgroup /sys/fs/cgroup/system/uid_9999/pid_714
[    7.435193] init: ... started service 'traced' has pid 714
[    7.435383] init: service 'traced_probes' requested start, but it is already running (flags: 132, pid: 712, started 16ms ago)
[    7.435634] init: processing action (ro.persistent_properties.ready=true) from (/system/etc/init/perfetto.rc:129)
[    7.435805] init: processing action (persist.debug.perfetto.persistent_sysui_tracing_for_bugreport=) from (/system/etc/init/perfetto.rc:188)
[    7.437599] servicemanager: Caller(pid=678,uid=1041,sid=u:r:audioserver:s0) Found android.hardware.audio.core.IModule/default in device VINTF manifest.
[    7.438341] servicemanager: Caller(pid=678,uid=1041,sid=u:r:audioserver:s0) Found android.hardware.audio.effect.IFactory/default in device VINTF manifest.
[    7.438816] init: processing action (persist.traced_perf.enable= && sys.init.perf_lsm_hooks=1 && traced.lazy.traced_perf=) from (/system/etc/init/traced_perf.rc:44)
[    7.440482] init: processing action (ro.boot.slot_suffix=*) from (/system/etc/init/update_engine.rc:9)
[    7.440687] init: processing action (hidl_memory.disabled=true) from (/system_ext/etc/init/android.hidl.allocator@1.0-service.rc:6)
[    7.445248] init: processing action (hwservicemanager.disabled=true) from (/system_ext/etc/init/hwservicemanager.rc:14)
[    7.445495] init: Sending SIGKILL to service 'hwservicemanager' (pid 398) process group...
[    7.454942] libprocessgroup: Removed cgroup /sys/fs/cgroup/system/uid_1000/pid_398
[    7.455238] init: Service 'hwservicemanager' (pid 398) received SIGKILL
[    7.455387] init: Sending SIGKILL to service 'hwservicemanager' (pid 398) process group...
[    7.455541] libprocessgroup: Failed to write 1 to /sys/fs/cgroup/system/uid_1000/pid_398/cgroup.kill: No such file or directory
[    7.456014] init: processing action (apex.all.ready=true) from (/apex/com.google.cf.input.config/etc/com.google.cf.input.config.rc:1)
[    7.457415] init: processing action (nonencrypted) from (/system/etc/init/hw/init.rc:1227)
[    7.459322] init: service 'zygote' requested start, but it is already running (flags: 4, pid: 596, started 931ms ago)
[    7.459602] init: starting service 'cameraserver'...
[    7.465495] libprocessgroup: Created cgroup /sys/fs/cgroup/system/uid_1047/pid_719
[    7.466825] init: ... started service 'cameraserver' has pid 719
[    7.466996] init: service 'drm' requested start, but it is already running (flags: 132, pid: 710, started 85ms ago)
[    7.467272] init: starting service 'idmap2d'...
[    7.470805] libprocessgroup: Created cgroup /sys/fs/cgroup/system/uid_1000/pid_721
[    7.473529] init: ... started service 'idmap2d' has pid 721
[    7.473710] init: starting service 'incidentd'...
[    7.478281] servicemanager: Caller(pid=678,uid=1041,sid=u:r:audioserver:s0) Found android.hardware.audio.effect.IFactory/default in device VINTF manifest.
[    7.478679] servicemanager: Caller(pid=677,uid=1047,sid=u:r:hal_camera_default:s0) Found android.hardware.camera.provider.ICameraProvider/internal/0 in device VINTF manifest.
[    7.479073] servicemanager: Caller(pid=678,uid=1041,sid=u:r:audioserver:s0) Found android.hardware.audio.core.IModule/default in device VINTF manifest.
[    7.479494] libprocessgroup: Created cgroup /sys/fs/cgroup/system/uid_1067
[    7.479988] libprocessgroup: Created cgroup /sys/fs/cgroup/system/uid_1067/pid_723
[    7.483513] init: ... started service 'incidentd' has pid 723
[    7.483830] init: starting service 'installd'...
[    7.498069] libprocessgroup: Created cgroup /sys/fs/cgroup/system/uid_0/pid_725
[    7.499454] init: ... started service 'installd' has pid 725
[    7.499700] init: starting service 'mediaextractor'...
[    7.515798] libprocessgroup: Created cgroup /sys/fs/cgroup/system/uid_1040
[    7.516745] libprocessgroup: Created cgroup /sys/fs/cgroup/system/uid_1040/pid_728
[    7.528180] init: ... started service 'mediaextractor' has pid 728
[    7.528599] init: starting service 'mediametrics'...
[    7.534810] libprocessgroup: Created cgroup /sys/fs/cgroup/system/uid_1013/pid_730
[    7.539275] init: ... started service 'mediametrics' has pid 730
[    7.539785] init: starting service 'media'...
[    7.550901] libprocessgroup: Created cgroup /sys/fs/cgroup/system/uid_1013/pid_737
[    7.555248] init: ... started service 'media' has pid 737
[    7.556508] init: service 'netd' requested start, but it is already running (flags: 132, pid: 594, started 1041ms ago)
[    7.556929] init: starting service 'storaged'...
[    7.557573] libprocessgroup: Created cgroup /sys/fs/cgroup/system/uid_0/pid_739
[    7.564611] init: ... started service 'storaged' has pid 739
[    7.564847] init: starting service 'seriallogging'...
[    7.572916] libprocessgroup: Created cgroup /sys/fs/cgroup/system/uid_1036/pid_740
[    7.573915] init: ... started service 'seriallogging' has pid 740
[    7.575030] init: starting service 'media.swcodec'...
[    7.582910] libprocessgroup: Created cgroup /sys/fs/cgroup/system/uid_1046
[    7.583444] libprocessgroup: Created cgroup /sys/fs/cgroup/system/uid_1046/pid_741
[    7.587417] init: ... started service 'media.swcodec' has pid 741
[    7.587575] init: service 'statsd' requested start, but it is already running (flags: 4, pid: 595, started 1068ms ago)
[    7.594077] init: starting service 'vendor.ril-daemon'...
[    7.595561] libprocessgroup: Created cgroup /sys/fs/cgroup/system/uid_1001
[    7.604414] libprocessgroup: Created cgroup /sys/fs/cgroup/system/uid_1001/pid_742
[    7.616050] init: ... started service 'vendor.ril-daemon' has pid 742
[    7.616326] init: Command 'class_start main' action=nonencrypted (/system/etc/init/hw/init.rc:1228) took 156ms and succeeded
[    7.616810] init: starting service 'gatekeeperd'...
[    7.618085] libprocessgroup: Created cgroup /sys/fs/cgroup/system/uid_1000/pid_744
[    7.628184] servicemanager: Caller(pid=689,uid=1000,sid=u:r:surfaceflinger:s0) Found android.hardware.graphics.allocator.IAllocator/default in device VINTF manifest.
[    7.628904] servicemanager: Caller(pid=689,uid=1000,sid=u:r:surfaceflinger:s0) Found android.hardware.graphics.allocator.IAllocator/default in device VINTF manifest.
[    7.629314] servicemanager: Caller(pid=689,uid=1000,sid=u:r:surfaceflinger:s0) Found mapper/minigbm in device VINTF manifest.
[    7.645361] logd: logdr: UID=1036 GID=0 PID=740 b tail=0 logMask=bf pid=0 start=0ns deadline=0ns
[    7.675303] init: ... started service 'gatekeeperd' has pid 744
[    7.678942] init: service 'traced' requested start, but it is already running (flags: 132, pid: 714, started 245ms ago)
[    7.679186] init: service 'traced_probes' requested start, but it is already running (flags: 132, pid: 712, started 259ms ago)
[    7.679463] init: starting service 'update_engine'...
[    7.702383] libprocessgroup: Created cgroup /sys/fs/cgroup/system/uid_0/pid_749
[    7.712537] init: ... started service 'update_engine' has pid 749
[    7.712810] init: starting service 'usbd'...
[    7.714094] libprocessgroup: Created cgroup /sys/fs/cgroup/system/uid_0/pid_750
[    7.737626] init: ... started service 'usbd' has pid 750
[    7.737894] init: starting service 'tombstone_transmit'...
[    7.757760] servicemanager: Caller(pid=749,uid=0,sid=u:r:update_engine:s0) Found android.hardware.boot.IBootControl/default in device VINTF manifest.
[    7.761197] libprocessgroup: Created cgroup /sys/fs/cgroup/system/uid_0/pid_751
[    7.783651] servicemanager: Caller(pid=689,uid=1000,sid=u:r:surfaceflinger:s0) Found android.hardware.graphics.composer3.IComposer/default in device VINTF manifest.
[    7.794133] init: ... started service 'tombstone_transmit' has pid 751
[    7.794527] init: Command 'class_start late_start' action=nonencrypted (/system/etc/init/hw/init.rc:1229) took 177ms and succeeded
[    7.794966] init: processing action (load_persist_props_action) from (/system/etc/init/flags_health_check.rc:1)
[    7.800224] servicemanager: Caller(pid=627,uid=1000,sid=u:r:hal_graphics_composer_default:s0) Found android.hardware.graphics.allocator.IAllocator/default in device VINTF manifest.
[    7.801161] servicemanager: Caller(pid=627,uid=1000,sid=u:r:hal_graphics_composer_default:s0) Found android.hardware.graphics.allocator.IAllocator/default in device VINTF manifest.
[    7.801648] servicemanager: Caller(pid=627,uid=1000,sid=u:r:hal_graphics_composer_default:s0) Found mapper/minigbm in device VINTF manifest.
[    7.805674] init: Encryption policy of /data/server_configurable_flags set to 2ccd2bef278f8d122f7fd8f4d9631591 v2 modes 1/10 flags 0xa
[    7.806142] init: starting service 'exec 17 (/system/bin/flags_health_check BOOT_FAILURE)'...
[    7.823625] servicemanager: Caller(pid=744,uid=1000,sid=u:r:gatekeeperd:s0) Found android.hardware.gatekeeper.IGatekeeper/default in device VINTF manifest.
[    7.835809] libprocessgroup: Created cgroup /sys/fs/cgroup/system/uid_1000/pid_753
[    7.836700] init: ... started service 'exec 17 (/system/bin/flags_health_check BOOT_FAILURE)' has pid 753
[    7.836996] init: SVC_EXEC service 'exec 17 (/system/bin/flags_health_check BOOT_FAILURE)' pid 753 (uid 1000 gid 1000+0 context default) started; waiting...
[    7.885688] servicemanager: Caller(pid=742,uid=1001,sid=u:r:libcuttlefish_rild:s0) Found android.hardware.radio.ims.media.IImsMedia/default in device VINTF manifest.
[    7.887162] servicemanager: Caller(pid=742,uid=1001,sid=u:r:libcuttlefish_rild:s0) Found android.hardware.radio.config.IRadioConfig/default in device VINTF manifest.
[    7.887821] init: service 'adbd' requested start, but it is already running (flags: 132, pid: 699, started 578ms ago)
[    7.888090] init: Control message: Processed ctl.start for 'adbd' from pid: 750 (/system/bin/usbd)
[    7.898602] servicemanager: Caller(pid=742,uid=1001,sid=u:r:libcuttlefish_rild:s0) Found android.hardware.radio.data.IRadioData/slot1 in device VINTF manifest.
[    7.899204] servicemanager: Caller(pid=742,uid=1001,sid=u:r:libcuttlefish_rild:s0) Found android.hardware.radio.ims.IRadioIms/slot1 in device VINTF manifest.
[    7.899888] servicemanager: Caller(pid=750,uid=0,sid=u:r:usbd:s0) Could not find android.hardware.usb.gadget.IUsbGadget/default in the VINTF manifest. No alternative instances declared in VINTF.
[    7.902597] init: Service 'usbd' (pid 750) exited with status 0 oneshot service took 0.188000 seconds in background
[    7.903307] init: Sending SIGKILL to service 'usbd' (pid 750) process group...
[    7.904171] libprocessgroup: Removed cgroup /sys/fs/cgroup/system/uid_0/pid_750
[    7.914720] servicemanager: Caller(pid=742,uid=1001,sid=u:r:libcuttlefish_rild:s0) Found android.hardware.radio.messaging.IRadioMessaging/slot1 in device VINTF manifest.
[    7.915629] servicemanager: Caller(pid=742,uid=1001,sid=u:r:libcuttlefish_rild:s0) Found android.hardware.radio.modem.IRadioModem/slot1 in device VINTF manifest.
[    7.919222] servicemanager: Caller(pid=742,uid=1001,sid=u:r:libcuttlefish_rild:s0) Found android.hardware.radio.network.IRadioNetwork/slot1 in device VINTF manifest.
[    7.920284] VIRTUAL_DEVICE_DISPLAY_POWER_MODE_CHANGED display=0 mode=ON
[    7.920752] init: Service 'exec 17 (/system/bin/flags_health_check BOOT_FAILURE)' (pid 753) exited with status 0 waiting took 0.085000 seconds
[    7.920998] init: Sending SIGKILL to service 'exec 17 (/system/bin/flags_health_check BOOT_FAILURE)' (pid 753) process group...
[    7.921012] servicemanager: Caller(pid=742,uid=1001,sid=u:r:libcuttlefish_rild:s0) Found android.hardware.radio.sim.IRadioSim/slot1 in device VINTF manifest.
[    7.921315] libprocessgroup: Removed cgroup /sys/fs/cgroup/system/uid_1000/pid_753
[    7.921778] init: processing action (load_persist_props_action) from (/system/etc/init/logcatd.rc:29)
[    7.923344] servicemanager: Caller(pid=742,uid=1001,sid=u:r:libcuttlefish_rild:s0) Found android.hardware.radio.voice.IRadioVoice/slot1 in device VINTF manifest.
[    7.924048] init: processing action (llk.enable=0) from (/system/etc/init/llkd.rc:12)
[    7.924478] servicemanager: Caller(pid=742,uid=1001,sid=u:r:libcuttlefish_rild:s0) Found android.hardware.radio.sap.ISap/slot1 in device VINTF manifest.
[    7.940380] init: processing action (khungtask.enable=1) from (/system/etc/init/llkd.rc:18)
[    7.950577] init: processing action (llk.enable=0) from (/system/etc/init/llkd.rc:12)
[    7.954634] init: processing action (khungtask.enable=0) from (/system/etc/init/llkd.rc:21)
[    7.955310] init: processing action (init.svc.media=*) from (/system/etc/init/mediaserver.rc:1)
[    7.956493] init: processing action (khungtask.enable=true) from (/system/etc/init/llkd.rc:25)
[    7.957041] init: processing action (khungtask.enable=false) from (/system/etc/init/llkd.rc:31)
[    7.980030] servicemanager: Caller(pid=739,uid=0,sid=u:r:storaged:s0) Found android.hardware.health.IHealth/default in device VINTF manifest.
[    8.025702] VIRTUAL_DEVICE_DISPLAY_POWER_MODE_CHANGED display=0 mode=ON
[    8.028939] init: starting service 'bootanim'...
[    8.031711] libprocessgroup: Created cgroup /sys/fs/cgroup/system/uid_1003
[    8.032388] libprocessgroup: Created cgroup /sys/fs/cgroup/system/uid_1003/pid_772
[    8.037888] init: ... started service 'bootanim' has pid 772
[    8.038068] init: Control message: Processed ctl.start for 'bootanim' from pid: 689 (/system/bin/surfaceflinger)
[    8.064399] servicemanager: Caller(pid=678,uid=1041,sid=u:r:audioserver:s0) Found android.hardware.audio.effect.IFactory/default in device VINTF manifest.
[    8.064926] servicemanager: Caller(pid=678,uid=1041,sid=u:r:audioserver:s0) Found android.hardware.audio.core.IModule/default in device VINTF manifest.
[    8.086902] servicemanager: Caller(pid=678,uid=1041,sid=u:r:audioserver:s0) Found android.system.suspend.ISystemSuspend/default in framework VINTF manifest.
[    8.132146] servicemanager: Caller(pid=741,uid=1046,sid=u:r:mediaswcodec:s0) Found android.hardware.media.c2.IComponentStore/software in framework VINTF manifest.
[    8.134294] servicemanager: Caller(pid=741,uid=1046,sid=u:r:mediaswcodec:s0) Found android.hardware.media.c2.IComponentStore/software in framework VINTF manifest.
[    8.135282] servicemanager: Caller(pid=741,uid=1046,sid=u:r:mediaswcodec:s0) Could not find android.hardware.media.c2.IComponentStore/default in the VINTF manifest. No alternative instances declared in VINTF.
[    8.257219] servicemanager: Caller(pid=678,uid=1041,sid=u:r:audioserver:s0) Found android.hardware.audio.effect.IFactory/default in device VINTF manifest.
[    8.257727] servicemanager: Caller(pid=678,uid=1041,sid=u:r:audioserver:s0) Found android.hardware.audio.core.IModule/default in device VINTF manifest.
[    8.260478] servicemanager: Caller(pid=678,uid=1041,sid=u:r:audioserver:s0) Since 'activity' could not be found trying to start it as a lazy AIDL service. (if it's not configured to be a lazy service, it may be stuck starting or still starting).
[    8.261853] init: Control message: Could not find 'aidl/activity' for ctl.interface_start from pid: 397 (/system/bin/servicemanager)
[    8.262279] servicemanager: Caller(pid=678,uid=1041,sid=u:r:audioserver:s0) Tried to start aidl service activity as a lazy service, but was unable to. Usually this happens when a service is not installed, but if the service is intended to be used as a lazy service, then it may be configured incorrectly.
[    8.432624] servicemanager: Notifying apexservice they don't (previously: do) have clients when we now have no record of a client
[    8.435570] libbinder.AidlLazyServiceRegistrar: Process has 0 (of 1 available) client(s) in use after notification apexservice has clients: 0
[    8.435990] libbinder.AidlLazyServiceRegistrar: Shutdown prevented by forcePersist override flag.
[    8.659581] servicemanager: Caller(pid=737,uid=1013,sid=u:r:mediaserver:s0) Since 'media.codeclist.generator' could not be found trying to start it as a lazy AIDL service. (if it's not configured to be a lazy service, it may be stuck starting or still starting).
[    8.661229] init: starting service 'media.codeclist.generator'...
[    8.669528] libprocessgroup: Created cgroup /sys/fs/cgroup/system/uid_1013/pid_812
[    8.675049] init: ... started service 'media.codeclist.generator' has pid 812
[    8.675228] init: Control message: Processed ctl.interface_start for 'aidl/media.codeclist.generator' from pid: 397 (/system/bin/servicemanager)
[    8.753134] libbinder.BpBinder: onLastStrongRef automatically unlinking death recipients for binder (0x725d2ce18540) with descriptor: '(not cached)'
[    8.754573] servicemanager: Notifying media.codeclist.generator they do (previously: don't) have clients when we now have a record of a client
[    8.779101] servicemanager: Caller(pid=812,uid=1013,sid=u:r:mediacodeclist_generator:s0) Found android.hardware.media.c2.IComponentStore/software in framework VINTF manifest.
[    8.799041] servicemanager: Caller(pid=741,uid=1046,sid=u:r:mediaswcodec:s0) Found android.hardware.graphics.allocator.IAllocator/default in device VINTF manifest.
[    8.804944] servicemanager: Caller(pid=741,uid=1046,sid=u:r:mediaswcodec:s0) Found android.hardware.graphics.allocator.IAllocator/default in device VINTF manifest.
[    8.805714] servicemanager: Caller(pid=741,uid=1046,sid=u:r:mediaswcodec:s0) Found mapper/minigbm in device VINTF manifest.
[    9.008660] servicemanager: Caller(pid=772,uid=1003,sid=u:r:bootanim:s0) Found android.hardware.graphics.allocator.IAllocator/default in device VINTF manifest.
[    9.013452] servicemanager: Caller(pid=772,uid=1003,sid=u:r:bootanim:s0) Found android.hardware.graphics.allocator.IAllocator/default in device VINTF manifest.
[    9.013874] servicemanager: Caller(pid=772,uid=1003,sid=u:r:bootanim:s0) Found mapper/minigbm in device VINTF manifest.
[    9.020468] servicemanager: Caller(pid=719,uid=1047,sid=u:r:cameraserver:s0) Found android.frameworks.cameraservice.service.ICameraService/default in framework VINTF manifest.
[    9.021136] servicemanager: Caller(pid=719,uid=1047,sid=u:r:cameraserver:s0) Found android.frameworks.cameraservice.service.ICameraService/default in framework VINTF manifest.
[    9.261896] servicemanager: Caller(pid=678,uid=1041,sid=u:r:audioserver:s0) Since 'activity' could not be found trying to start it as a lazy AIDL service. (if it's not configured to be a lazy service, it may be stuck starting or still starting).
[    9.266571] init: Control message: Could not find 'aidl/activity' for ctl.interface_start from pid: 397 (/system/bin/servicemanager)
[    9.267108] servicemanager: Caller(pid=678,uid=1041,sid=u:r:audioserver:s0) Tried to start aidl service activity as a lazy service, but was unable to. Usually this happens when a service is not installed, but if the service is intended to be used as a lazy service, then it may be configured incorrectly.
[   10.270692] servicemanager: Caller(pid=678,uid=1041,sid=u:r:audioserver:s0) Since 'activity' could not be found trying to start it as a lazy AIDL service. (if it's not configured to be a lazy service, it may be stuck starting or still starting).
[   10.280653] init: Control message: Could not find 'aidl/activity' for ctl.interface_start from pid: 397 (/system/bin/servicemanager)
[   10.281296] servicemanager: Caller(pid=678,uid=1041,sid=u:r:audioserver:s0) Tried to start aidl service activity as a lazy service, but was unable to. Usually this happens when a service is not installed, but if the service is intended to be used as a lazy service, then it may be configured incorrectly.
[   10.875732] servicemanager: Notifying apexservice they do (previously: don't) have clients when service is guaranteed to be in use
[   10.877025] libbinder.AidlLazyServiceRegistrar: Process has 1 (of 1 available) client(s) in use after notification apexservice has clients: 1
[   10.877302] apexd: getActivePackages received by ApexService
[   10.877316] libbinder.AidlLazyServiceRegistrar: Shutdown prevented by forcePersist override flag.
[   10.976277] servicemanager: Caller(pid=836,uid=1000,sid=u:r:system_server:s0) Found android.hardware.power.stats.IPowerStats/default in device VINTF manifest.
[   10.977658] servicemanager: Caller(pid=836,uid=1000,sid=u:r:system_server:s0) Found android.frameworks.stats.IStats/default in framework VINTF manifest.
[   10.978345] servicemanager: Caller(pid=836,uid=1000,sid=u:r:system_server:s0) Found android.hardware.memtrack.IMemtrack/default in device VINTF manifest.
[   11.064072] servicemanager: Caller(pid=836,uid=1000,sid=u:r:system_server:s0) Found android.system.suspend.ISystemSuspend/default in framework VINTF manifest.
[   11.067748] servicemanager: Caller(pid=836,uid=1000,sid=u:r:system_server:s0) Found android.hardware.power.IPower/default in device VINTF manifest.
[   11.076075] servicemanager: Caller(pid=836,uid=1000,sid=u:r:system_server:s0) Found android.hardware.light.ILights/default in device VINTF manifest.
[   11.177613] init: processing action (ro.postinstall.fstab.prefix=/system && sys.cppreopt=requested) from (/system/etc/init/cppreopts.rc:26)
[   11.181964] init: [libfs_mgr] Invalid ext4 superblock on '/dev/block/dm-2'
[   11.193755] init: [libfs_mgr] mount_with_alternatives(): skipping mount due to invalid magic, mountpoint=/postinstall blk_dev=/dev/block/dm-2 rec[0].fs_type=ext4
[   11.198995] erofs: (device dm-2): mounted with root inode @ nid 38.
[   11.199656] init: [libfs_mgr] __mount(source=/dev/block/dm-2,target=/postinstall,type=erofs)=0: Success
[   11.200502] init: [libfs_mgr] mount_with_alternatives(): Mounted /dev/block/dm-2 on /postinstall with fs_type=erofs instead of ext4
[   11.200875] init: [libfs_mgr] mount_with_alternatives(): skipping fstab dup mountpoint=/postinstall rec[2].fs_type=ext4 already mounted as erofs
[   11.201153] init: [libfs_mgr] mount_with_alternatives(): skipping fstab dup mountpoint=/postinstall rec[3].fs_type=erofs already mounted as erofs
[   11.201416] init: [libfs_mgr] mount_with_alternatives(): skipping fstab dup mountpoint=/postinstall rec[4].fs_type=ext4 already mounted as erofs
[   11.201680] init: [libfs_mgr] mount_with_alternatives(): skipping fstab dup mountpoint=/postinstall rec[5].fs_type=erofs already mounted as erofs
[   11.207604] init: Unable to set property 'ro.crypto.state' from uid:0 gid:0 pid:1: Read-only property was already set
[   11.216647] init: starting service 'cppreopts'...
[   11.223443] libprocessgroup: Created cgroup /sys/fs/cgroup/system/uid_0/pid_895
[   11.225249] init: ... started service 'cppreopts' has pid 895
[   11.225426] init: SVC_EXEC service 'cppreopts' pid 895 (uid 0 gid 0+0 context default) started; waiting...
[   11.279721] servicemanager: Caller(pid=678,uid=1041,sid=u:r:audioserver:s0) Since 'activity' could not be found trying to start it as a lazy AIDL service. (if it's not configured to be a lazy service, it may be stuck starting or still starting).
[   11.282366] init: Control message: Could not find 'aidl/activity' for ctl.interface_start from pid: 397 (/system/bin/servicemanager)
[   11.283326] servicemanager: Caller(pid=678,uid=1041,sid=u:r:audioserver:s0) Tried to start aidl service activity as a lazy service, but was unable to. Usually this happens when a service is not installed, but if the service is intended to be used as a lazy service, then it may be configured incorrectly.
[   12.394559] servicemanager: Caller(pid=678,uid=1041,sid=u:r:audioserver:s0) Since 'activity' could not be found trying to start it as a lazy AIDL service. (if it's not configured to be a lazy service, it may be stuck starting or still starting).
[   12.423478] init: Control message: Could not find 'aidl/activity' for ctl.interface_start from pid: 397 (/system/bin/servicemanager)
[   12.424199] servicemanager: Caller(pid=678,uid=1041,sid=u:r:audioserver:s0) Tried to start aidl service activity as a lazy service, but was unable to. Usually this happens when a service is not installed, but if the service is intended to be used as a lazy service, then it may be configured incorrectly.
[   13.490809] servicemanager: Notifying media.codeclist.generator they don't (previously: do) have clients when we now have no record of a client
[   13.512556] servicemanager: Caller(pid=812,uid=1013,sid=u:r:mediacodeclist_generator:s0) Unregistering media.codeclist.generator
[   13.657750] libbinder.BpBinder: onLastStrongRef automatically unlinking death recipients for binder (0x725d2ce18070) with descriptor: '(not cached)'
[   13.907023] servicemanager: Caller(pid=678,uid=1041,sid=u:r:audioserver:s0) Since 'activity' could not be found trying to start it as a lazy AIDL service. (if it's not configured to be a lazy service, it may be stuck starting or still starting).
[   14.296284] init: Control message: Could not find 'aidl/activity' for ctl.interface_start from pid: 397 (/system/bin/servicemanager)
[   14.396392] servicemanager: Caller(pid=678,uid=1041,sid=u:r:audioserver:s0) Tried to start aidl service activity as a lazy service, but was unable to. Usually this happens when a service is not installed, but if the service is intended to be used as a lazy service, then it may be configured incorrectly.
[   15.057753] servicemanager: Caller(pid=678,uid=1041,sid=u:r:audioserver:s0) Since 'activity' could not be found trying to start it as a lazy AIDL service. (if it's not configured to be a lazy service, it may be stuck starting or still starting).
[   15.318651] init: Service 'media.codeclist.generator' (pid 812) exited with status 0 oneshot service took 6.650000 seconds in background
[   15.318972] init: Sending SIGKILL to service 'media.codeclist.generator' (pid 812) process group...
[   15.319617] libprocessgroup: Removed cgroup /sys/fs/cgroup/system/uid_1013/pid_812
[   15.575009] init: Control message: Could not find 'aidl/activity' for ctl.interface_start from pid: 397 (/system/bin/servicemanager)
[   15.578056] servicemanager: Caller(pid=678,uid=1041,sid=u:r:audioserver:s0) Tried to start aidl service activity as a lazy service, but was unable to. Usually this happens when a service is not installed, but if the service is intended to be used as a lazy service, then it may be configured incorrectly.
[   16.193266] servicemanager: Caller(pid=678,uid=1041,sid=u:r:audioserver:s0) Since 'activity' could not be found trying to start it as a lazy AIDL service. (if it's not configured to be a lazy service, it may be stuck starting or still starting).
[   16.267474] init: Control message: Could not find 'aidl/activity' for ctl.interface_start from pid: 397 (/system/bin/servicemanager)
[   16.268843] servicemanager: Caller(pid=678,uid=1041,sid=u:r:audioserver:s0) Tried to start aidl service activity as a lazy service, but was unable to. Usually this happens when a service is not installed, but if the service is intended to be used as a lazy service, then it may be configured incorrectly.
[   16.369399] init: Service 'cppreopts' (pid 895) exited with status 0 waiting took 5.146000 seconds
[   16.370268] init: Sending SIGKILL to service 'cppreopts' (pid 895) process group...
[   16.372514] libprocessgroup: Removed cgroup /sys/fs/cgroup/system/uid_0/pid_895
[   16.373304] init: starting service 'exec 18 (/system/bin/preloads_copy.sh /postinstall)'...
[   16.375537] libprocessgroup: Created cgroup /sys/fs/cgroup/system/uid_1000/pid_2341
[   16.377912] init: ... started service 'exec 18 (/system/bin/preloads_copy.sh /postinstall)' has pid 2341
[   16.378240] init: SVC_EXEC service 'exec 18 (/system/bin/preloads_copy.sh /postinstall)' pid 2341 (uid 1000 gid 1000+0 context default) started; waiting...
[   16.434560] init: Service 'exec 18 (/system/bin/preloads_copy.sh /postinstall)' (pid 2341) exited with status 0 waiting took 0.060000 seconds
[   16.434989] init: Sending SIGKILL to service 'exec 18 (/system/bin/preloads_copy.sh /postinstall)' (pid 2341) process group...
[   16.435441] libprocessgroup: Removed cgroup /sys/fs/cgroup/system/uid_1000/pid_2341
[   16.442658] init: processing action (nonencrypted) from (/system/etc/init/hw/init.rc:1227)
[   16.442911] init: service 'zygote' requested start, but it is already running (flags: 4, pid: 596, started 9915ms ago)
[   16.443066] init: service 'cameraserver' requested start, but it is already running (flags: 4, pid: 719, started 8982ms ago)
[   16.443235] init: service 'drm' requested start, but it is already running (flags: 132, pid: 710, started 9062ms ago)
[   16.443372] init: service 'idmap2d' requested start, but it is already running (flags: 4, pid: 721, started 8973ms ago)
[   16.443518] init: service 'incidentd' requested start, but it is already running (flags: 4, pid: 723, started 8967ms ago)
[   16.443666] init: service 'installd' requested start, but it is already running (flags: 4, pid: 725, started 8948ms ago)
[   16.443966] init: service 'mediaextractor' requested start, but it is already running (flags: 4, pid: 728, started 8928ms ago)
[   16.444116] init: service 'mediametrics' requested start, but it is already running (flags: 4, pid: 730, started 8912ms ago)
[   16.444355] init: service 'media' requested start, but it is already running (flags: 4, pid: 737, started 8893ms ago)
[   16.444487] init: service 'netd' requested start, but it is already running (flags: 132, pid: 594, started 9929ms ago)
[   16.444654] init: service 'storaged' requested start, but it is already running (flags: 4, pid: 739, started 8887ms ago)
[   16.444869] init: service 'seriallogging' requested start, but it is already running (flags: 4, pid: 740, started 8872ms ago)
[   16.445032] init: service 'media.swcodec' requested start, but it is already running (flags: 4, pid: 741, started 8862ms ago)
[   16.445191] init: service 'statsd' requested start, but it is already running (flags: 4, pid: 595, started 9925ms ago)
[   16.445352] init: service 'vendor.ril-daemon' requested start, but it is already running (flags: 4, pid: 742, started 8850ms ago)
[   16.445525] init: service 'gatekeeperd' requested start, but it is already running (flags: 4, pid: 744, started 8827ms ago)
[   16.445655] init: service 'traced' requested start, but it is already running (flags: 132, pid: 714, started 9015ms ago)
[   16.445797] init: service 'traced_probes' requested start, but it is already running (flags: 132, pid: 712, started 9026ms ago)
[   16.445957] init: service 'update_engine' requested start, but it is already running (flags: 4, pid: 749, started 8743ms ago)
[   16.446200] init: service 'tombstone_transmit' requested start, but it is already running (flags: 4, pid: 751, started 8685ms ago)
[   16.463179] apexd: getAllPackages received by ApexService
[   17.211499] servicemanager: Caller(pid=678,uid=1041,sid=u:r:audioserver:s0) Since 'activity' could not be found trying to start it as a lazy AIDL service. (if it's not configured to be a lazy service, it may be stuck starting or still starting).
[   17.214965] init: Control message: Could not find 'aidl/activity' for ctl.interface_start from pid: 397 (/system/bin/servicemanager)
[   17.216209] servicemanager: Caller(pid=678,uid=1041,sid=u:r:audioserver:s0) Tried to start aidl service activity as a lazy service, but was unable to. Usually this happens when a service is not installed, but if the service is intended to be used as a lazy service, then it may be configured incorrectly.
[   17.716474] libbinder.BpBinder: onLastStrongRef automatically unlinking death recipients for binder (0x725d2ce19720) with descriptor: '(not cached)'
[   17.717538] servicemanager: Caller(pid=678,uid=1041,sid=u:r:audioserver:s0) Since 'sensor_privacy' could not be found trying to start it as a lazy AIDL service. (if it's not configured to be a lazy service, it may be stuck starting or still starting).
[   17.718992] init: Control message: Could not find 'aidl/sensor_privacy' for ctl.interface_start from pid: 397 (/system/bin/servicemanager)
[   17.719326] servicemanager: Caller(pid=678,uid=1041,sid=u:r:audioserver:s0) Tried to start aidl service sensor_privacy as a lazy service, but was unable to. Usually this happens when a service is not installed, but if the service is intended to be used as a lazy service, then it may be configured incorrectly.
[   17.788062] libbinder.BpBinder: onLastStrongRef automatically unlinking death recipients for binder (0x725d2ce1b610) with descriptor: '(not cached)'
[   17.792915] servicemanager: Caller(pid=836,uid=1000,sid=u:r:system_server:s0) Found android.hardware.sensors.ISensors/default in device VINTF manifest.
[   17.795838] servicemanager: Caller(pid=836,uid=1000,sid=u:r:system_server:s0) Found android.hardware.health.IHealth/default in device VINTF manifest.
[   17.801153] healthd: battery none chg=
[   18.026469] servicemanager: Caller(pid=836,uid=1000,sid=u:r:system_server:s0) Found android.hardware.power.IPower/default in device VINTF manifest.
[   18.036502] servicemanager: Caller(pid=836,uid=1000,sid=u:r:system_server:s0) Found android.hardware.vibrator.IVibratorManager/default in device VINTF manifest.
[   18.038923] servicemanager: Caller(pid=836,uid=1000,sid=u:r:system_server:s0) Found android.hardware.vibrator.IVibratorManager/default in device VINTF manifest.
[   18.042046] servicemanager: Caller(pid=836,uid=1000,sid=u:r:system_server:s0) Found android.hardware.vibrator.IVibratorManager/default in device VINTF manifest.
[   18.046219] servicemanager: Caller(pid=836,uid=1000,sid=u:r:system_server:s0) Found android.frameworks.vibrator.IVibratorControlService/default in framework VINTF manifest.
[   18.050897] servicemanager: Caller(pid=836,uid=1000,sid=u:r:system_server:s0) Found android.frameworks.vibrator.IVibratorControlService/default in framework VINTF manifest.
[   18.052838] servicemanager: Caller(pid=836,uid=1000,sid=u:r:system_server:s0) Found android.hardware.ir.IConsumerIr/default in device VINTF manifest.
[   18.086162] servicemanager: Caller(pid=836,uid=1000,sid=u:r:system_server:s0) Found android.frameworks.devicestate.IDeviceStateService/default in framework VINTF manifest.
[   18.090014] servicemanager: Caller(pid=836,uid=1000,sid=u:r:system_server:s0) Found android.frameworks.devicestate.IDeviceStateService/default in framework VINTF manifest.
[   18.205111] servicemanager: Caller(pid=836,uid=1000,sid=u:r:system_server:s0) Found android.frameworks.sensorservice.ISensorManager/default in framework VINTF manifest.
[   18.317074] init: processing action (sys.sysctl.extra_free_kbytes=*) from (/system/etc/init/hw/init.rc:1246)
[   18.317647] init: starting service 'exec 19 (/system/bin/extra_free_kbytes.sh 11373)'...
[   18.322702] libprocessgroup: Created cgroup /sys/fs/cgroup/system/uid_0/pid_2397
[   18.326006] init: ... started service 'exec 19 (/system/bin/extra_free_kbytes.sh 11373)' has pid 2397
[   18.391345] servicemanager: Caller(pid=836,uid=1000,sid=u:r:system_server:s0) Since 'artd' could not be found trying to start it as a lazy AIDL service. (if it's not configured to be a lazy service, it may be stuck starting or still starting).
[   18.399030] init: starting service 'artd'...
[   18.409978] libprocessgroup: Created cgroup /sys/fs/cgroup/system/uid_1082
[   18.413690] libprocessgroup: Created cgroup /sys/fs/cgroup/system/uid_1082/pid_2410
[   18.415684] init: ... started service 'artd' has pid 2410
[   18.415911] init: Control message: Processed ctl.interface_start for 'aidl/artd' from pid: 397 (/system/bin/servicemanager)
[   18.440514] servicemanager: Notifying apexservice they don't (previously: do) have clients when we now have no record of a client
[   18.452234] libbinder.AidlLazyServiceRegistrar: Process has 0 (of 1 available) client(s) in use after notification apexservice has clients: 0
[   18.452619] libbinder.AidlLazyServiceRegistrar: Shutdown prevented by forcePersist override flag.
[   18.483130] libbinder.BpBinder: onLastStrongRef automatically unlinking death recipients for binder (0x725d2ce22af0) with descriptor: '(not cached)'
[   18.485663] servicemanager: Notifying artd they do (previously: don't) have clients when service is guaranteed to be in use
[   18.541616] init: Service 'exec 19 (/system/bin/extra_free_kbytes.sh 11373)' (pid 2397) exited with status 0 oneshot service took 0.219000 seconds in background
[   18.542048] init: Sending SIGKILL to service 'exec 19 (/system/bin/extra_free_kbytes.sh 11373)' (pid 2397) process group...
[   18.542638] libprocessgroup: Removed cgroup /sys/fs/cgroup/system/uid_0/pid_2397
[   23.457486] servicemanager: Caller(pid=407,uid=0,sid=u:r:vold:s0) Found android.system.suspend.ISystemSuspend/default in framework VINTF manifest.
[   23.465924] servicemanager: Caller(pid=836,uid=1000,sid=u:r:system_server:s0) Found android.hardware.oemlock.IOemLock/default in device VINTF manifest.
[   23.466784] servicemanager: Caller(pid=836,uid=1000,sid=u:r:system_server:s0) Found android.hardware.oemlock.IOemLock/default in device VINTF manifest.
[   23.572423] servicemanager: Caller(pid=836,uid=1000,sid=u:r:system_server:s0) Found android.hardware.wifi.IWifi/default in device VINTF manifest.
[   23.574312] servicemanager: Caller(pid=836,uid=1000,sid=u:r:system_server:s0) Found android.hardware.wifi.supplicant.ISupplicant/default in device VINTF manifest.
[   23.577537] servicemanager: Caller(pid=836,uid=1000,sid=u:r:system_server:s0) Found android.hardware.wifi.supplicant.ISupplicant/default in device VINTF manifest.
[   23.717761] servicemanager: Caller(pid=836,uid=1000,sid=u:r:system_server:s0) Found android.frameworks.location.altitude.IAltitudeService/default in framework VINTF manifest.
[   23.812306] servicemanager: Caller(pid=836,uid=1000,sid=u:r:system_server:s0) Could not find android.hardware.soundtrigger3.ISoundTriggerHw/default in the VINTF manifest. No alternative instances declared in VINTF.
[   23.824720] servicemanager: Caller(pid=836,uid=1000,sid=u:r:system_server:s0) Found android.hardware.thermal.IThermal/default in device VINTF manifest.
[   23.827389] servicemanager: Caller(pid=836,uid=1000,sid=u:r:system_server:s0) Could not find android.hardware.usb.gadget.IUsbGadget/default in the VINTF manifest. No alternative instances declared in VINTF.
[   23.847128] servicemanager: Caller(pid=836,uid=1000,sid=u:r:system_server:s0) Found android.hardware.usb.IUsb/default in device VINTF manifest.
[   23.854923] servicemanager: Caller(pid=836,uid=1000,sid=u:r:system_server:s0) Found android.hardware.contexthub.IContextHub/default in device VINTF manifest.
[   23.917906] servicemanager: Caller(pid=836,uid=1000,sid=u:r:system_server:s0) Found android.hardware.biometrics.fingerprint.IFingerprint/default in device VINTF manifest.
[   23.919318] servicemanager: Caller(pid=836,uid=1000,sid=u:r:system_server:s0) Since 'android.hardware.biometrics.fingerprint.IFingerprint/default' could not be found trying to start it as a lazy AIDL service. (if it's not configured to be a lazy service, it may be stuck starting or still starting).
[   23.920785] init: starting service 'vendor.fingerprint-default'...
[   23.922680] libprocessgroup: Created cgroup /sys/fs/cgroup/system/uid_9999/pid_2595
[   23.930795] servicemanager: Caller(pid=836,uid=1000,sid=u:r:system_server:s0) Found android.hardware.biometrics.face.IFace/default in device VINTF manifest.
[   23.931524] servicemanager: Caller(pid=836,uid=1000,sid=u:r:system_server:s0) Since 'android.hardware.biometrics.face.IFace/default' could not be found trying to start it as a lazy AIDL service. (if it's not configured to be a lazy service, it may be stuck starting or still starting).
[   23.936122] init: ... started service 'vendor.fingerprint-default' has pid 2595
[   23.936400] init: Control message: Processed ctl.interface_start for 'aidl/android.hardware.biometrics.fingerprint.IFingerprint/default' from pid: 397 (/system/bin/servicemanager)
[   23.937174] init: starting service 'vendor.face-default'...
[   23.938965] libprocessgroup: Created cgroup /sys/fs/cgroup/system/uid_9999/pid_2597
[   23.941471] init: ... started service 'vendor.face-default' has pid 2597
[   23.941638] init: Control message: Processed ctl.interface_start for 'aidl/android.hardware.biometrics.face.IFace/default' from pid: 397 (/system/bin/servicemanager)
[   23.953318] servicemanager: Caller(pid=2595,uid=9999,sid=u:r:hal_fingerprint_default:s0) Found android.hardware.biometrics.fingerprint.IFingerprint/default in device VINTF manifest.
[   23.953900] servicemanager: Notifying android.hardware.biometrics.fingerprint.IFingerprint/default they do (previously: don't) have clients when service is guaranteed to be in use
[   23.958684] libbinder.BpBinder: onLastStrongRef automatically unlinking death recipients for binder (0x725d2ce28d40) with descriptor: '(not cached)'
[   23.965047] servicemanager: Caller(pid=836,uid=1000,sid=u:r:system_server:s0) Found android.hardware.biometrics.fingerprint.IFingerprint/default in device VINTF manifest.
[   24.020490] servicemanager: Caller(pid=2597,uid=9999,sid=u:r:hal_face_default:s0) Found android.hardware.biometrics.face.IFace/default in device VINTF manifest.
[   24.021060] servicemanager: Notifying android.hardware.biometrics.face.IFace/default they do (previously: don't) have clients when service is guaranteed to be in use
[   24.022871] libbinder.BpBinder: onLastStrongRef automatically unlinking death recipients for binder (0x725d2ce2b100) with descriptor: '(not cached)'
[   24.042930] servicemanager: Caller(pid=836,uid=1000,sid=u:r:system_server:s0) Found android.hardware.biometrics.face.IFace/default in device VINTF manifest.
[   24.060500] servicemanager: Caller(pid=836,uid=1000,sid=u:r:system_server:s0) Found android.hardware.authsecret.IAuthSecret/default in device VINTF manifest.
[   24.198821] servicemanager: Caller(pid=836,uid=1000,sid=u:r:system_server:s0) Found android.hardware.wifi.IWifi/default in device VINTF manifest.
[   24.216528] servicemanager: Caller(pid=836,uid=1000,sid=u:r:system_server:s0) Since 'ot_daemon' could not be found trying to start it as a lazy AIDL service. (if it's not configured to be a lazy service, it may be stuck starting or still starting).
[   24.217950] init: starting service 'ot-daemon'...
[   24.219401] init: Created socket '/dev/socket/ot-daemon/thread-wpan.sock', mode 660, user 1084, group 1084
[   24.221200] libprocessgroup: Created cgroup /sys/fs/cgroup/system/uid_1084/pid_2623
[   24.231552] init: ... started service 'ot-daemon' has pid 2623
[   24.231784] init: Control message: Processed ctl.interface_start for 'aidl/ot_daemon' from pid: 397 (/system/bin/servicemanager)
[   24.234901] servicemanager: Caller(pid=836,uid=1000,sid=u:r:system_server:s0) Found android.hardware.health.IHealth/default in device VINTF manifest.
[   24.277827] servicemanager: Notifying ot_daemon they do (previously: don't) have clients when service is guaranteed to be in use
[   24.288265] libbinder.BpBinder: onLastStrongRef automatically unlinking death recipients for binder (0x725d2ce2c5a0) with descriptor: '(not cached)'
[   24.336038] servicemanager: Notifying apexservice they do (previously: don't) have clients when service is guaranteed to be in use
[   24.336405] libbinder.AidlLazyServiceRegistrar: Process has 1 (of 1 available) client(s) in use after notification apexservice has clients: 1
[   24.336763] libbinder.AidlLazyServiceRegistrar: Shutdown prevented by forcePersist override flag.
[   24.337108] apexd: getSessions() received by ApexService
[   24.388178] servicemanager: Caller(pid=836,uid=1000,sid=u:r:system_server:s0) Found android.hardware.bluetooth.lmp_event.IBluetoothLmpEvent/default in device VINTF manifest.
[   24.485720] servicemanager: Caller(pid=836,uid=1000,sid=u:r:system_server:s0) Found android.hardware.thermal.IThermal/default in device VINTF manifest.
[   24.492372] servicemanager: Caller(pid=836,uid=1000,sid=u:r:system_server:s0) Found android.hardware.input.processor.IInputProcessor/default in device VINTF manifest.
[   24.635646] type=1325 audit(1790904895.675:189): table=filter family=2 entries=81 op=xt_replace subj=u:r:netd:s0 comm="iptables-restor"
[   24.638554] type=1300 audit(1790904895.675:189): arch=c000003e syscall=54 success=yes exit=0 a0=4 a1=0 a2=40 a3=72f6ac81a430 items=0 ppid=594 auid=4294967295 uid=0 gid=0 euid=0 suid=0 fsuid=0 egid=0 sgid=0 fsgid=0 tty=(none) ses=4294967295 comm="iptables-restor" exe="/system/bin/iptables" subj=u:r:netd:s0 key=(null)
[   24.639170] type=1327 audit(1790904895.675:189): proctitle=2F73797374656D2F62696E2F69707461626C65732D726573746F7265002D2D6E6F666C757368002D77002D76
[   24.639561] type=1320 audit(1790904895.675:189): 
[   24.641051] type=1325 audit(1790904895.683:190): table=filter family=10 entries=81 op=xt_replace subj=u:r:netd:s0 comm="ip6tables-resto"
[   24.641292] type=1300 audit(1790904895.683:190): arch=c000003e syscall=54 success=yes exit=0 a0=4 a1=29 a2=40 a3=70237a804010 items=0 ppid=594 auid=4294967295 uid=0 gid=0 euid=0 suid=0 fsuid=0 egid=0 sgid=0 fsgid=0 tty=(none) ses=4294967295 comm="ip6tables-resto" exe="/system/bin/iptables" subj=u:r:netd:s0 key=(null)
[   24.641853] type=1327 audit(1790904895.683:190): proctitle=2F73797374656D2F62696E2F6970367461626C65732D726573746F7265002D2D6E6F666C757368002D77002D76
[   24.642080] type=1320 audit(1790904895.683:190): 
[   24.839234] servicemanager: Caller(pid=836,uid=1000,sid=u:r:system_server:s0) Found android.hardware.gnss.IGnss/default in device VINTF manifest.
[   24.842156] servicemanager: Caller(pid=836,uid=1000,sid=u:r:system_server:s0) Found android.hardware.media.c2.IComponentStore/software in framework VINTF manifest.
[   25.623706] servicemanager: Caller(pid=836,uid=1000,sid=u:r:system_server:s0) Could not find android.hardware.weaver.IWeaver/default in the VINTF manifest. No alternative instances declared in VINTF.
[   25.853650] android.hardware.gatekeeper-service.nonsecure: deleteAllUsers is unimplemented
[   25.988315] servicemanager: Caller(pid=2797,uid=1068,sid=u:r:secure_element:s0:c44,c260,c512,c768) Found android.hardware.secure_element.ISecureElement/eSE1 in device VINTF manifest.
[   26.000418] servicemanager: Caller(pid=2828,uid=10085,sid=u:r:platform_app:s0:c512,c768) Found android.hardware.graphics.allocator.IAllocator/default in device VINTF manifest.
[   26.001904] servicemanager: Caller(pid=2828,uid=10085,sid=u:r:platform_app:s0:c512,c768) Found android.hardware.graphics.allocator.IAllocator/default in device VINTF manifest.
[   26.002865] servicemanager: Caller(pid=2828,uid=10085,sid=u:r:platform_app:s0:c512,c768) Found mapper/minigbm in device VINTF manifest.
[   26.011643] servicemanager: Caller(pid=2797,uid=1068,sid=u:r:secure_element:s0:c44,c260,c512,c768) Could not find android.hardware.secure_element.ISecureElement/eSE2 in the VINTF manifest. VINTF declared instances: eSE1.
[   26.016132] servicemanager: Caller(pid=2797,uid=1068,sid=u:r:secure_element:s0:c44,c260,c512,c768) Could not find android.hardware.secure_element.ISecureElement/SIM1 in the VINTF manifest. VINTF declared instances: eSE1.
[   26.226263] servicemanager: Caller(pid=836,uid=1000,sid=u:r:system_server:s0) Found android.hardware.input.processor.IInputProcessor/default in device VINTF manifest.
[   26.372687] servicemanager: Caller(pid=2854,uid=1000,sid=u:r:system_app:s0) Found android.hardware.graphics.allocator.IAllocator/default in device VINTF manifest.
[   26.408532] servicemanager: Caller(pid=2854,uid=1000,sid=u:r:system_app:s0) Found android.hardware.graphics.allocator.IAllocator/default in device VINTF manifest.
[   26.409830] servicemanager: Caller(pid=2854,uid=1000,sid=u:r:system_app:s0) Found mapper/minigbm in device VINTF manifest.
[   26.560875] servicemanager: Caller(pid=2648,uid=10088,sid=u:r:platform_app:s0:c512,c768) Found android.hardware.graphics.allocator.IAllocator/default in device VINTF manifest.
[   26.580161] servicemanager: Caller(pid=2648,uid=10088,sid=u:r:platform_app:s0:c512,c768) Found android.hardware.graphics.allocator.IAllocator/default in device VINTF manifest.
[   26.581489] servicemanager: Caller(pid=2648,uid=10088,sid=u:r:platform_app:s0:c512,c768) Found mapper/minigbm in device VINTF manifest.
[   27.097113] servicemanager: Caller(pid=2783,uid=1002,sid=u:r:bluetooth:s0) Found android.hardware.bluetooth.IBluetoothHci/default in device VINTF manifest.
[   27.150893] servicemanager: Caller(pid=2783,uid=1002,sid=u:r:bluetooth:s0) Found android.hardware.bluetooth.ranging.IBluetoothChannelSounding/default in device VINTF manifest.
[   27.155236] servicemanager: Caller(pid=2785,uid=1027,sid=u:r:nfc:s0) Found android.system.suspend.ISystemSuspend/default in framework VINTF manifest.
[   27.322593] servicemanager: Caller(pid=2783,uid=1002,sid=u:r:bluetooth:s0) Found android.hardware.bluetooth.socket.IBluetoothSocket/lpp in device VINTF manifest.
[   27.331816] servicemanager: Caller(pid=2783,uid=1002,sid=u:r:bluetooth:s0) Found android.hardware.bluetooth.gatt.IBluetoothGatt/default in device VINTF manifest.
[   27.508245] servicemanager: Caller(pid=2783,uid=1002,sid=u:r:bluetooth:s0) Found android.hardware.bluetooth.audio.IBluetoothAudioProviderFactory/default in device VINTF manifest.
[   27.510028] servicemanager: Caller(pid=2783,uid=1002,sid=u:r:bluetooth:s0) Found android.hardware.bluetooth.audio.IBluetoothAudioProviderFactory/default in device VINTF manifest.
[   27.513433] servicemanager: Caller(pid=2783,uid=1002,sid=u:r:bluetooth:s0) Found android.hardware.bluetooth.audio.IBluetoothAudioProviderFactory/default in device VINTF manifest.
[   27.521054] servicemanager: Caller(pid=2783,uid=1002,sid=u:r:bluetooth:s0) Found android.hardware.bluetooth.audio.IBluetoothAudioProviderFactory/default in device VINTF manifest.
[   27.522092] servicemanager: Caller(pid=2783,uid=1002,sid=u:r:bluetooth:s0) Found android.hardware.bluetooth.audio.IBluetoothAudioProviderFactory/default in device VINTF manifest.
[   27.530676] servicemanager: Caller(pid=2783,uid=1002,sid=u:r:bluetooth:s0) Found android.hardware.bluetooth.audio.IBluetoothAudioProviderFactory/default in device VINTF manifest.
[   27.625932] servicemanager: Caller(pid=2783,uid=1002,sid=u:r:bluetooth:s0) Found android.hardware.bluetooth.audio.IBluetoothAudioProviderFactory/default in device VINTF manifest.
[   27.637730] servicemanager: Caller(pid=2783,uid=1002,sid=u:r:bluetooth:s0) Found android.hardware.bluetooth.audio.IBluetoothAudioProviderFactory/default in device VINTF manifest.
[   27.817621] servicemanager: Caller(pid=2783,uid=1002,sid=u:r:bluetooth:s0) Found android.hardware.bluetooth.audio.IBluetoothAudioProviderFactory/default in device VINTF manifest.
[   27.888920] servicemanager: Caller(pid=2959,uid=10084,sid=u:r:priv_app:s0:c512,c768) Found android.hardware.graphics.allocator.IAllocator/default in device VINTF manifest.
[   27.891255] servicemanager: Caller(pid=2959,uid=10084,sid=u:r:priv_app:s0:c512,c768) Found android.hardware.graphics.allocator.IAllocator/default in device VINTF manifest.
[   27.897999] servicemanager: Caller(pid=2959,uid=10084,sid=u:r:priv_app:s0:c512,c768) Found mapper/minigbm in device VINTF manifest.
[   27.994107] servicemanager: Caller(pid=2814,uid=1001,sid=u:r:radio:s0) Found android.hardware.radio.data.IRadioData/slot1 in device VINTF manifest.
[   28.018483] servicemanager: Caller(pid=2814,uid=1001,sid=u:r:radio:s0) Found android.hardware.radio.data.IRadioData/slot1 in device VINTF manifest.
[   28.019170] servicemanager: Caller(pid=2814,uid=1001,sid=u:r:radio:s0) Found android.hardware.radio.messaging.IRadioMessaging/slot1 in device VINTF manifest.
[   28.019705] servicemanager: Caller(pid=2814,uid=1001,sid=u:r:radio:s0) Found android.hardware.radio.modem.IRadioModem/slot1 in device VINTF manifest.
[   28.020201] servicemanager: Caller(pid=2814,uid=1001,sid=u:r:radio:s0) Found android.hardware.radio.network.IRadioNetwork/slot1 in device VINTF manifest.
[   28.024264] servicemanager: Caller(pid=2814,uid=1001,sid=u:r:radio:s0) Found android.hardware.radio.sim.IRadioSim/slot1 in device VINTF manifest.
[   28.025553] servicemanager: Caller(pid=2814,uid=1001,sid=u:r:radio:s0) Found android.hardware.radio.voice.IRadioVoice/slot1 in device VINTF manifest.
[   28.026270] servicemanager: Caller(pid=2814,uid=1001,sid=u:r:radio:s0) Found android.hardware.radio.ims.IRadioIms/slot1 in device VINTF manifest.
[   28.027817] servicemanager: Caller(pid=2814,uid=1001,sid=u:r:radio:s0) Found android.hardware.radio.ims.IRadioIms/slot1 in device VINTF manifest.
[   28.028216] servicemanager: Caller(pid=2814,uid=1001,sid=u:r:radio:s0) Found android.hardware.radio.messaging.IRadioMessaging/slot1 in device VINTF manifest.
[   28.028657] servicemanager: Caller(pid=2814,uid=1001,sid=u:r:radio:s0) Found android.hardware.radio.data.IRadioData/slot1 in device VINTF manifest.
[   28.029252] servicemanager: Caller(pid=2814,uid=1001,sid=u:r:radio:s0) Found android.hardware.radio.voice.IRadioVoice/slot1 in device VINTF manifest.
[   28.029837] servicemanager: Caller(pid=2814,uid=1001,sid=u:r:radio:s0) Found android.hardware.radio.data.IRadioData/slot1 in device VINTF manifest.
[   28.040435] servicemanager: Caller(pid=2814,uid=1001,sid=u:r:radio:s0) Found android.hardware.radio.data.IRadioData/slot1 in device VINTF manifest.
[   28.077532] servicemanager: Caller(pid=2814,uid=1001,sid=u:r:radio:s0) Found android.hardware.radio.messaging.IRadioMessaging/slot1 in device VINTF manifest.
[   28.089444] servicemanager: Caller(pid=2814,uid=1001,sid=u:r:radio:s0) Found android.hardware.radio.messaging.IRadioMessaging/slot1 in device VINTF manifest.
[   28.093171] servicemanager: Caller(pid=2814,uid=1001,sid=u:r:radio:s0) Found android.hardware.radio.modem.IRadioModem/slot1 in device VINTF manifest.
[   28.093879] servicemanager: Caller(pid=2814,uid=1001,sid=u:r:radio:s0) Found android.hardware.radio.modem.IRadioModem/slot1 in device VINTF manifest.
[   28.100885] servicemanager: Caller(pid=2814,uid=1001,sid=u:r:radio:s0) Found android.hardware.radio.network.IRadioNetwork/slot1 in device VINTF manifest.
[   28.101573] servicemanager: Caller(pid=2814,uid=1001,sid=u:r:radio:s0) Found android.hardware.radio.network.IRadioNetwork/slot1 in device VINTF manifest.
[   28.115043] servicemanager: Caller(pid=2814,uid=1001,sid=u:r:radio:s0) Found android.hardware.radio.sim.IRadioSim/slot1 in device VINTF manifest.
[   28.119084] servicemanager: Caller(pid=2814,uid=1001,sid=u:r:radio:s0) Found android.hardware.radio.sim.IRadioSim/slot1 in device VINTF manifest.
[   28.121151] servicemanager: Caller(pid=2814,uid=1001,sid=u:r:radio:s0) Found android.hardware.radio.voice.IRadioVoice/slot1 in device VINTF manifest.
[   28.122091] servicemanager: Caller(pid=2814,uid=1001,sid=u:r:radio:s0) Found android.hardware.radio.voice.IRadioVoice/slot1 in device VINTF manifest.
[   28.128375] servicemanager: Caller(pid=2814,uid=1001,sid=u:r:radio:s0) Found android.hardware.radio.ims.IRadioIms/slot1 in device VINTF manifest.
[   28.131438] servicemanager: Caller(pid=2814,uid=1001,sid=u:r:radio:s0) Found android.hardware.radio.ims.IRadioIms/slot1 in device VINTF manifest.
[   28.136667] servicemanager: Caller(pid=2814,uid=1001,sid=u:r:radio:s0) Found android.hardware.radio.ims.IRadioIms/slot1 in device VINTF manifest.
[   28.141491] servicemanager: Caller(pid=2814,uid=1001,sid=u:r:radio:s0) Found android.hardware.radio.config.IRadioConfig/default in device VINTF manifest.
[   28.447411] servicemanager: Notifying apexservice they don't (previously: do) have clients when we now have no record of a client
[   28.449168] libbinder.AidlLazyServiceRegistrar: Process has 0 (of 1 available) client(s) in use after notification apexservice has clients: 0
[   28.452978] libbinder.AidlLazyServiceRegistrar: Shutdown prevented by forcePersist override flag.
[   29.297007] servicemanager: Caller(pid=2648,uid=10088,sid=u:r:platform_app:s0:c512,c768) Found android.hardware.media.c2.IComponentStore/software in framework VINTF manifest.
[   30.952225] init: Service 'bootanim' (pid 772) exited with status 0 oneshot service took 22.919001 seconds in background
[   30.952893] init: Sending SIGKILL to service 'bootanim' (pid 772) process group...
[   30.955321] libprocessgroup: Removed cgroup /sys/fs/cgroup/system/uid_1003/pid_772
[   31.096761] servicemanager: Caller(pid=689,uid=1000,sid=u:r:surfaceflinger:s0) Found android.hardware.power.IPower/default in device VINTF manifest.
[   31.251258] servicemanager: Caller(pid=407,uid=0,sid=u:r:vold:s0) Found android.hardware.boot.IBootControl/default in device VINTF manifest.
[   31.348236] F2FS-fs (dm-17): Preserve previous reserve_root=32768
[   31.348706] F2FS-fs (dm-17): f2fs_enable_checkpoint() starts, meta: 8, node: 1897, data: 1977
[   31.663165] F2FS-fs (dm-17): sync_inode_sb done, dirty_data: 0, 1977, skipped write: 0, 0, retry: 3
[   31.751874] F2FS-fs (dm-17): f2fs_enable_checkpoint() finishes, writeback:317, sync:85
[   31.764226] init: processing action (vold.checkpoint_committed=1) from (/system/etc/init/hw/init.rc:1086)
[   31.980935] servicemanager: Caller(pid=836,uid=1000,sid=u:r:system_server:s0) Found android.hardware.graphics.allocator.IAllocator/default in device VINTF manifest.
[   31.982305] servicemanager: Caller(pid=836,uid=1000,sid=u:r:system_server:s0) Found android.hardware.graphics.allocator.IAllocator/default in device VINTF manifest.
[   31.983120] servicemanager: Caller(pid=836,uid=1000,sid=u:r:system_server:s0) Found mapper/minigbm in device VINTF manifest.
[   32.307873] servicemanager: Caller(pid=607,uid=1000,sid=u:r:hal_sensors_default:s0) Found android.system.suspend.ISystemSuspend/default in framework VINTF manifest.
[   32.850522] init: starting service 'mdnsd'...
[   32.851670] init: Created socket '/dev/socket/mdnsd', mode 660, user 1020, group 3003
[   32.888325] libprocessgroup: Created cgroup /sys/fs/cgroup/system/uid_1020
[   32.900542] libprocessgroup: Created cgroup /sys/fs/cgroup/system/uid_1020/pid_3194
[   32.918585] init: ... started service 'mdnsd' has pid 3194
[   32.918860] init: Control message: Processed ctl.start for 'mdnsd' from pid: 699 (/apex/com.android.adbd/bin/adbd --root_seclabel=u:r:su:s0 --tim_seclabel=u:r:adbd_tradeinmode:s0)
[   33.031158] servicemanager: Notifying apexservice they do (previously: don't) have clients when service is guaranteed to be in use
[   33.035248] libbinder.AidlLazyServiceRegistrar: Process has 1 (of 1 available) client(s) in use after notification apexservice has clients: 1
[   33.035548] libbinder.AidlLazyServiceRegistrar: Shutdown prevented by forcePersist override flag.
[   33.036230] apexd: markBootCompleted() received by ApexService
[   33.127280] init: processing action (sys.boot_completed=1) from (/system/etc/init/hw/init.rc:1237)
[   33.128061] init: starting service 'exec 20 (/bin/rm -rf /data/per_boot)'...
[   33.146395] libprocessgroup: Created cgroup /sys/fs/cgroup/system/uid_1000/pid_3203
[   33.161137] init: ... started service 'exec 20 (/bin/rm -rf /data/per_boot)' has pid 3203
[   33.161441] init: SVC_EXEC service 'exec 20 (/bin/rm -rf /data/per_boot)' pid 3203 (uid 1000 gid 1000+0 context default) started; waiting...
[   33.199451] init: Service 'exec 20 (/bin/rm -rf /data/per_boot)' (pid 3203) exited with status 0 waiting took 0.069000 seconds
[   33.199681] init: Sending SIGKILL to service 'exec 20 (/bin/rm -rf /data/per_boot)' (pid 3203) process group...
[   33.200121] libprocessgroup: Removed cgroup /sys/fs/cgroup/system/uid_1000/pid_3203
[   33.201124] init: Encryption policy of /data/per_boot set to 7892972dc6f58aefd5ef655558f2400f v2 modes 1/10 flags 0xa
[   33.201439] init: processing action (sys.boot_completed=1) from (/system/etc/init/atrace.rc:558)
[   33.202062] init: processing action (sys.boot_completed=1 && sys.bootstat.first_boot_completed=0) from (/system/etc/init/bootstat.rc:67)
[   33.203242] init: starting service 'exec 21 (/system/bin/bootstat --record_boot_complete --record_boot_reason --record_time_since_factory_reset -l)'...
[   33.204987] libprocessgroup: Created cgroup /sys/fs/cgroup/system/uid_1000/pid_3209
[   33.235266] init: ... started service 'exec 21 (/system/bin/bootstat --record_boot_complete --record_boot_reason --record_time_since_factory_reset -l)' has pid 3209
[   33.238801] init: processing action (sys.boot_completed=1) from (/system/etc/init/dmesgd.rc:4)
[   33.239422] init: processing action (sys.boot_completed=1) from (/system/etc/init/flags_health_check.rc:7)
[   33.260564] init: processing action (persist.dbg.keep_debugfs_mounted= && ro.product.debugfs_restrictions.enabled=true && sys.boot_completed=1) from (/system/etc/init/init-debug.rc:15)
[   33.283079] init: processing action (sys.boot_completed=1) from (/system/etc/init/lmkd.rc:13)
[   33.283451] init: starting service 'exec 22 (/system/bin/lmkd --boot_completed)'...
[   33.293387] libprocessgroup: Created cgroup /sys/fs/cgroup/system/uid_0/pid_3213
[   33.307070] init: ... started service 'exec 22 (/system/bin/lmkd --boot_completed)' has pid 3213
[   33.307324] init: processing action (sys.boot_completed=1) from (/system/etc/init/logd.rc:34)
[   33.307810] init: starting service 'logd-auditctl'...
[   33.326611] libprocessgroup: Created cgroup /sys/fs/cgroup/system/uid_1036/pid_3216
[   33.338481] init: ... started service 'logd-auditctl' has pid 3216
[   33.338716] init: Service 'exec 21 (/system/bin/bootstat --record_boot_complete --record_boot_reason --record_time_since_factory_reset -l)' (pid 3209) exited with status 0 oneshot service took 0.134000 seconds in background
[   33.339228] init: Sending SIGKILL to service 'exec 21 (/system/bin/bootstat --record_boot_complete --record_boot_reason --record_time_since_factory_reset -l)' (pid 3209) process group...
[   33.339689] libprocessgroup: Removed cgroup /sys/fs/cgroup/system/uid_1000/pid_3209
[   33.339904] init: processing action (sys.boot_completed=1) from (/system/etc/init/mmd.rc:20)
[   33.340238] init: starting service 'exec 23 (/system/bin/mmd --set-property)'...
[   33.341197] libprocessgroup: Created cgroup /sys/fs/cgroup/system/uid_0/pid_3218
[   33.354008] type=1305 audit(1790904904.395:191): op=set audit_rate_limit=5 old=0 auid=4294967295 ses=4294967295 subj=u:r:auditctl:s0 res=1
[   33.354111] init: ... started service 'exec 23 (/system/bin/mmd --set-property)' has pid 3218
[   33.354672] init: SVC_EXEC service 'exec 23 (/system/bin/mmd --set-property)' pid 3218 (uid 0 gid 0+0 context default) started; waiting...
[   33.355109] init: Service 'logd-auditctl' (pid 3216) exited with status 0 oneshot service took 0.032000 seconds in background
[   33.355333] type=1300 audit(1790904904.395:191): arch=c000003e syscall=44 success=yes exit=60 a0=3 a1=7ffecea93028 a2=3c a3=0 items=0 ppid=1 auid=4294967295 uid=1036 gid=1036 euid=1036 suid=1036 fsuid=1036 egid=1036 sgid=1036 fsgid=1036 tty=(none) ses=4294967295 comm="auditctl" exe="/system/bin/auditctl" subj=u:r:auditctl:s0 key=(null)
[   33.355404] init: Sending SIGKILL to service 'logd-auditctl' (pid 3216) process group...
[   33.356105] type=1327 audit(1790904904.395:191): proctitle=2F73797374656D2F62696E2F617564697463746C002D720035
[   33.356510] type=1320 audit(1790904904.395:191): 
[   33.356569] libprocessgroup: Removed cgroup /sys/fs/cgroup/system/uid_1036/pid_3216
[   33.374270] init: Service 'exec 22 (/system/bin/lmkd --boot_completed)' (pid 3213) exited with status 0 oneshot service took 0.081000 seconds in background
[   33.374668] init: Sending SIGKILL to service 'exec 22 (/system/bin/lmkd --boot_completed)' (pid 3213) process group...
[   33.377438] libprocessgroup: Removed cgroup /sys/fs/cgroup/system/uid_0/pid_3213
[   33.414957] init: Service 'exec 23 (/system/bin/mmd --set-property)' (pid 3218) exited with status 0 waiting took 0.073000 seconds
[   33.415294] init: Sending SIGKILL to service 'exec 23 (/system/bin/mmd --set-property)' (pid 3218) process group...
[   33.415559] libprocessgroup: Removed cgroup /sys/fs/cgroup/system/uid_0/pid_3218
[   33.415845] init: processing action (sys.boot_completed=1) from (/system/etc/init/pmgd.rc:23)
[   33.416219] init: starting service 'pmgd'...
[   33.432075] libprocessgroup: Created cgroup /sys/fs/cgroup/system/uid_9999/pid_3227
[   33.448176] init: ... started service 'pmgd' has pid 3227
[   33.448426] init: processing action (sys.boot_completed=1) from (/system/etc/init/profcollectd.rc:30)
[   33.448742] init: starting service 'profcollectctl_set_property'...
[   33.458092] libprocessgroup: Created cgroup /sys/fs/cgroup/system/uid_0/pid_3228
[   33.466760] init: ... started service 'profcollectctl_set_property' has pid 3228
[   33.467032] init: processing action (sys.boot_completed=1 && sys.wifitracing.started=0) from (/system/etc/init/wifi.rc:28)
[   33.521472] init: Command 'mkdir /sys/kernel/tracing/instances/wifi 711' action=sys.boot_completed=1 && sys.wifitracing.started=0 (/system/etc/init/wifi.rc:30) took 54ms and succeeded
[   33.586939] init: processing action (sys.boot_completed=1) from (/vendor/etc/init/init.cutf_cvm.rc:93)
[   33.590032] apexd: destroyCeSnapshotsNotSpecified() received by ApexService user_id : 0 retain_rollback_ids : []
[   33.596861] /dev/block/by-name/custom: Can't lookup blockdev
[   33.597166] init: processing action (bootreceiver.enable=1 && dmesgd.start=1 && ro.product.cpu.abilist64=*) from (/system/etc/init/dmesgd.rc:12)
[   33.597551] init: starting service 'dmesgd'...
[   33.607869] libprocessgroup: Created cgroup /sys/fs/cgroup/system/uid_1086
[   33.608492] libprocessgroup: Created cgroup /sys/fs/cgroup/system/uid_1086/pid_3235
[   33.640202] init: ... started service 'dmesgd' has pid 3235
[   33.640494] init: processing action (sys.user.0.ce_available=true) from (/system/etc/init/wifi.rc:21)
[   33.644672] init: Service 'profcollectctl_set_property' (pid 3228) exited with status 0 oneshot service took 0.186000 seconds in background
[   33.644939] init: Sending SIGKILL to service 'profcollectctl_set_property' (pid 3228) process group...
[   33.654601] libprocessgroup: Removed cgroup /sys/fs/cgroup/system/uid_0/pid_3228
[   33.663651] init: processing action (mmd.enabled_aconfig=true) from (/system/etc/init/mmd.rc:28)
[   33.665801] init: starting service 'mmd_setup'...
[   33.669557] libprocessgroup: Created cgroup /sys/fs/cgroup/system/uid_0/pid_3256
[   33.670585] init: ... started service 'mmd_setup' has pid 3256
[   33.670852] init: processing action (sys.boot_completed=1 && sys.wifitracing.started=1 && wifi.interface=*) from (/system/etc/init/wifi.rc:70)
[   33.699635] init: processing action (sys-boot-completed-set) from (/system_ext/etc/init/set_adb.rc:8)
[   33.700839] init: starting service 'set_adb'...
[   33.707814] libprocessgroup: Created cgroup /sys/fs/cgroup/system/uid_0/pid_3259
[   33.751513] init: ... started service 'set_adb' has pid 3259
[   33.751721] init: Command 'start set_adb' action=sys-boot-completed-set (/system_ext/etc/init/set_adb.rc:9) took 51ms and succeeded
[   33.751979] init: Service 'mmd_setup' (pid 3256) exited with status 0 oneshot service took 0.082000 seconds in background
[   33.752205] init: Sending SIGKILL to service 'mmd_setup' (pid 3256) process group...
[   33.752491] libprocessgroup: Removed cgroup /sys/fs/cgroup/system/uid_0/pid_3256
[   33.754460] init: processing action (persist.sys.zram_enabled=1 && sys-boot-completed-set) from (/vendor/etc/init/init.cutf_cvm.rc:102)
[   33.761257] init: [libfs_mgr] mmd is recommended to set up zram over swapon_all command with fstab entry.
[   33.826772] set_capacity_and_notify: 76 callbacks suppressed
[   33.826776] zram0: detected capacity change from 0 to 5985560
[   33.934254] mkswap: Swapspace size: 2992776k, UUID=8c2834cf-4c49-4568-921a-ba7ef09c5e2b
[   33.940826] Adding 2992776k swap on /dev/block/zram0.  Priority:-2 extents:1 across:2992776k SS
[   33.945986] init: Command 'swapon_all' action=persist.sys.zram_enabled=1 && sys-boot-completed-set (/vendor/etc/init/init.cutf_cvm.rc:103) took 191ms and succeeded
[   33.946353] init: Service 'dmesgd' (pid 3235) exited with status 0 oneshot service took 0.338000 seconds in background
[   33.946615] init: Sending SIGKILL to service 'dmesgd' (pid 3235) process group...
[   33.948452] libprocessgroup: Removed cgroup /sys/fs/cgroup/system/uid_1086/pid_3235
[   33.949156] init: Service 'set_adb' (pid 3259) exited with status 0 oneshot service took 0.242000 seconds in background
[   33.949373] init: Sending SIGKILL to service 'set_adb' (pid 3259) process group...
[   33.949607] libprocessgroup: Removed cgroup /sys/fs/cgroup/system/uid_0/pid_3259
[   34.023316] servicemanager: Caller(pid=749,uid=0,sid=u:r:update_engine:s0) Found android.hardware.boot.IBootControl/default in device VINTF manifest.
[   34.642870] servicemanager: Caller(pid=3329,uid=10121,sid=u:r:priv_app_all_virtualizationmanager:s0:c512,c768) Since 'android.system.virtualizationservice' could not be found trying to start it as a lazy AIDL service. (if it's not configured to be a lazy service, it may be stuck starting or still starting).
[   34.647140] init: starting service 'virtualizationservice'...
[   34.651076] libprocessgroup: Created cgroup /sys/fs/cgroup/system/uid_1000/pid_3344
[   34.661620] init: ... started service 'virtualizationservice' has pid 3344
[   34.661900] init: Control message: Processed ctl.interface_start for 'aidl/android.system.virtualizationservice' from pid: 397 (/system/bin/servicemanager)
[   34.770065] servicemanager: Caller(pid=3344,uid=1000,sid=u:r:virtualizationservice:s0) Could not find android.hardware.security.secretkeeper.ISecretkeeper/default in the VINTF manifest. VINTF declared instances: nonsecure.
[   34.777518] servicemanager: Notifying android.system.virtualizationservice they do (previously: don't) have clients when service is guaranteed to be in use
[   34.778206] servicemanager: Caller(pid=3344,uid=1000,sid=u:r:virtualizationservice:s0) Found android.hardware.security.keymint.IRemotelyProvisionedComponent/avf in framework VINTF manifest.
[   34.779514] servicemanager: Caller(pid=3344,uid=1000,sid=u:r:virtualizationservice:s0) Found android.hardware.security.keymint.IRemotelyProvisionedComponent/avf in framework VINTF manifest.
[   34.783887] libbinder.BpBinder: onLastStrongRef automatically unlinking death recipients for binder (0x725d2ce2eee0) with descriptor: '(not cached)'
[   34.860580] servicemanager: Caller(pid=737,uid=1013,sid=u:r:mediaserver:s0) Since 'media.codeclist.generator' could not be found trying to start it as a lazy AIDL service. (if it's not configured to be a lazy service, it may be stuck starting or still starting).
[   34.865461] init: starting service 'media.codeclist.generator'...
[   34.870321] libprocessgroup: Created cgroup /sys/fs/cgroup/system/uid_1013/pid_3384
[   34.871780] init: ... started service 'media.codeclist.generator' has pid 3384
[   34.872085] init: Control message: Processed ctl.interface_start for 'aidl/media.codeclist.generator' from pid: 397 (/system/bin/servicemanager)
[   35.122826] servicemanager: Caller(pid=3329,uid=10121,sid=u:r:priv_app_all_virtualizationmanager:s0:c512,c768) Could not find android.hardware.security.secretkeeper.ISecretkeeper/default in the VINTF manifest. VINTF declared instances: nonsecure.
[   35.124679] servicemanager: Notifying media.codeclist.generator they do (previously: don't) have clients when service is guaranteed to be in use
[   35.125705] libbinder.BpBinder: onLastStrongRef automatically unlinking death recipients for binder (0x725d2ce2eee0) with descriptor: '(not cached)'
[   35.233782] servicemanager: Caller(pid=3384,uid=1013,sid=u:r:mediacodeclist_generator:s0) Found android.hardware.media.c2.IComponentStore/software in framework VINTF manifest.
[   35.913138] servicemanager: Caller(pid=3266,uid=10108,sid=u:r:mediaprovider_app:s0:c108,c256,c512,c768) Found android.hardware.media.c2.IComponentStore/software in framework VINTF manifest.
[   38.434991] servicemanager: Notifying apexservice they don't (previously: do) have clients when we now have no record of a client
[   38.435606] servicemanager: Notifying media.codeclist.generator they don't (previously: do) have clients when we now have no record of a client
[   38.439714] libbinder.AidlLazyServiceRegistrar: Process has 0 (of 1 available) client(s) in use after notification apexservice has clients: 0
[   38.440049] libbinder.AidlLazyServiceRegistrar: Trying to shut down the service. No clients in use for any service in process.
[   38.469452] servicemanager: Caller(pid=473,uid=0,sid=u:r:apexd:s0) Unregistering apexservice
[   38.469822] libbinder.BpBinder: onLastStrongRef automatically unlinking death recipients for binder (0x725d2ce132c0) with descriptor: '(not cached)'
[   38.471539] libbinder.AidlLazyServiceRegistrar: Unregistered all clients and exiting
[   38.478815] servicemanager: Caller(pid=3384,uid=1013,sid=u:r:mediacodeclist_generator:s0) Unregistering media.codeclist.generator
[   38.479186] libbinder.BpBinder: onLastStrongRef automatically unlinking death recipients for binder (0x725d2ce2e490) with descriptor: '(not cached)'
[   38.486102] init: Service 'apexd' (pid 473) exited with status 0 oneshot service took 33.563999 seconds in background
[   38.486523] init: Sending SIGKILL to service 'apexd' (pid 473) process group...
[   38.487676] libprocessgroup: Removed cgroup /sys/fs/cgroup/system/uid_0/pid_473
[   38.532177] init: Service 'media.codeclist.generator' (pid 3384) exited with status 0 oneshot service took 3.662000 seconds in background
[   38.532538] init: Sending SIGKILL to service 'media.codeclist.generator' (pid 3384) process group...
[   38.533402] libprocessgroup: Removed cgroup /sys/fs/cgroup/system/uid_1013/pid_3384
[   41.639490] type=1325 audit(1790904912.683:192): table=mangle family=2 entries=37 op=xt_replace subj=u:r:netd:s0 comm="iptables-restor"
[   41.639886] type=1300 audit(1790904912.683:192): arch=c000003e syscall=54 success=yes exit=0 a0=4 a1=0 a2=40 a3=72f85c80f640 items=0 ppid=594 auid=4294967295 uid=0 gid=0 euid=0 suid=0 fsuid=0 egid=0 sgid=0 fsgid=0 tty=(none) ses=4294967295 comm="iptables-restor" exe="/system/bin/iptables" subj=u:r:netd:s0 key=(null)
[   41.640653] type=1327 audit(1790904912.683:192): proctitle=2F73797374656D2F62696E2F69707461626C65732D726573746F7265002D2D6E6F666C757368002D77002D76
[   41.641694] audit: audit_lost=1 audit_rate_limit=5 audit_backlog_limit=64
[   41.641852] audit: rate limit exceeded
[   41.644091] type=1320 audit(1790904912.683:192): 
[   41.644260] type=1325 audit(1790904912.683:193): table=mangle family=10 entries=36 op=xt_replace subj=u:r:netd:s0 comm="ip6tables-resto"
[   41.644547] type=1300 audit(1790904912.683:193): arch=c000003e syscall=54 success=yes exit=0 a0=4 a1=29 a2=40 a3=70240a80f010 items=0 ppid=594 auid=4294967295 uid=0 gid=0 euid=0 suid=0 fsuid=0 egid=0 sgid=0 fsgid=0 tty=(none) ses=4294967295 comm="ip6tables-resto" exe="/system/bin/iptables" subj=u:r:netd:s0 key=(null)
[   41.730963] GceEventReporter: VIRTUAL_DEVICE_BOOT_STARTED
[   41.769354] GceEventReporter: VIRTUAL_DEVICE_NETWORK_MOBILE_CONNECTED
[   42.780966] GceEventReporter: VIRTUAL_DEVICE_BOOT_COMPLETED
[   42.904161] init: Service 'adbd' (pid 699) exited with status 0
[   42.905113] init: Sending SIGKILL to service 'adbd' (pid 699) process group...
[   42.906057] libprocessgroup: Removed cgroup /sys/fs/cgroup/system/uid_0/pid_699
[   42.908642] init: starting service 'adbd'...
[   42.909432] init: Created socket '/dev/socket/adbd', mode 660, user 1000, group 1000
[   42.917967] libprocessgroup: Created cgroup /sys/fs/cgroup/system/uid_0/pid_3868
[   42.935052] init: ... started service 'adbd' has pid 3868
[   43.431848] servicemanager: Notifying artd they don't (previously: do) have clients when we now have no record of a client
[   43.433335] servicemanager: Caller(pid=2410,uid=1082,sid=u:r:artd:s0) Unregistering artd
[   43.433535] libbinder.BpBinder: onLastStrongRef automatically unlinking death recipients for binder (0x725d2ce22570) with descriptor: '(not cached)'
[   43.448021] init: Service 'artd' (pid 2410) exited with status 0 oneshot service took 25.038000 seconds in background
[   43.448314] init: Sending SIGKILL to service 'artd' (pid 2410) process group...
[   43.448941] libprocessgroup: Removed cgroup /sys/fs/cgroup/system/uid_1082/pid_2410
[   43.728492] type=1325 audit(1790904914.771:218): table=filter family=2 entries=90 op=xt_replace subj=u:r:netd:s0 comm="iptables-restor"
[   43.728874] type=1300 audit(1790904914.771:218): arch=c000003e syscall=54 success=yes exit=0 a0=4 a1=0 a2=40 a3=72f6ac81a430 items=0 ppid=594 auid=4294967295 uid=0 gid=0 euid=0 suid=0 fsuid=0 egid=0 sgid=0 fsgid=0 tty=(none) ses=4294967295 comm="iptables-restor" exe="/system/bin/iptables" subj=u:r:netd:s0 key=(null)
[   43.729508] type=1327 audit(1790904914.771:218): proctitle=2F73797374656D2F62696E2F69707461626C65732D726573746F7265002D2D6E6F666C757368002D77002D76
[   43.729892] type=1320 audit(1790904914.771:218): 
[   43.730328] audit: audit_lost=99 audit_rate_limit=5 audit_backlog_limit=64
[   43.730524] audit: rate limit exceeded
[   43.730787] type=1325 audit(1790904914.771:219): table=filter family=10 entries=90 op=xt_replace subj=u:r:netd:s0 comm="ip6tables-resto"
[   55.204903] init: Sending SIGKILL to service 'idmap2d' (pid 721) process group...
[   55.211383] libprocessgroup: Removed cgroup /sys/fs/cgroup/system/uid_1000/pid_721
[   55.212448] init: Control message: Processed ctl.stop for 'idmap2d' from pid: 836 (system_server)
[   55.213235] init: Service 'idmap2d' (pid 721) received SIGKILL
[   55.213435] init: Sending SIGKILL to service 'idmap2d' (pid 721) process group...
[   55.213744] libprocessgroup: Failed to write 1 to /sys/fs/cgroup/system/uid_1000/pid_721/cgroup.kill: No such file or directory
[   93.363096] init: Received sys.powerctl='reboot,recovery' from pid: 4038 (/system/bin/reboot)
[   93.364676] init: Got shutdown_command 'reboot,recovery' Calling HandlePowerctlMessage()
[   93.368550] init: Clear action queue and start shutdown trigger
[   93.368798] init: Entering shutdown mode
[   93.369260] init: processing action (shutdown_done) from (<Builtin Action>:0)
[   93.370282] init: Reboot start, reason: reboot,recovery, reboot_target: recovery
[   93.370853] init: Clean shutdown timeout: 6000 ms
[   93.370969] init: Starting RebootMonitorThread
[   93.372515] init: RebootMonitorThread started for 300s
[   93.382175] init: service 'ueventd' requested start, but it is already running (flags: 2084, pid: 103, started 90701ms ago)
[   93.382874] init: starting service 'blank_screen'...
[   93.389083] libprocessgroup: Created cgroup /sys/fs/cgroup/system/uid_1000/pid_4041
[   93.398643] init: ... started service 'blank_screen' has pid 4041
[   93.399041] init: service 'servicemanager' requested start, but it is already running (flags: 2084, pid: 397, started 90019ms ago)
[   93.399336] init: service 'vold' requested start, but it is already running (flags: 2052, pid: 407, started 89947ms ago)
[   93.399843] init: starting service 'hwservicemanager'...
[   93.401742] libprocessgroup: Created cgroup /sys/fs/cgroup/system/uid_1000/pid_4042
[   93.406778] init: ... started service 'hwservicemanager' has pid 4042
[   93.407309] init: service 'vendor.light-cuttlefish' requested start, but it is already running (flags: 2052, pid: 673, started 86287ms ago)
[   93.407729] init: Stopping 187 services by sending SIGTERM
[   93.407919] init: Sending SIGTERM to service 'virtualizationservice' (pid 3344) process group...
[   93.408438] libprocessgroup: Still waiting on process(es) to exit for cgroup /sys/fs/cgroup/system/uid_1000/pid_3344 after 0 ms
[   93.408742] libprocessgroup: Unable to remove cgroup /sys/fs/cgroup/system/uid_1000/pid_3344: Device or resource busy
[   93.414998] init: Sending SIGTERM to service 'pmgd' (pid 3227) process group...
[   93.415451] libprocessgroup: Still waiting on process(es) to exit for cgroup /sys/fs/cgroup/system/uid_9999/pid_3227 after 0 ms
[   93.415699] libprocessgroup: Unable to remove cgroup /sys/fs/cgroup/system/uid_9999/pid_3227: Device or resource busy
[   93.416218] init: Sending SIGTERM to service 'mdnsd' (pid 3194) process group...
[   93.416613] libprocessgroup: Still waiting on process(es) to exit for cgroup /sys/fs/cgroup/system/uid_1020/pid_3194 after 0 ms
[   93.416918] libprocessgroup: Unable to remove cgroup /sys/fs/cgroup/system/uid_1020/pid_3194: Device or resource busy
[   93.417329] init: Sending SIGTERM to service 'ot-daemon' (pid 2623) process group...
[   93.417720] libprocessgroup: Still waiting on process(es) to exit for cgroup /sys/fs/cgroup/system/uid_1084/pid_2623 after 0 ms
[   93.417989] libprocessgroup: Unable to remove cgroup /sys/fs/cgroup/system/uid_1084/pid_2623: Device or resource busy
[   93.419174] init: Sending SIGTERM to service 'vendor.face-default' (pid 2597) process group...
[   93.419547] libprocessgroup: Still waiting on process(es) to exit for cgroup /sys/fs/cgroup/system/uid_9999/pid_2597 after 0 ms
[   93.419795] libprocessgroup: Unable to remove cgroup /sys/fs/cgroup/system/uid_9999/pid_2597: Device or resource busy
[   93.419926] servicemanager: Caller(pid=4041,uid=1000,sid=u:r:blank_screen:s0) Found android.hardware.light.ILights/default in device VINTF manifest.
[   93.425728] init: Sending SIGTERM to service 'vendor.fingerprint-default' (pid 2595) process group...
[   93.426090] libprocessgroup: Still waiting on process(es) to exit for cgroup /sys/fs/cgroup/system/uid_9999/pid_2595 after 0 ms
[   93.426349] libprocessgroup: Unable to remove cgroup /sys/fs/cgroup/system/uid_9999/pid_2595: Device or resource busy
[   93.428908] servicemanager: A service was removed when there are clients
[   93.430215] init: Sending SIGTERM to service 'tombstone_transmit' (pid 751) process group...
[   93.434665] libprocessgroup: Still waiting on process(es) to exit for cgroup /sys/fs/cgroup/system/uid_0/pid_751 after 0 ms
[   93.434920] libprocessgroup: Unable to remove cgroup /sys/fs/cgroup/system/uid_0/pid_751: Device or resource busy
[   93.436128] servicemanager: A service was removed when there are clients
[   93.436692] init: Sending SIGTERM to service 'update_engine' (pid 749) process group...
[   93.447220] libprocessgroup: Still waiting on process(es) to exit for cgroup /sys/fs/cgroup/system/uid_0/pid_749 after 2 ms
[   93.447552] libprocessgroup: Unable to remove cgroup /sys/fs/cgroup/system/uid_0/pid_749: Device or resource busy
[   93.448751] init: Sending SIGTERM to service 'gatekeeperd' (pid 744) process group...
[   93.449987] libprocessgroup: Still waiting on process(es) to exit for cgroup /sys/fs/cgroup/system/uid_1000/pid_744 after 0 ms
[   93.450242] libprocessgroup: Unable to remove cgroup /sys/fs/cgroup/system/uid_1000/pid_744: Device or resource busy
[   93.455674] init: Sending SIGTERM to service 'vendor.ril-daemon' (pid 742) process group...
[   93.456096] libprocessgroup: Still waiting on process(es) to exit for cgroup /sys/fs/cgroup/system/uid_1001/pid_742 after 0 ms
[   93.456288] libprocessgroup: Unable to remove cgroup /sys/fs/cgroup/system/uid_1001/pid_742: Device or resource busy
[   93.459625] init: Sending SIGTERM to service 'media.swcodec' (pid 741) process group...
[   93.459639] servicemanager: A service was removed when there are clients
[   93.461196] libprocessgroup: Still waiting on process(es) to exit for cgroup /sys/fs/cgroup/system/uid_1046/pid_741 after 0 ms
[   93.461524] libprocessgroup: Unable to remove cgroup /sys/fs/cgroup/system/uid_1046/pid_741: Device or resource busy
[   93.462993] init: Sending SIGTERM to service 'seriallogging' (pid 740) process group...
[   93.463284] libprocessgroup: Still waiting on process(es) to exit for cgroup /sys/fs/cgroup/system/uid_1036/pid_740 after 0 ms
[   93.465750] libprocessgroup: Unable to remove cgroup /sys/fs/cgroup/system/uid_1036/pid_740: Device or resource busy
[   93.466103] init: Sending SIGTERM to service 'storaged' (pid 739) process group...
[   93.466378] libprocessgroup: Still waiting on process(es) to exit for cgroup /sys/fs/cgroup/system/uid_0/pid_739 after 0 ms
[   93.466638] libprocessgroup: Unable to remove cgroup /sys/fs/cgroup/system/uid_0/pid_739: Device or resource busy
[   93.466953] init: Sending SIGTERM to service 'media' (pid 737) process group...
[   93.467396] libprocessgroup: Still waiting on process(es) to exit for cgroup /sys/fs/cgroup/system/uid_1013/pid_737 after 0 ms
[   93.467577] libprocessgroup: Unable to remove cgroup /sys/fs/cgroup/system/uid_1013/pid_737: Device or resource busy
[   93.469208] init: Sending SIGTERM to service 'mediametrics' (pid 730) process group...
[   93.469546] libprocessgroup: Still waiting on process(es) to exit for cgroup /sys/fs/cgroup/system/uid_1013/pid_730 after 0 ms
[   93.469760] libprocessgroup: Unable to remove cgroup /sys/fs/cgroup/system/uid_1013/pid_730: Device or resource busy
[   93.470519] servicemanager: Caller(pid=2814,uid=1001,sid=u:r:radio:s0) Found android.hardware.radio.data.IRadioData/slot1 in device VINTF manifest.
[   93.471528] init: Sending SIGTERM to service 'mediaextractor' (pid 728) process group...
[   93.472013] libprocessgroup: Still waiting on process(es) to exit for cgroup /sys/fs/cgroup/system/uid_1040/pid_728 after 0 ms
[   93.472236] libprocessgroup: Unable to remove cgroup /sys/fs/cgroup/system/uid_1040/pid_728: Device or resource busy
[   93.472493] servicemanager: Caller(pid=2814,uid=1001,sid=u:r:radio:s0) Since 'android.hardware.radio.data.IRadioData/slot1' could not be found trying to start it as a lazy AIDL service. (if it's not configured to be a lazy service, it may be stuck starting or still starting).
[   93.474747] init: Sending SIGTERM to service 'installd' (pid 725) process group...
[   93.474773] init: Unable to set property 'ctl.interface_start' from uid:1000 gid:1000 pid:397: Received control message after shutdown, ignoring
[   93.475159] libprocessgroup: Still waiting on process(es) to exit for cgroup /sys/fs/cgroup/system/uid_0/pid_725 after 0 ms
[   93.475391] libprocessgroup: Unable to remove cgroup /sys/fs/cgroup/system/uid_0/pid_725: Device or resource busy
[   93.475735] init: Sending SIGTERM to service 'incidentd' (pid 723) process group...
[   93.477685] servicemanager: Caller(pid=2814,uid=1001,sid=u:r:radio:s0) Tried to start aidl service android.hardware.radio.data.IRadioData/slot1 as a lazy service, but was unable to. Usually this happens when a service is not installed, but if the service is intended to be used as a lazy service, then it may be configured incorrectly.
[   93.480251] libprocessgroup: Removed cgroup /sys/fs/cgroup/system/uid_1067/pid_723
[   93.480595] init: Sending SIGTERM to service 'cameraserver' (pid 719) process group...
[   93.480954] libprocessgroup: Still waiting on process(es) to exit for cgroup /sys/fs/cgroup/system/uid_1047/pid_719 after 0 ms
[   93.481167] libprocessgroup: Unable to remove cgroup /sys/fs/cgroup/system/uid_1047/pid_719: Device or resource busy
[   93.482076] init: Sending SIGTERM to service 'traced' (pid 714) process group...
[   93.483983] libprocessgroup: Still waiting on process(es) to exit for cgroup /sys/fs/cgroup/system/uid_9999/pid_714 after 0 ms
[   93.484223] libprocessgroup: Unable to remove cgroup /sys/fs/cgroup/system/uid_9999/pid_714: Device or resource busy
[   93.492463] init: Sending SIGTERM to service 'traced_probes' (pid 712) process group...
[   93.492691] libprocessgroup: Still waiting on process(es) to exit for cgroup /sys/fs/cgroup/system/uid_9999/pid_712 after 0 ms
[   93.495375] libprocessgroup: Removed cgroup /sys/fs/cgroup/system/uid_9999/pid_712
[   93.495928] init: Sending SIGTERM to service 'drm' (pid 710) process group...
[   93.496385] libprocessgroup: Still waiting on process(es) to exit for cgroup /sys/fs/cgroup/system/uid_1019/pid_710 after 0 ms
[   93.496573] libprocessgroup: Unable to remove cgroup /sys/fs/cgroup/system/uid_1019/pid_710: Device or resource busy
[   93.498477] init: Sending SIGTERM to service 'vendor.confirmationui_default' (pid 693) process group...
[   93.498830] libprocessgroup: Still waiting on process(es) to exit for cgroup /sys/fs/cgroup/system/uid_1000/pid_693 after 0 ms
[   93.499097] libprocessgroup: Unable to remove cgroup /sys/fs/cgroup/system/uid_1000/pid_693: Device or resource busy
[   93.501575] init: Sending SIGTERM to service 'socket_vsock_proxy' (pid 692) process group...
[   93.501919] libprocessgroup: Still waiting on process(es) to exit for cgroup /sys/fs/cgroup/system/uid_0/pid_692 after 0 ms
[   93.502139] libprocessgroup: Unable to remove cgroup /sys/fs/cgroup/system/uid_0/pid_692: Device or resource busy
[   93.504987] init: Sending SIGTERM to service 'surfaceflinger' (pid 689) process group...
[   93.505873] libprocessgroup: Still waiting on process(es) to exit for cgroup /sys/fs/cgroup/system/uid_1000/pid_689 after 0 ms
[   93.507175] libprocessgroup: Unable to remove cgroup /sys/fs/cgroup/system/uid_1000/pid_689: Device or resource busy
[   93.509097] init: Sending SIGTERM to service 'gpu' (pid 686) process group...
[   93.513732] libprocessgroup: Still waiting on process(es) to exit for cgroup /sys/fs/cgroup/system/uid_1072/pid_686 after 0 ms
[   93.514665] libprocessgroup: Unable to remove cgroup /sys/fs/cgroup/system/uid_1072/pid_686: Device or resource busy
[   93.517363] init: Sending SIGTERM to service 'credstore' (pid 681) process group...
[   93.517867] libprocessgroup: Still waiting on process(es) to exit for cgroup /sys/fs/cgroup/system/uid_1076/pid_681 after 0 ms
[   93.518223] libprocessgroup: Unable to remove cgroup /sys/fs/cgroup/system/uid_1076/pid_681: Device or resource busy
[   93.520086] init: Sending SIGTERM to service 'audioserver' (pid 678) process group...
[   93.521332] libprocessgroup: Still waiting on process(es) to exit for cgroup /sys/fs/cgroup/system/uid_1041/pid_678 after 0 ms
[   93.521645] libprocessgroup: Unable to remove cgroup /sys/fs/cgroup/system/uid_1041/pid_678: Device or resource busy
[   93.523296] init: Sending SIGTERM to service 'vendor.camera-provider-2-7-google' (pid 677) process group...
[   93.523890] libprocessgroup: Still waiting on process(es) to exit for cgroup /sys/fs/cgroup/system/uid_1047/pid_677 after 0 ms
[   93.524168] libprocessgroup: Unable to remove cgroup /sys/fs/cgroup/system/uid_1047/pid_677: Device or resource busy
[   93.525065] init: Sending SIGTERM to service 'vendor.oemlock_default' (pid 676) process group...
[   93.525438] libprocessgroup: Still waiting on process(es) to exit for cgroup /sys/fs/cgroup/system/uid_1064/pid_676 after 0 ms
[   93.525694] libprocessgroup: Unable to remove cgroup /sys/fs/cgroup/system/uid_1064/pid_676: Device or resource busy
[   93.527466] init: Sending SIGTERM to service 'nfc_hal_service' (pid 675) process group...
[   93.531016] libprocessgroup: Still waiting on process(es) to exit for cgroup /sys/fs/cgroup/system/uid_1027/pid_675 after 0 ms
[   93.531346] libprocessgroup: Unable to remove cgroup /sys/fs/cgroup/system/uid_1027/pid_675: Device or resource busy
[   93.534240] init: Sending SIGTERM to service 'vendor.identity-remote' (pid 672) process group...
[   93.534712] libprocessgroup: Still waiting on process(es) to exit for cgroup /sys/fs/cgroup/system/uid_9999/pid_672 after 0 ms
[   93.534975] libprocessgroup: Unable to remove cgroup /sys/fs/cgroup/system/uid_9999/pid_672: Device or resource busy
[   93.537023] init: Sending SIGTERM to service 'vendor.health-cuttlefish' (pid 671) process group...
[   93.537390] libprocessgroup: Still waiting on process(es) to exit for cgroup /sys/fs/cgroup/system/uid_1000/pid_671 after 0 ms
[   93.537679] libprocessgroup: Unable to remove cgroup /sys/fs/cgroup/system/uid_1000/pid_671: Device or resource busy
[   93.538835] init: Sending SIGTERM to service 'vendor.graphics.allocator' (pid 670) process group...
[   93.543943] libprocessgroup: Removed cgroup /sys/fs/cgroup/system/uid_1000/pid_670
[   93.544374] init: Sending SIGTERM to service 'bt_gatt_lpp' (pid 669) process group...
[   93.544754] libprocessgroup: Still waiting on process(es) to exit for cgroup /sys/fs/cgroup/system/uid_1002/pid_669 after 0 ms
[   93.545094] libprocessgroup: Unable to remove cgroup /sys/fs/cgroup/system/uid_1002/pid_669: Device or resource busy
[   93.546532] init: Sending SIGTERM to service 'bt_socket_lpp' (pid 668) process group...
[   93.550904] libprocessgroup: Removed cgroup /sys/fs/cgroup/system/uid_1002/pid_668
[   93.551343] init: Sending SIGTERM to service 'bt_socket' (pid 666) process group...
[   93.551797] libprocessgroup: Still waiting on process(es) to exit for cgroup /sys/fs/cgroup/system/uid_1002/pid_666 after 0 ms
[   93.552187] libprocessgroup: Unable to remove cgroup /sys/fs/cgroup/system/uid_1002/pid_666: Device or resource busy
[   93.555178] init: Sending SIGTERM to service 'bt_lmp_event' (pid 665) process group...
[   93.555523] libprocessgroup: Still waiting on process(es) to exit for cgroup /sys/fs/cgroup/system/uid_1002/pid_665 after 0 ms
[   93.560284] libprocessgroup: Removed cgroup /sys/fs/cgroup/system/uid_1002/pid_665
[   93.560839] init: Sending SIGTERM to service 'bt_ranging' (pid 662) process group...
[   93.562554] libprocessgroup: Removed cgroup /sys/fs/cgroup/system/uid_1002/pid_662
[   93.566049] init: Sending SIGTERM to service 'bt_finder' (pid 661) process group...
[   93.566382] libprocessgroup: Still waiting on process(es) to exit for cgroup /sys/fs/cgroup/system/uid_1002/pid_661 after 0 ms
[   93.568209] libprocessgroup: Removed cgroup /sys/fs/cgroup/system/uid_1002/pid_661
[   93.568769] init: Sending SIGTERM to service 'bt_hci' (pid 660) process group...
[   93.571517] libprocessgroup: Removed cgroup /sys/fs/cgroup/system/uid_1002/pid_660
[   93.572772] init: Sending SIGTERM to service 'vendor.wifi_hal_legacy' (pid 656) process group...
[   93.573497] libprocessgroup: Still waiting on process(es) to exit for cgroup /sys/fs/cgroup/system/uid_1010/pid_656 after 0 ms
[   93.573761] libprocessgroup: Unable to remove cgroup /sys/fs/cgroup/system/uid_1010/pid_656: Device or resource busy
[   93.574962] init: Sending SIGTERM to service 'vendor.vibrator-default' (pid 655) process group...
[   93.575323] libprocessgroup: Still waiting on process(es) to exit for cgroup /sys/fs/cgroup/system/uid_9999/pid_655 after 0 ms
[   93.575670] libprocessgroup: Unable to remove cgroup /sys/fs/cgroup/system/uid_9999/pid_655: Device or resource busy
[   93.576971] init: Sending SIGTERM to service 'vendor.uwb_hal' (pid 652) process group...
[   93.577505] libprocessgroup: Still waiting on process(es) to exit for cgroup /sys/fs/cgroup/system/uid_1083/pid_652 after 0 ms
[   93.577870] libprocessgroup: Unable to remove cgroup /sys/fs/cgroup/system/uid_1083/pid_652: Device or resource busy
[   93.579535] init: Sending SIGTERM to service 'vendor.usb_default' (pid 649) process group...
[   93.579957] libprocessgroup: Still waiting on process(es) to exit for cgroup /sys/fs/cgroup/system/uid_1000/pid_649 after 0 ms
[   93.580271] libprocessgroup: Unable to remove cgroup /sys/fs/cgroup/system/uid_1000/pid_649: Device or resource busy
[   93.581488] init: Sending SIGTERM to service 'vendor.threadnetwork_hal' (pid 648) process group...
[   93.582484] libprocessgroup: Still waiting on process(es) to exit for cgroup /sys/fs/cgroup/system/uid_1084/pid_648 after 0 ms
[   93.582778] libprocessgroup: Unable to remove cgroup /sys/fs/cgroup/system/uid_1084/pid_648: Device or resource busy
[   93.584740] init: Sending SIGTERM to service 'vendor.thermal-example' (pid 647) process group...
[   93.586892] libprocessgroup: Removed cgroup /sys/fs/cgroup/system/uid_9999/pid_647
[   93.587749] init: Sending SIGTERM to service 'vendor.tetheroffload-example' (pid 646) process group...
[   93.588015] servicemanager: Caller(pid=836,uid=1000,sid=u:r:system_server:s0) Found android.hardware.thermal.IThermal/default in device VINTF manifest.
[   93.588125] libprocessgroup: Still waiting on process(es) to exit for cgroup /sys/fs/cgroup/system/uid_9999/pid_646 after 0 ms
[   93.588560] servicemanager: Caller(pid=836,uid=1000,sid=u:r:system_server:s0) Since 'android.hardware.thermal.IThermal/default' could not be found trying to start it as a lazy AIDL service. (if it's not configured to be a lazy service, it may be stuck starting or still starting).
[   93.588693] libprocessgroup: Unable to remove cgroup /sys/fs/cgroup/system/uid_9999/pid_646: Device or resource busy
[   93.589683] init: Unable to set property 'ctl.interface_start' from uid:1000 gid:1000 pid:397: Received control message after shutdown, ignoring
[   93.591374] init: Sending SIGTERM to service 'vendor.secretkeeper' (pid 645) process group...
[   93.591767] libprocessgroup: Still waiting on process(es) to exit for cgroup /sys/fs/cgroup/system/uid_9999/pid_645 after 0 ms
[   93.592129] libprocessgroup: Unable to remove cgroup /sys/fs/cgroup/system/uid_9999/pid_645: Device or resource busy
[   93.592432] servicemanager: Caller(pid=836,uid=1000,sid=u:r:system_server:s0) Tried to start aidl service android.hardware.thermal.IThermal/default as a lazy service, but was unable to. Usually this happens when a service is not installed, but if the service is intended to be used as a lazy service, then it may be configured incorrectly.
[   93.593787] init: Sending SIGTERM to service 'vendor.authgraph' (pid 643) process group...
[   93.594221] libprocessgroup: Still waiting on process(es) to exit for cgroup /sys/fs/cgroup/system/uid_9999/pid_643 after 0 ms
[   93.595119] libprocessgroup: Unable to remove cgroup /sys/fs/cgroup/system/uid_9999/pid_643: Device or resource busy
[   93.595254] servicemanager: Caller(pid=836,uid=1000,sid=u:r:system_server:s0) Since 'android.hardware.usb.IUsb/default' could not be found trying to start it as a lazy AIDL service. (if it's not configured to be a lazy service, it may be stuck starting or still starting).
[   93.596257] init: Unable to set property 'ctl.interface_start' from uid:1000 gid:1000 pid:397: Received control message after shutdown, ignoring
[   93.596406] init: Sending SIGTERM to service 'vendor.secure_element' (pid 642) process group...
[   93.596906] servicemanager: Caller(pid=836,uid=1000,sid=u:r:system_server:s0) Tried to start aidl service android.hardware.usb.IUsb/default as a lazy service, but was unable to. Usually this happens when a service is not installed, but if the service is intended to be used as a lazy service, then it may be configured incorrectly.
[   93.598599] libprocessgroup: Still waiting on process(es) to exit for cgroup /sys/fs/cgroup/system/uid_9999/pid_642 after 0 ms
[   93.598875] libprocessgroup: Unable to remove cgroup /sys/fs/cgroup/system/uid_9999/pid_642: Device or resource busy
[   93.600141] init: Sending SIGTERM to service 'vendor.rebootescrow-default' (pid 641) process group...
[   93.600530] libprocessgroup: Still waiting on process(es) to exit for cgroup /sys/fs/cgroup/system/uid_1000/pid_641 after 0 ms
[   93.600810] libprocessgroup: Unable to remove cgroup /sys/fs/cgroup/system/uid_1000/pid_641: Device or resource busy
[   93.601276] init: Sending SIGTERM to service 'vendor.power.stats-default' (pid 640) process group...
[   93.601659] libprocessgroup: Still waiting on process(es) to exit for cgroup /sys/fs/cgroup/system/uid_1000/pid_640 after 0 ms
[   93.601983] libprocessgroup: Unable to remove cgroup /sys/fs/cgroup/system/uid_1000/pid_640: Device or resource busy
[   93.603514] init: Sending SIGTERM to service 'vendor.power-default' (pid 639) process group...
[   93.605896] libprocessgroup: Removed cgroup /sys/fs/cgroup/system/uid_9999/pid_639
[   93.606244] init: Sending SIGTERM to service 'neuralnetworks_hal_service_shim_sample' (pid 638) process group...
[   93.606747] libprocessgroup: Still waiting on process(es) to exit for cgroup /sys/fs/cgroup/system/uid_1000/pid_638 after 0 ms
[   93.607002] libprocessgroup: Unable to remove cgroup /sys/fs/cgroup/system/uid_1000/pid_638: Device or resource busy
[   93.608372] init: Sending SIGTERM to service 'neuralnetworks_hal_service_aidl_sample_limited' (pid 637) process group...
[   93.608730] libprocessgroup: Still waiting on process(es) to exit for cgroup /sys/fs/cgroup/system/uid_1000/pid_637 after 0 ms
[   93.608990] libprocessgroup: Unable to remove cgroup /sys/fs/cgroup/system/uid_1000/pid_637: Device or resource busy
[   93.610545] init: Sending SIGTERM to service 'neuralnetworks_hal_service_aidl_sample_all' (pid 636) process group...
[   93.611097] libprocessgroup: Still waiting on process(es) to exit for cgroup /sys/fs/cgroup/system/uid_1000/pid_636 after 0 ms
[   93.611408] libprocessgroup: Unable to remove cgroup /sys/fs/cgroup/system/uid_1000/pid_636: Device or resource busy
[   93.613353] init: Sending SIGTERM to service 'nlinterceptor' (pid 634) process group...
[   93.613674] libprocessgroup: Still waiting on process(es) to exit for cgroup /sys/fs/cgroup/system/uid_0/pid_634 after 0 ms
[   93.613881] libprocessgroup: Unable to remove cgroup /sys/fs/cgroup/system/uid_0/pid_634: Device or resource busy
[   93.614623] init: Sending SIGTERM to service 'vendor.memtrack-default' (pid 633) process group...
[   93.617968] libprocessgroup: Removed cgroup /sys/fs/cgroup/system/uid_9999/pid_633
[   93.619436] init: Sending SIGTERM to service 'vendor.ir-default' (pid 632) process group...
[   93.623861] libprocessgroup: Still waiting on process(es) to exit for cgroup /sys/fs/cgroup/system/uid_1000/pid_632 after 0 ms
[   93.642437] servicemanager: Caller(pid=836,uid=1000,sid=u:r:system_server:s0) Since 'ot_daemon' could not be found trying to start it as a lazy AIDL service. (if it's not configured to be a lazy service, it may be stuck starting or still starting).
[   93.643591] init: Unable to set property 'ctl.interface_start' from uid:1000 gid:1000 pid:397: Received control message after shutdown, ignoring
[   93.645834] servicemanager: Caller(pid=836,uid=1000,sid=u:r:system_server:s0) Tried to start aidl service ot_daemon as a lazy service, but was unable to. Usually this happens when a service is not installed, but if the service is intended to be used as a lazy service, then it may be configured incorrectly.
[   93.667474] libprocessgroup: Removed cgroup /sys/fs/cgroup/system/uid_1000/pid_632
[   93.669400] init: Sending SIGTERM to service 'vendor.inputprocessor-default' (pid 628) process group...
[   93.670530] libprocessgroup: Still waiting on process(es) to exit for cgroup /sys/fs/cgroup/system/uid_9999/pid_628 after 0 ms
[   93.670799] libprocessgroup: Unable to remove cgroup /sys/fs/cgroup/system/uid_9999/pid_628: Device or resource busy
[   93.671686] VIRTUAL_DEVICE_DISPLAY_POWER_MODE_CHANGED display=0 mode=OFF
[   93.688122] rust_binder: Failed to allocate buffer. len:144, is_oneway:true
[   93.692323] init: Sending SIGTERM to service 'vendor.hwcomposer-3' (pid 627) process group...
[   93.731933] libprocessgroup: Still waiting on process(es) to exit for cgroup /sys/fs/cgroup/system/uid_1000/pid_627 after 0 ms
[   93.732808] libprocessgroup: Unable to remove cgroup /sys/fs/cgroup/system/uid_1000/pid_627: Device or resource busy
[   93.742822] logd: logdr: UID=1000 GID=1000 PID=4089 n tail=127 logMask=19 pid=0 start=0ns deadline=0ns
[   93.746870] init: Sending SIGTERM to service 'vendor.gnss-default' (pid 625) process group...
[   93.750101] libprocessgroup: Still waiting on process(es) to exit for cgroup /sys/fs/cgroup/system/uid_9999/pid_625 after 0 ms
[   93.750418] libprocessgroup: Unable to remove cgroup /sys/fs/cgroup/system/uid_9999/pid_625: Device or resource busy
[   93.752858] init: Sending SIGTERM to service 'vendor.drm-clearkey-service' (pid 624) process group...
[   93.753365] libprocessgroup: Still waiting on process(es) to exit for cgroup /sys/fs/cgroup/system/uid_1013/pid_624 after 0 ms
[   93.753731] libprocessgroup: Unable to remove cgroup /sys/fs/cgroup/system/uid_1013/pid_624: Device or resource busy
[   93.765090] init: Sending SIGTERM to service 'vendor.contexthub-default' (pid 623) process group...
[   93.765710] libprocessgroup: Still waiting on process(es) to exit for cgroup /sys/fs/cgroup/system/uid_1080/pid_623 after 0 ms
[   93.766072] libprocessgroup: Unable to remove cgroup /sys/fs/cgroup/system/uid_1080/pid_623: Device or resource busy
[   93.768098] init: Sending SIGTERM to service 'vendor.cas-default' (pid 622) process group...
[   93.768592] libprocessgroup: Still waiting on process(es) to exit for cgroup /sys/fs/cgroup/system/uid_1013/pid_622 after 0 ms
[   93.768921] libprocessgroup: Unable to remove cgroup /sys/fs/cgroup/system/uid_1013/pid_622: Device or resource busy
[   93.772655] init: Sending SIGTERM to service 'vendor.authsecret_default' (pid 618) process group...
[   93.773181] libprocessgroup: Still waiting on process(es) to exit for cgroup /sys/fs/cgroup/system/uid_1064/pid_618 after 0 ms
[   93.773417] libprocessgroup: Unable to remove cgroup /sys/fs/cgroup/system/uid_1064/pid_618: Device or resource busy
[   93.773913] init: Sending SIGTERM to service 'vendor.audio-effect-hal-aidl' (pid 617) process group...
[   93.782481] libprocessgroup: Still waiting on process(es) to exit for cgroup /sys/fs/cgroup/system/uid_1041/pid_617 after 0 ms
[   93.782758] libprocessgroup: Unable to remove cgroup /sys/fs/cgroup/system/uid_1041/pid_617: Device or resource busy
[   93.787021] init: Sending SIGTERM to service 'vendor.audio-hal-aidl' (pid 614) process group...
[   93.787521] libprocessgroup: Still waiting on process(es) to exit for cgroup /sys/fs/cgroup/system/uid_1041/pid_614 after 0 ms
[   93.787789] libprocessgroup: Unable to remove cgroup /sys/fs/cgroup/system/uid_1041/pid_614: Device or resource busy
[   93.789145] init: Sending SIGTERM to service 'vendor.motioncontext-default' (pid 608) process group...
[   93.789564] libprocessgroup: Still waiting on process(es) to exit for cgroup /sys/fs/cgroup/system/uid_1080/pid_608 after 0 ms
[   93.789840] libprocessgroup: Unable to remove cgroup /sys/fs/cgroup/system/uid_1080/pid_608: Device or resource busy
[   93.791262] init: Sending SIGTERM to service 'vendor.sensors-hal-multihal' (pid 607) process group...
[   93.794513] libprocessgroup: Still waiting on process(es) to exit for cgroup /sys/fs/cgroup/system/uid_1000/pid_607 after 0 ms
[   93.794795] libprocessgroup: Unable to remove cgroup /sys/fs/cgroup/system/uid_1000/pid_607: Device or resource busy
[   93.795239] init: Sending SIGTERM to service 'audio_parameter_parser_service' (pid 605) process group...
[   93.795613] libprocessgroup: Still waiting on process(es) to exit for cgroup /sys/fs/cgroup/system/uid_1041/pid_605 after 0 ms
[   93.795878] libprocessgroup: Unable to remove cgroup /sys/fs/cgroup/system/uid_1041/pid_605: Device or resource busy
[   93.798475] init: Sending SIGTERM to service 'zygote' (pid 596) process group...
[   93.922552] libprocessgroup: Still waiting on process(es) to exit for cgroup /sys/fs/cgroup/system/uid_0/pid_596 after 0 ms
[   93.922804] libprocessgroup: Unable to remove cgroup /sys/fs/cgroup/system/uid_0/pid_596: Device or resource busy
[   93.926604] init: Sending SIGTERM to service 'statsd' (pid 595) process group...
[   93.927221] libprocessgroup: Still waiting on process(es) to exit for cgroup /sys/fs/cgroup/system/uid_1066/pid_595 after 0 ms
[   93.927484] libprocessgroup: Unable to remove cgroup /sys/fs/cgroup/system/uid_1066/pid_595: Device or resource busy
[   93.927997] init: Sending SIGTERM to service 'netd' (pid 594) process group...
[   93.928637] libprocessgroup: Still waiting on process(es) to exit for cgroup /sys/fs/cgroup/system/uid_0/pid_594 after 0 ms
[   93.928872] libprocessgroup: Unable to remove cgroup /sys/fs/cgroup/system/uid_0/pid_594: Device or resource busy
[   93.929273] init: Sending SIGTERM to service 'rpmb_mock_test_system' (pid 587) process group...
[   93.929677] libprocessgroup: Still waiting on process(es) to exit for cgroup /sys/fs/cgroup/system/uid_1000/pid_587 after 0 ms
[   93.929948] libprocessgroup: Unable to remove cgroup /sys/fs/cgroup/system/uid_1000/pid_587: Device or resource busy
[   93.930357] init: Sending SIGTERM to service 'vendor.keymint-default' (pid 435) process group...
[   93.930963] libprocessgroup: Still waiting on process(es) to exit for cgroup /sys/fs/cgroup/system/uid_9999/pid_435 after 0 ms
[   93.931273] libprocessgroup: Unable to remove cgroup /sys/fs/cgroup/system/uid_9999/pid_435: Device or resource busy
[   93.938455] init: Sending SIGTERM to service 'vendor.gatekeeper_nonsecure' (pid 434) process group...
[   93.946486] libprocessgroup: Still waiting on process(es) to exit for cgroup /sys/fs/cgroup/system/uid_1000/pid_434 after 0 ms
[   93.946801] libprocessgroup: Unable to remove cgroup /sys/fs/cgroup/system/uid_1000/pid_434: Device or resource busy
[   93.950461] init: Sending SIGTERM to service 'vendor.boot-default' (pid 431) process group...
[   93.950874] libprocessgroup: Still waiting on process(es) to exit for cgroup /sys/fs/cgroup/system/uid_0/pid_431 after 0 ms
[   93.951180] libprocessgroup: Unable to remove cgroup /sys/fs/cgroup/system/uid_0/pid_431: Device or resource busy
[   93.954557] init: Sending SIGTERM to service 'suspend_blocker' (pid 430) process group...
[   93.954950] libprocessgroup: Still waiting on process(es) to exit for cgroup /sys/fs/cgroup/system/uid_0/pid_430 after 0 ms
[   93.955214] libprocessgroup: Unable to remove cgroup /sys/fs/cgroup/system/uid_0/pid_430: Device or resource busy
[   93.958602] init: Sending SIGTERM to service 'keystore2' (pid 429) process group...
[   93.959001] libprocessgroup: Still waiting on process(es) to exit for cgroup /sys/fs/cgroup/system/uid_1017/pid_429 after 0 ms
[   93.959271] libprocessgroup: Unable to remove cgroup /sys/fs/cgroup/system/uid_1017/pid_429: Device or resource busy
[   93.965909] init: Sending SIGTERM to service 'system_suspend' (pid 428) process group...
[   93.968680] logd: SocketClient: write error (Broken pipe)
[   93.971995] libprocessgroup: Still waiting on process(es) to exit for cgroup /sys/fs/cgroup/system/uid_1000/pid_428 after 0 ms
[   93.972293] libprocessgroup: Unable to remove cgroup /sys/fs/cgroup/system/uid_1000/pid_428: Device or resource busy
[   93.973574] init: Sending SIGTERM to service 'lmkd' (pid 396) process group...
[   93.975142] libprocessgroup: Still waiting on process(es) to exit for cgroup /sys/fs/cgroup/system/uid_1069/pid_396 after 0 ms
[   93.975493] libprocessgroup: Unable to remove cgroup /sys/fs/cgroup/system/uid_1069/pid_396: Device or resource busy
[   93.986730] init: Sending SIGTERM to service 'prng_seeder' (pid 388) process group...
[   93.987157] libprocessgroup: Still waiting on process(es) to exit for cgroup /sys/fs/cgroup/system/uid_1092/pid_388 after 0 ms
[   93.987449] libprocessgroup: Unable to remove cgroup /sys/fs/cgroup/system/uid_1092/pid_388: Device or resource busy
[   94.108087] init: Stopping untracked process group 3329 by sending SIGTERM
[   94.108484] init: Service 'prng_seeder' (pid 388) received SIGTERM
[   94.108678] init: Sending SIGKILL to service 'prng_seeder' (pid 388) process group...
[   94.109559] libprocessgroup: Removed cgroup /sys/fs/cgroup/system/uid_1092/pid_388
[   94.151446] init: Service 'system_suspend' (pid 428) received SIGTERM
[   94.152100] init: Sending SIGKILL to service 'system_suspend' (pid 428) process group...
[   94.174150] libprocessgroup: Removed cgroup /sys/fs/cgroup/system/uid_1000/pid_428
[   94.179746] init: Service 'keystore2' (pid 429) received SIGTERM
[   94.179978] init: Sending SIGKILL to service 'keystore2' (pid 429) process group...
[   94.181133] libprocessgroup: Removed cgroup /sys/fs/cgroup/system/uid_1017/pid_429
[   94.192239] init: Service 'suspend_blocker' (pid 430) received SIGTERM
[   94.192426] init: Sending SIGKILL to service 'suspend_blocker' (pid 430) process group...
[   94.193520] libprocessgroup: Removed cgroup /sys/fs/cgroup/system/uid_0/pid_430
[   94.202865] init: Service 'vendor.boot-default' (pid 431) received SIGTERM
[   94.203045] init: Sending SIGKILL to service 'vendor.boot-default' (pid 431) process group...
[   94.204196] libprocessgroup: Removed cgroup /sys/fs/cgroup/system/uid_0/pid_431
[   94.210939] init: Service 'vendor.gatekeeper_nonsecure' (pid 434) received SIGTERM
[   94.211166] init: Sending SIGKILL to service 'vendor.gatekeeper_nonsecure' (pid 434) process group...
[   94.212102] libprocessgroup: Removed cgroup /sys/fs/cgroup/system/uid_1000/pid_434
[   94.215198] init: Service 'vendor.keymint-default' (pid 435) received SIGTERM
[   94.215395] init: Sending SIGKILL to service 'vendor.keymint-default' (pid 435) process group...
[   94.216331] libprocessgroup: Removed cgroup /sys/fs/cgroup/system/uid_9999/pid_435
[   94.222703] init: Service 'rpmb_mock_test_system' (pid 587) received SIGTERM
[   94.222879] init: Sending SIGKILL to service 'rpmb_mock_test_system' (pid 587) process group...
[   94.224022] libprocessgroup: Removed cgroup /sys/fs/cgroup/system/uid_1000/pid_587
[   94.229322] init: Service 'netd' (pid 594) received SIGTERM
[   94.229453] init: Sending SIGKILL to service 'netd' (pid 594) process group...
[   94.237715] libprocessgroup: Removed cgroup /sys/fs/cgroup/system/uid_0/pid_594
[   94.243495] init: Service 'zygote' (pid 596) received SIGTERM
[   94.243663] init: Sending SIGKILL to service 'zygote' (pid 596) process group...
[   94.255315] libprocessgroup: Removed cgroup /sys/fs/cgroup/system/uid_0/pid_596
[   94.256546] libprocessgroup: Removing /sys/fs/cgroup/apps/uid_10105/pid_2651
[   94.256929] libprocessgroup: Removing /sys/fs/cgroup/apps/uid_10077/pid_3667
[   94.257367] libprocessgroup: Removing /sys/fs/cgroup/apps/uid_10029/pid_3445
[   94.257790] libprocessgroup: Removing /sys/fs/cgroup/apps/uid_10057/pid_3303
[   94.258271] libprocessgroup: Removing /sys/fs/cgroup/apps/uid_10085/pid_2828
[   94.274662] libprocessgroup: Removing /sys/fs/cgroup/apps/uid_10121/pid_3230
[   94.275038] libprocessgroup: Removing /sys/fs/cgroup/apps/uid_10027/pid_3820
[   94.275492] libprocessgroup: Removing /sys/fs/cgroup/apps/uid_10111/pid_3887
[   94.275897] libprocessgroup: Removing /sys/fs/cgroup/apps/uid_10101/pid_3913
[   94.276377] libprocessgroup: Removing /sys/fs/cgroup/apps/uid_10063/pid_3651
[   94.276795] libprocessgroup: Removing /sys/fs/cgroup/apps/uid_10081/pid_3523
[   94.277206] libprocessgroup: Removing /sys/fs/cgroup/apps/uid_10061/pid_3725
[   94.277621] libprocessgroup: Removing /sys/fs/cgroup/apps/uid_10023/pid_3512
[   94.277997] libprocessgroup: Removing /sys/fs/cgroup/apps/uid_10108/pid_3266
[   94.286430] libprocessgroup: Removing /sys/fs/cgroup/apps/uid_10088/pid_2648
[   94.286886] libprocessgroup: Removing /sys/fs/cgroup/apps/uid_10021/pid_3554
[   94.287242] libprocessgroup: Removing /sys/fs/cgroup/apps/uid_10106
[   94.288257] libprocessgroup: Removing /sys/fs/cgroup/apps/uid_10068/pid_3747
[   94.288592] libprocessgroup: Removing /sys/fs/cgroup/apps/uid_10048/pid_3793
[   94.288996] libprocessgroup: Removing /sys/fs/cgroup/apps/uid_10076/pid_3444
[   94.289393] libprocessgroup: Removing /sys/fs/cgroup/apps/uid_10066/pid_3634
[   94.289761] libprocessgroup: Removing /sys/fs/cgroup/apps/uid_10028/pid_3298
[   94.290130] libprocessgroup: Removing /sys/fs/cgroup/apps/uid_10112/pid_3842
[   94.305494] libprocessgroup: Removing /sys/fs/cgroup/apps/uid_10084/pid_2959
[   94.305889] libprocessgroup: Removing /sys/fs/cgroup/apps/uid_10102/pid_3034
[   94.306330] libprocessgroup: Removing /sys/fs/cgroup/apps/uid_10036/pid_3902
[   94.306763] libprocessgroup: Removing /sys/fs/cgroup/apps/uid_10064/pid_3584
[   94.307167] libprocessgroup: Removing /sys/fs/cgroup/apps/uid_10034/pid_3385
[   94.307518] libprocessgroup: Removing /sys/fs/cgroup/apps/uid_10062/pid_3593
[   94.307843] libprocessgroup: Removing /sys/fs/cgroup/apps/uid_10024/pid_3067
[   94.308197] libprocessgroup: Removing /sys/fs/cgroup/apps/uid_10109/pid_3475
[   94.308561] libprocessgroup: Removing /sys/fs/cgroup/apps/uid_10080/pid_3090
[   94.308929] libprocessgroup: Removing /sys/fs/cgroup/apps/uid_10099/pid_3738
[   94.309214] libprocessgroup: Removing /sys/fs/cgroup/apps/uid_10099/pid_3782
[   94.309601] libprocessgroup: Removing /sys/fs/cgroup/apps/uid_10069/pid_3805
[   94.309913] libprocessgroup: Removing /sys/fs/cgroup/apps/uid_10030/pid_3389
[   94.310323] libprocessgroup: Removing /sys/fs/cgroup/apps/uid_10115/pid_3231
[   94.314607] libprocessgroup: Removing /sys/fs/cgroup/apps/uid_10059/pid_3709
[   94.315357] libprocessgroup: Removing /sys/fs/cgroup/system/uid_1003
[   94.316276] libprocessgroup: Removing /sys/fs/cgroup/system/uid_9999/pid_714
[   94.318374] libprocessgroup: Removing /sys/fs/cgroup/system/uid_9999/pid_628
[   94.321160] libprocessgroup: Removing /sys/fs/cgroup/system/uid_9999/pid_646
[   94.321992] libprocessgroup: Removing /sys/fs/cgroup/system/uid_9999/pid_3227
[   94.331000] libprocessgroup: Removing /sys/fs/cgroup/system/uid_9999/pid_672
[   94.331812] libprocessgroup: Removing /sys/fs/cgroup/system/uid_9999/pid_642
[   94.332583] libprocessgroup: Removing /sys/fs/cgroup/system/uid_9999/pid_2597
[   94.333326] libprocessgroup: Removing /sys/fs/cgroup/system/uid_9999/pid_2595
[   94.333939] libprocessgroup: Removing /sys/fs/cgroup/system/uid_9999/pid_655
[   94.342808] libprocessgroup: Removing /sys/fs/cgroup/system/uid_9999/pid_645
[   94.343421] libprocessgroup: Removing /sys/fs/cgroup/system/uid_9999/pid_673
[   94.343679] libprocessgroup: Removing /sys/fs/cgroup/system/uid_9999/pid_625
[   94.344930] libprocessgroup: Removing /sys/fs/cgroup/system/uid_9999/pid_643
[   94.345583] libprocessgroup: Removing /sys/fs/cgroup/system/uid_1068/pid_2797
[   94.345906] libprocessgroup: Removing /sys/fs/cgroup/system/uid_1001/pid_742
[   94.354487] libprocessgroup: Removing /sys/fs/cgroup/system/uid_1001/pid_2814
[   94.354840] libprocessgroup: Removing /sys/fs/cgroup/system/uid_1058/pid_468
[   94.355145] libprocessgroup: Removing /sys/fs/cgroup/system/uid_1086
[   94.355857] libprocessgroup: Removing /sys/fs/cgroup/system/uid_1076/pid_681
[   94.356566] libprocessgroup: Removing /sys/fs/cgroup/system/uid_1076
[   94.357172] libprocessgroup: Removing /sys/fs/cgroup/system/uid_1066/pid_595
[   94.357443] libprocessgroup: Removing /sys/fs/cgroup/system/uid_1084/pid_648
[   94.358094] libprocessgroup: Removing /sys/fs/cgroup/system/uid_1084/pid_2623
[   94.365620] libprocessgroup: Removing /sys/fs/cgroup/system/uid_1084
[   94.366207] libprocessgroup: Removing /sys/fs/cgroup/system/uid_1046/pid_741
[   94.366687] libprocessgroup: Removing /sys/fs/cgroup/system/uid_1046
[   94.367163] libprocessgroup: Removing /sys/fs/cgroup/system/uid_1036/pid_740
[   94.367658] libprocessgroup: Removing /sys/fs/cgroup/system/uid_1036/pid_395
[   94.367936] libprocessgroup: Removing /sys/fs/cgroup/system/uid_1064/pid_676
[   94.368468] libprocessgroup: Removing /sys/fs/cgroup/system/uid_1064/pid_618
[   94.382721] libprocessgroup: Removing /sys/fs/cgroup/system/uid_1064
[   94.383342] libprocessgroup: Removing /sys/fs/cgroup/system/uid_1092
[   94.383999] libprocessgroup: Removing /sys/fs/cgroup/system/uid_2000/pid_3927
[   94.384291] libprocessgroup: Removing /sys/fs/cgroup/system/uid_1082
[   94.384936] libprocessgroup: Removing /sys/fs/cgroup/system/uid_1072/pid_686
[   94.385409] libprocessgroup: Removing /sys/fs/cgroup/system/uid_1072
[   94.385850] libprocessgroup: Removing /sys/fs/cgroup/system/uid_1080/pid_608
[   94.393931] libprocessgroup: Removing /sys/fs/cgroup/system/uid_1080/pid_623
[   94.394481] libprocessgroup: Removing /sys/fs/cgroup/system/uid_1080
[   94.395012] libprocessgroup: Removing /sys/fs/cgroup/system/uid_1040/pid_728
[   94.395491] libprocessgroup: Removing /sys/fs/cgroup/system/uid_1040
[   94.396021] libprocessgroup: Removing /sys/fs/cgroup/system/uid_1069/pid_396
[   94.396354] libprocessgroup: Removing /sys/fs/cgroup/system/uid_1002/pid_2783
[   94.396594] libprocessgroup: Removing /sys/fs/cgroup/system/uid_1002/pid_666
[   94.397148] libprocessgroup: Removing /sys/fs/cgroup/system/uid_1002/pid_669
[   94.397641] libprocessgroup: Removing /sys/fs/cgroup/system/uid_1020/pid_3194
[   94.398118] libprocessgroup: Removing /sys/fs/cgroup/system/uid_1020
[   94.410903] libprocessgroup: Removing /sys/fs/cgroup/system/uid_1010/pid_656
[   94.411428] libprocessgroup: Removing /sys/fs/cgroup/system/uid_1010
[   94.412103] libprocessgroup: Removing /sys/fs/cgroup/system/uid_1067
[   94.412726] libprocessgroup: Removing /sys/fs/cgroup/system/uid_1000/pid_638
[   94.413374] libprocessgroup: Removing /sys/fs/cgroup/system/uid_1000/pid_636
[   94.413881] libprocessgroup: Removing /sys/fs/cgroup/system/uid_1000/pid_4042
[   94.414122] libprocessgroup: Removing /sys/fs/cgroup/system/uid_1000/pid_2854
[   94.414351] libprocessgroup: Removing /sys/fs/cgroup/system/uid_1000/pid_397
[   94.418032] libprocessgroup: Removing /sys/fs/cgroup/system/uid_1000/pid_689
[   94.422563] libprocessgroup: Removing /sys/fs/cgroup/system/uid_1000/pid_3356
[   94.422955] libprocessgroup: Removing /sys/fs/cgroup/system/uid_1000/pid_640
[   94.423684] libprocessgroup: Removing /sys/fs/cgroup/system/uid_1000/pid_649
[   94.424156] libprocessgroup: Removing /sys/fs/cgroup/system/uid_1000/pid_3344
[   94.424440] libprocessgroup: Removing /sys/fs/cgroup/system/uid_1000/pid_3843
[   94.424663] libprocessgroup: Removing /sys/fs/cgroup/system/uid_1000/pid_836
[   94.424878] libprocessgroup: Removing /sys/fs/cgroup/system/uid_1000/pid_637
[   94.425192] libprocessgroup: Removing /sys/fs/cgroup/system/uid_1000/pid_693
[   94.425703] libprocessgroup: Removing /sys/fs/cgroup/system/uid_1000/pid_627
[   94.425988] libprocessgroup: Removing /sys/fs/cgroup/system/uid_1000/pid_3831
[   94.426198] libprocessgroup: Removing /sys/fs/cgroup/system/uid_1000/pid_607
[   94.435326] libprocessgroup: Removing /sys/fs/cgroup/system/uid_1000/pid_4041
[   94.435847] libprocessgroup: Removing /sys/fs/cgroup/system/uid_1000/pid_671
[   94.436202] libprocessgroup: Removing /sys/fs/cgroup/system/uid_1000/pid_3526
[   94.436456] libprocessgroup: Removing /sys/fs/cgroup/system/uid_1000/pid_641
[   94.436743] libprocessgroup: Removing /sys/fs/cgroup/system/uid_1000/pid_744
[   94.437213] libprocessgroup: Removing /sys/fs/cgroup/system/uid_1019/pid_710
[   94.437691] libprocessgroup: Removing /sys/fs/cgroup/system/uid_1019
[   94.438011] libprocessgroup: Removing /sys/fs/cgroup/system/uid_1047/pid_719
[   94.438369] libprocessgroup: Removing /sys/fs/cgroup/system/uid_1047/pid_677
[   94.446492] libprocessgroup: Removing /sys/fs/cgroup/system/uid_1047
[   94.446822] libprocessgroup: Removing /sys/fs/cgroup/system/uid_1037
[   94.447216] libprocessgroup: Removing /sys/fs/cgroup/system/uid_1027/pid_675
[   94.447503] libprocessgroup: Removing /sys/fs/cgroup/system/uid_1027/pid_2785
[   94.447730] libprocessgroup: Removing /sys/fs/cgroup/system/uid_1083/pid_652
[   94.448018] libprocessgroup: Removing /sys/fs/cgroup/system/uid_1083
[   94.448319] libprocessgroup: Removing /sys/fs/cgroup/system/uid_1017
[   94.448748] libprocessgroup: Removing /sys/fs/cgroup/system/uid_1073/pid_2726
[   94.448959] libprocessgroup: Removing /sys/fs/cgroup/system/uid_1053/pid_2700
[   94.449196] libprocessgroup: Removing /sys/fs/cgroup/system/uid_0/pid_749
[   94.449519] libprocessgroup: Removing /sys/fs/cgroup/system/uid_0/pid_692
[   94.449806] libprocessgroup: Removing /sys/fs/cgroup/system/uid_0/pid_739
[   94.450224] libprocessgroup: Removing /sys/fs/cgroup/system/uid_0/pid_634
[   94.500595] libprocessgroup: Removing /sys/fs/cgroup/system/uid_0/pid_407
[   94.519255] libprocessgroup: Removing /sys/fs/cgroup/system/uid_0/pid_103
[   94.519577] libprocessgroup: Removing /sys/fs/cgroup/system/uid_0/pid_725
[   94.520864] libprocessgroup: Removing /sys/fs/cgroup/system/uid_0/pid_751
[   94.522005] libprocessgroup: Removing /sys/fs/cgroup/system/uid_0/pid_3868
[   94.542585] libprocessgroup: Removing /sys/fs/cgroup/system/uid_1081
[   94.543920] libprocessgroup: Removing /sys/fs/cgroup/system/uid_1023
[   94.544942] libprocessgroup: Removing /sys/fs/cgroup/system/uid_1013/pid_730
[   94.545882] libprocessgroup: Removing /sys/fs/cgroup/system/uid_1013/pid_624
[   94.546910] libprocessgroup: Removing /sys/fs/cgroup/system/uid_1013/pid_737
[   94.547736] libprocessgroup: Removing /sys/fs/cgroup/system/uid_1013/pid_622
[   94.548569] libprocessgroup: Removing /sys/fs/cgroup/system/uid_1013
[   94.549672] libprocessgroup: Removing /sys/fs/cgroup/system/uid_1041/pid_614
[   94.550636] libprocessgroup: Removing /sys/fs/cgroup/system/uid_1041/pid_617
[   94.551428] libprocessgroup: Removing /sys/fs/cgroup/system/uid_1041/pid_605
[   94.555102] libprocessgroup: Removing /sys/fs/cgroup/system/uid_1041/pid_678
[   94.556064] libprocessgroup: Removing /sys/fs/cgroup/system/uid_1041
[   94.575494] init: Service 'statsd' (pid 595) received SIGTERM
[   94.575777] init: Sending SIGKILL to service 'statsd' (pid 595) process group...
[   94.576811] libprocessgroup: Removed cgroup /sys/fs/cgroup/system/uid_1066/pid_595
[   94.581306] init: Service 'audio_parameter_parser_service' (pid 605) received SIGTERM
[   94.581485] init: Sending SIGKILL to service 'audio_parameter_parser_service' (pid 605) process group...
[   94.581730] libprocessgroup: Failed to write 1 to /sys/fs/cgroup/system/uid_1041/pid_605/cgroup.kill: No such file or directory
[   94.584490] init: Service 'vendor.sensors-hal-multihal' (pid 607) received SIGTERM
[   94.584656] init: Sending SIGKILL to service 'vendor.sensors-hal-multihal' (pid 607) process group...
[   94.584952] libprocessgroup: Failed to write 1 to /sys/fs/cgroup/system/uid_1000/pid_607/cgroup.kill: No such file or directory
[   94.586626] init: Service 'vendor.motioncontext-default' (pid 608) received SIGTERM
[   94.586795] init: Sending SIGKILL to service 'vendor.motioncontext-default' (pid 608) process group...
[   94.586974] libprocessgroup: Failed to write 1 to /sys/fs/cgroup/system/uid_1080/pid_608/cgroup.kill: No such file or directory
[   94.587794] init: Service 'vendor.audio-hal-aidl' (pid 614) received SIGTERM
[   94.587948] init: Sending SIGKILL to service 'vendor.audio-hal-aidl' (pid 614) process group...
[   94.588101] libprocessgroup: Failed to write 1 to /sys/fs/cgroup/system/uid_1041/pid_614/cgroup.kill: No such file or directory
[   94.589999] init: Service 'vendor.audio-effect-hal-aidl' (pid 617) received SIGTERM
[   94.590136] init: Sending SIGKILL to service 'vendor.audio-effect-hal-aidl' (pid 617) process group...
[   94.590289] libprocessgroup: Failed to write 1 to /sys/fs/cgroup/system/uid_1041/pid_617/cgroup.kill: No such file or directory
[   94.591156] init: Service 'vendor.authsecret_default' (pid 618) received SIGTERM
[   94.591342] init: Sending SIGKILL to service 'vendor.authsecret_default' (pid 618) process group...
[   94.591541] libprocessgroup: Failed to write 1 to /sys/fs/cgroup/system/uid_1064/pid_618/cgroup.kill: No such file or directory
[   94.592272] init: Service 'vendor.cas-default' (pid 622) received SIGTERM
[   94.592437] init: Sending SIGKILL to service 'vendor.cas-default' (pid 622) process group...
[   94.592615] libprocessgroup: Failed to write 1 to /sys/fs/cgroup/system/uid_1013/pid_622/cgroup.kill: No such file or directory
[   94.593068] init: Service 'vendor.contexthub-default' (pid 623) received SIGTERM
[   94.593231] init: Sending SIGKILL to service 'vendor.contexthub-default' (pid 623) process group...
[   94.593393] libprocessgroup: Failed to write 1 to /sys/fs/cgroup/system/uid_1080/pid_623/cgroup.kill: No such file or directory
[   94.594070] init: Service 'vendor.drm-clearkey-service' (pid 624) received SIGTERM
[   94.594266] init: Sending SIGKILL to service 'vendor.drm-clearkey-service' (pid 624) process group...
[   94.594490] libprocessgroup: Failed to write 1 to /sys/fs/cgroup/system/uid_1013/pid_624/cgroup.kill: No such file or directory
[   94.598908] init: Service 'vendor.gnss-default' (pid 625) received SIGTERM
[   94.599043] init: Sending SIGKILL to service 'vendor.gnss-default' (pid 625) process group...
[   94.599387] libprocessgroup: Failed to write 1 to /sys/fs/cgroup/system/uid_9999/pid_625/cgroup.kill: No such file or directory
[   94.602889] init: Service 'vendor.hwcomposer-3' (pid 627) received SIGTERM
[   94.603059] init: Sending SIGKILL to service 'vendor.hwcomposer-3' (pid 627) process group...
[   94.603334] libprocessgroup: Failed to write 1 to /sys/fs/cgroup/system/uid_1000/pid_627/cgroup.kill: No such file or directory
[   94.604563] init: Service 'vendor.inputprocessor-default' (pid 628) received SIGTERM
[   94.604747] init: Sending SIGKILL to service 'vendor.inputprocessor-default' (pid 628) process group...
[   94.604935] libprocessgroup: Failed to write 1 to /sys/fs/cgroup/system/uid_9999/pid_628/cgroup.kill: No such file or directory
[   94.606889] init: Service 'vendor.ir-default' (pid 632) received SIGTERM
[   94.607056] init: Sending SIGKILL to service 'vendor.ir-default' (pid 632) process group...
[   94.607505] libprocessgroup: Failed to write 1 to /sys/fs/cgroup/system/uid_1000/pid_632/cgroup.kill: No such file or directory
[   94.612995] init: Service 'vendor.memtrack-default' (pid 633) received SIGTERM
[   94.613177] init: Sending SIGKILL to service 'vendor.memtrack-default' (pid 633) process group...
[   94.613425] libprocessgroup: Failed to write 1 to /sys/fs/cgroup/system/uid_9999/pid_633/cgroup.kill: No such file or directory
[   94.614199] init: Service 'nlinterceptor' (pid 634) received SIGTERM
[   94.614344] init: Sending SIGKILL to service 'nlinterceptor' (pid 634) process group...
[   94.614600] libprocessgroup: Failed to write 1 to /sys/fs/cgroup/system/uid_0/pid_634/cgroup.kill: No such file or directory
[   94.618516] init: Service 'neuralnetworks_hal_service_aidl_sample_all' (pid 636) received SIGTERM
[   94.618699] init: Sending SIGKILL to service 'neuralnetworks_hal_service_aidl_sample_all' (pid 636) process group...
[   94.619103] libprocessgroup: Failed to write 1 to /sys/fs/cgroup/system/uid_1000/pid_636/cgroup.kill: No such file or directory
[   94.619897] init: Service 'neuralnetworks_hal_service_aidl_sample_limited' (pid 637) received SIGTERM
[   94.620032] init: Sending SIGKILL to service 'neuralnetworks_hal_service_aidl_sample_limited' (pid 637) process group...
[   94.620321] libprocessgroup: Failed to write 1 to /sys/fs/cgroup/system/uid_1000/pid_637/cgroup.kill: No such file or directory
[   94.622898] init: Service 'neuralnetworks_hal_service_shim_sample' (pid 638) received SIGTERM
[   94.623116] init: Sending SIGKILL to service 'neuralnetworks_hal_service_shim_sample' (pid 638) process group...
[   94.623312] libprocessgroup: Failed to write 1 to /sys/fs/cgroup/system/uid_1000/pid_638/cgroup.kill: No such file or directory
[   94.627526] init: Service 'vendor.power-default' (pid 639) received SIGTERM
[   94.627668] init: Sending SIGKILL to service 'vendor.power-default' (pid 639) process group...
[   94.627961] libprocessgroup: Failed to write 1 to /sys/fs/cgroup/system/uid_9999/pid_639/cgroup.kill: No such file or directory
[   94.630873] init: Service 'vendor.power.stats-default' (pid 640) received SIGTERM
[   94.631019] init: Sending SIGKILL to service 'vendor.power.stats-default' (pid 640) process group...
[   94.631305] libprocessgroup: Failed to write 1 to /sys/fs/cgroup/system/uid_1000/pid_640/cgroup.kill: No such file or directory
[   94.632048] init: Service 'vendor.rebootescrow-default' (pid 641) received SIGTERM
[   94.632237] init: Sending SIGKILL to service 'vendor.rebootescrow-default' (pid 641) process group...
[   94.632510] libprocessgroup: Failed to write 1 to /sys/fs/cgroup/system/uid_1000/pid_641/cgroup.kill: No such file or directory
[   94.633247] init: Service 'vendor.secure_element' (pid 642) received SIGTERM
[   94.633451] init: Sending SIGKILL to service 'vendor.secure_element' (pid 642) process group...
[   94.633751] libprocessgroup: Failed to write 1 to /sys/fs/cgroup/system/uid_9999/pid_642/cgroup.kill: No such file or directory
[   94.634414] init: Service 'vendor.authgraph' (pid 643) received SIGTERM
[   94.634539] init: Sending SIGKILL to service 'vendor.authgraph' (pid 643) process group...
[   94.634778] libprocessgroup: Failed to write 1 to /sys/fs/cgroup/system/uid_9999/pid_643/cgroup.kill: No such file or directory
[   94.635287] init: Service 'vendor.secretkeeper' (pid 645) received SIGTERM
[   94.635396] init: Sending SIGKILL to service 'vendor.secretkeeper' (pid 645) process group...
[   94.635653] libprocessgroup: Failed to write 1 to /sys/fs/cgroup/system/uid_9999/pid_645/cgroup.kill: No such file or directory
[   94.636295] init: Service 'vendor.tetheroffload-example' (pid 646) received SIGTERM
[   94.636461] init: Sending SIGKILL to service 'vendor.tetheroffload-example' (pid 646) process group...
[   94.636717] libprocessgroup: Failed to write 1 to /sys/fs/cgroup/system/uid_9999/pid_646/cgroup.kill: No such file or directory
[   94.637244] init: Service 'vendor.thermal-example' (pid 647) received SIGTERM
[   94.637373] init: Sending SIGKILL to service 'vendor.thermal-example' (pid 647) process group...
[   94.637624] libprocessgroup: Failed to write 1 to /sys/fs/cgroup/system/uid_9999/pid_647/cgroup.kill: No such file or directory
[   94.638282] init: Service 'vendor.threadnetwork_hal' (pid 648) received SIGTERM
[   94.638468] init: Sending SIGKILL to service 'vendor.threadnetwork_hal' (pid 648) process group...
[   94.638680] libprocessgroup: Failed to write 1 to /sys/fs/cgroup/system/uid_1084/pid_648/cgroup.kill: No such file or directory
[   94.639310] init: Service 'vendor.usb_default' (pid 649) received SIGTERM
[   94.639457] init: Sending SIGKILL to service 'vendor.usb_default' (pid 649) process group...
[   94.639708] libprocessgroup: Failed to write 1 to /sys/fs/cgroup/system/uid_1000/pid_649/cgroup.kill: No such file or directory
[   94.640247] init: Service 'vendor.uwb_hal' (pid 652) received SIGTERM
[   94.640370] init: Sending SIGKILL to service 'vendor.uwb_hal' (pid 652) process group...
[   94.640544] libprocessgroup: Failed to write 1 to /sys/fs/cgroup/system/uid_1083/pid_652/cgroup.kill: No such file or directory
[   94.641366] init: Service 'vendor.vibrator-default' (pid 655) received SIGTERM
[   94.641555] init: Sending SIGKILL to service 'vendor.vibrator-default' (pid 655) process group...
[   94.641751] libprocessgroup: Failed to write 1 to /sys/fs/cgroup/system/uid_9999/pid_655/cgroup.kill: No such file or directory
[   94.655706] init: Service 'vendor.wifi_hal_legacy' (pid 656) received SIGTERM
[   94.655888] init: Sending SIGKILL to service 'vendor.wifi_hal_legacy' (pid 656) process group...
[   94.656152] libprocessgroup: Failed to write 1 to /sys/fs/cgroup/system/uid_1010/pid_656/cgroup.kill: No such file or directory
[   94.662697] init: Service 'bt_hci' (pid 660) received SIGTERM
[   94.662864] init: Sending SIGKILL to service 'bt_hci' (pid 660) process group...
[   94.663126] libprocessgroup: Failed to write 1 to /sys/fs/cgroup/system/uid_1002/pid_660/cgroup.kill: No such file or directory
[   94.663774] init: Service 'bt_finder' (pid 661) received SIGTERM
[   94.663883] init: Sending SIGKILL to service 'bt_finder' (pid 661) process group...
[   94.664045] libprocessgroup: Failed to write 1 to /sys/fs/cgroup/system/uid_1002/pid_661/cgroup.kill: No such file or directory
[   94.664845] init: Service 'bt_ranging' (pid 662) received SIGTERM
[   94.664954] init: Sending SIGKILL to service 'bt_ranging' (pid 662) process group...
[   94.665125] libprocessgroup: Failed to write 1 to /sys/fs/cgroup/system/uid_1002/pid_662/cgroup.kill: No such file or directory
[   94.665668] init: Service 'bt_lmp_event' (pid 665) received SIGTERM
[   94.665766] init: Sending SIGKILL to service 'bt_lmp_event' (pid 665) process group...
[   94.665924] libprocessgroup: Failed to write 1 to /sys/fs/cgroup/system/uid_1002/pid_665/cgroup.kill: No such file or directory
[   94.666649] init: Service 'bt_socket' (pid 666) received SIGTERM
[   94.666750] init: Sending SIGKILL to service 'bt_socket' (pid 666) process group...
[   94.666946] libprocessgroup: Failed to write 1 to /sys/fs/cgroup/system/uid_1002/pid_666/cgroup.kill: No such file or directory
[   94.672400] init: Service 'bt_socket_lpp' (pid 668) received SIGTERM
[   94.672532] init: Sending SIGKILL to service 'bt_socket_lpp' (pid 668) process group...
[   94.672712] libprocessgroup: Failed to write 1 to /sys/fs/cgroup/system/uid_1002/pid_668/cgroup.kill: No such file or directory
[   94.674662] init: Service 'bt_gatt_lpp' (pid 669) received SIGTERM
[   94.674792] init: Sending SIGKILL to service 'bt_gatt_lpp' (pid 669) process group...
[   94.674967] libprocessgroup: Failed to write 1 to /sys/fs/cgroup/system/uid_1002/pid_669/cgroup.kill: No such file or directory
[   94.676760] init: Service 'vendor.graphics.allocator' (pid 670) received SIGTERM
[   94.676933] init: Sending SIGKILL to service 'vendor.graphics.allocator' (pid 670) process group...
[   94.677154] libprocessgroup: Failed to write 1 to /sys/fs/cgroup/system/uid_1000/pid_670/cgroup.kill: No such file or directory
[   94.680411] init: Service 'vendor.health-cuttlefish' (pid 671) received SIGTERM
[   94.680587] init: Sending SIGKILL to service 'vendor.health-cuttlefish' (pid 671) process group...
[   94.680828] libprocessgroup: Failed to write 1 to /sys/fs/cgroup/system/uid_1000/pid_671/cgroup.kill: No such file or directory
[   94.685251] init: Service 'vendor.identity-remote' (pid 672) received SIGTERM
[   94.685445] init: Sending SIGKILL to service 'vendor.identity-remote' (pid 672) process group...
[   94.685684] libprocessgroup: Failed to write 1 to /sys/fs/cgroup/system/uid_9999/pid_672/cgroup.kill: No such file or directory
[   94.690164] init: Service 'nfc_hal_service' (pid 675) received SIGTERM
[   94.690341] init: Sending SIGKILL to service 'nfc_hal_service' (pid 675) process group...
[   94.690614] libprocessgroup: Failed to write 1 to /sys/fs/cgroup/system/uid_1027/pid_675/cgroup.kill: No such file or directory
[   94.695365] init: Service 'vendor.oemlock_default' (pid 676) received SIGTERM
[   94.695520] init: Sending SIGKILL to service 'vendor.oemlock_default' (pid 676) process group...
[   94.695756] libprocessgroup: Failed to write 1 to /sys/fs/cgroup/system/uid_1064/pid_676/cgroup.kill: No such file or directory
[   94.698886] init: Service 'vendor.camera-provider-2-7-google' (pid 677) received SIGTERM
[   94.699015] init: Sending SIGKILL to service 'vendor.camera-provider-2-7-google' (pid 677) process group...
[   94.699257] libprocessgroup: Failed to write 1 to /sys/fs/cgroup/system/uid_1047/pid_677/cgroup.kill: No such file or directory
[   94.701944] init: Service 'audioserver' (pid 678) received SIGTERM
[   94.702125] init: Sending SIGKILL to service 'audioserver' (pid 678) process group...
[   94.702297] libprocessgroup: Failed to write 1 to /sys/fs/cgroup/system/uid_1041/pid_678/cgroup.kill: No such file or directory
[   94.711453] init: Service 'credstore' (pid 681) received SIGTERM
[   94.711574] init: Sending SIGKILL to service 'credstore' (pid 681) process group...
[   94.711745] libprocessgroup: Failed to write 1 to /sys/fs/cgroup/system/uid_1076/pid_681/cgroup.kill: No such file or directory
[   94.712808] init: Service 'gpu' (pid 686) received SIGTERM
[   94.712966] init: Sending SIGKILL to service 'gpu' (pid 686) process group...
[   94.713132] libprocessgroup: Failed to write 1 to /sys/fs/cgroup/system/uid_1072/pid_686/cgroup.kill: No such file or directory
[   94.715257] init: Service 'surfaceflinger' (pid 689) received SIGTERM
[   94.715398] init: Sending SIGKILL to service 'surfaceflinger' (pid 689) process group...
[   94.715540] libprocessgroup: Failed to write 1 to /sys/fs/cgroup/system/uid_1000/pid_689/cgroup.kill: No such file or directory
[   94.723082] init: Service 'socket_vsock_proxy' (pid 692) received SIGTERM
[   94.723239] init: Sending SIGKILL to service 'socket_vsock_proxy' (pid 692) process group...
[   94.723410] libprocessgroup: Failed to write 1 to /sys/fs/cgroup/system/uid_0/pid_692/cgroup.kill: No such file or directory
[   94.726686] init: Service 'vendor.confirmationui_default' (pid 693) received SIGTERM
[   94.726833] init: Sending SIGKILL to service 'vendor.confirmationui_default' (pid 693) process group...
[   94.726986] libprocessgroup: Failed to write 1 to /sys/fs/cgroup/system/uid_1000/pid_693/cgroup.kill: No such file or directory
[   94.727506] init: Service 'drm' (pid 710) received SIGTERM
[   94.727589] init: Sending SIGKILL to service 'drm' (pid 710) process group...
[   94.727819] libprocessgroup: Failed to write 1 to /sys/fs/cgroup/system/uid_1019/pid_710/cgroup.kill: No such file or directory
[   94.732482] init: Service 'traced_probes' (pid 712) received SIGTERM
[   94.732632] init: Sending SIGKILL to service 'traced_probes' (pid 712) process group...
[   94.732835] libprocessgroup: Failed to write 1 to /sys/fs/cgroup/system/uid_9999/pid_712/cgroup.kill: No such file or directory
[   94.734455] init: Service 'traced' (pid 714) received SIGTERM
[   94.734594] init: Sending SIGKILL to service 'traced' (pid 714) process group...
[   94.734793] libprocessgroup: Failed to write 1 to /sys/fs/cgroup/system/uid_9999/pid_714/cgroup.kill: No such file or directory
[   94.738703] init: Service 'cameraserver' (pid 719) received SIGTERM
[   94.738850] init: Sending SIGKILL to service 'cameraserver' (pid 719) process group...
[   94.739057] libprocessgroup: Failed to write 1 to /sys/fs/cgroup/system/uid_1047/pid_719/cgroup.kill: No such file or directory
[   94.743023] init: Service 'incidentd' (pid 723) received SIGTERM
[   94.743170] init: Sending SIGKILL to service 'incidentd' (pid 723) process group...
[   94.743387] libprocessgroup: Failed to write 1 to /sys/fs/cgroup/system/uid_1067/pid_723/cgroup.kill: No such file or directory
[   94.747537] init: Service 'installd' (pid 725) received SIGTERM
[   94.747725] init: Sending SIGKILL to service 'installd' (pid 725) process group...
[   94.747902] libprocessgroup: Failed to write 1 to /sys/fs/cgroup/system/uid_0/pid_725/cgroup.kill: No such file or directory
[   94.748514] init: Service 'mediaextractor' (pid 728) received SIGTERM
[   94.748711] init: Sending SIGKILL to service 'mediaextractor' (pid 728) process group...
[   94.748872] libprocessgroup: Failed to write 1 to /sys/fs/cgroup/system/uid_1040/pid_728/cgroup.kill: No such file or directory
[   94.750048] init: Service 'mediametrics' (pid 730) received SIGTERM
[   94.750208] init: Sending SIGKILL to service 'mediametrics' (pid 730) process group...
[   94.750430] libprocessgroup: Failed to write 1 to /sys/fs/cgroup/system/uid_1013/pid_730/cgroup.kill: No such file or directory
[   94.758758] init: Service 'media' (pid 737) received SIGTERM
[   94.758883] init: Sending SIGKILL to service 'media' (pid 737) process group...
[   94.759072] libprocessgroup: Failed to write 1 to /sys/fs/cgroup/system/uid_1013/pid_737/cgroup.kill: No such file or directory
[   94.761615] init: Service 'storaged' (pid 739) received SIGTERM
[   94.761793] init: Sending SIGKILL to service 'storaged' (pid 739) process group...
[   94.761971] libprocessgroup: Failed to write 1 to /sys/fs/cgroup/system/uid_0/pid_739/cgroup.kill: No such file or directory
[   94.767696] init: Service 'seriallogging' (pid 740) received SIGTERM
[   94.767864] init: Sending SIGKILL to service 'seriallogging' (pid 740) process group...
[   94.768141] libprocessgroup: Failed to write 1 to /sys/fs/cgroup/system/uid_1036/pid_740/cgroup.kill: No such file or directory
[   94.768624] init: Service 'media.swcodec' (pid 741) received SIGTERM
[   94.768782] init: Sending SIGKILL to service 'media.swcodec' (pid 741) process group...
[   94.768993] libprocessgroup: Failed to write 1 to /sys/fs/cgroup/system/uid_1046/pid_741/cgroup.kill: No such file or directory
[   94.770358] init: Service 'vendor.ril-daemon' (pid 742) received SIGTERM
[   94.770604] init: Sending SIGKILL to service 'vendor.ril-daemon' (pid 742) process group...
[   94.770780] libprocessgroup: Failed to write 1 to /sys/fs/cgroup/system/uid_1001/pid_742/cgroup.kill: No such file or directory
[   94.772274] init: Service 'gatekeeperd' (pid 744) received SIGTERM
[   94.772427] init: Sending SIGKILL to service 'gatekeeperd' (pid 744) process group...
[   94.772590] libprocessgroup: Failed to write 1 to /sys/fs/cgroup/system/uid_1000/pid_744/cgroup.kill: No such file or directory
[   94.773073] init: Service 'update_engine' (pid 749) exited with status 1
[   94.773247] init: Sending SIGKILL to service 'update_engine' (pid 749) process group...
[   94.779870] libprocessgroup: Failed to write 1 to /sys/fs/cgroup/system/uid_0/pid_749/cgroup.kill: No such file or directory
[   94.780544] init: Service 'tombstone_transmit' (pid 751) received SIGTERM
[   94.780661] init: Sending SIGKILL to service 'tombstone_transmit' (pid 751) process group...
[   94.780846] libprocessgroup: Failed to write 1 to /sys/fs/cgroup/system/uid_0/pid_751/cgroup.kill: No such file or directory
[   94.783727] init: Service 'vendor.fingerprint-default' (pid 2595) received SIGTERM oneshot service took 70.861000 seconds in background
[   94.783953] init: Sending SIGKILL to service 'vendor.fingerprint-default' (pid 2595) process group...
[   94.784148] libprocessgroup: Failed to write 1 to /sys/fs/cgroup/system/uid_9999/pid_2595/cgroup.kill: No such file or directory
[   94.787542] init: Service 'vendor.face-default' (pid 2597) received SIGTERM oneshot service took 70.848000 seconds in background
[   94.787787] init: Sending SIGKILL to service 'vendor.face-default' (pid 2597) process group...
[   94.787971] libprocessgroup: Failed to write 1 to /sys/fs/cgroup/system/uid_9999/pid_2597/cgroup.kill: No such file or directory
[   94.790682] init: Service 'ot-daemon' (pid 2623) exited with status 0 oneshot service took 70.569000 seconds in background
[   94.790850] init: Sending SIGKILL to service 'ot-daemon' (pid 2623) process group...
[   94.791031] libprocessgroup: Failed to write 1 to /sys/fs/cgroup/system/uid_1084/pid_2623/cgroup.kill: No such file or directory
[   94.791781] init: Service 'mdnsd' (pid 3194) exited with status 4 oneshot service took 61.903999 seconds in background
[   94.791933] init: Sending SIGKILL to service 'mdnsd' (pid 3194) process group...
[   94.792137] libprocessgroup: Failed to write 1 to /sys/fs/cgroup/system/uid_1020/pid_3194/cgroup.kill: No such file or directory
[   94.792747] init: Service 'pmgd' (pid 3227) received SIGTERM
[   94.792849] init: Sending SIGKILL to service 'pmgd' (pid 3227) process group...
[   94.793031] libprocessgroup: Failed to write 1 to /sys/fs/cgroup/system/uid_9999/pid_3227/cgroup.kill: No such file or directory
[   94.793845] init: Service 'blank_screen' (pid 4041) exited with status 0 oneshot service took 1.405000 seconds in background
[   94.793998] init: Sending SIGKILL to service 'blank_screen' (pid 4041) process group...
[   94.794227] libprocessgroup: Failed to write 1 to /sys/fs/cgroup/system/uid_1000/pid_4041/cgroup.kill: No such file or directory
[   94.795534] init: Untracked process (pid: 597 name: (iptables-restor) ppid: 1 pgrp: 594 state: Z) received SIGTERM
[   94.795727] init: Untracked process (pid: 597 name: (iptables-restor) ppid: 1 pgrp: 594 state: Z) did not have an associated service entry and will not be reaped
[   94.796017] init: Untracked process (pid: 598 name: (ip6tables-resto) ppid: 1 pgrp: 594 state: Z) received SIGTERM
[   94.796207] init: Untracked process (pid: 598 name: (ip6tables-resto) ppid: 1 pgrp: 594 state: Z) did not have an associated service entry and will not be reaped
[   94.796586] init: Untracked process (pid: 2648 name: (ndroid.systemui) ppid: 1 pgrp: 596 state: Z) received SIGTERM
[   94.796716] init: Untracked process (pid: 2648 name: (ndroid.systemui) ppid: 1 pgrp: 596 state: Z) did not have an associated service entry and will not be reaped
[   94.804883] init: Untracked process (pid: 2700 name: (webview_zygote) ppid: 1 pgrp: 596 state: Z) received SIGTERM
[   94.805061] init: Untracked process (pid: 2700 name: (webview_zygote) ppid: 1 pgrp: 596 state: Z) did not have an associated service entry and will not be reaped
[   94.805473] init: Untracked process (pid: 3475 name: (oid.photopicker) ppid: 1 pgrp: 596 state: Z) received SIGTERM
[   94.805616] init: Untracked process (pid: 3475 name: (oid.photopicker) ppid: 1 pgrp: 596 state: Z) did not have an associated service entry and will not be reaped
[   94.806137] init: Untracked process (pid: 3793 name: (rrierdefaultapp) ppid: 1 pgrp: 596 state: Z) received SIGTERM
[   94.806345] init: Untracked process (pid: 3793 name: (rrierdefaultapp) ppid: 1 pgrp: 596 state: Z) did not have an associated service entry and will not be reaped
[   94.822526] init: Untracked process (pid: 3230 name: (d.appsearch.apk) ppid: 1 pgrp: 596 state: Z) received SIGTERM
[   94.822746] init: Untracked process (pid: 3230 name: (d.appsearch.apk) ppid: 1 pgrp: 596 state: Z) did not have an associated service entry and will not be reaped
[   94.829833] init: Untracked process (pid: 3782 name: (.adservices) ppid: 1 pgrp: 596 state: Z) received SIGTERM
[   94.832278] init: Untracked process (pid: 3782 name: (.adservices) ppid: 1 pgrp: 596 state: Z) did not have an associated service entry and will not be reaped
[   94.832717] init: Untracked process (pid: 3445 name: (d.process.media) ppid: 1 pgrp: 596 state: Z) received SIGTERM
[   94.832893] init: Untracked process (pid: 3445 name: (d.process.media) ppid: 1 pgrp: 596 state: Z) did not have an associated service entry and will not be reaped
[   94.833257] init: Untracked process (pid: 3593 name: (ndroid.contacts) ppid: 1 pgrp: 596 state: Z) received SIGTERM
[   94.833460] init: Untracked process (pid: 3593 name: (ndroid.contacts) ppid: 1 pgrp: 596 state: Z) did not have an associated service entry and will not be reaped
[   94.833940] init: Untracked process (pid: 3913 name: (android.rkpdapp) ppid: 1 pgrp: 596 state: Z) received SIGTERM
[   94.834081] init: Untracked process (pid: 3913 name: (android.rkpdapp) ppid: 1 pgrp: 596 state: Z) did not have an associated service entry and will not be reaped
[   94.925799] init: Untracked process (pid: 3523 name: (d.carrierconfig) ppid: 1 pgrp: 596 state: Z) received SIGTERM
[   94.930591] init: Untracked process (pid: 3523 name: (d.carrierconfig) ppid: 1 pgrp: 596 state: Z) did not have an associated service entry and will not be reaped
[   94.935880] init: Untracked process (pid: 3927 name: (m.android.shell) ppid: 1 pgrp: 596 state: Z) received SIGTERM
[   94.936079] init: Untracked process (pid: 3927 name: (m.android.shell) ppid: 1 pgrp: 596 state: Z) did not have an associated service entry and will not be reaped
[   94.942319] init: Untracked process (pid: 2854 name: (ndroid.settings) ppid: 1 pgrp: 596 state: Z) received SIGTERM
[   94.942570] init: Untracked process (pid: 2854 name: (ndroid.settings) ppid: 1 pgrp: 596 state: Z) did not have an associated service entry and will not be reaped
[   94.997231] init: Untracked process (pid: 2828 name: (droid.provision) ppid: 1 pgrp: 596 state: Z) received SIGTERM
[   94.997955] init: Untracked process (pid: 2828 name: (droid.provision) ppid: 1 pgrp: 596 state: Z) did not have an associated service entry and will not be reaped
[   95.003231] init: Untracked process (pid: 3512 name: (viders.calendar) ppid: 1 pgrp: 596 state: Z) received SIGTERM
[   95.003416] init: Untracked process (pid: 3512 name: (viders.calendar) ppid: 1 pgrp: 596 state: Z) did not have an associated service entry and will not be reaped
[   95.004041] init: Untracked process (pid: 3526 name: (.localtransport) ppid: 1 pgrp: 596 state: Z) received SIGTERM
[   95.004238] init: Untracked process (pid: 3526 name: (.localtransport) ppid: 1 pgrp: 596 state: Z) did not have an associated service entry and will not be reaped
[   95.006008] init: Untracked process (pid: 3805 name: (android.camera2) ppid: 1 pgrp: 596 state: Z) received SIGTERM
[   95.006186] init: Untracked process (pid: 3805 name: (android.camera2) ppid: 1 pgrp: 596 state: Z) did not have an associated service entry and will not be reaped
[   95.018677] init: Untracked process (pid: 3843 name: (ystem:dynsystem) ppid: 1 pgrp: 596 state: Z) received SIGTERM
[   95.018968] init: Untracked process (pid: 3843 name: (ystem:dynsystem) ppid: 1 pgrp: 596 state: Z) did not have an associated service entry and will not be reaped
[   95.020035] init: Untracked process (pid: 3389 name: (externalstorage) ppid: 1 pgrp: 596 state: Z) received SIGTERM
[   95.020265] init: Untracked process (pid: 3389 name: (externalstorage) ppid: 1 pgrp: 596 state: Z) did not have an associated service entry and will not be reaped
[   95.020774] init: Untracked process (pid: 3902 name: (ackageinstaller) ppid: 1 pgrp: 596 state: Z) received SIGTERM
[   95.020953] init: Untracked process (pid: 3902 name: (ackageinstaller) ppid: 1 pgrp: 596 state: Z) did not have an associated service entry and will not be reaped
[   95.031912] init: Untracked process (pid: 3667 name: (droid.messaging) ppid: 1 pgrp: 596 state: Z) received SIGTERM
[   95.032128] init: Untracked process (pid: 3667 name: (droid.messaging) ppid: 1 pgrp: 596 state: Z) did not have an associated service entry and will not be reaped
[   95.032646] init: Untracked process (pid: 3820 name: (vicediagnostics) ppid: 1 pgrp: 596 state: Z) received SIGTERM
[   95.032846] init: Untracked process (pid: 3820 name: (vicediagnostics) ppid: 1 pgrp: 596 state: Z) did not have an associated service entry and will not be reaped
[   95.062860] init: Untracked process (pid: 3584 name: (viceentitlement) ppid: 1 pgrp: 596 state: Z) received SIGTERM
[   95.063089] init: Untracked process (pid: 3584 name: (viceentitlement) ppid: 1 pgrp: 596 state: Z) did not have an associated service entry and will not be reaped
[   95.064724] init: Untracked process (pid: 3651 name: (.android.dialer) ppid: 1 pgrp: 596 state: Z) received SIGTERM
[   95.065018] init: Untracked process (pid: 3651 name: (.android.dialer) ppid: 1 pgrp: 596 state: Z) did not have an associated service entry and will not be reaped
[   95.066669] init: Untracked process (pid: 2726 name: (rkstack.process) ppid: 1 pgrp: 596 state: Z) received SIGTERM
[   95.070179] init: Untracked process (pid: 2726 name: (rkstack.process) ppid: 1 pgrp: 596 state: Z) did not have an associated service entry and will not be reaped
[   95.071497] init: Untracked process (pid: 3725 name: (.gce.gceservice) ppid: 1 pgrp: 596 state: Z) received SIGTERM
[   95.071688] init: Untracked process (pid: 3725 name: (.gce.gceservice) ppid: 1 pgrp: 596 state: Z) did not have an associated service entry and will not be reaped
[   95.072422] init: Untracked process (pid: 2651 name: (ssioncontroller) ppid: 1 pgrp: 596 state: Z) received SIGTERM
[   95.072563] init: Untracked process (pid: 2651 name: (ssioncontroller) ppid: 1 pgrp: 596 state: Z) did not have an associated service entry and will not be reaped
[   95.104460] init: Untracked process (pid: 2959 name: (droid.launcher3) ppid: 1 pgrp: 596 state: Z) received SIGTERM
[   95.105261] init: Untracked process (pid: 2959 name: (droid.launcher3) ppid: 1 pgrp: 596 state: Z) did not have an associated service entry and will not be reaped
[   95.154941] init: Untracked process (pid: 2783 name: (droid.bluetooth) ppid: 1 pgrp: 596 state: Z) received SIGTERM
[   95.155169] init: Untracked process (pid: 2783 name: (droid.bluetooth) ppid: 1 pgrp: 596 state: Z) did not have an associated service entry and will not be reaped
[   95.175097] init: Untracked process (pid: 2797 name: (com.android.se) ppid: 1 pgrp: 596 state: Z) received SIGTERM
[   95.175324] init: Untracked process (pid: 2797 name: (com.android.se) ppid: 1 pgrp: 596 state: Z) did not have an associated service entry and will not be reaped
[   95.191851] init: Untracked process (pid: 3709 name: (android.traceur) ppid: 1 pgrp: 596 state: Z) received SIGTERM
[   95.192123] init: Untracked process (pid: 3709 name: (android.traceur) ppid: 1 pgrp: 596 state: Z) did not have an associated service entry and will not be reaped
[   95.195814] init: Untracked process (pid: 3067 name: (oadcastreceiver) ppid: 1 pgrp: 596 state: Z) received SIGTERM
[   95.196070] init: Untracked process (pid: 3067 name: (oadcastreceiver) ppid: 1 pgrp: 596 state: Z) did not have an associated service entry and will not be reaped
[   95.196557] init: Untracked process (pid: 3298 name: (oid.documentsui) ppid: 1 pgrp: 596 state: Z) received SIGTERM
[   95.196698] init: Untracked process (pid: 3298 name: (oid.documentsui) ppid: 1 pgrp: 596 state: Z) did not have an associated service entry and will not be reaped
[   95.197196] init: Untracked process (pid: 3634 name: (tatementservice) ppid: 1 pgrp: 596 state: Z) received SIGTERM
[   95.197364] init: Untracked process (pid: 3634 name: (tatementservice) ppid: 1 pgrp: 596 state: Z) did not have an associated service entry and will not be reaped
[   95.197993] init: Untracked process (pid: 3444 name: (.quicksearchbox) ppid: 1 pgrp: 596 state: Z) received SIGTERM
[   95.198152] init: Untracked process (pid: 3444 name: (.quicksearchbox) ppid: 1 pgrp: 596 state: Z) did not have an associated service entry and will not be reaped
[   95.200692] init: Untracked process (pid: 3831 name: (droid.dynsystem) ppid: 1 pgrp: 596 state: Z) received SIGTERM
[   95.200894] init: Untracked process (pid: 3831 name: (droid.dynsystem) ppid: 1 pgrp: 596 state: Z) did not have an associated service entry and will not be reaped
[   95.204035] init: Untracked process (pid: 3747 name: (ndroid.calendar) ppid: 1 pgrp: 596 state: Z) received SIGTERM
[   95.204260] init: Untracked process (pid: 3747 name: (ndroid.calendar) ppid: 1 pgrp: 596 state: Z) did not have an associated service entry and will not be reaped
[   95.207529] init: Untracked process (pid: 3034 name: (receiver.module) ppid: 1 pgrp: 596 state: Z) received SIGTERM
[   95.207736] init: Untracked process (pid: 3034 name: (receiver.module) ppid: 1 pgrp: 596 state: Z) did not have an associated service entry and will not be reaped
[   95.208167] init: Untracked process (pid: 3090 name: (phony.satellite) ppid: 1 pgrp: 596 state: Z) received SIGTERM
[   95.208352] init: Untracked process (pid: 3090 name: (phony.satellite) ppid: 1 pgrp: 596 state: Z) did not have an associated service entry and will not be reaped
[   95.208981] init: Untracked process (pid: 3266 name: (rs.media.module) ppid: 1 pgrp: 596 state: Z) received SIGTERM
[   95.209129] init: Untracked process (pid: 3266 name: (rs.media.module) ppid: 1 pgrp: 596 state: Z) did not have an associated service entry and will not be reaped
[   95.212655] init: Untracked process (pid: 3303 name: (id.printspooler) ppid: 1 pgrp: 596 state: Z) received SIGTERM
[   95.212844] init: Untracked process (pid: 3303 name: (id.printspooler) ppid: 1 pgrp: 596 state: Z) did not have an associated service entry and will not be reaped
[   95.213237] init: Untracked process (pid: 3356 name: (ndroid.keychain) ppid: 1 pgrp: 596 state: Z) received SIGTERM
[   95.213428] init: Untracked process (pid: 3356 name: (ndroid.keychain) ppid: 1 pgrp: 596 state: Z) did not have an associated service entry and will not be reaped
[   95.213885] init: Untracked process (pid: 3385 name: (gedprovisioning) ppid: 1 pgrp: 596 state: Z) received SIGTERM
[   95.214023] init: Untracked process (pid: 3385 name: (gedprovisioning) ppid: 1 pgrp: 596 state: Z) did not have an associated service entry and will not be reaped
[   95.214427] init: Untracked process (pid: 3554 name: (d.process.acore) ppid: 1 pgrp: 596 state: Z) received SIGTERM
[   95.214823] init: Untracked process (pid: 3554 name: (d.process.acore) ppid: 1 pgrp: 596 state: Z) did not have an associated service entry and will not be reaped
[   95.215155] init: Untracked process (pid: 3738 name: (id.ext.services) ppid: 1 pgrp: 596 state: Z) received SIGTERM
[   95.215374] init: Untracked process (pid: 3738 name: (id.ext.services) ppid: 1 pgrp: 596 state: Z) did not have an associated service entry and will not be reaped
[   95.215853] init: Untracked process (pid: 3887 name: (zation.services) ppid: 1 pgrp: 596 state: Z) received SIGTERM
[   95.215981] init: Untracked process (pid: 3887 name: (zation.services) ppid: 1 pgrp: 596 state: Z) did not have an associated service entry and will not be reaped
[   95.243612] init: Untracked process (pid: 3842 name: (ompute.services) ppid: 1 pgrp: 596 state: Z) received SIGTERM
[   95.244266] init: Untracked process (pid: 3842 name: (ompute.services) ppid: 1 pgrp: 596 state: Z) did not have an associated service entry and will not be reaped
[   95.278787] init: Untracked process (pid: 3231 name: (elockcontroller) ppid: 1 pgrp: 596 state: Z) received SIGTERM
[   95.278981] init: Untracked process (pid: 3231 name: (elockcontroller) ppid: 1 pgrp: 596 state: Z) did not have an associated service entry and will not be reaped
[   95.286621] init: Untracked process (pid: 2785 name: (com.android.nfc) ppid: 1 pgrp: 596 state: Z) received SIGTERM
[   95.286792] init: Untracked process (pid: 2785 name: (com.android.nfc) ppid: 1 pgrp: 596 state: Z) did not have an associated service entry and will not be reaped
[   95.325820] init: Service 'lmkd' (pid 396) received SIGTERM
[   95.326641] init: Sending SIGKILL to service 'lmkd' (pid 396) process group...
[   95.330094] libprocessgroup: Removed cgroup /sys/fs/cgroup/system/uid_1069/pid_396
[   95.346062] init: Untracked process (pid: 2814 name: (m.android.phone) ppid: 1 pgrp: 596 state: Z) received SIGTERM
[   95.346704] init: Untracked process (pid: 2814 name: (m.android.phone) ppid: 1 pgrp: 596 state: Z) did not have an associated service entry and will not be reaped
[   95.947172] init: Untracked process (pid: 836 name: (system_server) ppid: 1 pgrp: 596 state: Z) received SIGTERM
[   95.947494] init: Untracked process (pid: 836 name: (system_server) ppid: 1 pgrp: 596 state: Z) did not have an associated service entry and will not be reaped
[   95.959697] init: Untracked process (pid: 4089 name: (logcat) ppid: 1 pgrp: 596 state: Z) received SIGTERM
[   95.960017] init: Untracked process (pid: 4089 name: (logcat) ppid: 1 pgrp: 596 state: Z) did not have an associated service entry and will not be reaped
[   95.986780] init: Untracked process (pid: 3329 name: (virtmgr) ppid: 1 pgrp: 3329 state: Z) exited with status 0
[   95.987031] init: Untracked process (pid: 3329 name: (virtmgr) ppid: 1 pgrp: 3329 state: Z) did not have an associated service entry and will not be reaped
[   96.005902] servicemanager: A service was removed when there are clients
[   96.006329] init: Service 'virtualizationservice' (pid 3344) exited with status 0 oneshot service took 61.355000 seconds in background
[   96.006693] init: Sending SIGKILL to service 'virtualizationservice' (pid 3344) process group...
[   96.007559] libprocessgroup: Removed cgroup /sys/fs/cgroup/system/uid_1000/pid_3344
[   96.008491] init: Waiting for 85 pids to be reaped took 1900ms with 0 of them still running
[   96.023778] init: Stopping 187 services by sending SIGKILL
[   96.032462] init: Subcontext received SIGTERM
[   96.032591] init: Subcontext did not have an associated service entry and will not be reaped
[   96.033166] init: Calling /system/bin/vdc volume abort_fuse
[   96.059143] libbinder.BackendUnifiedServiceManager: Thread Pool max thread count is 0. Cannot cache binder as linkToDeath cannot be implemented. serviceName: vold
[   96.061234] init: Calling /system/bin/vdc volume shutdown
[   96.073885] libbinder.BackendUnifiedServiceManager: Thread Pool max thread count is 0. Cannot cache binder as linkToDeath cannot be implemented. serviceName: vold
[   96.074616] rust_binder: Failed to allocate buffer. len:104, is_oneway:true
[   96.076293] init: Sending SIGKILL to service 'vold' (pid 407) process group...
[   96.079138] libprocessgroup: Removed cgroup /sys/fs/cgroup/system/uid_0/pid_407
[   96.079465] init: Stopping 4 services by sending SIGKILL
[   96.079626] init: Sending SIGKILL to service 'adbd' (pid 3868) process group...
[   96.084367] libprocessgroup: Removed cgroup /sys/fs/cgroup/system/uid_0/pid_3868
[   96.084720] init: Sending SIGKILL to service 'tombstoned' (pid 468) process group...
[   96.086885] libprocessgroup: Removed cgroup /sys/fs/cgroup/system/uid_1058/pid_468
[   96.087193] init: Sending SIGKILL to service 'logd' (pid 395) process group...
[   96.089895] libprocessgroup: Removed cgroup /sys/fs/cgroup/system/uid_1036/pid_395
[   96.091211] init: Service 'logd' (pid 395) received SIGKILL
[   96.091355] init: Sending SIGKILL to service 'logd' (pid 395) process group...
[   96.091647] libprocessgroup: Failed to write 1 to /sys/fs/cgroup/system/uid_1036/pid_395/cgroup.kill: No such file or directory
[   96.092452] init: Service 'vold' (pid 407) received SIGKILL
[   96.092573] init: Sending SIGKILL to service 'vold' (pid 407) process group...
[   96.092774] libprocessgroup: Failed to write 1 to /sys/fs/cgroup/system/uid_0/pid_407/cgroup.kill: No such file or directory
[   96.092986] init: Service vold has 'reboot_on_failure' option and failed, shutting down system.
[   96.093779] init: Service 'tombstoned' (pid 468) received SIGKILL
[   96.093916] init: Sending SIGKILL to service 'tombstoned' (pid 468) process group...
[   96.094066] libprocessgroup: Failed to write 1 to /sys/fs/cgroup/system/uid_1058/pid_468/cgroup.kill: No such file or directory
[   96.095688] init: Service 'adbd' (pid 3868) received SIGKILL
[   96.095825] init: Sending SIGKILL to service 'adbd' (pid 3868) process group...
[   96.096024] libprocessgroup: Failed to write 1 to /sys/fs/cgroup/system/uid_0/pid_3868/cgroup.kill: No such file or directory
[   96.096832] init: Untracked process (pid: 4038 name: (reboot) ppid: 1 pgrp: 4038 state: Z) received SIGKILL
[   96.097006] init: Untracked process (pid: 4038 name: (reboot) ppid: 1 pgrp: 4038 state: Z) did not have an associated service entry and will not be reaped
[   96.101347] init: sync() before umount...
[   96.110884] init: sync() before umount took9ms
[   96.111335] init: swapoff() start...
[   96.127474] init: swapoff() took 16ms
[   96.127717] zram0: detected capacity change from 5985560 to 0
[   96.207613] init: No zram backing device configured
[   96.207834] init: Ready to unmount apexes. So far shutdown sequence took 2837ms
[   96.231397] apexd: Started. subcommand = --unmount-all
[   96.231802] apexd-unmount-all: Populating APEX database from mounts...
[   96.233059] apexd-unmount-all: Found "/apex/com.android.hardware.drm.clearkey@1" backed by file /vendor/apex/com.android.hardware.drm.clearkey.apex
[   96.233552] apexd-unmount-all: Found "/apex/com.android.hardware.boot@1" backed by file /vendor/apex/com.android.hardware.boot.apex
[   96.233884] apexd-unmount-all: Found "/apex/com.google.cf.wifi@1" backed by file /vendor/apex/com.google.cf.wifi.apex
[   96.234702] apexd-unmount-all: Found "/apex/com.android.virt@370399999" backed by file /system/apex/com.android.virt.apex
[   96.235349] apexd-unmount-all: Found "/apex/com.android.hardware.neuralnetworks@1" backed by file /vendor/apex/com.android.hardware.neuralnetworks.apex
[   96.235797] apexd-unmount-all: Found "/apex/com.google.cf.gralloc@1" backed by file /vendor/apex/com.google.cf.gralloc.apex
[   96.236197] apexd-unmount-all: Found "/apex/com.android.hardware.usb@1" backed by file /vendor/apex/com.android.hardware.usb.apex
[   96.236628] apexd-unmount-all: Found "/apex/com.google.cf.wpa_supplicant@1" backed by file /vendor/apex/com.google.cf.wpa_supplicant.apex
[   96.236993] apexd-unmount-all: Found "/apex/com.android.hardware.authsecret@1" backed by file /vendor/apex/com.android.hardware.authsecret.apex
[   96.237429] apexd-unmount-all: Found "/apex/com.android.os.statsd@370399999" backed by file /system/apex/com.android.os.statsd.apex
[   96.237827] apexd-unmount-all: Found "/apex/com.android.hardware.input.processor@1" backed by file /vendor/apex/com.android.hardware.input.processor.apex
[   96.238292] apexd-unmount-all: Found "/apex/com.android.i18n@1" backed by file /system/apex/com.android.i18n.apex
[   96.238686] apexd-unmount-all: Found "/apex/com.google.cf.light@1" backed by file /vendor/apex/com.google.cf.light.apex
[   96.239634] apexd-unmount-all: Found "/apex/com.android.rkpd@370399999" backed by file /system/apex/com.android.rkpd.apex
[   96.239978] apexd-unmount-all: Found "/apex/com.android.hardware.gatekeeper@1" backed by file /vendor/apex/com.android.hardware.gatekeeper.nonsecure.apex
[   96.240406] apexd-unmount-all: Found "/apex/com.android.hardware.uwb@1" backed by file /vendor/apex/com.android.hardware.uwb.apex
[   96.240823] apexd-unmount-all: Found "/apex/com.android.permission@370399999" backed by file /system/apex/com.android.permission.apex
[   96.241231] apexd-unmount-all: Found "/apex/com.android.resolv@370399999" backed by file /system/apex/com.android.resolv.apex
[   96.241597] apexd-unmount-all: Found "/apex/com.google.cf.oemlock@1" backed by file /vendor/apex/com.google.cf.oemlock.apex
[   96.241978] apexd-unmount-all: Found "/apex/com.google.emulated.camera.provider.hal@1" backed by file /vendor/apex/com.google.emulated.camera.provider.hal.apex
[   96.242539] apexd-unmount-all: Found "/apex/com.android.ipsec@370399999" backed by file /system/apex/com.android.ipsec.apex
[   96.242888] apexd-unmount-all: Found "/apex/com.android.hardware.vibrator@1" backed by file /vendor/apex/com.android.hardware.vibrator.apex
[   96.243273] apexd-unmount-all: Found "/apex/com.android.profiling@370399999" backed by file /system/apex/com.android.profiling.apex
[   96.243642] apexd-unmount-all: Found "/apex/com.android.hardware.rebootescrow@1" backed by file /vendor/apex/com.android.hardware.rebootescrow.apex
[   96.244059] apexd-unmount-all: Found "/apex/com.android.hardware.threadnetwork@1" backed by file /vendor/apex/com.android.hardware.threadnetwork.apex
[   96.244524] apexd-unmount-all: Found "/apex/com.android.hardware.tetheroffload@1" backed by file /vendor/apex/com.android.hardware.tetheroffload.apex
[   96.244969] apexd-unmount-all: Found "/apex/com.android.hardware.biometrics.fingerprint.virtual@1" backed by file /system_ext/apex/com.android.hardware.biometrics.fingerprint.virtual.apex
[   96.245450] apexd-unmount-all: Found "/apex/com.android.compos@370399999" backed by file /system_ext/apex/com.android.compos.apex
[   96.245814] apexd-unmount-all: Found "/apex/com.android.hardware.ir@1" backed by file /vendor/apex/com.google.cf.ir.apex
[   96.246197] apexd-unmount-all: Found "/apex/com.android.vndk.v31@1" backed by file /system_ext/apex/com.android.vndk.v31.apex
[   96.246625] apexd-unmount-all: Found "/apex/com.android.hardware.graphics.composer@1" backed by file /vendor/apex/com.android.hardware.graphics.composer.ranchu.apex
[   96.247093] apexd-unmount-all: Found "/apex/com.android.vndk.v34@1" backed by file /system_ext/apex/com.android.vndk.v34.apex
[   96.247836] apexd-unmount-all: Found "/apex/com.google.cf.vulkan@1" backed by file /vendor/apex/com.google.cf.vulkan.apex
[   96.248197] apexd-unmount-all: Found "/apex/com.android.hardware.secure_element@1" backed by file /vendor/apex/com.android.hardware.secure_element.apex
[   96.248612] apexd-unmount-all: Found "/apex/com.android.hardware.net.nlinterceptor@1" backed by file /vendor/apex/com.android.hardware.net.nlinterceptor.apex
[   96.249055] apexd-unmount-all: Found "/apex/com.android.uprobestats@370399999" backed by file /system/apex/com.android.uprobestats.apex
[   96.249442] apexd-unmount-all: Found "/apex/com.android.npumanager@370399999" backed by file /system/apex/com.android.npumanager.apex
[   96.249837] apexd-unmount-all: Found "/apex/com.android.uwb@370399999" backed by file /system/apex/com.android.uwb.apex
[   96.250249] apexd-unmount-all: Found "/apex/com.android.tethering@370399999" backed by file /system/apex/com.android.tethering.apex
[   96.250725] apexd-unmount-all: Found "/apex/com.android.hardware.memtrack@1" backed by file /vendor/apex/com.android.hardware.memtrack.apex
[   96.251107] apexd-unmount-all: Found "/apex/com.android.scheduling@370399999" backed by file /system/apex/com.android.scheduling.apex
[   96.251485] apexd-unmount-all: Found "/apex/com.android.hardware.gnss@1" backed by file /vendor/apex/com.android.hardware.gnss.apex
[   96.251872] apexd-unmount-all: Found "/apex/com.android.crashrecovery@370399999" backed by file /system/apex/com.android.crashrecovery.apex
[   96.252257] apexd-unmount-all: Found "/apex/com.android.runtime@1" backed by file /system/apex/com.android.runtime.apex
[   96.252579] apexd-unmount-all: Found "/apex/com.android.webapp@370399999" backed by file /system/apex/com.android.webapp.apex
[   96.252961] apexd-unmount-all: Found "/apex/com.android.extservices@370399999" backed by file /system/apex/com.android.extservices.apex
[   96.253338] apexd-unmount-all: Found "/apex/com.google.cf.input.config@1" backed by file /vendor/apex/com.google.cf.input.config.apex
[   96.253714] apexd-unmount-all: Found "/apex/com.android.adservices@370399999" backed by file /system/apex/com.android.adservices.apex
[   96.254728] apexd-unmount-all: Found "/apex/com.android.hardware.power@1" backed by file /vendor/apex/com.android.hardware.power.apex
[   96.255105] apexd-unmount-all: Found "/apex/com.android.hardware.security.secretkeeper@1" backed by file /vendor/apex/com.android.hardware.security.secretkeeper.apex
[   96.255482] apexd-unmount-all: Found "/apex/com.android.hardware.thermal@1" backed by file /vendor/apex/com.android.hardware.thermal.apex
[   96.255868] apexd-unmount-all: Found "/apex/com.android.nfcservices@370399999" backed by file /system/apex/com.android.nfcservices.apex
[   96.256222] apexd-unmount-all: Found "/apex/com.android.media.swcodec@370399999" backed by file /system/apex/com.android.media.swcodec.apex
[   96.257097] apexd-unmount-all: Found "/apex/com.google.cf.confirmationui@1" backed by file /vendor/apex/com.google.cf.confirmationui.apex
[   96.257466] apexd-unmount-all: Found "/apex/com.android.hardware.dumpstate@1" backed by file /vendor/apex/com.android.hardware.dumpstate.apex
[   96.257800] apexd-unmount-all: Found "/apex/com.google.cf.health@1" backed by file /vendor/apex/com.google.cf.health.apex
[   96.258142] apexd-unmount-all: Found "/apex/com.google.cf.rild@1" backed by file /vendor/apex/com.google.cf.rild.apex
[   96.258600] apexd-unmount-all: Found "/apex/com.android.ondevicepersonalization@370399999" backed by file /system/apex/com.android.ondevicepersonalization.apex
[   96.258971] apexd-unmount-all: Found "/apex/com.android.sdkext@370399999" backed by file /system/apex/com.android.sdkext.apex
[   96.259338] apexd-unmount-all: Found "/apex/com.android.hardware.biometrics.face.virtual@2" backed by file /system_ext/apex/com.android.hardware.biometrics.face.virtual.apex
[   96.259729] apexd-unmount-all: Found "/apex/com.android.hardware.keymint@1" backed by file /vendor/apex/com.android.hardware.keymint.rust_nonsecure.apex
[   96.260136] apexd-unmount-all: Found "/apex/com.android.configinfrastructure@370399999" backed by file /system/apex/com.android.configinfrastructure.apex
[   96.261088] apexd-unmount-all: Found "/apex/com.android.hardware.security.authgraph@1" backed by file /vendor/apex/com.android.hardware.security.authgraph.apex
[   96.261579] apexd-unmount-all: Found "/apex/com.android.telephonycore@370399999" backed by file /system/apex/com.android.telephonycore.apex
[   96.261965] apexd-unmount-all: Found "/apex/com.google.cf.bt@1" backed by file /vendor/apex/com.google.cf.bt.apex
[   96.263112] apexd-unmount-all: Found "/apex/com.google.cf.identity@1" backed by file /vendor/apex/com.google.cf.identity.apex
[   96.263467] apexd-unmount-all: Found "/apex/com.android.hardware.contexthub@1" backed by file /vendor/apex/com.android.hardware.contexthub.apex
[   96.264508] apexd-unmount-all: Found "/apex/com.android.neuralnetworks@370399999" backed by file /system/apex/com.android.neuralnetworks.apex
[   96.264947] apexd-unmount-all: Found "/apex/com.android.vndk.v33@1" backed by file /system_ext/apex/com.android.vndk.v33.apex
[   96.265365] apexd-unmount-all: Found "/apex/com.android.cellbroadcast@370399999" backed by file /system/apex/com.android.cellbroadcast.apex
[   96.265746] apexd-unmount-all: Found "/apex/com.android.wifi@370399999" backed by file /system/apex/com.android.wifi.apex
[   96.266183] apexd-unmount-all: Found "/apex/com.android.art@370399999" backed by file /system/apex/com.android.art.apex
[   96.266752] apexd-unmount-all: Found "/apex/com.android.hardware.audio@1" backed by file /vendor/apex/com.android.hardware.audio.apex
[   96.267121] apexd-unmount-all: Found "/apex/com.android.devicelock@1" backed by file /system/apex/com.android.devicelock.apex
[   96.268035] apexd-unmount-all: Found "/apex/com.android.healthfitness@370399999" backed by file /system/apex/com.android.healthfitness.apex
[   96.268392] apexd-unmount-all: Found "/apex/com.android.tzdata@370399999" backed by file /system/apex/com.android.tzdata.apex
[   96.268793] apexd-unmount-all: Found "/apex/com.android.vndk.v32@1" backed by file /system_ext/apex/com.android.vndk.v32.apex
[   96.269251] apexd-unmount-all: Found "/apex/com.android.adbd@370399999" backed by file /system/apex/com.android.adbd.apex
[   96.269594] apexd-unmount-all: Found "/apex/com.android.hardware.wifi@1" backed by file /vendor/apex/com.android.hardware.wifi.apex
[   96.270017] apexd-unmount-all: Found "/apex/com.android.appsearch@370399999" backed by file /system/apex/com.android.appsearch.apex
[   96.270365] apexd-unmount-all: Found "/apex/com.android.mediaprovider@370399999" backed by file /system/apex/com.android.mediaprovider.apex
[   96.270732] apexd-unmount-all: Found "/apex/com.android.apex.cts.shim@1" backed by file /system/apex/com.android.apex.cts.shim.apex
[   96.271116] apexd-unmount-all: Found "/apex/com.android.media@370399999" backed by file /system/apex/com.android.media.apex
[   96.271463] apexd-unmount-all: Found "/apex/com.android.bt@370399999" backed by file /system/apex/com.android.bt.apex
[   96.271802] apexd-unmount-all: Found "/apex/com.android.hardware.cas@1" backed by file /vendor/apex/com.android.hardware.cas.apex
[   96.272213] apexd-unmount-all: Found "/apex/com.android.conscrypt@370399999" backed by file /system/apex/com.android.conscrypt.apex
[   96.272584] apexd-unmount-all: Found "/apex/com.google.cf.nfc@1" backed by file /vendor/apex/com.google.cf.nfc.apex
[   96.273024] apexd-unmount-all: 87 packages restored.
[   96.273222] apexd-unmount-all: Unmounting /system/apex/com.android.adbd.apex mounted on /apex/com.android.adbd@370399999
[   96.276740] EXT4-fs unmount: 25 callbacks suppressed
[   96.276753] EXT4-fs (loop57): unmounting filesystem 7d1522e1-9dfa-5edb-a43e-98e3a4d20250.
[   96.278972] apexd-unmount-all: Unmounting /system/apex/com.android.adservices.apex mounted on /apex/com.android.adservices@370399999
[   96.283797] EXT4-fs (loop65): unmounting filesystem 7d1522e1-9dfa-5edb-a43e-98e3a4d20250.
[   96.284853] apexd-unmount-all: Unmounting /system/apex/com.android.apex.cts.shim.apex mounted on /apex/com.android.apex.cts.shim@1
[   96.287197] EXT4-fs (loop42): unmounting filesystem 7d1522e1-9dfa-5edb-a43e-98e3a4d20250.
[   96.288425] apexd-unmount-all: Unmounting /system/apex/com.android.appsearch.apex mounted on /apex/com.android.appsearch@370399999
[   96.291313] EXT4-fs (loop86): unmounting filesystem 7d1522e1-9dfa-5edb-a43e-98e3a4d20250.
[   96.292242] apexd-unmount-all: Unmounting /system/apex/com.android.art.apex mounted on /apex/com.android.art@370399999
[   96.297745] EXT4-fs (loop72): unmounting filesystem 7d1522e1-9dfa-5edb-a43e-98e3a4d20250.
[   96.298848] apexd-unmount-all: Unmounting /system/apex/com.android.bt.apex mounted on /apex/com.android.bt@370399999
[   96.305286] EXT4-fs (loop82): unmounting filesystem 7d1522e1-9dfa-5edb-a43e-98e3a4d20250.
[   96.306026] apexd-unmount-all: Unmounting /system/apex/com.android.cellbroadcast.apex mounted on /apex/com.android.cellbroadcast@370399999
[   96.310470] EXT4-fs (loop54): unmounting filesystem 7d1522e1-9dfa-5edb-a43e-98e3a4d20250.
[   96.311116] apexd-unmount-all: Unmounting /system_ext/apex/com.android.compos.apex mounted on /apex/com.android.compos@370399999
[   96.312692] EXT4-fs (loop41): unmounting filesystem 7d1522e1-9dfa-5edb-a43e-98e3a4d20250.
[   96.314229] apexd-unmount-all: Unmounting /system/apex/com.android.configinfrastructure.apex mounted on /apex/com.android.configinfrastructure@370399999
[   96.317367] EXT4-fs (loop69): unmounting filesystem 7d1522e1-9dfa-5edb-a43e-98e3a4d20250.
[   96.317958] apexd-unmount-all: Unmounting /system/apex/com.android.conscrypt.apex mounted on /apex/com.android.conscrypt@370399999
[   96.319862] EXT4-fs (loop25): unmounting filesystem 7d1522e1-9dfa-5edb-a43e-98e3a4d20250.
[   96.320369] apexd-unmount-all: Unmounting /system/apex/com.android.crashrecovery.apex mounted on /apex/com.android.crashrecovery@370399999
[   96.321528] EXT4-fs (loop78): unmounting filesystem 7d1522e1-9dfa-5edb-a43e-98e3a4d20250.
[   96.321894] apexd-unmount-all: Unmounting /system/apex/com.android.devicelock.apex mounted on /apex/com.android.devicelock@1
[   96.325510] EXT4-fs (loop66): unmounting filesystem 7d1522e1-9dfa-5edb-a43e-98e3a4d20250.
[   96.325921] apexd-unmount-all: Unmounting /system/apex/com.android.extservices.apex mounted on /apex/com.android.extservices@370399999
[   96.328875] EXT4-fs (loop71): unmounting filesystem 7d1522e1-9dfa-5edb-a43e-98e3a4d20250.
[   96.329252] apexd-unmount-all: Unmounting /vendor/apex/com.android.hardware.audio.apex mounted on /apex/com.android.hardware.audio@1
[   96.336298] EXT4-fs (loop26): unmounting filesystem 7d1522e1-9dfa-5edb-a43e-98e3a4d20250.
[   96.337794] apexd-unmount-all: Unmounting /vendor/apex/com.android.hardware.authsecret.apex mounted on /apex/com.android.hardware.authsecret@1
[   96.339663] EXT4-fs (loop84): unmounting filesystem 7d1522e1-9dfa-5edb-a43e-98e3a4d20250.
[   96.340126] apexd-unmount-all: Unmounting /system_ext/apex/com.android.hardware.biometrics.face.virtual.apex mounted on /apex/com.android.hardware.biometrics.face.virtual@2
[   96.341366] EXT4-fs (loop51): unmounting filesystem 7d1522e1-9dfa-5edb-a43e-98e3a4d20250.
[   96.341813] apexd-unmount-all: Unmounting /system_ext/apex/com.android.hardware.biometrics.fingerprint.virtual.apex mounted on /apex/com.android.hardware.biometrics.fingerprint.virtual@1
[   96.343031] EXT4-fs (loop75): unmounting filesystem 7d1522e1-9dfa-5edb-a43e-98e3a4d20250.
[   96.343443] apexd-unmount-all: Unmounting /vendor/apex/com.android.hardware.boot.apex mounted on /apex/com.android.hardware.boot@1
[   96.345836] EXT4-fs (loop30): unmounting filesystem 7d1522e1-9dfa-5edb-a43e-98e3a4d20250.
[   96.346851] apexd-unmount-all: Unmounting /vendor/apex/com.android.hardware.cas.apex mounted on /apex/com.android.hardware.cas@1
[   96.348112] EXT4-fs (loop49): unmounting filesystem 7d1522e1-9dfa-5edb-a43e-98e3a4d20250.
[   96.348538] apexd-unmount-all: Unmounting /vendor/apex/com.android.hardware.contexthub.apex mounted on /apex/com.android.hardware.contexthub@1
[   96.350341] EXT4-fs (loop24): unmounting filesystem 7d1522e1-9dfa-5edb-a43e-98e3a4d20250.
[   96.350811] apexd-unmount-all: Unmounting /vendor/apex/com.android.hardware.drm.clearkey.apex mounted on /apex/com.android.hardware.drm.clearkey@1
[   96.352718] EXT4-fs (loop23): unmounting filesystem 7d1522e1-9dfa-5edb-a43e-98e3a4d20250.
[   96.353201] apexd-unmount-all: Unmounting /vendor/apex/com.android.hardware.dumpstate.apex mounted on /apex/com.android.hardware.dumpstate@1
[   96.354297] EXT4-fs (loop22): unmounting filesystem 7d1522e1-9dfa-5edb-a43e-98e3a4d20250.
[   96.354763] apexd-unmount-all: Unmounting /vendor/apex/com.android.hardware.gatekeeper.nonsecure.apex mounted on /apex/com.android.hardware.gatekeeper@1
[   96.356669] EXT4-fs (loop29): unmounting filesystem 7d1522e1-9dfa-5edb-a43e-98e3a4d20250.
[   96.357068] apexd-unmount-all: Unmounting /vendor/apex/com.android.hardware.gnss.apex mounted on /apex/com.android.hardware.gnss@1
[   96.358801] EXT4-fs (loop74): unmounting filesystem 7d1522e1-9dfa-5edb-a43e-98e3a4d20250.
[   96.359201] apexd-unmount-all: Unmounting /vendor/apex/com.android.hardware.graphics.composer.ranchu.apex mounted on /apex/com.android.hardware.graphics.composer@1
[   96.362565] EXT4-fs (loop81): unmounting filesystem 7d1522e1-9dfa-5edb-a43e-98e3a4d20250.
[   96.362990] apexd-unmount-all: Unmounting /vendor/apex/com.android.hardware.input.processor.apex mounted on /apex/com.android.hardware.input.processor@1
[   96.364222] EXT4-fs (loop56): unmounting filesystem 7d1522e1-9dfa-5edb-a43e-98e3a4d20250.
[   96.364732] apexd-unmount-all: Unmounting /vendor/apex/com.google.cf.ir.apex mounted on /apex/com.android.hardware.ir@1
[   96.366122] EXT4-fs (loop14): unmounting filesystem 7d1522e1-9dfa-5edb-a43e-98e3a4d20250.
[   96.367528] apexd-unmount-all: Unmounting /vendor/apex/com.android.hardware.keymint.rust_nonsecure.apex mounted on /apex/com.android.hardware.keymint@1
[   96.369887] EXT4-fs (loop20): unmounting filesystem 7d1522e1-9dfa-5edb-a43e-98e3a4d20250.
[   96.370335] apexd-unmount-all: Unmounting /vendor/apex/com.android.hardware.memtrack.apex mounted on /apex/com.android.hardware.memtrack@1
[   96.371606] EXT4-fs (loop59): unmounting filesystem 7d1522e1-9dfa-5edb-a43e-98e3a4d20250.
[   96.372118] apexd-unmount-all: Unmounting /vendor/apex/com.android.hardware.net.nlinterceptor.apex mounted on /apex/com.android.hardware.net.nlinterceptor@1
[   96.373718] EXT4-fs (loop19): unmounting filesystem 7d1522e1-9dfa-5edb-a43e-98e3a4d20250.
[   96.374162] apexd-unmount-all: Unmounting /vendor/apex/com.android.hardware.neuralnetworks.apex mounted on /apex/com.android.hardware.neuralnetworks@1
[   96.377646] EXT4-fs (loop18): unmounting filesystem 7d1522e1-9dfa-5edb-a43e-98e3a4d20250.
[   96.378119] apexd-unmount-all: Unmounting /vendor/apex/com.android.hardware.power.apex mounted on /apex/com.android.hardware.power@1
[   96.380039] EXT4-fs (loop17): unmounting filesystem 7d1522e1-9dfa-5edb-a43e-98e3a4d20250.
[   96.380431] apexd-unmount-all: Unmounting /vendor/apex/com.android.hardware.rebootescrow.apex mounted on /apex/com.android.hardware.rebootescrow@1
[   96.381566] EXT4-fs (loop79): unmounting filesystem 7d1522e1-9dfa-5edb-a43e-98e3a4d20250.
[   96.381999] apexd-unmount-all: Unmounting /vendor/apex/com.android.hardware.secure_element.apex mounted on /apex/com.android.hardware.secure_element@1
[   96.383314] EXT4-fs (loop61): unmounting filesystem 7d1522e1-9dfa-5edb-a43e-98e3a4d20250.
[   96.383677] apexd-unmount-all: Unmounting /vendor/apex/com.android.hardware.security.authgraph.apex mounted on /apex/com.android.hardware.security.authgraph@1
[   96.386350] EXT4-fs (loop16): unmounting filesystem 7d1522e1-9dfa-5edb-a43e-98e3a4d20250.
[   96.387430] apexd-unmount-all: Unmounting /vendor/apex/com.android.hardware.security.secretkeeper.apex mounted on /apex/com.android.hardware.security.secretkeeper@1
[   96.389875] EXT4-fs (loop76): unmounting filesystem 7d1522e1-9dfa-5edb-a43e-98e3a4d20250.
[   96.391432] apexd-unmount-all: Unmounting /vendor/apex/com.android.hardware.tetheroffload.apex mounted on /apex/com.android.hardware.tetheroffload@1
[   96.393144] EXT4-fs (loop15): unmounting filesystem 7d1522e1-9dfa-5edb-a43e-98e3a4d20250.
[   96.393675] apexd-unmount-all: Unmounting /vendor/apex/com.android.hardware.thermal.apex mounted on /apex/com.android.hardware.thermal@1
[   96.395223] EXT4-fs (loop13): unmounting filesystem 7d1522e1-9dfa-5edb-a43e-98e3a4d20250.
[   96.395632] apexd-unmount-all: Unmounting /vendor/apex/com.android.hardware.threadnetwork.apex mounted on /apex/com.android.hardware.threadnetwork@1
[   96.397026] EXT4-fs (loop12): unmounting filesystem 7d1522e1-9dfa-5edb-a43e-98e3a4d20250.
[   96.397422] apexd-unmount-all: Unmounting /vendor/apex/com.android.hardware.usb.apex mounted on /apex/com.android.hardware.usb@1
[   96.399535] EXT4-fs (loop10): unmounting filesystem 7d1522e1-9dfa-5edb-a43e-98e3a4d20250.
[   96.399967] apexd-unmount-all: Unmounting /vendor/apex/com.android.hardware.uwb.apex mounted on /apex/com.android.hardware.uwb@1
[   96.401265] EXT4-fs (loop9): unmounting filesystem 7d1522e1-9dfa-5edb-a43e-98e3a4d20250.
[   96.401702] apexd-unmount-all: Unmounting /vendor/apex/com.android.hardware.vibrator.apex mounted on /apex/com.android.hardware.vibrator@1
[   96.403671] EXT4-fs (loop11): unmounting filesystem 7d1522e1-9dfa-5edb-a43e-98e3a4d20250.
[   96.405120] apexd-unmount-all: Unmounting /vendor/apex/com.android.hardware.wifi.apex mounted on /apex/com.android.hardware.wifi@1
[   96.407110] EXT4-fs (loop34): unmounting filesystem 7d1522e1-9dfa-5edb-a43e-98e3a4d20250.
[   96.407736] apexd-unmount-all: Unmounting /system/apex/com.android.healthfitness.apex mounted on /apex/com.android.healthfitness@370399999
[   96.412019] EXT4-fs (loop77): unmounting filesystem 7d1522e1-9dfa-5edb-a43e-98e3a4d20250.
[   96.412521] apexd-unmount-all: Unmounting /system/apex/com.android.i18n.apex mounted on /apex/com.android.i18n@1
[   96.416017] EXT4-fs (loop62): unmounting filesystem 7d1522e1-9dfa-5edb-a43e-98e3a4d20250.
[   96.416589] apexd-unmount-all: Unmounting /system/apex/com.android.ipsec.apex mounted on /apex/com.android.ipsec@370399999
[   96.417815] EXT4-fs (loop60): unmounting filesystem 7d1522e1-9dfa-5edb-a43e-98e3a4d20250.
[   96.418142] apexd-unmount-all: Unmounting /system/apex/com.android.media.apex mounted on /apex/com.android.media@370399999
[   96.420964] EXT4-fs (loop52): unmounting filesystem 7d1522e1-9dfa-5edb-a43e-98e3a4d20250.
[   96.421371] apexd-unmount-all: Unmounting /system/apex/com.android.media.swcodec.apex mounted on /apex/com.android.media.swcodec@370399999
[   96.426680] EXT4-fs (loop43): unmounting filesystem 7d1522e1-9dfa-5edb-a43e-98e3a4d20250.
[   96.427067] apexd-unmount-all: Unmounting /system/apex/com.android.mediaprovider.apex mounted on /apex/com.android.mediaprovider@370399999
[   96.430878] EXT4-fs (loop58): unmounting filesystem 7d1522e1-9dfa-5edb-a43e-98e3a4d20250.
[   96.431641] apexd-unmount-all: Unmounting /system/apex/com.android.neuralnetworks.apex mounted on /apex/com.android.neuralnetworks@370399999
[   96.432691] EXT4-fs (loop46): unmounting filesystem 7d1522e1-9dfa-5edb-a43e-98e3a4d20250.
[   96.433068] apexd-unmount-all: Unmounting /system/apex/com.android.nfcservices.apex mounted on /apex/com.android.nfcservices@370399999
[   96.435375] EXT4-fs (loop53): unmounting filesystem 7d1522e1-9dfa-5edb-a43e-98e3a4d20250.
[   96.435792] apexd-unmount-all: Unmounting /system/apex/com.android.npumanager.apex mounted on /apex/com.android.npumanager@370399999
[   96.436837] EXT4-fs (loop67): unmounting filesystem 7d1522e1-9dfa-5edb-a43e-98e3a4d20250.
[   96.437163] apexd-unmount-all: Unmounting /system/apex/com.android.ondevicepersonalization.apex mounted on /apex/com.android.ondevicepersonalization@370399999
[   96.438727] EXT4-fs (loop47): unmounting filesystem 7d1522e1-9dfa-5edb-a43e-98e3a4d20250.
[   96.439133] apexd-unmount-all: Unmounting /system/apex/com.android.os.statsd.apex mounted on /apex/com.android.os.statsd@370399999
[   96.441668] EXT4-fs (loop31): unmounting filesystem 7d1522e1-9dfa-5edb-a43e-98e3a4d20250.
[   96.443085] apexd-unmount-all: Unmounting /system/apex/com.android.permission.apex mounted on /apex/com.android.permission@370399999
[   96.448601] EXT4-fs (loop44): unmounting filesystem 7d1522e1-9dfa-5edb-a43e-98e3a4d20250.
[   96.449078] apexd-unmount-all: Unmounting /system/apex/com.android.profiling.apex mounted on /apex/com.android.profiling@370399999
[   96.450697] EXT4-fs (loop73): unmounting filesystem 7d1522e1-9dfa-5edb-a43e-98e3a4d20250.
[   96.451227] apexd-unmount-all: Unmounting /system/apex/com.android.resolv.apex mounted on /apex/com.android.resolv@370399999
[   96.452319] EXT4-fs (loop40): unmounting filesystem 7d1522e1-9dfa-5edb-a43e-98e3a4d20250.
[   96.452675] apexd-unmount-all: Unmounting /system/apex/com.android.rkpd.apex mounted on /apex/com.android.rkpd@370399999
[   96.453874] EXT4-fs (loop50): unmounting filesystem 7d1522e1-9dfa-5edb-a43e-98e3a4d20250.
[   96.454277] apexd-unmount-all: Unmounting /system/apex/com.android.runtime.apex mounted on /apex/com.android.runtime@1
[   96.455347] apexd-unmount-all: Unmounting /system/apex/com.android.scheduling.apex mounted on /apex/com.android.scheduling@370399999
[   96.456272] EXT4-fs (loop39): unmounting filesystem 7d1522e1-9dfa-5edb-a43e-98e3a4d20250.
[   96.456643] apexd-unmount-all: Unmounting /system/apex/com.android.sdkext.apex mounted on /apex/com.android.sdkext@370399999
[   96.457896] EXT4-fs (loop37): unmounting filesystem 7d1522e1-9dfa-5edb-a43e-98e3a4d20250.
[   96.458378] apexd-unmount-all: Unmounting /system/apex/com.android.telephonycore.apex mounted on /apex/com.android.telephonycore@370399999
[   96.460327] EXT4-fs (loop70): unmounting filesystem 7d1522e1-9dfa-5edb-a43e-98e3a4d20250.
[   96.460700] apexd-unmount-all: Unmounting /system/apex/com.android.tethering.apex mounted on /apex/com.android.tethering@370399999
[   96.465081] EXT4-fs (loop36): unmounting filesystem 7d1522e1-9dfa-5edb-a43e-98e3a4d20250.
[   96.465481] apexd-unmount-all: Unmounting /system/apex/com.android.tzdata.apex mounted on /apex/com.android.tzdata@370399999
[   96.466746] EXT4-fs (loop68): unmounting filesystem 7d1522e1-9dfa-5edb-a43e-98e3a4d20250.
[   96.467098] apexd-unmount-all: Unmounting /system/apex/com.android.uprobestats.apex mounted on /apex/com.android.uprobestats@370399999
[   96.468699] EXT4-fs (loop55): unmounting filesystem 7d1522e1-9dfa-5edb-a43e-98e3a4d20250.
[   96.469684] apexd-unmount-all: Unmounting /system/apex/com.android.uwb.apex mounted on /apex/com.android.uwb@370399999
[   96.472002] apexd-unmount-all: Unmounting /system/apex/com.android.virt.apex mounted on /apex/com.android.virt@370399999
[   96.484531] apexd-unmount-all: Unmounting /system_ext/apex/com.android.vndk.v31.apex mounted on /apex/com.android.vndk.v31@1
[   96.485737] apexd-unmount-all: Unmounting /system_ext/apex/com.android.vndk.v32.apex mounted on /apex/com.android.vndk.v32@1
[   96.486968] apexd-unmount-all: Unmounting /system_ext/apex/com.android.vndk.v33.apex mounted on /apex/com.android.vndk.v33@1
[   96.488016] apexd-unmount-all: Unmounting /system_ext/apex/com.android.vndk.v34.apex mounted on /apex/com.android.vndk.v34@1
[   96.489066] apexd-unmount-all: Unmounting /system/apex/com.android.webapp.apex mounted on /apex/com.android.webapp@370399999
[   96.490430] apexd-unmount-all: Unmounting /system/apex/com.android.wifi.apex mounted on /apex/com.android.wifi@370399999
[   96.492774] apexd-unmount-all: Unmounting /vendor/apex/com.google.cf.bt.apex mounted on /apex/com.google.cf.bt@1
[   96.495217] apexd-unmount-all: Unmounting /vendor/apex/com.google.cf.confirmationui.apex mounted on /apex/com.google.cf.confirmationui@1
[   96.496408] apexd-unmount-all: Unmounting /vendor/apex/com.google.cf.gralloc.apex mounted on /apex/com.google.cf.gralloc@1
[   96.498059] apexd-unmount-all: Unmounting /vendor/apex/com.google.cf.health.apex mounted on /apex/com.google.cf.health@1
[   96.499424] apexd-unmount-all: Unmounting /vendor/apex/com.google.cf.identity.apex mounted on /apex/com.google.cf.identity@1
[   96.500901] apexd-unmount-all: Unmounting /vendor/apex/com.google.cf.input.config.apex mounted on /apex/com.google.cf.input.config@1
[   96.501977] apexd-unmount-all: Unmounting /vendor/apex/com.google.cf.light.apex mounted on /apex/com.google.cf.light@1
[   96.502625] apexd-unmount-all: Unmounting /vendor/apex/com.google.cf.nfc.apex mounted on /apex/com.google.cf.nfc@1
[   96.503659] apexd-unmount-all: Unmounting /vendor/apex/com.google.cf.oemlock.apex mounted on /apex/com.google.cf.oemlock@1
[   96.504581] apexd-unmount-all: Unmounting /vendor/apex/com.google.cf.rild.apex mounted on /apex/com.google.cf.rild@1
[   96.506095] apexd-unmount-all: Unmounting /vendor/apex/com.google.cf.vulkan.apex mounted on /apex/com.google.cf.vulkan@1
[   96.508085] apexd-unmount-all: Unmounting /vendor/apex/com.google.cf.wifi.apex mounted on /apex/com.google.cf.wifi@1
[   96.509406] apexd-unmount-all: Unmounting /vendor/apex/com.google.cf.wpa_supplicant.apex mounted on /apex/com.google.cf.wpa_supplicant@1
[   96.510975] apexd-unmount-all: Unmounting /vendor/apex/com.google.emulated.camera.provider.hal.apex mounted on /apex/com.google.emulated.camera.provider.hal@1
[   96.519003] init: Shutdown service: ueventd
[   96.519113] init: Sending SIGTERM to service 'ueventd' (pid 103) process group...
[   96.519447] libprocessgroup: Still waiting on process(es) to exit for cgroup /sys/fs/cgroup/system/uid_0/pid_103 after 0 ms
[   96.519678] libprocessgroup: Unable to remove cgroup /sys/fs/cgroup/system/uid_0/pid_103: Device or resource busy
[   96.520809] init: Shutdown service: console
[   96.520907] init: Shutdown service: blank_screen
[   96.521012] init: Shutdown service: bootanim
[   96.521139] init: Shutdown service: logd
[   96.521264] init: Shutdown service: servicemanager
[   96.521388] init: Sending SIGTERM to service 'servicemanager' (pid 397) process group...
[   96.521629] libprocessgroup: Still waiting on process(es) to exit for cgroup /sys/fs/cgroup/system/uid_1000/pid_397 after 0 ms
[   96.521898] libprocessgroup: Unable to remove cgroup /sys/fs/cgroup/system/uid_1000/pid_397: Device or resource busy
[   96.522200] init: Shutdown service: surfaceflinger
[   96.522318] init: Shutdown service: tombstoned
[   96.522498] init: Shutdown service: vold
[   96.523453] init: Shutdown service: hwservicemanager
[   96.523598] init: Sending SIGTERM to service 'hwservicemanager' (pid 4042) process group...
[   96.526656] libprocessgroup: Still waiting on process(es) to exit for cgroup /sys/fs/cgroup/system/uid_1000/pid_4042 after 0 ms
[   96.526982] libprocessgroup: Unable to remove cgroup /sys/fs/cgroup/system/uid_1000/pid_4042: Device or resource busy
[   96.527598] init: Shutdown service: adbd
[   96.527718] init: Shutdown service: vendor.hwcomposer-3
[   96.527870] init: Shutdown service: vendor.graphics.allocator
[   96.528030] init: Shutdown service: vendor.light-cuttlefish
[   96.528200] init: Sending SIGTERM to service 'vendor.light-cuttlefish' (pid 673) process group...
[   96.528687] libprocessgroup: Still waiting on process(es) to exit for cgroup /sys/fs/cgroup/system/uid_9999/pid_673 after 0 ms
[   96.529044] libprocessgroup: Unable to remove cgroup /sys/fs/cgroup/system/uid_9999/pid_673: Device or resource busy
[   96.529503] init: Remaining userspace processes except init: 
[   96.532089] init: pid: 103 name: (ueventd) ppid: 1 pgrp: 103 state: Z
[   96.532434] init: Cannot get info for pid 341: failed to open /proc/341: No such file or directory
[   96.532746] init: pid: 397 name: (servicemanager) ppid: 1 pgrp: 397 state: Z
[   96.533267] init: pid: 673 name: (android.hardwar) ppid: 1 pgrp: 673 state: Z
[   96.533666] init: pid: 4042 name: (hwservicemanage) ppid: 1 pgrp: 4042 state: Z
[   96.535935] sysrq: Terminate All Tasks
[   96.536460] init: Service 'ueventd' (pid 103) received SIGTERM
[   96.536643] init: Sending SIGKILL to service 'ueventd' (pid 103) process group...
[   96.537293] libprocessgroup: Removed cgroup /sys/fs/cgroup/system/uid_0/pid_103
[   96.538282] init: Service 'servicemanager' (pid 397) received SIGTERM
[   96.538516] init: Sending SIGKILL to service 'servicemanager' (pid 397) process group...
[   96.539090] libprocessgroup: Removed cgroup /sys/fs/cgroup/system/uid_1000/pid_397
[   96.539671] init: Service 'vendor.light-cuttlefish' (pid 673) received SIGTERM
[   96.539845] init: Sending SIGKILL to service 'vendor.light-cuttlefish' (pid 673) process group...
[   96.540385] libprocessgroup: Removed cgroup /sys/fs/cgroup/system/uid_9999/pid_673
[   96.540909] init: Service 'hwservicemanager' (pid 4042) received SIGTERM
[   96.541077] init: Sending SIGKILL to service 'hwservicemanager' (pid 4042) process group...
[   96.541615] libprocessgroup: Removed cgroup /sys/fs/cgroup/system/uid_1000/pid_4042
[   96.542152] init: waitid failed: No child processes
[   96.542745] init: Unmounting /dev/block/dm-17:/data_mirror/data_ce/null/0 opts rw,lazytime,seclabel,nosuid,nodev,noatime,background_gc=on,nogc_merge,discard,discard_unit=block,user_xattr,inline_xattr,acl,inline_data,inline_dentry,flush_merge,barrier,extent_cache,mode=adaptive,active_logs=6,reserve_root=32768,reserve_node=0,resuid=0,resgid=0,usrquota,grpquota,prjquota,inlinecrypt,alloc_mode=reuse,checkpoint_merge,fsync_mode=posix,compress_algorithm=lz4,compress_log_size=2,compress_mode=fs,memory=normal,errors=continue,lookup_mode=perf
[   96.543938] init: Umounted /dev/block/dm-17:/data_mirror/data_ce/null/0 opts rw,lazytime,seclabel,nosuid,nodev,noatime,background_gc=on,nogc_merge,discard,discard_unit=block,user_xattr,inline_xattr,acl,inline_data,inline_dentry,flush_merge,barrier,extent_cache,mode=adaptive,active_logs=6,reserve_root=32768,reserve_node=0,resuid=0,resgid=0,usrquota,grpquota,prjquota,inlinecrypt,alloc_mode=reuse,checkpoint_merge,fsync_mode=posix,compress_algorithm=lz4,compress_log_size=2,compress_mode=fs,memory=normal,errors=continue,lookup_mode=perf
[   96.544947] init: Unmounting /dev/block/dm-17:/data/user/0 opts rw,lazytime,seclabel,nosuid,nodev,noatime,background_gc=on,nogc_merge,discard,discard_unit=block,user_xattr,inline_xattr,acl,inline_data,inline_dentry,flush_merge,barrier,extent_cache,mode=adaptive,active_logs=6,reserve_root=32768,reserve_node=0,resuid=0,resgid=0,usrquota,grpquota,prjquota,inlinecrypt,alloc_mode=reuse,checkpoint_merge,fsync_mode=posix,compress_algorithm=lz4,compress_log_size=2,compress_mode=fs,memory=normal,errors=continue,lookup_mode=perf
[   96.546330] init: Cannot umount /dev/block/dm-17:/data/user/0 opts rw,lazytime,seclabel,nosuid,nodev,noatime,background_gc=on,nogc_merge,discard,discard_unit=block,user_xattr,inline_xattr,acl,inline_data,inline_dentry,flush_merge,barrier,extent_cache,mode=adaptive,active_logs=6,reserve_root=32768,reserve_node=0,resuid=0,resgid=0,usrquota,grpquota,prjquota,inlinecrypt,alloc_mode=reuse,checkpoint_merge,fsync_mode=posix,compress_algorithm=lz4,compress_log_size=2,compress_mode=fs,memory=normal,errors=continue,lookup_mode=perf: Invalid argument
[   96.547825] init: Unmounting /dev/block/dm-17:/data_mirror/ref_profiles opts rw,lazytime,seclabel,nosuid,nodev,noatime,background_gc=on,nogc_merge,discard,discard_unit=block,user_xattr,inline_xattr,acl,inline_data,inline_dentry,flush_merge,barrier,extent_cache,mode=adaptive,active_logs=6,reserve_root=32768,reserve_node=0,resuid=0,resgid=0,usrquota,grpquota,prjquota,inlinecrypt,alloc_mode=reuse,checkpoint_merge,fsync_mode=posix,compress_algorithm=lz4,compress_log_size=2,compress_mode=fs,memory=normal,errors=continue,lookup_mode=perf
[   96.549992] init: Umounted /dev/block/dm-17:/data_mirror/ref_profiles opts rw,lazytime,seclabel,nosuid,nodev,noatime,background_gc=on,nogc_merge,discard,discard_unit=block,user_xattr,inline_xattr,acl,inline_data,inline_dentry,flush_merge,barrier,extent_cache,mode=adaptive,active_logs=6,reserve_root=32768,reserve_node=0,resuid=0,resgid=0,usrquota,grpquota,prjquota,inlinecrypt,alloc_mode=reuse,checkpoint_merge,fsync_mode=posix,compress_algorithm=lz4,compress_log_size=2,compress_mode=fs,memory=normal,errors=continue,lookup_mode=perf
[   96.551464] init: Unmounting /dev/block/dm-17:/data_mirror/cur_profiles opts rw,lazytime,seclabel,nosuid,nodev,noatime,background_gc=on,nogc_merge,discard,discard_unit=block,user_xattr,inline_xattr,acl,inline_data,inline_dentry,flush_merge,barrier,extent_cache,mode=adaptive,active_logs=6,reserve_root=32768,reserve_node=0,resuid=0,resgid=0,usrquota,grpquota,prjquota,inlinecrypt,alloc_mode=reuse,checkpoint_merge,fsync_mode=posix,compress_algorithm=lz4,compress_log_size=2,compress_mode=fs,memory=normal,errors=continue,lookup_mode=perf
[   96.554247] init: Umounted /dev/block/dm-17:/data_mirror/cur_profiles opts rw,lazytime,seclabel,nosuid,nodev,noatime,background_gc=on,nogc_merge,discard,discard_unit=block,user_xattr,inline_xattr,acl,inline_data,inline_dentry,flush_merge,barrier,extent_cache,mode=adaptive,active_logs=6,reserve_root=32768,reserve_node=0,resuid=0,resgid=0,usrquota,grpquota,prjquota,inlinecrypt,alloc_mode=reuse,checkpoint_merge,fsync_mode=posix,compress_algorithm=lz4,compress_log_size=2,compress_mode=fs,memory=normal,errors=continue,lookup_mode=perf
[   96.555305] init: Unmounting /dev/block/dm-17:/data_mirror/storage_area opts rw,lazytime,seclabel,nosuid,nodev,noatime,background_gc=on,nogc_merge,discard,discard_unit=block,user_xattr,inline_xattr,acl,inline_data,inline_dentry,flush_merge,barrier,extent_cache,mode=adaptive,active_logs=6,reserve_root=32768,reserve_node=0,resuid=0,resgid=0,usrquota,grpquota,prjquota,inlinecrypt,alloc_mode=reuse,checkpoint_merge,fsync_mode=posix,compress_algorithm=lz4,compress_log_size=2,compress_mode=fs,memory=normal,errors=continue,lookup_mode=perf
[   96.556491] init: Umounted /dev/block/dm-17:/data_mirror/storage_area opts rw,lazytime,seclabel,nosuid,nodev,noatime,background_gc=on,nogc_merge,discard,discard_unit=block,user_xattr,inline_xattr,acl,inline_data,inline_dentry,flush_merge,barrier,extent_cache,mode=adaptive,active_logs=6,reserve_root=32768,reserve_node=0,resuid=0,resgid=0,usrquota,grpquota,prjquota,inlinecrypt,alloc_mode=reuse,checkpoint_merge,fsync_mode=posix,compress_algorithm=lz4,compress_log_size=2,compress_mode=fs,memory=normal,errors=continue,lookup_mode=perf
[   96.557511] init: Unmounting /dev/block/dm-17:/data_mirror/misc_de/null opts rw,lazytime,seclabel,nosuid,nodev,noatime,background_gc=on,nogc_merge,discard,discard_unit=block,user_xattr,inline_xattr,acl,inline_data,inline_dentry,flush_merge,barrier,extent_cache,mode=adaptive,active_logs=6,reserve_root=32768,reserve_node=0,resuid=0,resgid=0,usrquota,grpquota,prjquota,inlinecrypt,alloc_mode=reuse,checkpoint_merge,fsync_mode=posix,compress_algorithm=lz4,compress_log_size=2,compress_mode=fs,memory=normal,errors=continue,lookup_mode=perf
[   96.558582] init: Umounted /dev/block/dm-17:/data_mirror/misc_de/null opts rw,lazytime,seclabel,nosuid,nodev,noatime,background_gc=on,nogc_merge,discard,discard_unit=block,user_xattr,inline_xattr,acl,inline_data,inline_dentry,flush_merge,barrier,extent_cache,mode=adaptive,active_logs=6,reserve_root=32768,reserve_node=0,resuid=0,resgid=0,usrquota,grpquota,prjquota,inlinecrypt,alloc_mode=reuse,checkpoint_merge,fsync_mode=posix,compress_algorithm=lz4,compress_log_size=2,compress_mode=fs,memory=normal,errors=continue,lookup_mode=perf
[   96.559570] init: Unmounting /dev/block/dm-17:/data_mirror/misc_ce/null opts rw,lazytime,seclabel,nosuid,nodev,noatime,background_gc=on,nogc_merge,discard,discard_unit=block,user_xattr,inline_xattr,acl,inline_data,inline_dentry,flush_merge,barrier,extent_cache,mode=adaptive,active_logs=6,reserve_root=32768,reserve_node=0,resuid=0,resgid=0,usrquota,grpquota,prjquota,inlinecrypt,alloc_mode=reuse,checkpoint_merge,fsync_mode=posix,compress_algorithm=lz4,compress_log_size=2,compress_mode=fs,memory=normal,errors=continue,lookup_mode=perf
[   96.560670] init: Umounted /dev/block/dm-17:/data_mirror/misc_ce/null opts rw,lazytime,seclabel,nosuid,nodev,noatime,background_gc=on,nogc_merge,discard,discard_unit=block,user_xattr,inline_xattr,acl,inline_data,inline_dentry,flush_merge,barrier,extent_cache,mode=adaptive,active_logs=6,reserve_root=32768,reserve_node=0,resuid=0,resgid=0,usrquota,grpquota,prjquota,inlinecrypt,alloc_mode=reuse,checkpoint_merge,fsync_mode=posix,compress_algorithm=lz4,compress_log_size=2,compress_mode=fs,memory=normal,errors=continue,lookup_mode=perf
[   96.561773] init: Unmounting /dev/block/dm-17:/data_mirror/data_de/null opts rw,lazytime,seclabel,nosuid,nodev,noatime,background_gc=on,nogc_merge,discard,discard_unit=block,user_xattr,inline_xattr,acl,inline_data,inline_dentry,flush_merge,barrier,extent_cache,mode=adaptive,active_logs=6,reserve_root=32768,reserve_node=0,resuid=0,resgid=0,usrquota,grpquota,prjquota,inlinecrypt,alloc_mode=reuse,checkpoint_merge,fsync_mode=posix,compress_algorithm=lz4,compress_log_size=2,compress_mode=fs,memory=normal,errors=continue,lookup_mode=perf
[   96.562973] init: Umounted /dev/block/dm-17:/data_mirror/data_de/null opts rw,lazytime,seclabel,nosuid,nodev,noatime,background_gc=on,nogc_merge,discard,discard_unit=block,user_xattr,inline_xattr,acl,inline_data,inline_dentry,flush_merge,barrier,extent_cache,mode=adaptive,active_logs=6,reserve_root=32768,reserve_node=0,resuid=0,resgid=0,usrquota,grpquota,prjquota,inlinecrypt,alloc_mode=reuse,checkpoint_merge,fsync_mode=posix,compress_algorithm=lz4,compress_log_size=2,compress_mode=fs,memory=normal,errors=continue,lookup_mode=perf
[   96.564077] init: Unmounting /dev/block/dm-17:/data_mirror/data_ce/null opts rw,lazytime,seclabel,nosuid,nodev,noatime,background_gc=on,nogc_merge,discard,discard_unit=block,user_xattr,inline_xattr,acl,inline_data,inline_dentry,flush_merge,barrier,extent_cache,mode=adaptive,active_logs=6,reserve_root=32768,reserve_node=0,resuid=0,resgid=0,usrquota,grpquota,prjquota,inlinecrypt,alloc_mode=reuse,checkpoint_merge,fsync_mode=posix,compress_algorithm=lz4,compress_log_size=2,compress_mode=fs,memory=normal,errors=continue,lookup_mode=perf
[   96.565146] init: Umounted /dev/block/dm-17:/data_mirror/data_ce/null opts rw,lazytime,seclabel,nosuid,nodev,noatime,background_gc=on,nogc_merge,discard,discard_unit=block,user_xattr,inline_xattr,acl,inline_data,inline_dentry,flush_merge,barrier,extent_cache,mode=adaptive,active_logs=6,reserve_root=32768,reserve_node=0,resuid=0,resgid=0,usrquota,grpquota,prjquota,inlinecrypt,alloc_mode=reuse,checkpoint_merge,fsync_mode=posix,compress_algorithm=lz4,compress_log_size=2,compress_mode=fs,memory=normal,errors=continue,lookup_mode=perf
[   96.566159] init: Unmounting /dev/block/dm-17:/data opts rw,lazytime,seclabel,nosuid,nodev,noatime,background_gc=on,nogc_merge,discard,discard_unit=block,user_xattr,inline_xattr,acl,inline_data,inline_dentry,flush_merge,barrier,extent_cache,mode=adaptive,active_logs=6,reserve_root=32768,reserve_node=0,resuid=0,resgid=0,usrquota,grpquota,prjquota,inlinecrypt,alloc_mode=reuse,checkpoint_merge,fsync_mode=posix,compress_algorithm=lz4,compress_log_size=2,compress_mode=fs,memory=normal,errors=continue,lookup_mode=perf
[   96.680215] init: Umounted /dev/block/dm-17:/data opts rw,lazytime,seclabel,nosuid,nodev,noatime,background_gc=on,nogc_merge,discard,discard_unit=block,user_xattr,inline_xattr,acl,inline_data,inline_dentry,flush_merge,barrier,extent_cache,mode=adaptive,active_logs=6,reserve_root=32768,reserve_node=0,resuid=0,resgid=0,usrquota,grpquota,prjquota,inlinecrypt,alloc_mode=reuse,checkpoint_merge,fsync_mode=posix,compress_algorithm=lz4,compress_log_size=2,compress_mode=fs,memory=normal,errors=continue,lookup_mode=perf
[   96.681175] init: Unmounting /dev/block/vda6:/metadata opts rw,seclabel,nosuid,nodev,noatime
[   96.687624] init: Umounted /dev/block/vda6:/metadata opts rw,seclabel,nosuid,nodev,noatime
[   96.688056] init: sync() after umount...
[   96.688344] init: sync() after umount took0ms
[   96.794275] init: powerctl_shutdown_time_ms:3423:0
[   96.794578] init: Reboot ending, jumping to kernel
[   96.840993] ACPI: PM: Preparing to enter system sleep state S5
[   96.841778] kvm: exiting hardware virtualization
[   96.841987] reboot: Restarting system with command 'recovery'
[   96.842124] reboot: machine restart

U-Boot SPL 2024.04-g3fe964757589-ab15108624 (Mar 27 2026 - 21:26:21 +0000)
Trying to boot from SPI
Jumping to 64-bit U-Boot: Note many features are missing


U-Boot 2024.04-g3fe964757589-ab15108624 (Mar 27 2026 - 21:26:21 +0000)

DRAM:  4 GiB
Core:  8 devices, 8 uclasses, devicetree: separate
Net:         eth_initialize() No ethernet found.
qfw_write_smbios_tables() No QEMU firmware device
qfw_evt_write_smbios_tables() Falling back to U-Boot generated SMBIOS tables
Driver                    uid uclass               Devices
----------------------------------------------------------
blk_partition             083 partition            virtio-blk#24:1          
                                                   virtio-blk#24:2          
                                                   virtio-blk#24:3          
                                                   virtio-blk#24:4          
                                                   virtio-blk#24:5          
                                                   virtio-blk#24:6          
                                                   virtio-blk#24:7          
                                                   virtio-blk#24:8          
                                                   virtio-blk#24:9          
                                                   virtio-blk#24:10         
                                                   virtio-blk#24:11         
                                                   virtio-blk#24:12         
                                                   virtio-blk#24:13         
                                                   virtio-blk#24:14         
                                                   virtio-blk#24:15         
                                                   virtio-blk#24:16         
                                                   virtio-blk#24:17         
                                                   virtio-blk#24:18         
                                                   virtio-blk#24:19         
                                                   virtio-blk#25:1          
                                                   virtio-blk#25:2          
                                                   virtio-blk#25:3          
                                                   virtio-blk#25:4          
                                                   virtio-blk#26:1          
bootmeth_qfw              026 <no uclass>          
cpu_bus                   109 <no uclass>          
cpu_qemu                  031 <no uclass>          
cpu_x86                   031 <no uclass>          
efi_blk                   022 blk                  <none>
EFI block driver          038 efi                  <none>
syscon                    117 syscon               <none>
motorola_mc146818         104 rtc                  rtc                      
ns16550_serial            108 serial               serial                   
pci_bridge_drv            085 pci                  pci_0:2.1                
pci_generic_drv           087 pci_generic          pci_0:0.0                
                                                   pci_0:1.7                
pci_x86                   085 pci                  pci                      
qfw_bootdev               025 <no uclass>          
qfw_pio                   096 qfw                  qfw_pio                  
root_driver               000 root                 root_driver              
sysinfo_smbios            118 sysinfo              smbios                   
vidconsole0               131 vidconsole0          <none>
virtio-blk                022 blk                  virtio-blk#24            
                                                   virtio-blk#25            
                                                   virtio-blk#26            
virtio_bootdev            025 <no uclass>          
virtio-console            108 serial               virtio-console#0         
                                                   virtio-console#8         
                                                   virtio-console#9         
                                                   virtio-console#10        
                                                   virtio-console#11        
                                                   virtio-console#12        
                                                   virtio-console#13        
                                                   virtio-console#14        
                                                   virtio-console#15        
                                                   virtio-console#16        
                                                   virtio-console#17        
                                                   virtio-console#18        
                                                   virtio-console#19        
                                                   virtio-console#20        
                                                   virtio-console#21        
                                                   virtio-console#22        
                                                   virtio-console#23        
                                                   virtio-console#27        
                                                   virtio-console#28        
                                                   virtio-console#29        
virtio-console-port       108 serial               <none>
virtio-net                040 ethernet             virtio-net#1             
                                                   virtio-net#2             
virtio-pci.m              133 virtio               virtio-pci.m#0           
                                                   virtio-pci.m#1           
                                                   virtio-pci.m#2           
                                                   virtio-pci.m#3           
                                                   virtio-pci.m#4           
                                                   virtio-pci.m#5           
                                                   virtio-pci.m#6           
                                                   virtio-pci.m#7           
                                                   virtio-pci.m#8           
                                                   virtio-pci.m#9           
                                                   virtio-pci.m#10          
                                                   virtio-pci.m#11          
                                                   virtio-pci.m#12          
                                                   virtio-pci.m#13          
                                                   virtio-pci.m#14          
                                                   virtio-pci.m#15          
                                                   virtio-pci.m#16          
                                                   virtio-pci.m#17          
                                                   virtio-pci.m#18          
                                                   virtio-pci.m#19          
                                                   virtio-pci.m#20          
                                                   virtio-pci.m#21          
                                                   virtio-pci.m#22          
                                                   virtio-pci.m#23          
                                                   virtio-pci.m#24          
                                                   virtio-pci.m#25          
                                                   virtio-pci.m#26          
                                                   virtio-pci.m#27          
                                                   virtio-pci.m#28          
                                                   virtio-pci.m#29          
                                                   virtio-pci.m#30          
                                                   virtio-pci.m#31          
                                                   virtio-pci.m#32          
                                                   virtio-pci.m#33          
                                                   virtio-pci.m#34          
                                                   virtio-pci.m#35          
                                                   virtio-pci.m#36          
virtio-rng                103 rng                  virtio-rng#32            
x86_reset                 119 sysreset             reset                    
x86_tsc_timer             122 timer                tsc-timer                
## Android Verified Boot 2.0 version 1.2.0
Writing 8 bytes to virtio-console#17 console
Reading 8 bytes from virtio-console#17 console
Writing 8 bytes to virtio-console#17 console
Reading 8 bytes from virtio-console#17 console
Verification passed successfully
Imported supplementary environment
CPU 65537:
Reg Valid Write-type   Base   ||        Mask   ||        Size   ||       
0   Y     Back         00000000fff00000 0000000ffff00000 0000000000100000
1   N     Uncacheable  0000000000000000 0000000000000000 0000001000000000
2   N     Uncacheable  0000000000000000 0000000000000000 0000001000000000
3   N     Uncacheable  0000000000000000 0000000000000000 0000001000000000
4   N     Uncacheable  0000000000000000 0000000000000000 0000001000000000
5   N     Uncacheable  0000000000000000 0000000000000000 0000001000000000
6   N     Uncacheable  0000000000000000 0000000000000000 0000001000000000
7   N     Uncacheable  0000000000000000 0000000000000000 0000001000000000
ANDROID: reboot reason: "recovery"
## Android Verified Boot 2.0 version 1.2.0
Writing 8 bytes to virtio-console#17 console
Reading 8 bytes from virtio-console#17 console
avb_slot_verify.c:433: ERROR: vendor_boot_a: Hash of data does not match digest in descriptor.
Writing 8 bytes to virtio-console#17 console
Reading 8 bytes from virtio-console#17 console
Verification failed
Returning Verification success due to unlocked bootloader
## Android Verified Boot 2.0 version 1.2.0
Writing 8 bytes to virtio-console#17 console
Reading 8 bytes from virtio-console#17 console
Writing 8 bytes to virtio-console#17 console
Reading 8 bytes from virtio-console#17 console
Verification passed successfully
ANDROID: Loading ramdisk from "init_boot_a", partition 4.
ANDROID: Loading kernel from "boot_a", partition 1.
ANDROID: Loading vendor ramdisk from "vendor_boot_a", partition 18.
Booting kernel at 0x02400000 with fdt at <NULL> ramdisk 0x0e400000 (0x0231e0ea bytes)...


Valid Boot Flag
Magic signature found
Linux kernel version 6.12.74-android16-6-g3ec022196c4e-ab15076761 (kleaf@build-host) #1 SMP PREEMPT Tue Mar 24 05:36:21 UTC 2026
Building boot_params at 0x00090000
Loading bzImage at address 100000 (22881280 bytes)
Initial RAM disk at linear address 0x0e400000, size 36823274 bytes
Kernel command line: " printk.devkmsg=on audit=1 panic=-1 8250.nr_uarts=1 binder.impl=rust cma=0 firmware_class.path=/vendor/etc/ loop.max_part=7 init=/init bootconfig panic=-1 console=hvc0 earlycon=uart8250,io,0x3f8 ramoops.mem_address=0x138000000 ramoops.mem_size=0x200000"
Kernel loaded at 00100000, setup_base=0000000000090000

Starting kernel ...

[    0.000000] Linux version 6.12.74-android16-6-g3ec022196c4e-ab15076761 (kleaf@build-host) (Android (14043575, +pgo, +bolt, +lto, +mlgo, based on r536225) clang version 19.0.1 (https://android.googlesource.com/toolchain/llvm-project b3a530ec6537146650e42be89f1089e9a3588460), LLD 19.0.1) #1 SMP PREEMPT Tue Mar 24 05:36:21 UTC 2026
[    0.000000] Command line:  printk.devkmsg=on audit=1 panic=-1 8250.nr_uarts=1 binder.impl=rust cma=0 firmware_class.path=/vendor/etc/ loop.max_part=7 init=/init bootconfig panic=-1 console=hvc0 earlycon=uart8250,io,0x3f8 ramoops.mem_address=0x138000000 ramoops.mem_size=0x200000
[    0.000000] BIOS-provided physical RAM map:
[    0.000000] BIOS-e820: [mem 0x0000000000000000-0x000000000009ffff] usable
[    0.000000] BIOS-e820: [mem 0x00000000000a0000-0x00000000000fffff] reserved
[    0.000000] BIOS-e820: [mem 0x0000000000100000-0x00000000ced69fff] usable
[    0.000000] BIOS-e820: [mem 0x00000000ced6a000-0x00000000cfffffff] reserved
[    0.000000] BIOS-e820: [mem 0x00000000e0000000-0x00000000efffffff] reserved
[    0.000000] BIOS-e820: [mem 0x0000000100000000-0x000000012fffffff] usable
[    0.000000] earlycon: uart8250 at I/O port 0x3f8 (options '')
[    0.000000] printk: legacy bootconsole [uart8250] enabled
[    0.000000] NX (Execute Disable) protection: active
[    0.000000] APIC: Static calls initialized
[    0.000000] SMBIOS 3.2.0 present.
[    0.000000] DMI: ChromiumOS crosvm, BIOS 0 
[    0.000000] DMI: Memory slots populated: 0/0
[    0.000000] Hypervisor detected: KVM
[    0.000000] last_pfn = 0xced6a max_arch_pfn = 0x400000000
[    0.000000] kvm-clock: Using msrs 4b564d01 and 4b564d00
[    0.000000] kvm-clock: using sched offset of 1194408706 cycles
[    0.001566] clocksource: kvm-clock: mask: 0xffffffffffffffff max_cycles: 0x1cd42e4dffb, max_idle_ns: 881590591483 ns
[    0.006710] tsc: Detected 2299.998 MHz processor
[    0.008466] last_pfn = 0x130000 max_arch_pfn = 0x400000000
[    0.010295] MTRR map: 6 entries (3 fixed + 3 variable; max 19), built from 8 variable MTRRs
[    0.012812] x86/PAT: Configuration [0-7]: WB  WC  UC- UC  WB  WP  UC- WT  
[    0.015105] mtrr: your BIOS has configured an incorrect mask, fixing it.
[    0.017155] last_pfn = 0xced6a max_arch_pfn = 0x400000000
[    0.018840] found SMP MP-table at [mem 0x0009fff0-0x0009ffff]
[    0.020568] Using GB pages for direct mapping
[    0.022091] RAMDISK: [mem 0x0e400000-0x1071efff]
[    0.023616] ACPI: Early table checksum verification disabled
[    0.025438] ACPI: RSDP 0x00000000000E0000 000024 (v02 CROSVM)
[    0.027214] ACPI: XSDT 0x00000000000E0C00 00003C (v01 CROSVM CROSVMDT 00000001 CROS 00000000)
[    0.029926] ACPI: FACP 0x00000000000E09C0 000114 (v06 CROSVM CROSVMDT 00000001 CROS 00000000)
[    0.032631] ACPI: DSDT 0x00000000000E0080 00091E (v06 CROSVM CROSVMDT 00000001 CROS 00000000)
[    0.035380] ACPI: FACS 0x00000000000E0040 000040
[    0.036826] ACPI: APIC 0x00000000000E0B00 000070 (v05 CROSVM CROSVMDT 00000001 CROS 00000000)
[    0.039522] ACPI: MCFG 0x00000000000E0B80 00003C (v01 CROSVM CROSVMDT 00000001 CROS 00000000)
[    0.042263] ACPI: Reserving FACP table memory at [mem 0xe09c0-0xe0ad3]
[    0.044322] ACPI: Reserving DSDT table memory at [mem 0xe0080-0xe099d]
[    0.046376] ACPI: Reserving FACS table memory at [mem 0xe0040-0xe007f]
[    0.048428] ACPI: Reserving APIC table memory at [mem 0xe0b00-0xe0b6f]
[    0.050447] ACPI: Reserving MCFG table memory at [mem 0xe0b80-0xe0bbb]
[    0.052637] Zone ranges:
[    0.053414]   DMA32    [mem 0x0000000000001000-0x00000000ffffffff]
[    0.055311]   Normal   [mem 0x0000000100000000-0x000000012fffffff]
[    0.057259] Movable zone start for each node
[    0.058613] Early memory node ranges
[    0.059750]   node   0: [mem 0x0000000000001000-0x000000000009ffff]
[    0.061740]   node   0: [mem 0x0000000000100000-0x00000000ced69fff]
[    0.063721]   node   0: [mem 0x0000000100000000-0x000000012fffffff]
[    0.065685] Initmem setup node 0 [mem 0x0000000000001000-0x000000012fffffff]
[    0.067968] On node 0, zone DMA32: 1 pages in unavailable ranges
[    0.165643] On node 0, zone DMA32: 96 pages in unavailable ranges
[    0.190230] On node 0, zone Normal: 4758 pages in unavailable ranges
[    0.196951] IOAPIC[0]: apic_id 0, version 17, address 0xfec00000, GSI 0-23
[    0.199081] ACPI: INT_SRC_OVR (bus 0 bus_irq 9 global_irq 9 low level)
[    0.201086] ACPI: INT_SRC_OVR (bus 0 bus_irq 10 global_irq 10 low level)
[    0.203209] ACPI: INT_SRC_OVR (bus 0 bus_irq 11 global_irq 11 low level)
[    0.205358] ACPI: INT_SRC_OVR (bus 0 bus_irq 12 global_irq 12 low level)
[    0.207472] ACPI: Using ACPI (MADT) for SMP configuration information
[    0.209505] TSC deadline timer available
[    0.210717] CPU topo: Max. logical packages:   2
[    0.212140] CPU topo: Max. logical dies:       2
[    0.213521] CPU topo: Max. dies per package:   1
[    0.214911] CPU topo: Max. threads per core:   1
[    0.216343] CPU topo: Num. cores per package:     1
[    0.217887] CPU topo: Num. threads per package:   1
[    0.219463] CPU topo: Allowing 2 present CPUs plus 0 hotplug CPUs
[    0.221417] kvm-guest: APIC: eoi() replaced with kvm_guest_apic_eoi_write()
[    0.223663] kvm-guest: KVM setup pv remote TLB flush
[    0.225265] kvm-guest: setup PV sched yield
[    0.226594] PM: hibernation: Registered nosave memory: [mem 0x00000000-0x00000fff]
[    0.228989] PM: hibernation: Registered nosave memory: [mem 0x000a0000-0x000fffff]
[    0.231385] PM: hibernation: Registered nosave memory: [mem 0xced6a000-0xffffffff]
[    0.233788] [mem 0xd0000000-0xdfffffff] available for PCI devices
[    0.235700] Booting paravirtualized kernel on KVM
[    0.237193] clocksource: refined-jiffies: mask: 0xffffffff max_cycles: 0xffffffff, max_idle_ns: 7645519600211568 ns
[    0.240697] Load bootconfig: 2663 bytes 130 nodes
[    0.242193] setup_percpu: NR_CPUS:32 nr_cpumask_bits:2 nr_cpu_ids:2 nr_node_ids:1
[    0.248368] percpu: Embedded 106 pages/cpu s271384 r131072 d31720 u1048576
[    0.250653] Kernel command line: vmw_vsock_virtio_transport_common.virtio_transport_max_vsock_pkt_buf_size=16384 console=ttynull stack_depot_disable=on cgroup_disable=pressure bootconfig  printk.devkmsg=on audit=1 panic=-1 8250.nr_uarts=1 binder.impl=rust cma=0 firmware_class.path=/vendor/etc/ loop.max_part=7 init=/init bootconfig panic=-1 console=hvc0 earlycon=uart8250,io,0x3f8 ramoops.mem_address=0x138000000 ramoops.mem_size=0x200000
[    0.263076] cgroup: Disabling pressure control group feature
[    0.264911] audit: enabled (after initialization)
[    0.266471] random: crng init done
[    0.267555] printk: log buffer data + meta data: 131072 + 458752 = 589824 bytes
[    0.277930] Dentry cache hash table entries: 524288 (order: 10, 4194304 bytes, linear)
[    0.285028] Inode-cache hash table entries: 262144 (order: 9, 2097152 bytes, linear)
[    0.288619] Built 1 zonelists, mobility grouping on.  Total pages: 1043721
[    0.292195] mem auto-init: stack:all(zero), heap alloc:on, heap free:off
[    0.294822] stackdepot: disabled
[    0.296043] software IO TLB: area num 2.
[    0.434034] SLUB: HWalign=64, Order=0-3, MinObjects=0, CPUs=2, Nodes=1
[    0.437117] rcu: Preemptible hierarchical RCU implementation.
[    0.439304] rcu: 	RCU event tracing is enabled.
[    0.440936] rcu: 	RCU restricting CPUs from NR_CPUS=32 to nr_cpu_ids=2.
[    0.443207] rcu: 	RCU priority boosting: priority 1 delay 500 ms.
[    0.445286] 	Trampoline variant of Tasks RCU enabled.
[    0.446986] 	Tracing variant of Tasks RCU enabled.
[    0.448098] rcu: RCU calculated value of scheduler-enlistment delay is 25 jiffies.
[    0.450750] rcu: Adjusting geometry for rcu_fanout_leaf=16, nr_cpu_ids=2
[    0.453212] RCU Tasks: Setting shift to 1 and lim to 1 rcu_task_cb_adjust=1 rcu_task_cpu_ids=2.
[    0.456437] RCU Tasks Trace: Setting shift to 1 and lim to 1 rcu_task_cb_adjust=1 rcu_task_cpu_ids=2.
[    0.461931] NR_IRQS: 4352, nr_irqs: 440, preallocated irqs: 16
[    0.464475] rcu: 	Offload RCU callbacks from CPUs: 0-1.
[    0.466554] rcu: srcu_init: Setting srcu_struct sizes based on contention.
[    0.469241] kfence: initialized - using 524288 bytes for 63 objects at 0x(____ptrval____)-0x(____ptrval____)
[    0.472781] ACPI: Core revision 20240827
[    0.474241] APIC: Switch to symmetric I/O mode setup
[    0.476637] x2apic enabled
[    0.478329] APIC: Switched APIC routing to: physical x2apic
[    0.480503] kvm-guest: APIC: send_IPI_mask() replaced with kvm_send_ipi_mask()
[    0.483132] kvm-guest: APIC: send_IPI_mask_allbutself() replaced with kvm_send_ipi_mask_allbutself()
[    0.486456] kvm-guest: setup PV IPIs
[    0.490021] clocksource: tsc-early: mask: 0xffffffffffffffff max_cycles: 0x212733415c7, max_idle_ns: 440795236380 ns
[    0.493713] Calibrating delay loop (skipped) preset value.. 4599.99 BogoMIPS (lpj=9199992)
[    0.497494] x86/cpu: User Mode Instruction Prevention (UMIP) activated
[    0.497710] Last level iTLB entries: 4KB 0, 2MB 0, 4MB 0
[    0.497710] Last level dTLB entries: 4KB 0, 2MB 0, 4MB 0, 1GB 0
[    0.497710] Spectre V1 : Mitigation: usercopy/swapgs barriers and __user pointer sanitization
[    0.497710] Spectre V2 : Mitigation: Retpolines
[    0.497710] Spectre V2 : Spectre v2 / SpectreRSB: Filling RSB on context switch and VMEXIT
[    0.497710] RETBleed: WARNING: Spectre v2 mitigation leaves CPU vulnerable to RETBleed attacks, data leaks possible!
[    0.497710] RETBleed: Vulnerable
[    0.497710] Speculative Store Bypass: Vulnerable
[    0.497710] active return thunk: its_return_thunk
[    0.497710] ITS: Mitigation: Aligned branch/return thunks
[    0.497710] x86/fpu: Supporting XSAVE feature 0x001: 'x87 floating point registers'
[    0.497710] x86/fpu: Supporting XSAVE feature 0x002: 'SSE registers'
[    0.497710] x86/fpu: Supporting XSAVE feature 0x004: 'AVX registers'
[    0.497710] x86/fpu: Supporting XSAVE feature 0x020: 'AVX-512 opmask'
[    0.497710] x86/fpu: Supporting XSAVE feature 0x040: 'AVX-512 Hi256'
[    0.497710] x86/fpu: Supporting XSAVE feature 0x080: 'AVX-512 ZMM_Hi256'
[    0.497710] x86/fpu: xstate_offset[2]:  576, xstate_sizes[2]:  256
[    0.497710] x86/fpu: xstate_offset[5]:  832, xstate_sizes[5]:   64
[    0.497710] x86/fpu: xstate_offset[6]:  896, xstate_sizes[6]:  512
[    0.497710] x86/fpu: xstate_offset[7]: 1408, xstate_sizes[7]: 1024
[    0.497710] x86/fpu: Enabled xstate features 0xe7, context size is 2432 bytes, using 'compacted' format.
[    0.497710] SMP alternatives: Using kCFI
[    0.497710] Freeing SMP alternatives memory: 56K
[    0.497710] pid_max: default: 32768 minimum: 301
[    0.497710] LSM: initializing lsm=capability,landlock,safesetid,selinux,bpf
[    0.497710] landlock: Up and running.
[    0.497710] SELinux:  Initializing.
[    0.497710] LSM support for eBPF active
[    0.497710] Mount-cache hash table entries: 8192 (order: 4, 65536 bytes, linear)
[    0.497710] Mountpoint-cache hash table entries: 8192 (order: 4, 65536 bytes, linear)
[    0.497710] smpboot: CPU0: Intel INTEL(R) XEON(R) PLATINUM 8573C (family: 0x6, model: 0xcf, stepping: 0x2)
[    0.497942] Performance Events: unsupported p6 CPU model 207 no PMU driver, software events only.
[    0.500846] signal: max sigframe size: 3632
[    0.501792] rcu: Hierarchical SRCU implementation.
[    0.503359] rcu: 	Max phase no-delay instances is 1000.
[    0.505516] Timer migration: 1 hierarchy levels; 8 children per group; 1 crossnode level
[    0.508459] dyndbg: Ignore empty _ddebug table in a CONFIG_DYNAMIC_DEBUG_CORE build
[    0.510030] smp: Bringing up secondary CPUs ...
[    0.512261] smpboot: x86: Booting SMP configuration:
[    0.513730] .... node  #0, CPUs:      #1
[    0.517867] smp: Brought up 1 node, 2 CPUs
[    0.520569] smpboot: Total of 2 processors activated (9199.99 BogoMIPS)
[    0.522574] Memory: 3944740K/4174884K available (22528K kernel code, 2444K rwdata, 16884K rodata, 3244K init, 2276K bss, 225328K reserved, 0K cma-reserved)
[    0.526986] x86/mm: Memory block size: 128MB
[    0.529422] clocksource: jiffies: mask: 0xffffffff max_cycles: 0xffffffff, max_idle_ns: 7645041785100000 ns
[    0.529804] futex hash table entries: 512 (order: 3, 32768 bytes, linear)
[    0.539354] NET: Registered PF_NETLINK/PF_ROUTE protocol family
[    0.541976] audit: initializing netlink subsys (enabled)
[    0.544536] ramoops: using module parameters
[    0.544536] audit: type=2000 audit(1790904969.587:1): state=initialized audit_enabled=1 res=1
[    0.555547] pstore: Using crash dump compression: deflate
[    0.557373] printk: legacy console [ramoops-1] enabled
[    0.558048] pstore: Registered ramoops as persistent store backend
[    0.560143] ramoops: using 0x200000@0x138000000, ecc: 0
[    0.562109] thermal_sys: Registered thermal governor 'bang_bang'
[    0.562111] thermal_sys: Registered thermal governor 'step_wise'
[    0.564051] thermal_sys: Registered thermal governor 'user_space'
[    0.565736] cpuidle: using governor menu
[    0.569724] PCI: ECAM [mem 0xf4000000-0xf7ffffff] (base 0xf4000000) for domain 0000 [bus 00-3f]
[    0.572477] PCI: not using ECAM ([mem 0xf4000000-0xf7ffffff] not reserved)
[    0.573722] PCI: Using configuration type 1 for base access
[    0.575662] mtrr: your CPUs had inconsistent fixed MTRR settings
[    0.577662] mtrr: your CPUs had inconsistent variable MTRR settings
[    0.577721] mtrr: your CPUs had inconsistent MTRRdefType settings
[    0.579676] mtrr: probably your BIOS does not setup all CPUs.
[    0.581506] mtrr: corrected configuration.
[    0.581890] kprobes: kprobe jump-optimization is enabled. All kprobes are optimized if possible.
[    0.584693] cryptd: max_cpu_qlen set to 1000
[    0.586417] ACPI: Added _OSI(Module Device)
[    0.588377] ACPI: Added _OSI(Processor Device)
[    0.589742] ACPI: Added _OSI(Processor Aggregator Device)
[    0.592405] ACPI: 1 ACPI AML tables successfully acquired and loaded
[    0.595416] ACPI: Interpreter enabled
[    0.597131] ACPI: PM: (supports S0 S1 S5)
[    0.597724] ACPI: Using IOAPIC for interrupt routing
[    0.600021] PCI: ECAM [mem 0xf4000000-0xf7ffffff] (base 0xf4000000) for domain 0000 [bus 00-3f]
[    0.601752] PCI: ECAM [mem 0xf4000000-0xf7ffffff] reserved as ACPI motherboard resource
[    0.605487] PCI: Using host bridge windows from ACPI; if necessary, use "pci=nocrs" and report a bug
[    0.605721] PCI: Using E820 reservations for host bridge windows
[    0.609809] ACPI: PCI Root Bridge [PC00] (domain 0000 [bus 00-3f])
[    0.612587] acpi PNP0A08:00: _OSC: OS supports [ExtendedConfig ASPM ClockPM Segments MSI HPX-Type3]
[    0.613791] acpi PNP0A08:00: _OSC: OS now controls [PCIeHotplug PME PCIeCapability LTR]
[    0.617180] PCI host bridge to bus 0000:00
[    0.617723] pci_bus 0000:00: root bus resource [mem 0xd0000000-0xf7ffffff window]
[    0.620937] pci_bus 0000:00: root bus resource [mem 0x138200000-0x3fffffffffff window]
[    0.621721] pci_bus 0000:00: root bus resource [bus 00-3f]
[    0.624323] pci 0000:00:00.0: [8086:1237] type 00 class 0x060000 conventional PCI endpoint
[    0.627371] pci 0000:00:01.0: [1af4:1043] type 00 class 0x078000 conventional PCI endpoint
[    0.630057] pci 0000:00:01.0: BAR 0 [mem 0xd0808000-0xd080ffff]
[    0.635047] pci 0000:00:01.0: PME# supported from D0 D3hot D3cold
[    0.638808] pci 0000:00:01.1: [1af4:1041] type 00 class 0x028000 conventional PCI endpoint
[    0.642043] pci 0000:00:01.1: BAR 0 [mem 0xd08e0000-0xd08e7fff]
[    0.647047] pci 0000:00:01.1: PME# supported from D0 D3hot D3cold
[    0.650859] pci 0000:00:01.2: [1af4:1041] type 00 class 0x028000 conventional PCI endpoint
[    0.654064] pci 0000:00:01.2: BAR 0 [mem 0xd08e8000-0xd08effff]
[    0.659142] pci 0000:00:01.2: PME# supported from D0 D3hot D3cold
[    0.662490] pci 0000:00:01.3: [1af4:1052] type 00 class 0x098000 conventional PCI endpoint
[    0.665365] pci 0000:00:01.3: BAR 0 [mem 0xd0908000-0xd090ffff]
[    0.668150] pci 0000:00:01.3: PME# supported from D0 D3hot D3cold
[    0.671177] pci 0000:00:01.4: [1af4:1052] type 00 class 0x098000 conventional PCI endpoint
[    0.674067] pci 0000:00:01.4: BAR 0 [mem 0xd0910000-0xd0917fff]
[    0.678556] pci 0000:00:01.4: PME# supported from D0 D3hot D3cold
[    0.681746] pci 0000:00:01.5: [1af4:1052] type 00 class 0x098000 conventional PCI endpoint
[    0.684817] pci 0000:00:01.5: BAR 0 [mem 0xd0918000-0xd091ffff]
[    0.688239] pci 0000:00:01.5: PME# supported from D0 D3hot D3cold
[    0.690883] pci 0000:00:01.6: [1af4:1052] type 00 class 0x098000 conventional PCI endpoint
[    0.693873] pci 0000:00:01.6: BAR 0 [mem 0xd0920000-0xd0927fff]
[    0.698281] pci 0000:00:01.6: PME# supported from D0 D3hot D3cold
[    0.701085] pci 0000:00:01.7: [1b36:0011] type 00 class 0xffff00 conventional PCI endpoint
[    0.702033] pci 0000:00:01.7: BAR 0 [mem 0xd0928000-0xd092800f]
[    0.706058] pci 0000:00:02.0: [1af4:1050] type 00 class 0x038000 conventional PCI endpoint
[    0.709084] pci 0000:00:02.0: BAR 0 [mem 0xd0800000-0xd0807fff]
[    0.710183] pci 0000:00:02.0: BAR 2 [mem 0x200000000-0x3ffffffff 64bit pref]
[    0.714476] pci 0000:00:02.0: PME# supported from D0 D3hot D3cold
[    0.717497] pci 0000:00:02.1: [8086:3420] type 01 class 0x060400 PCIe Root Port
[    0.718390] pci 0000:00:02.1: PCI bridge to [bus 01]
[    0.721257] pci 0000:00:02.1: PME# supported from D0 D3hot D3cold
[    0.722768] pci 0000:00:03.0: [1af4:1043] type 00 class 0x078000 conventional PCI endpoint
[    0.725654] pci 0000:00:03.0: BAR 0 [mem 0xd0810000-0xd0817fff]
[    0.728128] pci 0000:00:03.0: PME# supported from D0 D3hot D3cold
[    0.730801] pci 0000:00:04.0: [1af4:1043] type 00 class 0x078000 conventional PCI endpoint
[    0.733693] pci 0000:00:04.0: BAR 0 [mem 0xd0818000-0xd081ffff]
[    0.736115] pci 0000:00:04.0: PME# supported from D0 D3hot D3cold
[    0.738833] pci 0000:00:05.0: [1af4:1043] type 00 class 0x078000 conventional PCI endpoint
[    0.741818] pci 0000:00:05.0: BAR 0 [mem 0xd0820000-0xd0827fff]
[    0.746139] pci 0000:00:05.0: PME# supported from D0 D3hot D3cold
[    0.749261] pci 0000:00:06.0: [1af4:1043] type 00 class 0x078000 conventional PCI endpoint
[    0.750054] pci 0000:00:06.0: BAR 0 [mem 0xd0828000-0xd082ffff]
[    0.754594] pci 0000:00:06.0: PME# supported from D0 D3hot D3cold
[    0.757791] pci 0000:00:07.0: [1af4:1043] type 00 class 0x078000 conventional PCI endpoint
[    0.760715] pci 0000:00:07.0: BAR 0 [mem 0xd0830000-0xd0837fff]
[    0.764143] pci 0000:00:07.0: PME# supported from D0 D3hot D3cold
[    0.766863] pci 0000:00:08.0: [1af4:1043] type 00 class 0x078000 conventional PCI endpoint
[    0.769720] pci 0000:00:08.0: BAR 0 [mem 0xd0838000-0xd083ffff]
[    0.774120] pci 0000:00:08.0: PME# supported from D0 D3hot D3cold
[    0.777498] pci 0000:00:09.0: [1af4:1043] type 00 class 0x078000 conventional PCI endpoint
[    0.778039] pci 0000:00:09.0: BAR 0 [mem 0xd0840000-0xd0847fff]
[    0.782442] pci 0000:00:09.0: PME# supported from D0 D3hot D3cold
[    0.785585] pci 0000:00:0a.0: [1af4:1043] type 00 class 0x078000 conventional PCI endpoint
[    0.786054] pci 0000:00:0a.0: BAR 0 [mem 0xd0848000-0xd084ffff]
[    0.790304] pci 0000:00:0a.0: PME# supported from D0 D3hot D3cold
[    0.793294] pci 0000:00:0b.0: [1af4:1043] type 00 class 0x078000 conventional PCI endpoint
[    0.794025] pci 0000:00:0b.0: BAR 0 [mem 0xd0850000-0xd0857fff]
[    0.798001] pci 0000:00:0b.0: PME# supported from D0 D3hot D3cold
[    0.801028] pci 0000:00:0c.0: [1af4:1043] type 00 class 0x078000 conventional PCI endpoint
[    0.802034] pci 0000:00:0c.0: BAR 0 [mem 0xd0858000-0xd085ffff]
[    0.806301] pci 0000:00:0c.0: PME# supported from D0 D3hot D3cold
[    0.809406] pci 0000:00:0d.0: [1af4:1043] type 00 class 0x078000 conventional PCI endpoint
[    0.810143] pci 0000:00:0d.0: BAR 0 [mem 0xd0860000-0xd0867fff]
[    0.814585] pci 0000:00:0d.0: PME# supported from D0 D3hot D3cold
[    0.817795] pci 0000:00:0e.0: [1af4:1043] type 00 class 0x078000 conventional PCI endpoint
[    0.820724] pci 0000:00:0e.0: BAR 0 [mem 0xd0868000-0xd086ffff]
[    0.824092] pci 0000:00:0e.0: PME# supported from D0 D3hot D3cold
[    0.826835] pci 0000:00:0f.0: [1af4:1043] type 00 class 0x078000 conventional PCI endpoint
[    0.829746] pci 0000:00:0f.0: BAR 0 [mem 0xd0870000-0xd0877fff]
[    0.834250] pci 0000:00:0f.0: PME# supported from D0 D3hot D3cold
[    0.837336] pci 0000:00:10.0: [1af4:1043] type 00 class 0x078000 conventional PCI endpoint
[    0.838120] pci 0000:00:10.0: BAR 0 [mem 0xd0878000-0xd087ffff]
[    0.842406] pci 0000:00:10.0: PME# supported from D0 D3hot D3cold
[    0.846103] pci 0000:00:11.0: [1af4:1043] type 00 class 0x078000 conventional PCI endpoint
[    0.849200] pci 0000:00:11.0: BAR 0 [mem 0xd0880000-0xd0887fff]
[    0.852197] pci 0000:00:11.0: PME# supported from D0 D3hot D3cold
[    0.854841] pci 0000:00:12.0: [1af4:1043] type 00 class 0x078000 conventional PCI endpoint
[    0.857819] pci 0000:00:12.0: BAR 0 [mem 0xd0888000-0xd088ffff]
[    0.862248] pci 0000:00:12.0: PME# supported from D0 D3hot D3cold
[    0.865400] pci 0000:00:13.0: [1af4:1042] type 00 class 0x018000 conventional PCI endpoint
[    0.866037] pci 0000:00:13.0: BAR 0 [mem 0xd08a8000-0xd08affff]
[    0.870278] pci 0000:00:13.0: PME# supported from D0 D3hot D3cold
[    0.873305] pci 0000:00:14.0: [1af4:1042] type 00 class 0x018000 conventional PCI endpoint
[    0.874066] pci 0000:00:14.0: BAR 0 [mem 0xd08b0000-0xd08b7fff]
[    0.878554] pci 0000:00:14.0: PME# supported from D0 D3hot D3cold
[    0.881674] pci 0000:00:15.0: [1af4:1042] type 00 class 0x018000 conventional PCI endpoint
[    0.882052] pci 0000:00:15.0: BAR 0 [mem 0xd08b8000-0xd08bffff]
[    0.886381] pci 0000:00:15.0: PME# supported from D0 D3hot D3cold
[    0.889618] pci 0000:00:16.0: [1af4:1043] type 00 class 0x078000 conventional PCI endpoint
[    0.890069] pci 0000:00:16.0: BAR 0 [mem 0xd0890000-0xd0897fff]
[    0.894594] pci 0000:00:16.0: PME# supported from D0 D3hot D3cold
[    0.897845] pci 0000:00:17.0: [1af4:1043] type 00 class 0x078000 conventional PCI endpoint
[    0.900964] pci 0000:00:17.0: BAR 0 [mem 0xd0898000-0xd089ffff]
[    0.904296] pci 0000:00:17.0: PME# supported from D0 D3hot D3cold
[    0.906915] pci 0000:00:18.0: [1af4:1043] type 00 class 0x078000 conventional PCI endpoint
[    0.909988] pci 0000:00:18.0: BAR 0 [mem 0xd08a0000-0xd08a7fff]
[    0.914562] pci 0000:00:18.0: PME# supported from D0 D3hot D3cold
[    0.917838] pci 0000:00:19.0: [1af4:105b] type 00 class 0x010800 conventional PCI endpoint
[    0.920939] pci 0000:00:19.0: BAR 0 [mem 0xd08c0000-0xd08c7fff]
[    0.924267] pci 0000:00:19.0: PME# supported from D0 D3hot D3cold
[    0.926857] pci 0000:00:1a.0: [1af4:105b] type 00 class 0x010800 conventional PCI endpoint
[    0.930031] pci 0000:00:1a.0: BAR 0 [mem 0xd08c8000-0xd08cffff]
[    0.934217] pci 0000:00:1a.0: PME# supported from D0 D3hot D3cold
[    0.937313] pci 0000:00:1b.0: [1af4:1044] type 00 class 0x088000 conventional PCI endpoint
[    0.938056] pci 0000:00:1b.0: BAR 0 [mem 0xd08d0000-0xd08d7fff]
[    0.942533] pci 0000:00:1b.0: PME# supported from D0 D3hot D3cold
[    0.947455] pci 0000:00:1c.0: [1af4:1045] type 00 class 0x088000 conventional PCI endpoint
[    0.950255] pci 0000:00:1c.0: BAR 0 [mem 0xd08d8000-0xd08dffff]
[    0.956055] pci 0000:00:1c.0: PME# supported from D0 D3hot D3cold
[    0.958993] pci 0000:00:1d.0: [1af4:1053] type 00 class 0x028000 conventional PCI endpoint
[    0.961950] pci 0000:00:1d.0: BAR 0 [mem 0xd08f0000-0xd08f7fff]
[    0.966294] pci 0000:00:1d.0: PME# supported from D0 D3hot D3cold
[    0.970255] pci 0000:00:1e.0: [1af4:1059] type 00 class 0x040100 conventional PCI endpoint
[    0.974166] pci 0000:00:1e.0: BAR 0 [mem 0xd08f8000-0xd08fffff]
[    0.978672] pci 0000:00:1e.0: PME# supported from D0 D3hot D3cold
[    0.981971] pci 0000:00:1f.0: [1af4:105d] type 00 class 0x0d8000 conventional PCI endpoint
[    0.985096] pci 0000:00:1f.0: BAR 0 [mem 0xd0900000-0xd0907fff]
[    0.988169] pci 0000:00:1f.0: PME# supported from D0 D3hot D3cold
[    0.990878] pci 0000:00:02.1: PCI bridge to [bus 01]
[    1.018386] iommu: Default domain type: Translated
[    1.020178] iommu: DMA domain TLB invalidation policy: lazy mode
[    1.022020] SCSI subsystem initialized
[    1.023314] ACPI: bus type USB registered
[    1.025172] usbcore: registered new interface driver usbfs
[    1.025745] usbcore: registered new interface driver hub
[    1.028538] usbcore: registered new device driver usb
[    1.029937] mc: Linux media interface: v0.10
[    1.031918] videodev: Linux video capture interface: v2.00
[    1.033784] EDAC MC: Ver: 3.0.0
[    1.037860] Advanced Linux Sound Architecture Driver Initialized.
[    1.040991] PCI: Using ACPI for IRQ routing
[    1.093444] vgaarb: loaded
[    1.093898] clocksource: Switched to clocksource kvm-clock
[    1.097334] VFS: Disk quotas dquot_6.6.0
[    1.098756] VFS: Dquot-cache hash table entries: 512 (order 0, 4096 bytes)
[    1.101385] pnp: PnP ACPI init
[    1.102512] system 00:00: [mem 0xf4000000-0xf7ffffff] has been reserved
[    1.104788] pnp: PnP ACPI: found 1 devices
[    1.106346] NET: Registered PF_INET protocol family
[    1.109262] IP idents hash table entries: 65536 (order: 7, 524288 bytes, linear)
[    1.142933] tcp_listen_portaddr_hash hash table entries: 2048 (order: 3, 32768 bytes, linear)
[    1.145746] Table-perturb hash table entries: 65536 (order: 6, 262144 bytes, linear)
[    1.148164] TCP established hash table entries: 32768 (order: 6, 262144 bytes, linear)
[    1.150719] TCP bind hash table entries: 32768 (order: 8, 1048576 bytes, linear)
[    1.153169] TCP: Hash tables configured (established 32768 bind 32768)
[    1.155282] UDP hash table entries: 2048 (order: 4, 65536 bytes, linear)
[    1.157527] UDP-Lite hash table entries: 2048 (order: 4, 65536 bytes, linear)
[    1.159850] NET: Registered PF_UNIX/PF_LOCAL protocol family
[    1.161640] NET: Registered PF_XDP protocol family
[    1.163145] pci 0000:00:02.1: bridge window [io  0x1000-0x0fff] to [bus 01] add_size 1000
[    1.165871] pci 0000:00:02.1: bridge window [mem 0x00100000-0x000fffff 64bit pref] to [bus 01] add_size 200000 add_align 100000
[    1.169722] pci 0000:00:02.1: bridge window [mem 0x00100000-0x000fffff] to [bus 01] add_size 200000 add_align 100000
[    1.173206] pci 0000:00:02.1: bridge window [mem 0xd0000000-0xd01fffff]: assigned
[    1.175550] pci 0000:00:02.1: bridge window [mem 0x138200000-0x1383fffff 64bit pref]: assigned
[    1.178242] pci 0000:00:02.1: bridge window [io  size 0x1000]: can't assign; no space
[    1.180701] pci 0000:00:02.1: bridge window [io  size 0x1000]: failed to assign
[    1.182969] pci 0000:00:02.1: bridge window [io  size 0x1000]: can't assign; no space
[    1.185480] pci 0000:00:02.1: bridge window [io  size 0x1000]: failed to assign
[    1.187889] pci 0000:00:02.1: PCI bridge to [bus 01]
[    1.189649] pci 0000:00:02.1:   bridge window [mem 0xd0000000-0xd01fffff]
[    1.192425] pci 0000:00:02.1:   bridge window [mem 0x138200000-0x1383fffff 64bit pref]
[    1.196356] pci_bus 0000:00: resource 4 [mem 0xd0000000-0xf7ffffff window]
[    1.199668] pci_bus 0000:00: resource 5 [mem 0x138200000-0x3fffffffffff window]
[    1.202968] pci_bus 0000:01: resource 1 [mem 0xd0000000-0xd01fffff]
[    1.205895] pci_bus 0000:01: resource 2 [mem 0x138200000-0x1383fffff 64bit pref]
[    1.209291] pci 0000:00:00.0: Limiting direct PCI/PCI transfers
[    1.213069] PCI: CLS 32 bytes, default 64
[    1.214962] Trying to unpack rootfs image as initramfs...
[    1.217291] PCI-DMA: Using software bounce buffering for IO (SWIOTLB)
[    1.219596] software IO TLB: mapped [mem 0x00000000cad6a000-0x00000000ced6a000] (64MB)
[    1.224284] RAPL PMU: API unit is 2^-32 Joules, 1 fixed counters, 10737418240 ms ovfl timer
[    1.227310] RAPL PMU: hw unit of domain psys 2^-0 Joules
[    1.257596] kvm_amd: CPU 1 isn't AMD or Hygon
[    1.259090] clocksource: tsc: mask: 0xffffffffffffffff max_cycles: 0x212733415c7, max_idle_ns: 440795236380 ns
[    1.262496] clocksource: Switched to clocksource tsc
[    1.264189] platform rtc_cmos: registered platform RTC device (no PNP device found)
[    1.280786] Initialise system trusted keyrings
[    1.282686] workingset: timestamp_bits=46 max_order=20 bucket_order=0
[    1.285247] fuse: init (API version 7.41)
[    1.301904] Key type asymmetric registered
[    1.303283] Asymmetric key parser 'x509' registered
[    1.305084] Block layer SCSI generic (bsg) driver version 0.4 loaded (major 240)
[    1.307547] io scheduler mq-deadline registered
[    1.309087] io scheduler kyber registered
[    1.310445] io scheduler bfq registered
[    1.313370] pcieport 0000:00:02.1: PME: Signaling with IRQ 24
[    1.315528] pcieport 0000:00:02.1: pciehp: Slot #0 AttnBtn+ PwrCtrl- MRL- AttnInd+ PwrInd+ HotPlug+ Surprise+ Interlock- NoCompl- IbPresDis- LLActRep- (with Cmd Compl erratum)
[    1.322825] input: Power Button as /devices/LNXSYSTM:00/LNXPWRBN:00/input/input0
[    1.325564] ACPI: button: Power Button [PWRF]
[    1.327080] input: Sleep Button as /devices/LNXSYSTM:00/LNXSLPBN:00/input/input1
[    1.329629] ACPI: button: Sleep Button [SLPF]
[    1.331244] Serial: 8250/16550 driver, 1 ports, IRQ sharing disabled
[    1.333814] serial8250: ttyS0 at I/O 0x3f8 (irq = 4, base_baud = 115200) is a 16550A
[    1.336710] printk: legacy console [ttynull0] enabled
[    1.338470] ACPI: bus type drm_connector registered
[    1.342820] brd: module loaded
[    1.362606] loop: module loaded
[    1.365162] wireguard: WireGuard 1.0.0 loaded. See www.wireguard.com for information.
[    1.367852] wireguard: Copyright (C) 2015-2019 Jason A. Donenfeld <Jason@zx2c4.com>. All Rights Reserved.
[    1.371443] tun: Universal TUN/TAP device driver, 1.6
[    1.373386] usbcore: registered new interface driver uas
[    1.375204] usbcore: registered new interface driver usb-storage
[    1.377396] i8042: PNP: No PS/2 controller found.
[    1.379038] usbcore: registered new interface driver xpad
[    1.382668] rtc_cmos rtc_cmos: registered as rtc0
[    1.384742] rtc_cmos rtc_cmos: setting system clock to 2026-10-02T01:36:10 UTC (1790904970)
[    1.387947] rtc_cmos rtc_cmos: alarms up to one year, y3k, 114 bytes nvram
[    1.391173] gspca_main: v2.14.0 registered
[    1.393191] usbcore: registered new interface driver uvcvideo
[    1.395677] device-mapper: uevent: version 1.0.3
[    1.397960] device-mapper: ioctl: 4.48.0-ioctl (2023-03-01) initialised: dm-devel@lists.linux.dev
[    1.402173] intel_pstate: CPU model not supported
[    1.404349] sdhci: Secure Digital Host Controller Interface driver
[    1.406933] sdhci: Copyright(c) Pierre Ossman
[    1.409074] sdhci-pltfm: SDHCI platform and OF driver helper
[    1.411806] hid: raw HID events driver (C) Jiri Kosina
[    1.414224] usbcore: registered new interface driver usbhid
[    1.416781] usbhid: USB HID core driver
[    1.418577] ashmem: Using Rust implementation.
[    1.418850] usbcore: registered new interface driver snd-usb-audio
[    1.423661] GACT probability on
[    1.424891] Mirror/redirect action on
[    1.426279] netem: version 1.3
[    1.427732] u32 classifier
[    1.429043]     input device check on
[    1.430399]     Actions configured
[    1.435231] xt_time: kernel timezone is -0000
[    1.437049] ipip: IPv4 and MPLS over IPv4 tunneling driver
[    1.439023] gre: GRE over IPv4 demultiplexor driver
[    1.440515] ip_gre: GRE over IPv4 tunneling driver
[    1.442540] IPv4 over IPsec tunneling driver
[    1.444052] Initializing XFRM netlink socket
[    1.445518] IPsec XFRM device driver
[    1.446696] NET: Registered PF_INET6 protocol family
[    1.449374] Segment Routing with IPv6
[    1.450618] In-situ OAM (IOAM) with IPv6
[    1.451995] mip6: Mobile IPv6
[    1.453358] sit: IPv6, IPv4 and MPLS over IPv4 tunneling driver
[    1.455631] ip6_gre: GRE over IPv6 tunneling driver
[    1.457526] NET: Registered PF_PACKET protocol family
[    1.459169] NET: Registered PF_KEY protocol family
[    1.460796] NET: Registered PF_VSOCK protocol family
[    1.462470] IPI shorthand broadcast: enabled
[    1.463909] AES CTR mode by8 optimization enabled
[    1.469570] sched_clock: Marking stable (1444012106, 24539660)->(1698832876, -230281110)
[    1.473641] registered taskstats version 1
[    1.475892] Loading compiled-in X.509 certificates
[    1.478973] Loaded X.509 cert 'Build time autogenerated kernel key: 1f903e9cb0b04d1a09ab4a9ce65c9e71dbbb19bc'
[    1.488944] page_owner is disabled
[    1.490607] Key type .fscrypt registered
[    1.492491] Key type fscrypt-provisioning registered
[    1.500043] ALSA device list:
[    1.501521]   No soundcards found.
[    1.582090] Freeing initrd memory: 35960K
[    1.584300] Freeing unused kernel image (initmem) memory: 3244K
[    1.587052] Write protecting the kernel read-only data: 40960k
[    1.590225] Freeing unused kernel image (rodata/data gap) memory: 1548K
[    1.593236] Run /init as init process
[    1.596395] init: init first stage started!
[    1.598814] init: Loading module /lib/modules/failover.ko with args ''
[    1.601778] failover: module verification failed: signature and/or required key missing - tainting kernel
[    1.606383] init: Loaded kernel module /lib/modules/failover.ko
[    1.609153] init: Loading module /lib/modules/nd_virtio.ko with args ''
[    1.612127] init: Loaded kernel module /lib/modules/nd_virtio.ko
[    1.614930] init: Loading module /lib/modules/net_failover.ko with args ''
[    1.618524] init: Loaded kernel module /lib/modules/net_failover.ko
[    1.620873] init: Loading module /lib/modules/virtio_dma_buf.ko with args ''
[    1.624041] init: Loaded kernel module /lib/modules/virtio_dma_buf.ko
[    1.626784] init: Loading module /lib/modules/virtio-gpu.ko with args ''
[    1.632226] init: Loaded kernel module /lib/modules/virtio-gpu.ko
[    1.634911] init: Loading module /lib/modules/virtio_input.ko with args ''
[    1.637591] init: Loaded kernel module /lib/modules/virtio_input.ko
[    1.640425] init: Loading module /lib/modules/virtio_net.ko with args ''
[    1.644028] init: Loaded kernel module /lib/modules/virtio_net.ko
[    1.646486] init: Loading module /lib/modules/virtio-rng.ko with args ''
[    1.649736] init: Loaded kernel module /lib/modules/virtio-rng.ko
[    1.651839] init: Loading module /lib/modules/libarc4.ko with args ''
[    1.655567] init: Loaded kernel module /lib/modules/libarc4.ko
[    1.658043] init: Loading module /lib/modules/rfkill.ko with args ''
[    1.661665] init: Loaded kernel module /lib/modules/rfkill.ko
[    1.664075] init: Loading module /lib/modules/cfg80211.ko with args ''
[    1.696368] cfg80211: Loading compiled-in X.509 certificates for regulatory database
[    1.699482] Loaded X.509 cert 'sforshee: 00b28ddf47aef9cea7'
[    1.701902] Loaded X.509 cert 'wens: 61c038651aabdcf94bd0ac7ff06c7248db18c600'
[    1.705049] platform regulatory.0: Direct firmware load for regulatory.db failed with error -2
[    1.707786] cfg80211: failed to load regulatory.db
[    1.709345] init: Loaded kernel module /lib/modules/cfg80211.ko
[    1.711091] init: Loading module /lib/modules/mac80211.ko with args ''
[    1.733387] init: Loaded kernel module /lib/modules/mac80211.ko
[    1.735691] init: Loading module /lib/modules/mac80211_hwsim.ko with args 'radios=0'
[    1.739673] mac80211_hwsim: initializing netlink
[    1.741509] init: Loaded kernel module /lib/modules/mac80211_hwsim.ko
[    1.743402] init: Loading module /lib/modules/virtio_blk.ko with args ''
[    1.746411] init: Loaded kernel module /lib/modules/virtio_blk.ko
[    1.748354] init: Loading module /lib/modules/virtio_console.ko with args ''
[    1.751314] init: Loaded kernel module /lib/modules/virtio_console.ko
[    1.753237] init: Loading module /lib/modules/virtio_pci_modern_dev.ko with args ''
[    1.756181] init: Loaded kernel module /lib/modules/virtio_pci_modern_dev.ko
[    1.758367] init: Loading module /lib/modules/virtio_pci_legacy_dev.ko with args ''
[    1.761292] init: Loaded kernel module /lib/modules/virtio_pci_legacy_dev.ko
[    1.763449] init: Loading module /lib/modules/virtio_pci.ko with args ''
[    1.773860] printk: legacy console [hvc0] enabled
[    1.775329] printk: legacy bootconsole [uart8250] disabled
[    1.802701] input: Cuttlefish Vhost User Multitouch Touchscreen 0 as /devices/pci0000:00/0000:00:01.3/virtio3/input/input2
[    1.811939] input: Cuttlefish Vhost User Rotary 0 as /devices/pci0000:00/0000:00:01.4/virtio4/input/input3
[    1.821944] input: Cuttlefish Vhost User Keyboard 0 as /devices/pci0000:00/0000:00:01.5/virtio5/input/input4
[    1.830550] input: Cuttlefish Vhost User Switches 0 as /devices/pci0000:00/0000:00:01.6/virtio6/input/input5
[    1.833302] [drm] pci: virtio-gpu-pci detected at 0000:00:02.0
[    1.834556] [drm] Host memory window: 0x200000000 +0x200000000
[    1.834776] [drm] features: +virgl +edid +resource_blob +host_visible
[    1.834778] [drm] features: +context_init
[    1.837297] [drm] number of scanouts: 16
[    1.837447] [drm] number of cap sets: 2
[    1.838197] [drm] cap set 0: id 3, max-version 0, max-size 112
[    1.838425] [drm] cap set 1: id 9, max-version 0, max-size 16
[    1.839507] [drm] Initialized virtio_gpu 0.1.0 for 0000:00:02.0 on minor 0
[    1.961506] virtio_blk virtio24: 2/0/0 default/read/poll queues
[    1.964185] virtio_blk virtio24: [vda] 34117760 512-byte logical blocks (17.5 GB/16.3 GiB)
[    1.965801]  vda: vda1 vda2 vda3 vda4 vda5 vda6 vda7 vda8 vda9 vda10 vda11 vda12 vda13 vda14 vda15 vda16 vda17 vda18 vda19
[    1.968433] virtio_blk virtio25: 2/0/0 default/read/poll queues
[    1.971143] virtio_blk virtio25: [vdb] 2560 512-byte logical blocks (1.31 MB/1.25 MiB)
[    1.972649]  vdb: vdb1 vdb2 vdb3 vdb4
[    1.974703] virtio_blk virtio26: 2/0/0 default/read/poll queues
[    1.977506] virtio_blk virtio26: [vdc] 4194304 512-byte logical blocks (2.15 GB/2.00 GiB)
[    1.978346]  vdc: vdc1
[    2.394334] init: Loaded kernel module /lib/modules/virtio_pci.ko
[    2.395035] init: Loading module /lib/modules/vmw_vsock_virtio_transport.ko with args ''
[    2.402867] init: Loaded kernel module /lib/modules/vmw_vsock_virtio_transport.ko
[    2.403140] init: Loaded 19 modules from /lib/modules
[    2.403293] init: Loaded 19 kernel modules took 804 ms
[    2.403609] init: Copied ramdisk prop to /second_stage_resources/system/etc/ramdisk/build.prop
[    2.403859] init: First stage mount skipped (recovery mode)
[    2.404193] init: [libfstab] Using Android DT directory /proc/device-tree/firmware/android/
[    2.404571] init: [libfstab] Error parsing fstab: expected 5 fields, got 4
[    2.404723] init: [libfstab] ReadFstabFromFileCommon(): failed to load fstab from : '/etc/recovery.fstab'
[    2.404958] init: [libfstab] ReadDefaultFstab(): failed to find device default fstab
[    2.405203] init: failed to read default fstab for first stage mount
[    2.414300] init: [libfstab] Using Android DT directory /proc/device-tree/firmware/android/
[    2.414641] init: [libfstab] Error parsing fstab: expected 5 fields, got 4
[    2.414799] init: [libfstab] ReadFstabFromFileCommon(): failed to load fstab from : '/etc/recovery.fstab'
[    2.415080] init: [libfstab] ReadDefaultFstab(): failed to find device default fstab
[    2.415287] init: Could not read default fstab
[    2.415623] init: Opening SELinux policy
[    2.415732] init: Opening SELinux policy from monolithic file /sepolicy
[    2.418253] init: Loading SELinux policy
[    2.429933] SELinux:  Class memfd_file not defined in policy.
[    2.430173] SELinux: the above unknown classes and permissions will be denied
[    2.436884] SELinux:  policy capability network_peer_controls=1
[    2.437012] SELinux:  policy capability open_perms=1
[    2.437142] SELinux:  policy capability extended_socket_class=1
[    2.437262] SELinux:  policy capability always_check_network=0
[    2.437399] SELinux:  policy capability cgroup_seclabel=0
[    2.437511] SELinux:  policy capability nnp_nosuid_transition=1
[    2.437653] SELinux:  policy capability genfs_seclabel_symlinks=0
[    2.437794] SELinux:  policy capability ioctl_skip_cloexec=0
[    2.437933] SELinux:  policy capability userspace_initial_context=0
[    2.438043] SELinux: policy capability memfd_class=0
[    2.438149] SELinux: policy capability genfs_seclabel_wildcard=0
[    2.440222] audit: type=1403 audit(1790904971.527:2): auid=4294967295 ses=4294967295 lsm=selinux res=1
[    2.440472] audit: type=1300 audit(1790904971.527:2): arch=c000003e syscall=1 success=yes exit=725594 a0=4 a1=7f9705527da0 a2=b125a a3=0 items=0 ppid=0 pid=1 auid=4294967295 uid=0 gid=0 euid=0 suid=0 fsuid=0 egid=0 sgid=0 fsgid=0 tty=(none) ses=4294967295 comm="init" exe="/system/bin/init" subj=u:r:kernel:s0 key=(null)
[    2.441106] audit: type=1327 audit(1790904971.527:2): proctitle=2F73797374656D2F62696E2F696E69740073656C696E75785F7365747570
[    2.441462] audit: type=1404 audit(1790904971.547:3): enforcing=1 old_enforcing=0 auid=4294967295 ses=4294967295 enabled=1 old-enabled=1 lsm=selinux res=1
[    2.441842] audit: type=1300 audit(1790904971.547:3): arch=c000003e syscall=1 success=yes exit=1 a0=4 a1=7ffe5165d4a0 a2=1 a3=ffffffff items=0 ppid=0 pid=1 auid=4294967295 uid=0 gid=0 euid=0 suid=0 fsuid=0 egid=0 sgid=0 fsgid=0 tty=(none) ses=4294967295 comm="init" exe="/system/bin/init" subj=u:r:kernel:s0 key=(null)
[    2.442622] audit: type=1327 audit(1790904971.547:3): proctitle=2F73797374656D2F62696E2F696E69740073656C696E75785F7365747570
[    2.444120] selinux: SELinux: Loaded file context from:
[    2.444243] selinux: 		/plat_file_contexts
[    2.444326] selinux: 		/system_ext_file_contexts
[    2.445022] selinux: 		/product_file_contexts
[    2.445184] selinux: 		/vendor_file_contexts
[    2.445328] selinux: 		/odm_file_contexts
[    2.454412] init: init second stage started!
[    2.467194] selinux: SELinux: Loaded file context from:
[    2.467392] selinux: 		/plat_file_contexts
[    2.467497] selinux: 		/system_ext_file_contexts
[    2.467895] selinux: 		/product_file_contexts
[    2.468265] selinux: 		/vendor_file_contexts
[    2.468366] selinux: 		/odm_file_contexts
[    2.481894] init: [libfstab] Using Android DT directory /proc/device-tree/firmware/android/
[    2.483302] init: Overriding previous property 'ro.bootimage.build.date.utc':'1790903332' with new value '1789660536'
[    2.483570] init: Couldn't load property file '/system/build.prop': open() failed: No such file or directory
[    2.484488] init: Setting product property ro.product.brand to 'p0g' (from ro.product.product.brand)
[    2.484769] init: Setting product property ro.product.device to 'aera_cf' (from ro.product.product.device)
[    2.484994] init: Setting product property ro.product.manufacturer to 'p0g' (from ro.product.product.manufacturer)
[    2.485234] init: Setting product property ro.product.model to 'AERA Cuttlefish x86_64' (from ro.product.product.model)
[    2.485459] init: Setting product property ro.product.name to 'aera_aera' (from ro.product.product.name)
[    2.485679] init: Setting property 'ro.build.fingerprint' to 'p0g/aera_aera/aera_cf:99.87.36/BP2A.250605.031.A2/eng.vivy:eng/test-keys'
[    2.485969] init: Setting property 'ro.product.cpu.abilist' to 'x86_64'
[    2.486154] init: Setting property 'ro.product.cpu.abilist32' to ''
[    2.486325] init: Setting property 'ro.product.cpu.abilist64' to 'x86_64'
[    2.486688] init: Running restorecon...
[    2.488213] selinux: SELinux:  Could not stat /dev/block: No such file or directory.
[    2.488863] init: Created socket '/dev/socket/property_service_for_system', mode 660, user 0, group 1000
[    2.489241] init: Created socket '/dev/socket/property_service', mode 666, user 0, group 0
[    2.490012] init: [libfs_mgr] vendor overlay: vndk version not defined
[    2.490657] init: SetupMountNamespaces done
[    2.491558] init: Forked subcontext for 'u:r:vendor_init:s0' with pid 75
[    2.491800] init: Parsing file /system/etc/init/hw/init.rc...
[    2.492037] init: Added '/init.recovery.logd.rc' to import list
[    2.492197] init: Added '/init.recovery.ldconfig.rc' to import list
[    2.492356] init: Added '/init.recovery.mksh.rc' to import list
[    2.492523] init: Added '/init.recovery.usb.rc' to import list
[    2.492719] init: Added '/init.recovery.service.rc' to import list
[    2.492867] init: Added '/init.recovery.cutf_cvm.rc' to import list
[    2.493315] init: Parsing file /init.recovery.logd.rc...
[    2.493484] init: Parsing file /init.recovery.ldconfig.rc...
[    2.493654] init: Parsing file /init.recovery.mksh.rc...
[    2.493783] init: Unable to read config file '/init.recovery.mksh.rc': open() failed: No such file or directory
[    2.494037] init: Parsing file /init.recovery.usb.rc...
[    2.494172] init: Unable to read config file '/init.recovery.usb.rc': open() failed: No such file or directory
[    2.494765] init: Parsing file /init.recovery.service.rc...
[    2.495226] init: /init.recovery.service.rc: 4: ignored duplicate definition of service 'recovery'
[    2.495456] init: Parsing file /init.recovery.cutf_cvm.rc...
[    2.495639] init: /init.recovery.cutf_cvm.rc: 1: ignored duplicate definition of service 'console'
[    2.495878] init: Parsing directory /system/etc/init...
[    2.496031] init: Parsing file /system/etc/init/android.hardware.boot@1.0-service.rc...
[    2.496245] init: Parsing file /system/etc/init/android.hardware.boot@1.1-service.rc...
[    2.496453] init: Parsing file /system/etc/init/android.hardware.boot@1.2-service.rc...
[    2.496782] init: Parsing file /system/etc/init/android.hardware.health@2.0-service.rc...
[    2.496983] init: Parsing file /system/etc/init/android.hardware.health@2.1-service.rc...
[    2.497204] init: Parsing file /system/etc/init/hwservicemanager.rc...
[    2.497364] init: Parsing file /system/etc/init/servicemanager.rc...
[    2.497547] init: Parsing file /system/etc/init/snapuserd.rc...
[    2.497716] init: Parsing file /system/etc/init/vndservicemanager.rc...
[    2.497893] init: 'writepid /dev/cpuset/system-background/tasks' is converted into 'task_profiles ServiceCapacityLow' for service vndservicemanager
[    2.498201] init: Parsing file /system_ext/etc/init...
[    2.498345] init: Unable to read config file '/system_ext/etc/init': open() failed: No such file or directory
[    2.498581] init: Parsing file /vendor/etc/init...
[    2.498718] init: Unable to read config file '/vendor/etc/init': open() failed: No such file or directory
[    2.498964] init: Parsing file /odm/etc/init...
[    2.499112] init: Unable to read config file '/odm/etc/init': open() failed: No such file or directory
[    2.499397] init: Parsing file /product/etc/init...
[    2.499523] init: Unable to read config file '/product/etc/init': open() failed: No such file or directory
[    2.504738] init: processing action (SetupCgroups) from (<Builtin Action>:0)
[    2.506319] cgroup: Unknown subsys name 'schedtune'
[    2.506473] libprocessgroup: Failed to mount controller schedtune: Invalid argument
[    2.506684] libprocessgroup: Failed to setup schedtune cgroup
[    2.506848] libprocessgroup: Using system/app isolation under: /dev/cg2_bpf
[    2.507405] init: processing action (SetKptrRestrict) from (<Builtin Action>:0)
[    2.507798] init: processing action (TestPerfEventSelinux) from (<Builtin Action>:0)
[    2.508049] init: processing action (early-init) from (/system/etc/init/hw/init.rc:8)
[    2.508344] init: Command 'mount cgroup none /acct cpuacct' action=early-init (/system/etc/init/hw/init.rc:13) took 0ms and failed: mount() failed: Device or resource busy
[    2.509446] audit: type=1400 audit(1790904971.619:4): avc:  denied  { create } for  pid=1 comm="init" name="bootstrap" scontext=u:r:init:s0 tcontext=u:object_r:system_file:s0 tclass=dir permissive=1
[    2.509850] audit: type=1300 audit(1790904971.619:4): arch=c000003e syscall=258 success=yes exit=0 a0=ffffff9c a1=7ffeaad3d691 a2=1ed a3=1a000 items=2 ppid=0 pid=1 auid=4294967295 uid=0 gid=0 euid=0 suid=0 fsuid=0 egid=0 sgid=0 fsgid=0 tty=(none) ses=4294967295 comm="init" exe="/system/bin/init" subj=u:r:init:s0 key=(null)
[    2.510220] init: starting service 'ueventd'...
[    2.510446] audit: type=1307 audit(1790904971.619:4): cwd="/"
[    2.512887] libprocessgroup: Controller freezer is not found
[    2.513586] libprocessgroup: SetAttribute: unknown attribute: FreezerState
[    2.513818] libprocessgroup: SetAttribute: unknown attribute: FreezerState
[    2.515386] init: ... started service 'ueventd' has pid 76
[    2.515785] init: processing action (ConnectEarlyStageSnapuserd) from (<Builtin Action>:0)
[    2.516009] init: processing action (wait_for_coldboot_done) from (<Builtin Action>:0)
[    2.523412] ueventd: ueventd started!
[    2.525637] selinux: SELinux: Loaded file context from:
[    2.525759] selinux: 		/plat_file_contexts
[    2.525862] selinux: 		/system_ext_file_contexts
[    2.525984] selinux: 		/product_file_contexts
[    2.526116] selinux: 		/vendor_file_contexts
[    2.526246] selinux: 		/odm_file_contexts
[    2.526485] ueventd: Legacy ueventd configuration file detected and will not be parsed: /ueventd.cutf_cvm.rc. Please move your configuration to another ueventd.rc file instead.
[    2.526858] ueventd: Parsing file /system/etc/ueventd.rc...
[    2.526989] ueventd: Added '/vendor/etc/ueventd.rc' to import list
[    2.527141] ueventd: Added '/odm/etc/ueventd.rc' to import list
[    2.527451] ueventd: Parsing file /vendor/etc/ueventd.rc...
[    2.527560] ueventd: Unable to read config file '/vendor/etc/ueventd.rc': open() failed: No such file or directory
[    2.527731] ueventd: Parsing file /odm/etc/ueventd.rc...
[    2.527825] ueventd: Unable to read config file '/odm/etc/ueventd.rc': open() failed: No such file or directory
[    2.582314] init: Wait for property 'ro.cold_boot_done=true' took 66ms
[    2.582604] init: processing action (CheckTradeInModeStatus) from (<Builtin Action>:0)
[    2.582791] ueventd: Coldboot took 0.054 seconds
[    2.582842] init: processing action (SetMmapRndBits) from (<Builtin Action>:0)
[    2.583259] init: processing action (KeychordInit) from (<Builtin Action>:0)
[    2.583463] init: processing action (init) from (/system/etc/init/hw/init.rc:29)
[    2.583958] init: Command 'symlink /system/bin /bin' action=init (/system/etc/init/hw/init.rc:41) took 0ms and failed: symlink() failed: File exists
[    2.584294] init: Command 'symlink /system/etc /etc' action=init (/system/etc/init/hw/init.rc:42) took 0ms and failed: symlink() failed: File exists
[    2.585352] init: Command 'rmdir /sbin' action=init (/system/etc/init/hw/init.rc:43) took 0ms and failed: rmdir() failed: Directory not empty
[    2.585899] init: Command 'symlink /system/bin /sbin' action=init (/system/etc/init/hw/init.rc:44) took 0ms and failed: symlink() failed: File exists
[    2.586322] init: Command 'mount cgroup none /acct cpuacct' action=init (/system/etc/init/hw/init.rc:46) took 0ms and failed: mount() failed: Device or resource busy
[    2.587293] binder: Using C Binder even though binder.impl=rust is set.
[    2.587974] init: processing action (ro.debuggable=1 && init) from (/system/etc/init/hw/init.rc:122)
[    2.588230] init: starting service 'console'...
[    2.589870] init: ... started service 'console' has pid 80
[    2.590007] init: processing action (init) from (/init.recovery.logd.rc:1)
[    2.590198] init: starting service 'logd'...
[    2.590399] init: Created socket '/dev/socket/logdr', mode 666, user 0, group 0
[    2.590637] init: Created socket '/dev/socket/logdw', mode 222, user 0, group 0
[    2.592812] init: ... started service 'logd' has pid 81
[    2.592967] init: processing action (init) from (/system/etc/init/hwservicemanager.rc:1)
[    2.593150] init: starting service 'hwservicemanager'...
[    2.598714] init: ... started service 'hwservicemanager' has pid 82
[    2.598908] init: Service 'console' (pid 80) exited with status 0
[    2.599087] init: Sending signal 9 to service 'console' (pid 80) process group...
[    2.599333] libprocessgroup: Removed cgroup /dev/cg2_bpf/system/uid_2000/pid_80
[    2.602290] init: processing action (init) from (/system/etc/init/servicemanager.rc:1)
[    2.602524] init: starting service 'servicemanager'...
[    2.603754] init: ... started service 'servicemanager' has pid 83
[    2.603932] init: processing action (init) from (/system/etc/init/vndservicemanager.rc:1)
[    2.604155] init: starting service 'vndservicemanager'...
[    2.605502] logd: libprocessgroup: Controller freezer is not found
[    2.605744] logd: libprocessgroup: SetAttribute: unknown attribute: FreezerState
[    2.605949] logd: libprocessgroup: SetAttribute: unknown attribute: FreezerState
[    2.606578] logd: Cannot read /system/etc/event-log-tags
[    2.608107] libprocessgroup: SetCgroup::ExecuteForProcess: failed to open /dev/cpuset/system-background/cgroup.procs: No such file or directory
[    2.608453] libprocessgroup: Failed to apply ServiceCapacityLow process profile
[    2.608679] init: failed to set task profiles
[    2.609087] init: ... started service 'vndservicemanager' has pid 86
[    2.609285] init: processing action (late-init) from (/system/etc/init/hw/init.rc:91)
[    2.609488] init: processing action (queue_property_triggers) from (<Builtin Action>:0)
[    2.609726] init: processing action (ro.debuggable=1 && fs) from (/system/etc/init/hw/init.rc:148)
[    2.610407] init: processing action (ro.debuggable=1 && fs) from (/system/etc/init/hw/init.rc:158)
[    2.611030] init: processing action (sys.usb.configfs=0 && fs) from (/system/etc/init/hw/init.rc:186)
[    2.611466] init: processing action (fs) from (/system/etc/init/hw/init.rc:193)
[    2.612169] init: Command 'mount functionfs adb /dev/usb-ffs/adb uid=2000,gid=2000' action=fs (/system/etc/init/hw/init.rc:197) took 0ms and failed: mount() failed: No such device
[    2.612618] logd.auditd: start
[    2.612741] logd.klogd: 2588200243
[    2.616775] init: Command 'mount functionfs fastboot /dev/usb-ffs/fastboot rmode=0770,fmode=0660,uid=1000,gid=1000' action=fs (/system/etc/init/hw/init.rc:199) took 0ms and failed: mount() failed: No such device
[    2.617185] init: processing action (fs) from (/init.recovery.ldconfig.rc:1)
[    2.617389] init: processing action (post-fs-data) from (/system/etc/init/hw/init.rc:103)
[    2.617594] init: processing action (firmware_mounts_complete) from (/system/etc/init/hw/init.rc:87)
[    2.617823] init: processing action (boot) from (/system/etc/init/hw/init.rc:79)
[    2.618291] init: service 'ueventd' requested start, but it is already running (flags: 36)
[    2.618454] init: starting service 'charger'...
[    2.619889] servicemanager: Starting sm instance on /dev/binder
[    2.620538] type=1403 audit(1790904971.527:2): auid=4294967295 ses=4294967295 lsm=selinux res=1
[    2.621206] type=1300 audit(1790904971.527:2): arch=c000003e syscall=1 success=yes exit=725594 a0=4 a1=7f9705527da0 a2=b125a a3=0 items=0 ppid=0 auid=4294967295 uid=0 gid=0 euid=0 suid=0 fsuid=0 egid=0 sgid=0 fsgid=0 tty=(none) ses=4294967295 comm="init" exe="/system/bin/init" subj=u:r:kernel:s0 key=(null)
[    2.621833] type=1327 audit(1790904971.527:2): proctitle=2F73797374656D2F62696E2F696E69740073656C696E75785F7365747570
[    2.622115] type=1320 audit(1790904971.527:2): 
[    2.622288] type=1404 audit(1790904971.547:3): enforcing=1 old_enforcing=0 auid=4294967295 ses=4294967295 enabled=1 old-enabled=1 lsm=selinux res=1
[    2.622609] type=1300 audit(1790904971.547:3): arch=c000003e syscall=1 success=yes exit=1 a0=4 a1=7ffe5165d4a0 a2=1 a3=ffffffff items=0 ppid=0 auid=4294967295 uid=0 gid=0 euid=0 suid=0 fsuid=0 egid=0 sgid=0 fsgid=0 tty=(none) ses=4294967295 comm="init" exe="/system/bin/init" subj=u:r:kernel:s0 key=(null)
[    2.623254] type=1327 audit(1790904971.547:3): proctitle=2F73797374656D2F62696E2F696E69740073656C696E75785F7365747570
[    2.623494] type=1320 audit(1790904971.547:3): 
[    2.623683] type=1400 audit(1790904971.619:4): avc:  denied  { create } for  comm="init" name="bootstrap" scontext=u:r:init:s0 tcontext=u:object_r:system_file:s0 tclass=dir permissive=1
[    2.624109] type=1300 audit(1790904971.619:4): arch=c000003e syscall=258 success=yes exit=0 a0=ffffff9c a1=7ffeaad3d691 a2=1ed a3=1a000 items=2 ppid=0 auid=4294967295 uid=0 gid=0 euid=0 suid=0 fsuid=0 egid=0 sgid=0 fsgid=0 tty=(none) ses=4294967295 comm="init" exe="/system/bin/init" subj=u:r:init:s0 key=(null)
[    2.624837] type=1307 audit(1790904971.619:4): cwd="/"
[    2.624929] vndservicemanager: Starting sm instance on /dev/vndbinder
[    2.625037] type=1302 audit(1790904971.619:4): item=0 name=(null) inode=235 dev=00:02 mode=040751 ouid=0 ogid=0 rdev=00:00 obj=u:object_r:rootfs:s0 nametype=PARENT cap_fp=0 cap_fi=0 cap_fe=0 cap_fver=0 cap_frootid=0
[    2.625254] ProcessState: vndservicemanager is not started on this device, you can save resources/threads by not initializing ProcessState with /dev/vndbinder.
[    2.625653] type=1302 audit(1790904971.619:4): item=1 name=(null) inode=716 dev=00:02 mode=040755 ouid=0 ogid=0 rdev=00:00 obj=u:object_r:system_file:s0 nametype=CREATE cap_fp=0 cap_fi=0 cap_fe=0 cap_fver=0 cap_frootid=0
[    2.626406] type=1327 audit(1790904971.619:4): proctitle=2F73797374656D2F62696E2F696E69740073656C696E75785F7365747570
[    2.626508] SELinux: SELinux: Loaded vndservice context from:
[    2.626688] type=1320 audit(1790904971.619:4): 
[    2.626882] SELinux: 		/vendor/etc/selinux/vndservice_contexts
[    2.626990] type=1400 audit(1790904971.619:5): avc:  denied  { write } for  comm="init" name="bootstrap" dev="rootfs" ino=716 scontext=u:r:init:s0 tcontext=u:object_r:system_file:s0 tclass=dir permissive=1
[    2.627633] type=1400 audit(1790904971.619:5): avc:  denied  { add_name } for  comm="init" name="linker64" scontext=u:r:init:s0 tcontext=u:object_r:system_file:s0 tclass=dir permissive=1
[    2.627794] SELinux: avc:  denied  { add } for pid=86 uid=0 name=manager scontext=u:r:recovery:s0 tcontext=u:object_r:service_manager_vndservice:s0 tclass=service_manager permissive=1
[    2.628121] type=1400 audit(1790904971.619:5): avc:  denied  { create } for  comm="init" name="linker64" scontext=u:r:init:s0 tcontext=u:object_r:system_linker_exec:s0 tclass=lnk_file permissive=1
[    2.628978] type=1300 audit(1790904971.619:5): arch=c000003e syscall=266 success=yes exit=0 a0=7f21ab41c0e9 a1=ffffff9c a2=7f209b406d50 a3=21000 items=2 ppid=0 auid=4294967295 uid=0 gid=0 euid=0 suid=0 fsuid=0 egid=0 sgid=0 fsgid=0 tty=(none) ses=4294967295 comm="init" exe="/system/bin/init" subj=u:r:init:s0 key=(null)
[    2.629620] type=1307 audit(1790904971.619:5): cwd="/"
[    2.629757] type=1302 audit(1790904971.619:5): item=0 name=(null) inode=716 dev=00:02 mode=040755 ouid=0 ogid=0 rdev=00:00 obj=u:object_r:system_file:s0 nametype=PARENT cap_fp=0 cap_fi=0 cap_fe=0 cap_fver=0 cap_frootid=0
[    2.629914] SELinux: SELinux: Loaded service context from:
[    2.630223] type=1302 audit(1790904971.619:5): item=1 name=(null) inode=717 dev=00:02 mode=0120777 ouid=0 ogid=0 rdev=00:00 obj=u:object_r:system_linker_exec:s0 nametype=CREATE cap_fp=0 cap_fi=0 cap_fe=0 cap_fver=0 cap_frootid=0
[    2.630423] SELinux: 		/system/etc/selinux/plat_service_contexts
[    2.630794] type=1327 audit(1790904971.619:5): proctitle=2F73797374656D2F62696E2F696E69740073656C696E75785F7365747570
[    2.630892] SELinux: 		/system_ext_service_contexts
[    2.631026] type=1320 audit(1790904971.619:5): 
[    2.631116] SELinux: 		/product_service_contexts
[    2.631228] type=1400 audit(1790904971.619:6): avc:  denied  { create } for  comm="init" name="linker_asan" scontext=u:r:init:s0 tcontext=u:object_r:system_file:s0 tclass=lnk_file permissive=1
[    2.631297] SELinux: 		/vendor_service_contexts
[    2.631545] type=1300 audit(1790904971.619:6): arch=c000003e syscall=266 success=yes exit=0 a0=7f21ab41c0e9 a1=ffffff9c a2=7f209b407850 a3=1a000 items=2 ppid=0 auid=4294967295 uid=0 gid=0 euid=0 suid=0 fsuid=0 egid=0 sgid=0 fsgid=0 tty=(none) ses=4294967295 comm="init" exe="/system/bin/init" subj=u:r:init:s0 key=(null)
[    2.631852] SELinux: avc:  denied  { add } for pid=83 uid=0 name=manager scontext=u:r:recovery:s0 tcontext=u:object_r:service_manager_service:s0 tclass=service_manager permissive=1
[    2.631927] type=1307 audit(1790904971.619:6): cwd="/"
[    2.632366] type=1302 audit(1790904971.619:6): item=0 name=(null) inode=716 dev=00:02 mode=040755 ouid=0 ogid=0 rdev=00:00 obj=u:object_r:system_file:s0 nametype=PARENT cap_fp=0 cap_fi=0 cap_fe=0 cap_fver=0 cap_frootid=0
[    2.632740] init: ... started service 'charger' has pid 89
[    2.632841] init: starting service 'recovery'...
[    2.633009] init: Created socket '/dev/socket/recovery', mode 422, user 1000, group 1000
[    2.635131] type=1302 audit(1790904971.619:6): item=1 name=(null) inode=719 dev=00:02 mode=0120777 ouid=0 ogid=0 rdev=00:00 obj=u:object_r:system_file:s0 nametype=CREATE cap_fp=0 cap_fi=0 cap_fe=0 cap_fver=0 cap_frootid=0
[    2.635491] type=1327 audit(1790904971.619:6): proctitle=2F73797374656D2F62696E2F696E69740073656C696E75785F7365747570
[    2.635674] init: ... started service 'recovery' has pid 92
[    2.635773] init: service 'hwservicemanager' requested start, but it is already running (flags: 132)
[    2.635891] init: service 'servicemanager' requested start, but it is already running (flags: 132)
[    2.636021] init: service 'vndservicemanager' requested start, but it is already running (flags: 2180)
[    2.636201] init: processing action (enable_property_trigger) from (<Builtin Action>:0)
[    2.636350] init: processing action (ro.debuggable=1) from (/system/etc/init/hw/init.rc:142)
[    2.636518] type=1320 audit(1790904971.619:6): 
[    2.636797] init: processing action (ro.debuggable=1) from (/system/etc/init/hw/init.rc:152)
[    2.636984] type=1400 audit(1790904971.631:7): avc:  denied  { sys_nice } for  comm="ueventd" capability=23  scontext=u:r:ueventd:s0 tcontext=u:r:ueventd:s0 tclass=capability permissive=1
[    2.637243] init: processing action (sys.usb.config=adb) from (/system/etc/init/hw/init.rc:201)
[    2.637387] init: starting service 'adbd'...
[    2.637554] init: Created socket '/dev/socket/adbd', mode 660, user 1000, group 1000
[    2.637888] HidlServiceManagement: hwservicemanager is not supported on the device.
[    2.638123] HidlServiceManagement: Trying to get transport of android.hardware.health@2.1::IHealth/default without hwservicemanager
[    2.638315] charger: Charger uses system defaults.
[    2.638534] healthd: No battery devices found
[    2.638601] type=1300 audit(1790904971.631:7): arch=c000003e syscall=141 success=yes exit=0 a0=0 a1=0 a2=ffffffec a3=7f0fb2c40638 items=0 ppid=1 auid=4294967295 uid=0 gid=0 euid=0 suid=0 fsuid=0 egid=0 sgid=0 fsgid=0 tty=(none) ses=4294967295 comm="ueventd" exe="/system/bin/init" subj=u:r:ueventd:s0 key=(null)
[    2.638719] HealthLoop: wakealarm_init: timerfd_create failed
[    2.639173] HealthLoop: failed to load BPF program /sys/fs/bpf/vendor/prog_filterPowerSupplyEvents_skfilter_power_supply: No such file or directory. This is expected in recovery mode and also for kernel versions before 5.10.
[    2.639183] type=1327 audit(1790904971.631:7): proctitle="/system/bin/ueventd"
[    2.639600] type=1320 audit(1790904971.631:7): 
[    2.639691] type=1400 audit(1790904971.699:8): avc:  denied  { map } for  comm="logd" path="/system/bin/logd" dev="rootfs" ino=345 scontext=u:r:logd:s0 tcontext=u:object_r:rootfs:s0 tclass=file permissive=1
[    2.639918] type=1400 audit(1790904971.699:8): avc:  denied  { read } for  comm="logd" path="/system/bin/logd" dev="rootfs" ino=345 scontext=u:r:logd:s0 tcontext=u:object_r:rootfs:s0 tclass=file permissive=1
[    2.640194] type=1400 audit(1790904971.699:8): avc:  denied  { execute } for  comm="logd" path="/system/bin/logd" dev="rootfs" ino=345 scontext=u:r:logd:s0 tcontext=u:object_r:rootfs:s0 tclass=file permissive=1
[    2.640432] type=1300 audit(1790904971.699:8): arch=c000003e syscall=59 success=yes exit=0 a0=7f21fb40e151 a1=7f203b415330 a2=7f21ab41b590 a3=10000 items=0 ppid=1 auid=4294967295 uid=0 gid=0 euid=0 suid=0 fsuid=0 egid=0 sgid=0 fsgid=0 tty=(none) ses=4294967295 comm="logd" exe="/system/bin/logd" subj=u:r:logd:s0 key=(null)
[    2.644806] type=1309 audit(1790904971.699:8): argc=1 a0="/system/bin/logd"
[    2.644825] healthd: battery none chg=
[    2.644968] type=1327 audit(1790904971.699:8): proctitle="/system/bin/logd"
[    2.645128] type=1320 audit(1790904971.699:8): 
[    2.645224] type=1400 audit(1790904971.703:9): avc:  denied  { getattr } for  comm="logd" path="/system/bin/logd" dev="rootfs" ino=345 scontext=u:r:logd:s0 tcontext=u:object_r:rootfs:s0 tclass=file permissive=1
[    2.645460] type=1300 audit(1790904971.703:9): arch=c000003e syscall=262 success=yes exit=0 a0=ffffff9c a1=7e6f80c8cb18 a2=7ffe07746678 a3=0 items=0 ppid=1 auid=4294967295 uid=0 gid=0 euid=0 suid=0 fsuid=0 egid=0 sgid=0 fsgid=0 tty=(none) ses=4294967295 comm="logd" exe="/system/bin/logd" subj=u:r:logd:s0 key=(null)
[    2.645796] type=1327 audit(1790904971.703:9): proctitle="/system/bin/logd"
[    2.645893] type=1320 audit(1790904971.703:9): 
[    2.645991] type=1400 audit(1790904971.703:10): avc:  denied  { read } for  comm="logd" name="bin" dev="rootfs" ino=235 scontext=u:r:logd:s0 tcontext=u:object_r:rootfs:s0 tclass=dir permissive=1
[    2.646233] type=1300 audit(1790904971.703:10): arch=c000003e syscall=269 success=yes exit=0 a0=ffffff9c a1=7ffe07744511 a2=4 a3=1000 items=0 ppid=1 auid=4294967295 uid=0 gid=0 euid=0 suid=0 fsuid=0 egid=0 sgid=0 fsgid=0 tty=(none) ses=4294967295 comm="logd" exe="/system/bin/logd" subj=u:r:logd:s0 key=(null)
[    2.646543] type=1327 audit(1790904971.703:10): proctitle="/system/bin/logd"
[    2.646656] type=1320 audit(1790904971.703:10): 
[    2.646752] type=1400 audit(1790904971.703:11): avc:  denied  { open } for  comm="logd" path="/system/lib64/libbase.so" dev="rootfs" ino=567 scontext=u:r:logd:s0 tcontext=u:object_r:rootfs:s0 tclass=file permissive=1
[    2.647011] type=1300 audit(1790904971.703:11): arch=c000003e syscall=257 success=yes exit=3 a0=ffffff9c a1=7ffe07745090 a2=80000 a3=0 items=0 ppid=1 auid=4294967295 uid=0 gid=0 euid=0 suid=0 fsuid=0 egid=0 sgid=0 fsgid=0 tty=(none) ses=4294967295 comm="logd" exe="/system/bin/logd" subj=u:r:logd:s0 key=(null)
[    2.647370] type=1327 audit(1790904971.703:11): proctitle="/system/bin/logd"
[    2.647483] type=1320 audit(1790904971.703:11): 
[    2.647569] type=1107 audit(1790904971.715:12): uid=0 auid=4294967295 ses=4294967295 subj=u:r:init:s0 msg='avc:  denied  { set } for property=hwservicemanager.disabled pid=82 uid=0 gid=0 scontext=u:r:recovery:s0 tcontext=u:object_r:hwservicemanager_prop:s0 tclass=property_service permissive=1'
[    2.647886] type=1400 audit(1790904971.719:13): avc:  denied  { write } for  comm="logd" name="socket" dev="tmpfs" ino=3 scontext=u:r:logd:s0 tcontext=u:object_r:socket_device:s0 tclass=dir permissive=1
[    2.648124] type=1400 audit(1790904971.719:13): avc:  denied  { add_name } for  comm="logd" name="logd" scontext=u:r:logd:s0 tcontext=u:object_r:socket_device:s0 tclass=dir permissive=1
[    2.648327] type=1400 audit(1790904971.719:13): avc:  denied  { create } for  comm="logd" name="logd" scontext=u:r:logd:s0 tcontext=u:object_r:socket_device:s0 tclass=sock_file permissive=1
[    2.648641] init: ... started service 'adbd' has pid 93
[    2.648762] init: processing action (sys.usb.config=adb && sys.usb.configfs=0) from (/system/etc/init/hw/init.rc:213)
[    2.649211] init: processing action (ro.hardware=cutf_cvm && sys.usb.config=*) from (/system/etc/init/hw/init.rc:264)
[    2.649395] init: service 'adbd' requested start, but it is already running (flags: 132)
[    2.649519] init: processing action (ro.debuggable=1) from (/init.recovery.cutf_cvm.rc:10)
[    2.649654] init: starting service 'console'...
[    2.652770] type=1300 audit(1790904971.719:13): arch=c000003e syscall=49 success=yes exit=0 a0=5 a1=7ffe07746270 a2=13 a3=7ffe07746268 items=2 ppid=1 auid=4294967295 uid=0 gid=0 euid=0 suid=0 fsuid=0 egid=0 sgid=0 fsgid=0 tty=(none) ses=4294967295 comm="logd" exe="/system/bin/logd" subj=u:r:logd:s0 key=(null)
[    2.653250] init: ... started service 'console' has pid 94
[    2.653354] init: processing action (sys.usb.config=*) from (/init.recovery.cutf_cvm.rc:14)
[    2.653464] init: service 'adbd' requested start, but it is already running (flags: 132)
[    2.653610] init: processing action (service.adb.root=1) from (/system/etc/init/hw/init.rc:168)
[    2.653737] init: Sending signal 9 to service 'adbd' (pid 93) process group...
[    2.653933] type=1307 audit(1790904971.719:13): cwd="/"
[    2.654044] type=1302 audit(1790904971.719:13): item=0 name=(null) inode=3 dev=00:13 mode=040755 ouid=0 ogid=0 rdev=00:00 obj=u:object_r:socket_device:s0 nametype=PARENT cap_fp=0 cap_fi=0 cap_fe=0 cap_fver=0 cap_frootid=0
[    2.654398] type=1302 audit(1790904971.719:13): item=1 name=(null) inode=999 dev=00:13 mode=0140700 ouid=0 ogid=0 rdev=00:00 obj=u:object_r:socket_device:s0 nametype=CREATE cap_fp=0 cap_fi=0 cap_fe=0 cap_fver=0 cap_frootid=0
[    2.654876] type=1327 audit(1790904971.719:13): proctitle="/system/bin/logd"
[    2.655010] type=1305 audit(1790904971.719:14): op=set audit_pid=81 old=0 auid=4294967295 ses=4294967295 subj=u:r:logd:s0 res=1
[    2.655242] type=1300 audit(1790904971.719:14): arch=c000003e syscall=44 success=yes exit=60 a0=8 a1=7ffe0773f910 a2=3c a3=0 items=0 ppid=1 auid=4294967295 uid=0 gid=0 euid=0 suid=0 fsuid=0 egid=0 sgid=0 fsgid=0 tty=(none) ses=4294967295 comm="logd" exe="/system/bin/logd" subj=u:r:logd:s0 key=(null)
[    2.655584] type=1327 audit(1790904971.719:14): proctitle="/system/bin/logd"
[    2.655712] type=1320 audit(1790904971.719:14): 
[    2.655811] type=1400 audit(1790904971.735:15): avc:  denied  { read } for  comm="vndservicemanag" name="vndbinder" dev="binder" ino=6 scontext=u:r:recovery:s0 tcontext=u:object_r:vndbinder_device:s0 tclass=chr_file permissive=1
[    2.656098] type=1300 audit(1790904971.735:15): arch=c000003e syscall=269 success=yes exit=0 a0=ffffff9c a1=7fff731fdf24 a2=4 a3=0 items=0 ppid=1 auid=4294967295 uid=0 gid=0 euid=0 suid=0 fsuid=0 egid=0 sgid=0 fsgid=0 tty=(none) ses=4294967295 comm="vndservicemanag" exe="/system/bin/vndservicemanager" subj=u:r:recovery:s0 key=(null)
[    2.656476] type=1327 audit(1790904971.735:15): proctitle=2F73797374656D2F62696E2F766E64736572766963656D616E61676572002F6465762F766E6462696E646572
[    2.657001] libprocessgroup: Removed cgroup /dev/cg2_bpf/system/uid_0/pid_93
[    2.657228] type=1320 audit(1790904971.735:15): 
[    2.657395] init: Service 'adbd' (pid 93) received signal 9
[    2.657476] init: Sending signal 9 to service 'adbd' (pid 93) process group...
[    2.657624] libprocessgroup: Failed to write 1 to /dev/cg2_bpf/system/uid_0/pid_93/cgroup.kill: No such file or directory
[    2.657769] libprocessgroup: Failed to open /dev/cg2_bpf/system/uid_0/pid_93/cgroup.procs: No such file or directory
[    2.657993] type=1400 audit(1790904971.735:16): avc:  denied  { write } for  comm="vndservicemanag" name="vndbinder" dev="binder" ino=6 scontext=u:r:recovery:s0 tcontext=u:object_r:vndbinder_device:s0 tclass=chr_file permissive=1
[    2.658336] init: processing action (service.adb.root=1) from (/system/etc/init/hw/init.rc:168)
[    2.658511] type=1400 audit(1790904971.735:16): avc:  denied  { open } for  comm="vndservicemanag" path="/dev/binderfs/vndbinder" dev="binder" ino=6 scontext=u:r:recovery:s0 tcontext=u:object_r:vndbinder_device:s0 tclass=chr_file permissive=1
[    2.658788] type=1300 audit(1790904971.735:16): arch=c000003e syscall=257 success=yes exit=4 a0=ffffff9c a1=7fff731fdf24 a2=80002 a3=0 items=4 ppid=1 auid=4294967295 uid=0 gid=0 euid=0 suid=0 fsuid=0 egid=0 sgid=0 fsgid=0 tty=(none) ses=4294967295 comm="vndservicemanag" exe="/system/bin/vndservicemanager" subj=u:r:recovery:s0 key=(null)
[    2.659179] type=1307 audit(1790904971.735:16): cwd="/"
[    2.659269] type=1302 audit(1790904971.735:16): item=0 name=(null) inode=1838 dev=00:07 mode=040755 ouid=0 ogid=0 rdev=00:00 obj=u:object_r:debugfs:s0 nametype=PARENT cap_fp=0 cap_fi=0 cap_fe=0 cap_fver=0 cap_frootid=0
[    2.659509] init: Service 'console' (pid 94) exited with status 0
[    2.659687] init: Sending signal 9 to service 'console' (pid 94) process group...
[    2.659932] libprocessgroup: Removed cgroup /dev/cg2_bpf/system/uid_2000/pid_94
[    2.660175] type=1302 audit(1790904971.735:16): item=1 name=(null) inode=2484 dev=00:07 mode=0100444 ouid=0 ogid=0 rdev=00:00 obj=u:object_r:debugfs:s0 nametype=CREATE cap_fp=0 cap_fi=0 cap_fe=0 cap_fver=0 cap_frootid=0
[    2.660720] type=1302 audit(1790904971.735:16): item=2 name=(null) inode=1048593 dev=00:22 mode=040755 ouid=0 ogid=0 rdev=00:00 obj=u:object_r:binderfs_logs_proc:s0 nametype=PARENT cap_fp=0 cap_fi=0 cap_fe=0 cap_fver=0 cap_frootid=0
[    2.661161] type=1302 audit(1790904971.735:16): item=3 name=(null) inode=1048596 dev=00:22 mode=0100444 ouid=0 ogid=0 rdev=00:00 obj=u:object_r:binderfs_logs_proc:s0 nametype=CREATE cap_fp=0 cap_fi=0 cap_fe=0 cap_fver=0 cap_frootid=0
[    2.661900] type=1327 audit(1790904971.735:16): proctitle=2F73797374656D2F62696E2F766E64736572766963656D616E61676572002F6465762F766E6462696E646572
[    2.662232] type=1320 audit(1790904971.735:16): 
[    2.662378] type=1400 audit(1790904971.735:17): avc:  denied  { ioctl } for  comm="vndservicemanag" path="/dev/binderfs/vndbinder" dev="binder" ino=6 ioctlcmd=0x6209 scontext=u:r:recovery:s0 tcontext=u:object_r:vndbinder_device:s0 tclass=chr_file permissive=1
[    2.662885] type=1300 audit(1790904971.735:17): arch=c000003e syscall=16 success=yes exit=0 a0=4 a1=c0046209 a2=7fff731fc3c8 a3=0 items=0 ppid=1 auid=4294967295 uid=0 gid=0 euid=0 suid=0 fsuid=0 egid=0 sgid=0 fsgid=0 tty=(none) ses=4294967295 comm="vndservicemanag" exe="/system/bin/vndservicemanager" subj=u:r:recovery:s0 key=(null)
[    2.663498] type=1327 audit(1790904971.735:17): proctitle=2F73797374656D2F62696E2F766E64736572766963656D616E61676572002F6465762F766E6462696E646572
[    2.663798] type=1320 audit(1790904971.735:17): 
[    2.663961] type=1400 audit(1790904971.735:18): avc:  denied  { map } for  comm="vndservicemanag" path="/dev/binderfs/vndbinder" dev="binder" ino=6 scontext=u:r:recovery:s0 tcontext=u:object_r:vndbinder_device:s0 tclass=chr_file permissive=1
[    2.664453] type=1300 audit(1790904971.735:18): arch=c000003e syscall=9 success=yes exit=135077718450176 a0=0 a1=fe000 a2=1 a3=4002 items=0 ppid=1 auid=4294967295 uid=0 gid=0 euid=0 suid=0 fsuid=0 egid=0 sgid=0 fsgid=0 tty=(none) ses=4294967295 comm="vndservicemanag" exe="/system/bin/vndservicemanager" subj=u:r:recovery:s0 key=(null)
[    2.666004] type=1327 audit(1790904971.735:18): proctitle=2F73797374656D2F62696E2F766E64736572766963656D616E61676572002F6465762F766E6462696E646572
[    2.666307] type=1320 audit(1790904971.735:18): 
[    2.666455] type=1400 audit(1790904971.735:19): avc:  denied  { read } for  comm="vndservicemanag" name="perms" dev="selinuxfs" ino=67112661 scontext=u:r:recovery:s0 tcontext=u:object_r:selinuxfs:s0 tclass=dir permissive=1
[    2.667013] type=1400 audit(1790904971.735:19): avc:  denied  { open } for  comm="vndservicemanag" path="/sys/fs/selinux/class/service_manager/perms" dev="selinuxfs" ino=67112661 scontext=u:r:recovery:s0 tcontext=u:object_r:selinuxfs:s0 tclass=dir permissive=1
[    2.667591] type=1300 audit(1790904971.735:19): arch=c000003e syscall=257 success=yes exit=5 a0=ffffff9c a1=7fff731fb350 a2=90000 a3=0 items=0 ppid=1 auid=4294967295 uid=0 gid=0 euid=0 suid=0 fsuid=0 egid=0 sgid=0 fsgid=0 tty=(none) ses=4294967295 comm="vndservicemanag" exe="/system/bin/vndservicemanager" subj=u:r:recovery:s0 key=(null)
[    2.668276] type=1327 audit(1790904971.735:19): proctitle=2F73797374656D2F62696E2F766E64736572766963656D616E61676572002F6465762F766E6462696E646572
[    2.668696] type=1320 audit(1790904971.735:19): 
[    2.668831] type=1400 audit(1790904971.735:20): avc:  denied  { write } for  comm="vndservicemanag" name="access" dev="selinuxfs" ino=6 scontext=u:r:recovery:s0 tcontext=u:object_r:selinuxfs:s0 tclass=file permissive=1
[    2.669308] type=1300 audit(1790904971.735:20): arch=c000003e syscall=257 success=yes exit=5 a0=ffffff9c a1=7fff731fb230 a2=80002 a3=0 items=0 ppid=1 auid=4294967295 uid=0 gid=0 euid=0 suid=0 fsuid=0 egid=0 sgid=0 fsgid=0 tty=(none) ses=4294967295 comm="vndservicemanag" exe="/system/bin/vndservicemanager" subj=u:r:recovery:s0 key=(null)
[    2.670113] type=1327 audit(1790904971.735:20): proctitle=2F73797374656D2F62696E2F766E64736572766963656D616E61676572002F6465762F766E6462696E646572
[    2.670449] type=1320 audit(1790904971.735:20): 
[    2.670607] type=1400 audit(1790904971.735:21): avc:  denied  { compute_av } for  comm="vndservicemanag" scontext=u:r:recovery:s0 tcontext=u:object_r:kernel:s0 tclass=security permissive=1
[    2.671068] type=1300 audit(1790904971.735:21): arch=c000003e syscall=1 success=yes exit=62 a0=5 a1=7adabb80a010 a2=3e a3=ffffffff items=0 ppid=1 auid=4294967295 uid=0 gid=0 euid=0 suid=0 fsuid=0 egid=0 sgid=0 fsgid=0 tty=(none) ses=4294967295 comm="vndservicemanag" exe="/system/bin/vndservicemanager" subj=u:r:recovery:s0 key=(null)
[    2.671844] type=1327 audit(1790904971.735:21): proctitle=2F73797374656D2F62696E2F766E64736572766963656D616E61676572002F6465762F766E6462696E646572
[    2.672218] type=1320 audit(1790904971.735:21): 
[    2.672341] type=1400 audit(1790904971.735:22): avc:  denied  { set_context_mgr } for  comm="vndservicemanag" scontext=u:r:recovery:s0 tcontext=u:r:recovery:s0 tclass=binder permissive=1
[    2.672801] type=1300 audit(1790904971.735:22): arch=c000003e syscall=16 success=yes exit=0 a0=4 a1=4018620d a2=7fff731fc4f0 a3=70000 items=0 ppid=1 auid=4294967295 uid=0 gid=0 euid=0 suid=0 fsuid=0 egid=0 sgid=0 fsgid=0 tty=(none) ses=4294967295 comm="vndservicemanag" exe="/system/bin/vndservicemanager" subj=u:r:recovery:s0 key=(null)
[    2.673461] type=1327 audit(1790904971.735:22): proctitle=2F73797374656D2F62696E2F766E64736572766963656D616E61676572002F6465762F766E6462696E646572
[    2.673839] type=1320 audit(1790904971.735:22): 
[    2.674010] type=1107 audit(1790904971.743:23): uid=0 auid=4294967295 ses=4294967295 subj=u:r:init:s0 msg='avc:  denied  { set } for property=servicemanager.ready pid=83 uid=0 gid=0 scontext=u:r:recovery:s0 tcontext=u:object_r:servicemanager_prop:s0 tclass=property_service permissive=1'
[    2.674561] type=1400 audit(1790904971.747:24): avc:  denied  { wake_alarm } for  comm="charger" capability=35  scontext=u:r:charger:s0 tcontext=u:r:charger:s0 tclass=capability2 permissive=0
[    2.674995] type=1300 audit(1790904971.747:24): arch=c000003e syscall=283 success=no exit=-1 a0=9 a1=800 a2=0 a3=1 items=0 ppid=1 auid=4294967295 uid=0 gid=0 euid=0 suid=0 fsuid=0 egid=0 sgid=0 fsgid=0 tty=(none) ses=4294967295 comm="charger" exe="/system/bin/charger" subj=u:r:charger:s0 key=(null)
[    2.675640] type=1327 audit(1790904971.747:24): proctitle="/system/bin/charger"
[    2.675876] type=1320 audit(1790904971.747:24): 
[    2.676020] type=1107 audit(1790904971.767:25): uid=0 auid=4294967295 ses=4294967295 subj=u:r:init:s0 msg='avc:  denied  { set } for property=aera.super.partition pid=92 uid=0 gid=0 scontext=u:r:recovery:s0 tcontext=u:object_r:default_prop:s0 tclass=property_service permissive=1'
[    2.678358] type=1400 audit(1790904971.787:26): avc:  denied  { setattr } for  comm="chmod" name="aera" dev="rootfs" ino=239 scontext=u:r:recovery:s0 tcontext=u:object_r:rootfs:s0 tclass=file permissive=1
[    2.678814] type=1300 audit(1790904971.787:26): arch=c000003e syscall=268 success=yes exit=0 a0=ffffff9c a1=775155805091 a2=1ed a3=ffffffa5 items=0 ppid=95 auid=4294967295 uid=0 gid=0 euid=0 suid=0 fsuid=0 egid=0 sgid=0 fsgid=0 tty=(none) ses=4294967295 comm="chmod" exe="/system/bin/toybox" subj=u:r:recovery:s0 key=(null)
[    2.679558] type=1327 audit(1790904971.787:26): proctitle=63686D6F640030373535002F7362696E2F61657261002F7362696E2F616572615F6C6973745F61707073002F7362696E2F6165726173746172742E7368002F7362696E2F636C6561727468656D6573002F7362696E2F64656372797074002F7362696E2F646972002F7362696E2F656D756C617465645F73746F726167652E73
[    2.680136] type=1320 audit(1790904971.787:26): 
[    2.687806] init: Unable to set property 'ro.product.device' from uid:0 gid:0 pid:92: Read-only property was already set
[    2.688100] type=1107 audit(1790904971.799:27): uid=0 auid=4294967295 ses=4294967295 subj=u:r:init:s0 msg='avc:  denied  { set } for property=ro.product.device pid=92 uid=0 gid=0 scontext=u:r:recovery:s0 tcontext=u:object_r:build_prop:s0 tclass=property_service permissive=1'
[    2.695871] type=1400 audit(1790904971.803:28): avc:  denied  { write } for  comm="recovery" name="etc" dev="rootfs" ino=495 scontext=u:r:recovery:s0 tcontext=u:object_r:rootfs:s0 tclass=dir permissive=1
[    2.696319] type=1400 audit(1790904971.803:28): avc:  denied  { add_name } for  comm="recovery" name="mtab" scontext=u:r:recovery:s0 tcontext=u:object_r:rootfs:s0 tclass=dir permissive=1
[    2.697289] type=1400 audit(1790904971.803:28): avc:  denied  { create } for  comm="recovery" name="mtab" scontext=u:r:recovery:s0 tcontext=u:object_r:rootfs:s0 tclass=lnk_file permissive=1
[    2.697695] type=1300 audit(1790904971.803:28): arch=c000003e syscall=266 success=yes exit=0 a0=5985b61f5003 a1=ffffff9c a2=5985b61f623e a3=ffffffffffffffff items=2 ppid=1 auid=4294967295 uid=0 gid=0 euid=0 suid=0 fsuid=0 egid=0 sgid=0 fsgid=0 tty=(none) ses=4294967295 comm="recovery" exe="/system/bin/recovery" subj=u:r:recovery:s0 key=(null)
[    2.698239] type=1307 audit(1790904971.803:28): cwd="/"
[    2.698348] type=1302 audit(1790904971.803:28): item=0 name=(null) inode=495 dev=00:02 mode=040755 ouid=0 ogid=0 rdev=00:00 obj=u:object_r:rootfs:s0 nametype=PARENT cap_fp=0 cap_fi=0 cap_fe=0 cap_fver=0 cap_frootid=0
[    2.698669] type=1302 audit(1790904971.803:28): item=1 name=(null) inode=724 dev=00:02 mode=0120777 ouid=0 ogid=0 rdev=00:00 obj=u:object_r:rootfs:s0 nametype=CREATE cap_fp=0 cap_fi=0 cap_fe=0 cap_fver=0 cap_frootid=0
[    2.698992] type=1327 audit(1790904971.803:28): proctitle="/system/bin/recovery"
[    2.699162] type=1320 audit(1790904971.803:28): 
[    2.706667] type=1400 audit(1790904971.815:29): avc:  denied  { create } for  comm="recovery" name="additional.fstab" scontext=u:r:recovery:s0 tcontext=u:object_r:rootfs:s0 tclass=file permissive=1
[    2.707261] type=1400 audit(1790904971.815:29): avc:  denied  { write } for  comm="recovery" path="/system/etc/additional.fstab" dev="rootfs" ino=725 scontext=u:r:recovery:s0 tcontext=u:object_r:rootfs:s0 tclass=file permissive=1
[    2.707689] type=1300 audit(1790904971.815:29): arch=c000003e syscall=257 success=yes exit=8 a0=ffffff9c a1=7ffc4008e1c1 a2=80241 a3=1b6 items=4 ppid=1 auid=4294967295 uid=0 gid=0 euid=0 suid=0 fsuid=0 egid=0 sgid=0 fsgid=0 tty=(none) ses=4294967295 comm="recovery" exe="/system/bin/recovery" subj=u:r:recovery:s0 key=(null)
[    2.708278] type=1307 audit(1790904971.815:29): cwd="/"
[    2.708385] type=1302 audit(1790904971.815:29): item=0 name=(null) inode=495 dev=00:02 mode=040755 ouid=0 ogid=0 rdev=00:00 obj=u:object_r:rootfs:s0 nametype=PARENT cap_fp=0 cap_fi=0 cap_fe=0 cap_fver=0 cap_frootid=0
[    2.709424] type=1302 audit(1790904971.815:29): item=1 name=(null) nametype=CREATE cap_fp=0 cap_fi=0 cap_fe=0 cap_fver=0 cap_frootid=0
[    2.709672] type=1302 audit(1790904971.815:29): item=2 name=(null) inode=495 dev=00:02 mode=040755 ouid=0 ogid=0 rdev=00:00 obj=u:object_r:rootfs:s0 nametype=PARENT cap_fp=0 cap_fi=0 cap_fe=0 cap_fver=0 cap_frootid=0
[    2.710095] type=1302 audit(1790904971.815:29): item=3 name=(null) inode=725 dev=00:02 mode=0100666 ouid=0 ogid=0 rdev=00:00 obj=u:object_r:rootfs:s0 nametype=CREATE cap_fp=0 cap_fi=0 cap_fe=0 cap_fver=0 cap_frootid=0
[    2.710593] type=1327 audit(1790904971.815:29): proctitle="/system/bin/recovery"
[    2.710745] type=1320 audit(1790904971.815:29): 
[    2.794485] type=1400 audit(1790904971.903:30): avc:  denied  { read write } for  comm="recovery" name="card0" dev="tmpfs" ino=855 scontext=u:r:recovery:s0 tcontext=u:object_r:device:s0 tclass=chr_file permissive=1
[    2.796628] type=1400 audit(1790904971.903:30): avc:  denied  { open } for  comm="recovery" path="/dev/dri/card0" dev="tmpfs" ino=855 scontext=u:r:recovery:s0 tcontext=u:object_r:device:s0 tclass=chr_file permissive=1
[    2.797143] type=1300 audit(1790904971.903:30): arch=c000003e syscall=257 success=yes exit=7 a0=ffffff9c a1=721a99810060 a2=2 a3=0 items=0 ppid=1 auid=4294967295 uid=0 gid=0 euid=0 suid=0 fsuid=0 egid=0 sgid=0 fsgid=0 tty=(none) ses=4294967295 comm="recovery" exe="/system/bin/recovery" subj=u:r:recovery:s0 key=(null)
[    2.798244] type=1327 audit(1790904971.903:30): proctitle="/system/bin/recovery"
[    2.798444] type=1320 audit(1790904971.903:30): 
[    2.798672] type=1400 audit(1790904971.903:31): avc:  denied  { ioctl } for  comm="recovery" path="/dev/dri/card0" dev="tmpfs" ino=855 ioctlcmd=0x640c scontext=u:r:recovery:s0 tcontext=u:object_r:device:s0 tclass=chr_file permissive=1
[    2.799223] type=1300 audit(1790904971.903:31): arch=c000003e syscall=16 success=yes exit=0 a0=7 a1=c010640c a2=7ffc4008e758 a3=0 items=0 ppid=1 auid=4294967295 uid=0 gid=0 euid=0 suid=0 fsuid=0 egid=0 sgid=0 fsgid=0 tty=(none) ses=4294967295 comm="recovery" exe="/system/bin/recovery" subj=u:r:recovery:s0 key=(null)
[    2.799976] type=1327 audit(1790904971.903:31): proctitle="/system/bin/recovery"
[    2.800205] type=1320 audit(1790904971.903:31): 
[    2.807437] type=1400 audit(1790904971.915:32): avc:  denied  { map } for  comm="recovery" path="/dev/dri/card0" dev="tmpfs" ino=855 scontext=u:r:recovery:s0 tcontext=u:object_r:device:s0 tclass=chr_file permissive=1
[    2.807942] type=1300 audit(1790904971.915:32): arch=c000003e syscall=9 success=yes exit=125449170894848 a0=0 a1=3b3d00 a2=3 a3=1 items=0 ppid=1 auid=4294967295 uid=0 gid=0 euid=0 suid=0 fsuid=0 egid=0 sgid=0 fsgid=0 tty=(none) ses=4294967295 comm="recovery" exe="/system/bin/recovery" subj=u:r:recovery:s0 key=(null)
[    2.809022] type=1327 audit(1790904971.915:32): proctitle="/system/bin/recovery"
[    2.809340] type=1320 audit(1790904971.915:32): 
[    2.818564] type=1400 audit(1790904971.927:33): avc:  denied  { getattr } for  comm="recovery" path="/sys/devices/pci0000:00/0000:00:13.0/virtio24/block/vda/vda9/partition" dev="sysfs" ino=28492 scontext=u:r:recovery:s0 tcontext=u:object_r:sysfs:s0 tclass=file permissive=1
[    2.819316] type=1300 audit(1790904971.927:33): arch=c000003e syscall=262 success=yes exit=0 a0=ffffff9c a1=7ffc4008c390 a2=7ffc4008d420 a3=0 items=0 ppid=1 auid=4294967295 uid=0 gid=0 euid=0 suid=0 fsuid=0 egid=0 sgid=0 fsgid=0 tty=(none) ses=4294967295 comm="recovery" exe="/system/bin/recovery" subj=u:r:recovery:s0 key=(null)
[    2.819945] type=1327 audit(1790904971.927:33): proctitle="/system/bin/recovery"
[    2.820116] type=1320 audit(1790904971.927:33): 
[    2.820246] type=1400 audit(1790904971.927:34): avc:  denied  { read } for  comm="recovery" name="dev" dev="sysfs" ino=28204 scontext=u:r:recovery:s0 tcontext=u:object_r:sysfs:s0 tclass=file permissive=1
[    2.821420] type=1400 audit(1790904971.927:34): avc:  denied  { open } for  comm="recovery" path="/sys/devices/pci0000:00/0000:00:13.0/virtio24/block/vda/dev" dev="sysfs" ino=28204 scontext=u:r:recovery:s0 tcontext=u:object_r:sysfs:s0 tclass=file permissive=1
[    2.821889] type=1300 audit(1790904971.927:34): arch=c000003e syscall=257 success=yes exit=16 a0=ffffff9c a1=7ffc4008c3a0 a2=80000 a3=0 items=0 ppid=1 auid=4294967295 uid=0 gid=0 euid=0 suid=0 fsuid=0 egid=0 sgid=0 fsgid=0 tty=(none) ses=4294967295 comm="recovery" exe="/system/bin/recovery" subj=u:r:recovery:s0 key=(null)
[    2.822486] type=1327 audit(1790904971.927:34): proctitle="/system/bin/recovery"
[    2.823137] type=1320 audit(1790904971.927:34): 
[    2.826706] EXT4-fs (vda9): VFS: Can't find ext4 filesystem
[    2.827042] EXT4-fs (vda9): VFS: Can't find ext4 filesystem
[    2.827541] type=1400 audit(1790904971.935:35): avc:  denied  { ioctl } for  comm="recovery" path="/dev/block/vda7" dev="tmpfs" ino=776 ioctlcmd=0x1260 scontext=u:r:recovery:s0 tcontext=u:object_r:vd_device:s0 tclass=blk_file permissive=1
[    2.828258] type=1300 audit(1790904971.935:35): arch=c000003e syscall=16 success=yes exit=0 a0=8 a1=1260 a2=7ffc4008e3f8 a3=0 items=0 ppid=1 auid=4294967295 uid=0 gid=0 euid=0 suid=0 fsuid=0 egid=0 sgid=0 fsgid=0 tty=(none) ses=4294967295 comm="recovery" exe="/system/bin/recovery" subj=u:r:recovery:s0 key=(null)
[    2.829323] type=1327 audit(1790904971.935:35): proctitle="/system/bin/recovery"
[    2.832257] type=1320 audit(1790904971.935:35): 
[    2.832874] EXT4-fs (vda9): VFS: Can't find ext4 filesystem
[    2.833493] EXT4-fs (vda9): VFS: Can't find ext4 filesystem
[    2.840601] EXT4-fs (vda6): mounted filesystem bb985508-2bb5-4adf-9fbc-86698b5d8347 ro with ordered data mode. Quota mode: none.
[    2.843174] EXT4-fs (vda6): unmounting filesystem bb985508-2bb5-4adf-9fbc-86698b5d8347.
[    2.847122] EXT4-fs (vda9): VFS: Can't find ext4 filesystem
[    2.847321] EXT4-fs (vda9): VFS: Can't find ext4 filesystem
[    2.848063] type=1400 audit(1790904971.955:36): avc:  denied  { create } for  comm="recovery" scontext=u:r:recovery:s0 tcontext=u:r:recovery:s0 tclass=netlink_kobject_uevent_socket permissive=1
[    2.849133] type=1300 audit(1790904971.955:36): arch=c000003e syscall=41 success=yes exit=8 a0=10 a1=2 a2=f a3=50000 items=0 ppid=1 auid=4294967295 uid=0 gid=0 euid=0 suid=0 fsuid=0 egid=0 sgid=0 fsgid=0 tty=(none) ses=4294967295 comm="recovery" exe="/system/bin/recovery" subj=u:r:recovery:s0 key=(null)
[    2.849352] cutils-trace: Error opening trace file: No such file or directory (2)
[    2.849703] type=1327 audit(1790904971.955:36): proctitle="/system/bin/recovery"
[    2.850055] type=1320 audit(1790904971.955:36): 
[    2.850170] type=1400 audit(1790904971.955:37): avc:  denied  { bind } for  comm="recovery" scontext=u:r:recovery:s0 tcontext=u:r:recovery:s0 tclass=netlink_kobject_uevent_socket permissive=1
[    2.850390] servicemanager: getDeviceHalManifest: Reading VINTF information.
[    2.850566] type=1300 audit(1790904971.955:37): arch=c000003e syscall=49 success=yes exit=0 a0=8 a1=7ffc4008e9f4 a2=c a3=50000 items=0 ppid=1 auid=4294967295 uid=0 gid=0 euid=0 suid=0 fsuid=0 egid=0 sgid=0 fsgid=0 tty=(none) ses=4294967295 comm="recovery" exe="/system/bin/recovery" subj=u:r:recovery:s0 key=(null)
[    2.850945] servicemanager: getDeviceHalManifest: status from fetching VINTF information: -2
[    2.851288] type=1327 audit(1790904971.955:37): proctitle="/system/bin/recovery"
[    2.851566] servicemanager: getDeviceHalManifest: -2 VINTF parse error: Cannot read /vendor/manifest.xml: No such file or directory
[    2.851764] type=1320 audit(1790904971.955:37): 
[    2.852148] servicemanager: getFrameworkHalManifest: Reading VINTF information.
[    2.852426] servicemanager: Cannot fetch /system/etc/vintf/manifest.xml: Cannot read /system/etc/vintf/manifest.xml: No such file or directory
[    2.852962] servicemanager: getFrameworkHalManifest: status from fetching VINTF information: -2
[    2.853253] servicemanager: getFrameworkHalManifest: -2 VINTF parse error: Cannot read /system/manifest.xml: No such file or directory
[    2.853562] servicemanager: NULL VINTF MANIFEST!: device
[    2.853725] servicemanager: NULL VINTF MANIFEST!: framework
[    2.853918] servicemanager: getDeviceHalManifest: Reading VINTF information.
[    2.854158] servicemanager: getDeviceHalManifest: status from fetching VINTF information: -2
[    2.854475] servicemanager: getDeviceHalManifest: -2 VINTF parse error: Cannot read /vendor/manifest.xml: No such file or directory
[    2.854812] servicemanager: getFrameworkHalManifest: Reading VINTF information.
[    2.855042] type=1400 audit(1790904971.959:38): avc:  denied  { call } for  comm="recovery" scontext=u:r:recovery:s0 tcontext=u:r:recovery:s0 tclass=binder permissive=1
[    2.855972] servicemanager: Cannot fetch /system/etc/vintf/manifest.xml: Cannot read /system/etc/vintf/manifest.xml: No such file or directory
[    2.856236] type=1300 audit(1790904971.959:38): arch=c000003e syscall=16 success=yes exit=0 a0=f a1=c0306201 a2=721868cdd398 a3=100000 items=0 ppid=1 auid=4294967295 uid=0 gid=0 euid=0 suid=0 fsuid=0 egid=0 sgid=0 fsgid=0 tty=(none) ses=4294967295 comm="recovery" exe="/system/bin/recovery" subj=u:r:recovery:s0 key=(null)
[    2.856649] servicemanager: getFrameworkHalManifest: status from fetching VINTF information: -2
[    2.857333] type=1327 audit(1790904971.959:38): proctitle="/system/bin/recovery"
[    2.857447] servicemanager: getFrameworkHalManifest: -2 VINTF parse error: Cannot read /system/manifest.xml: No such file or directory
[    2.857634] type=1320 audit(1790904971.959:38): 
[    2.857924] servicemanager: NULL VINTF MANIFEST!: device
[    2.858062] type=1400 audit(1790904971.959:39): avc:  denied  { open } for  comm="recovery" path="/dev/__properties__/u:object_r:aac_drc_prop:s0" dev="tmpfs" ino=16 scontext=u:r:recovery:s0 tcontext=u:object_r:aac_drc_prop:s0 tclass=file permissive=1
[    2.858117] type=1300 audit(1790904971.959:39): arch=c000003e syscall=257 success=yes exit=16 a0=ffffff9c a1=7ffc4008e810 a2=a0000 a3=0 items=0 ppid=1 auid=4294967295 uid=0 gid=0 euid=0 suid=0 fsuid=0 egid=0 sgid=0 fsgid=0 tty=(none) ses=4294967295 comm="recovery" exe="/system/bin/recovery" subj=u:r:recovery:s0 key=(null)
[    2.858275] servicemanager: NULL VINTF MANIFEST!: framework
[    2.858692] type=1327 audit(1790904971.959:39): proctitle="/system/bin/recovery"
[    2.859550] servicemanager: getDeviceHalManifest: Reading VINTF information.
[    2.859706] type=1320 audit(1790904971.959:39): 
[    2.859946] servicemanager: getDeviceHalManifest: status from fetching VINTF information: -2
[    2.860062] type=1400 audit(1790904971.959:40): avc:  denied  { getattr } for  comm="recovery" path="/dev/__properties__/u:object_r:aac_drc_prop:s0" dev="tmpfs" ino=16 scontext=u:r:recovery:s0 tcontext=u:object_r:aac_drc_prop:s0 tclass=file permissive=1
[    2.860370] servicemanager: getDeviceHalManifest: -2 VINTF parse error: Cannot read /vendor/manifest.xml: No such file or directory
[    2.860991] type=1300 audit(1790904971.959:40): arch=c000003e syscall=5 success=yes exit=0 a0=10 a1=7ffc4008e720 a2=a0000 a3=0 items=0 ppid=1 auid=4294967295 uid=0 gid=0 euid=0 suid=0 fsuid=0 egid=0 sgid=0 fsgid=0 tty=(none) ses=4294967295 comm="recovery" exe="/system/bin/recovery" subj=u:r:recovery:s0 key=(null)
[    2.861702] type=1327 audit(1790904971.959:40): proctitle="/system/bin/recovery"
[    2.861906] type=1320 audit(1790904971.959:40): 
[    2.862058] type=1400 audit(1790904971.959:41): avc:  denied  { map } for  comm="recovery" path="/dev/__properties__/u:object_r:aac_drc_prop:s0" dev="tmpfs" ino=16 scontext=u:r:recovery:s0 tcontext=u:object_r:aac_drc_prop:s0 tclass=file permissive=1
[    2.862069] servicemanager: getFrameworkHalManifest: Reading VINTF information.
[    2.862521] type=1300 audit(1790904971.959:41): arch=c000003e syscall=9 success=yes exit=125460279066624 a0=0 a1=20000 a2=1 a3=1 items=0 ppid=1 auid=4294967295 uid=0 gid=0 euid=0 suid=0 fsuid=0 egid=0 sgid=0 fsgid=0 tty=(none) ses=4294967295 comm="recovery" exe="/system/bin/recovery" subj=u:r:recovery:s0 key=(null)
[    2.862534] type=1327 audit(1790904971.959:41): proctitle="/system/bin/recovery"
[    2.862544] type=1320 audit(1790904971.959:41): 
[    2.863430] servicemanager: Cannot fetch /system/etc/vintf/manifest.xml: Cannot read /system/etc/vintf/manifest.xml: No such file or directory
[    2.864055] type=1400 audit(1790904971.963:42): avc:  denied  { open } for  comm="recovery" path="/dev/__properties__/u:object_r:adaptive_haptics_prop:s0" dev="tmpfs" ino=19 scontext=u:r:recovery:s0 tcontext=u:object_r:adaptive_haptics_prop:s0 tclass=file permissive=1
[    2.864934] servicemanager: getFrameworkHalManifest: status from fetching VINTF information: -2
[    2.865217] type=1300 audit(1790904971.963:42): arch=c000003e syscall=257 success=yes exit=16 a0=ffffff9c a1=7ffc4008e810 a2=a0000 a3=0 items=0 ppid=1 auid=4294967295 uid=0 gid=0 euid=0 suid=0 fsuid=0 egid=0 sgid=0 fsgid=0 tty=(none) ses=4294967295 comm="recovery" exe="/system/bin/recovery" subj=u:r:recovery:s0 key=(null)
[    2.865697] servicemanager: getFrameworkHalManifest: -2 VINTF parse error: Cannot read /system/manifest.xml: No such file or directory
[    2.865942] type=1327 audit(1790904971.963:42): proctitle="/system/bin/recovery"
[    2.866636] servicemanager: NULL VINTF MANIFEST!: device
[    2.866875] type=1320 audit(1790904971.963:42): 
[    2.867134] servicemanager: NULL VINTF MANIFEST!: framework
[    2.867187] type=1400 audit(1790904971.963:43): avc:  denied  { getattr } for  comm="recovery" path="/dev/__properties__/u:object_r:adaptive_haptics_prop:s0" dev="tmpfs" ino=19 scontext=u:r:recovery:s0 tcontext=u:object_r:adaptive_haptics_prop:s0 tclass=file permissive=1
[    2.867202] type=1300 audit(1790904971.963:43): arch=c000003e syscall=5 success=yes exit=0 a0=10 a1=7ffc4008e720 a2=a0000 a3=0 items=0 ppid=1 auid=4294967295 uid=0 gid=0 euid=0 suid=0 fsuid=0 egid=0 sgid=0 fsgid=0 tty=(none) ses=4294967295 comm="recovery" exe="/system/bin/recovery" subj=u:r:recovery:s0 key=(null)
[    2.867354] servicemanager: Caller(pid=92,uid=0,sid=u:r:recovery:s0) Could not find android.hardware.health.IHealth/default in the VINTF manifest. No alternative instances declared in VINTF.
[    2.867461] type=1327 audit(1790904971.963:43): proctitle="/system/bin/recovery"
[    2.869004] type=1320 audit(1790904971.963:43): 
[    2.869187] type=1400 audit(1790904971.963:44): avc:  denied  { map } for  comm="recovery" path="/dev/__properties__/u:object_r:adaptive_haptics_prop:s0" dev="tmpfs" ino=19 scontext=u:r:recovery:s0 tcontext=u:object_r:adaptive_haptics_prop:s0 tclass=file permissive=1
[    2.869719] type=1300 audit(1790904971.963:44): arch=c000003e syscall=9 success=yes exit=125460275052544 a0=0 a1=20000 a2=1 a3=1 items=0 ppid=1 auid=4294967295 uid=0 gid=0 euid=0 suid=0 fsuid=0 egid=0 sgid=0 fsgid=0 tty=(none) ses=4294967295 comm="recovery" exe="/system/bin/recovery" subj=u:r:recovery:s0 key=(null)
[    2.870300] type=1327 audit(1790904971.963:44): proctitle="/system/bin/recovery"
[    2.870493] type=1320 audit(1790904971.963:44): 
[    2.870620] type=1400 audit(1790904971.963:45): avc:  denied  { open } for  comm="recovery" path="/dev/__properties__/u:object_r:adbd_config_prop:s0" dev="tmpfs" ino=20 scontext=u:r:recovery:s0 tcontext=u:object_r:adbd_config_prop:s0 tclass=file permissive=1
[    2.871630] type=1300 audit(1790904971.963:45): arch=c000003e syscall=257 success=yes exit=16 a0=ffffff9c a1=7ffc4008e810 a2=a0000 a3=0 items=0 ppid=1 auid=4294967295 uid=0 gid=0 euid=0 suid=0 fsuid=0 egid=0 sgid=0 fsgid=0 tty=(none) ses=4294967295 comm="recovery" exe="/system/bin/recovery" subj=u:r:recovery:s0 key=(null)
[    2.872382] type=1327 audit(1790904971.963:45): proctitle="/system/bin/recovery"
[    2.872594] type=1320 audit(1790904971.963:45): 
[    2.872747] type=1400 audit(1790904971.963:46): avc:  denied  { getattr } for  comm="recovery" path="/dev/__properties__/u:object_r:adbd_config_prop:s0" dev="tmpfs" ino=20 scontext=u:r:recovery:s0 tcontext=u:object_r:adbd_config_prop:s0 tclass=file permissive=1
[    2.873323] type=1300 audit(1790904971.963:46): arch=c000003e syscall=5 success=yes exit=0 a0=10 a1=7ffc4008e720 a2=a0000 a3=0 items=0 ppid=1 auid=4294967295 uid=0 gid=0 euid=0 suid=0 fsuid=0 egid=0 sgid=0 fsgid=0 tty=(none) ses=4294967295 comm="recovery" exe="/system/bin/recovery" subj=u:r:recovery:s0 key=(null)
[    2.873946] type=1327 audit(1790904971.963:46): proctitle="/system/bin/recovery"
[    2.874157] type=1320 audit(1790904971.963:46): 
[    2.874286] type=1400 audit(1790904971.963:47): avc:  denied  { map } for  comm="recovery" path="/dev/__properties__/u:object_r:adbd_config_prop:s0" dev="tmpfs" ino=20 scontext=u:r:recovery:s0 tcontext=u:object_r:adbd_config_prop:s0 tclass=file permissive=1
[    2.874851] type=1300 audit(1790904971.963:47): arch=c000003e syscall=9 success=yes exit=125460274692096 a0=0 a1=20000 a2=1 a3=1 items=0 ppid=1 auid=4294967295 uid=0 gid=0 euid=0 suid=0 fsuid=0 egid=0 sgid=0 fsgid=0 tty=(none) ses=4294967295 comm="recovery" exe="/system/bin/recovery" subj=u:r:recovery:s0 key=(null)
[    2.875508] type=1327 audit(1790904971.963:47): proctitle="/system/bin/recovery"
[    2.875719] type=1320 audit(1790904971.963:47): 
[    2.875884] type=1400 audit(1790904971.963:48): avc:  denied  { open } for  comm="recovery" path="/dev/__properties__/u:object_r:adbd_prop:s0" dev="tmpfs" ino=21 scontext=u:r:recovery:s0 tcontext=u:object_r:adbd_prop:s0 tclass=file permissive=1
[    2.876394] type=1300 audit(1790904971.963:48): arch=c000003e syscall=257 success=yes exit=16 a0=ffffff9c a1=7ffc4008e810 a2=a0000 a3=0 items=0 ppid=1 auid=4294967295 uid=0 gid=0 euid=0 suid=0 fsuid=0 egid=0 sgid=0 fsgid=0 tty=(none) ses=4294967295 comm="recovery" exe="/system/bin/recovery" subj=u:r:recovery:s0 key=(null)
[    2.877184] type=1327 audit(1790904971.963:48): proctitle="/system/bin/recovery"
[    2.877393] type=1320 audit(1790904971.963:48): 
[    2.877553] type=1400 audit(1790904971.963:49): avc:  denied  { getattr } for  comm="recovery" path="/dev/__properties__/u:object_r:adbd_prop:s0" dev="tmpfs" ino=21 scontext=u:r:recovery:s0 tcontext=u:object_r:adbd_prop:s0 tclass=file permissive=1
[    2.878116] type=1300 audit(1790904971.963:49): arch=c000003e syscall=5 success=yes exit=0 a0=10 a1=7ffc4008e720 a2=a0000 a3=0 items=0 ppid=1 auid=4294967295 uid=0 gid=0 euid=0 suid=0 fsuid=0 egid=0 sgid=0 fsgid=0 tty=(none) ses=4294967295 comm="recovery" exe="/system/bin/recovery" subj=u:r:recovery:s0 key=(null)
[    2.878789] type=1327 audit(1790904971.963:49): proctitle="/system/bin/recovery"
[    2.879005] type=1320 audit(1790904971.963:49): 
[    2.879176] type=1400 audit(1790904971.963:50): avc:  denied  { map } for  comm="recovery" path="/dev/__properties__/u:object_r:adbd_prop:s0" dev="tmpfs" ino=21 scontext=u:r:recovery:s0 tcontext=u:object_r:adbd_prop:s0 tclass=file permissive=1
[    2.879741] type=1300 audit(1790904971.963:50): arch=c000003e syscall=9 success=yes exit=125460274397184 a0=0 a1=20000 a2=1 a3=1 items=0 ppid=1 auid=4294967295 uid=0 gid=0 euid=0 suid=0 fsuid=0 egid=0 sgid=0 fsgid=0 tty=(none) ses=4294967295 comm="recovery" exe="/system/bin/recovery" subj=u:r:recovery:s0 key=(null)
[    2.880465] type=1327 audit(1790904971.963:50): proctitle="/system/bin/recovery"
[    2.880774] type=1320 audit(1790904971.963:50): 
[    2.880959] type=1400 audit(1790904971.963:51): avc:  denied  { open } for  comm="recovery" path="/dev/__properties__/u:object_r:adbd_tradeinmode_prop:s0" dev="tmpfs" ino=22 scontext=u:r:recovery:s0 tcontext=u:object_r:adbd_tradeinmode_prop:s0 tclass=file permissive=1
[    2.881577] type=1300 audit(1790904971.963:51): arch=c000003e syscall=257 success=yes exit=16 a0=ffffff9c a1=7ffc4008e810 a2=a0000 a3=0 items=0 ppid=1 auid=4294967295 uid=0 gid=0 euid=0 suid=0 fsuid=0 egid=0 sgid=0 fsgid=0 tty=(none) ses=4294967295 comm="recovery" exe="/system/bin/recovery" subj=u:r:recovery:s0 key=(null)
[    2.882316] type=1327 audit(1790904971.963:51): proctitle="/system/bin/recovery"
[    2.882544] type=1320 audit(1790904971.963:51): 
[    2.882684] type=1400 audit(1790904971.963:52): avc:  denied  { getattr } for  comm="recovery" path="/dev/__properties__/u:object_r:adbd_tradeinmode_prop:s0" dev="tmpfs" ino=22 scontext=u:r:recovery:s0 tcontext=u:object_r:adbd_tradeinmode_prop:s0 tclass=file permissive=1
[    2.883278] type=1300 audit(1790904971.963:52): arch=c000003e syscall=5 success=yes exit=0 a0=10 a1=7ffc4008e720 a2=a0000 a3=0 items=0 ppid=1 auid=4294967295 uid=0 gid=0 euid=0 suid=0 fsuid=0 egid=0 sgid=0 fsgid=0 tty=(none) ses=4294967295 comm="recovery" exe="/system/bin/recovery" subj=u:r:recovery:s0 key=(null)
[    2.883883] type=1327 audit(1790904971.963:52): proctitle="/system/bin/recovery"
[    2.884112] type=1320 audit(1790904971.963:52): 
[    2.884262] type=1400 audit(1790904971.963:53): avc:  denied  { map } for  comm="recovery" path="/dev/__properties__/u:object_r:adbd_tradeinmode_prop:s0" dev="tmpfs" ino=22 scontext=u:r:recovery:s0 tcontext=u:object_r:adbd_tradeinmode_prop:s0 tclass=file permissive=1
[    2.884867] type=1300 audit(1790904971.963:53): arch=c000003e syscall=9 success=yes exit=125460272914432 a0=0 a1=20000 a2=1 a3=1 items=0 ppid=1 auid=4294967295 uid=0 gid=0 euid=0 suid=0 fsuid=0 egid=0 sgid=0 fsgid=0 tty=(none) ses=4294967295 comm="recovery" exe="/system/bin/recovery" subj=u:r:recovery:s0 key=(null)
[    2.885552] type=1327 audit(1790904971.963:53): proctitle="/system/bin/recovery"
[    2.885771] type=1320 audit(1790904971.963:53): 
[    2.885913] type=1400 audit(1790904971.963:54): avc:  denied  { open } for  comm="recovery" path="/dev/__properties__/u:object_r:apexd_config_prop:s0" dev="tmpfs" ino=24 scontext=u:r:recovery:s0 tcontext=u:object_r:apexd_config_prop:s0 tclass=file permissive=1
[    2.890880] type=1300 audit(1790904971.963:54): arch=c000003e syscall=257 success=yes exit=16 a0=ffffff9c a1=7ffc4008e810 a2=a0000 a3=0 items=0 ppid=1 auid=4294967295 uid=0 gid=0 euid=0 suid=0 fsuid=0 egid=0 sgid=0 fsgid=0 tty=(none) ses=4294967295 comm="recovery" exe="/system/bin/recovery" subj=u:r:recovery:s0 key=(null)
[    2.892166] type=1327 audit(1790904971.963:54): proctitle="/system/bin/recovery"
[    2.892398] type=1320 audit(1790904971.963:54): 
[    2.892685] type=1400 audit(1790904971.963:55): avc:  denied  { getattr } for  comm="recovery" path="/dev/__properties__/u:object_r:apexd_config_prop:s0" dev="tmpfs" ino=24 scontext=u:r:recovery:s0 tcontext=u:object_r:apexd_config_prop:s0 tclass=file permissive=1
[    2.893777] type=1300 audit(1790904971.963:55): arch=c000003e syscall=5 success=yes exit=0 a0=10 a1=7ffc4008e720 a2=a0000 a3=0 items=0 ppid=1 auid=4294967295 uid=0 gid=0 euid=0 suid=0 fsuid=0 egid=0 sgid=0 fsgid=0 tty=(none) ses=4294967295 comm="recovery" exe="/system/bin/recovery" subj=u:r:recovery:s0 key=(null)
[    2.894437] type=1327 audit(1790904971.963:55): proctitle="/system/bin/recovery"
[    2.894631] type=1320 audit(1790904971.963:55): 
[    2.894787] type=1400 audit(1790904971.963:56): avc:  denied  { map } for  comm="recovery" path="/dev/__properties__/u:object_r:apexd_config_prop:s0" dev="tmpfs" ino=24 scontext=u:r:recovery:s0 tcontext=u:object_r:apexd_config_prop:s0 tclass=file permissive=1
[    2.895439] type=1300 audit(1790904971.963:56): arch=c000003e syscall=9 success=yes exit=125460272594944 a0=0 a1=20000 a2=1 a3=1 items=0 ppid=1 auid=4294967295 uid=0 gid=0 euid=0 suid=0 fsuid=0 egid=0 sgid=0 fsgid=0 tty=(none) ses=4294967295 comm="recovery" exe="/system/bin/recovery" subj=u:r:recovery:s0 key=(null)
[    2.896239] type=1327 audit(1790904971.963:56): proctitle="/system/bin/recovery"
[    2.896487] type=1320 audit(1790904971.963:56): 
[    2.896805] type=1400 audit(1790904971.963:57): avc:  denied  { open } for  comm="recovery" path="/dev/__properties__/u:object_r:apexd_payload_metadata_prop:s0" dev="tmpfs" ino=25 scontext=u:r:recovery:s0 tcontext=u:object_r:apexd_payload_metadata_prop:s0 tclass=file permissive=1
[    2.897456] type=1300 audit(1790904971.963:57): arch=c000003e syscall=257 success=yes exit=16 a0=ffffff9c a1=7ffc4008e810 a2=a0000 a3=0 items=0 ppid=1 auid=4294967295 uid=0 gid=0 euid=0 suid=0 fsuid=0 egid=0 sgid=0 fsgid=0 tty=(none) ses=4294967295 comm="recovery" exe="/system/bin/recovery" subj=u:r:recovery:s0 key=(null)
[    2.898204] type=1327 audit(1790904971.963:57): proctitle="/system/bin/recovery"
[    2.899559] type=1320 audit(1790904971.963:57): 
[    2.900310] type=1400 audit(1790904971.963:58): avc:  denied  { getattr } for  comm="recovery" path="/dev/__properties__/u:object_r:apexd_payload_metadata_prop:s0" dev="tmpfs" ino=25 scontext=u:r:recovery:s0 tcontext=u:object_r:apexd_payload_metadata_prop:s0 tclass=file permissive=1
[    2.900975] type=1300 audit(1790904971.963:58): arch=c000003e syscall=5 success=yes exit=0 a0=10 a1=7ffc4008e720 a2=a0000 a3=0 items=0 ppid=1 auid=4294967295 uid=0 gid=0 euid=0 suid=0 fsuid=0 egid=0 sgid=0 fsgid=0 tty=(none) ses=4294967295 comm="recovery" exe="/system/bin/recovery" subj=u:r:recovery:s0 key=(null)
[    2.901726] type=1327 audit(1790904971.963:58): proctitle="/system/bin/recovery"
[    2.901928] type=1320 audit(1790904971.963:58): 
[    2.902103] type=1400 audit(1790904971.963:59): avc:  denied  { map } for  comm="recovery" path="/dev/__properties__/u:object_r:apexd_payload_metadata_prop:s0" dev="tmpfs" ino=25 scontext=u:r:recovery:s0 tcontext=u:object_r:apexd_payload_metadata_prop:s0 tclass=file permissive=1
[    2.902746] type=1300 audit(1790904971.963:59): arch=c000003e syscall=9 success=yes exit=125460271235072 a0=0 a1=20000 a2=1 a3=1 items=0 ppid=1 auid=4294967295 uid=0 gid=0 euid=0 suid=0 fsuid=0 egid=0 sgid=0 fsgid=0 tty=(none) ses=4294967295 comm="recovery" exe="/system/bin/recovery" subj=u:r:recovery:s0 key=(null)
[    2.903490] type=1327 audit(1790904971.963:59): proctitle="/system/bin/recovery"
[    2.903718] type=1320 audit(1790904971.963:59): 
[    2.905413] type=1400 audit(1790904971.963:60): avc:  denied  { open } for  comm="recovery" path="/dev/__properties__/u:object_r:apexd_prop:s0" dev="tmpfs" ino=26 scontext=u:r:recovery:s0 tcontext=u:object_r:apexd_prop:s0 tclass=file permissive=1
[    2.906795] type=1300 audit(1790904971.963:60): arch=c000003e syscall=257 success=yes exit=16 a0=ffffff9c a1=7ffc4008e810 a2=a0000 a3=0 items=0 ppid=1 auid=4294967295 uid=0 gid=0 euid=0 suid=0 fsuid=0 egid=0 sgid=0 fsgid=0 tty=(none) ses=4294967295 comm="recovery" exe="/system/bin/recovery" subj=u:r:recovery:s0 key=(null)
[    2.907566] type=1327 audit(1790904971.963:60): proctitle="/system/bin/recovery"
[    2.907799] type=1320 audit(1790904971.963:60): 
[    2.907971] type=1400 audit(1790904971.963:61): avc:  denied  { getattr } for  comm="recovery" path="/dev/__properties__/u:object_r:apexd_prop:s0" dev="tmpfs" ino=26 scontext=u:r:recovery:s0 tcontext=u:object_r:apexd_prop:s0 tclass=file permissive=1
[    2.908728] type=1300 audit(1790904971.963:61): arch=c000003e syscall=5 success=yes exit=0 a0=10 a1=7ffc4008e720 a2=a0000 a3=0 items=0 ppid=1 auid=4294967295 uid=0 gid=0 euid=0 suid=0 fsuid=0 egid=0 sgid=0 fsgid=0 tty=(none) ses=4294967295 comm="recovery" exe="/system/bin/recovery" subj=u:r:recovery:s0 key=(null)
[    2.909508] type=1327 audit(1790904971.963:61): proctitle="/system/bin/recovery"
[    2.909765] type=1320 audit(1790904971.963:61): 
[    2.909952] type=1400 audit(1790904971.963:62): avc:  denied  { map } for  comm="recovery" path="/dev/__properties__/u:object_r:apexd_prop:s0" dev="tmpfs" ino=26 scontext=u:r:recovery:s0 tcontext=u:object_r:apexd_prop:s0 tclass=file permissive=1
[    2.910560] type=1300 audit(1790904971.963:62): arch=c000003e syscall=9 success=yes exit=125460270821376 a0=0 a1=20000 a2=1 a3=1 items=0 ppid=1 auid=4294967295 uid=0 gid=0 euid=0 suid=0 fsuid=0 egid=0 sgid=0 fsgid=0 tty=(none) ses=4294967295 comm="recovery" exe="/system/bin/recovery" subj=u:r:recovery:s0 key=(null)
[    2.911337] type=1327 audit(1790904971.963:62): proctitle="/system/bin/recovery"
[    2.911568] type=1320 audit(1790904971.963:62): 
[    2.911740] type=1400 audit(1790904971.963:63): avc:  denied  { open } for  comm="recovery" path="/dev/__properties__/u:object_r:audio_config_prop:s0" dev="tmpfs" ino=29 scontext=u:r:recovery:s0 tcontext=u:object_r:audio_config_prop:s0 tclass=file permissive=1
[    2.912352] type=1300 audit(1790904971.963:63): arch=c000003e syscall=257 success=yes exit=16 a0=ffffff9c a1=7ffc4008e810 a2=a0000 a3=0 items=0 ppid=1 auid=4294967295 uid=0 gid=0 euid=0 suid=0 fsuid=0 egid=0 sgid=0 fsgid=0 tty=(none) ses=4294967295 comm="recovery" exe="/system/bin/recovery" subj=u:r:recovery:s0 key=(null)
[    2.913686] type=1327 audit(1790904971.963:63): proctitle="/system/bin/recovery"
[    2.914022] type=1320 audit(1790904971.963:63): 
[    2.914260] type=1400 audit(1790904971.963:64): avc:  denied  { getattr } for  comm="recovery" path="/dev/__properties__/u:object_r:audio_config_prop:s0" dev="tmpfs" ino=29 scontext=u:r:recovery:s0 tcontext=u:object_r:audio_config_prop:s0 tclass=file permissive=1
[    2.914779] type=1300 audit(1790904971.963:64): arch=c000003e syscall=5 success=yes exit=0 a0=10 a1=7ffc4008e720 a2=a0000 a3=0 items=0 ppid=1 auid=4294967295 uid=0 gid=0 euid=0 suid=0 fsuid=0 egid=0 sgid=0 fsgid=0 tty=(none) ses=4294967295 comm="recovery" exe="/system/bin/recovery" subj=u:r:recovery:s0 key=(null)
[    2.915116] type=1327 audit(1790904971.963:64): proctitle="/system/bin/recovery"
[    2.915237] type=1320 audit(1790904971.963:64): 
[    2.915327] type=1400 audit(1790904971.963:65): avc:  denied  { map } for  comm="recovery" path="/dev/__properties__/u:object_r:audio_config_prop:s0" dev="tmpfs" ino=29 scontext=u:r:recovery:s0 tcontext=u:object_r:audio_config_prop:s0 tclass=file permissive=1
[    2.915707] type=1300 audit(1790904971.963:65): arch=c000003e syscall=9 success=yes exit=125460269953024 a0=0 a1=20000 a2=1 a3=1 items=0 ppid=1 auid=4294967295 uid=0 gid=0 euid=0 suid=0 fsuid=0 egid=0 sgid=0 fsgid=0 tty=(none) ses=4294967295 comm="recovery" exe="/system/bin/recovery" subj=u:r:recovery:s0 key=(null)
[    2.916099] type=1327 audit(1790904971.963:65): proctitle="/system/bin/recovery"
[    2.916247] type=1320 audit(1790904971.963:65): 
[    2.916342] type=1400 audit(1790904971.963:66): avc:  denied  { open } for  comm="recovery" path="/dev/__properties__/u:object_r:avf_virtualizationservice_prop:s0" dev="tmpfs" ino=31 scontext=u:r:recovery:s0 tcontext=u:object_r:avf_virtualizationservice_prop:s0 tclass=file permissive=1
[    2.916771] type=1300 audit(1790904971.963:66): arch=c000003e syscall=257 success=yes exit=16 a0=ffffff9c a1=7ffc4008e810 a2=a0000 a3=0 items=0 ppid=1 auid=4294967295 uid=0 gid=0 euid=0 suid=0 fsuid=0 egid=0 sgid=0 fsgid=0 tty=(none) ses=4294967295 comm="recovery" exe="/system/bin/recovery" subj=u:r:recovery:s0 key=(null)
[    2.917223] type=1327 audit(1790904971.963:66): proctitle="/system/bin/recovery"
[    2.917360] type=1320 audit(1790904971.963:66): 
[    2.917463] type=1400 audit(1790904971.963:67): avc:  denied  { getattr } for  comm="recovery" path="/dev/__properties__/u:object_r:avf_virtualizationservice_prop:s0" dev="tmpfs" ino=31 scontext=u:r:recovery:s0 tcontext=u:object_r:avf_virtualizationservice_prop:s0 tclass=file permissive=1
[    2.917918] type=1300 audit(1790904971.963:67): arch=c000003e syscall=5 success=yes exit=0 a0=10 a1=7ffc4008e720 a2=a0000 a3=0 items=0 ppid=1 auid=4294967295 uid=0 gid=0 euid=0 suid=0 fsuid=0 egid=0 sgid=0 fsgid=0 tty=(none) ses=4294967295 comm="recovery" exe="/system/bin/recovery" subj=u:r:recovery:s0 key=(null)
[    2.918341] type=1327 audit(1790904971.963:67): proctitle="/system/bin/recovery"
[    2.918476] type=1320 audit(1790904971.963:67): 
[    2.918579] type=1400 audit(1790904971.963:68): avc:  denied  { map } for  comm="recovery" path="/dev/__properties__/u:object_r:avf_virtualizationservice_prop:s0" dev="tmpfs" ino=31 scontext=u:r:recovery:s0 tcontext=u:object_r:avf_virtualizationservice_prop:s0 tclass=file permissive=1
[    2.918953] type=1300 audit(1790904971.963:68): arch=c000003e syscall=9 success=yes exit=125460268867584 a0=0 a1=20000 a2=1 a3=1 items=0 ppid=1 auid=4294967295 uid=0 gid=0 euid=0 suid=0 fsuid=0 egid=0 sgid=0 fsgid=0 tty=(none) ses=4294967295 comm="recovery" exe="/system/bin/recovery" subj=u:r:recovery:s0 key=(null)
[    2.919391] type=1327 audit(1790904971.963:68): proctitle="/system/bin/recovery"
[    2.919523] type=1320 audit(1790904971.963:68): 
[    2.919623] type=1400 audit(1790904971.963:69): avc:  denied  { open } for  comm="recovery" path="/dev/__properties__/u:object_r:bluetooth_a2dp_offload_prop:s0" dev="tmpfs" ino=36 scontext=u:r:recovery:s0 tcontext=u:object_r:bluetooth_a2dp_offload_prop:s0 tclass=file permissive=1
[    2.920044] type=1300 audit(1790904971.963:69): arch=c000003e syscall=257 success=yes exit=16 a0=ffffff9c a1=7ffc4008e810 a2=a0000 a3=0 items=0 ppid=1 auid=4294967295 uid=0 gid=0 euid=0 suid=0 fsuid=0 egid=0 sgid=0 fsgid=0 tty=(none) ses=4294967295 comm="recovery" exe="/system/bin/recovery" subj=u:r:recovery:s0 key=(null)
[    2.920480] type=1327 audit(1790904971.963:69): proctitle="/system/bin/recovery"
[    2.920651] type=1320 audit(1790904971.963:69): 
[    2.920880] type=1400 audit(1790904971.963:70): avc:  denied  { getattr } for  comm="recovery" path="/dev/__properties__/u:object_r:bluetooth_a2dp_offload_prop:s0" dev="tmpfs" ino=36 scontext=u:r:recovery:s0 tcontext=u:object_r:bluetooth_a2dp_offload_prop:s0 tclass=file permissive=1
[    2.921343] type=1300 audit(1790904971.963:70): arch=c000003e syscall=5 success=yes exit=0 a0=10 a1=7ffc4008e720 a2=a0000 a3=0 items=0 ppid=1 auid=4294967295 uid=0 gid=0 euid=0 suid=0 fsuid=0 egid=0 sgid=0 fsgid=0 tty=(none) ses=4294967295 comm="recovery" exe="/system/bin/recovery" subj=u:r:recovery:s0 key=(null)
[    2.921779] type=1327 audit(1790904971.963:70): proctitle="/system/bin/recovery"
[    2.921918] type=1320 audit(1790904971.963:70): 
[    2.922025] type=1400 audit(1790904971.963:71): avc:  denied  { map } for  comm="recovery" path="/dev/__properties__/u:object_r:bluetooth_a2dp_offload_prop:s0" dev="tmpfs" ino=36 scontext=u:r:recovery:s0 tcontext=u:object_r:bluetooth_a2dp_offload_prop:s0 tclass=file permissive=1
[    2.922445] type=1300 audit(1790904971.963:71): arch=c000003e syscall=9 success=yes exit=125460251668480 a0=0 a1=20000 a2=1 a3=1 items=0 ppid=1 auid=4294967295 uid=0 gid=0 euid=0 suid=0 fsuid=0 egid=0 sgid=0 fsgid=0 tty=(none) ses=4294967295 comm="recovery" exe="/system/bin/recovery" subj=u:r:recovery:s0 key=(null)
[    2.922884] type=1327 audit(1790904971.963:71): proctitle="/system/bin/recovery"
[    2.923352] type=1320 audit(1790904971.963:71): 
[    2.923476] type=1400 audit(1790904971.963:72): avc:  denied  { open } for  comm="recovery" path="/dev/__properties__/u:object_r:bluetooth_audio_hal_prop:s0" dev="tmpfs" ino=37 scontext=u:r:recovery:s0 tcontext=u:object_r:bluetooth_audio_hal_prop:s0 tclass=file permissive=1
[    2.923819] type=1300 audit(1790904971.963:72): arch=c000003e syscall=257 success=yes exit=16 a0=ffffff9c a1=7ffc4008e810 a2=a0000 a3=0 items=0 ppid=1 auid=4294967295 uid=0 gid=0 euid=0 suid=0 fsuid=0 egid=0 sgid=0 fsgid=0 tty=(none) ses=4294967295 comm="recovery" exe="/system/bin/recovery" subj=u:r:recovery:s0 key=(null)
[    2.924229] type=1327 audit(1790904971.963:72): proctitle="/system/bin/recovery"
[    2.924369] type=1320 audit(1790904971.963:72): 
[    2.924535] type=1400 audit(1790904971.963:73): avc:  denied  { getattr } for  comm="recovery" path="/dev/__properties__/u:object_r:bluetooth_audio_hal_prop:s0" dev="tmpfs" ino=37 scontext=u:r:recovery:s0 tcontext=u:object_r:bluetooth_audio_hal_prop:s0 tclass=file permissive=1
[    2.924980] type=1300 audit(1790904971.963:73): arch=c000003e syscall=5 success=yes exit=0 a0=10 a1=7ffc4008e720 a2=a0000 a3=0 items=0 ppid=1 auid=4294967295 uid=0 gid=0 euid=0 suid=0 fsuid=0 egid=0 sgid=0 fsgid=0 tty=(none) ses=4294967295 comm="recovery" exe="/system/bin/recovery" subj=u:r:recovery:s0 key=(null)
[    2.926285] type=1327 audit(1790904971.963:73): proctitle="/system/bin/recovery"
[    2.926465] type=1320 audit(1790904971.963:73): 
[    2.926582] type=1400 audit(1790904971.963:74): avc:  denied  { map } for  comm="recovery" path="/dev/__properties__/u:object_r:bluetooth_audio_hal_prop:s0" dev="tmpfs" ino=37 scontext=u:r:recovery:s0 tcontext=u:object_r:bluetooth_audio_hal_prop:s0 tclass=file permissive=1
[    2.926974] type=1300 audit(1790904971.963:74): arch=c000003e syscall=9 success=yes exit=125460251414528 a0=0 a1=20000 a2=1 a3=1 items=0 ppid=1 auid=4294967295 uid=0 gid=0 euid=0 suid=0 fsuid=0 egid=0 sgid=0 fsgid=0 tty=(none) ses=4294967295 comm="recovery" exe="/system/bin/recovery" subj=u:r:recovery:s0 key=(null)
[    2.927419] type=1327 audit(1790904971.963:74): proctitle="/system/bin/recovery"
[    2.927646] type=1320 audit(1790904971.963:74): 
[    2.927755] type=1400 audit(1790904971.963:75): avc:  denied  { open } for  comm="recovery" path="/dev/__properties__/u:object_r:bluetooth_finder_prop:s0" dev="tmpfs" ino=39 scontext=u:r:recovery:s0 tcontext=u:object_r:bluetooth_finder_prop:s0 tclass=file permissive=1
[    2.928167] type=1300 audit(1790904971.963:75): arch=c000003e syscall=257 success=yes exit=16 a0=ffffff9c a1=7ffc4008e810 a2=a0000 a3=0 items=0 ppid=1 auid=4294967295 uid=0 gid=0 euid=0 suid=0 fsuid=0 egid=0 sgid=0 fsgid=0 tty=(none) ses=4294967295 comm="recovery" exe="/system/bin/recovery" subj=u:r:recovery:s0 key=(null)
[    2.928691] type=1327 audit(1790904971.963:75): proctitle="/system/bin/recovery"
[    2.928839] type=1320 audit(1790904971.963:75): 
[    2.928934] type=1400 audit(1790904971.963:76): avc:  denied  { getattr } for  comm="recovery" path="/dev/__properties__/u:object_r:bluetooth_finder_prop:s0" dev="tmpfs" ino=39 scontext=u:r:recovery:s0 tcontext=u:object_r:bluetooth_finder_prop:s0 tclass=file permissive=1
[    2.929301] type=1300 audit(1790904971.963:76): arch=c000003e syscall=5 success=yes exit=0 a0=10 a1=7ffc4008e720 a2=a0000 a3=0 items=0 ppid=1 auid=4294967295 uid=0 gid=0 euid=0 suid=0 fsuid=0 egid=0 sgid=0 fsgid=0 tty=(none) ses=4294967295 comm="recovery" exe="/system/bin/recovery" subj=u:r:recovery:s0 key=(null)
[    2.929753] type=1327 audit(1790904971.963:76): proctitle="/system/bin/recovery"
[    2.929891] type=1320 audit(1790904971.963:76): 
[    2.929981] type=1400 audit(1790904971.963:77): avc:  denied  { map } for  comm="recovery" path="/dev/__properties__/u:object_r:bluetooth_finder_prop:s0" dev="tmpfs" ino=39 scontext=u:r:recovery:s0 tcontext=u:object_r:bluetooth_finder_prop:s0 tclass=file permissive=1
[    2.930345] type=1300 audit(1790904971.963:77): arch=c000003e syscall=9 success=yes exit=125460250034176 a0=0 a1=20000 a2=1 a3=1 items=0 ppid=1 auid=4294967295 uid=0 gid=0 euid=0 suid=0 fsuid=0 egid=0 sgid=0 fsgid=0 tty=(none) ses=4294967295 comm="recovery" exe="/system/bin/recovery" subj=u:r:recovery:s0 key=(null)
[    2.931541] type=1327 audit(1790904971.963:77): proctitle="/system/bin/recovery"
[    2.931695] type=1320 audit(1790904971.963:77): 
[    2.931794] type=1400 audit(1790904971.963:78): avc:  denied  { open } for  comm="recovery" path="/dev/__properties__/u:object_r:bluetooth_lea_mode_prop:s0" dev="tmpfs" ino=40 scontext=u:r:recovery:s0 tcontext=u:object_r:bluetooth_lea_mode_prop:s0 tclass=file permissive=1
[    2.932167] type=1300 audit(1790904971.963:78): arch=c000003e syscall=257 success=yes exit=16 a0=ffffff9c a1=7ffc4008e810 a2=a0000 a3=0 items=0 ppid=1 auid=4294967295 uid=0 gid=0 euid=0 suid=0 fsuid=0 egid=0 sgid=0 fsgid=0 tty=(none) ses=4294967295 comm="recovery" exe="/system/bin/recovery" subj=u:r:recovery:s0 key=(null)
[    2.932656] type=1327 audit(1790904971.963:78): proctitle="/system/bin/recovery"
[    2.932786] type=1320 audit(1790904971.963:78): 
[    2.932880] type=1400 audit(1790904971.963:79): avc:  denied  { getattr } for  comm="recovery" path="/dev/__properties__/u:object_r:bluetooth_lea_mode_prop:s0" dev="tmpfs" ino=40 scontext=u:r:recovery:s0 tcontext=u:object_r:bluetooth_lea_mode_prop:s0 tclass=file permissive=1
[    2.933372] type=1300 audit(1790904971.963:79): arch=c000003e syscall=5 success=yes exit=0 a0=10 a1=7ffc4008e720 a2=a0000 a3=0 items=0 ppid=1 auid=4294967295 uid=0 gid=0 euid=0 suid=0 fsuid=0 egid=0 sgid=0 fsgid=0 tty=(none) ses=4294967295 comm="recovery" exe="/system/bin/recovery" subj=u:r:recovery:s0 key=(null)
[    2.933807] type=1327 audit(1790904971.963:79): proctitle="/system/bin/recovery"
[    2.933932] type=1320 audit(1790904971.963:79): 
[    2.934026] type=1400 audit(1790904971.963:80): avc:  denied  { map } for  comm="recovery" path="/dev/__properties__/u:object_r:bluetooth_lea_mode_prop:s0" dev="tmpfs" ino=40 scontext=u:r:recovery:s0 tcontext=u:object_r:bluetooth_lea_mode_prop:s0 tclass=file permissive=1
[    2.934421] type=1300 audit(1790904971.963:80): arch=c000003e syscall=9 success=yes exit=125460249112576 a0=0 a1=20000 a2=1 a3=1 items=0 ppid=1 auid=4294967295 uid=0 gid=0 euid=0 suid=0 fsuid=0 egid=0 sgid=0 fsgid=0 tty=(none) ses=4294967295 comm="recovery" exe="/system/bin/recovery" subj=u:r:recovery:s0 key=(null)
[    2.934833] type=1327 audit(1790904971.963:80): proctitle="/system/bin/recovery"
[    2.934956] type=1320 audit(1790904971.963:80): 
[    2.935044] type=1400 audit(1790904971.963:81): avc:  denied  { open } for  comm="recovery" path="/dev/__properties__/u:object_r:bluetooth_prop:s0" dev="tmpfs" ino=41 scontext=u:r:recovery:s0 tcontext=u:object_r:bluetooth_prop:s0 tclass=file permissive=1
[    2.935475] type=1300 audit(1790904971.963:81): arch=c000003e syscall=257 success=yes exit=16 a0=ffffff9c a1=7ffc4008e810 a2=a0000 a3=0 items=0 ppid=1 auid=4294967295 uid=0 gid=0 euid=0 suid=0 fsuid=0 egid=0 sgid=0 fsgid=0 tty=(none) ses=4294967295 comm="recovery" exe="/system/bin/recovery" subj=u:r:recovery:s0 key=(null)
[    2.935874] type=1327 audit(1790904971.963:81): proctitle="/system/bin/recovery"
[    2.935996] type=1320 audit(1790904971.963:81): 
[    2.936099] type=1400 audit(1790904971.963:82): avc:  denied  { getattr } for  comm="recovery" path="/dev/__properties__/u:object_r:bluetooth_prop:s0" dev="tmpfs" ino=41 scontext=u:r:recovery:s0 tcontext=u:object_r:bluetooth_prop:s0 tclass=file permissive=1
[    2.936434] type=1300 audit(1790904971.963:82): arch=c000003e syscall=5 success=yes exit=0 a0=10 a1=7ffc4008e720 a2=a0000 a3=0 items=0 ppid=1 auid=4294967295 uid=0 gid=0 euid=0 suid=0 fsuid=0 egid=0 sgid=0 fsgid=0 tty=(none) ses=4294967295 comm="recovery" exe="/system/bin/recovery" subj=u:r:recovery:s0 key=(null)
[    2.936898] type=1327 audit(1790904971.963:82): proctitle="/system/bin/recovery"
[    2.937112] type=1320 audit(1790904971.963:82): 
[    2.937229] type=1400 audit(1790904971.963:83): avc:  denied  { map } for  comm="recovery" path="/dev/__properties__/u:object_r:bluetooth_prop:s0" dev="tmpfs" ino=41 scontext=u:r:recovery:s0 tcontext=u:object_r:bluetooth_prop:s0 tclass=file permissive=1
[    2.937662] type=1300 audit(1790904971.963:83): arch=c000003e syscall=9 success=yes exit=125460248588288 a0=0 a1=20000 a2=1 a3=1 items=0 ppid=1 auid=4294967295 uid=0 gid=0 euid=0 suid=0 fsuid=0 egid=0 sgid=0 fsgid=0 tty=(none) ses=4294967295 comm="recovery" exe="/system/bin/recovery" subj=u:r:recovery:s0 key=(null)
[    2.938096] type=1327 audit(1790904971.963:83): proctitle="/system/bin/recovery"
[    2.938217] type=1320 audit(1790904971.963:83): 
[    2.938304] type=1400 audit(1790904971.963:84): avc:  denied  { open } for  comm="recovery" path="/dev/__properties__/u:object_r:bootanim_config_prop:s0" dev="tmpfs" ino=43 scontext=u:r:recovery:s0 tcontext=u:object_r:bootanim_config_prop:s0 tclass=file permissive=1
[    2.938661] type=1300 audit(1790904971.963:84): arch=c000003e syscall=257 success=yes exit=16 a0=ffffff9c a1=7ffc4008e810 a2=a0000 a3=0 items=0 ppid=1 auid=4294967295 uid=0 gid=0 euid=0 suid=0 fsuid=0 egid=0 sgid=0 fsgid=0 tty=(none) ses=4294967295 comm="recovery" exe="/system/bin/recovery" subj=u:r:recovery:s0 key=(null)
[    2.939318] type=1327 audit(1790904971.963:84): proctitle="/system/bin/recovery"
[    2.939471] type=1320 audit(1790904971.963:84): 
[    2.939555] type=1400 audit(1790904971.963:85): avc:  denied  { getattr } for  comm="recovery" path="/dev/__properties__/u:object_r:bootanim_config_prop:s0" dev="tmpfs" ino=43 scontext=u:r:recovery:s0 tcontext=u:object_r:bootanim_config_prop:s0 tclass=file permissive=1
[    2.939886] type=1300 audit(1790904971.963:85): arch=c000003e syscall=5 success=yes exit=0 a0=10 a1=7ffc4008e720 a2=a0000 a3=0 items=0 ppid=1 auid=4294967295 uid=0 gid=0 euid=0 suid=0 fsuid=0 egid=0 sgid=0 fsgid=0 tty=(none) ses=4294967295 comm="recovery" exe="/system/bin/recovery" subj=u:r:recovery:s0 key=(null)
[    2.940276] type=1327 audit(1790904971.963:85): proctitle="/system/bin/recovery"
[    2.940411] type=1320 audit(1790904971.963:85): 
[    2.940517] type=1400 audit(1790904971.963:86): avc:  denied  { map } for  comm="recovery" path="/dev/__properties__/u:object_r:bootanim_config_prop:s0" dev="tmpfs" ino=43 scontext=u:r:recovery:s0 tcontext=u:object_r:bootanim_config_prop:s0 tclass=file permissive=1
[    2.940976] type=1300 audit(1790904971.963:86): arch=c000003e syscall=9 success=yes exit=125460247891968 a0=0 a1=20000 a2=1 a3=1 items=0 ppid=1 auid=4294967295 uid=0 gid=0 euid=0 suid=0 fsuid=0 egid=0 sgid=0 fsgid=0 tty=(none) ses=4294967295 comm="recovery" exe="/system/bin/recovery" subj=u:r:recovery:s0 key=(null)
[    2.941505] type=1327 audit(1790904971.963:86): proctitle="/system/bin/recovery"
[    2.941647] type=1320 audit(1790904971.963:86): 
[    2.941747] type=1400 audit(1790904971.963:87): avc:  denied  { open } for  comm="recovery" path="/dev/__properties__/u:object_r:bootanim_system_prop:s0" dev="tmpfs" ino=44 scontext=u:r:recovery:s0 tcontext=u:object_r:bootanim_system_prop:s0 tclass=file permissive=1
[    2.942139] type=1300 audit(1790904971.963:87): arch=c000003e syscall=257 success=yes exit=16 a0=ffffff9c a1=7ffc4008e810 a2=a0000 a3=0 items=0 ppid=1 auid=4294967295 uid=0 gid=0 euid=0 suid=0 fsuid=0 egid=0 sgid=0 fsgid=0 tty=(none) ses=4294967295 comm="recovery" exe="/system/bin/recovery" subj=u:r:recovery:s0 key=(null)
[    2.942575] type=1327 audit(1790904971.963:87): proctitle="/system/bin/recovery"
[    2.942712] type=1320 audit(1790904971.963:87): 
[    2.942799] type=1400 audit(1790904971.963:88): avc:  denied  { getattr } for  comm="recovery" path="/dev/__properties__/u:object_r:bootanim_system_prop:s0" dev="tmpfs" ino=44 scontext=u:r:recovery:s0 tcontext=u:object_r:bootanim_system_prop:s0 tclass=file permissive=1
[    2.943186] type=1300 audit(1790904971.963:88): arch=c000003e syscall=5 success=yes exit=0 a0=10 a1=7ffc4008e720 a2=a0000 a3=0 items=0 ppid=1 auid=4294967295 uid=0 gid=0 euid=0 suid=0 fsuid=0 egid=0 sgid=0 fsgid=0 tty=(none) ses=4294967295 comm="recovery" exe="/system/bin/recovery" subj=u:r:recovery:s0 key=(null)
[    2.943621] type=1327 audit(1790904971.963:88): proctitle="/system/bin/recovery"
[    2.943752] type=1320 audit(1790904971.963:88): 
[    2.943844] type=1400 audit(1790904971.963:89): avc:  denied  { map } for  comm="recovery" path="/dev/__properties__/u:object_r:bootanim_system_prop:s0" dev="tmpfs" ino=44 scontext=u:r:recovery:s0 tcontext=u:object_r:bootanim_system_prop:s0 tclass=file permissive=1
[    2.944229] type=1300 audit(1790904971.963:89): arch=c000003e syscall=9 success=yes exit=125460247285760 a0=0 a1=20000 a2=1 a3=1 items=0 ppid=1 auid=4294967295 uid=0 gid=0 euid=0 suid=0 fsuid=0 egid=0 sgid=0 fsgid=0 tty=(none) ses=4294967295 comm="recovery" exe="/system/bin/recovery" subj=u:r:recovery:s0 key=(null)
[    2.944747] type=1327 audit(1790904971.963:89): proctitle="/system/bin/recovery"
[    2.944993] type=1320 audit(1790904971.963:89): 
[    2.945119] type=1400 audit(1790904971.963:90): avc:  denied  { open } for  comm="recovery" path="/dev/__properties__/u:object_r:boottime_prop:s0" dev="tmpfs" ino=47 scontext=u:r:recovery:s0 tcontext=u:object_r:boottime_prop:s0 tclass=file permissive=1
[    2.945530] type=1300 audit(1790904971.963:90): arch=c000003e syscall=257 success=yes exit=16 a0=ffffff9c a1=7ffc4008e810 a2=a0000 a3=0 items=0 ppid=1 auid=4294967295 uid=0 gid=0 euid=0 suid=0 fsuid=0 egid=0 sgid=0 fsgid=0 tty=(none) ses=4294967295 comm="recovery" exe="/system/bin/recovery" subj=u:r:recovery:s0 key=(null)
[    2.945973] type=1327 audit(1790904971.963:90): proctitle="/system/bin/recovery"
[    2.946117] type=1320 audit(1790904971.963:90): 
[    2.946210] type=1400 audit(1790904971.963:91): avc:  denied  { getattr } for  comm="recovery" path="/dev/__properties__/u:object_r:boottime_prop:s0" dev="tmpfs" ino=47 scontext=u:r:recovery:s0 tcontext=u:object_r:boottime_prop:s0 tclass=file permissive=1
[    2.946543] type=1300 audit(1790904971.963:91): arch=c000003e syscall=5 success=yes exit=0 a0=10 a1=7ffc4008e720 a2=a0000 a3=0 items=0 ppid=1 auid=4294967295 uid=0 gid=0 euid=0 suid=0 fsuid=0 egid=0 sgid=0 fsgid=0 tty=(none) ses=4294967295 comm="recovery" exe="/system/bin/recovery" subj=u:r:recovery:s0 key=(null)
[    2.946948] type=1327 audit(1790904971.963:91): proctitle="/system/bin/recovery"
[    2.947097] type=1320 audit(1790904971.963:91): 
[    2.947192] type=1400 audit(1790904971.963:92): avc:  denied  { map } for  comm="recovery" path="/dev/__properties__/u:object_r:boottime_prop:s0" dev="tmpfs" ino=47 scontext=u:r:recovery:s0 tcontext=u:object_r:boottime_prop:s0 tclass=file permissive=1
[    2.947510] type=1300 audit(1790904971.963:92): arch=c000003e syscall=9 success=yes exit=125460246650880 a0=0 a1=20000 a2=1 a3=1 items=0 ppid=1 auid=4294967295 uid=0 gid=0 euid=0 suid=0 fsuid=0 egid=0 sgid=0 fsgid=0 tty=(none) ses=4294967295 comm="recovery" exe="/system/bin/recovery" subj=u:r:recovery:s0 key=(null)
[    2.948256] type=1327 audit(1790904971.963:92): proctitle="/system/bin/recovery"
[    2.948398] type=1320 audit(1790904971.963:92): 
[    2.948495] type=1400 audit(1790904971.963:93): avc:  denied  { open } for  comm="recovery" path="/dev/__properties__/u:object_r:boottime_public_prop:s0" dev="tmpfs" ino=48 scontext=u:r:recovery:s0 tcontext=u:object_r:boottime_public_prop:s0 tclass=file permissive=1
[    2.948872] type=1300 audit(1790904971.963:93): arch=c000003e syscall=257 success=yes exit=16 a0=ffffff9c a1=7ffc4008e810 a2=a0000 a3=0 items=0 ppid=1 auid=4294967295 uid=0 gid=0 euid=0 suid=0 fsuid=0 egid=0 sgid=0 fsgid=0 tty=(none) ses=4294967295 comm="recovery" exe="/system/bin/recovery" subj=u:r:recovery:s0 key=(null)
[    2.949309] type=1327 audit(1790904971.963:93): proctitle="/system/bin/recovery"
[    2.949425] type=1320 audit(1790904971.963:93): 
[    2.949522] type=1400 audit(1790904971.963:94): avc:  denied  { getattr } for  comm="recovery" path="/dev/__properties__/u:object_r:boottime_public_prop:s0" dev="tmpfs" ino=48 scontext=u:r:recovery:s0 tcontext=u:object_r:boottime_public_prop:s0 tclass=file permissive=1
[    2.949882] type=1300 audit(1790904971.963:94): arch=c000003e syscall=5 success=yes exit=0 a0=10 a1=7ffc4008e720 a2=a0000 a3=0 items=0 ppid=1 auid=4294967295 uid=0 gid=0 euid=0 suid=0 fsuid=0 egid=0 sgid=0 fsgid=0 tty=(none) ses=4294967295 comm="recovery" exe="/system/bin/recovery" subj=u:r:recovery:s0 key=(null)
[    2.950384] type=1327 audit(1790904971.963:94): proctitle="/system/bin/recovery"
[    2.950518] type=1320 audit(1790904971.963:94): 
[    2.951294] type=1400 audit(1790904971.963:95): avc:  denied  { map } for  comm="recovery" path="/dev/__properties__/u:object_r:boottime_public_prop:s0" dev="tmpfs" ino=48 scontext=u:r:recovery:s0 tcontext=u:object_r:boottime_public_prop:s0 tclass=file permissive=1
[    2.951664] type=1300 audit(1790904971.963:95): arch=c000003e syscall=9 success=yes exit=125460246376448 a0=0 a1=20000 a2=1 a3=1 items=0 ppid=1 auid=4294967295 uid=0 gid=0 euid=0 suid=0 fsuid=0 egid=0 sgid=0 fsgid=0 tty=(none) ses=4294967295 comm="recovery" exe="/system/bin/recovery" subj=u:r:recovery:s0 key=(null)
[    2.952140] type=1327 audit(1790904971.963:95): proctitle="/system/bin/recovery"
[    2.952279] type=1320 audit(1790904971.963:95): 
[    2.952368] type=1400 audit(1790904971.963:96): avc:  denied  { open } for  comm="recovery" path="/dev/__properties__/u:object_r:bpf_progs_loaded_prop:s0" dev="tmpfs" ino=49 scontext=u:r:recovery:s0 tcontext=u:object_r:bpf_progs_loaded_prop:s0 tclass=file permissive=1
[    2.952869] type=1300 audit(1790904971.963:96): arch=c000003e syscall=257 success=yes exit=16 a0=ffffff9c a1=7ffc4008e810 a2=a0000 a3=0 items=0 ppid=1 auid=4294967295 uid=0 gid=0 euid=0 suid=0 fsuid=0 egid=0 sgid=0 fsgid=0 tty=(none) ses=4294967295 comm="recovery" exe="/system/bin/recovery" subj=u:r:recovery:s0 key=(null)
[    2.953320] type=1327 audit(1790904971.963:96): proctitle="/system/bin/recovery"
[    2.953464] type=1320 audit(1790904971.963:96): 
[    2.953561] type=1400 audit(1790904971.963:97): avc:  denied  { getattr } for  comm="recovery" path="/dev/__properties__/u:object_r:bpf_progs_loaded_prop:s0" dev="tmpfs" ino=49 scontext=u:r:recovery:s0 tcontext=u:object_r:bpf_progs_loaded_prop:s0 tclass=file permissive=1
[    2.953931] type=1300 audit(1790904971.963:97): arch=c000003e syscall=5 success=yes exit=0 a0=10 a1=7ffc4008e720 a2=a0000 a3=0 items=0 ppid=1 auid=4294967295 uid=0 gid=0 euid=0 suid=0 fsuid=0 egid=0 sgid=0 fsgid=0 tty=(none) ses=4294967295 comm="recovery" exe="/system/bin/recovery" subj=u:r:recovery:s0 key=(null)
[    2.954354] type=1327 audit(1790904971.963:97): proctitle="/system/bin/recovery"
[    2.954534] type=1320 audit(1790904971.963:97): 
[    2.954628] type=1400 audit(1790904971.963:98): avc:  denied  { map } for  comm="recovery" path="/dev/__properties__/u:object_r:bpf_progs_loaded_prop:s0" dev="tmpfs" ino=49 scontext=u:r:recovery:s0 tcontext=u:object_r:bpf_progs_loaded_prop:s0 tclass=file permissive=1
[    2.955053] type=1300 audit(1790904971.963:98): arch=c000003e syscall=9 success=yes exit=125460246085632 a0=0 a1=20000 a2=1 a3=1 items=0 ppid=1 auid=4294967295 uid=0 gid=0 euid=0 suid=0 fsuid=0 egid=0 sgid=0 fsgid=0 tty=(none) ses=4294967295 comm="recovery" exe="/system/bin/recovery" subj=u:r:recovery:s0 key=(null)
[    2.955496] type=1327 audit(1790904971.963:98): proctitle="/system/bin/recovery"
[    2.955629] type=1320 audit(1790904971.963:98): 
[    2.955723] type=1400 audit(1790904971.963:99): avc:  denied  { open } for  comm="recovery" path="/dev/__properties__/u:object_r:build_attestation_prop:s0" dev="tmpfs" ino=51 scontext=u:r:recovery:s0 tcontext=u:object_r:build_attestation_prop:s0 tclass=file permissive=1
[    2.956406] type=1300 audit(1790904971.963:99): arch=c000003e syscall=257 success=yes exit=16 a0=ffffff9c a1=7ffc4008e810 a2=a0000 a3=0 items=0 ppid=1 auid=4294967295 uid=0 gid=0 euid=0 suid=0 fsuid=0 egid=0 sgid=0 fsgid=0 tty=(none) ses=4294967295 comm="recovery" exe="/system/bin/recovery" subj=u:r:recovery:s0 key=(null)
[    2.958379] type=1327 audit(1790904971.963:99): proctitle="/system/bin/recovery"
[    2.958612] type=1320 audit(1790904971.963:99): 
[    2.958722] type=1400 audit(1790904971.963:100): avc:  denied  { getattr } for  comm="recovery" path="/dev/__properties__/u:object_r:build_attestation_prop:s0" dev="tmpfs" ino=51 scontext=u:r:recovery:s0 tcontext=u:object_r:build_attestation_prop:s0 tclass=file permissive=1
[    2.959130] type=1300 audit(1790904971.963:100): arch=c000003e syscall=5 success=yes exit=0 a0=10 a1=7ffc4008e720 a2=a0000 a3=0 items=0 ppid=1 auid=4294967295 uid=0 gid=0 euid=0 suid=0 fsuid=0 egid=0 sgid=0 fsgid=0 tty=(none) ses=4294967295 comm="recovery" exe="/system/bin/recovery" subj=u:r:recovery:s0 key=(null)
[    2.959527] type=1327 audit(1790904971.963:100): proctitle="/system/bin/recovery"
[    2.959660] type=1320 audit(1790904971.963:100): 
[    2.959758] type=1400 audit(1790904971.963:101): avc:  denied  { map } for  comm="recovery" path="/dev/__properties__/u:object_r:build_attestation_prop:s0" dev="tmpfs" ino=51 scontext=u:r:recovery:s0 tcontext=u:object_r:build_attestation_prop:s0 tclass=file permissive=1
[    2.960159] type=1300 audit(1790904971.963:101): arch=c000003e syscall=9 success=yes exit=125460243685376 a0=0 a1=20000 a2=1 a3=1 items=0 ppid=1 auid=4294967295 uid=0 gid=0 euid=0 suid=0 fsuid=0 egid=0 sgid=0 fsgid=0 tty=(none) ses=4294967295 comm="recovery" exe="/system/bin/recovery" subj=u:r:recovery:s0 key=(null)
[    2.960745] type=1327 audit(1790904971.963:101): proctitle="/system/bin/recovery"
[    2.960884] type=1320 audit(1790904971.963:101): 
[    2.960985] type=1400 audit(1790904971.963:102): avc:  denied  { open } for  comm="recovery" path="/dev/__properties__/u:object_r:build_config_prop:s0" dev="tmpfs" ino=53 scontext=u:r:recovery:s0 tcontext=u:object_r:build_config_prop:s0 tclass=file permissive=1
[    2.961358] type=1300 audit(1790904971.963:102): arch=c000003e syscall=257 success=yes exit=16 a0=ffffff9c a1=7ffc4008e810 a2=a0000 a3=0 items=0 ppid=1 auid=4294967295 uid=0 gid=0 euid=0 suid=0 fsuid=0 egid=0 sgid=0 fsgid=0 tty=(none) ses=4294967295 comm="recovery" exe="/system/bin/recovery" subj=u:r:recovery:s0 key=(null)
[    2.961811] type=1327 audit(1790904971.963:102): proctitle="/system/bin/recovery"
[    2.961944] type=1320 audit(1790904971.963:102): 
[    2.962041] type=1400 audit(1790904971.963:103): avc:  denied  { getattr } for  comm="recovery" path="/dev/__properties__/u:object_r:build_config_prop:s0" dev="tmpfs" ino=53 scontext=u:r:recovery:s0 tcontext=u:object_r:build_config_prop:s0 tclass=file permissive=1
[    2.962423] type=1300 audit(1790904971.963:103): arch=c000003e syscall=5 success=yes exit=0 a0=10 a1=7ffc4008e720 a2=a0000 a3=0 items=0 ppid=1 auid=4294967295 uid=0 gid=0 euid=0 suid=0 fsuid=0 egid=0 sgid=0 fsgid=0 tty=(none) ses=4294967295 comm="recovery" exe="/system/bin/recovery" subj=u:r:recovery:s0 key=(null)
[    2.962898] type=1327 audit(1790904971.963:103): proctitle="/system/bin/recovery"
[    2.963037] type=1320 audit(1790904971.963:103): 
[    2.963169] type=1400 audit(1790904971.963:104): avc:  denied  { map } for  comm="recovery" path="/dev/__properties__/u:object_r:build_config_prop:s0" dev="tmpfs" ino=53 scontext=u:r:recovery:s0 tcontext=u:object_r:build_config_prop:s0 tclass=file permissive=1
[    2.963513] type=1300 audit(1790904971.963:104): arch=c000003e syscall=9 success=yes exit=125460243038208 a0=0 a1=20000 a2=1 a3=1 items=0 ppid=1 auid=4294967295 uid=0 gid=0 euid=0 suid=0 fsuid=0 egid=0 sgid=0 fsgid=0 tty=(none) ses=4294967295 comm="recovery" exe="/system/bin/recovery" subj=u:r:recovery:s0 key=(null)
[    2.964262] type=1327 audit(1790904971.963:104): proctitle="/system/bin/recovery"
[    2.964415] type=1320 audit(1790904971.963:104): 
[    2.964586] type=1400 audit(1790904971.963:105): avc:  denied  { open } for  comm="recovery" path="/dev/__properties__/u:object_r:camera2_extensions_prop:s0" dev="tmpfs" ino=57 scontext=u:r:recovery:s0 tcontext=u:object_r:camera2_extensions_prop:s0 tclass=file permissive=1
[    2.964938] type=1300 audit(1790904971.963:105): arch=c000003e syscall=257 success=yes exit=16 a0=ffffff9c a1=7ffc4008e810 a2=a0000 a3=0 items=0 ppid=1 auid=4294967295 uid=0 gid=0 euid=0 suid=0 fsuid=0 egid=0 sgid=0 fsgid=0 tty=(none) ses=4294967295 comm="recovery" exe="/system/bin/recovery" subj=u:r:recovery:s0 key=(null)
[    2.965363] type=1327 audit(1790904971.963:105): proctitle="/system/bin/recovery"
[    2.965501] type=1320 audit(1790904971.963:105): 
[    2.965602] type=1400 audit(1790904971.963:106): avc:  denied  { getattr } for  comm="recovery" path="/dev/__properties__/u:object_r:camera2_extensions_prop:s0" dev="tmpfs" ino=57 scontext=u:r:recovery:s0 tcontext=u:object_r:camera2_extensions_prop:s0 tclass=file permissive=1
[    2.966004] type=1300 audit(1790904971.963:106): arch=c000003e syscall=5 success=yes exit=0 a0=10 a1=7ffc4008e720 a2=a0000 a3=0 items=0 ppid=1 auid=4294967295 uid=0 gid=0 euid=0 suid=0 fsuid=0 egid=0 sgid=0 fsgid=0 tty=(none) ses=4294967295 comm="recovery" exe="/system/bin/recovery" subj=u:r:recovery:s0 key=(null)
[    2.966492] type=1327 audit(1790904971.963:106): proctitle="/system/bin/recovery"
[    2.966628] type=1320 audit(1790904971.963:106): 
[    2.966727] type=1400 audit(1790904971.963:107): avc:  denied  { map } for  comm="recovery" path="/dev/__properties__/u:object_r:camera2_extensions_prop:s0" dev="tmpfs" ino=57 scontext=u:r:recovery:s0 tcontext=u:object_r:camera2_extensions_prop:s0 tclass=file permissive=1
[    2.967157] type=1300 audit(1790904971.963:107): arch=c000003e syscall=9 success=yes exit=125460241928192 a0=0 a1=20000 a2=1 a3=1 items=0 ppid=1 auid=4294967295 uid=0 gid=0 euid=0 suid=0 fsuid=0 egid=0 sgid=0 fsgid=0 tty=(none) ses=4294967295 comm="recovery" exe="/system/bin/recovery" subj=u:r:recovery:s0 key=(null)
[    2.967573] type=1327 audit(1790904971.963:107): proctitle="/system/bin/recovery"
[    2.967699] type=1320 audit(1790904971.963:107): 
[    2.967792] type=1400 audit(1790904971.963:108): avc:  denied  { open } for  comm="recovery" path="/dev/__properties__/u:object_r:camera_calibration_prop:s0" dev="tmpfs" ino=58 scontext=u:r:recovery:s0 tcontext=u:object_r:camera_calibration_prop:s0 tclass=file permissive=1
[    2.968211] type=1300 audit(1790904971.963:108): arch=c000003e syscall=257 success=yes exit=16 a0=ffffff9c a1=7ffc4008e810 a2=a0000 a3=0 items=0 ppid=1 auid=4294967295 uid=0 gid=0 euid=0 suid=0 fsuid=0 egid=0 sgid=0 fsgid=0 tty=(none) ses=4294967295 comm="recovery" exe="/system/bin/recovery" subj=u:r:recovery:s0 key=(null)
[    2.968764] type=1327 audit(1790904971.963:108): proctitle="/system/bin/recovery"
[    2.968897] type=1320 audit(1790904971.963:108): 
[    2.969333] type=1400 audit(1790904971.963:109): avc:  denied  { getattr } for  comm="recovery" path="/dev/__properties__/u:object_r:camera_calibration_prop:s0" dev="tmpfs" ino=58 scontext=u:r:recovery:s0 tcontext=u:object_r:camera_calibration_prop:s0 tclass=file permissive=1
[    2.969781] type=1300 audit(1790904971.963:109): arch=c000003e syscall=5 success=yes exit=0 a0=10 a1=7ffc4008e720 a2=a0000 a3=0 items=0 ppid=1 auid=4294967295 uid=0 gid=0 euid=0 suid=0 fsuid=0 egid=0 sgid=0 fsgid=0 tty=(none) ses=4294967295 comm="recovery" exe="/system/bin/recovery" subj=u:r:recovery:s0 key=(null)
[    2.970185] type=1327 audit(1790904971.963:109): proctitle="/system/bin/recovery"
[    2.970309] type=1320 audit(1790904971.963:109): 
[    2.970402] type=1400 audit(1790904971.963:110): avc:  denied  { map } for  comm="recovery" path="/dev/__properties__/u:object_r:camera_calibration_prop:s0" dev="tmpfs" ino=58 scontext=u:r:recovery:s0 tcontext=u:object_r:camera_calibration_prop:s0 tclass=file permissive=1
[    2.970848] type=1300 audit(1790904971.963:110): arch=c000003e syscall=9 success=yes exit=125460241481728 a0=0 a1=20000 a2=1 a3=1 items=0 ppid=1 auid=4294967295 uid=0 gid=0 euid=0 suid=0 fsuid=0 egid=0 sgid=0 fsgid=0 tty=(none) ses=4294967295 comm="recovery" exe="/system/bin/recovery" subj=u:r:recovery:s0 key=(null)
[    2.971283] type=1327 audit(1790904971.963:110): proctitle="/system/bin/recovery"
[    2.971403] type=1320 audit(1790904971.963:110): 
[    2.971494] type=1400 audit(1790904971.995:111): avc:  denied  { open } for  comm="recovery" path="/dev/__properties__/u:object_r:camerax_extensions_prop:s0" dev="tmpfs" ino=60 scontext=u:r:recovery:s0 tcontext=u:object_r:camerax_extensions_prop:s0 tclass=file permissive=1
[    2.971842] type=1300 audit(1790904971.995:111): arch=c000003e syscall=257 success=yes exit=16 a0=ffffff9c a1=7ffc4008e810 a2=a0000 a3=0 items=0 ppid=1 auid=4294967295 uid=0 gid=0 euid=0 suid=0 fsuid=0 egid=0 sgid=0 fsgid=0 tty=(none) ses=4294967295 comm="recovery" exe="/system/bin/recovery" subj=u:r:recovery:s0 key=(null)
[    2.972513] type=1327 audit(1790904971.995:111): proctitle="/system/bin/recovery"
[    2.972711] type=1320 audit(1790904971.995:111): 
[    2.972823] type=1400 audit(1790904971.995:112): avc:  denied  { getattr } for  comm="recovery" path="/dev/__properties__/u:object_r:camerax_extensions_prop:s0" dev="tmpfs" ino=60 scontext=u:r:recovery:s0 tcontext=u:object_r:camerax_extensions_prop:s0 tclass=file permissive=1
[    2.973199] type=1300 audit(1790904971.995:112): arch=c000003e syscall=5 success=yes exit=0 a0=10 a1=7ffc4008e720 a2=a0000 a3=0 items=0 ppid=1 auid=4294967295 uid=0 gid=0 euid=0 suid=0 fsuid=0 egid=0 sgid=0 fsgid=0 tty=(none) ses=4294967295 comm="recovery" exe="/system/bin/recovery" subj=u:r:recovery:s0 key=(null)
[    2.973580] type=1327 audit(1790904971.995:112): proctitle="/system/bin/recovery"
[    2.973704] type=1320 audit(1790904971.995:112): 
[    2.973815] type=1400 audit(1790904971.995:113): avc:  denied  { map } for  comm="recovery" path="/dev/__properties__/u:object_r:camerax_extensions_prop:s0" dev="tmpfs" ino=60 scontext=u:r:recovery:s0 tcontext=u:object_r:camerax_extensions_prop:s0 tclass=file permissive=1
[    2.974208] type=1300 audit(1790904971.995:113): arch=c000003e syscall=9 success=yes exit=125460239757312 a0=0 a1=20000 a2=1 a3=1 items=0 ppid=1 auid=4294967295 uid=0 gid=0 euid=0 suid=0 fsuid=0 egid=0 sgid=0 fsgid=0 tty=(none) ses=4294967295 comm="recovery" exe="/system/bin/recovery" subj=u:r:recovery:s0 key=(null)
[    2.974776] type=1327 audit(1790904971.995:113): proctitle="/system/bin/recovery"
[    2.974916] type=1320 audit(1790904971.995:113): 
[    2.975012] type=1400 audit(1790904971.995:114): avc:  denied  { open } for  comm="recovery" path="/dev/__properties__/u:object_r:charger_config_prop:s0" dev="tmpfs" ino=61 scontext=u:r:recovery:s0 tcontext=u:object_r:charger_config_prop:s0 tclass=file permissive=1
[    2.975383] type=1300 audit(1790904971.995:114): arch=c000003e syscall=257 success=yes exit=16 a0=ffffff9c a1=7ffc4008e810 a2=a0000 a3=0 items=0 ppid=1 auid=4294967295 uid=0 gid=0 euid=0 suid=0 fsuid=0 egid=0 sgid=0 fsgid=0 tty=(none) ses=4294967295 comm="recovery" exe="/system/bin/recovery" subj=u:r:recovery:s0 key=(null)
[    2.975769] type=1327 audit(1790904971.995:114): proctitle="/system/bin/recovery"
[    2.975897] type=1320 audit(1790904971.995:114): 
[    2.975996] type=1400 audit(1790904971.995:115): avc:  denied  { getattr } for  comm="recovery" path="/dev/__properties__/u:object_r:charger_config_prop:s0" dev="tmpfs" ino=61 scontext=u:r:recovery:s0 tcontext=u:object_r:charger_config_prop:s0 tclass=file permissive=1
[    2.976377] type=1300 audit(1790904971.995:115): arch=c000003e syscall=5 success=yes exit=0 a0=10 a1=7ffc4008e720 a2=a0000 a3=0 items=0 ppid=1 auid=4294967295 uid=0 gid=0 euid=0 suid=0 fsuid=0 egid=0 sgid=0 fsgid=0 tty=(none) ses=4294967295 comm="recovery" exe="/system/bin/recovery" subj=u:r:recovery:s0 key=(null)
[    2.976915] type=1327 audit(1790904971.995:115): proctitle="/system/bin/recovery"
[    2.977054] type=1320 audit(1790904971.995:115): 
[    2.977148] type=1400 audit(1790904971.995:116): avc:  denied  { map } for  comm="recovery" path="/dev/__properties__/u:object_r:charger_config_prop:s0" dev="tmpfs" ino=61 scontext=u:r:recovery:s0 tcontext=u:object_r:charger_config_prop:s0 tclass=file permissive=1
[    2.977480] type=1300 audit(1790904971.995:116): arch=c000003e syscall=9 success=yes exit=125460239626240 a0=0 a1=20000 a2=1 a3=1 items=0 ppid=1 auid=4294967295 uid=0 gid=0 euid=0 suid=0 fsuid=0 egid=0 sgid=0 fsgid=0 tty=(none) ses=4294967295 comm="recovery" exe="/system/bin/recovery" subj=u:r:recovery:s0 key=(null)
[    2.977880] type=1327 audit(1790904971.995:116): proctitle="/system/bin/recovery"
[    2.978001] type=1320 audit(1790904971.995:116): 
[    2.978111] type=1400 audit(1790904971.995:117): avc:  denied  { open } for  comm="recovery" path="/dev/__properties__/u:object_r:charger_prop:s0" dev="tmpfs" ino=62 scontext=u:r:recovery:s0 tcontext=u:object_r:charger_prop:s0 tclass=file permissive=1
[    2.978431] type=1300 audit(1790904971.995:117): arch=c000003e syscall=257 success=yes exit=16 a0=ffffff9c a1=7ffc4008e810 a2=a0000 a3=0 items=0 ppid=1 auid=4294967295 uid=0 gid=0 euid=0 suid=0 fsuid=0 egid=0 sgid=0 fsgid=0 tty=(none) ses=4294967295 comm="recovery" exe="/system/bin/recovery" subj=u:r:recovery:s0 key=(null)
[    2.978834] type=1327 audit(1790904971.995:117): proctitle="/system/bin/recovery"
[    2.979030] type=1320 audit(1790904971.995:117): 
[    2.979159] type=1400 audit(1790904971.995:118): avc:  denied  { getattr } for  comm="recovery" path="/dev/__properties__/u:object_r:charger_prop:s0" dev="tmpfs" ino=62 scontext=u:r:recovery:s0 tcontext=u:object_r:charger_prop:s0 tclass=file permissive=1
[    2.979541] type=1300 audit(1790904971.995:118): arch=c000003e syscall=5 success=yes exit=0 a0=10 a1=7ffc4008e720 a2=a0000 a3=0 items=0 ppid=1 auid=4294967295 uid=0 gid=0 euid=0 suid=0 fsuid=0 egid=0 sgid=0 fsgid=0 tty=(none) ses=4294967295 comm="recovery" exe="/system/bin/recovery" subj=u:r:recovery:s0 key=(null)
[    2.979864] type=1327 audit(1790904971.995:118): proctitle="/system/bin/recovery"
[    2.979971] type=1320 audit(1790904971.995:118): 
[    2.980355] type=1400 audit(1790904971.995:119): avc:  denied  { map } for  comm="recovery" path="/dev/__properties__/u:object_r:charger_prop:s0" dev="tmpfs" ino=62 scontext=u:r:recovery:s0 tcontext=u:object_r:charger_prop:s0 tclass=file permissive=1
[    2.980765] type=1300 audit(1790904971.995:119): arch=c000003e syscall=9 success=yes exit=125460239495168 a0=0 a1=20000 a2=1 a3=1 items=0 ppid=1 auid=4294967295 uid=0 gid=0 euid=0 suid=0 fsuid=0 egid=0 sgid=0 fsgid=0 tty=(none) ses=4294967295 comm="recovery" exe="/system/bin/recovery" subj=u:r:recovery:s0 key=(null)
[    2.981230] type=1327 audit(1790904971.995:119): proctitle="/system/bin/recovery"
[    2.981370] type=1320 audit(1790904971.995:119): 
[    2.981481] type=1400 audit(1790904971.995:120): avc:  denied  { open } for  comm="recovery" path="/dev/__properties__/u:object_r:charger_status_prop:s0" dev="tmpfs" ino=63 scontext=u:r:recovery:s0 tcontext=u:object_r:charger_status_prop:s0 tclass=file permissive=1
[    2.981812] type=1300 audit(1790904971.995:120): arch=c000003e syscall=257 success=yes exit=16 a0=ffffff9c a1=7ffc4008e810 a2=a0000 a3=0 items=0 ppid=1 auid=4294967295 uid=0 gid=0 euid=0 suid=0 fsuid=0 egid=0 sgid=0 fsgid=0 tty=(none) ses=4294967295 comm="recovery" exe="/system/bin/recovery" subj=u:r:recovery:s0 key=(null)
[    2.982180] type=1327 audit(1790904971.995:120): proctitle="/system/bin/recovery"
[    2.982357] type=1320 audit(1790904971.995:120): 
[    2.982509] type=1400 audit(1790904971.995:121): avc:  denied  { getattr } for  comm="recovery" path="/dev/__properties__/u:object_r:charger_status_prop:s0" dev="tmpfs" ino=63 scontext=u:r:recovery:s0 tcontext=u:object_r:charger_status_prop:s0 tclass=file permissive=1
[    2.982846] type=1300 audit(1790904971.995:121): arch=c000003e syscall=5 success=yes exit=0 a0=10 a1=7ffc4008e720 a2=a0000 a3=0 items=0 ppid=1 auid=4294967295 uid=0 gid=0 euid=0 suid=0 fsuid=0 egid=0 sgid=0 fsgid=0 tty=(none) ses=4294967295 comm="recovery" exe="/system/bin/recovery" subj=u:r:recovery:s0 key=(null)
[    2.983204] type=1327 audit(1790904971.995:121): proctitle="/system/bin/recovery"
[    2.983349] type=1320 audit(1790904971.995:121): 
[    2.983452] type=1400 audit(1790904971.995:122): avc:  denied  { map } for  comm="recovery" path="/dev/__properties__/u:object_r:charger_status_prop:s0" dev="tmpfs" ino=63 scontext=u:r:recovery:s0 tcontext=u:object_r:charger_status_prop:s0 tclass=file permissive=1
[    2.983797] type=1300 audit(1790904971.995:122): arch=c000003e syscall=9 success=yes exit=125460239364096 a0=0 a1=20000 a2=1 a3=1 items=0 ppid=1 auid=4294967295 uid=0 gid=0 euid=0 suid=0 fsuid=0 egid=0 sgid=0 fsgid=0 tty=(none) ses=4294967295 comm="recovery" exe="/system/bin/recovery" subj=u:r:recovery:s0 key=(null)
[    2.984154] type=1327 audit(1790904971.995:122): proctitle="/system/bin/recovery"
[    2.984283] type=1320 audit(1790904971.995:122): 
[    2.984392] type=1400 audit(1790904971.995:123): avc:  denied  { open } for  comm="recovery" path="/dev/__properties__/u:object_r:codec2_config_prop:s0" dev="tmpfs" ino=64 scontext=u:r:recovery:s0 tcontext=u:object_r:codec2_config_prop:s0 tclass=file permissive=1
[    2.985223] type=1300 audit(1790904971.995:123): arch=c000003e syscall=257 success=yes exit=16 a0=ffffff9c a1=7ffc4008e810 a2=a0000 a3=0 items=0 ppid=1 auid=4294967295 uid=0 gid=0 euid=0 suid=0 fsuid=0 egid=0 sgid=0 fsgid=0 tty=(none) ses=4294967295 comm="recovery" exe="/system/bin/recovery" subj=u:r:recovery:s0 key=(null)
[    2.985669] type=1327 audit(1790904971.995:123): proctitle="/system/bin/recovery"
[    2.985818] type=1320 audit(1790904971.995:123): 
[    2.985910] type=1400 audit(1790904971.995:124): avc:  denied  { getattr } for  comm="recovery" path="/dev/__properties__/u:object_r:codec2_config_prop:s0" dev="tmpfs" ino=64 scontext=u:r:recovery:s0 tcontext=u:object_r:codec2_config_prop:s0 tclass=file permissive=1
[    2.986261] type=1300 audit(1790904971.995:124): arch=c000003e syscall=5 success=yes exit=0 a0=10 a1=7ffc4008e720 a2=a0000 a3=0 items=0 ppid=1 auid=4294967295 uid=0 gid=0 euid=0 suid=0 fsuid=0 egid=0 sgid=0 fsgid=0 tty=(none) ses=4294967295 comm="recovery" exe="/system/bin/recovery" subj=u:r:recovery:s0 key=(null)
[    2.986675] type=1327 audit(1790904971.995:124): proctitle="/system/bin/recovery"
[    2.986804] type=1320 audit(1790904971.995:124): 
[    2.986894] type=1400 audit(1790904971.995:125): avc:  denied  { map } for  comm="recovery" path="/dev/__properties__/u:object_r:codec2_config_prop:s0" dev="tmpfs" ino=64 scontext=u:r:recovery:s0 tcontext=u:object_r:codec2_config_prop:s0 tclass=file permissive=1
[    2.987318] type=1300 audit(1790904971.995:125): arch=c000003e syscall=9 success=yes exit=125460182597632 a0=0 a1=20000 a2=1 a3=1 items=0 ppid=1 auid=4294967295 uid=0 gid=0 euid=0 suid=0 fsuid=0 egid=0 sgid=0 fsgid=0 tty=(none) ses=4294967295 comm="recovery" exe="/system/bin/recovery" subj=u:r:recovery:s0 key=(null)
[    2.987758] type=1327 audit(1790904971.995:125): proctitle="/system/bin/recovery"
[    2.987882] type=1320 audit(1790904971.995:125): 
[    2.987992] type=1400 audit(1790904971.995:126): avc:  denied  { open } for  comm="recovery" path="/dev/__properties__/u:object_r:cold_boot_done_prop:s0" dev="tmpfs" ino=65 scontext=u:r:recovery:s0 tcontext=u:object_r:cold_boot_done_prop:s0 tclass=file permissive=1
[    2.988615] type=1300 audit(1790904971.995:126): arch=c000003e syscall=257 success=yes exit=16 a0=ffffff9c a1=7ffc4008e810 a2=a0000 a3=0 items=0 ppid=1 auid=4294967295 uid=0 gid=0 euid=0 suid=0 fsuid=0 egid=0 sgid=0 fsgid=0 tty=(none) ses=4294967295 comm="recovery" exe="/system/bin/recovery" subj=u:r:recovery:s0 key=(null)
[    2.989065] type=1327 audit(1790904971.995:126): proctitle="/system/bin/recovery"
[    2.989212] type=1320 audit(1790904971.995:126): 
[    2.989643] type=1400 audit(1790904972.019:127): avc:  denied  { write } for  comm="recovery" name="properties_serial" dev="tmpfs" ino=362 scontext=u:r:recovery:s0 tcontext=u:object_r:properties_serial:s0 tclass=file permissive=1
[    2.990041] type=1300 audit(1790904972.019:127): arch=c000003e syscall=257 success=yes exit=16 a0=ffffff9c a1=7ffc4008e580 a2=a0002 a3=0 items=0 ppid=1 auid=4294967295 uid=0 gid=0 euid=0 suid=0 fsuid=0 egid=0 sgid=0 fsgid=0 tty=(none) ses=4294967295 comm="recovery" exe="/system/bin/recovery" subj=u:r:recovery:s0 key=(null)
[    2.990497] type=1327 audit(1790904972.019:127): proctitle="/system/bin/recovery"
[    2.990637] type=1320 audit(1790904972.019:127): 
[    2.990776] type=1400 audit(1790904972.019:128): avc:  denied  { write } for  comm="recovery" name="u:object_r:build_prop:s0" dev="tmpfs" ino=55 scontext=u:r:recovery:s0 tcontext=u:object_r:build_prop:s0 tclass=file permissive=1
[    2.991077] type=1300 audit(1790904972.019:128): arch=c000003e syscall=257 success=yes exit=16 a0=ffffff9c a1=7ffc4008e620 a2=a0002 a3=0 items=0 ppid=1 auid=4294967295 uid=0 gid=0 euid=0 suid=0 fsuid=0 egid=0 sgid=0 fsgid=0 tty=(none) ses=4294967295 comm="recovery" exe="/system/bin/recovery" subj=u:r:recovery:s0 key=(null)
[    2.991486] type=1327 audit(1790904972.019:128): proctitle="/system/bin/recovery"
[    2.991610] type=1320 audit(1790904972.019:128): 
[    2.991694] type=1400 audit(1790904972.019:129): avc:  denied  { write } for  comm="recovery" name="u:object_r:build_bootimage_prop:s0" dev="tmpfs" ino=52 scontext=u:r:recovery:s0 tcontext=u:object_r:build_bootimage_prop:s0 tclass=file permissive=1
[    2.991987] type=1300 audit(1790904972.019:129): arch=c000003e syscall=257 success=yes exit=16 a0=ffffff9c a1=7ffc4008e620 a2=a0002 a3=0 items=0 ppid=1 auid=4294967295 uid=0 gid=0 euid=0 suid=0 fsuid=0 egid=0 sgid=0 fsgid=0 tty=(none) ses=4294967295 comm="recovery" exe="/system/bin/recovery" subj=u:r:recovery:s0 key=(null)
[    2.992413] type=1327 audit(1790904972.019:129): proctitle="/system/bin/recovery"
[    2.992708] type=1320 audit(1790904972.019:129): 
[    2.992816] type=1400 audit(1790904972.019:130): avc:  denied  { write } for  comm="recovery" name="u:object_r:build_vendor_prop:s0" dev="tmpfs" ino=56 scontext=u:r:recovery:s0 tcontext=u:object_r:build_vendor_prop:s0 tclass=file permissive=1
[    2.993174] type=1300 audit(1790904972.019:130): arch=c000003e syscall=257 success=yes exit=16 a0=ffffff9c a1=7ffc4008e620 a2=a0002 a3=0 items=0 ppid=1 auid=4294967295 uid=0 gid=0 euid=0 suid=0 fsuid=0 egid=0 sgid=0 fsgid=0 tty=(none) ses=4294967295 comm="recovery" exe="/system/bin/recovery" subj=u:r:recovery:s0 key=(null)
[    2.993579] type=1327 audit(1790904972.019:130): proctitle="/system/bin/recovery"
[    2.993689] type=1320 audit(1790904972.019:130): 
[    2.993772] type=1400 audit(1790904972.019:131): avc:  denied  { write } for  comm="recovery" name="u:object_r:build_odm_prop:s0" dev="tmpfs" ino=54 scontext=u:r:recovery:s0 tcontext=u:object_r:build_odm_prop:s0 tclass=file permissive=1
[    2.994065] type=1300 audit(1790904972.019:131): arch=c000003e syscall=257 success=yes exit=16 a0=ffffff9c a1=7ffc4008e620 a2=a0002 a3=0 items=0 ppid=1 auid=4294967295 uid=0 gid=0 euid=0 suid=0 fsuid=0 egid=0 sgid=0 fsgid=0 tty=(none) ses=4294967295 comm="recovery" exe="/system/bin/recovery" subj=u:r:recovery:s0 key=(null)
[    2.994568] type=1327 audit(1790904972.019:131): proctitle="/system/bin/recovery"
[    2.994772] type=1320 audit(1790904972.019:131): 
[    2.994862] type=1400 audit(1790904972.051:132): avc:  denied  { setattr } for  comm="chmod" name="aera" dev="rootfs" ino=239 scontext=u:r:recovery:s0 tcontext=u:object_r:rootfs:s0 tclass=file permissive=1
[    2.995124] type=1300 audit(1790904972.051:132): arch=c000003e syscall=268 success=yes exit=0 a0=ffffff9c a1=7ac4704032d1 a2=1ed a3=ffffffa5 items=0 ppid=116 auid=4294967295 uid=0 gid=0 euid=0 suid=0 fsuid=0 egid=0 sgid=0 fsgid=0 tty=(none) ses=4294967295 comm="chmod" exe="/system/bin/toybox" subj=u:r:recovery:s0 key=(null)
[    2.995549] type=1327 audit(1790904972.051:132): proctitle=63686D6F640030373535002F7362696E2F61657261002F7362696E2F616572615F6C6973745F61707073002F7362696E2F6165726173746172742E7368002F7362696E2F636C6561727468656D6573002F7362696E2F64656372797074002F7362696E2F646972002F7362696E2F656D756C617465645F73746F726167652E73
[    2.996154] type=1320 audit(1790904972.051:132): 
[    3.022989] type=1400 audit(1790904972.131:133): avc:  denied  { create } for  comm="aerastart.sh" name="aera-live.cfg" scontext=u:r:recovery:s0 tcontext=u:object_r:rootfs:s0 tclass=file permissive=1
[    3.023439] type=1400 audit(1790904972.131:133): avc:  denied  { write } for  comm="aerastart.sh" path="/system/etc/aera-live.cfg" dev="rootfs" ino=727 scontext=u:r:recovery:s0 tcontext=u:object_r:rootfs:s0 tclass=file permissive=1
[    3.023777] type=1300 audit(1790904972.131:133): arch=c000003e syscall=257 success=yes exit=3 a0=ffffff9c a1=7d2bd9a09118 a2=241 a3=1b6 items=4 ppid=92 auid=4294967295 uid=0 gid=0 euid=0 suid=0 fsuid=0 egid=0 sgid=0 fsgid=0 tty=(none) ses=4294967295 comm="aerastart.sh" exe="/system/bin/sh" subj=u:r:recovery:s0 key=(null)
[    3.024262] type=1307 audit(1790904972.131:133): cwd="/"
[    3.024362] type=1302 audit(1790904972.131:133): item=0 name=(null) inode=495 dev=00:02 mode=040755 ouid=0 ogid=0 rdev=00:00 obj=u:object_r:rootfs:s0 nametype=PARENT cap_fp=0 cap_fi=0 cap_fe=0 cap_fver=0 cap_frootid=0
[    3.024729] type=1302 audit(1790904972.131:133): item=1 name=(null) nametype=CREATE cap_fp=0 cap_fi=0 cap_fe=0 cap_fver=0 cap_frootid=0
[    3.024972] type=1302 audit(1790904972.131:133): item=2 name=(null) inode=495 dev=00:02 mode=040755 ouid=0 ogid=0 rdev=00:00 obj=u:object_r:rootfs:s0 nametype=PARENT cap_fp=0 cap_fi=0 cap_fe=0 cap_fver=0 cap_frootid=0
[    3.026162] type=1302 audit(1790904972.131:133): item=3 name=(null) inode=727 dev=00:02 mode=0100666 ouid=0 ogid=0 rdev=00:00 obj=u:object_r:rootfs:s0 nametype=CREATE cap_fp=0 cap_fi=0 cap_fe=0 cap_fver=0 cap_frootid=0
[    3.026467] type=1327 audit(1790904972.131:133): proctitle=2F73797374656D2F62696E2F7368002F7362696E2F6165726173746172742E7368
[    3.026683] type=1320 audit(1790904972.131:133): 
[    3.076653] type=1400 audit(1790904972.183:134): avc:  denied  { append } for  comm="aerastart.sh" name="aera-live.cfg" dev="rootfs" ino=727 scontext=u:r:recovery:s0 tcontext=u:object_r:rootfs:s0 tclass=file permissive=1
[    3.077146] type=1300 audit(1790904972.183:134): arch=c000003e syscall=257 success=yes exit=3 a0=ffffff9c a1=7d2bd9a07f38 a2=441 a3=1b6 items=0 ppid=92 auid=4294967295 uid=0 gid=0 euid=0 suid=0 fsuid=0 egid=0 sgid=0 fsgid=0 tty=(none) ses=4294967295 comm="aerastart.sh" exe="/system/bin/sh" subj=u:r:recovery:s0 key=(null)
[    3.078234] type=1327 audit(1790904972.183:134): proctitle=2F73797374656D2F62696E2F7368002F7362696E2F6165726173746172742E7368
[    3.078453] type=1320 audit(1790904972.183:134): 
[    3.081613] type=1400 audit(1790904972.191:135): avc:  denied  { write } for  comm="resetprop" name="u:object_r:default_prop:s0" dev="tmpfs" ino=106 scontext=u:r:recovery:s0 tcontext=u:object_r:default_prop:s0 tclass=file permissive=1
[    3.082231] type=1300 audit(1790904972.191:135): arch=c000003e syscall=257 success=yes exit=3 a0=ffffff9c a1=7ffce4bd3f50 a2=a0002 a3=0 items=0 ppid=118 auid=4294967295 uid=0 gid=0 euid=0 suid=0 fsuid=0 egid=0 sgid=0 fsgid=0 tty=(none) ses=4294967295 comm="resetprop" exe="/system/bin/resetprop" subj=u:r:recovery:s0 key=(null)
[    3.082947] type=1327 audit(1790904972.191:135): proctitle=2F7362696E2F726573657470726F7000616572612E706F7374696E69742E7374617475730031
[    3.083268] type=1320 audit(1790904972.191:135): 
[    3.122679] type=1400 audit(1790904972.231:136): avc:  denied  { read } for  comm="dmesg" name="kmsg" dev="tmpfs" ino=5 scontext=u:r:recovery:s0 tcontext=u:object_r:kmsg_device:s0 tclass=chr_file permissive=1
[    3.123193] type=1300 audit(1790904972.231:136): arch=c000003e syscall=257 success=yes exit=3 a0=ffffff9c a1=5cf92dc7111f a2=800 a3=0 items=0 ppid=118 auid=4294967295 uid=0 gid=0 euid=0 suid=0 fsuid=0 egid=0 sgid=0 fsgid=0 tty=(none) ses=4294967295 comm="dmesg" exe="/system/bin/toybox" subj=u:r:recovery:s0 key=(null)
[    3.123793] type=1327 audit(1790904972.231:136): proctitle="dmesg"
[    3.123949] type=1320 audit(1790904972.231:136): 
[    3.130770] type=1400 audit(1790904972.239:137): avc:  denied  { write } for  comm="logcat" name="logdr" dev="tmpfs" ino=997 scontext=u:r:recovery:s0 tcontext=u:object_r:logdr_socket:s0 tclass=sock_file permissive=1
[    3.130833] logd: logdr: UID=0 GID=0 PID=154 n tail=0 logMask=99 pid=0 start=0ns deadline=0ns
[    3.131346] type=1400 audit(1790904972.239:137): avc:  denied  { connectto } for  comm="logcat" path="/dev/socket/logdr" scontext=u:r:recovery:s0 tcontext=u:r:logd:s0 tclass=unix_stream_socket permissive=1
[    3.134720] type=1300 audit(1790904972.239:137): arch=c000003e syscall=42 success=yes exit=0 a0=3 a1=7ffd9b944ac2 a2=6e a3=7ffd9b944a90 items=0 ppid=118 auid=4294967295 uid=0 gid=0 euid=0 suid=0 fsuid=0 egid=0 sgid=0 fsgid=0 tty=(none) ses=4294967295 comm="logcat" exe="/system/bin/logcat" subj=u:r:recovery:s0 key=(null)
[    3.135356] type=1327 audit(1790904972.239:137): proctitle=6C6F67636174002D64
[    3.135517] type=1320 audit(1790904972.239:137): 
[    3.144325] type=1400 audit(1790904972.251:138): avc:  denied  { create } for  comm="mkdir" name="temp" scontext=u:r:recovery:s0 tcontext=u:object_r:rootfs:s0 tclass=dir permissive=1
[    3.146671] type=1300 audit(1790904972.251:138): arch=c000003e syscall=258 success=yes exit=0 a0=ffffff9c a1=7fff4a19eea3 a2=1ff a3=0 items=2 ppid=118 auid=4294967295 uid=0 gid=0 euid=0 suid=0 fsuid=0 egid=0 sgid=0 fsgid=0 tty=(none) ses=4294967295 comm="mkdir" exe="/system/bin/toybox" subj=u:r:recovery:s0 key=(null)
[    3.147170] type=1307 audit(1790904972.251:138): cwd="/"
[    3.147277] type=1302 audit(1790904972.251:138): item=0 name=(null) inode=6 dev=00:02 mode=040755 ouid=0 ogid=0 rdev=00:00 obj=u:object_r:rootfs:s0 nametype=PARENT cap_fp=0 cap_fi=0 cap_fe=0 cap_fver=0 cap_frootid=0
[    3.147580] type=1302 audit(1790904972.251:138): item=1 name=(null) inode=729 dev=00:02 mode=040777 ouid=0 ogid=0 rdev=00:00 obj=u:object_r:rootfs:s0 nametype=CREATE cap_fp=0 cap_fi=0 cap_fe=0 cap_fver=0 cap_frootid=0
[    3.147869] type=1327 audit(1790904972.251:138): proctitle=6D6B646972002D70002F414552412F46696C65732F74656D70
[    3.148052] type=1320 audit(1790904972.251:138): 
[    3.177745] /dev/block/bootdevice/by-name/system_a: Can't lookup blockdev
[    3.196674] type=1400 audit(1790904972.303:139): avc:  denied  { remove_name } for  comm="rmdir" name="tmp_system_rom" dev="rootfs" ino=730 scontext=u:r:recovery:s0 tcontext=u:object_r:rootfs:s0 tclass=dir permissive=1
[    3.197115] type=1400 audit(1790904972.303:139): avc:  denied  { rmdir } for  comm="rmdir" name="tmp_system_rom" dev="rootfs" ino=730 scontext=u:r:recovery:s0 tcontext=u:object_r:rootfs:s0 tclass=dir permissive=1
[    3.197697] type=1300 audit(1790904972.303:139): arch=c000003e syscall=263 success=yes exit=0 a0=ffffff9c a1=7ffdd86bbea4 a2=200 a3=1000000 items=0 ppid=159 auid=4294967295 uid=0 gid=0 euid=0 suid=0 fsuid=0 egid=0 sgid=0 fsgid=0 tty=(none) ses=4294967295 comm="rmdir" exe="/system/bin/toybox" subj=u:r:recovery:s0 key=(null)
[    3.198543] type=1327 audit(1790904972.303:139): proctitle=726D646972002F746D705F73797374656D5F726F6D
[    3.198933] type=1320 audit(1790904972.303:139): 
[    3.222446] type=1400 audit(1790904972.331:140): avc:  denied  { open } for  comm="getprop" path="/dev/__properties__/u:object_r:camera2_extensions_prop:s0" dev="tmpfs" ino=57 scontext=u:r:recovery:s0 tcontext=u:object_r:camera2_extensions_prop:s0 tclass=file permissive=1
[    3.223271] type=1300 audit(1790904972.331:140): arch=c000003e syscall=257 success=yes exit=3 a0=ffffff9c a1=7ffdde71d140 a2=a0000 a3=0 items=0 ppid=118 auid=4294967295 uid=0 gid=0 euid=0 suid=0 fsuid=0 egid=0 sgid=0 fsgid=0 tty=(none) ses=4294967295 comm="getprop" exe="/system/bin/toolbox_ramdisk" subj=u:r:recovery:s0 key=(null)
[    3.224007] type=1327 audit(1790904972.331:140): proctitle="getprop"
[    3.224226] type=1320 audit(1790904972.331:140): 
[    3.224375] type=1400 audit(1790904972.331:141): avc:  denied  { getattr } for  comm="getprop" path="/dev/__properties__/u:object_r:camera2_extensions_prop:s0" dev="tmpfs" ino=57 scontext=u:r:recovery:s0 tcontext=u:object_r:camera2_extensions_prop:s0 tclass=file permissive=1
[    3.228641] type=1300 audit(1790904972.331:141): arch=c000003e syscall=5 success=yes exit=0 a0=3 a1=7ffdde71d050 a2=a0000 a3=0 items=0 ppid=118 auid=4294967295 uid=0 gid=0 euid=0 suid=0 fsuid=0 egid=0 sgid=0 fsgid=0 tty=(none) ses=4294967295 comm="getprop" exe="/system/bin/toolbox_ramdisk" subj=u:r:recovery:s0 key=(null)
[    3.230475] type=1327 audit(1790904972.331:141): proctitle="getprop"
[    3.230674] type=1320 audit(1790904972.331:141): 
[    3.230859] type=1400 audit(1790904972.331:142): avc:  denied  { map } for  comm="getprop" path="/dev/__properties__/u:object_r:camera2_extensions_prop:s0" dev="tmpfs" ino=57 scontext=u:r:recovery:s0 tcontext=u:object_r:camera2_extensions_prop:s0 tclass=file permissive=1
[    3.231517] type=1300 audit(1790904972.331:142): arch=c000003e syscall=9 success=yes exit=131825052418048 a0=0 a1=20000 a2=1 a3=1 items=0 ppid=118 auid=4294967295 uid=0 gid=0 euid=0 suid=0 fsuid=0 egid=0 sgid=0 fsgid=0 tty=(none) ses=4294967295 comm="getprop" exe="/system/bin/toolbox_ramdisk" subj=u:r:recovery:s0 key=(null)
[    3.232235] type=1327 audit(1790904972.331:142): proctitle="getprop"
[    3.232495] type=1320 audit(1790904972.331:142): 
[    3.232680] type=1400 audit(1790904972.331:143): avc:  denied  { open } for  comm="getprop" path="/dev/__properties__/u:object_r:camera_calibration_prop:s0" dev="tmpfs" ino=58 scontext=u:r:recovery:s0 tcontext=u:object_r:camera_calibration_prop:s0 tclass=file permissive=1
[    3.233404] type=1300 audit(1790904972.331:143): arch=c000003e syscall=257 success=yes exit=3 a0=ffffff9c a1=7ffdde71d140 a2=a0000 a3=0 items=0 ppid=118 auid=4294967295 uid=0 gid=0 euid=0 suid=0 fsuid=0 egid=0 sgid=0 fsgid=0 tty=(none) ses=4294967295 comm="getprop" exe="/system/bin/toolbox_ramdisk" subj=u:r:recovery:s0 key=(null)
[    3.234266] type=1327 audit(1790904972.331:143): proctitle="getprop"
[    3.234480] type=1320 audit(1790904972.331:143): 
[    3.234665] type=1400 audit(1790904972.331:144): avc:  denied  { getattr } for  comm="getprop" path="/dev/__properties__/u:object_r:camera_calibration_prop:s0" dev="tmpfs" ino=58 scontext=u:r:recovery:s0 tcontext=u:object_r:camera_calibration_prop:s0 tclass=file permissive=1
[    3.235387] type=1300 audit(1790904972.331:144): arch=c000003e syscall=5 success=yes exit=0 a0=3 a1=7ffdde71d050 a2=a0000 a3=0 items=0 ppid=118 auid=4294967295 uid=0 gid=0 euid=0 suid=0 fsuid=0 egid=0 sgid=0 fsgid=0 tty=(none) ses=4294967295 comm="getprop" exe="/system/bin/toolbox_ramdisk" subj=u:r:recovery:s0 key=(null)
[    3.236226] type=1327 audit(1790904972.331:144): proctitle="getprop"
[    3.236411] type=1320 audit(1790904972.331:144): 
[    3.236636] EXT4-fs (vda9): VFS: Can't find ext4 filesystem
[    3.236642] type=1400 audit(1790904972.331:145): avc:  denied  { map } for  comm="getprop" path="/dev/__properties__/u:object_r:camera_calibration_prop:s0" dev="tmpfs" ino=58 scontext=u:r:recovery:s0 tcontext=u:object_r:camera_calibration_prop:s0 tclass=file permissive=1
[    3.236897] EXT4-fs (vda9): VFS: Can't find ext4 filesystem
[    3.237431] type=1300 audit(1790904972.331:145): arch=c000003e syscall=9 success=yes exit=131825052286976 a0=0 a1=20000 a2=1 a3=1 items=0 ppid=118 auid=4294967295 uid=0 gid=0 euid=0 suid=0 fsuid=0 egid=0 sgid=0 fsgid=0 tty=(none) ses=4294967295 comm="getprop" exe="/system/bin/toolbox_ramdisk" subj=u:r:recovery:s0 key=(null)
[    3.239434] type=1327 audit(1790904972.331:145): proctitle="getprop"
[    3.239611] type=1320 audit(1790904972.331:145): 
[    3.239896] type=1400 audit(1790904972.331:146): avc:  denied  { open } for  comm="getprop" path="/dev/__properties__/u:object_r:camerax_extensions_prop:s0" dev="tmpfs" ino=60 scontext=u:r:recovery:s0 tcontext=u:object_r:camerax_extensions_prop:s0 tclass=file permissive=1
[    3.240623] type=1300 audit(1790904972.331:146): arch=c000003e syscall=257 success=yes exit=3 a0=ffffff9c a1=7ffdde71d140 a2=a0000 a3=0 items=0 ppid=118 auid=4294967295 uid=0 gid=0 euid=0 suid=0 fsuid=0 egid=0 sgid=0 fsgid=0 tty=(none) ses=4294967295 comm="getprop" exe="/system/bin/toolbox_ramdisk" subj=u:r:recovery:s0 key=(null)
[    3.241460] type=1327 audit(1790904972.331:146): proctitle="getprop"
[    3.241691] type=1320 audit(1790904972.331:146): 
[    3.241863] type=1400 audit(1790904972.331:147): avc:  denied  { getattr } for  comm="getprop" path="/dev/__properties__/u:object_r:camerax_extensions_prop:s0" dev="tmpfs" ino=60 scontext=u:r:recovery:s0 tcontext=u:object_r:camerax_extensions_prop:s0 tclass=file permissive=1
[    3.242477] type=1300 audit(1790904972.331:147): arch=c000003e syscall=5 success=yes exit=0 a0=3 a1=7ffdde71d050 a2=a0000 a3=0 items=0 ppid=118 auid=4294967295 uid=0 gid=0 euid=0 suid=0 fsuid=0 egid=0 sgid=0 fsgid=0 tty=(none) ses=4294967295 comm="getprop" exe="/system/bin/toolbox_ramdisk" subj=u:r:recovery:s0 key=(null)
[    3.243267] type=1327 audit(1790904972.331:147): proctitle="getprop"
[    3.243449] type=1320 audit(1790904972.331:147): 
[    3.243611] type=1400 audit(1790904972.331:148): avc:  denied  { map } for  comm="getprop" path="/dev/__properties__/u:object_r:camerax_extensions_prop:s0" dev="tmpfs" ino=60 scontext=u:r:recovery:s0 tcontext=u:object_r:camerax_extensions_prop:s0 tclass=file permissive=1
[    3.244281] type=1300 audit(1790904972.331:148): arch=c000003e syscall=9 success=yes exit=131825052024832 a0=0 a1=20000 a2=1 a3=1 items=0 ppid=118 auid=4294967295 uid=0 gid=0 euid=0 suid=0 fsuid=0 egid=0 sgid=0 fsgid=0 tty=(none) ses=4294967295 comm="getprop" exe="/system/bin/toolbox_ramdisk" subj=u:r:recovery:s0 key=(null)
[    3.245293] type=1327 audit(1790904972.331:148): proctitle="getprop"
[    3.245379] EXT4-fs (vda6): mounted filesystem bb985508-2bb5-4adf-9fbc-86698b5d8347 ro with ordered data mode. Quota mode: none.
[    3.245541] type=1320 audit(1790904972.331:148): 
[    3.245893] type=1400 audit(1790904972.331:149): avc:  denied  { open } for  comm="getprop" path="/dev/__properties__/u:object_r:charger_config_prop:s0" dev="tmpfs" ino=61 scontext=u:r:recovery:s0 tcontext=u:object_r:charger_config_prop:s0 tclass=file permissive=1
[    3.246508] type=1300 audit(1790904972.331:149): arch=c000003e syscall=257 success=yes exit=3 a0=ffffff9c a1=7ffdde71d140 a2=a0000 a3=0 items=0 ppid=118 auid=4294967295 uid=0 gid=0 euid=0 suid=0 fsuid=0 egid=0 sgid=0 fsgid=0 tty=(none) ses=4294967295 comm="getprop" exe="/system/bin/toolbox_ramdisk" subj=u:r:recovery:s0 key=(null)
[    3.247232] type=1327 audit(1790904972.331:149): proctitle="getprop"
[    3.247269] EXT4-fs (vda6): unmounting filesystem bb985508-2bb5-4adf-9fbc-86698b5d8347.
[    3.247342] type=1320 audit(1790904972.331:149): 
[    3.247541] type=1400 audit(1790904972.331:150): avc:  denied  { getattr } for  comm="getprop" path="/dev/__properties__/u:object_r:charger_config_prop:s0" dev="tmpfs" ino=61 scontext=u:r:recovery:s0 tcontext=u:object_r:charger_config_prop:s0 tclass=file permissive=1
[    3.247922] type=1300 audit(1790904972.331:150): arch=c000003e syscall=5 success=yes exit=0 a0=3 a1=7ffdde71d050 a2=a0000 a3=0 items=0 ppid=118 auid=4294967295 uid=0 gid=0 euid=0 suid=0 fsuid=0 egid=0 sgid=0 fsgid=0 tty=(none) ses=4294967295 comm="getprop" exe="/system/bin/toolbox_ramdisk" subj=u:r:recovery:s0 key=(null)
[    3.248432] type=1327 audit(1790904972.331:150): proctitle="getprop"
[    3.248726] type=1320 audit(1790904972.331:150): 
[    3.248835] type=1400 audit(1790904972.331:151): avc:  denied  { map } for  comm="getprop" path="/dev/__properties__/u:object_r:charger_config_prop:s0" dev="tmpfs" ino=61 scontext=u:r:recovery:s0 tcontext=u:object_r:charger_config_prop:s0 tclass=file permissive=1
[    3.249275] type=1300 audit(1790904972.331:151): arch=c000003e syscall=9 success=yes exit=131825051893760 a0=0 a1=20000 a2=1 a3=1 items=0 ppid=118 auid=4294967295 uid=0 gid=0 euid=0 suid=0 fsuid=0 egid=0 sgid=0 fsgid=0 tty=(none) ses=4294967295 comm="getprop" exe="/system/bin/toolbox_ramdisk" subj=u:r:recovery:s0 key=(null)
[    3.249817] type=1327 audit(1790904972.331:151): proctitle="getprop"
[    3.249998] type=1320 audit(1790904972.331:151): 
[    3.250138] type=1400 audit(1790904972.331:152): avc:  denied  { open } for  comm="getprop" path="/dev/__properties__/u:object_r:charger_prop:s0" dev="tmpfs" ino=62 scontext=u:r:recovery:s0 tcontext=u:object_r:charger_prop:s0 tclass=file permissive=1
[    3.250544] type=1300 audit(1790904972.331:152): arch=c000003e syscall=257 success=yes exit=3 a0=ffffff9c a1=7ffdde71d140 a2=a0000 a3=0 items=0 ppid=118 auid=4294967295 uid=0 gid=0 euid=0 suid=0 fsuid=0 egid=0 sgid=0 fsgid=0 tty=(none) ses=4294967295 comm="getprop" exe="/system/bin/toolbox_ramdisk" subj=u:r:recovery:s0 key=(null)
[    3.251090] type=1327 audit(1790904972.331:152): proctitle="getprop"
[    3.251239] type=1320 audit(1790904972.331:152): 
[    3.251360] type=1400 audit(1790904972.331:153): avc:  denied  { getattr } for  comm="getprop" path="/dev/__properties__/u:object_r:charger_prop:s0" dev="tmpfs" ino=62 scontext=u:r:recovery:s0 tcontext=u:object_r:charger_prop:s0 tclass=file permissive=1
[    3.251768] type=1300 audit(1790904972.331:153): arch=c000003e syscall=5 success=yes exit=0 a0=3 a1=7ffdde71d050 a2=a0000 a3=0 items=0 ppid=118 auid=4294967295 uid=0 gid=0 euid=0 suid=0 fsuid=0 egid=0 sgid=0 fsgid=0 tty=(none) ses=4294967295 comm="getprop" exe="/system/bin/toolbox_ramdisk" subj=u:r:recovery:s0 key=(null)
[    3.252297] type=1327 audit(1790904972.331:153): proctitle="getprop"
[    3.252497] type=1320 audit(1790904972.331:153): 
[    3.252718] type=1400 audit(1790904972.331:154): avc:  denied  { map } for  comm="getprop" path="/dev/__properties__/u:object_r:charger_prop:s0" dev="tmpfs" ino=62 scontext=u:r:recovery:s0 tcontext=u:object_r:charger_prop:s0 tclass=file permissive=1
[    3.253362] type=1300 audit(1790904972.331:154): arch=c000003e syscall=9 success=yes exit=131825051762688 a0=0 a1=20000 a2=1 a3=1 items=0 ppid=118 auid=4294967295 uid=0 gid=0 euid=0 suid=0 fsuid=0 egid=0 sgid=0 fsgid=0 tty=(none) ses=4294967295 comm="getprop" exe="/system/bin/toolbox_ramdisk" subj=u:r:recovery:s0 key=(null)
[    3.254226] type=1327 audit(1790904972.331:154): proctitle="getprop"
[    3.254439] type=1320 audit(1790904972.331:154): 
[    3.254542] EXT4-fs (vda9): VFS: Can't find ext4 filesystem
[    3.254694] type=1400 audit(1790904972.331:155): avc:  denied  { open } for  comm="getprop" path="/dev/__properties__/u:object_r:charger_status_prop:s0" dev="tmpfs" ino=63 scontext=u:r:recovery:s0 tcontext=u:object_r:charger_status_prop:s0 tclass=file permissive=1
[    3.254717] EXT4-fs (vda9): VFS: Can't find ext4 filesystem
[    3.255255] type=1300 audit(1790904972.331:155): arch=c000003e syscall=257 success=yes exit=3 a0=ffffff9c a1=7ffdde71d140 a2=a0000 a3=0 items=0 ppid=118 auid=4294967295 uid=0 gid=0 euid=0 suid=0 fsuid=0 egid=0 sgid=0 fsgid=0 tty=(none) ses=4294967295 comm="getprop" exe="/system/bin/toolbox_ramdisk" subj=u:r:recovery:s0 key=(null)
[    3.255284] type=1327 audit(1790904972.331:155): proctitle="getprop"
[    3.255965] type=1320 audit(1790904972.331:155): 
[    3.256178] type=1400 audit(1790904972.331:156): avc:  denied  { getattr } for  comm="getprop" path="/dev/__properties__/u:object_r:charger_status_prop:s0" dev="tmpfs" ino=63 scontext=u:r:recovery:s0 tcontext=u:object_r:charger_status_prop:s0 tclass=file permissive=1
[    3.256805] type=1300 audit(1790904972.331:156): arch=c000003e syscall=5 success=yes exit=0 a0=3 a1=7ffdde71d050 a2=a0000 a3=0 items=0 ppid=118 auid=4294967295 uid=0 gid=0 euid=0 suid=0 fsuid=0 egid=0 sgid=0 fsgid=0 tty=(none) ses=4294967295 comm="getprop" exe="/system/bin/toolbox_ramdisk" subj=u:r:recovery:s0 key=(null)
[    3.257672] type=1327 audit(1790904972.331:156): proctitle="getprop"
[    3.257893] type=1320 audit(1790904972.331:156): 
[    3.258087] type=1400 audit(1790904972.335:157): avc:  denied  { map } for  comm="getprop" path="/dev/__properties__/u:object_r:charger_status_prop:s0" dev="tmpfs" ino=63 scontext=u:r:recovery:s0 tcontext=u:object_r:charger_status_prop:s0 tclass=file permissive=1
[    3.258741] type=1300 audit(1790904972.335:157): arch=c000003e syscall=9 success=yes exit=131825051631616 a0=0 a1=20000 a2=1 a3=1 items=0 ppid=118 auid=4294967295 uid=0 gid=0 euid=0 suid=0 fsuid=0 egid=0 sgid=0 fsgid=0 tty=(none) ses=4294967295 comm="getprop" exe="/system/bin/toolbox_ramdisk" subj=u:r:recovery:s0 key=(null)
[    3.259610] type=1327 audit(1790904972.335:157): proctitle="getprop"
[    3.259839] type=1320 audit(1790904972.335:157): 
[    3.260010] type=1400 audit(1790904972.335:158): avc:  denied  { open } for  comm="getprop" path="/dev/__properties__/u:object_r:codec2_config_prop:s0" dev="tmpfs" ino=64 scontext=u:r:recovery:s0 tcontext=u:object_r:codec2_config_prop:s0 tclass=file permissive=1
[    3.261147] type=1300 audit(1790904972.335:158): arch=c000003e syscall=257 success=yes exit=3 a0=ffffff9c a1=7ffdde71d140 a2=a0000 a3=0 items=0 ppid=118 auid=4294967295 uid=0 gid=0 euid=0 suid=0 fsuid=0 egid=0 sgid=0 fsgid=0 tty=(none) ses=4294967295 comm="getprop" exe="/system/bin/toolbox_ramdisk" subj=u:r:recovery:s0 key=(null)
[    3.261821] type=1327 audit(1790904972.335:158): proctitle="getprop"
[    3.261986] type=1320 audit(1790904972.335:158): 
[    3.262145] type=1400 audit(1790904972.335:159): avc:  denied  { getattr } for  comm="getprop" path="/dev/__properties__/u:object_r:codec2_config_prop:s0" dev="tmpfs" ino=64 scontext=u:r:recovery:s0 tcontext=u:object_r:codec2_config_prop:s0 tclass=file permissive=1
[    3.264078] type=1300 audit(1790904972.335:159): arch=c000003e syscall=5 success=yes exit=0 a0=3 a1=7ffdde71d050 a2=a0000 a3=0 items=0 ppid=118 auid=4294967295 uid=0 gid=0 euid=0 suid=0 fsuid=0 egid=0 sgid=0 fsgid=0 tty=(none) ses=4294967295 comm="getprop" exe="/system/bin/toolbox_ramdisk" subj=u:r:recovery:s0 key=(null)
[    3.265364] type=1327 audit(1790904972.335:159): proctitle="getprop"
[    3.265519] type=1320 audit(1790904972.335:159): 
[    3.265745] type=1400 audit(1790904972.335:160): avc:  denied  { map } for  comm="getprop" path="/dev/__properties__/u:object_r:codec2_config_prop:s0" dev="tmpfs" ino=64 scontext=u:r:recovery:s0 tcontext=u:object_r:codec2_config_prop:s0 tclass=file permissive=1
[    3.266439] type=1300 audit(1790904972.335:160): arch=c000003e syscall=9 success=yes exit=131825051500544 a0=0 a1=20000 a2=1 a3=1 items=0 ppid=118 auid=4294967295 uid=0 gid=0 euid=0 suid=0 fsuid=0 egid=0 sgid=0 fsgid=0 tty=(none) ses=4294967295 comm="getprop" exe="/system/bin/toolbox_ramdisk" subj=u:r:recovery:s0 key=(null)
[    3.267032] EXT4-fs (vda9): VFS: Can't find ext4 filesystem
[    3.267197] type=1327 audit(1790904972.335:160): proctitle="getprop"
[    3.267374] EXT4-fs (vda9): VFS: Can't find ext4 filesystem
[    3.267483] type=1320 audit(1790904972.335:160): 
[    3.267769] type=1400 audit(1790904972.335:161): avc:  denied  { open } for  comm="getprop" path="/dev/__properties__/u:object_r:cold_boot_done_prop:s0" dev="tmpfs" ino=65 scontext=u:r:recovery:s0 tcontext=u:object_r:cold_boot_done_prop:s0 tclass=file permissive=1
[    3.268428] type=1300 audit(1790904972.335:161): arch=c000003e syscall=257 success=yes exit=3 a0=ffffff9c a1=7ffdde71d140 a2=a0000 a3=0 items=0 ppid=118 auid=4294967295 uid=0 gid=0 euid=0 suid=0 fsuid=0 egid=0 sgid=0 fsgid=0 tty=(none) ses=4294967295 comm="getprop" exe="/system/bin/toolbox_ramdisk" subj=u:r:recovery:s0 key=(null)
[    3.269195] type=1327 audit(1790904972.335:161): proctitle="getprop"
[    3.269419] type=1320 audit(1790904972.335:161): 
[    3.269544] type=1400 audit(1790904972.335:162): avc:  denied  { getattr } for  comm="getprop" path="/dev/__properties__/u:object_r:cold_boot_done_prop:s0" dev="tmpfs" ino=65 scontext=u:r:recovery:s0 tcontext=u:object_r:cold_boot_done_prop:s0 tclass=file permissive=1
[    3.270152] type=1300 audit(1790904972.335:162): arch=c000003e syscall=5 success=yes exit=0 a0=3 a1=7ffdde71d050 a2=a0000 a3=0 items=0 ppid=118 auid=4294967295 uid=0 gid=0 euid=0 suid=0 fsuid=0 egid=0 sgid=0 fsgid=0 tty=(none) ses=4294967295 comm="getprop" exe="/system/bin/toolbox_ramdisk" subj=u:r:recovery:s0 key=(null)
[    3.271149] type=1327 audit(1790904972.335:162): proctitle="getprop"
[    3.271355] type=1320 audit(1790904972.335:162): 
[    3.271521] type=1400 audit(1790904972.335:163): avc:  denied  { map } for  comm="getprop" path="/dev/__properties__/u:object_r:cold_boot_done_prop:s0" dev="tmpfs" ino=65 scontext=u:r:recovery:s0 tcontext=u:object_r:cold_boot_done_prop:s0 tclass=file permissive=1
[    3.272136] type=1300 audit(1790904972.335:163): arch=c000003e syscall=9 success=yes exit=131825051369472 a0=0 a1=20000 a2=1 a3=1 items=0 ppid=118 auid=4294967295 uid=0 gid=0 euid=0 suid=0 fsuid=0 egid=0 sgid=0 fsgid=0 tty=(none) ses=4294967295 comm="getprop" exe="/system/bin/toolbox_ramdisk" subj=u:r:recovery:s0 key=(null)
[    3.272665] type=1327 audit(1790904972.335:163): proctitle="getprop"
[    3.272791] type=1320 audit(1790904972.335:163): 
[    3.272895] type=1400 audit(1790904972.335:164): avc:  denied  { open } for  comm="getprop" path="/dev/__properties__/u:object_r:composd_vm_art_prop:s0" dev="tmpfs" ino=66 scontext=u:r:recovery:s0 tcontext=u:object_r:composd_vm_art_prop:s0 tclass=file permissive=1
[    3.273435] type=1300 audit(1790904972.335:164): arch=c000003e syscall=257 success=yes exit=3 a0=ffffff9c a1=7ffdde71d140 a2=a0000 a3=0 items=0 ppid=118 auid=4294967295 uid=0 gid=0 euid=0 suid=0 fsuid=0 egid=0 sgid=0 fsgid=0 tty=(none) ses=4294967295 comm="getprop" exe="/system/bin/toolbox_ramdisk" subj=u:r:recovery:s0 key=(null)
[    3.273486] EXT4-fs (vda9): VFS: Can't find ext4 filesystem
[    3.274361] EXT4-fs (vda9): VFS: Can't find ext4 filesystem
[    3.274369] type=1327 audit(1790904972.335:164): proctitle="getprop"
[    3.274775] type=1320 audit(1790904972.335:164): 
[    3.275124] type=1400 audit(1790904972.335:165): avc:  denied  { getattr } for  comm="getprop" path="/dev/__properties__/u:object_r:composd_vm_art_prop:s0" dev="tmpfs" ino=66 scontext=u:r:recovery:s0 tcontext=u:object_r:composd_vm_art_prop:s0 tclass=file permissive=1
[    3.277051] type=1300 audit(1790904972.335:165): arch=c000003e syscall=5 success=yes exit=0 a0=3 a1=7ffdde71d050 a2=a0000 a3=0 items=0 ppid=118 auid=4294967295 uid=0 gid=0 euid=0 suid=0 fsuid=0 egid=0 sgid=0 fsgid=0 tty=(none) ses=4294967295 comm="getprop" exe="/system/bin/toolbox_ramdisk" subj=u:r:recovery:s0 key=(null)
[    3.277798] type=1327 audit(1790904972.335:165): proctitle="getprop"
[    3.277964] type=1320 audit(1790904972.335:165): 
[    3.278141] type=1400 audit(1790904972.335:166): avc:  denied  { map } for  comm="getprop" path="/dev/__properties__/u:object_r:composd_vm_art_prop:s0" dev="tmpfs" ino=66 scontext=u:r:recovery:s0 tcontext=u:object_r:composd_vm_art_prop:s0 tclass=file permissive=1
[    3.278773] type=1300 audit(1790904972.335:166): arch=c000003e syscall=9 success=yes exit=131825051238400 a0=0 a1=20000 a2=1 a3=1 items=0 ppid=118 auid=4294967295 uid=0 gid=0 euid=0 suid=0 fsuid=0 egid=0 sgid=0 fsgid=0 tty=(none) ses=4294967295 comm="getprop" exe="/system/bin/toolbox_ramdisk" subj=u:r:recovery:s0 key=(null)
[    3.279553] type=1327 audit(1790904972.335:166): proctitle="getprop"
[    3.279753] type=1320 audit(1790904972.335:166): 
[    3.279915] type=1400 audit(1790904972.335:167): avc:  denied  { open } for  comm="getprop" path="/dev/__properties__/u:object_r:composd_vm_vendor_prop:s0" dev="tmpfs" ino=67 scontext=u:r:recovery:s0 tcontext=u:object_r:composd_vm_vendor_prop:s0 tclass=file permissive=1
[    3.280544] EXT4-fs (vda9): VFS: Can't find ext4 filesystem
[    3.280689] EXT4-fs (vda9): VFS: Can't find ext4 filesystem
[    3.281131] type=1300 audit(1790904972.335:167): arch=c000003e syscall=257 success=yes exit=3 a0=ffffff9c a1=7ffdde71d140 a2=a0000 a3=0 items=0 ppid=118 auid=4294967295 uid=0 gid=0 euid=0 suid=0 fsuid=0 egid=0 sgid=0 fsgid=0 tty=(none) ses=4294967295 comm="getprop" exe="/system/bin/toolbox_ramdisk" subj=u:r:recovery:s0 key=(null)
[    3.282055] type=1327 audit(1790904972.335:167): proctitle="getprop"
[    3.282653] type=1320 audit(1790904972.335:167): 
[    3.282830] type=1400 audit(1790904972.335:168): avc:  denied  { getattr } for  comm="getprop" path="/dev/__properties__/u:object_r:composd_vm_vendor_prop:s0" dev="tmpfs" ino=67 scontext=u:r:recovery:s0 tcontext=u:object_r:composd_vm_vendor_prop:s0 tclass=file permissive=1
[    3.283460] type=1300 audit(1790904972.335:168): arch=c000003e syscall=5 success=yes exit=0 a0=3 a1=7ffdde71d050 a2=a0000 a3=0 items=0 ppid=118 auid=4294967295 uid=0 gid=0 euid=0 suid=0 fsuid=0 egid=0 sgid=0 fsgid=0 tty=(none) ses=4294967295 comm="getprop" exe="/system/bin/toolbox_ramdisk" subj=u:r:recovery:s0 key=(null)
[    3.284286] type=1327 audit(1790904972.335:168): proctitle="getprop"
[    3.285040] type=1320 audit(1790904972.335:168): 
[    3.285342] type=1400 audit(1790904972.335:169): avc:  denied  { map } for  comm="getprop" path="/dev/__properties__/u:object_r:composd_vm_vendor_prop:s0" dev="tmpfs" ino=67 scontext=u:r:recovery:s0 tcontext=u:object_r:composd_vm_vendor_prop:s0 tclass=file permissive=1
[    3.285971] type=1300 audit(1790904972.335:169): arch=c000003e syscall=9 success=yes exit=131825051107328 a0=0 a1=20000 a2=1 a3=1 items=0 ppid=118 auid=4294967295 uid=0 gid=0 euid=0 suid=0 fsuid=0 egid=0 sgid=0 fsgid=0 tty=(none) ses=4294967295 comm="getprop" exe="/system/bin/toolbox_ramdisk" subj=u:r:recovery:s0 key=(null)
[    3.286770] type=1327 audit(1790904972.335:169): proctitle="getprop"
[    3.286951] type=1320 audit(1790904972.335:169): 
[    3.287127] type=1400 audit(1790904972.335:170): avc:  denied  { open } for  comm="getprop" path="/dev/__properties__/u:object_r:cpu_variant_prop:s0" dev="tmpfs" ino=70 scontext=u:r:recovery:s0 tcontext=u:object_r:cpu_variant_prop:s0 tclass=file permissive=1
[    3.287856] type=1300 audit(1790904972.335:170): arch=c000003e syscall=257 success=yes exit=3 a0=ffffff9c a1=7ffdde71d140 a2=a0000 a3=0 items=0 ppid=118 auid=4294967295 uid=0 gid=0 euid=0 suid=0 fsuid=0 egid=0 sgid=0 fsgid=0 tty=(none) ses=4294967295 comm="getprop" exe="/system/bin/toolbox_ramdisk" subj=u:r:recovery:s0 key=(null)
[    3.288755] type=1327 audit(1790904972.335:170): proctitle="getprop"
[    3.288953] type=1320 audit(1790904972.335:170): 
[    3.289173] type=1400 audit(1790904972.335:171): avc:  denied  { getattr } for  comm="getprop" path="/dev/__properties__/u:object_r:cpu_variant_prop:s0" dev="tmpfs" ino=70 scontext=u:r:recovery:s0 tcontext=u:object_r:cpu_variant_prop:s0 tclass=file permissive=1
[    3.289937] type=1300 audit(1790904972.335:171): arch=c000003e syscall=5 success=yes exit=0 a0=3 a1=7ffdde71d050 a2=a0000 a3=0 items=0 ppid=118 auid=4294967295 uid=0 gid=0 euid=0 suid=0 fsuid=0 egid=0 sgid=0 fsgid=0 tty=(none) ses=4294967295 comm="getprop" exe="/system/bin/toolbox_ramdisk" subj=u:r:recovery:s0 key=(null)
[    3.290660] type=1327 audit(1790904972.335:171): proctitle="getprop"
[    3.290897] type=1320 audit(1790904972.335:171): 
[    3.291156] type=1400 audit(1790904972.335:172): avc:  denied  { map } for  comm="getprop" path="/dev/__properties__/u:object_r:cpu_variant_prop:s0" dev="tmpfs" ino=70 scontext=u:r:recovery:s0 tcontext=u:object_r:cpu_variant_prop:s0 tclass=file permissive=1
[    3.291826] type=1300 audit(1790904972.335:172): arch=c000003e syscall=9 success=yes exit=131825050714112 a0=0 a1=20000 a2=1 a3=1 items=0 ppid=118 auid=4294967295 uid=0 gid=0 euid=0 suid=0 fsuid=0 egid=0 sgid=0 fsgid=0 tty=(none) ses=4294967295 comm="getprop" exe="/system/bin/toolbox_ramdisk" subj=u:r:recovery:s0 key=(null)
[    3.293689] EXT4-fs (vda9): VFS: Can't find ext4 filesystem
[    3.293850] type=1327 audit(1790904972.335:172): proctitle="getprop"
[    3.294067] type=1320 audit(1790904972.335:172): 
[    3.294243] type=1400 audit(1790904972.335:173): avc:  denied  { open } for  comm="getprop" path="/dev/__properties__/u:object_r:crashrecovery_prop:s0" dev="tmpfs" ino=71 scontext=u:r:recovery:s0 tcontext=u:object_r:crashrecovery_prop:s0 tclass=file permissive=1
[    3.294666] type=1300 audit(1790904972.335:173): arch=c000003e syscall=257 success=yes exit=3 a0=ffffff9c a1=7ffdde71d140 a2=a0000 a3=0 items=0 ppid=118 auid=4294967295 uid=0 gid=0 euid=0 suid=0 fsuid=0 egid=0 sgid=0 fsgid=0 tty=(none) ses=4294967295 comm="getprop" exe="/system/bin/toolbox_ramdisk" subj=u:r:recovery:s0 key=(null)
[    3.295634] type=1327 audit(1790904972.335:173): proctitle="getprop"
[    3.295796] type=1320 audit(1790904972.335:173): 
[    3.295963] type=1400 audit(1790904972.335:174): avc:  denied  { getattr } for  comm="getprop" path="/dev/__properties__/u:object_r:crashrecovery_prop:s0" dev="tmpfs" ino=71 scontext=u:r:recovery:s0 tcontext=u:object_r:crashrecovery_prop:s0 tclass=file permissive=1
[    3.296413] type=1300 audit(1790904972.335:174): arch=c000003e syscall=5 success=yes exit=0 a0=3 a1=7ffdde71d050 a2=a0000 a3=0 items=0 ppid=118 auid=4294967295 uid=0 gid=0 euid=0 suid=0 fsuid=0 egid=0 sgid=0 fsgid=0 tty=(none) ses=4294967295 comm="getprop" exe="/system/bin/toolbox_ramdisk" subj=u:r:recovery:s0 key=(null)
[    3.297489] EXT4-fs (vda9): VFS: Can't find ext4 filesystem
[    3.298281] type=1327 audit(1790904972.335:174): proctitle="getprop"
[    3.298527] type=1320 audit(1790904972.335:174): 
[    3.298694] type=1400 audit(1790904972.335:175): avc:  denied  { map } for  comm="getprop" path="/dev/__properties__/u:object_r:crashrecovery_prop:s0" dev="tmpfs" ino=71 scontext=u:r:recovery:s0 tcontext=u:object_r:crashrecovery_prop:s0 tclass=file permissive=1
[    3.299277] type=1300 audit(1790904972.335:175): arch=c000003e syscall=9 success=yes exit=131825050583040 a0=0 a1=20000 a2=1 a3=1 items=0 ppid=118 auid=4294967295 uid=0 gid=0 euid=0 suid=0 fsuid=0 egid=0 sgid=0 fsgid=0 tty=(none) ses=4294967295 comm="getprop" exe="/system/bin/toolbox_ramdisk" subj=u:r:recovery:s0 key=(null)
[    3.299909] type=1327 audit(1790904972.335:175): proctitle="getprop"
[    3.300087] type=1320 audit(1790904972.335:175): 
[    3.300232] type=1400 audit(1790904972.335:176): avc:  denied  { open } for  comm="getprop" path="/dev/__properties__/u:object_r:ctl_adbd_prop:s0" dev="tmpfs" ino=72 scontext=u:r:recovery:s0 tcontext=u:object_r:ctl_adbd_prop:s0 tclass=file permissive=1
[    3.301087] type=1300 audit(1790904972.335:176): arch=c000003e syscall=257 success=yes exit=3 a0=ffffff9c a1=7ffdde71d140 a2=a0000 a3=0 items=0 ppid=118 auid=4294967295 uid=0 gid=0 euid=0 suid=0 fsuid=0 egid=0 sgid=0 fsgid=0 tty=(none) ses=4294967295 comm="getprop" exe="/system/bin/toolbox_ramdisk" subj=u:r:recovery:s0 key=(null)
[    3.301752] type=1327 audit(1790904972.335:176): proctitle="getprop"
[    3.301921] type=1320 audit(1790904972.335:176): 
[    3.302069] type=1400 audit(1790904972.335:177): avc:  denied  { getattr } for  comm="getprop" path="/dev/__properties__/u:object_r:ctl_adbd_prop:s0" dev="tmpfs" ino=72 scontext=u:r:recovery:s0 tcontext=u:object_r:ctl_adbd_prop:s0 tclass=file permissive=1
[    3.302598] type=1300 audit(1790904972.335:177): arch=c000003e syscall=5 success=yes exit=0 a0=3 a1=7ffdde71d050 a2=a0000 a3=0 items=0 ppid=118 auid=4294967295 uid=0 gid=0 euid=0 suid=0 fsuid=0 egid=0 sgid=0 fsgid=0 tty=(none) ses=4294967295 comm="getprop" exe="/system/bin/toolbox_ramdisk" subj=u:r:recovery:s0 key=(null)
[    3.303229] type=1327 audit(1790904972.335:177): proctitle="getprop"
[    3.303373] type=1320 audit(1790904972.335:177): 
[    3.303501] type=1400 audit(1790904972.335:178): avc:  denied  { map } for  comm="getprop" path="/dev/__properties__/u:object_r:ctl_adbd_prop:s0" dev="tmpfs" ino=72 scontext=u:r:recovery:s0 tcontext=u:object_r:ctl_adbd_prop:s0 tclass=file permissive=1
[    3.304058] type=1300 audit(1790904972.335:178): arch=c000003e syscall=9 success=yes exit=131825050451968 a0=0 a1=20000 a2=1 a3=1 items=0 ppid=118 auid=4294967295 uid=0 gid=0 euid=0 suid=0 fsuid=0 egid=0 sgid=0 fsgid=0 tty=(none) ses=4294967295 comm="getprop" exe="/system/bin/toolbox_ramdisk" subj=u:r:recovery:s0 key=(null)
[    3.304928] type=1327 audit(1790904972.335:178): proctitle="getprop"
[    3.305080] type=1320 audit(1790904972.335:178): 
[    3.305240] type=1400 audit(1790904972.335:179): avc:  denied  { open } for  comm="getprop" path="/dev/__properties__/u:object_r:ctl_apex_load_prop:s0" dev="tmpfs" ino=73 scontext=u:r:recovery:s0 tcontext=u:object_r:ctl_apex_load_prop:s0 tclass=file permissive=1
[    3.306342] type=1300 audit(1790904972.335:179): arch=c000003e syscall=257 success=yes exit=3 a0=ffffff9c a1=7ffdde71d140 a2=a0000 a3=0 items=0 ppid=118 auid=4294967295 uid=0 gid=0 euid=0 suid=0 fsuid=0 egid=0 sgid=0 fsgid=0 tty=(none) ses=4294967295 comm="getprop" exe="/system/bin/toolbox_ramdisk" subj=u:r:recovery:s0 key=(null)
[    3.307446] type=1327 audit(1790904972.335:179): proctitle="getprop"
[    3.307582] type=1320 audit(1790904972.335:179): 
[    3.307679] type=1400 audit(1790904972.335:180): avc:  denied  { getattr } for  comm="getprop" path="/dev/__properties__/u:object_r:ctl_apex_load_prop:s0" dev="tmpfs" ino=73 scontext=u:r:recovery:s0 tcontext=u:object_r:ctl_apex_load_prop:s0 tclass=file permissive=1
[    3.308028] type=1300 audit(1790904972.335:180): arch=c000003e syscall=5 success=yes exit=0 a0=3 a1=7ffdde71d050 a2=a0000 a3=0 items=0 ppid=118 auid=4294967295 uid=0 gid=0 euid=0 suid=0 fsuid=0 egid=0 sgid=0 fsgid=0 tty=(none) ses=4294967295 comm="getprop" exe="/system/bin/toolbox_ramdisk" subj=u:r:recovery:s0 key=(null)
[    3.308492] type=1327 audit(1790904972.335:180): proctitle="getprop"
[    3.309202] type=1320 audit(1790904972.335:180): 
[    3.309355] type=1400 audit(1790904972.335:181): avc:  denied  { map } for  comm="getprop" path="/dev/__properties__/u:object_r:ctl_apex_load_prop:s0" dev="tmpfs" ino=73 scontext=u:r:recovery:s0 tcontext=u:object_r:ctl_apex_load_prop:s0 tclass=file permissive=1
[    3.309711] type=1300 audit(1790904972.335:181): arch=c000003e syscall=9 success=yes exit=131825050320896 a0=0 a1=20000 a2=1 a3=1 items=0 ppid=118 auid=4294967295 uid=0 gid=0 euid=0 suid=0 fsuid=0 egid=0 sgid=0 fsgid=0 tty=(none) ses=4294967295 comm="getprop" exe="/system/bin/toolbox_ramdisk" subj=u:r:recovery:s0 key=(null)
[    3.310196] type=1327 audit(1790904972.335:181): proctitle="getprop"
[    3.310314] type=1320 audit(1790904972.335:181): 
[    3.310416] type=1400 audit(1790904972.335:182): avc:  denied  { open } for  comm="getprop" path="/dev/__properties__/u:object_r:ctl_apexd_prop:s0" dev="tmpfs" ino=74 scontext=u:r:recovery:s0 tcontext=u:object_r:ctl_apexd_prop:s0 tclass=file permissive=1
[    3.310784] type=1300 audit(1790904972.335:182): arch=c000003e syscall=257 success=yes exit=3 a0=ffffff9c a1=7ffdde71d140 a2=a0000 a3=0 items=0 ppid=118 auid=4294967295 uid=0 gid=0 euid=0 suid=0 fsuid=0 egid=0 sgid=0 fsgid=0 tty=(none) ses=4294967295 comm="getprop" exe="/system/bin/toolbox_ramdisk" subj=u:r:recovery:s0 key=(null)
[    3.311273] type=1327 audit(1790904972.335:182): proctitle="getprop"
[    3.311390] type=1320 audit(1790904972.335:182): 
[    3.311488] type=1400 audit(1790904972.335:183): avc:  denied  { getattr } for  comm="getprop" path="/dev/__properties__/u:object_r:ctl_apexd_prop:s0" dev="tmpfs" ino=74 scontext=u:r:recovery:s0 tcontext=u:object_r:ctl_apexd_prop:s0 tclass=file permissive=1
[    3.311862] type=1300 audit(1790904972.335:183): arch=c000003e syscall=5 success=yes exit=0 a0=3 a1=7ffdde71d050 a2=a0000 a3=0 items=0 ppid=118 auid=4294967295 uid=0 gid=0 euid=0 suid=0 fsuid=0 egid=0 sgid=0 fsgid=0 tty=(none) ses=4294967295 comm="getprop" exe="/system/bin/toolbox_ramdisk" subj=u:r:recovery:s0 key=(null)
[    3.312317] type=1327 audit(1790904972.335:183): proctitle="getprop"
[    3.312432] type=1320 audit(1790904972.335:183): 
[    3.312530] type=1400 audit(1790904972.335:184): avc:  denied  { map } for  comm="getprop" path="/dev/__properties__/u:object_r:ctl_apexd_prop:s0" dev="tmpfs" ino=74 scontext=u:r:recovery:s0 tcontext=u:object_r:ctl_apexd_prop:s0 tclass=file permissive=1
[    3.312954] type=1300 audit(1790904972.335:184): arch=c000003e syscall=9 success=yes exit=131825050189824 a0=0 a1=20000 a2=1 a3=1 items=0 ppid=118 auid=4294967295 uid=0 gid=0 euid=0 suid=0 fsuid=0 egid=0 sgid=0 fsgid=0 tty=(none) ses=4294967295 comm="getprop" exe="/system/bin/toolbox_ramdisk" subj=u:r:recovery:s0 key=(null)
[    3.313435] type=1327 audit(1790904972.335:184): proctitle="getprop"
[    3.313550] type=1320 audit(1790904972.335:184): 
[    3.313648] type=1400 audit(1790904972.335:185): avc:  denied  { open } for  comm="getprop" path="/dev/__properties__/u:object_r:ctl_artd_pre_reboot_prop:s0" dev="tmpfs" ino=75 scontext=u:r:recovery:s0 tcontext=u:object_r:ctl_artd_pre_reboot_prop:s0 tclass=file permissive=1
[    3.315689] type=1300 audit(1790904972.335:185): arch=c000003e syscall=257 success=yes exit=3 a0=ffffff9c a1=7ffdde71d140 a2=a0000 a3=0 items=0 ppid=118 auid=4294967295 uid=0 gid=0 euid=0 suid=0 fsuid=0 egid=0 sgid=0 fsgid=0 tty=(none) ses=4294967295 comm="getprop" exe="/system/bin/toolbox_ramdisk" subj=u:r:recovery:s0 key=(null)
[    3.316739] type=1327 audit(1790904972.335:185): proctitle="getprop"
[    3.316865] type=1320 audit(1790904972.335:185): 
[    3.316984] type=1400 audit(1790904972.335:186): avc:  denied  { getattr } for  comm="getprop" path="/dev/__properties__/u:object_r:ctl_artd_pre_reboot_prop:s0" dev="tmpfs" ino=75 scontext=u:r:recovery:s0 tcontext=u:object_r:ctl_artd_pre_reboot_prop:s0 tclass=file permissive=1
[    3.317395] type=1300 audit(1790904972.335:186): arch=c000003e syscall=5 success=yes exit=0 a0=3 a1=7ffdde71d050 a2=a0000 a3=0 items=0 ppid=118 auid=4294967295 uid=0 gid=0 euid=0 suid=0 fsuid=0 egid=0 sgid=0 fsgid=0 tty=(none) ses=4294967295 comm="getprop" exe="/system/bin/toolbox_ramdisk" subj=u:r:recovery:s0 key=(null)
[    3.317848] type=1327 audit(1790904972.335:186): proctitle="getprop"
[    3.317964] type=1320 audit(1790904972.335:186): 
[    3.318065] type=1400 audit(1790904972.335:187): avc:  denied  { map } for  comm="getprop" path="/dev/__properties__/u:object_r:ctl_artd_pre_reboot_prop:s0" dev="tmpfs" ino=75 scontext=u:r:recovery:s0 tcontext=u:object_r:ctl_artd_pre_reboot_prop:s0 tclass=file permissive=1
[    3.318484] type=1300 audit(1790904972.335:187): arch=c000003e syscall=9 success=yes exit=131825050058752 a0=0 a1=20000 a2=1 a3=1 items=0 ppid=118 auid=4294967295 uid=0 gid=0 euid=0 suid=0 fsuid=0 egid=0 sgid=0 fsgid=0 tty=(none) ses=4294967295 comm="getprop" exe="/system/bin/toolbox_ramdisk" subj=u:r:recovery:s0 key=(null)
[    3.318942] type=1327 audit(1790904972.335:187): proctitle="getprop"
[    3.319057] type=1320 audit(1790904972.335:187): 
[    3.319182] type=1400 audit(1790904972.335:188): avc:  denied  { open } for  comm="getprop" path="/dev/__properties__/u:object_r:ctl_bootanim_prop:s0" dev="tmpfs" ino=76 scontext=u:r:recovery:s0 tcontext=u:object_r:ctl_bootanim_prop:s0 tclass=file permissive=1
[    3.319559] type=1300 audit(1790904972.335:188): arch=c000003e syscall=257 success=yes exit=3 a0=ffffff9c a1=7ffdde71d140 a2=a0000 a3=0 items=0 ppid=118 auid=4294967295 uid=0 gid=0 euid=0 suid=0 fsuid=0 egid=0 sgid=0 fsgid=0 tty=(none) ses=4294967295 comm="getprop" exe="/system/bin/toolbox_ramdisk" subj=u:r:recovery:s0 key=(null)
[    3.320034] type=1327 audit(1790904972.335:188): proctitle="getprop"
[    3.320187] type=1320 audit(1790904972.335:188): 
[    3.320304] type=1400 audit(1790904972.335:189): avc:  denied  { getattr } for  comm="getprop" path="/dev/__properties__/u:object_r:ctl_bootanim_prop:s0" dev="tmpfs" ino=76 scontext=u:r:recovery:s0 tcontext=u:object_r:ctl_bootanim_prop:s0 tclass=file permissive=1
[    3.320709] type=1300 audit(1790904972.335:189): arch=c000003e syscall=5 success=yes exit=0 a0=3 a1=7ffdde71d050 a2=a0000 a3=0 items=0 ppid=118 auid=4294967295 uid=0 gid=0 euid=0 suid=0 fsuid=0 egid=0 sgid=0 fsgid=0 tty=(none) ses=4294967295 comm="getprop" exe="/system/bin/toolbox_ramdisk" subj=u:r:recovery:s0 key=(null)
[    3.321180] type=1327 audit(1790904972.335:189): proctitle="getprop"
[    3.321295] type=1320 audit(1790904972.335:189): 
[    3.321393] type=1400 audit(1790904972.335:190): avc:  denied  { map } for  comm="getprop" path="/dev/__properties__/u:object_r:ctl_bootanim_prop:s0" dev="tmpfs" ino=76 scontext=u:r:recovery:s0 tcontext=u:object_r:ctl_bootanim_prop:s0 tclass=file permissive=1
[    3.321773] type=1300 audit(1790904972.335:190): arch=c000003e syscall=9 success=yes exit=131825049927680 a0=0 a1=20000 a2=1 a3=1 items=0 ppid=118 auid=4294967295 uid=0 gid=0 euid=0 suid=0 fsuid=0 egid=0 sgid=0 fsgid=0 tty=(none) ses=4294967295 comm="getprop" exe="/system/bin/toolbox_ramdisk" subj=u:r:recovery:s0 key=(null)
[    3.322841] type=1327 audit(1790904972.335:190): proctitle="getprop"
[    3.322953] type=1320 audit(1790904972.335:190): 
[    3.323084] type=1400 audit(1790904972.335:191): avc:  denied  { open } for  comm="getprop" path="/dev/__properties__/u:object_r:ctl_bugreport_prop:s0" dev="tmpfs" ino=77 scontext=u:r:recovery:s0 tcontext=u:object_r:ctl_bugreport_prop:s0 tclass=file permissive=1
[    3.323469] type=1300 audit(1790904972.335:191): arch=c000003e syscall=257 success=yes exit=3 a0=ffffff9c a1=7ffdde71d140 a2=a0000 a3=0 items=0 ppid=118 auid=4294967295 uid=0 gid=0 euid=0 suid=0 fsuid=0 egid=0 sgid=0 fsgid=0 tty=(none) ses=4294967295 comm="getprop" exe="/system/bin/toolbox_ramdisk" subj=u:r:recovery:s0 key=(null)
[    3.323896] type=1327 audit(1790904972.335:191): proctitle="getprop"
[    3.324005] type=1320 audit(1790904972.335:191): 
[    3.324134] type=1400 audit(1790904972.335:192): avc:  denied  { getattr } for  comm="getprop" path="/dev/__properties__/u:object_r:ctl_bugreport_prop:s0" dev="tmpfs" ino=77 scontext=u:r:recovery:s0 tcontext=u:object_r:ctl_bugreport_prop:s0 tclass=file permissive=1
[    3.325040] type=1300 audit(1790904972.335:192): arch=c000003e syscall=5 success=yes exit=0 a0=3 a1=7ffdde71d050 a2=a0000 a3=0 items=0 ppid=118 auid=4294967295 uid=0 gid=0 euid=0 suid=0 fsuid=0 egid=0 sgid=0 fsgid=0 tty=(none) ses=4294967295 comm="getprop" exe="/system/bin/toolbox_ramdisk" subj=u:r:recovery:s0 key=(null)
[    3.325530] type=1327 audit(1790904972.335:192): proctitle="getprop"
[    3.325648] type=1320 audit(1790904972.335:192): 
[    3.325750] type=1400 audit(1790904972.335:193): avc:  denied  { map } for  comm="getprop" path="/dev/__properties__/u:object_r:ctl_bugreport_prop:s0" dev="tmpfs" ino=77 scontext=u:r:recovery:s0 tcontext=u:object_r:ctl_bugreport_prop:s0 tclass=file permissive=1
[    3.326136] type=1300 audit(1790904972.335:193): arch=c000003e syscall=9 success=yes exit=131825049796608 a0=0 a1=20000 a2=1 a3=1 items=0 ppid=118 auid=4294967295 uid=0 gid=0 euid=0 suid=0 fsuid=0 egid=0 sgid=0 fsgid=0 tty=(none) ses=4294967295 comm="getprop" exe="/system/bin/toolbox_ramdisk" subj=u:r:recovery:s0 key=(null)
[    3.326572] type=1327 audit(1790904972.335:193): proctitle="getprop"
[    3.326703] type=1320 audit(1790904972.335:193): 
[    3.326804] type=1400 audit(1790904972.335:194): avc:  denied  { open } for  comm="getprop" path="/dev/__properties__/u:object_r:ctl_console_prop:s0" dev="tmpfs" ino=78 scontext=u:r:recovery:s0 tcontext=u:object_r:ctl_console_prop:s0 tclass=file permissive=1
[    3.327143] type=1300 audit(1790904972.335:194): arch=c000003e syscall=257 success=yes exit=3 a0=ffffff9c a1=7ffdde71d140 a2=a0000 a3=0 items=0 ppid=118 auid=4294967295 uid=0 gid=0 euid=0 suid=0 fsuid=0 egid=0 sgid=0 fsgid=0 tty=(none) ses=4294967295 comm="getprop" exe="/system/bin/toolbox_ramdisk" subj=u:r:recovery:s0 key=(null)
[    3.327560] type=1327 audit(1790904972.335:194): proctitle="getprop"
[    3.327675] type=1320 audit(1790904972.335:194): 
[    3.327771] type=1400 audit(1790904972.335:195): avc:  denied  { getattr } for  comm="getprop" path="/dev/__properties__/u:object_r:ctl_console_prop:s0" dev="tmpfs" ino=78 scontext=u:r:recovery:s0 tcontext=u:object_r:ctl_console_prop:s0 tclass=file permissive=1
[    3.328124] type=1300 audit(1790904972.335:195): arch=c000003e syscall=5 success=yes exit=0 a0=3 a1=7ffdde71d050 a2=a0000 a3=0 items=0 ppid=118 auid=4294967295 uid=0 gid=0 euid=0 suid=0 fsuid=0 egid=0 sgid=0 fsgid=0 tty=(none) ses=4294967295 comm="getprop" exe="/system/bin/toolbox_ramdisk" subj=u:r:recovery:s0 key=(null)
[    3.329147] type=1327 audit(1790904972.335:195): proctitle="getprop"
[    3.329301] type=1320 audit(1790904972.335:195): 
[    3.329475] type=1400 audit(1790904972.335:196): avc:  denied  { map } for  comm="getprop" path="/dev/__properties__/u:object_r:ctl_console_prop:s0" dev="tmpfs" ino=78 scontext=u:r:recovery:s0 tcontext=u:object_r:ctl_console_prop:s0 tclass=file permissive=1
[    3.329908] type=1300 audit(1790904972.335:196): arch=c000003e syscall=9 success=yes exit=131825049665536 a0=0 a1=20000 a2=1 a3=1 items=0 ppid=118 auid=4294967295 uid=0 gid=0 euid=0 suid=0 fsuid=0 egid=0 sgid=0 fsgid=0 tty=(none) ses=4294967295 comm="getprop" exe="/system/bin/toolbox_ramdisk" subj=u:r:recovery:s0 key=(null)
[    3.330442] type=1327 audit(1790904972.335:196): proctitle="getprop"
[    3.330597] type=1320 audit(1790904972.335:196): 
[    3.330725] type=1400 audit(1790904972.335:197): avc:  denied  { open } for  comm="getprop" path="/dev/__properties__/u:object_r:ctl_default_prop:s0" dev="tmpfs" ino=79 scontext=u:r:recovery:s0 tcontext=u:object_r:ctl_default_prop:s0 tclass=file permissive=1
[    3.331152] type=1300 audit(1790904972.335:197): arch=c000003e syscall=257 success=yes exit=3 a0=ffffff9c a1=7ffdde71d140 a2=a0000 a3=0 items=0 ppid=118 auid=4294967295 uid=0 gid=0 euid=0 suid=0 fsuid=0 egid=0 sgid=0 fsgid=0 tty=(none) ses=4294967295 comm="getprop" exe="/system/bin/toolbox_ramdisk" subj=u:r:recovery:s0 key=(null)
[    3.331804] type=1327 audit(1790904972.335:197): proctitle="getprop"
[    3.331961] type=1320 audit(1790904972.335:197): 
[    3.332080] type=1400 audit(1790904972.335:198): avc:  denied  { getattr } for  comm="getprop" path="/dev/__properties__/u:object_r:ctl_default_prop:s0" dev="tmpfs" ino=79 scontext=u:r:recovery:s0 tcontext=u:object_r:ctl_default_prop:s0 tclass=file permissive=1
[    3.332535] type=1300 audit(1790904972.335:198): arch=c000003e syscall=5 success=yes exit=0 a0=3 a1=7ffdde71d050 a2=a0000 a3=0 items=0 ppid=118 auid=4294967295 uid=0 gid=0 euid=0 suid=0 fsuid=0 egid=0 sgid=0 fsgid=0 tty=(none) ses=4294967295 comm="getprop" exe="/system/bin/toolbox_ramdisk" subj=u:r:recovery:s0 key=(null)
[    3.333264] type=1327 audit(1790904972.335:198): proctitle="getprop"
[    3.333444] type=1320 audit(1790904972.335:198): 
[    3.333588] type=1400 audit(1790904972.335:199): avc:  denied  { map } for  comm="getprop" path="/dev/__properties__/u:object_r:ctl_default_prop:s0" dev="tmpfs" ino=79 scontext=u:r:recovery:s0 tcontext=u:object_r:ctl_default_prop:s0 tclass=file permissive=1
[    3.333983] type=1300 audit(1790904972.335:199): arch=c000003e syscall=9 success=yes exit=131825049534464 a0=0 a1=20000 a2=1 a3=1 items=0 ppid=118 auid=4294967295 uid=0 gid=0 euid=0 suid=0 fsuid=0 egid=0 sgid=0 fsgid=0 tty=(none) ses=4294967295 comm="getprop" exe="/system/bin/toolbox_ramdisk" subj=u:r:recovery:s0 key=(null)
[    3.334401] type=1327 audit(1790904972.335:199): proctitle="getprop"
[    3.335022] type=1320 audit(1790904972.335:199): 
[    3.335237] type=1400 audit(1790904972.335:200): avc:  denied  { open } for  comm="getprop" path="/dev/__properties__/u:object_r:ctl_dumpstate_prop:s0" dev="tmpfs" ino=80 scontext=u:r:recovery:s0 tcontext=u:object_r:ctl_dumpstate_prop:s0 tclass=file permissive=1
[    3.335581] type=1300 audit(1790904972.335:200): arch=c000003e syscall=257 success=yes exit=3 a0=ffffff9c a1=7ffdde71d140 a2=a0000 a3=0 items=0 ppid=118 auid=4294967295 uid=0 gid=0 euid=0 suid=0 fsuid=0 egid=0 sgid=0 fsgid=0 tty=(none) ses=4294967295 comm="getprop" exe="/system/bin/toolbox_ramdisk" subj=u:r:recovery:s0 key=(null)
[    3.336089] type=1327 audit(1790904972.335:200): proctitle="getprop"
[    3.336255] type=1320 audit(1790904972.335:200): 
[    3.336385] type=1400 audit(1790904972.335:201): avc:  denied  { getattr } for  comm="getprop" path="/dev/__properties__/u:object_r:ctl_dumpstate_prop:s0" dev="tmpfs" ino=80 scontext=u:r:recovery:s0 tcontext=u:object_r:ctl_dumpstate_prop:s0 tclass=file permissive=1
[    3.337426] type=1300 audit(1790904972.335:201): arch=c000003e syscall=5 success=yes exit=0 a0=3 a1=7ffdde71d050 a2=a0000 a3=0 items=0 ppid=118 auid=4294967295 uid=0 gid=0 euid=0 suid=0 fsuid=0 egid=0 sgid=0 fsgid=0 tty=(none) ses=4294967295 comm="getprop" exe="/system/bin/toolbox_ramdisk" subj=u:r:recovery:s0 key=(null)
[    3.338081] type=1327 audit(1790904972.335:201): proctitle="getprop"
[    3.338275] type=1320 audit(1790904972.335:201): 
[    3.338435] type=1400 audit(1790904972.335:202): avc:  denied  { map } for  comm="getprop" path="/dev/__properties__/u:object_r:ctl_dumpstate_prop:s0" dev="tmpfs" ino=80 scontext=u:r:recovery:s0 tcontext=u:object_r:ctl_dumpstate_prop:s0 tclass=file permissive=1
[    3.338986] type=1300 audit(1790904972.335:202): arch=c000003e syscall=9 success=yes exit=131825049403392 a0=0 a1=20000 a2=1 a3=1 items=0 ppid=118 auid=4294967295 uid=0 gid=0 euid=0 suid=0 fsuid=0 egid=0 sgid=0 fsgid=0 tty=(none) ses=4294967295 comm="getprop" exe="/system/bin/toolbox_ramdisk" subj=u:r:recovery:s0 key=(null)
[    3.339884] type=1327 audit(1790904972.335:202): proctitle="getprop"
[    3.340068] type=1320 audit(1790904972.335:202): 
[    3.340229] type=1400 audit(1790904972.335:203): avc:  denied  { open } for  comm="getprop" path="/dev/__properties__/u:object_r:ctl_fuse_prop:s0" dev="tmpfs" ino=81 scontext=u:r:recovery:s0 tcontext=u:object_r:ctl_fuse_prop:s0 tclass=file permissive=1
[    3.340820] type=1300 audit(1790904972.335:203): arch=c000003e syscall=257 success=yes exit=3 a0=ffffff9c a1=7ffdde71d140 a2=a0000 a3=0 items=0 ppid=118 auid=4294967295 uid=0 gid=0 euid=0 suid=0 fsuid=0 egid=0 sgid=0 fsgid=0 tty=(none) ses=4294967295 comm="getprop" exe="/system/bin/toolbox_ramdisk" subj=u:r:recovery:s0 key=(null)
[    3.341914] type=1327 audit(1790904972.335:203): proctitle="getprop"
[    3.342063] type=1320 audit(1790904972.335:203): 
[    3.342245] type=1400 audit(1790904972.335:204): avc:  denied  { getattr } for  comm="getprop" path="/dev/__properties__/u:object_r:ctl_fuse_prop:s0" dev="tmpfs" ino=81 scontext=u:r:recovery:s0 tcontext=u:object_r:ctl_fuse_prop:s0 tclass=file permissive=1
[    3.342710] type=1300 audit(1790904972.335:204): arch=c000003e syscall=5 success=yes exit=0 a0=3 a1=7ffdde71d050 a2=a0000 a3=0 items=0 ppid=118 auid=4294967295 uid=0 gid=0 euid=0 suid=0 fsuid=0 egid=0 sgid=0 fsgid=0 tty=(none) ses=4294967295 comm="getprop" exe="/system/bin/toolbox_ramdisk" subj=u:r:recovery:s0 key=(null)
[    3.343710] type=1327 audit(1790904972.335:204): proctitle="getprop"
[    3.343910] type=1320 audit(1790904972.335:204): 
[    3.344092] type=1400 audit(1790904972.335:205): avc:  denied  { map } for  comm="getprop" path="/dev/__properties__/u:object_r:ctl_fuse_prop:s0" dev="tmpfs" ino=81 scontext=u:r:recovery:s0 tcontext=u:object_r:ctl_fuse_prop:s0 tclass=file permissive=1
[    3.345301] type=1300 audit(1790904972.335:205): arch=c000003e syscall=9 success=yes exit=131825049272320 a0=0 a1=20000 a2=1 a3=1 items=0 ppid=118 auid=4294967295 uid=0 gid=0 euid=0 suid=0 fsuid=0 egid=0 sgid=0 fsgid=0 tty=(none) ses=4294967295 comm="getprop" exe="/system/bin/toolbox_ramdisk" subj=u:r:recovery:s0 key=(null)
[    3.345927] type=1327 audit(1790904972.335:205): proctitle="getprop"
[    3.346077] type=1320 audit(1790904972.335:205): 
[    3.346219] type=1400 audit(1790904972.335:206): avc:  denied  { open } for  comm="getprop" path="/dev/__properties__/u:object_r:ctl_gsid_prop:s0" dev="tmpfs" ino=82 scontext=u:r:recovery:s0 tcontext=u:object_r:ctl_gsid_prop:s0 tclass=file permissive=1
[    3.346656] type=1300 audit(1790904972.335:206): arch=c000003e syscall=257 success=yes exit=3 a0=ffffff9c a1=7ffdde71d140 a2=a0000 a3=0 items=0 ppid=118 auid=4294967295 uid=0 gid=0 euid=0 suid=0 fsuid=0 egid=0 sgid=0 fsgid=0 tty=(none) ses=4294967295 comm="getprop" exe="/system/bin/toolbox_ramdisk" subj=u:r:recovery:s0 key=(null)
[    3.347229] type=1327 audit(1790904972.335:206): proctitle="getprop"
[    3.347429] type=1320 audit(1790904972.335:206): 
[    3.347576] type=1400 audit(1790904972.335:207): avc:  denied  { getattr } for  comm="getprop" path="/dev/__properties__/u:object_r:ctl_gsid_prop:s0" dev="tmpfs" ino=82 scontext=u:r:recovery:s0 tcontext=u:object_r:ctl_gsid_prop:s0 tclass=file permissive=1
[    3.348051] type=1300 audit(1790904972.335:207): arch=c000003e syscall=5 success=yes exit=0 a0=3 a1=7ffdde71d050 a2=a0000 a3=0 items=0 ppid=118 auid=4294967295 uid=0 gid=0 euid=0 suid=0 fsuid=0 egid=0 sgid=0 fsgid=0 tty=(none) ses=4294967295 comm="getprop" exe="/system/bin/toolbox_ramdisk" subj=u:r:recovery:s0 key=(null)
[    3.348710] type=1327 audit(1790904972.335:207): proctitle="getprop"
[    3.348920] type=1320 audit(1790904972.335:207): 
[    3.349127] type=1400 audit(1790904972.335:208): avc:  denied  { map } for  comm="getprop" path="/dev/__properties__/u:object_r:ctl_gsid_prop:s0" dev="tmpfs" ino=82 scontext=u:r:recovery:s0 tcontext=u:object_r:ctl_gsid_prop:s0 tclass=file permissive=1
[    3.349581] type=1300 audit(1790904972.335:208): arch=c000003e syscall=9 success=yes exit=131825049141248 a0=0 a1=20000 a2=1 a3=1 items=0 ppid=118 auid=4294967295 uid=0 gid=0 euid=0 suid=0 fsuid=0 egid=0 sgid=0 fsgid=0 tty=(none) ses=4294967295 comm="getprop" exe="/system/bin/toolbox_ramdisk" subj=u:r:recovery:s0 key=(null)
[    3.350012] type=1327 audit(1790904972.335:208): proctitle="getprop"
[    3.350166] type=1320 audit(1790904972.335:208): 
[    3.350271] type=1400 audit(1790904972.335:209): avc:  denied  { open } for  comm="getprop" path="/dev/__properties__/u:object_r:ctl_interface_restart_prop:s0" dev="tmpfs" ino=83 scontext=u:r:recovery:s0 tcontext=u:object_r:ctl_interface_restart_prop:s0 tclass=file permissive=1
[    3.350652] type=1300 audit(1790904972.335:209): arch=c000003e syscall=257 success=yes exit=3 a0=ffffff9c a1=7ffdde71d140 a2=a0000 a3=0 items=0 ppid=118 auid=4294967295 uid=0 gid=0 euid=0 suid=0 fsuid=0 egid=0 sgid=0 fsgid=0 tty=(none) ses=4294967295 comm="getprop" exe="/system/bin/toolbox_ramdisk" subj=u:r:recovery:s0 key=(null)
[    3.351233] type=1327 audit(1790904972.335:209): proctitle="getprop"
[    3.351383] type=1320 audit(1790904972.335:209): 
[    3.351485] type=1400 audit(1790904972.335:210): avc:  denied  { getattr } for  comm="getprop" path="/dev/__properties__/u:object_r:ctl_interface_restart_prop:s0" dev="tmpfs" ino=83 scontext=u:r:recovery:s0 tcontext=u:object_r:ctl_interface_restart_prop:s0 tclass=file permissive=1
[    3.351852] type=1300 audit(1790904972.335:210): arch=c000003e syscall=5 success=yes exit=0 a0=3 a1=7ffdde71d050 a2=a0000 a3=0 items=0 ppid=118 auid=4294967295 uid=0 gid=0 euid=0 suid=0 fsuid=0 egid=0 sgid=0 fsgid=0 tty=(none) ses=4294967295 comm="getprop" exe="/system/bin/toolbox_ramdisk" subj=u:r:recovery:s0 key=(null)
[    3.352255] type=1327 audit(1790904972.335:210): proctitle="getprop"
[    3.352362] type=1320 audit(1790904972.335:210): 
[    3.352456] type=1400 audit(1790904972.335:211): avc:  denied  { map } for  comm="getprop" path="/dev/__properties__/u:object_r:ctl_interface_restart_prop:s0" dev="tmpfs" ino=83 scontext=u:r:recovery:s0 tcontext=u:object_r:ctl_interface_restart_prop:s0 tclass=file permissive=1
[    3.352937] type=1300 audit(1790904972.335:211): arch=c000003e syscall=9 success=yes exit=131825049010176 a0=0 a1=20000 a2=1 a3=1 items=0 ppid=118 auid=4294967295 uid=0 gid=0 euid=0 suid=0 fsuid=0 egid=0 sgid=0 fsgid=0 tty=(none) ses=4294967295 comm="getprop" exe="/system/bin/toolbox_ramdisk" subj=u:r:recovery:s0 key=(null)
[    3.353386] type=1327 audit(1790904972.335:211): proctitle="getprop"
[    3.353510] type=1320 audit(1790904972.335:211): 
[    3.353620] type=1400 audit(1790904972.335:212): avc:  denied  { open } for  comm="getprop" path="/dev/__properties__/u:object_r:ctl_interface_start_prop:s0" dev="tmpfs" ino=84 scontext=u:r:recovery:s0 tcontext=u:object_r:ctl_interface_start_prop:s0 tclass=file permissive=1
[    3.354085] type=1300 audit(1790904972.335:212): arch=c000003e syscall=257 success=yes exit=3 a0=ffffff9c a1=7ffdde71d140 a2=a0000 a3=0 items=0 ppid=118 auid=4294967295 uid=0 gid=0 euid=0 suid=0 fsuid=0 egid=0 sgid=0 fsgid=0 tty=(none) ses=4294967295 comm="getprop" exe="/system/bin/toolbox_ramdisk" subj=u:r:recovery:s0 key=(null)
[    3.354632] type=1327 audit(1790904972.335:212): proctitle="getprop"
[    3.354777] type=1320 audit(1790904972.335:212): 
[    3.354903] type=1400 audit(1790904972.335:213): avc:  denied  { getattr } for  comm="getprop" path="/dev/__properties__/u:object_r:ctl_interface_start_prop:s0" dev="tmpfs" ino=84 scontext=u:r:recovery:s0 tcontext=u:object_r:ctl_interface_start_prop:s0 tclass=file permissive=1
[    3.355410] type=1300 audit(1790904972.335:213): arch=c000003e syscall=5 success=yes exit=0 a0=3 a1=7ffdde71d050 a2=a0000 a3=0 items=0 ppid=118 auid=4294967295 uid=0 gid=0 euid=0 suid=0 fsuid=0 egid=0 sgid=0 fsgid=0 tty=(none) ses=4294967295 comm="getprop" exe="/system/bin/toolbox_ramdisk" subj=u:r:recovery:s0 key=(null)
[    3.355975] type=1327 audit(1790904972.335:213): proctitle="getprop"
[    3.356136] type=1320 audit(1790904972.335:213): 
[    3.356348] type=1400 audit(1790904972.339:214): avc:  denied  { ioctl } for  comm="recovery" path="/dev/block/vda7" dev="tmpfs" ino=776 ioctlcmd=0x1260 scontext=u:r:recovery:s0 tcontext=u:object_r:vd_device:s0 tclass=blk_file permissive=1
[    3.357450] type=1300 audit(1790904972.339:214): arch=c000003e syscall=16 success=yes exit=0 a0=10 a1=1260 a2=7ffc4008e4c8 a3=0 items=0 ppid=1 auid=4294967295 uid=0 gid=0 euid=0 suid=0 fsuid=0 egid=0 sgid=0 fsgid=0 tty=(none) ses=4294967295 comm="recovery" exe="/system/bin/recovery" subj=u:r:recovery:s0 key=(null)
[    3.357813] type=1327 audit(1790904972.339:214): proctitle="/system/bin/recovery"
[    3.357935] type=1320 audit(1790904972.339:214): 
[    3.358025] type=1400 audit(1790904972.371:215): avc:  denied  { relabelfrom } for  comm="recovery" name="recovery" dev="rootfs" ino=731 scontext=u:r:recovery:s0 tcontext=u:object_r:rootfs:s0 tclass=dir permissive=1
[    3.358303] type=1400 audit(1790904972.371:215): avc:  denied  { relabelto } for  comm="recovery" name="recovery" dev="rootfs" ino=731 scontext=u:r:recovery:s0 tcontext=u:object_r:media_rw_data_file:s0 tclass=dir permissive=1
[    3.358598] type=1300 audit(1790904972.371:215): arch=c000003e syscall=188 success=yes exit=0 a0=7ffc4008e7f1 a1=5985b61e963d a2=7218e9818e50 a3=21 items=0 ppid=1 auid=4294967295 uid=0 gid=0 euid=0 suid=0 fsuid=0 egid=0 sgid=0 fsgid=0 tty=(none) ses=4294967295 comm="recovery" exe="/system/bin/recovery" subj=u:r:recovery:s0 key=(null)
[    3.359008] type=1327 audit(1790904972.371:215): proctitle="/system/bin/recovery"
[    3.359150] type=1320 audit(1790904972.371:215): 
[    3.359260] type=1400 audit(1790904972.371:216): avc:  denied  { setattr } for  comm="recovery" name="recovery" dev="rootfs" ino=731 scontext=u:r:recovery:s0 tcontext=u:object_r:media_rw_data_file:s0 tclass=dir permissive=1
[    3.359557] type=1300 audit(1790904972.371:216): arch=c000003e syscall=260 success=yes exit=0 a0=ffffff9c a1=7ffc4008e7f1 a2=3ff a3=3ff items=0 ppid=1 auid=4294967295 uid=0 gid=0 euid=0 suid=0 fsuid=0 egid=0 sgid=0 fsgid=0 tty=(none) ses=4294967295 comm="recovery" exe="/system/bin/recovery" subj=u:r:recovery:s0 key=(null)
[    3.359973] type=1327 audit(1790904972.371:216): proctitle="/system/bin/recovery"
[    3.360114] type=1320 audit(1790904972.371:216): 
[    3.360215] type=1400 audit(1790904972.383:217): avc:  denied  { search } for  comm="recovery" name="recovery" dev="rootfs" ino=731 scontext=u:r:recovery:s0 tcontext=u:object_r:media_rw_data_file:s0 tclass=dir permissive=1
[    3.360534] type=1300 audit(1790904972.383:217): arch=c000003e syscall=262 success=no exit=-2 a0=ffffff9c a1=7ffc4008e5d1 a2=7ffc4008e770 a3=0 items=0 ppid=1 auid=4294967295 uid=0 gid=0 euid=0 suid=0 fsuid=0 egid=0 sgid=0 fsgid=0 tty=(none) ses=4294967295 comm="recovery" exe="/system/bin/recovery" subj=u:r:recovery:s0 key=(null)
[    3.361030] type=1327 audit(1790904972.383:217): proctitle="/system/bin/recovery"
[    3.361238] type=1320 audit(1790904972.383:217): 
[    3.361343] type=1400 audit(1790904972.391:218): avc:  denied  { write } for  comm="recovery" name="recovery" dev="rootfs" ino=731 scontext=u:r:recovery:s0 tcontext=u:object_r:media_rw_data_file:s0 tclass=dir permissive=1
[    3.361647] type=1400 audit(1790904972.391:218): avc:  denied  { add_name } for  comm="recovery" name="log.gz" scontext=u:r:recovery:s0 tcontext=u:object_r:media_rw_data_file:s0 tclass=dir permissive=1
[    3.361902] type=1400 audit(1790904972.391:218): avc:  denied  { create } for  comm="recovery" name="log.gz" scontext=u:r:recovery:s0 tcontext=u:object_r:media_rw_data_file:s0 tclass=file permissive=1
[    3.362176] type=1400 audit(1790904972.391:218): avc:  denied  { write open } for  comm="recovery" path="/data/recovery/log.gz" dev="rootfs" ino=732 scontext=u:r:recovery:s0 tcontext=u:object_r:media_rw_data_file:s0 tclass=file permissive=1
[    3.362519] type=1300 audit(1790904972.391:218): arch=c000003e syscall=257 success=yes exit=18 a0=ffffff9c a1=7ffc4008e941 a2=241 a3=1b6 items=4 ppid=1 auid=4294967295 uid=0 gid=0 euid=0 suid=0 fsuid=0 egid=0 sgid=0 fsgid=0 tty=(none) ses=4294967295 comm="recovery" exe="/system/bin/recovery" subj=u:r:recovery:s0 key=(null)
[    3.363008] type=1307 audit(1790904972.391:218): cwd="/"
[    3.363133] type=1302 audit(1790904972.391:218): item=0 name=(null) inode=731 dev=00:02 mode=040770 ouid=1023 ogid=1023 rdev=00:00 obj=u:object_r:media_rw_data_file:s0 nametype=PARENT cap_fp=0 cap_fi=0 cap_fe=0 cap_fver=0 cap_frootid=0
[    3.363501] type=1302 audit(1790904972.391:218): item=1 name=(null) nametype=CREATE cap_fp=0 cap_fi=0 cap_fe=0 cap_fver=0 cap_frootid=0
[    3.363747] type=1302 audit(1790904972.391:218): item=2 name=(null) inode=731 dev=00:02 mode=040770 ouid=1023 ogid=1023 rdev=00:00 obj=u:object_r:media_rw_data_file:s0 nametype=PARENT cap_fp=0 cap_fi=0 cap_fe=0 cap_fver=0 cap_frootid=0
[    3.364284] type=1302 audit(1790904972.391:218): item=3 name=(null) inode=732 dev=00:02 mode=0100666 ouid=0 ogid=0 rdev=00:00 obj=u:object_r:media_rw_data_file:s0 nametype=CREATE cap_fp=0 cap_fi=0 cap_fe=0 cap_fver=0 cap_frootid=0
[    3.366331] type=1327 audit(1790904972.391:218): proctitle="/system/bin/recovery"
[    3.366598] type=1320 audit(1790904972.391:218): 
[    3.366749] type=1400 audit(1790904972.391:219): avc:  denied  { setattr } for  comm="recovery" name="log.gz" dev="rootfs" ino=732 scontext=u:r:recovery:s0 tcontext=u:object_r:media_rw_data_file:s0 tclass=file permissive=1
[    3.367839] type=1300 audit(1790904972.391:219): arch=c000003e syscall=260 success=yes exit=0 a0=ffffff9c a1=7ffc4008ea21 a2=3e8 a3=3e8 items=0 ppid=1 auid=4294967295 uid=0 gid=0 euid=0 suid=0 fsuid=0 egid=0 sgid=0 fsgid=0 tty=(none) ses=4294967295 comm="recovery" exe="/system/bin/recovery" subj=u:r:recovery:s0 key=(null)
[    3.368310] type=1327 audit(1790904972.391:219): proctitle="/system/bin/recovery"
[    3.368451] type=1320 audit(1790904972.391:219): 
[    3.368677] type=1400 audit(1790904972.395:220): avc:  denied  { fsetid } for  comm="recovery" capability=4  scontext=u:r:recovery:s0 tcontext=u:r:recovery:s0 tclass=capability permissive=1
[    3.369084] type=1300 audit(1790904972.395:220): arch=c000003e syscall=268 success=yes exit=0 a0=ffffff9c a1=7ffc4008ea21 a2=180 a3=3e8 items=0 ppid=1 auid=4294967295 uid=0 gid=0 euid=0 suid=0 fsuid=0 egid=0 sgid=0 fsgid=0 tty=(none) ses=4294967295 comm="recovery" exe="/system/bin/recovery" subj=u:r:recovery:s0 key=(null)
[    3.369675] type=1327 audit(1790904972.395:220): proctitle="/system/bin/recovery"
[    3.369851] type=1320 audit(1790904972.395:220): 
[    3.369990] type=1400 audit(1790904972.399:221): avc:  denied  { ioctl } for  comm="pigz" path="/data/recovery/log.gz" dev="rootfs" ino=732 ioctlcmd=0x5401 scontext=u:r:recovery:s0 tcontext=u:object_r:media_rw_data_file:s0 tclass=file permissive=1
[    3.370890] type=1300 audit(1790904972.399:221): arch=c000003e syscall=16 success=no exit=-22 a0=1 a1=5401 a2=7ffdd53d6630 a3=9000 items=0 ppid=92 auid=4294967295 uid=0 gid=0 euid=0 suid=0 fsuid=0 egid=0 sgid=0 fsgid=0 tty=(none) ses=4294967295 comm="pigz" exe="/system/bin/pigz" subj=u:r:recovery:s0 key=(null)
[    3.371417] type=1327 audit(1790904972.399:221): proctitle=7069677A002D
[    3.371561] type=1320 audit(1790904972.399:221): 
[    3.801068] EXT4-fs (vda9): VFS: Can't find ext4 filesystem
[    3.801319] EXT4-fs (vda9): VFS: Can't find ext4 filesystem
[    3.801780] type=1400 audit(1790904972.911:222): avc:  denied  { getattr } for  comm="recovery" path="/data/recovery" dev="rootfs" ino=731 scontext=u:r:recovery:s0 tcontext=u:object_r:media_rw_data_file:s0 tclass=dir permissive=1
[    3.802427] type=1300 audit(1790904972.911:222): arch=c000003e syscall=262 success=yes exit=0 a0=ffffff9c a1=7ffc4008e711 a2=7ffc4008e750 a3=0 items=0 ppid=1 auid=4294967295 uid=0 gid=0 euid=0 suid=0 fsuid=0 egid=0 sgid=0 fsgid=0 tty=(none) ses=4294967295 comm="recovery" exe="/system/bin/recovery" subj=u:r:recovery:s0 key=(null)
[    3.803595] type=1327 audit(1790904972.911:222): proctitle="/system/bin/recovery"
[    3.803829] type=1320 audit(1790904972.911:222): 
[    3.804061] type=1400 audit(1790904972.911:223): avc:  denied  { create } for  comm="recovery" name="AERA" scontext=u:r:recovery:s0 tcontext=u:object_r:media_rw_data_file:s0 tclass=dir permissive=1
[    3.804522] type=1300 audit(1790904972.911:223): arch=c000003e syscall=258 success=yes exit=0 a0=ffffff9c a1=7ffc4008e711 a2=1ff a3=0 items=2 ppid=1 auid=4294967295 uid=0 gid=0 euid=0 suid=0 fsuid=0 egid=0 sgid=0 fsgid=0 tty=(none) ses=4294967295 comm="recovery" exe="/system/bin/recovery" subj=u:r:recovery:s0 key=(null)
[    3.805507] type=1307 audit(1790904972.911:223): cwd="/"
[    3.805651] type=1302 audit(1790904972.911:223): item=0 name=(null) inode=731 dev=00:02 mode=040770 ouid=1023 ogid=1023 rdev=00:00 obj=u:object_r:media_rw_data_file:s0 nametype=PARENT cap_fp=0 cap_fi=0 cap_fe=0 cap_fver=0 cap_frootid=0
[    3.806180] type=1302 audit(1790904972.911:223): item=1 name=(null) inode=733 dev=00:02 mode=040777 ouid=0 ogid=0 rdev=00:00 obj=u:object_r:media_rw_data_file:s0 nametype=CREATE cap_fp=0 cap_fi=0 cap_fe=0 cap_fver=0 cap_frootid=0
[    3.806901] type=1327 audit(1790904972.911:223): proctitle="/system/bin/recovery"
[    3.807090] type=1320 audit(1790904972.911:223): 
[    3.807756] EXT4-fs (vda9): VFS: Can't find ext4 filesystem
[    3.808257] type=1400 audit(1790904972.911:224): avc:  denied  { relabelfrom } for  comm="recovery" name="AERA" dev="rootfs" ino=733 scontext=u:r:recovery:s0 tcontext=u:object_r:media_rw_data_file:s0 tclass=dir permissive=1
[    3.808449] EXT4-fs (vda9): VFS: Can't find ext4 filesystem
[    3.809088] type=1300 audit(1790904972.911:224): arch=c000003e syscall=188 success=yes exit=0 a0=7ffc4008e711 a1=5985b61e963d a2=7218e9818c90 a3=21 items=0 ppid=1 auid=4294967295 uid=0 gid=0 euid=0 suid=0 fsuid=0 egid=0 sgid=0 fsgid=0 tty=(none) ses=4294967295 comm="recovery" exe="/system/bin/recovery" subj=u:r:recovery:s0 key=(null)
[    3.809967] type=1327 audit(1790904972.911:224): proctitle="/system/bin/recovery"
[    3.810210] type=1320 audit(1790904972.911:224): 
[    3.810374] type=1400 audit(1790904972.923:225): avc:  denied  { getattr } for  comm="recovery" path="/data/recovery/.version" dev="rootfs" ino=734 scontext=u:r:recovery:s0 tcontext=u:object_r:media_rw_data_file:s0 tclass=file permissive=1
[    3.810934] type=1300 audit(1790904972.923:225): arch=c000003e syscall=5 success=yes exit=0 a0=10 a1=7ffc4008e440 a2=0 a3=1b6 items=0 ppid=1 auid=4294967295 uid=0 gid=0 euid=0 suid=0 fsuid=0 egid=0 sgid=0 fsgid=0 tty=(none) ses=4294967295 comm="recovery" exe="/system/bin/recovery" subj=u:r:recovery:s0 key=(null)
[    3.811767] type=1327 audit(1790904972.923:225): proctitle="/system/bin/recovery"
[    3.812027] type=1320 audit(1790904972.923:225): 
[    3.813076] EXT4-fs (vda9): VFS: Can't find ext4 filesystem
[    3.813421] EXT4-fs (vda9): VFS: Can't find ext4 filesystem
[    3.817272] EXT4-fs (vda9): VFS: Can't find ext4 filesystem
[    3.817524] EXT4-fs (vda9): VFS: Can't find ext4 filesystem
[    3.818637] type=1107 audit(1790904972.927:226): uid=0 auid=4294967295 ses=4294967295 subj=u:r:init:s0 msg='avc:  denied  { set } for property=persist.sys.timezone pid=92 uid=0 gid=0 scontext=u:r:recovery:s0 tcontext=u:object_r:timezone_prop:s0 tclass=property_service permissive=1'
[    3.860925] EXT4-fs (vda9): VFS: Can't find ext4 filesystem
[    3.861729] EXT4-fs (vda9): VFS: Can't find ext4 filesystem
[    3.865662] EXT4-fs (vda9): VFS: Can't find ext4 filesystem
[    3.866025] EXT4-fs (vda9): VFS: Can't find ext4 filesystem
[    3.867248] init: processing action (sys.usb.config=none && sys.usb.configfs=0) from (/system/etc/init/hw/init.rc:207)
[    3.869212] init: processing action (ro.hardware=cutf_cvm && sys.usb.config=*) from (/system/etc/init/hw/init.rc:264)
[    3.869477] init: starting service 'adbd'...
[    3.869752] init: Created socket '/dev/socket/adbd', mode 660, user 1000, group 1000
[    3.872853] init: ... started service 'adbd' has pid 190
[    3.873064] init: processing action (sys.usb.config=*) from (/init.recovery.cutf_cvm.rc:14)
[    3.873069] EXT4-fs (vda9): VFS: Can't find ext4 filesystem
[    3.873260] init: service 'adbd' requested start, but it is already running (flags: 132)
[    3.873283] init: processing action (ro.hardware=cutf_cvm && sys.usb.config=*) from (/system/etc/init/hw/init.rc:264)
[    3.874832] init: service 'adbd' requested start, but it is already running (flags: 132)
[    3.875018] init: processing action (sys.usb.config=*) from (/init.recovery.cutf_cvm.rc:14)
[    3.875255] init: service 'adbd' requested start, but it is already running (flags: 132)
[    3.875705] EXT4-fs (vda9): VFS: Can't find ext4 filesystem
[    3.876673] type=1400 audit(1790904972.983:227): avc:  denied  { getattr } for  comm="recovery" path="/data/recovery" dev="rootfs" ino=731 scontext=u:r:recovery:s0 tcontext=u:object_r:media_rw_data_file:s0 tclass=dir permissive=1
[    3.877227] type=1300 audit(1790904972.983:227): arch=c000003e syscall=262 success=yes exit=0 a0=ffffff9c a1=7ffc4008e9d1 a2=7ffc4008ea20 a3=0 items=0 ppid=1 auid=4294967295 uid=0 gid=0 euid=0 suid=0 fsuid=0 egid=0 sgid=0 fsgid=0 tty=(none) ses=4294967295 comm="recovery" exe="/system/bin/recovery" subj=u:r:recovery:s0 key=(null)
[    3.877767] type=1327 audit(1790904972.983:227): proctitle="/system/bin/recovery"
[    3.877959] type=1320 audit(1790904972.983:227): 
[    3.884066] type=1400 audit(1790904972.991:228): avc:  denied  { ioctl } for  comm="recovery" path="/dev/dri/card0" dev="tmpfs" ino=855 ioctlcmd=0x64bc scontext=u:r:recovery:s0 tcontext=u:object_r:device:s0 tclass=chr_file permissive=1
[    3.884723] type=1300 audit(1790904972.991:228): arch=c000003e syscall=16 success=yes exit=0 a0=7 a1=c03864bc a2=721afd17c230 a3=2 items=0 ppid=1 auid=4294967295 uid=0 gid=0 euid=0 suid=0 fsuid=0 egid=0 sgid=0 fsgid=0 tty=(none) ses=4294967295 comm="recovery" exe="/system/bin/recovery" subj=u:r:recovery:s0 key=(null)
[    3.885474] EXT4-fs (vda9): VFS: Can't find ext4 filesystem
[    3.885503] init: Control message: Could not find 'mdnsd' for ctl.start from pid: 190 (/system/bin/adbd --root_seclabel=u:r:su:s0 --device_banner=recovery)
[    3.885776] type=1327 audit(1790904972.991:228): proctitle="/system/bin/recovery"
[    3.886118] EXT4-fs (vda9): VFS: Can't find ext4 filesystem
[    3.886501] type=1320 audit(1790904972.991:228): 
[    3.889026] type=1400 audit(1790904972.995:229): avc:  denied  { getattr } for  comm="recovery" path="/sys/devices/pci0000:00/0000:00:13.0/virtio24/block/vda/vda9/partition" dev="sysfs" ino=28492 scontext=u:r:recovery:s0 tcontext=u:object_r:sysfs:s0 tclass=file permissive=1
[    3.889581] EXT4-fs (vda9): VFS: Can't find ext4 filesystem
[    3.889699] type=1300 audit(1790904972.995:229): arch=c000003e syscall=262 success=yes exit=0 a0=ffffff9c a1=7ffc4008bf90 a2=7ffc4008d020 a3=0 items=0 ppid=1 auid=4294967295 uid=0 gid=0 euid=0 suid=0 fsuid=0 egid=0 sgid=0 fsgid=0 tty=(none) ses=4294967295 comm="recovery" exe="/system/bin/recovery" subj=u:r:recovery:s0 key=(null)
[    3.889773] EXT4-fs (vda9): VFS: Can't find ext4 filesystem
[    3.890351] type=1327 audit(1790904972.995:229): proctitle="/system/bin/recovery"
[    3.890608] type=1320 audit(1790904972.995:229): 
[    3.890745] type=1400 audit(1790904972.995:230): avc:  denied  { read } for  comm="recovery" name="dev" dev="sysfs" ino=28204 scontext=u:r:recovery:s0 tcontext=u:object_r:sysfs:s0 tclass=file permissive=1
[    3.891185] type=1400 audit(1790904972.995:230): avc:  denied  { open } for  comm="recovery" path="/sys/devices/pci0000:00/0000:00:13.0/virtio24/block/vda/dev" dev="sysfs" ino=28204 scontext=u:r:recovery:s0 tcontext=u:object_r:sysfs:s0 tclass=file permissive=1
[    3.891667] type=1300 audit(1790904972.995:230): arch=c000003e syscall=257 success=yes exit=19 a0=ffffff9c a1=7ffc4008bfa0 a2=80000 a3=0 items=0 ppid=1 auid=4294967295 uid=0 gid=0 euid=0 suid=0 fsuid=0 egid=0 sgid=0 fsgid=0 tty=(none) ses=4294967295 comm="recovery" exe="/system/bin/recovery" subj=u:r:recovery:s0 key=(null)
[    3.892286] type=1327 audit(1790904972.995:230): proctitle="/system/bin/recovery"
[    3.892462] type=1320 audit(1790904972.995:230): 
[    3.892728] type=1400 audit(1790904972.999:231): avc:  denied  { search } for  comm="recovery" name="recovery" dev="rootfs" ino=731 scontext=u:r:recovery:s0 tcontext=u:object_r:media_rw_data_file:s0 tclass=dir permissive=1
[    3.893624] type=1400 audit(1790904972.999:231): avc:  denied  { getattr } for  comm="recovery" path="/data/recovery/log.gz" dev="rootfs" ino=732 scontext=u:r:recovery:s0 tcontext=u:object_r:media_rw_data_file:s0 tclass=file permissive=1
[    3.894163] type=1300 audit(1790904972.999:231): arch=c000003e syscall=262 success=yes exit=0 a0=ffffff9c a1=7ffc4008e5d1 a2=7ffc4008e770 a3=0 items=1 ppid=1 auid=4294967295 uid=0 gid=0 euid=0 suid=0 fsuid=0 egid=0 sgid=0 fsgid=0 tty=(none) ses=4294967295 comm="recovery" exe="/system/bin/recovery" subj=u:r:recovery:s0 key=(null)
[    3.894486] EXT4-fs (vda9): VFS: Can't find ext4 filesystem
[    3.894981] type=1307 audit(1790904972.999:231): cwd="/"
[    3.895181] EXT4-fs (vda9): VFS: Can't find ext4 filesystem
[    3.895334] type=1302 audit(1790904972.999:231): item=0 name="/data/recovery/log.gz" inode=732 dev=00:02 mode=0100600 ouid=1000 ogid=1000 rdev=00:00 obj=u:object_r:media_rw_data_file:s0 nametype=NORMAL cap_fp=0 cap_fi=0 cap_fe=0 cap_fver=0 cap_frootid=0
[    3.895852] type=1327 audit(1790904972.999:231): proctitle="/system/bin/recovery"
[    3.896039] type=1320 audit(1790904972.999:231): 
[    3.896189] type=1400 audit(1790904972.999:232): avc:  denied  { read } for  comm="recovery" name="log.gz" dev="rootfs" ino=732 scontext=u:r:recovery:s0 tcontext=u:object_r:media_rw_data_file:s0 tclass=file permissive=1
[    3.896814] type=1400 audit(1790904972.999:232): avc:  denied  { open } for  comm="recovery" path="/data/recovery/log.gz" dev="rootfs" ino=732 scontext=u:r:recovery:s0 tcontext=u:object_r:media_rw_data_file:s0 tclass=file permissive=1
[    3.897336] type=1300 audit(1790904972.999:232): arch=c000003e syscall=257 success=yes exit=16 a0=ffffff9c a1=7ffc4008e991 a2=80000 a3=0 items=0 ppid=1 auid=4294967295 uid=0 gid=0 euid=0 suid=0 fsuid=0 egid=0 sgid=0 fsgid=0 tty=(none) ses=4294967295 comm="recovery" exe="/system/bin/recovery" subj=u:r:recovery:s0 key=(null)
[    3.897971] type=1327 audit(1790904972.999:232): proctitle="/system/bin/recovery"
[    3.898200] type=1320 audit(1790904972.999:232): 
[    3.898359] type=1400 audit(1790904972.999:233): avc:  denied  { write } for  comm="recovery" name="recovery" dev="rootfs" ino=731 scontext=u:r:recovery:s0 tcontext=u:object_r:media_rw_data_file:s0 tclass=dir permissive=1
[    3.898831] type=1400 audit(1790904972.999:233): avc:  denied  { add_name } for  comm="recovery" name="last_log.gz" scontext=u:r:recovery:s0 tcontext=u:object_r:media_rw_data_file:s0 tclass=dir permissive=1
[    3.899327] type=1400 audit(1790904972.999:233): avc:  denied  { create } for  comm="recovery" name="last_log.gz" scontext=u:r:recovery:s0 tcontext=u:object_r:media_rw_data_file:s0 tclass=file permissive=1
[    3.899726] type=1400 audit(1790904972.999:233): avc:  denied  { write } for  comm="recovery" path="/data/recovery/last_log.gz" dev="rootfs" ino=740 scontext=u:r:recovery:s0 tcontext=u:object_r:media_rw_data_file:s0 tclass=file permissive=1
[    3.900778] type=1300 audit(1790904972.999:233): arch=c000003e syscall=257 success=yes exit=18 a0=ffffff9c a1=721a198170a0 a2=80241 a3=1b6 items=4 ppid=1 auid=4294967295 uid=0 gid=0 euid=0 suid=0 fsuid=0 egid=0 sgid=0 fsgid=0 tty=(none) ses=4294967295 comm="recovery" exe="/system/bin/recovery" subj=u:r:recovery:s0 key=(null)
[    3.902015] type=1307 audit(1790904972.999:233): cwd="/"
[    3.902195] type=1302 audit(1790904972.999:233): item=0 name=(null) inode=731 dev=00:02 mode=040770 ouid=1023 ogid=1023 rdev=00:00 obj=u:object_r:media_rw_data_file:s0 nametype=PARENT cap_fp=0 cap_fi=0 cap_fe=0 cap_fver=0 cap_frootid=0
[    3.902599] type=1302 audit(1790904972.999:233): item=1 name=(null) nametype=CREATE cap_fp=0 cap_fi=0 cap_fe=0 cap_fver=0 cap_frootid=0
[    3.902869] type=1302 audit(1790904972.999:233): item=2 name=(null) inode=731 dev=00:02 mode=040770 ouid=1023 ogid=1023 rdev=00:00 obj=u:object_r:media_rw_data_file:s0 nametype=PARENT cap_fp=0 cap_fi=0 cap_fe=0 cap_fver=0 cap_frootid=0
[    3.903353] type=1302 audit(1790904972.999:233): item=3 name=(null) inode=740 dev=00:02 mode=0100666 ouid=0 ogid=0 rdev=00:00 obj=u:object_r:media_rw_data_file:s0 nametype=CREATE cap_fp=0 cap_fi=0 cap_fe=0 cap_fver=0 cap_frootid=0
[    3.903809] type=1327 audit(1790904972.999:233): proctitle="/system/bin/recovery"
[    3.903989] type=1320 audit(1790904972.999:233): 
[    3.904158] type=1400 audit(1790904972.999:234): avc:  denied  { setattr } for  comm="recovery" name="last_log.gz" dev="rootfs" ino=740 scontext=u:r:recovery:s0 tcontext=u:object_r:media_rw_data_file:s0 tclass=file permissive=1
[    3.905645] type=1300 audit(1790904972.999:234): arch=c000003e syscall=268 success=yes exit=0 a0=ffffff9c a1=721a198170a0 a2=180 a3=1000000 items=0 ppid=1 auid=4294967295 uid=0 gid=0 euid=0 suid=0 fsuid=0 egid=0 sgid=0 fsgid=0 tty=(none) ses=4294967295 comm="recovery" exe="/system/bin/recovery" subj=u:r:recovery:s0 key=(null)
[    3.906300] type=1327 audit(1790904972.999:234): proctitle="/system/bin/recovery"
[    3.906488] type=1320 audit(1790904972.999:234): 
[    3.909808] type=1400 audit(1790904973.019:235): avc:  denied  { fsetid } for  comm="recovery" capability=4  scontext=u:r:recovery:s0 tcontext=u:r:recovery:s0 tclass=capability permissive=1
[    3.910342] type=1300 audit(1790904973.019:235): arch=c000003e syscall=268 success=yes exit=0 a0=ffffff9c a1=7ffc4008ea21 a2=180 a3=3e8 items=0 ppid=1 auid=4294967295 uid=0 gid=0 euid=0 suid=0 fsuid=0 egid=0 sgid=0 fsgid=0 tty=(none) ses=4294967295 comm="recovery" exe="/system/bin/recovery" subj=u:r:recovery:s0 key=(null)
[    3.910999] type=1327 audit(1790904973.019:235): proctitle="/system/bin/recovery"
[    3.911200] type=1320 audit(1790904973.019:235): 
[    3.911665] type=1400 audit(1790904973.019:236): avc:  denied  { write } for  comm="recovery" name="bin" dev="rootfs" ino=235 scontext=u:r:recovery:s0 tcontext=u:object_r:rootfs:s0 tclass=dir permissive=1
[    3.912169] type=1400 audit(1790904973.019:237): avc:  denied  { create } for  comm="recovery" name="twadbfifo" scontext=u:r:recovery:s0 tcontext=u:object_r:tmpfs:s0 tclass=fifo_file permissive=1
[    3.912757] type=1400 audit(1790904973.019:236): avc:  denied  { add_name } for  comm="recovery" name="aerain" scontext=u:r:recovery:s0 tcontext=u:object_r:rootfs:s0 tclass=dir permissive=1
[    3.913214] type=1400 audit(1790904973.019:236): avc:  denied  { create } for  comm="recovery" name="aerain" scontext=u:r:recovery:s0 tcontext=u:object_r:rootfs:s0 tclass=fifo_file permissive=1
[    3.913563] type=1300 audit(1790904973.019:236): arch=c000003e syscall=259 success=yes exit=0 a0=ffffff9c a1=5985b61f68c7 a2=11b0 a3=0 items=2 ppid=1 auid=4294967295 uid=0 gid=0 euid=0 suid=0 fsuid=0 egid=0 sgid=0 fsgid=0 tty=(none) ses=4294967295 comm="recovery" exe="/system/bin/recovery" subj=u:r:recovery:s0 key=(null)
[    3.914074] type=1300 audit(1790904973.019:237): arch=c000003e syscall=259 success=yes exit=0 a0=ffffff9c a1=5985b61f4047 a2=1db0 a3=0 items=2 ppid=1 auid=4294967295 uid=0 gid=0 euid=0 suid=0 fsuid=0 egid=0 sgid=0 fsgid=0 tty=(none) ses=4294967295 comm="recovery" exe="/system/bin/recovery" subj=u:r:recovery:s0 key=(null)
[    3.914638] type=1307 audit(1790904973.019:236): cwd="/"
[    3.914752] type=1307 audit(1790904973.019:237): cwd="/"
[    3.914881] type=1302 audit(1790904973.019:236): item=0 name=(null) inode=235 dev=00:02 mode=040751 ouid=0 ogid=0 rdev=00:00 obj=u:object_r:rootfs:s0 nametype=PARENT cap_fp=0 cap_fi=0 cap_fe=0 cap_fver=0 cap_frootid=0
[    3.915253] type=1302 audit(1790904973.019:237): item=0 name=(null) inode=1 dev=00:21 mode=040775 ouid=0 ogid=2000 rdev=00:00 obj=u:object_r:tmpfs:s0 nametype=PARENT cap_fp=0 cap_fi=0 cap_fe=0 cap_fver=0 cap_frootid=0
[    3.916226] type=1302 audit(1790904973.019:236): item=1 name=(null) inode=741 dev=00:02 mode=010660 ouid=0 ogid=0 rdev=00:00 obj=u:object_r:rootfs:s0 nametype=CREATE cap_fp=0 cap_fi=0 cap_fe=0 cap_fver=0 cap_frootid=0
[    3.916690] type=1302 audit(1790904973.019:237): item=1 name=(null) inode=9 dev=00:21 mode=016660 ouid=0 ogid=0 rdev=00:00 obj=u:object_r:tmpfs:s0 nametype=CREATE cap_fp=0 cap_fi=0 cap_fe=0 cap_fver=0 cap_frootid=0
[    3.917039] type=1327 audit(1790904973.019:236): proctitle="/system/bin/recovery"
[    3.917833] type=1320 audit(1790904973.019:236): 
[    3.917974] type=1327 audit(1790904973.019:237): proctitle="/system/bin/recovery"
[    3.918178] type=1320 audit(1790904973.019:237): 
[    3.918314] type=1400 audit(1790904973.019:238): avc:  denied  { read } for  comm="recovery" name="twadbfifo" dev="tmpfs" ino=9 scontext=u:r:recovery:s0 tcontext=u:object_r:tmpfs:s0 tclass=fifo_file permissive=1
[    3.918661] type=1400 audit(1790904973.019:239): avc:  denied  { read } for  comm="recovery" name="aerain" dev="rootfs" ino=741 scontext=u:r:recovery:s0 tcontext=u:object_r:rootfs:s0 tclass=fifo_file permissive=1
[    3.919013] type=1400 audit(1790904973.019:238): avc:  denied  { open } for  comm="recovery" path="/tmp/twadbfifo" dev="tmpfs" ino=9 scontext=u:r:recovery:s0 tcontext=u:object_r:tmpfs:s0 tclass=fifo_file permissive=1
[    3.919382] type=1400 audit(1790904973.019:239): avc:  denied  { open } for  comm="recovery" path="/system/bin/aerain" dev="rootfs" ino=741 scontext=u:r:recovery:s0 tcontext=u:object_r:rootfs:s0 tclass=fifo_file permissive=1
[    3.919773] type=1300 audit(1790904973.019:238): arch=c000003e syscall=257 success=yes exit=16 a0=ffffff9c a1=5985b61f4047 a2=800 a3=0 items=0 ppid=1 auid=4294967295 uid=0 gid=0 euid=0 suid=0 fsuid=0 egid=0 sgid=0 fsgid=0 tty=(none) ses=4294967295 comm="recovery" exe="/system/bin/recovery" subj=u:r:recovery:s0 key=(null)
[    3.920293] type=1300 audit(1790904973.019:239): arch=c000003e syscall=257 success=yes exit=18 a0=ffffff9c a1=5985b61f68c7 a2=80800 a3=0 items=0 ppid=1 auid=4294967295 uid=0 gid=0 euid=0 suid=0 fsuid=0 egid=0 sgid=0 fsgid=0 tty=(none) ses=4294967295 comm="recovery" exe="/system/bin/recovery" subj=u:r:recovery:s0 key=(null)
[    3.921017] type=1327 audit(1790904973.019:238): proctitle="/system/bin/recovery"
[    3.921194] type=1327 audit(1790904973.019:239): proctitle="/system/bin/recovery"
[    3.921359] type=1320 audit(1790904973.019:238): 
[    3.921477] type=1320 audit(1790904973.019:239): 
[    3.921590] type=1400 audit(1790904973.027:240): avc:  denied  { ioctl } for  comm="pigz" path="/data/recovery/log.gz" dev="rootfs" ino=732 ioctlcmd=0x5401 scontext=u:r:recovery:s0 tcontext=u:object_r:media_rw_data_file:s0 tclass=file permissive=1
[    3.921994] type=1300 audit(1790904973.027:240): arch=c000003e syscall=16 success=no exit=-22 a0=1 a1=5401 a2=7fff053c1a80 a3=9000 items=0 ppid=92 auid=4294967295 uid=0 gid=0 euid=0 suid=0 fsuid=0 egid=0 sgid=0 fsgid=0 tty=(none) ses=4294967295 comm="pigz" exe="/system/bin/pigz" subj=u:r:recovery:s0 key=(null)
[    3.922454] type=1327 audit(1790904973.027:240): proctitle=7069677A002D
[    3.922595] type=1320 audit(1790904973.027:240): 
[   33.146905] type=1400 audit(1790905002.255:241): avc:  denied  { unlink } for  comm="recovery" name="aeraui-capture" dev="tmpfs" ino=10 scontext=u:r:recovery:s0 tcontext=u:object_r:appdomain_tmpfs:s0 tclass=file permissive=1
[   33.147459] type=1300 audit(1790905002.255:241): arch=c000003e syscall=263 success=yes exit=0 a0=ffffff9c a1=5985b61fbe20 a2=0 a3=0 items=0 ppid=1 auid=4294967295 uid=0 gid=0 euid=0 suid=0 fsuid=0 egid=0 sgid=0 fsgid=0 tty=(none) ses=4294967295 comm="recovery" exe="/system/bin/recovery" subj=u:r:recovery:s0 key=(null)
[   33.148198] type=1327 audit(1790905002.255:241): proctitle="/system/bin/recovery"
[   33.148325] type=1320 audit(1790905002.255:241): 
[   36.220202] logd: logdr: UID=0 GID=0 PID=321 n tail=5 logMask=99 pid=0 start=0ns deadline=0ns
[   36.978111] type=1400 audit(1790905006.091:242): avc:  denied  { ioctl } for  comm="recovery" path="/dev/dri/card0" dev="tmpfs" ino=855 ioctlcmd=0x64bc scontext=u:r:recovery:s0 tcontext=u:object_r:device:s0 tclass=chr_file permissive=1
[   36.978829] type=1300 audit(1790905006.091:242): arch=c000003e syscall=16 success=yes exit=0 a0=7 a1=c03864bc a2=721afd17c230 a3=2 items=0 ppid=1 auid=4294967295 uid=0 gid=0 euid=0 suid=0 fsuid=0 egid=0 sgid=0 fsgid=0 tty=(none) ses=4294967295 comm="recovery" exe="/system/bin/recovery" subj=u:r:recovery:s0 key=(null)
[   36.985755] type=1327 audit(1790905006.091:242): proctitle="/system/bin/recovery"
[   36.985942] type=1320 audit(1790905006.091:242): 
[   37.954742] type=1400 audit(1790905007.063:243): avc:  denied  { write } for  comm="recovery" name="aeraout" dev="rootfs" ino=742 scontext=u:r:recovery:s0 tcontext=u:object_r:rootfs:s0 tclass=fifo_file permissive=1
[   37.955618] type=1300 audit(1790905007.063:243): arch=c000003e syscall=257 success=yes exit=18 a0=ffffff9c a1=5985b61e4944 a2=241 a3=1b6 items=0 ppid=1 auid=4294967295 uid=0 gid=0 euid=0 suid=0 fsuid=0 egid=0 sgid=0 fsgid=0 tty=(none) ses=4294967295 comm="recovery" exe="/system/bin/recovery" subj=u:r:recovery:s0 key=(null)
[   37.956646] type=1327 audit(1790905007.063:243): proctitle="/system/bin/recovery"
[   37.956934] type=1320 audit(1790905007.063:243): 
[   37.957542] type=1400 audit(1790905007.063:244): avc:  denied  { read } for  comm="recovery" name="plugin.json" dev="tmpfs" ino=17 scontext=u:r:recovery:s0 tcontext=u:object_r:appdomain_tmpfs:s0 tclass=file permissive=1
[   37.958937] type=1400 audit(1790905007.063:244): avc:  denied  { open } for  comm="recovery" path="/tmp/aera/plugins/counter/plugin.json" dev="tmpfs" ino=17 scontext=u:r:recovery:s0 tcontext=u:object_r:appdomain_tmpfs:s0 tclass=file permissive=1
[   37.959613] type=1300 audit(1790905007.063:244): arch=c000003e syscall=257 success=yes exit=23 a0=ffffff9c a1=7218e9819910 a2=a0000 a3=0 items=0 ppid=1 auid=4294967295 uid=0 gid=0 euid=0 suid=0 fsuid=0 egid=0 sgid=0 fsgid=0 tty=(none) ses=4294967295 comm="recovery" exe="/system/bin/recovery" subj=u:r:recovery:s0 key=(null)
[   37.961147] type=1327 audit(1790905007.063:244): proctitle="/system/bin/recovery"
[   37.961480] type=1320 audit(1790905007.063:244): 
[   37.961657] type=1400 audit(1790905007.063:245): avc:  denied  { getattr } for  comm="recovery" path="/tmp/aera/plugins/counter/plugin.json" dev="tmpfs" ino=17 scontext=u:r:recovery:s0 tcontext=u:object_r:appdomain_tmpfs:s0 tclass=file permissive=1
[   37.962555] type=1300 audit(1790905007.063:245): arch=c000003e syscall=5 success=yes exit=0 a0=17 a1=721866624180 a2=a0000 a3=0 items=0 ppid=1 auid=4294967295 uid=0 gid=0 euid=0 suid=0 fsuid=0 egid=0 sgid=0 fsgid=0 tty=(none) ses=4294967295 comm="recovery" exe="/system/bin/recovery" subj=u:r:recovery:s0 key=(null)
[   37.963468] type=1327 audit(1790905007.063:245): proctitle="/system/bin/recovery"
[   37.963732] type=1320 audit(1790905007.063:245): 
[   37.963934] type=1400 audit(1790905007.063:246): avc:  denied  { search } for  comm="recovery" name="AERA" dev="rootfs" ino=737 scontext=u:r:recovery:s0 tcontext=u:object_r:media_rw_data_file:s0 tclass=dir permissive=1
[   37.964588] type=1300 audit(1790905007.063:246): arch=c000003e syscall=257 success=no exit=-2 a0=ffffff9c a1=5985b65a0410 a2=90000 a3=0 items=0 ppid=1 auid=4294967295 uid=0 gid=0 euid=0 suid=0 fsuid=0 egid=0 sgid=0 fsgid=0 tty=(none) ses=4294967295 comm="recovery" exe="/system/bin/recovery" subj=u:r:recovery:s0 key=(null)
[   37.965474] type=1327 audit(1790905007.063:246): proctitle="/system/bin/recovery"
[   37.965721] type=1320 audit(1790905007.063:246): 
[   37.965902] type=1400 audit(1790905007.067:247): avc:  denied  { getattr } for  comm="recovery" path="/system/bin/aeraout" dev="rootfs" ino=742 scontext=u:r:recovery:s0 tcontext=u:object_r:rootfs:s0 tclass=fifo_file permissive=1
[   37.966507] type=1300 audit(1790905007.067:247): arch=c000003e syscall=5 success=yes exit=0 a0=12 a1=7218666245c0 a2=0 a3=38000 items=0 ppid=1 auid=4294967295 uid=0 gid=0 euid=0 suid=0 fsuid=0 egid=0 sgid=0 fsgid=0 tty=(none) ses=4294967295 comm="recovery" exe="/system/bin/recovery" subj=u:r:recovery:s0 key=(null)
[   37.967343] type=1327 audit(1790905007.067:247): proctitle="/system/bin/recovery"
[   37.967605] type=1320 audit(1790905007.067:247): 
[   37.968357] type=1400 audit(1790905007.067:248): avc:  denied  { write } for  comm="recovery" name="bin" dev="rootfs" ino=235 scontext=u:r:recovery:s0 tcontext=u:object_r:rootfs:s0 tclass=dir permissive=1
[   37.969200] type=1400 audit(1790905007.067:248): avc:  denied  { remove_name } for  comm="recovery" name="aerain" dev="rootfs" ino=741 scontext=u:r:recovery:s0 tcontext=u:object_r:rootfs:s0 tclass=dir permissive=1
[   37.969665] type=1400 audit(1790905007.067:248): avc:  denied  { unlink } for  comm="recovery" name="aerain" dev="rootfs" ino=741 scontext=u:r:recovery:s0 tcontext=u:object_r:rootfs:s0 tclass=fifo_file permissive=1
[   37.970158] type=1300 audit(1790905007.067:248): arch=c000003e syscall=263 success=yes exit=0 a0=ffffff9c a1=5985b61f68c7 a2=0 a3=18000 items=0 ppid=1 auid=4294967295 uid=0 gid=0 euid=0 suid=0 fsuid=0 egid=0 sgid=0 fsgid=0 tty=(none) ses=4294967295 comm="recovery" exe="/system/bin/recovery" subj=u:r:recovery:s0 key=(null)
[   37.970918] type=1327 audit(1790905007.067:248): proctitle="/system/bin/recovery"
[   37.971117] type=1320 audit(1790905007.067:248): 
[   37.971275] type=1400 audit(1790905007.067:249): avc:  denied  { add_name } for  comm="recovery" name="aerain" scontext=u:r:recovery:s0 tcontext=u:object_r:rootfs:s0 tclass=dir permissive=1
[   37.971697] type=1300 audit(1790905007.067:249): arch=c000003e syscall=259 success=yes exit=0 a0=ffffff9c a1=5985b61f68c7 a2=11b0 a3=0 items=2 ppid=1 auid=4294967295 uid=0 gid=0 euid=0 suid=0 fsuid=0 egid=0 sgid=0 fsgid=0 tty=(none) ses=4294967295 comm="recovery" exe="/system/bin/recovery" subj=u:r:recovery:s0 key=(null)
[   37.972353] type=1307 audit(1790905007.067:249): cwd="/"
[   37.972490] type=1302 audit(1790905007.067:249): item=0 name=(null) inode=235 dev=00:02 mode=040751 ouid=0 ogid=0 rdev=00:00 obj=u:object_r:rootfs:s0 nametype=PARENT cap_fp=0 cap_fi=0 cap_fe=0 cap_fver=0 cap_frootid=0
[   37.974048] type=1302 audit(1790905007.067:249): item=1 name=(null) inode=746 dev=00:02 mode=010660 ouid=0 ogid=0 rdev=00:00 obj=u:object_r:rootfs:s0 nametype=CREATE cap_fp=0 cap_fi=0 cap_fe=0 cap_fver=0 cap_frootid=0
[   37.975319] type=1327 audit(1790905007.067:249): proctitle="/system/bin/recovery"
[   37.975542] type=1320 audit(1790905007.067:249): 
[   37.975766] type=1400 audit(1790905007.071:250): avc:  denied  { map } for  comm="recovery" path="/tmp/aera/plugins/counter/runtime.xz" dev="tmpfs" ino=18 scontext=u:r:recovery:s0 tcontext=u:object_r:appdomain_tmpfs:s0 tclass=file permissive=1
[   37.976320] type=1300 audit(1790905007.071:250): arch=c000003e syscall=9 success=yes exit=125449072721920 a0=0 a1=19b209c a2=1 a3=2 items=0 ppid=1 auid=4294967295 uid=0 gid=0 euid=0 suid=0 fsuid=0 egid=0 sgid=0 fsgid=0 tty=(none) ses=4294967295 comm="recovery" exe="/system/bin/recovery" subj=u:r:recovery:s0 key=(null)
[   37.977115] type=1327 audit(1790905007.071:250): proctitle="/system/bin/recovery"
[   37.977370] type=1320 audit(1790905007.071:250): 
[   41.115741] type=1400 audit(1790905010.223:251): avc:  denied  { getattr } for  comm="recovery" path="/sdcard/AERA" dev="rootfs" ino=737 scontext=u:r:recovery:s0 tcontext=u:object_r:media_rw_data_file:s0 tclass=dir permissive=1
[   41.116316] type=1300 audit(1790905010.223:251): arch=c000003e syscall=262 success=yes exit=0 a0=ffffff9c a1=5985b61ec58f a2=721afd17bde0 a3=0 items=0 ppid=1 auid=4294967295 uid=0 gid=0 euid=0 suid=0 fsuid=0 egid=0 sgid=0 fsgid=0 tty=(none) ses=4294967295 comm="recovery" exe="/system/bin/recovery" subj=u:r:recovery:s0 key=(null)
[   41.117011] type=1327 audit(1790905010.223:251): proctitle="/system/bin/recovery"
[   41.117566] type=1320 audit(1790905010.223:251): 
[   41.122056] type=1400 audit(1790905010.231:252): avc:  denied  { create } for  comm="aera-plugin" name="usr" scontext=u:r:recovery:s0 tcontext=u:object_r:rootfs:s0 tclass=dir permissive=1
[   41.122495] type=1300 audit(1790905010.231:252): arch=c000003e syscall=83 success=yes exit=0 a0=7ffc2579d350 a1=1ff a2=0 a3=1 items=2 ppid=92 auid=4294967295 uid=0 gid=0 euid=0 suid=0 fsuid=0 egid=0 sgid=0 fsgid=0 tty=(none) ses=4294967295 comm="aera-plugin" exe="/tmp/aera-p2-BSD4FT/usr/bin/aera-plugin" subj=u:r:recovery:s0 key=(null)
[   41.123019] type=1307 audit(1790905010.231:252): cwd="/tmp/aera-p2-BSD4FT"
[   41.123163] type=1302 audit(1790905010.231:252): item=0 name=(null) inode=1 dev=00:02 mode=040755 ouid=0 ogid=0 rdev=00:00 obj=u:object_r:rootfs:s0 nametype=PARENT cap_fp=0 cap_fi=0 cap_fe=0 cap_fver=0 cap_frootid=0
[   41.123588] type=1302 audit(1790905010.231:252): item=1 name=(null) inode=748 dev=00:02 mode=040777 ouid=0 ogid=0 rdev=00:00 obj=u:object_r:rootfs:s0 nametype=CREATE cap_fp=0 cap_fi=0 cap_fe=0 cap_fver=0 cap_frootid=0
[   41.124030] type=1327 audit(1790905010.231:252): proctitle=2F746D702F616572612D70322D4253443446542F7573722F62696E2F616572612D706C7567696E002D2D616572612D686F73742D6170693D33
[   41.124309] type=1320 audit(1790905010.231:252): 
[   41.124449] type=1400 audit(1790905010.231:253): avc:  denied  { read write } for  comm="aera-plugin" name="renderD128" dev="tmpfs" ino=813 scontext=u:r:recovery:s0 tcontext=u:object_r:device:s0 tclass=chr_file permissive=1
[   41.124941] type=1400 audit(1790905010.231:253): avc:  denied  { open } for  comm="aera-plugin" path="/dev/dri/renderD128" dev="tmpfs" ino=813 scontext=u:r:recovery:s0 tcontext=u:object_r:device:s0 tclass=chr_file permissive=1
[   41.125807] type=1300 audit(1790905010.231:253): arch=c000003e syscall=257 success=yes exit=5 a0=ffffff9c a1=71c8ee39057f a2=80002 a3=0 items=0 ppid=92 auid=4294967295 uid=0 gid=0 euid=0 suid=0 fsuid=0 egid=0 sgid=0 fsgid=0 tty=(none) ses=4294967295 comm="aera-plugin" exe="/tmp/aera-p2-BSD4FT/usr/bin/aera-plugin" subj=u:r:recovery:s0 key=(null)
[   41.126493] type=1327 audit(1790905010.231:253): proctitle=2F746D702F616572612D70322D4253443446542F7573722F62696E2F616572612D706C7567696E002D2D616572612D686F73742D6170693D33
[   41.126884] type=1320 audit(1790905010.231:253): 
[   41.132663] type=1400 audit(1790905010.239:254): avc:  denied  { getattr } for  comm="ld-linux-x86-64" path="/dev/dri/card0" dev="tmpfs" ino=855 scontext=u:r:recovery:s0 tcontext=u:object_r:device:s0 tclass=chr_file permissive=1
[   41.133286] type=1300 audit(1790905010.239:254): arch=c000003e syscall=262 success=yes exit=0 a0=ffffff9c a1=7ffe918f1b90 a2=7ffe918f1b00 a3=0 items=0 ppid=92 auid=4294967295 uid=0 gid=0 euid=0 suid=0 fsuid=0 egid=0 sgid=0 fsgid=0 tty=(none) ses=4294967295 comm="ld-linux-x86-64" exe="/tmp/aera-p2-BSD4FT/usr/lib/ld-linux-x86-64.so.2" subj=u:r:recovery:s0 key=(null)
[   41.134108] type=1327 audit(1790905010.239:254): proctitle=2F746D702F616572612D70322D4253443446542F7573722F62696E2F616572612D706C7567696E002D2D616572612D686F73742D6170693D33
[   41.135150] type=1320 audit(1790905010.239:254): 
[   41.135371] type=1400 audit(1790905010.243:255): avc:  denied  { read } for  comm="ld-linux-x86-64" name="uevent" dev="sysfs" ino=3047 scontext=u:r:recovery:s0 tcontext=u:object_r:sysfs:s0 tclass=file permissive=1
[   41.136005] type=1400 audit(1790905010.243:255): avc:  denied  { open } for  comm="ld-linux-x86-64" path="/sys/devices/pci0000:00/0000:00:02.0/uevent" dev="sysfs" ino=3047 scontext=u:r:recovery:s0 tcontext=u:object_r:sysfs:s0 tclass=file permissive=1
[   41.136632] type=1300 audit(1790905010.243:255): arch=c000003e syscall=257 success=yes exit=6 a0=ffffff9c a1=7ffe918f09b0 a2=0 a3=0 items=0 ppid=92 auid=4294967295 uid=0 gid=0 euid=0 suid=0 fsuid=0 egid=0 sgid=0 fsgid=0 tty=(none) ses=4294967295 comm="ld-linux-x86-64" exe="/tmp/aera-p2-BSD4FT/usr/lib/ld-linux-x86-64.so.2" subj=u:r:recovery:s0 key=(null)
[   41.137423] type=1327 audit(1790905010.243:255): proctitle=2F746D702F616572612D70322D4253443446542F7573722F62696E2F616572612D706C7567696E002D2D616572612D686F73742D6170693D33
[   41.137804] type=1320 audit(1790905010.243:255): 
[   41.137950] type=1400 audit(1790905010.243:256): avc:  denied  { getattr } for  comm="ld-linux-x86-64" path="/sys/devices/pci0000:00/0000:00:02.0/uevent" dev="sysfs" ino=3047 scontext=u:r:recovery:s0 tcontext=u:object_r:sysfs:s0 tclass=file permissive=1
[   41.138513] type=1300 audit(1790905010.243:256): arch=c000003e syscall=5 success=yes exit=0 a0=6 a1=7ffe918f07c0 a2=751c1c09fee0 a3=555575502740 items=0 ppid=92 auid=4294967295 uid=0 gid=0 euid=0 suid=0 fsuid=0 egid=0 sgid=0 fsgid=0 tty=(none) ses=4294967295 comm="ld-linux-x86-64" exe="/tmp/aera-p2-BSD4FT/usr/lib/ld-linux-x86-64.so.2" subj=u:r:recovery:s0 key=(null)
[   41.139197] type=1327 audit(1790905010.243:256): proctitle=2F746D702F616572612D70322D4253443446542F7573722F62696E2F616572612D706C7567696E002D2D616572612D686F73742D6170693D33
[   41.139610] type=1320 audit(1790905010.243:256): 
[   41.139728] type=1400 audit(1790905010.243:257): avc:  denied  { map } for  comm="ld-linux-x86-64" path="/dev/dri/renderD128" dev="tmpfs" ino=813 scontext=u:r:recovery:s0 tcontext=u:object_r:device:s0 tclass=chr_file permissive=1
[   41.140162] type=1300 audit(1790905010.243:257): arch=c000003e syscall=9 success=yes exit=128763515117568 a0=0 a1=103000 a2=3 a3=1 items=0 ppid=92 auid=4294967295 uid=0 gid=0 euid=0 suid=0 fsuid=0 egid=0 sgid=0 fsgid=0 tty=(none) ses=4294967295 comm="ld-linux-x86-64" exe="/tmp/aera-p2-BSD4FT/usr/lib/ld-linux-x86-64.so.2" subj=u:r:recovery:s0 key=(null)
[   41.142072] type=1327 audit(1790905010.243:257): proctitle=2F746D702F616572612D70322D4253443446542F7573722F62696E2F616572612D706C7567696E002D2D616572612D686F73742D6170693D33
[   41.142404] type=1320 audit(1790905010.243:257): 
[   41.159532] type=1400 audit(1790905010.267:258): avc:  denied  { read } for  comm="ld-linux-x86-64" name="max_map_count" dev="proc" ino=177 scontext=u:r:recovery:s0 tcontext=u:object_r:proc_max_map_count:s0 tclass=file permissive=1
[   41.160157] type=1400 audit(1790905010.267:258): avc:  denied  { open } for  comm="ld-linux-x86-64" path="/proc/sys/vm/max_map_count" dev="proc" ino=177 scontext=u:r:recovery:s0 tcontext=u:object_r:proc_max_map_count:s0 tclass=file permissive=1
[   41.160913] type=1300 audit(1790905010.267:258): arch=c000003e syscall=257 success=yes exit=18 a0=ffffff9c a1=751c181fe3b3 a2=0 a3=0 items=0 ppid=92 auid=4294967295 uid=0 gid=0 euid=0 suid=0 fsuid=0 egid=0 sgid=0 fsgid=0 tty=(none) ses=4294967295 comm="ld-linux-x86-64" exe="/tmp/aera-p2-BSD4FT/usr/lib/ld-linux-x86-64.so.2" subj=u:r:recovery:s0 key=(null)
[   41.161653] type=1327 audit(1790905010.267:258): proctitle=2F746D702F616572612D70322D4253443446542F7573722F62696E2F616572612D706C7567696E002D2D616572612D686F73742D6170693D33
[   41.162117] type=1320 audit(1790905010.267:258): 
[   41.162252] type=1400 audit(1790905010.267:259): avc:  denied  { getattr } for  comm="ld-linux-x86-64" path="/proc/sys/vm/max_map_count" dev="proc" ino=177 scontext=u:r:recovery:s0 tcontext=u:object_r:proc_max_map_count:s0 tclass=file permissive=1
[   41.163114] type=1300 audit(1790905010.267:259): arch=c000003e syscall=5 success=yes exit=0 a0=12 a1=7ffe918fbdf0 a2=751c1c09fee0 a3=ffffffffffffff28 items=0 ppid=92 auid=4294967295 uid=0 gid=0 euid=0 suid=0 fsuid=0 egid=0 sgid=0 fsgid=0 tty=(none) ses=4294967295 comm="ld-linux-x86-64" exe="/tmp/aera-p2-BSD4FT/usr/lib/ld-linux-x86-64.so.2" subj=u:r:recovery:s0 key=(null)
[   41.163895] type=1327 audit(1790905010.267:259): proctitle=2F746D702F616572612D70322D4253443446542F7573722F62696E2F616572612D706C7567696E002D2D616572612D686F73742D6170693D33
[   41.164244] type=1320 audit(1790905010.267:259): 
[   41.164346] type=1400 audit(1790905010.271:260): avc:  denied  { execmem } for  comm="DartWorker" scontext=u:r:recovery:s0 tcontext=u:r:recovery:s0 tclass=process permissive=1
[   41.164737] type=1300 audit(1790905010.271:260): arch=c000003e syscall=9 success=yes exit=128763230162944 a0=751c1a8f0020 a1=ff000 a2=7 a3=22 items=0 ppid=92 auid=4294967295 uid=0 gid=0 euid=0 suid=0 fsuid=0 egid=0 sgid=0 fsgid=0 tty=(none) ses=4294967295 comm="DartWorker" exe="/tmp/aera-p2-BSD4FT/usr/lib/ld-linux-x86-64.so.2" subj=u:r:recovery:s0 key=(null)
[   41.166476] type=1327 audit(1790905010.271:260): proctitle=2F746D702F616572612D70322D4253443446542F7573722F6C69622F6C642D6C696E75782D7838362D36342E736F2E32002D2D6C6962726172792D70617468002F746D702F616572612D70322D4253443446542F7573722F6C6962002F746D702F616572612D70322D4253443446542F7573722F62696E2F616572612D666C75
[   41.167042] type=1320 audit(1790905010.271:260): 
[   41.192586] type=1400 audit(1790905010.299:261): avc:  denied  { read } for  comm="DartWorker" name="overcommit_memory" dev="proc" ino=5194 scontext=u:r:recovery:s0 tcontext=u:object_r:proc_overcommit_memory:s0 tclass=file permissive=1
[   41.193115] type=1400 audit(1790905010.299:261): avc:  denied  { open } for  comm="DartWorker" path="/proc/sys/vm/overcommit_memory" dev="proc" ino=5194 scontext=u:r:recovery:s0 tcontext=u:object_r:proc_overcommit_memory:s0 tclass=file permissive=1
[   41.193556] type=1300 audit(1790905010.299:261): arch=c000003e syscall=257 success=yes exit=18 a0=ffffff9c a1=751c1c06faa0 a2=80000 a3=0 items=0 ppid=92 auid=4294967295 uid=0 gid=0 euid=0 suid=0 fsuid=0 egid=0 sgid=0 fsgid=0 tty=(none) ses=4294967295 comm="DartWorker" exe="/tmp/aera-p2-BSD4FT/usr/lib/ld-linux-x86-64.so.2" subj=u:r:recovery:s0 key=(null)
[   41.194183] type=1327 audit(1790905010.299:261): proctitle=2F746D702F616572612D70322D4253443446542F7573722F6C69622F6C642D6C696E75782D7838362D36342E736F2E32002D2D6C6962726172792D70617468002F746D702F616572612D70322D4253443446542F7573722F6C6962002F746D702F616572612D70322D4253443446542F7573722F62696E2F616572612D666C75
[   41.194857] type=1320 audit(1790905010.299:261): 
[   41.194988] type=1400 audit(1790905010.303:262): avc:  denied  { bind } for  comm="DartWorker" scontext=u:r:recovery:s0 tcontext=u:r:recovery:s0 tclass=netlink_route_socket permissive=1
[   41.195345] type=1300 audit(1790905010.303:262): arch=c000003e syscall=49 success=yes exit=0 a0=12 a1=751c04efdac8 a2=c a3=751c06b48149 items=0 ppid=92 auid=4294967295 uid=0 gid=0 euid=0 suid=0 fsuid=0 egid=0 sgid=0 fsgid=0 tty=(none) ses=4294967295 comm="DartWorker" exe="/tmp/aera-p2-BSD4FT/usr/lib/ld-linux-x86-64.so.2" subj=u:r:recovery:s0 key=(null)
[   41.196037] type=1327 audit(1790905010.303:262): proctitle=2F746D702F616572612D70322D4253443446542F7573722F6C69622F6C642D6C696E75782D7838362D36342E736F2E32002D2D6C6962726172792D70617468002F746D702F616572612D70322D4253443446542F7573722F6C6962002F746D702F616572612D70322D4253443446542F7573722F62696E2F616572612D666C75
[   41.200583] type=1320 audit(1790905010.303:262): 
[   41.200743] type=1400 audit(1790905010.303:263): avc:  denied  { getattr } for  comm="DartWorker" scontext=u:r:recovery:s0 tcontext=u:r:recovery:s0 tclass=netlink_route_socket permissive=1
[   41.201151] type=1300 audit(1790905010.303:263): arch=c000003e syscall=51 success=yes exit=0 a0=12 a1=751c04efdac8 a2=751c04efdac4 a3=751c06b48149 items=0 ppid=92 auid=4294967295 uid=0 gid=0 euid=0 suid=0 fsuid=0 egid=0 sgid=0 fsgid=0 tty=(none) ses=4294967295 comm="DartWorker" exe="/tmp/aera-p2-BSD4FT/usr/lib/ld-linux-x86-64.so.2" subj=u:r:recovery:s0 key=(null)
[   41.201832] type=1306 audit(1790905010.303:263): saddr=100000008601000000000000
[   41.202043] type=1327 audit(1790905010.303:263): proctitle=2F746D702F616572612D70322D4253443446542F7573722F6C69622F6C642D6C696E75782D7838362D36342E736F2E32002D2D6C6962726172792D70617468002F746D702F616572612D70322D4253443446542F7573722F6C6962002F746D702F616572612D70322D4253443446542F7573722F62696E2F616572612D666C75
[   41.202615] type=1320 audit(1790905010.303:263): 
[   41.205545] type=1400 audit(1790905010.315:264): avc:  denied  { setopt } for  comm="DartWorker" scontext=u:r:recovery:s0 tcontext=u:r:recovery:s0 tclass=tcp_socket permissive=1
[   41.205891] type=1300 audit(1790905010.315:264): arch=c000003e syscall=54 success=yes exit=0 a0=12 a1=1 a2=2 a3=751c05afe074 items=0 ppid=92 auid=4294967295 uid=0 gid=0 euid=0 suid=0 fsuid=0 egid=0 sgid=0 fsgid=0 tty=(none) ses=4294967295 comm="DartWorker" exe="/tmp/aera-p2-BSD4FT/usr/lib/ld-linux-x86-64.so.2" subj=u:r:recovery:s0 key=(null)
[   41.206528] type=1327 audit(1790905010.315:264): proctitle=2F746D702F616572612D70322D4253443446542F7573722F6C69622F6C642D6C696E75782D7838362D36342E736F2E32002D2D6C6962726172792D70617468002F746D702F616572612D70322D4253443446542F7573722F6C6962002F746D702F616572612D70322D4253443446542F7573722F62696E2F616572612D666C75
[   41.207151] type=1320 audit(1790905010.315:264): 
[   41.207283] type=1400 audit(1790905010.315:265): avc:  denied  { bind } for  comm="DartWorker" scontext=u:r:recovery:s0 tcontext=u:r:recovery:s0 tclass=tcp_socket permissive=1
[   41.207627] type=1400 audit(1790905010.315:265): avc:  denied  { node_bind } for  comm="DartWorker" saddr=127.0.0.1 scontext=u:r:recovery:s0 tcontext=u:object_r:node:s0 tclass=tcp_socket permissive=1
[   41.207983] type=1300 audit(1790905010.315:265): arch=c000003e syscall=49 success=yes exit=0 a0=12 a1=751c05afe148 a2=10 a3=751c05afe074 items=0 ppid=92 auid=4294967295 uid=0 gid=0 euid=0 suid=0 fsuid=0 egid=0 sgid=0 fsgid=0 tty=(none) ses=4294967295 comm="DartWorker" exe="/tmp/aera-p2-BSD4FT/usr/lib/ld-linux-x86-64.so.2" subj=u:r:recovery:s0 key=(null)
[   41.210657] type=1327 audit(1790905010.315:265): proctitle=2F746D702F616572612D70322D4253443446542F7573722F6C69622F6C642D6C696E75782D7838362D36342E736F2E32002D2D6C6962726172792D70617468002F746D702F616572612D70322D4253443446542F7573722F6C6962002F746D702F616572612D70322D4253443446542F7573722F62696E2F616572612D666C75
[   41.211431] type=1320 audit(1790905010.315:265): 
[   41.211589] type=1400 audit(1790905010.315:266): avc:  denied  { getattr } for  comm="DartWorker" laddr=127.0.0.1 lport=40995 scontext=u:r:recovery:s0 tcontext=u:r:recovery:s0 tclass=tcp_socket permissive=1
[   41.213931] type=1300 audit(1790905010.315:266): arch=c000003e syscall=51 success=yes exit=0 a0=12 a1=751c05afdfd8 a2=751c05afe058 a3=751c05afe074 items=0 ppid=92 auid=4294967295 uid=0 gid=0 euid=0 suid=0 fsuid=0 egid=0 sgid=0 fsgid=0 tty=(none) ses=4294967295 comm="DartWorker" exe="/tmp/aera-p2-BSD4FT/usr/lib/ld-linux-x86-64.so.2" subj=u:r:recovery:s0 key=(null)
[   41.214932] type=1306 audit(1790905010.315:266): saddr=0200A0237F0000010000000000000000
[   41.215204] type=1327 audit(1790905010.315:266): proctitle=2F746D702F616572612D70322D4253443446542F7573722F6C69622F6C642D6C696E75782D7838362D36342E736F2E32002D2D6C6962726172792D70617468002F746D702F616572612D70322D4253443446542F7573722F6C6962002F746D702F616572612D70322D4253443446542F7573722F62696E2F616572612D666C75
[   41.215951] type=1320 audit(1790905010.315:266): 
[   41.216125] type=1400 audit(1790905010.315:267): avc:  denied  { listen } for  comm="DartWorker" laddr=127.0.0.1 lport=40995 scontext=u:r:recovery:s0 tcontext=u:r:recovery:s0 tclass=tcp_socket permissive=1
[   41.219511] type=1300 audit(1790905010.315:267): arch=c000003e syscall=50 success=yes exit=0 a0=12 a1=1000 a2=751c05afe058 a3=751c05afe074 items=0 ppid=92 auid=4294967295 uid=0 gid=0 euid=0 suid=0 fsuid=0 egid=0 sgid=0 fsgid=0 tty=(none) ses=4294967295 comm="DartWorker" exe="/tmp/aera-p2-BSD4FT/usr/lib/ld-linux-x86-64.so.2" subj=u:r:recovery:s0 key=(null)
[   41.220495] type=1327 audit(1790905010.315:267): proctitle=2F746D702F616572612D70322D4253443446542F7573722F6C69622F6C642D6C696E75782D7838362D36342E736F2E32002D2D6C6962726172792D70617468002F746D702F616572612D70322D4253443446542F7573722F6C6962002F746D702F616572612D70322D4253443446542F7573722F62696E2F616572612D666C75
[   41.223371] type=1320 audit(1790905010.315:267): 
[   60.458462] init: Untracked pid 419 exited with status 124
[   60.458662] init: Untracked pid 419 did not have an associated service entry and will not be reaped
[   62.911781] type=1400 audit(1790905032.023:268): avc:  denied  { call } for  comm="recovery" scontext=u:r:recovery:s0 tcontext=u:r:recovery:s0 tclass=binder permissive=1
[   62.912610] servicemanager: getDeviceHalManifest: Reading VINTF information.
[   62.912879] servicemanager: getDeviceHalManifest: status from fetching VINTF information: -2
[   62.913106] servicemanager: getDeviceHalManifest: -2 VINTF parse error: Cannot read /vendor/manifest.xml: No such file or directory
[   62.913256] type=1300 audit(1790905032.023:268): arch=c000003e syscall=16 success=yes exit=0 a0=f a1=c0306201 a2=721868cdd3b8 a3=ea000 items=0 ppid=1 auid=4294967295 uid=0 gid=0 euid=0 suid=0 fsuid=0 egid=0 sgid=0 fsgid=0 tty=(none) ses=4294967295 comm="recovery" exe="/system/bin/recovery" subj=u:r:recovery:s0 key=(null)
[   62.913490] servicemanager: getFrameworkHalManifest: Reading VINTF information.
[   62.913966] type=1327 audit(1790905032.023:268): proctitle="/system/bin/recovery"
[   62.914187] servicemanager: Cannot fetch /system/etc/vintf/manifest.xml: Cannot read /system/etc/vintf/manifest.xml: No such file or directory
[   62.914299] type=1320 audit(1790905032.023:268): 
[   62.915353] servicemanager: getFrameworkHalManifest: status from fetching VINTF information: -2
[   62.915589] servicemanager: getFrameworkHalManifest: -2 VINTF parse error: Cannot read /system/manifest.xml: No such file or directory
[   62.915830] servicemanager: NULL VINTF MANIFEST!: device
[   62.915915] servicemanager: NULL VINTF MANIFEST!: framework
[   62.916125] servicemanager: getDeviceHalManifest: Reading VINTF information.
[   62.916368] servicemanager: getDeviceHalManifest: status from fetching VINTF information: -2
[   62.916693] servicemanager: getDeviceHalManifest: -2 VINTF parse error: Cannot read /vendor/manifest.xml: No such file or directory
[   62.916968] servicemanager: getFrameworkHalManifest: Reading VINTF information.
[   62.917168] servicemanager: Cannot fetch /system/etc/vintf/manifest.xml: Cannot read /system/etc/vintf/manifest.xml: No such file or directory
[   62.917388] servicemanager: getFrameworkHalManifest: status from fetching VINTF information: -2
[   62.917560] servicemanager: getFrameworkHalManifest: -2 VINTF parse error: Cannot read /system/manifest.xml: No such file or directory
[   62.917862] servicemanager: NULL VINTF MANIFEST!: device
[   62.917969] servicemanager: NULL VINTF MANIFEST!: framework
[   62.918080] servicemanager: getDeviceHalManifest: Reading VINTF information.
[   62.918270] servicemanager: getDeviceHalManifest: status from fetching VINTF information: -2
[   62.918501] servicemanager: getDeviceHalManifest: -2 VINTF parse error: Cannot read /vendor/manifest.xml: No such file or directory
[   62.918738] servicemanager: getFrameworkHalManifest: Reading VINTF information.
[   62.918941] servicemanager: Cannot fetch /system/etc/vintf/manifest.xml: Cannot read /system/etc/vintf/manifest.xml: No such file or directory
[   62.919293] servicemanager: getFrameworkHalManifest: status from fetching VINTF information: -2
[   62.919503] servicemanager: getFrameworkHalManifest: -2 VINTF parse error: Cannot read /system/manifest.xml: No such file or directory
[   62.919771] servicemanager: NULL VINTF MANIFEST!: device
[   62.919914] servicemanager: NULL VINTF MANIFEST!: framework
[   62.920087] servicemanager: Caller(pid=92,uid=0,sid=u:r:recovery:s0) Could not find android.hardware.health.IHealth/default in the VINTF manifest. No alternative instances declared in VINTF.
[   64.093477] init: Untracked pid 443 exited with status 124
[   64.093733] init: Untracked pid 443 did not have an associated service entry and will not be reaped
[   67.737787] init: Untracked pid 462 exited with status 124
[   67.738169] init: Untracked pid 462 did not have an associated service entry and will not be reaped
[   71.393538] init: Untracked pid 484 exited with status 124
[   71.393792] init: Untracked pid 484 did not have an associated service entry and will not be reaped
[   73.283374] type=1400 audit(1790905042.391:269): avc:  denied  { name_bind } for  comm="recovery" src=8088 scontext=u:r:recovery:s0 tcontext=u:object_r:port:s0 tclass=tcp_socket permissive=1
[   73.283675] input: AERA Remote Input as /devices/virtual/input/input6
[   73.283875] type=1300 audit(1790905042.391:269): arch=c000003e syscall=49 success=yes exit=0 a0=18 a1=721864dc57d0 a2=10 a3=721864dc57c4 items=0 ppid=1 auid=4294967295 uid=0 gid=0 euid=0 suid=0 fsuid=0 egid=0 sgid=0 fsgid=0 tty=(none) ses=4294967295 comm="recovery" exe="/system/bin/recovery" subj=u:r:recovery:s0 key=(null)
[   73.284623] type=1327 audit(1790905042.391:269): proctitle="/system/bin/recovery"
[   73.284826] type=1320 audit(1790905042.391:269): 
[   73.285671] type=1400 audit(1790905042.391:270): avc:  denied  { write } for  comm="recovery" name="uinput" dev="tmpfs" ino=905 scontext=u:r:recovery:s0 tcontext=u:object_r:uhid_device:s0 tclass=chr_file permissive=1
[   73.286144] type=1400 audit(1790905042.391:270): avc:  denied  { open } for  comm="recovery" path="/dev/uinput" dev="tmpfs" ino=905 scontext=u:r:recovery:s0 tcontext=u:object_r:uhid_device:s0 tclass=chr_file permissive=1
[   73.286624] type=1300 audit(1790905042.391:270): arch=c000003e syscall=257 success=yes exit=25 a0=ffffff9c a1=5985b61eab40 a2=80801 a3=0 items=0 ppid=1 auid=4294967295 uid=0 gid=0 euid=0 suid=0 fsuid=0 egid=0 sgid=0 fsgid=0 tty=(none) ses=4294967295 comm="recovery" exe="/system/bin/recovery" subj=u:r:recovery:s0 key=(null)
[   73.287203] type=1327 audit(1790905042.391:270): proctitle="/system/bin/recovery"
[   73.287325] type=1320 audit(1790905042.391:270): 
[   73.287437] type=1400 audit(1790905042.391:271): avc:  denied  { ioctl } for  comm="recovery" path="/dev/uinput" dev="tmpfs" ino=905 ioctlcmd=0x5564 scontext=u:r:recovery:s0 tcontext=u:object_r:uhid_device:s0 tclass=chr_file permissive=1
[   73.288378] type=1300 audit(1790905042.391:271): arch=c000003e syscall=16 success=yes exit=0 a0=19 a1=40045564 a2=0 a3=0 items=0 ppid=1 auid=4294967295 uid=0 gid=0 euid=0 suid=0 fsuid=0 egid=0 sgid=0 fsgid=0 tty=(none) ses=4294967295 comm="recovery" exe="/system/bin/recovery" subj=u:r:recovery:s0 key=(null)
[   73.289011] type=1327 audit(1790905042.391:271): proctitle="/system/bin/recovery"
[   73.289194] type=1320 audit(1790905042.391:271): 
[   73.289355] type=1400 audit(1790905042.395:272): avc:  denied  { accept } for  comm="recovery" lport=8088 scontext=u:r:recovery:s0 tcontext=u:r:recovery:s0 tclass=tcp_socket permissive=1
[   75.344380] type=1300 audit(1790905042.395:272): arch=c000003e syscall=288 success=yes exit=26 a0=18 a1=0 a2=0 a3=80000 items=0 ppid=1 auid=4294967295 uid=0 gid=0 euid=0 suid=0 fsuid=0 egid=0 sgid=0 fsgid=0 tty=(none) ses=4294967295 comm="recovery" exe="/system/bin/recovery" subj=u:r:recovery:s0 key=(null)
[   75.345537] type=1327 audit(1790905042.395:272): proctitle="/system/bin/recovery"
[   75.345863] type=1320 audit(1790905042.395:272): 
[   75.346327] type=1400 audit(1790905044.451:273): avc:  denied  { read } for  comm="recovery" laddr=127.0.0.1 lport=8088 faddr=127.0.0.1 fport=59511 scontext=u:r:recovery:s0 tcontext=u:r:recovery:s0 tclass=tcp_socket permissive=1
[   75.346796] type=1300 audit(1790905044.451:273): arch=c000003e syscall=45 success=yes exit=111 a0=1a a1=721864dc4ad0 a2=1000 a3=0 items=0 ppid=1 auid=4294967295 uid=0 gid=0 euid=0 suid=0 fsuid=0 egid=0 sgid=0 fsgid=0 tty=(none) ses=4294967295 comm="recovery" exe="/system/bin/recovery" subj=u:r:recovery:s0 key=(null)
[   75.347446] type=1327 audit(1790905044.451:273): proctitle="/system/bin/recovery"
[   75.347750] type=1320 audit(1790905044.451:273): 
[   75.347884] type=1400 audit(1790905044.459:274): avc:  denied  { write } for  comm="recovery" laddr=127.0.0.1 lport=8088 faddr=127.0.0.1 fport=59511 scontext=u:r:recovery:s0 tcontext=u:r:recovery:s0 tclass=tcp_socket permissive=1
[   75.348357] type=1300 audit(1790905044.459:274): arch=c000003e syscall=44 success=yes exit=178 a0=1a a1=721a59803630 a2=b2 a3=4000 items=0 ppid=1 auid=4294967295 uid=0 gid=0 euid=0 suid=0 fsuid=0 egid=0 sgid=0 fsgid=0 tty=(none) ses=4294967295 comm="recovery" exe="/system/bin/recovery" subj=u:r:recovery:s0 key=(null)
[   75.349041] type=1327 audit(1790905044.459:274): proctitle="/system/bin/recovery"
[   75.349229] type=1320 audit(1790905044.459:274): 
[   75.349377] type=1400 audit(1790905044.459:275): avc:  denied  { shutdown } for  comm="recovery" laddr=127.0.0.1 lport=8088 faddr=127.0.0.1 fport=59511 scontext=u:r:recovery:s0 tcontext=u:r:recovery:s0 tclass=tcp_socket permissive=1
[   75.349879] type=1300 audit(1790905044.459:275): arch=c000003e syscall=48 success=yes exit=0 a0=1a a1=2 a2=f a3=4000 items=0 ppid=1 auid=4294967295 uid=0 gid=0 euid=0 suid=0 fsuid=0 egid=0 sgid=0 fsgid=0 tty=(none) ses=4294967295 comm="recovery" exe="/system/bin/recovery" subj=u:r:recovery:s0 key=(null)
[   75.350362] type=1327 audit(1790905044.459:275): proctitle="/system/bin/recovery"
[   75.350516] type=1320 audit(1790905044.459:275): 
[   79.509240] init: Untracked pid 515 exited with status 124
[   79.509471] init: Untracked pid 515 did not have an associated service entry and will not be reaped
[   83.117650] logd: logdr: UID=0 GID=0 PID=549 n tail=0 logMask=99 pid=0 start=0ns deadline=0ns
[  122.971759] servicemanager: getDeviceHalManifest: Reading VINTF information.
[  122.972268] servicemanager: getDeviceHalManifest: status from fetching VINTF information: -2
[  122.972782] servicemanager: getDeviceHalManifest: -2 VINTF parse error: Cannot read /vendor/manifest.xml: No such file or directory
[  122.973082] servicemanager: getFrameworkHalManifest: Reading VINTF information.
[  122.973257] servicemanager: Cannot fetch /system/etc/vintf/manifest.xml: Cannot read /system/etc/vintf/manifest.xml: No such file or directory
[  122.973531] servicemanager: getFrameworkHalManifest: status from fetching VINTF information: -2
[  122.973713] servicemanager: getFrameworkHalManifest: -2 VINTF parse error: Cannot read /system/manifest.xml: No such file or directory
[  122.975162] servicemanager: NULL VINTF MANIFEST!: device
[  122.975268] servicemanager: NULL VINTF MANIFEST!: framework
[  122.975391] servicemanager: getDeviceHalManifest: Reading VINTF information.
[  122.975651] servicemanager: getDeviceHalManifest: status from fetching VINTF information: -2
[  122.975913] servicemanager: getDeviceHalManifest: -2 VINTF parse error: Cannot read /vendor/manifest.xml: No such file or directory
[  122.976305] servicemanager: getFrameworkHalManifest: Reading VINTF information.
[  122.976479] servicemanager: Cannot fetch /system/etc/vintf/manifest.xml: Cannot read /system/etc/vintf/manifest.xml: No such file or directory
[  122.976769] servicemanager: getFrameworkHalManifest: status from fetching VINTF information: -2
[  122.977014] servicemanager: getFrameworkHalManifest: -2 VINTF parse error: Cannot read /system/manifest.xml: No such file or directory
[  122.977325] servicemanager: NULL VINTF MANIFEST!: device
[  122.977539] servicemanager: NULL VINTF MANIFEST!: framework
[  122.977698] servicemanager: getDeviceHalManifest: Reading VINTF information.
[  122.977921] servicemanager: getDeviceHalManifest: status from fetching VINTF information: -2
[  122.978148] servicemanager: getDeviceHalManifest: -2 VINTF parse error: Cannot read /vendor/manifest.xml: No such file or directory
[  122.978498] servicemanager: getFrameworkHalManifest: Reading VINTF information.
[  122.978704] servicemanager: Cannot fetch /system/etc/vintf/manifest.xml: Cannot read /system/etc/vintf/manifest.xml: No such file or directory
[  122.979042] servicemanager: getFrameworkHalManifest: status from fetching VINTF information: -2
[  122.979252] servicemanager: getFrameworkHalManifest: -2 VINTF parse error: Cannot read /system/manifest.xml: No such file or directory
[  122.979564] servicemanager: NULL VINTF MANIFEST!: device
[  122.979745] servicemanager: NULL VINTF MANIFEST!: framework
[  122.979902] servicemanager: Caller(pid=92,uid=0,sid=u:r:recovery:s0) Could not find android.hardware.health.IHealth/default in the VINTF manifest. No alternative instances declared in VINTF.
[  169.295193] type=1400 audit(1790905138.403:276): avc:  denied  { write } for  comm="recovery" name="aeraout" dev="rootfs" ino=754 scontext=u:r:recovery:s0 tcontext=u:object_r:rootfs:s0 tclass=fifo_file permissive=1
[  169.295764] type=1400 audit(1790905138.403:276): avc:  denied  { open } for  comm="recovery" path="/system/bin/aeraout" dev="rootfs" ino=754 scontext=u:r:recovery:s0 tcontext=u:object_r:rootfs:s0 tclass=fifo_file permissive=1
[  169.297230] type=1300 audit(1790905138.403:276): arch=c000003e syscall=257 success=yes exit=18 a0=ffffff9c a1=5985b61e4944 a2=241 a3=1b6 items=0 ppid=1 auid=4294967295 uid=0 gid=0 euid=0 suid=0 fsuid=0 egid=0 sgid=0 fsgid=0 tty=(none) ses=4294967295 comm="recovery" exe="/system/bin/recovery" subj=u:r:recovery:s0 key=(null)
[  169.297996] type=1327 audit(1790905138.403:276): proctitle="/system/bin/recovery"
[  169.298185] type=1320 audit(1790905138.403:276): 
[  169.298401] type=1400 audit(1790905138.407:277): avc:  denied  { getattr } for  comm="recovery" path="/system/bin/aeraout" dev="rootfs" ino=754 scontext=u:r:recovery:s0 tcontext=u:object_r:rootfs:s0 tclass=fifo_file permissive=1
[  169.299564] type=1300 audit(1790905138.407:277): arch=c000003e syscall=5 success=yes exit=0 a0=12 a1=721864dc55c0 a2=0 a3=40000 items=0 ppid=1 auid=4294967295 uid=0 gid=0 euid=0 suid=0 fsuid=0 egid=0 sgid=0 fsgid=0 tty=(none) ses=4294967295 comm="recovery" exe="/system/bin/recovery" subj=u:r:recovery:s0 key=(null)
[  169.300279] type=1327 audit(1790905138.407:277): proctitle="/system/bin/recovery"
[  169.300451] type=1320 audit(1790905138.407:277): 
[  169.300592] type=1400 audit(1790905138.407:278): avc:  denied  { unlink } for  comm="recovery" name="aerain" dev="rootfs" ino=753 scontext=u:r:recovery:s0 tcontext=u:object_r:rootfs:s0 tclass=fifo_file permissive=1
[  169.300860] type=1300 audit(1790905138.407:278): arch=c000003e syscall=263 success=yes exit=0 a0=ffffff9c a1=5985b61f68c7 a2=0 a3=0 items=0 ppid=1 auid=4294967295 uid=0 gid=0 euid=0 suid=0 fsuid=0 egid=0 sgid=0 fsgid=0 tty=(none) ses=4294967295 comm="recovery" exe="/system/bin/recovery" subj=u:r:recovery:s0 key=(null)
[  169.301275] type=1327 audit(1790905138.407:278): proctitle="/system/bin/recovery"
[  169.301427] type=1320 audit(1790905138.407:278): 
[  169.301538] type=1400 audit(1790905138.407:279): avc:  denied  { create } for  comm="recovery" name="aerain" scontext=u:r:recovery:s0 tcontext=u:object_r:rootfs:s0 tclass=fifo_file permissive=1
[  169.301804] type=1300 audit(1790905138.407:279): arch=c000003e syscall=259 success=yes exit=0 a0=ffffff9c a1=5985b61f68c7 a2=11b0 a3=0 items=2 ppid=1 auid=4294967295 uid=0 gid=0 euid=0 suid=0 fsuid=0 egid=0 sgid=0 fsgid=0 tty=(none) ses=4294967295 comm="recovery" exe="/system/bin/recovery" subj=u:r:recovery:s0 key=(null)
[  169.302214] type=1307 audit(1790905138.407:279): cwd="/"
[  169.302334] type=1302 audit(1790905138.407:279): item=0 name=(null) inode=235 dev=00:02 mode=040751 ouid=0 ogid=0 rdev=00:00 obj=u:object_r:rootfs:s0 nametype=PARENT cap_fp=0 cap_fi=0 cap_fe=0 cap_fver=0 cap_frootid=0
[  169.302598] type=1302 audit(1790905138.407:279): item=1 name=(null) inode=755 dev=00:02 mode=010660 ouid=0 ogid=0 rdev=00:00 obj=u:object_r:rootfs:s0 nametype=CREATE cap_fp=0 cap_fi=0 cap_fe=0 cap_fver=0 cap_frootid=0
[  169.303038] type=1327 audit(1790905138.407:279): proctitle="/system/bin/recovery"
[  169.303231] type=1320 audit(1790905138.407:279): 
[  169.303377] type=1400 audit(1790905138.407:280): avc:  denied  { read } for  comm="recovery" name="aerain" dev="rootfs" ino=755 scontext=u:r:recovery:s0 tcontext=u:object_r:rootfs:s0 tclass=fifo_file permissive=1
[  169.303810] type=1300 audit(1790905138.407:280): arch=c000003e syscall=257 success=yes exit=18 a0=ffffff9c a1=5985b61f68c7 a2=80800 a3=0 items=0 ppid=1 auid=4294967295 uid=0 gid=0 euid=0 suid=0 fsuid=0 egid=0 sgid=0 fsgid=0 tty=(none) ses=4294967295 comm="recovery" exe="/system/bin/recovery" subj=u:r:recovery:s0 key=(null)
[  169.305246] type=1327 audit(1790905138.407:280): proctitle="/system/bin/recovery"
[  169.305469] type=1320 audit(1790905138.407:280): 
[  172.639142] type=1400 audit(1790905141.747:281): avc:  denied  { bind } for  comm="DartWorker" scontext=u:r:recovery:s0 tcontext=u:r:recovery:s0 tclass=netlink_route_socket permissive=1
[  172.644578] type=1300 audit(1790905141.747:281): arch=c000003e syscall=49 success=yes exit=0 a0=12 a1=76921c17dac8 a2=c a3=76922c749149 items=0 ppid=92 auid=4294967295 uid=0 gid=0 euid=0 suid=0 fsuid=0 egid=0 sgid=0 fsgid=0 tty=(none) ses=4294967295 comm="DartWorker" exe="/tmp/aera-p2-08fhP0/usr/lib/ld-linux-x86-64.so.2" subj=u:r:recovery:s0 key=(null)
[  172.645425] type=1327 audit(1790905141.747:281): proctitle=2F746D702F616572612D70322D3038666850302F7573722F6C69622F6C642D6C696E75782D7838362D36342E736F2E32002D2D6C6962726172792D70617468002F746D702F616572612D70322D3038666850302F7573722F6C6962002F746D702F616572612D70322D3038666850302F7573722F62696E2F616572612D666C75
[  172.646076] type=1320 audit(1790905141.747:281): 
[  172.646267] type=1400 audit(1790905141.747:282): avc:  denied  { getattr } for  comm="DartWorker" scontext=u:r:recovery:s0 tcontext=u:r:recovery:s0 tclass=netlink_route_socket permissive=1
[  172.646681] type=1300 audit(1790905141.747:282): arch=c000003e syscall=51 success=yes exit=0 a0=12 a1=76921c17dac8 a2=76921c17dac4 a3=76922c749149 items=0 ppid=92 auid=4294967295 uid=0 gid=0 euid=0 suid=0 fsuid=0 egid=0 sgid=0 fsgid=0 tty=(none) ses=4294967295 comm="DartWorker" exe="/tmp/aera-p2-08fhP0/usr/lib/ld-linux-x86-64.so.2" subj=u:r:recovery:s0 key=(null)
[  172.647470] type=1306 audit(1790905141.747:282): saddr=100000007702000000000000
[  172.647659] type=1327 audit(1790905141.747:282): proctitle=2F746D702F616572612D70322D3038666850302F7573722F6C69622F6C642D6C696E75782D7838362D36342E736F2E32002D2D6C6962726172792D70617468002F746D702F616572612D70322D3038666850302F7573722F6C6962002F746D702F616572612D70322D3038666850302F7573722F62696E2F616572612D666C75
[  172.648234] type=1320 audit(1790905141.747:282): 
[  183.030728] servicemanager: getDeviceHalManifest: Reading VINTF information.
[  183.031390] servicemanager: getDeviceHalManifest: status from fetching VINTF information: -2
[  183.031607] servicemanager: getDeviceHalManifest: -2 VINTF parse error: Cannot read /vendor/manifest.xml: No such file or directory
[  183.031836] servicemanager: getFrameworkHalManifest: Reading VINTF information.
[  183.032064] servicemanager: Cannot fetch /system/etc/vintf/manifest.xml: Cannot read /system/etc/vintf/manifest.xml: No such file or directory
[  183.032271] servicemanager: getFrameworkHalManifest: status from fetching VINTF information: -2
[  183.032555] servicemanager: getFrameworkHalManifest: -2 VINTF parse error: Cannot read /system/manifest.xml: No such file or directory
[  183.032816] servicemanager: NULL VINTF MANIFEST!: device
[  183.032919] servicemanager: NULL VINTF MANIFEST!: framework
[  183.033058] servicemanager: getDeviceHalManifest: Reading VINTF information.
[  183.033240] servicemanager: getDeviceHalManifest: status from fetching VINTF information: -2
[  183.033776] servicemanager: getDeviceHalManifest: -2 VINTF parse error: Cannot read /vendor/manifest.xml: No such file or directory
[  183.034136] servicemanager: getFrameworkHalManifest: Reading VINTF information.
[  183.034985] servicemanager: Cannot fetch /system/etc/vintf/manifest.xml: Cannot read /system/etc/vintf/manifest.xml: No such file or directory
[  183.035378] servicemanager: getFrameworkHalManifest: status from fetching VINTF information: -2
[  183.035619] servicemanager: getFrameworkHalManifest: -2 VINTF parse error: Cannot read /system/manifest.xml: No such file or directory
[  183.035867] servicemanager: NULL VINTF MANIFEST!: device
[  183.035981] servicemanager: NULL VINTF MANIFEST!: framework
[  183.036126] servicemanager: getDeviceHalManifest: Reading VINTF information.
[  183.036335] servicemanager: getDeviceHalManifest: status from fetching VINTF information: -2
[  183.036585] servicemanager: getDeviceHalManifest: -2 VINTF parse error: Cannot read /vendor/manifest.xml: No such file or directory
[  183.036868] servicemanager: getFrameworkHalManifest: Reading VINTF information.
[  183.037113] servicemanager: Cannot fetch /system/etc/vintf/manifest.xml: Cannot read /system/etc/vintf/manifest.xml: No such file or directory
[  183.037431] servicemanager: getFrameworkHalManifest: status from fetching VINTF information: -2
[  183.037635] servicemanager: getFrameworkHalManifest: -2 VINTF parse error: Cannot read /system/manifest.xml: No such file or directory
[  183.037939] servicemanager: NULL VINTF MANIFEST!: device
[  183.038069] servicemanager: NULL VINTF MANIFEST!: framework
[  183.038243] servicemanager: Caller(pid=92,uid=0,sid=u:r:recovery:s0) Could not find android.hardware.health.IHealth/default in the VINTF manifest. No alternative instances declared in VINTF.
[  243.073436] servicemanager: getDeviceHalManifest: Reading VINTF information.
[  243.074225] servicemanager: getDeviceHalManifest: status from fetching VINTF information: -2
[  243.074449] servicemanager: getDeviceHalManifest: -2 VINTF parse error: Cannot read /vendor/manifest.xml: No such file or directory
[  243.075148] servicemanager: getFrameworkHalManifest: Reading VINTF information.
[  243.075357] servicemanager: Cannot fetch /system/etc/vintf/manifest.xml: Cannot read /system/etc/vintf/manifest.xml: No such file or directory
[  243.075597] servicemanager: getFrameworkHalManifest: status from fetching VINTF information: -2
[  243.075789] servicemanager: getFrameworkHalManifest: -2 VINTF parse error: Cannot read /system/manifest.xml: No such file or directory
[  243.076012] servicemanager: NULL VINTF MANIFEST!: device
[  243.076124] servicemanager: NULL VINTF MANIFEST!: framework
[  243.076249] servicemanager: getDeviceHalManifest: Reading VINTF information.
[  243.076556] servicemanager: getDeviceHalManifest: status from fetching VINTF information: -2
[  243.076758] servicemanager: getDeviceHalManifest: -2 VINTF parse error: Cannot read /vendor/manifest.xml: No such file or directory
[  243.077051] servicemanager: getFrameworkHalManifest: Reading VINTF information.
[  243.077237] servicemanager: Cannot fetch /system/etc/vintf/manifest.xml: Cannot read /system/etc/vintf/manifest.xml: No such file or directory
[  243.077556] servicemanager: getFrameworkHalManifest: status from fetching VINTF information: -2
[  243.077713] servicemanager: getFrameworkHalManifest: -2 VINTF parse error: Cannot read /system/manifest.xml: No such file or directory
[  243.077930] servicemanager: NULL VINTF MANIFEST!: device
[  243.078071] servicemanager: NULL VINTF MANIFEST!: framework
[  243.078180] servicemanager: getDeviceHalManifest: Reading VINTF information.
[  243.078368] servicemanager: getDeviceHalManifest: status from fetching VINTF information: -2
[  243.078639] servicemanager: getDeviceHalManifest: -2 VINTF parse error: Cannot read /vendor/manifest.xml: No such file or directory
[  243.078832] servicemanager: getFrameworkHalManifest: Reading VINTF information.
[  243.079002] servicemanager: Cannot fetch /system/etc/vintf/manifest.xml: Cannot read /system/etc/vintf/manifest.xml: No such file or directory
[  243.079257] servicemanager: getFrameworkHalManifest: status from fetching VINTF information: -2
[  243.079450] servicemanager: getFrameworkHalManifest: -2 VINTF parse error: Cannot read /system/manifest.xml: No such file or directory
[  243.079733] servicemanager: NULL VINTF MANIFEST!: device
[  243.079858] servicemanager: NULL VINTF MANIFEST!: framework
[  243.079999] servicemanager: Caller(pid=92,uid=0,sid=u:r:recovery:s0) Could not find android.hardware.health.IHealth/default in the VINTF manifest. No alternative instances declared in VINTF.
[  303.108645] servicemanager: getDeviceHalManifest: Reading VINTF information.
[  303.109181] servicemanager: getDeviceHalManifest: status from fetching VINTF information: -2
[  303.109378] servicemanager: getDeviceHalManifest: -2 VINTF parse error: Cannot read /vendor/manifest.xml: No such file or directory
[  303.109624] servicemanager: getFrameworkHalManifest: Reading VINTF information.
[  303.109797] servicemanager: Cannot fetch /system/etc/vintf/manifest.xml: Cannot read /system/etc/vintf/manifest.xml: No such file or directory
[  303.110082] servicemanager: getFrameworkHalManifest: status from fetching VINTF information: -2
[  303.110305] servicemanager: getFrameworkHalManifest: -2 VINTF parse error: Cannot read /system/manifest.xml: No such file or directory
[  303.110605] servicemanager: NULL VINTF MANIFEST!: device
[  303.110718] servicemanager: NULL VINTF MANIFEST!: framework
[  303.110854] servicemanager: getDeviceHalManifest: Reading VINTF information.
[  303.111067] servicemanager: getDeviceHalManifest: status from fetching VINTF information: -2
[  303.111263] servicemanager: getDeviceHalManifest: -2 VINTF parse error: Cannot read /vendor/manifest.xml: No such file or directory
[  303.111532] servicemanager: getFrameworkHalManifest: Reading VINTF information.
[  303.111733] servicemanager: Cannot fetch /system/etc/vintf/manifest.xml: Cannot read /system/etc/vintf/manifest.xml: No such file or directory
[  303.112076] servicemanager: getFrameworkHalManifest: status from fetching VINTF information: -2
[  303.116391] servicemanager: getFrameworkHalManifest: -2 VINTF parse error: Cannot read /system/manifest.xml: No such file or directory
[  303.119006] servicemanager: NULL VINTF MANIFEST!: device
[  303.119116] servicemanager: NULL VINTF MANIFEST!: framework
[  303.119303] servicemanager: getDeviceHalManifest: Reading VINTF information.
[  303.119580] servicemanager: getDeviceHalManifest: status from fetching VINTF information: -2
[  303.119803] servicemanager: getDeviceHalManifest: -2 VINTF parse error: Cannot read /vendor/manifest.xml: No such file or directory
[  303.120108] servicemanager: getFrameworkHalManifest: Reading VINTF information.
[  303.120306] servicemanager: Cannot fetch /system/etc/vintf/manifest.xml: Cannot read /system/etc/vintf/manifest.xml: No such file or directory
[  303.121093] servicemanager: getFrameworkHalManifest: status from fetching VINTF information: -2
[  303.123975] servicemanager: getFrameworkHalManifest: -2 VINTF parse error: Cannot read /system/manifest.xml: No such file or directory
[  303.124228] servicemanager: NULL VINTF MANIFEST!: device
[  303.124392] servicemanager: NULL VINTF MANIFEST!: framework
[  303.124579] servicemanager: Caller(pid=92,uid=0,sid=u:r:recovery:s0) Could not find android.hardware.health.IHealth/default in the VINTF manifest. No alternative instances declared in VINTF.
[  363.161148] servicemanager: getDeviceHalManifest: Reading VINTF information.
[  363.161541] servicemanager: getDeviceHalManifest: status from fetching VINTF information: -2
[  363.161823] servicemanager: getDeviceHalManifest: -2 VINTF parse error: Cannot read /vendor/manifest.xml: No such file or directory
[  363.162088] servicemanager: getFrameworkHalManifest: Reading VINTF information.
[  363.162249] servicemanager: Cannot fetch /system/etc/vintf/manifest.xml: Cannot read /system/etc/vintf/manifest.xml: No such file or directory
[  363.162536] servicemanager: getFrameworkHalManifest: status from fetching VINTF information: -2
[  363.162735] servicemanager: getFrameworkHalManifest: -2 VINTF parse error: Cannot read /system/manifest.xml: No such file or directory
[  363.163030] servicemanager: NULL VINTF MANIFEST!: device
[  363.163129] servicemanager: NULL VINTF MANIFEST!: framework
[  363.163275] servicemanager: getDeviceHalManifest: Reading VINTF information.
[  363.163458] servicemanager: getDeviceHalManifest: status from fetching VINTF information: -2
[  363.164277] servicemanager: getDeviceHalManifest: -2 VINTF parse error: Cannot read /vendor/manifest.xml: No such file or directory
[  363.164735] servicemanager: getFrameworkHalManifest: Reading VINTF information.
[  363.164989] servicemanager: Cannot fetch /system/etc/vintf/manifest.xml: Cannot read /system/etc/vintf/manifest.xml: No such file or directory
[  363.165316] servicemanager: getFrameworkHalManifest: status from fetching VINTF information: -2
[  363.165503] servicemanager: getFrameworkHalManifest: -2 VINTF parse error: Cannot read /system/manifest.xml: No such file or directory
[  363.165753] servicemanager: NULL VINTF MANIFEST!: device
[  363.165867] servicemanager: NULL VINTF MANIFEST!: framework
[  363.165983] servicemanager: getDeviceHalManifest: Reading VINTF information.
[  363.166165] servicemanager: getDeviceHalManifest: status from fetching VINTF information: -2
[  363.166413] servicemanager: getDeviceHalManifest: -2 VINTF parse error: Cannot read /vendor/manifest.xml: No such file or directory
[  363.166649] servicemanager: getFrameworkHalManifest: Reading VINTF information.
[  363.166827] servicemanager: Cannot fetch /system/etc/vintf/manifest.xml: Cannot read /system/etc/vintf/manifest.xml: No such file or directory
[  363.167066] servicemanager: getFrameworkHalManifest: status from fetching VINTF information: -2
[  363.167256] servicemanager: getFrameworkHalManifest: -2 VINTF parse error: Cannot read /system/manifest.xml: No such file or directory
[  363.167560] servicemanager: NULL VINTF MANIFEST!: device
[  363.167685] servicemanager: NULL VINTF MANIFEST!: framework
[  363.167795] servicemanager: Caller(pid=92,uid=0,sid=u:r:recovery:s0) Could not find android.hardware.health.IHealth/default in the VINTF manifest. No alternative instances declared in VINTF.
[  423.201618] servicemanager: getDeviceHalManifest: Reading VINTF information.
[  423.202070] servicemanager: getDeviceHalManifest: status from fetching VINTF information: -2
[  423.202288] servicemanager: getDeviceHalManifest: -2 VINTF parse error: Cannot read /vendor/manifest.xml: No such file or directory
[  423.202557] servicemanager: getFrameworkHalManifest: Reading VINTF information.
[  423.202783] servicemanager: Cannot fetch /system/etc/vintf/manifest.xml: Cannot read /system/etc/vintf/manifest.xml: No such file or directory
[  423.203965] servicemanager: getFrameworkHalManifest: status from fetching VINTF information: -2
[  423.204140] servicemanager: getFrameworkHalManifest: -2 VINTF parse error: Cannot read /system/manifest.xml: No such file or directory
[  423.204485] servicemanager: NULL VINTF MANIFEST!: device
[  423.204596] servicemanager: NULL VINTF MANIFEST!: framework
[  423.204719] servicemanager: getDeviceHalManifest: Reading VINTF information.
[  423.204905] servicemanager: getDeviceHalManifest: status from fetching VINTF information: -2
[  423.205091] servicemanager: getDeviceHalManifest: -2 VINTF parse error: Cannot read /vendor/manifest.xml: No such file or directory
[  423.205260] servicemanager: getFrameworkHalManifest: Reading VINTF information.
[  423.205379] servicemanager: Cannot fetch /system/etc/vintf/manifest.xml: Cannot read /system/etc/vintf/manifest.xml: No such file or directory
[  423.205587] servicemanager: getFrameworkHalManifest: status from fetching VINTF information: -2
[  423.205719] servicemanager: getFrameworkHalManifest: -2 VINTF parse error: Cannot read /system/manifest.xml: No such file or directory
[  423.205926] servicemanager: NULL VINTF MANIFEST!: device
[  423.206011] servicemanager: NULL VINTF MANIFEST!: framework
[  423.206111] servicemanager: getDeviceHalManifest: Reading VINTF information.
[  423.206240] servicemanager: getDeviceHalManifest: status from fetching VINTF information: -2
[  423.206378] servicemanager: getDeviceHalManifest: -2 VINTF parse error: Cannot read /vendor/manifest.xml: No such file or directory
[  423.206577] servicemanager: getFrameworkHalManifest: Reading VINTF information.
[  423.206695] servicemanager: Cannot fetch /system/etc/vintf/manifest.xml: Cannot read /system/etc/vintf/manifest.xml: No such file or directory
[  423.207933] servicemanager: getFrameworkHalManifest: status from fetching VINTF information: -2
[  423.208109] servicemanager: getFrameworkHalManifest: -2 VINTF parse error: Cannot read /system/manifest.xml: No such file or directory
[  423.208438] servicemanager: NULL VINTF MANIFEST!: device
[  423.208567] servicemanager: NULL VINTF MANIFEST!: framework
[  423.208689] servicemanager: Caller(pid=92,uid=0,sid=u:r:recovery:s0) Could not find android.hardware.health.IHealth/default in the VINTF manifest. No alternative instances declared in VINTF.
[  472.748769] type=1400 audit(1790905441.855:283): avc:  denied  { getattr } for  comm="ld-linux-x86-64" path="/data/recovery/AERA/.aera" dev="rootfs" ino=760 scontext=u:r:recovery:s0 tcontext=u:object_r:system_data_file:s0 tclass=file permissive=1
[  472.750020] type=1300 audit(1790905441.855:283): arch=c000003e syscall=332 success=yes exit=0 a0=ffffff9c a1=7fff6f6f62d0 a2=0 a3=fff items=0 ppid=92 auid=4294967295 uid=0 gid=0 euid=0 suid=0 fsuid=0 egid=0 sgid=0 fsgid=0 tty=(none) ses=4294967295 comm="ld-linux-x86-64" exe="/tmp/aera-p2-bJiabF/usr/lib/ld-linux-x86-64.so.2" subj=u:r:recovery:s0 key=(null)
[  472.750739] type=1327 audit(1790905441.855:283): proctitle=2F746D702F616572612D70322D624A696162462F7573722F6C69622F6C642D6C696E75782D7838362D36342E736F2E32002D2D6C6962726172792D70617468002F746D702F616572612D70322D624A696162462F7573722F6C6962002F746D702F616572612D70322D624A696162462F7573722F62696E2F616572612D666C75
[  472.751345] type=1320 audit(1790905441.855:283): 
[  472.751508] type=1400 audit(1790905441.855:284): avc:  denied  { read } for  comm="ld-linux-x86-64" name=".aera" dev="rootfs" ino=760 scontext=u:r:recovery:s0 tcontext=u:object_r:system_data_file:s0 tclass=file permissive=1
[  472.751979] type=1400 audit(1790905441.855:284): avc:  denied  { open } for  comm="ld-linux-x86-64" path="/data/recovery/AERA/.aera" dev="rootfs" ino=760 scontext=u:r:recovery:s0 tcontext=u:object_r:system_data_file:s0 tclass=file permissive=1
[  472.752871] type=1300 audit(1790905441.855:284): arch=c000003e syscall=257 success=yes exit=7 a0=ffffff9c a1=7fff6f6f6640 a2=80000 a3=0 items=0 ppid=92 auid=4294967295 uid=0 gid=0 euid=0 suid=0 fsuid=0 egid=0 sgid=0 fsgid=0 tty=(none) ses=4294967295 comm="ld-linux-x86-64" exe="/tmp/aera-p2-bJiabF/usr/lib/ld-linux-x86-64.so.2" subj=u:r:recovery:s0 key=(null)
[  472.753624] type=1327 audit(1790905441.855:284): proctitle=2F746D702F616572612D70322D624A696162462F7573722F6C69622F6C642D6C696E75782D7838362D36342E736F2E32002D2D6C6962726172792D70617468002F746D702F616572612D70322D624A696162462F7573722F6C6962002F746D702F616572612D70322D624A696162462F7573722F62696E2F616572612D666C75
[  472.755079] type=1320 audit(1790905441.855:284): 
[  483.245697] servicemanager: getDeviceHalManifest: Reading VINTF information.
[  483.246223] servicemanager: getDeviceHalManifest: status from fetching VINTF information: -2
[  483.246405] servicemanager: getDeviceHalManifest: -2 VINTF parse error: Cannot read /vendor/manifest.xml: No such file or directory
[  483.247075] servicemanager: getFrameworkHalManifest: Reading VINTF information.
[  483.247309] servicemanager: Cannot fetch /system/etc/vintf/manifest.xml: Cannot read /system/etc/vintf/manifest.xml: No such file or directory
[  483.247583] servicemanager: getFrameworkHalManifest: status from fetching VINTF information: -2
[  483.247785] servicemanager: getFrameworkHalManifest: -2 VINTF parse error: Cannot read /system/manifest.xml: No such file or directory
[  483.248041] servicemanager: NULL VINTF MANIFEST!: device
[  483.248144] servicemanager: NULL VINTF MANIFEST!: framework
[  483.248266] servicemanager: getDeviceHalManifest: Reading VINTF information.
[  483.248568] servicemanager: getDeviceHalManifest: status from fetching VINTF information: -2
[  483.248793] servicemanager: getDeviceHalManifest: -2 VINTF parse error: Cannot read /vendor/manifest.xml: No such file or directory
[  483.249072] servicemanager: getFrameworkHalManifest: Reading VINTF information.
[  483.249221] servicemanager: Cannot fetch /system/etc/vintf/manifest.xml: Cannot read /system/etc/vintf/manifest.xml: No such file or directory
[  483.249486] servicemanager: getFrameworkHalManifest: status from fetching VINTF information: -2
[  483.249669] servicemanager: getFrameworkHalManifest: -2 VINTF parse error: Cannot read /system/manifest.xml: No such file or directory
[  483.249925] servicemanager: NULL VINTF MANIFEST!: device
[  483.250028] servicemanager: NULL VINTF MANIFEST!: framework
[  483.250148] servicemanager: getDeviceHalManifest: Reading VINTF information.
[  483.250328] servicemanager: getDeviceHalManifest: status from fetching VINTF information: -2
[  483.250516] servicemanager: getDeviceHalManifest: -2 VINTF parse error: Cannot read /vendor/manifest.xml: No such file or directory
[  483.250813] servicemanager: getFrameworkHalManifest: Reading VINTF information.
[  483.250980] servicemanager: Cannot fetch /system/etc/vintf/manifest.xml: Cannot read /system/etc/vintf/manifest.xml: No such file or directory
[  483.251250] servicemanager: getFrameworkHalManifest: status from fetching VINTF information: -2
[  483.251433] servicemanager: getFrameworkHalManifest: -2 VINTF parse error: Cannot read /system/manifest.xml: No such file or directory
[  483.251676] servicemanager: NULL VINTF MANIFEST!: device
[  483.251803] servicemanager: NULL VINTF MANIFEST!: framework
[  483.251928] servicemanager: Caller(pid=92,uid=0,sid=u:r:recovery:s0) Could not find android.hardware.health.IHealth/default in the VINTF manifest. No alternative instances declared in VINTF.
[  543.285249] servicemanager: getDeviceHalManifest: Reading VINTF information.
[  543.286101] servicemanager: getDeviceHalManifest: status from fetching VINTF information: -2
[  543.286350] servicemanager: getDeviceHalManifest: -2 VINTF parse error: Cannot read /vendor/manifest.xml: No such file or directory
[  543.286656] servicemanager: getFrameworkHalManifest: Reading VINTF information.
[  543.286939] servicemanager: Cannot fetch /system/etc/vintf/manifest.xml: Cannot read /system/etc/vintf/manifest.xml: No such file or directory
[  543.287207] servicemanager: getFrameworkHalManifest: status from fetching VINTF information: -2
[  543.287471] servicemanager: getFrameworkHalManifest: -2 VINTF parse error: Cannot read /system/manifest.xml: No such file or directory
[  543.287815] servicemanager: NULL VINTF MANIFEST!: device
[  543.287948] servicemanager: NULL VINTF MANIFEST!: framework
[  543.288117] servicemanager: getDeviceHalManifest: Reading VINTF information.
[  543.288449] servicemanager: getDeviceHalManifest: status from fetching VINTF information: -2
[  543.288679] servicemanager: getDeviceHalManifest: -2 VINTF parse error: Cannot read /vendor/manifest.xml: No such file or directory
[  543.288939] servicemanager: getFrameworkHalManifest: Reading VINTF information.
[  543.289186] servicemanager: Cannot fetch /system/etc/vintf/manifest.xml: Cannot read /system/etc/vintf/manifest.xml: No such file or directory
[  543.289569] servicemanager: getFrameworkHalManifest: status from fetching VINTF information: -2
[  543.289839] servicemanager: getFrameworkHalManifest: -2 VINTF parse error: Cannot read /system/manifest.xml: No such file or directory
[  543.290180] servicemanager: NULL VINTF MANIFEST!: device
[  543.290352] servicemanager: NULL VINTF MANIFEST!: framework
[  543.290525] servicemanager: getDeviceHalManifest: Reading VINTF information.
[  543.290774] servicemanager: getDeviceHalManifest: status from fetching VINTF information: -2
[  543.291046] servicemanager: getDeviceHalManifest: -2 VINTF parse error: Cannot read /vendor/manifest.xml: No such file or directory
[  543.291455] servicemanager: getFrameworkHalManifest: Reading VINTF information.
[  543.291678] servicemanager: Cannot fetch /system/etc/vintf/manifest.xml: Cannot read /system/etc/vintf/manifest.xml: No such file or directory
[  543.292059] servicemanager: getFrameworkHalManifest: status from fetching VINTF information: -2
[  543.292394] servicemanager: getFrameworkHalManifest: -2 VINTF parse error: Cannot read /system/manifest.xml: No such file or directory
[  543.292786] servicemanager: NULL VINTF MANIFEST!: device
[  543.292943] servicemanager: NULL VINTF MANIFEST!: framework
[  543.293148] servicemanager: Caller(pid=92,uid=0,sid=u:r:recovery:s0) Could not find android.hardware.health.IHealth/default in the VINTF manifest. No alternative instances declared in VINTF.
[  603.325352] servicemanager: getDeviceHalManifest: Reading VINTF information.
[  603.325885] servicemanager: getDeviceHalManifest: status from fetching VINTF information: -2
[  603.326143] servicemanager: getDeviceHalManifest: -2 VINTF parse error: Cannot read /vendor/manifest.xml: No such file or directory
[  603.326390] servicemanager: getFrameworkHalManifest: Reading VINTF information.
[  603.326586] servicemanager: Cannot fetch /system/etc/vintf/manifest.xml: Cannot read /system/etc/vintf/manifest.xml: No such file or directory
[  603.326880] servicemanager: getFrameworkHalManifest: status from fetching VINTF information: -2
[  603.327064] servicemanager: getFrameworkHalManifest: -2 VINTF parse error: Cannot read /system/manifest.xml: No such file or directory
[  603.327285] servicemanager: NULL VINTF MANIFEST!: device
[  603.327380] servicemanager: NULL VINTF MANIFEST!: framework
[  603.327546] servicemanager: getDeviceHalManifest: Reading VINTF information.
[  603.327786] servicemanager: getDeviceHalManifest: status from fetching VINTF information: -2
[  603.328007] servicemanager: getDeviceHalManifest: -2 VINTF parse error: Cannot read /vendor/manifest.xml: No such file or directory
[  603.328368] servicemanager: getFrameworkHalManifest: Reading VINTF information.
[  603.330905] servicemanager: Cannot fetch /system/etc/vintf/manifest.xml: Cannot read /system/etc/vintf/manifest.xml: No such file or directory
[  603.331152] servicemanager: getFrameworkHalManifest: status from fetching VINTF information: -2
[  603.331302] servicemanager: getFrameworkHalManifest: -2 VINTF parse error: Cannot read /system/manifest.xml: No such file or directory
[  603.331511] servicemanager: NULL VINTF MANIFEST!: device
[  603.331579] servicemanager: NULL VINTF MANIFEST!: framework
[  603.331715] servicemanager: getDeviceHalManifest: Reading VINTF information.
[  603.331888] servicemanager: getDeviceHalManifest: status from fetching VINTF information: -2
[  603.332046] servicemanager: getDeviceHalManifest: -2 VINTF parse error: Cannot read /vendor/manifest.xml: No such file or directory
[  603.332442] servicemanager: getFrameworkHalManifest: Reading VINTF information.
[  603.332710] servicemanager: Cannot fetch /system/etc/vintf/manifest.xml: Cannot read /system/etc/vintf/manifest.xml: No such file or directory
[  603.333045] servicemanager: getFrameworkHalManifest: status from fetching VINTF information: -2
[  603.333228] servicemanager: getFrameworkHalManifest: -2 VINTF parse error: Cannot read /system/manifest.xml: No such file or directory
[  603.333464] servicemanager: NULL VINTF MANIFEST!: device
[  603.333574] servicemanager: NULL VINTF MANIFEST!: framework
[  603.333720] servicemanager: Caller(pid=92,uid=0,sid=u:r:recovery:s0) Could not find android.hardware.health.IHealth/default in the VINTF manifest. No alternative instances declared in VINTF.
[  663.371290] servicemanager: getDeviceHalManifest: Reading VINTF information.
[  663.372086] servicemanager: getDeviceHalManifest: status from fetching VINTF information: -2
[  663.372371] servicemanager: getDeviceHalManifest: -2 VINTF parse error: Cannot read /vendor/manifest.xml: No such file or directory
[  663.372692] servicemanager: getFrameworkHalManifest: Reading VINTF information.
[  663.372977] servicemanager: Cannot fetch /system/etc/vintf/manifest.xml: Cannot read /system/etc/vintf/manifest.xml: No such file or directory
[  663.373764] servicemanager: getFrameworkHalManifest: status from fetching VINTF information: -2
[  663.374034] servicemanager: getFrameworkHalManifest: -2 VINTF parse error: Cannot read /system/manifest.xml: No such file or directory
[  663.374452] servicemanager: NULL VINTF MANIFEST!: device
[  663.374633] servicemanager: NULL VINTF MANIFEST!: framework
[  663.374849] servicemanager: getDeviceHalManifest: Reading VINTF information.
[  663.375106] servicemanager: getDeviceHalManifest: status from fetching VINTF information: -2
[  663.375276] servicemanager: getDeviceHalManifest: -2 VINTF parse error: Cannot read /vendor/manifest.xml: No such file or directory
[  663.375502] servicemanager: getFrameworkHalManifest: Reading VINTF information.
[  663.375713] servicemanager: Cannot fetch /system/etc/vintf/manifest.xml: Cannot read /system/etc/vintf/manifest.xml: No such file or directory
[  663.375909] servicemanager: getFrameworkHalManifest: status from fetching VINTF information: -2
[  663.376069] servicemanager: getFrameworkHalManifest: -2 VINTF parse error: Cannot read /system/manifest.xml: No such file or directory
[  663.376253] servicemanager: NULL VINTF MANIFEST!: device
[  663.376439] servicemanager: NULL VINTF MANIFEST!: framework
[  663.376618] servicemanager: getDeviceHalManifest: Reading VINTF information.
[  663.376834] servicemanager: getDeviceHalManifest: status from fetching VINTF information: -2
[  663.377090] servicemanager: getDeviceHalManifest: -2 VINTF parse error: Cannot read /vendor/manifest.xml: No such file or directory
[  663.377442] servicemanager: getFrameworkHalManifest: Reading VINTF information.
[  663.377698] servicemanager: Cannot fetch /system/etc/vintf/manifest.xml: Cannot read /system/etc/vintf/manifest.xml: No such file or directory
[  663.378012] servicemanager: getFrameworkHalManifest: status from fetching VINTF information: -2
[  663.378260] servicemanager: getFrameworkHalManifest: -2 VINTF parse error: Cannot read /system/manifest.xml: No such file or directory
[  663.378567] servicemanager: NULL VINTF MANIFEST!: device
[  663.378714] servicemanager: NULL VINTF MANIFEST!: framework
[  663.378905] servicemanager: Caller(pid=92,uid=0,sid=u:r:recovery:s0) Could not find android.hardware.health.IHealth/default in the VINTF manifest. No alternative instances declared in VINTF.
[  708.443594] logd: logdr: UID=0 GID=0 PID=1344 n tail=0 logMask=99 pid=0 start=0ns deadline=0ns
[  723.415820] servicemanager: getDeviceHalManifest: Reading VINTF information.
[  723.416324] servicemanager: getDeviceHalManifest: status from fetching VINTF information: -2
[  723.416639] servicemanager: getDeviceHalManifest: -2 VINTF parse error: Cannot read /vendor/manifest.xml: No such file or directory
[  723.416870] servicemanager: getFrameworkHalManifest: Reading VINTF information.
[  723.417096] servicemanager: Cannot fetch /system/etc/vintf/manifest.xml: Cannot read /system/etc/vintf/manifest.xml: No such file or directory
[  723.417434] servicemanager: getFrameworkHalManifest: status from fetching VINTF information: -2
[  723.417716] servicemanager: getFrameworkHalManifest: -2 VINTF parse error: Cannot read /system/manifest.xml: No such file or directory
[  723.418018] servicemanager: NULL VINTF MANIFEST!: device
[  723.418185] servicemanager: NULL VINTF MANIFEST!: framework
[  723.418344] servicemanager: getDeviceHalManifest: Reading VINTF information.
[  723.419829] servicemanager: getDeviceHalManifest: status from fetching VINTF information: -2
[  723.420116] servicemanager: getDeviceHalManifest: -2 VINTF parse error: Cannot read /vendor/manifest.xml: No such file or directory
[  723.420574] servicemanager: getFrameworkHalManifest: Reading VINTF information.
[  723.420755] servicemanager: Cannot fetch /system/etc/vintf/manifest.xml: Cannot read /system/etc/vintf/manifest.xml: No such file or directory
[  723.421024] servicemanager: getFrameworkHalManifest: status from fetching VINTF information: -2
[  723.421206] servicemanager: getFrameworkHalManifest: -2 VINTF parse error: Cannot read /system/manifest.xml: No such file or directory
[  723.422399] servicemanager: NULL VINTF MANIFEST!: device
[  723.422508] servicemanager: NULL VINTF MANIFEST!: framework
[  723.422703] servicemanager: getDeviceHalManifest: Reading VINTF information.
[  723.422962] servicemanager: getDeviceHalManifest: status from fetching VINTF information: -2
[  723.423178] servicemanager: getDeviceHalManifest: -2 VINTF parse error: Cannot read /vendor/manifest.xml: No such file or directory
[  723.423398] servicemanager: getFrameworkHalManifest: Reading VINTF information.
[  723.423569] servicemanager: Cannot fetch /system/etc/vintf/manifest.xml: Cannot read /system/etc/vintf/manifest.xml: No such file or directory
[  723.423876] servicemanager: getFrameworkHalManifest: status from fetching VINTF information: -2
[  723.424473] servicemanager: getFrameworkHalManifest: -2 VINTF parse error: Cannot read /system/manifest.xml: No such file or directory
[  723.424741] servicemanager: NULL VINTF MANIFEST!: device
[  723.424817] servicemanager: NULL VINTF MANIFEST!: framework
[  723.424919] servicemanager: Caller(pid=92,uid=0,sid=u:r:recovery:s0) Could not find android.hardware.health.IHealth/default in the VINTF manifest. No alternative instances declared in VINTF.
[  783.462071] servicemanager: getDeviceHalManifest: Reading VINTF information.
[  783.462614] servicemanager: getDeviceHalManifest: status from fetching VINTF information: -2
[  783.462884] servicemanager: getDeviceHalManifest: -2 VINTF parse error: Cannot read /vendor/manifest.xml: No such file or directory
[  783.463519] servicemanager: getFrameworkHalManifest: Reading VINTF information.
[  783.463813] servicemanager: Cannot fetch /system/etc/vintf/manifest.xml: Cannot read /system/etc/vintf/manifest.xml: No such file or directory
[  783.464737] servicemanager: getFrameworkHalManifest: status from fetching VINTF information: -2
[  783.464957] servicemanager: getFrameworkHalManifest: -2 VINTF parse error: Cannot read /system/manifest.xml: No such file or directory
[  783.465271] servicemanager: NULL VINTF MANIFEST!: device
[  783.465371] servicemanager: NULL VINTF MANIFEST!: framework
[  783.465552] servicemanager: getDeviceHalManifest: Reading VINTF information.
[  783.465804] servicemanager: getDeviceHalManifest: status from fetching VINTF information: -2
[  783.466048] servicemanager: getDeviceHalManifest: -2 VINTF parse error: Cannot read /vendor/manifest.xml: No such file or directory
[  783.466358] servicemanager: getFrameworkHalManifest: Reading VINTF information.
[  783.466540] servicemanager: Cannot fetch /system/etc/vintf/manifest.xml: Cannot read /system/etc/vintf/manifest.xml: No such file or directory
[  783.466863] servicemanager: getFrameworkHalManifest: status from fetching VINTF information: -2
[  783.467051] servicemanager: getFrameworkHalManifest: -2 VINTF parse error: Cannot read /system/manifest.xml: No such file or directory
[  783.467281] servicemanager: NULL VINTF MANIFEST!: device
[  783.467380] servicemanager: NULL VINTF MANIFEST!: framework
[  783.467489] servicemanager: getDeviceHalManifest: Reading VINTF information.
[  783.467683] servicemanager: getDeviceHalManifest: status from fetching VINTF information: -2
[  783.467862] servicemanager: getDeviceHalManifest: -2 VINTF parse error: Cannot read /vendor/manifest.xml: No such file or directory
[  783.468080] servicemanager: getFrameworkHalManifest: Reading VINTF information.
[  783.468264] servicemanager: Cannot fetch /system/etc/vintf/manifest.xml: Cannot read /system/etc/vintf/manifest.xml: No such file or directory
[  783.468544] servicemanager: getFrameworkHalManifest: status from fetching VINTF information: -2
[  783.468803] servicemanager: getFrameworkHalManifest: -2 VINTF parse error: Cannot read /system/manifest.xml: No such file or directory
[  783.469096] servicemanager: NULL VINTF MANIFEST!: device
[  783.469205] servicemanager: NULL VINTF MANIFEST!: framework
[  783.469329] servicemanager: Caller(pid=92,uid=0,sid=u:r:recovery:s0) Could not find android.hardware.health.IHealth/default in the VINTF manifest. No alternative instances declared in VINTF.
[  827.254592] type=1400 audit(1790905796.363:285): avc:  denied  { setopt } for  comm="DartWorker" scontext=u:r:recovery:s0 tcontext=u:r:recovery:s0 tclass=tcp_socket permissive=1
[  827.259389] type=1300 audit(1790905796.363:285): arch=c000003e syscall=54 success=yes exit=0 a0=12 a1=1 a2=2 a3=7045a10fe074 items=0 ppid=92 auid=4294967295 uid=0 gid=0 euid=0 suid=0 fsuid=0 egid=0 sgid=0 fsgid=0 tty=(none) ses=4294967295 comm="DartWorker" exe="/tmp/aera-p2-PEEhYB/usr/lib/ld-linux-x86-64.so.2" subj=u:r:recovery:s0 key=(null)
[  827.260266] type=1327 audit(1790905796.363:285): proctitle=2F746D702F616572612D70322D5045456859422F7573722F6C69622F6C642D6C696E75782D7838362D36342E736F2E32002D2D6C6962726172792D70617468002F746D702F616572612D70322D5045456859422F7573722F6C6962002F746D702F616572612D70322D5045456859422F7573722F62696E2F616572612D666C75
[  827.260970] type=1320 audit(1790905796.363:285): 
[  827.261130] type=1400 audit(1790905796.363:286): avc:  denied  { bind } for  comm="DartWorker" scontext=u:r:recovery:s0 tcontext=u:r:recovery:s0 tclass=tcp_socket permissive=1
[  827.261624] type=1300 audit(1790905796.363:286): arch=c000003e syscall=49 success=yes exit=0 a0=12 a1=7045a10fe148 a2=10 a3=7045a10fe074 items=0 ppid=92 auid=4294967295 uid=0 gid=0 euid=0 suid=0 fsuid=0 egid=0 sgid=0 fsgid=0 tty=(none) ses=4294967295 comm="DartWorker" exe="/tmp/aera-p2-PEEhYB/usr/lib/ld-linux-x86-64.so.2" subj=u:r:recovery:s0 key=(null)
[  827.262416] type=1327 audit(1790905796.363:286): proctitle=2F746D702F616572612D70322D5045456859422F7573722F6C69622F6C642D6C696E75782D7838362D36342E736F2E32002D2D6C6962726172792D70617468002F746D702F616572612D70322D5045456859422F7573722F6C6962002F746D702F616572612D70322D5045456859422F7573722F62696E2F616572612D666C75
[  827.263123] type=1320 audit(1790905796.363:286): 
[  827.263314] type=1400 audit(1790905796.363:287): avc:  denied  { getattr } for  comm="DartWorker" laddr=127.0.0.1 lport=39895 scontext=u:r:recovery:s0 tcontext=u:r:recovery:s0 tclass=tcp_socket permissive=1
[  827.263792] type=1300 audit(1790905796.363:287): arch=c000003e syscall=51 success=yes exit=0 a0=12 a1=7045a10fdfd8 a2=7045a10fe058 a3=7045a10fe074 items=0 ppid=92 auid=4294967295 uid=0 gid=0 euid=0 suid=0 fsuid=0 egid=0 sgid=0 fsgid=0 tty=(none) ses=4294967295 comm="DartWorker" exe="/tmp/aera-p2-PEEhYB/usr/lib/ld-linux-x86-64.so.2" subj=u:r:recovery:s0 key=(null)
[  827.270197] type=1306 audit(1790905796.363:287): saddr=02009BD77F0000010000000000000000
[  827.270500] type=1327 audit(1790905796.363:287): proctitle=2F746D702F616572612D70322D5045456859422F7573722F6C69622F6C642D6C696E75782D7838362D36342E736F2E32002D2D6C6962726172792D70617468002F746D702F616572612D70322D5045456859422F7573722F6C6962002F746D702F616572612D70322D5045456859422F7573722F62696E2F616572612D666C75
[  827.271311] type=1320 audit(1790905796.363:287): 
[  827.271474] type=1400 audit(1790905796.363:288): avc:  denied  { listen } for  comm="DartWorker" laddr=127.0.0.1 lport=39895 scontext=u:r:recovery:s0 tcontext=u:r:recovery:s0 tclass=tcp_socket permissive=1
[  827.272073] type=1300 audit(1790905796.363:288): arch=c000003e syscall=50 success=yes exit=0 a0=12 a1=1000 a2=7045a10fe058 a3=7045a10fe074 items=0 ppid=92 auid=4294967295 uid=0 gid=0 euid=0 suid=0 fsuid=0 egid=0 sgid=0 fsgid=0 tty=(none) ses=4294967295 comm="DartWorker" exe="/tmp/aera-p2-PEEhYB/usr/lib/ld-linux-x86-64.so.2" subj=u:r:recovery:s0 key=(null)
[  827.280263] type=1327 audit(1790905796.363:288): proctitle=2F746D702F616572612D70322D5045456859422F7573722F6C69622F6C642D6C696E75782D7838362D36342E736F2E32002D2D6C6962726172792D70617468002F746D702F616572612D70322D5045456859422F7573722F6C6962002F746D702F616572612D70322D5045456859422F7573722F62696E2F616572612D666C75
[  827.281052] type=1320 audit(1790905796.363:288): 
[  843.506340] servicemanager: getDeviceHalManifest: Reading VINTF information.
[  843.507287] servicemanager: getDeviceHalManifest: status from fetching VINTF information: -2
[  843.507527] servicemanager: getDeviceHalManifest: -2 VINTF parse error: Cannot read /vendor/manifest.xml: No such file or directory
[  843.507849] servicemanager: getFrameworkHalManifest: Reading VINTF information.
[  843.508141] servicemanager: Cannot fetch /system/etc/vintf/manifest.xml: Cannot read /system/etc/vintf/manifest.xml: No such file or directory
[  843.508631] servicemanager: getFrameworkHalManifest: status from fetching VINTF information: -2
[  843.508920] servicemanager: getFrameworkHalManifest: -2 VINTF parse error: Cannot read /system/manifest.xml: No such file or directory
[  843.509359] servicemanager: NULL VINTF MANIFEST!: device
[  843.509533] servicemanager: NULL VINTF MANIFEST!: framework
[  843.509696] servicemanager: getDeviceHalManifest: Reading VINTF information.
[  843.509933] servicemanager: getDeviceHalManifest: status from fetching VINTF information: -2
[  843.510205] servicemanager: getDeviceHalManifest: -2 VINTF parse error: Cannot read /vendor/manifest.xml: No such file or directory
[  843.510575] servicemanager: getFrameworkHalManifest: Reading VINTF information.
[  843.510764] servicemanager: Cannot fetch /system/etc/vintf/manifest.xml: Cannot read /system/etc/vintf/manifest.xml: No such file or directory
[  843.511068] servicemanager: getFrameworkHalManifest: status from fetching VINTF information: -2
[  843.511377] servicemanager: getFrameworkHalManifest: -2 VINTF parse error: Cannot read /system/manifest.xml: No such file or directory
[  843.511799] servicemanager: NULL VINTF MANIFEST!: device
[  843.511938] servicemanager: NULL VINTF MANIFEST!: framework
[  843.512106] servicemanager: getDeviceHalManifest: Reading VINTF information.
[  843.512478] servicemanager: getDeviceHalManifest: status from fetching VINTF information: -2
[  843.512635] servicemanager: getDeviceHalManifest: -2 VINTF parse error: Cannot read /vendor/manifest.xml: No such file or directory
[  843.512892] servicemanager: getFrameworkHalManifest: Reading VINTF information.
[  843.513114] servicemanager: Cannot fetch /system/etc/vintf/manifest.xml: Cannot read /system/etc/vintf/manifest.xml: No such file or directory
[  843.513404] servicemanager: getFrameworkHalManifest: status from fetching VINTF information: -2
[  843.513620] servicemanager: getFrameworkHalManifest: -2 VINTF parse error: Cannot read /system/manifest.xml: No such file or directory
[  843.513847] servicemanager: NULL VINTF MANIFEST!: device
[  843.513956] servicemanager: NULL VINTF MANIFEST!: framework
[  843.514088] servicemanager: Caller(pid=92,uid=0,sid=u:r:recovery:s0) Could not find android.hardware.health.IHealth/default in the VINTF manifest. No alternative instances declared in VINTF.
[  850.509891] type=1400 audit(1790905819.619:289): avc:  denied  { accept } for  comm="recovery" lport=8088 scontext=u:r:recovery:s0 tcontext=u:r:recovery:s0 tclass=tcp_socket permissive=1
[  850.510475] type=1400 audit(1790905819.619:290): avc:  denied  { read } for  comm="recovery" laddr=127.0.0.1 lport=8088 faddr=127.0.0.1 fport=49305 scontext=u:r:recovery:s0 tcontext=u:r:recovery:s0 tclass=tcp_socket permissive=1
[  850.512470] type=1300 audit(1790905819.619:290): arch=c000003e syscall=45 success=yes exit=203 a0=9 a1=721864dc4ad0 a2=1000 a3=0 items=0 ppid=1 auid=4294967295 uid=0 gid=0 euid=0 suid=0 fsuid=0 egid=0 sgid=0 fsgid=0 tty=(none) ses=4294967295 comm="recovery" exe="/system/bin/recovery" subj=u:r:recovery:s0 key=(null)
[  850.513639] type=1327 audit(1790905819.619:290): proctitle="/system/bin/recovery"
[  850.513828] type=1320 audit(1790905819.619:290): 
[  850.515004] type=1400 audit(1790905819.623:291): avc:  denied  { write } for  comm="recovery" laddr=127.0.0.1 lport=8088 faddr=127.0.0.1 fport=49305 scontext=u:r:recovery:s0 tcontext=u:r:recovery:s0 tclass=tcp_socket permissive=1
[  850.516608] type=1300 audit(1790905819.623:291): arch=c000003e syscall=44 success=yes exit=185 a0=9 a1=721a59805690 a2=b9 a3=4000 items=0 ppid=1 auid=4294967295 uid=0 gid=0 euid=0 suid=0 fsuid=0 egid=0 sgid=0 fsgid=0 tty=(none) ses=4294967295 comm="recovery" exe="/system/bin/recovery" subj=u:r:recovery:s0 key=(null)
[  850.517257] type=1327 audit(1790905819.623:291): proctitle="/system/bin/recovery"
[  850.517427] type=1320 audit(1790905819.623:291): 
[  850.517565] type=1400 audit(1790905819.623:292): avc:  denied  { shutdown } for  comm="recovery" laddr=127.0.0.1 lport=8088 faddr=127.0.0.1 fport=49305 scontext=u:r:recovery:s0 tcontext=u:r:recovery:s0 tclass=tcp_socket permissive=1
[  850.517886] type=1300 audit(1790905819.623:292): arch=c000003e syscall=48 success=yes exit=0 a0=9 a1=2 a2=10 a3=4000 items=0 ppid=1 auid=4294967295 uid=0 gid=0 euid=0 suid=0 fsuid=0 egid=0 sgid=0 fsgid=0 tty=(none) ses=4294967295 comm="recovery" exe="/system/bin/recovery" subj=u:r:recovery:s0 key=(null)
[  850.518701] type=1327 audit(1790905819.623:292): proctitle="/system/bin/recovery"
[  850.518832] type=1320 audit(1790905819.623:292): 
[  850.662716] type=1300 audit(1790905819.619:289): arch=c000003e syscall=288 success=yes exit=26 a0=18 a1=0 a2=0 a3=80000 items=0 ppid=1 auid=4294967295 uid=0 gid=0 euid=0 suid=0 fsuid=0 egid=0 sgid=0 fsgid=0 tty=(none) ses=4294967295 comm="recovery" exe="/system/bin/recovery" subj=u:r:recovery:s0 key=(null)
[  850.663845] type=1327 audit(1790905819.619:289): proctitle="/system/bin/recovery"
[  850.667803] type=1320 audit(1790905819.619:289): 
[  864.574668] type=1701 audit(1790905833.683:293): auid=4294967295 uid=0 gid=0 ses=4294967295 subj=u:r:recovery:s0 comm="recovery" exe="/system/bin/recovery" sig=11 res=1
[  864.728163] init: Service 'recovery' (pid 92) received signal 11
[  864.728870] init: Sending signal 9 to service 'recovery' (pid 92) process group...
[  864.751917] libprocessgroup: Removed cgroup /dev/cg2_bpf/system/uid_0/pid_92
[  864.760889] init: Untracked pid 1420 received signal 9
[  864.761103] init: Untracked pid 1420 did not have an associated service entry and will not be reaped
[  864.761569] init: Untracked pid 178 exited with status 0
[  864.761727] init: Untracked pid 178 did not have an associated service entry and will not be reaped
[  864.762279] init: Untracked pid 189 exited with status 0
[  864.762435] init: Untracked pid 189 did not have an associated service entry and will not be reaped
[  864.762893] init: Untracked pid 201 exited with status 0
[  864.763065] init: Untracked pid 201 did not have an associated service entry and will not be reaped
[  864.764678] init: starting service 'recovery'...
[  864.767391] init: Created socket '/dev/socket/recovery', mode 422, user 1000, group 1000
[  864.788734] init: ... started service 'recovery' has pid 1691
[  864.846396] type=1400 audit(1790905833.955:294): avc:  denied  { setattr } for  comm="chmod" name="aera" dev="rootfs" ino=239 scontext=u:r:recovery:s0 tcontext=u:object_r:rootfs:s0 tclass=file permissive=1
[  864.847325] type=1300 audit(1790905833.955:294): arch=c000003e syscall=268 success=yes exit=0 a0=ffffff9c a1=756f9500e7f1 a2=1ed a3=ffffffa5 items=0 ppid=1692 auid=4294967295 uid=0 gid=0 euid=0 suid=0 fsuid=0 egid=0 sgid=0 fsgid=0 tty=(none) ses=4294967295 comm="chmod" exe="/system/bin/toybox" subj=u:r:recovery:s0 key=(null)
[  864.847732] init: Unable to set property 'ro.aera.boot' from uid:0 gid:0 pid:1691: Read-only property was already set
[  864.847882] type=1327 audit(1790905833.955:294): proctitle=63686D6F640030373535002F7362696E2F61657261002F7362696E2F616572615F6C6973745F61707073002F7362696E2F6165726173746172742E7368002F7362696E2F636C6561727468656D6573002F7362696E2F64656372797074002F7362696E2F646972002F7362696E2F656D756C617465645F73746F726167652E73
[  864.848736] type=1320 audit(1790905833.955:294): 
[  864.848776] init: Unable to set property 'ro.aera.type' from uid:0 gid:0 pid:1691: Read-only property was already set
[  864.849192] init: Unable to set property 'ro.aera.status' from uid:0 gid:0 pid:1691: Read-only property was already set
[  864.849514] init: Unable to set property 'ro.aera.variant' from uid:0 gid:0 pid:1691: Read-only property was already set
[  864.849794] init: Unable to set property 'ro.aera.build' from uid:0 gid:0 pid:1691: Read-only property was already set
[  864.850037] init: Unable to set property 'ro.aera.release.version' from uid:0 gid:0 pid:1691: Read-only property was already set
[  864.850283] init: Unable to set property 'ro.aera.build.status' from uid:0 gid:0 pid:1691: Read-only property was already set
[  864.850516] init: Unable to set property 'ro.aera.release.channel' from uid:0 gid:0 pid:1691: Read-only property was already set
[  864.852919] init: Unable to set property 'ro.aera.boot.header.version' from uid:0 gid:0 pid:1691: Read-only property was already set
[  864.855377] init: Unable to set property 'ro.aera.vanilla' from uid:0 gid:0 pid:1691: Read-only property was already set
[  864.855633] init: Unable to set property 'ro.aera.crypto_enabled' from uid:0 gid:0 pid:1691: Read-only property was already set
[  864.855838] init: Unable to set property 'ro.aera.substitute_permissions' from uid:0 gid:0 pid:1691: Read-only property was already set
[  864.858668] init: Unable to set property 'ro.product.device' from uid:0 gid:0 pid:1691: Read-only property was already set
[  864.885385] type=1400 audit(1790905833.995:295): avc:  denied  { write } for  comm="recovery" name="additional.fstab" dev="rootfs" ino=725 scontext=u:r:recovery:s0 tcontext=u:object_r:rootfs:s0 tclass=file permissive=1
[  864.885866] type=1300 audit(1790905833.995:295): arch=c000003e syscall=257 success=yes exit=8 a0=ffffff9c a1=7ffe253c8411 a2=80241 a3=1b6 items=0 ppid=1 auid=4294967295 uid=0 gid=0 euid=0 suid=0 fsuid=0 egid=0 sgid=0 fsgid=0 tty=(none) ses=4294967295 comm="recovery" exe="/system/bin/recovery" subj=u:r:recovery:s0 key=(null)
[  864.886539] type=1327 audit(1790905833.995:295): proctitle="/system/bin/recovery"
[  864.886723] type=1320 audit(1790905833.995:295): 
[  865.016794] EXT4-fs (vda9): VFS: Can't find ext4 filesystem
[  865.017179] EXT4-fs (vda9): VFS: Can't find ext4 filesystem
[  865.018269] type=1400 audit(1790905834.127:296): avc:  denied  { ioctl } for  comm="recovery" path="/dev/block/vda7" dev="tmpfs" ino=776 ioctlcmd=0x1260 scontext=u:r:recovery:s0 tcontext=u:object_r:vd_device:s0 tclass=blk_file permissive=1
[  865.018907] type=1300 audit(1790905834.127:296): arch=c000003e syscall=16 success=yes exit=0 a0=8 a1=1260 a2=7ffe253c8648 a3=0 items=0 ppid=1 auid=4294967295 uid=0 gid=0 euid=0 suid=0 fsuid=0 egid=0 sgid=0 fsgid=0 tty=(none) ses=4294967295 comm="recovery" exe="/system/bin/recovery" subj=u:r:recovery:s0 key=(null)
[  865.020684] type=1327 audit(1790905834.127:296): proctitle="/system/bin/recovery"
[  865.022108] type=1320 audit(1790905834.127:296): 
[  865.022688] EXT4-fs (vda9): VFS: Can't find ext4 filesystem
[  865.022916] EXT4-fs (vda9): VFS: Can't find ext4 filesystem
[  865.028632] EXT4-fs (vda6): mounted filesystem bb985508-2bb5-4adf-9fbc-86698b5d8347 ro with ordered data mode. Quota mode: none.
[  865.029647] EXT4-fs (vda6): unmounting filesystem bb985508-2bb5-4adf-9fbc-86698b5d8347.
[  865.032223] EXT4-fs (vda9): VFS: Can't find ext4 filesystem
[  865.032485] EXT4-fs (vda9): VFS: Can't find ext4 filesystem
[  865.035106] type=1400 audit(1790905834.143:297): avc:  denied  { create } for  comm="recovery" scontext=u:r:recovery:s0 tcontext=u:r:recovery:s0 tclass=netlink_kobject_uevent_socket permissive=1
[  865.035572] type=1300 audit(1790905834.143:297): arch=c000003e syscall=41 success=yes exit=8 a0=10 a1=2 a2=f a3=50000 items=0 ppid=1 auid=4294967295 uid=0 gid=0 euid=0 suid=0 fsuid=0 egid=0 sgid=0 fsgid=0 tty=(none) ses=4294967295 comm="recovery" exe="/system/bin/recovery" subj=u:r:recovery:s0 key=(null)
[  865.036136] type=1327 audit(1790905834.143:297): proctitle="/system/bin/recovery"
[  865.036918] type=1320 audit(1790905834.143:297): 
[  865.037090] type=1400 audit(1790905834.143:298): avc:  denied  { bind } for  comm="recovery" scontext=u:r:recovery:s0 tcontext=u:r:recovery:s0 tclass=netlink_kobject_uevent_socket permissive=1
[  865.037513] type=1300 audit(1790905834.143:298): arch=c000003e syscall=49 success=yes exit=0 a0=8 a1=7ffe253c8c44 a2=c a3=50000 items=0 ppid=1 auid=4294967295 uid=0 gid=0 euid=0 suid=0 fsuid=0 egid=0 sgid=0 fsgid=0 tty=(none) ses=4294967295 comm="recovery" exe="/system/bin/recovery" subj=u:r:recovery:s0 key=(null)
[  865.038161] type=1327 audit(1790905834.143:298): proctitle="/system/bin/recovery"
[  865.038327] type=1320 audit(1790905834.143:298): 
[  865.038502] type=1400 audit(1790905834.143:299): avc:  denied  { unlink } for  comm="recovery" name="twadbfifo" dev="tmpfs" ino=9 scontext=u:r:recovery:s0 tcontext=u:object_r:tmpfs:s0 tclass=fifo_file permissive=1
[  865.039011] type=1300 audit(1790905834.143:299): arch=c000003e syscall=263 success=yes exit=0 a0=ffffff9c a1=633e83908047 a2=0 a3=4000 items=0 ppid=1 auid=4294967295 uid=0 gid=0 euid=0 suid=0 fsuid=0 egid=0 sgid=0 fsgid=0 tty=(none) ses=4294967295 comm="recovery" exe="/system/bin/recovery" subj=u:r:recovery:s0 key=(null)
[  865.039639] type=1327 audit(1790905834.143:299): proctitle="/system/bin/recovery"
[  865.039838] type=1320 audit(1790905834.143:299): 
[  865.041138] servicemanager: getDeviceHalManifest: Reading VINTF information.
[  865.041484] servicemanager: getDeviceHalManifest: status from fetching VINTF information: -2
[  865.041736] servicemanager: getDeviceHalManifest: -2 VINTF parse error: Cannot read /vendor/manifest.xml: No such file or directory
[  865.042057] servicemanager: getFrameworkHalManifest: Reading VINTF information.
[  865.042301] servicemanager: Cannot fetch /system/etc/vintf/manifest.xml: Cannot read /system/etc/vintf/manifest.xml: No such file or directory
[  865.042599] servicemanager: getFrameworkHalManifest: status from fetching VINTF information: -2
[  865.042830] servicemanager: getFrameworkHalManifest: -2 VINTF parse error: Cannot read /system/manifest.xml: No such file or directory
[  865.043161] servicemanager: NULL VINTF MANIFEST!: device
[  865.043267] servicemanager: NULL VINTF MANIFEST!: framework
[  865.043387] servicemanager: getDeviceHalManifest: Reading VINTF information.
[  865.043570] servicemanager: getDeviceHalManifest: status from fetching VINTF information: -2
[  865.043818] servicemanager: getDeviceHalManifest: -2 VINTF parse error: Cannot read /vendor/manifest.xml: No such file or directory
[  865.045938] servicemanager: getFrameworkHalManifest: Reading VINTF information.
[  865.046154] servicemanager: Cannot fetch /system/etc/vintf/manifest.xml: Cannot read /system/etc/vintf/manifest.xml: No such file or directory
[  865.046405] servicemanager: getFrameworkHalManifest: status from fetching VINTF information: -2
[  865.046572] servicemanager: getFrameworkHalManifest: -2 VINTF parse error: Cannot read /system/manifest.xml: No such file or directory
[  865.046775] servicemanager: NULL VINTF MANIFEST!: device
[  865.046881] servicemanager: NULL VINTF MANIFEST!: framework
[  865.047033] servicemanager: getDeviceHalManifest: Reading VINTF information.
[  865.047201] servicemanager: getDeviceHalManifest: status from fetching VINTF information: -2
[  865.047347] servicemanager: getDeviceHalManifest: -2 VINTF parse error: Cannot read /vendor/manifest.xml: No such file or directory
[  865.047576] servicemanager: getFrameworkHalManifest: Reading VINTF information.
[  865.047748] servicemanager: Cannot fetch /system/etc/vintf/manifest.xml: Cannot read /system/etc/vintf/manifest.xml: No such file or directory
[  865.048049] servicemanager: getFrameworkHalManifest: status from fetching VINTF information: -2
[  865.048367] servicemanager: getFrameworkHalManifest: -2 VINTF parse error: Cannot read /system/manifest.xml: No such file or directory
[  865.048599] servicemanager: NULL VINTF MANIFEST!: device
[  865.049252] servicemanager: NULL VINTF MANIFEST!: framework
[  865.049408] servicemanager: Caller(pid=1691,uid=0,sid=u:r:recovery:s0) Could not find android.hardware.health.IHealth/default in the VINTF manifest. No alternative instances declared in VINTF.
[  865.054904] type=1400 audit(1790905834.163:300): avc:  denied  { write } for  comm="recovery" name="properties_serial" dev="tmpfs" ino=362 scontext=u:r:recovery:s0 tcontext=u:object_r:properties_serial:s0 tclass=file permissive=1
[  865.055470] type=1300 audit(1790905834.163:300): arch=c000003e syscall=257 success=yes exit=17 a0=ffffff9c a1=7ffe253c87d0 a2=a0002 a3=0 items=0 ppid=1 auid=4294967295 uid=0 gid=0 euid=0 suid=0 fsuid=0 egid=0 sgid=0 fsgid=0 tty=(none) ses=4294967295 comm="recovery" exe="/system/bin/recovery" subj=u:r:recovery:s0 key=(null)
[  865.056108] type=1327 audit(1790905834.163:300): proctitle="/system/bin/recovery"
[  865.056318] type=1320 audit(1790905834.163:300): 
[  865.056437] type=1400 audit(1790905834.163:301): avc:  denied  { write } for  comm="recovery" name="u:object_r:build_prop:s0" dev="tmpfs" ino=55 scontext=u:r:recovery:s0 tcontext=u:object_r:build_prop:s0 tclass=file permissive=1
[  865.056845] type=1300 audit(1790905834.163:301): arch=c000003e syscall=257 success=yes exit=17 a0=ffffff9c a1=7ffe253c8870 a2=a0002 a3=0 items=0 ppid=1 auid=4294967295 uid=0 gid=0 euid=0 suid=0 fsuid=0 egid=0 sgid=0 fsgid=0 tty=(none) ses=4294967295 comm="recovery" exe="/system/bin/recovery" subj=u:r:recovery:s0 key=(null)
[  865.057333] type=1327 audit(1790905834.163:301): proctitle="/system/bin/recovery"
[  865.057472] type=1320 audit(1790905834.163:301): 
[  865.057962] type=1400 audit(1790905834.163:302): avc:  denied  { write } for  comm="recovery" name="u:object_r:build_bootimage_prop:s0" dev="tmpfs" ino=52 scontext=u:r:recovery:s0 tcontext=u:object_r:build_bootimage_prop:s0 tclass=file permissive=1
[  865.059357] type=1300 audit(1790905834.163:302): arch=c000003e syscall=257 success=yes exit=17 a0=ffffff9c a1=7ffe253c8870 a2=a0002 a3=0 items=0 ppid=1 auid=4294967295 uid=0 gid=0 euid=0 suid=0 fsuid=0 egid=0 sgid=0 fsgid=0 tty=(none) ses=4294967295 comm="recovery" exe="/system/bin/recovery" subj=u:r:recovery:s0 key=(null)
[  865.060082] type=1327 audit(1790905834.163:302): proctitle="/system/bin/recovery"
[  865.060327] type=1320 audit(1790905834.163:302): 
[  865.060459] type=1400 audit(1790905834.163:303): avc:  denied  { write } for  comm="recovery" name="u:object_r:build_vendor_prop:s0" dev="tmpfs" ino=56 scontext=u:r:recovery:s0 tcontext=u:object_r:build_vendor_prop:s0 tclass=file permissive=1
[  865.060942] type=1300 audit(1790905834.163:303): arch=c000003e syscall=257 success=yes exit=17 a0=ffffff9c a1=7ffe253c8870 a2=a0002 a3=0 items=0 ppid=1 auid=4294967295 uid=0 gid=0 euid=0 suid=0 fsuid=0 egid=0 sgid=0 fsgid=0 tty=(none) ses=4294967295 comm="recovery" exe="/system/bin/recovery" subj=u:r:recovery:s0 key=(null)
[  865.061530] type=1327 audit(1790905834.163:303): proctitle="/system/bin/recovery"
[  865.061700] type=1320 audit(1790905834.163:303): 
[  865.061837] type=1400 audit(1790905834.163:304): avc:  denied  { write } for  comm="recovery" name="u:object_r:build_odm_prop:s0" dev="tmpfs" ino=54 scontext=u:r:recovery:s0 tcontext=u:object_r:build_odm_prop:s0 tclass=file permissive=1
[  865.062336] type=1300 audit(1790905834.163:304): arch=c000003e syscall=257 success=yes exit=17 a0=ffffff9c a1=7ffe253c8870 a2=a0002 a3=0 items=0 ppid=1 auid=4294967295 uid=0 gid=0 euid=0 suid=0 fsuid=0 egid=0 sgid=0 fsgid=0 tty=(none) ses=4294967295 comm="recovery" exe="/system/bin/recovery" subj=u:r:recovery:s0 key=(null)
[  865.062931] type=1327 audit(1790905834.163:304): proctitle="/system/bin/recovery"
[  865.063129] type=1320 audit(1790905834.163:304): 
[  865.075736] EXT4-fs (vda9): VFS: Can't find ext4 filesystem
[  865.076081] EXT4-fs (vda9): VFS: Can't find ext4 filesystem
[  865.080289] EXT4-fs (vda6): mounted filesystem bb985508-2bb5-4adf-9fbc-86698b5d8347 ro with ordered data mode. Quota mode: none.
[  865.081097] EXT4-fs (vda6): unmounting filesystem bb985508-2bb5-4adf-9fbc-86698b5d8347.
[  865.085922] EXT4-fs (vda9): VFS: Can't find ext4 filesystem
[  865.086221] EXT4-fs (vda9): VFS: Can't find ext4 filesystem
[  865.093950] EXT4-fs (vda9): VFS: Can't find ext4 filesystem
[  865.094246] EXT4-fs (vda9): VFS: Can't find ext4 filesystem
[  865.096568] EXT4-fs (vda9): VFS: Can't find ext4 filesystem
[  865.096820] EXT4-fs (vda9): VFS: Can't find ext4 filesystem
[  865.101501] EXT4-fs (vda9): VFS: Can't find ext4 filesystem
[  865.101813] EXT4-fs (vda9): VFS: Can't find ext4 filesystem
[  865.120879] type=1400 audit(1790905834.231:305): avc:  denied  { fsetid } for  comm="recovery" capability=4  scontext=u:r:recovery:s0 tcontext=u:r:recovery:s0 tclass=capability permissive=1
[  865.121983] type=1300 audit(1790905834.231:305): arch=c000003e syscall=268 success=yes exit=0 a0=ffffff9c a1=7ffe253c8c71 a2=180 a3=3e8 items=0 ppid=1 auid=4294967295 uid=0 gid=0 euid=0 suid=0 fsuid=0 egid=0 sgid=0 fsgid=0 tty=(none) ses=4294967295 comm="recovery" exe="/system/bin/recovery" subj=u:r:recovery:s0 key=(null)
[  865.122808] type=1327 audit(1790905834.231:305): proctitle="/system/bin/recovery"
[  865.123010] type=1320 audit(1790905834.231:305): 
[  865.127246] EXT4-fs (vda9): VFS: Can't find ext4 filesystem
[  865.127557] EXT4-fs (vda9): VFS: Can't find ext4 filesystem
[  865.632945] EXT4-fs (vda9): VFS: Can't find ext4 filesystem
[  865.633544] EXT4-fs (vda9): VFS: Can't find ext4 filesystem
[  865.637297] EXT4-fs (vda9): VFS: Can't find ext4 filesystem
[  865.637585] EXT4-fs (vda9): VFS: Can't find ext4 filesystem
[  865.638362] type=1400 audit(1790905834.747:306): avc:  denied  { write } for  comm="recovery" name="recovery" dev="rootfs" ino=731 scontext=u:r:recovery:s0 tcontext=u:object_r:media_rw_data_file:s0 tclass=dir permissive=1
[  865.638831] type=1400 audit(1790905834.747:306): avc:  denied  { remove_name } for  comm="recovery" name=".version" dev="rootfs" ino=734 scontext=u:r:recovery:s0 tcontext=u:object_r:media_rw_data_file:s0 tclass=dir permissive=1
[  865.639279] type=1400 audit(1790905834.747:306): avc:  denied  { unlink } for  comm="recovery" name=".version" dev="rootfs" ino=734 scontext=u:r:recovery:s0 tcontext=u:object_r:media_rw_data_file:s0 tclass=file permissive=1
[  865.639710] type=1300 audit(1790905834.747:306): arch=c000003e syscall=263 success=yes exit=0 a0=ffffff9c a1=7effc6410ec0 a2=0 a3=0 items=0 ppid=1 auid=4294967295 uid=0 gid=0 euid=0 suid=0 fsuid=0 egid=0 sgid=0 fsgid=0 tty=(none) ses=4294967295 comm="recovery" exe="/system/bin/recovery" subj=u:r:recovery:s0 key=(null)
[  865.640448] type=1327 audit(1790905834.747:306): proctitle="/system/bin/recovery"
[  865.640602] type=1320 audit(1790905834.747:306): 
[  865.640799] type=1400 audit(1790905834.747:307): avc:  denied  { add_name } for  comm="recovery" name=".version" scontext=u:r:recovery:s0 tcontext=u:object_r:media_rw_data_file:s0 tclass=dir permissive=1
[  865.641208] type=1300 audit(1790905834.747:307): arch=c000003e syscall=257 success=yes exit=17 a0=ffffff9c a1=7effc6410ec0 a2=241 a3=1b6 items=4 ppid=1 auid=4294967295 uid=0 gid=0 euid=0 suid=0 fsuid=0 egid=0 sgid=0 fsgid=0 tty=(none) ses=4294967295 comm="recovery" exe="/system/bin/recovery" subj=u:r:recovery:s0 key=(null)
[  865.641748] type=1307 audit(1790905834.747:307): cwd="/"
[  865.641889] type=1302 audit(1790905834.747:307): item=0 name=(null) inode=731 dev=00:02 mode=040770 ouid=1023 ogid=1023 rdev=00:00 obj=u:object_r:media_rw_data_file:s0 nametype=PARENT cap_fp=0 cap_fi=0 cap_fe=0 cap_fver=0 cap_frootid=0
[  865.642310] type=1302 audit(1790905834.747:307): item=1 name=(null) nametype=CREATE cap_fp=0 cap_fi=0 cap_fe=0 cap_fver=0 cap_frootid=0
[  865.642533] type=1302 audit(1790905834.747:307): item=2 name=(null) inode=731 dev=00:02 mode=040770 ouid=1023 ogid=1023 rdev=00:00 obj=u:object_r:media_rw_data_file:s0 nametype=PARENT cap_fp=0 cap_fi=0 cap_fe=0 cap_fver=0 cap_frootid=0
[  865.642951] type=1302 audit(1790905834.747:307): item=3 name=(null) inode=777 dev=00:02 mode=0100666 ouid=0 ogid=0 rdev=00:00 obj=u:object_r:media_rw_data_file:s0 nametype=CREATE cap_fp=0 cap_fi=0 cap_fe=0 cap_fver=0 cap_frootid=0
[  865.643460] type=1327 audit(1790905834.747:307): proctitle="/system/bin/recovery"
[  865.643688] EXT4-fs (vda9): VFS: Can't find ext4 filesystem
[  865.643736] type=1320 audit(1790905834.747:307): 
[  865.643999] EXT4-fs (vda9): VFS: Can't find ext4 filesystem
[  865.650717] EXT4-fs (vda9): VFS: Can't find ext4 filesystem
[  865.651673] EXT4-fs (vda9): VFS: Can't find ext4 filesystem
[  865.694146] init: processing action (sys.usb.config=none && sys.usb.configfs=0) from (/system/etc/init/hw/init.rc:207)
[  865.694521] init: Sending signal 9 to service 'adbd' (pid 190) process group...
[  865.699586] libprocessgroup: Removed cgroup /dev/cg2_bpf/system/uid_0/pid_190
[  865.699989] init: Service 'adbd' (pid 190) received signal 9
[  865.700114] init: Sending signal 9 to service 'adbd' (pid 190) process group...
[  865.700414] libprocessgroup: Failed to write 1 to /dev/cg2_bpf/system/uid_0/pid_190/cgroup.kill: No such file or directory
[  865.700599] libprocessgroup: Failed to open /dev/cg2_bpf/system/uid_0/pid_190/cgroup.procs: No such file or directory
[  865.702370] init: processing action (ro.hardware=cutf_cvm && sys.usb.config=*) from (/system/etc/init/hw/init.rc:264)
[  865.702636] init: starting service 'adbd'...
[  865.702958] init: Created socket '/dev/socket/adbd', mode 660, user 1000, group 1000
[  865.703926] EXT4-fs (vda9): VFS: Can't find ext4 filesystem
[  865.705278] EXT4-fs (vda9): VFS: Can't find ext4 filesystem
[  865.710787] EXT4-fs (vda9): VFS: Can't find ext4 filesystem
[  865.711041] EXT4-fs (vda9): VFS: Can't find ext4 filesystem
[  865.711315] type=1400 audit(1790905834.819:308): avc:  denied  { getattr } for  comm="recovery" path="/data/recovery/log.gz" dev="rootfs" ino=732 scontext=u:r:recovery:s0 tcontext=u:object_r:media_rw_data_file:s0 tclass=file permissive=1
[  865.711832] type=1300 audit(1790905834.819:308): arch=c000003e syscall=262 success=yes exit=0 a0=ffffff9c a1=7ffe253c8821 a2=7ffe253c89c0 a3=0 items=0 ppid=1 auid=4294967295 uid=0 gid=0 euid=0 suid=0 fsuid=0 egid=0 sgid=0 fsgid=0 tty=(none) ses=4294967295 comm="recovery" exe="/system/bin/recovery" subj=u:r:recovery:s0 key=(null)
[  865.712569] type=1327 audit(1790905834.819:308): proctitle="/system/bin/recovery"
[  865.712728] type=1320 audit(1790905834.819:308): 
[  865.712856] type=1400 audit(1790905834.819:309): avc:  denied  { read } for  comm="recovery" name="log.gz" dev="rootfs" ino=732 scontext=u:r:recovery:s0 tcontext=u:object_r:media_rw_data_file:s0 tclass=file permissive=1
[  865.713213] type=1400 audit(1790905834.819:309): avc:  denied  { open } for  comm="recovery" path="/data/recovery/log.gz" dev="rootfs" ino=732 scontext=u:r:recovery:s0 tcontext=u:object_r:media_rw_data_file:s0 tclass=file permissive=1
[  865.713701] type=1300 audit(1790905834.819:309): arch=c000003e syscall=257 success=yes exit=17 a0=ffffff9c a1=7ffe253c8be1 a2=80000 a3=0 items=0 ppid=1 auid=4294967295 uid=0 gid=0 euid=0 suid=0 fsuid=0 egid=0 sgid=0 fsgid=0 tty=(none) ses=4294967295 comm="recovery" exe="/system/bin/recovery" subj=u:r:recovery:s0 key=(null)
[  865.714644] type=1327 audit(1790905834.819:309): proctitle="/system/bin/recovery"
[  865.714815] type=1320 audit(1790905834.819:309): 
[  865.714968] type=1400 audit(1790905834.819:310): avc:  denied  { write } for  comm="recovery" name="last_log.gz" dev="rootfs" ino=740 scontext=u:r:recovery:s0 tcontext=u:object_r:media_rw_data_file:s0 tclass=file permissive=1
[  865.716163] type=1300 audit(1790905834.819:310): arch=c000003e syscall=257 success=yes exit=18 a0=ffffff9c a1=7effc6410d10 a2=80241 a3=1b6 items=0 ppid=1 auid=4294967295 uid=0 gid=0 euid=0 suid=0 fsuid=0 egid=0 sgid=0 fsgid=0 tty=(none) ses=4294967295 comm="recovery" exe="/system/bin/recovery" subj=u:r:recovery:s0 key=(null)
[  865.716674] type=1327 audit(1790905834.819:310): proctitle="/system/bin/recovery"
[  865.716824] type=1320 audit(1790905834.819:310): 
[  865.716923] type=1400 audit(1790905834.819:311): avc:  denied  { setattr } for  comm="recovery" name="last_log.gz" dev="rootfs" ino=740 scontext=u:r:recovery:s0 tcontext=u:object_r:media_rw_data_file:s0 tclass=file permissive=1
[  865.717156] type=1300 audit(1790905834.819:311): arch=c000003e syscall=268 success=yes exit=0 a0=ffffff9c a1=7effc6410d10 a2=180 a3=1000000 items=0 ppid=1 auid=4294967295 uid=0 gid=0 euid=0 suid=0 fsuid=0 egid=0 sgid=0 fsgid=0 tty=(none) ses=4294967295 comm="recovery" exe="/system/bin/recovery" subj=u:r:recovery:s0 key=(null)
[  865.717491] type=1327 audit(1790905834.819:311): proctitle="/system/bin/recovery"
[  865.717615] EXT4-fs (vda9): VFS: Can't find ext4 filesystem
[  865.717944] type=1320 audit(1790905834.819:311): 
[  865.720017] EXT4-fs (vda9): VFS: Can't find ext4 filesystem
[  865.726621] init: ... started service 'adbd' has pid 1720
[  865.726995] init: processing action (sys.usb.config=*) from (/init.recovery.cutf_cvm.rc:14)
[  865.727187] init: service 'adbd' requested start, but it is already running (flags: 132)
[  865.728077] init: processing action (sys.usb.config=adb) from (/system/etc/init/hw/init.rc:201)
[  865.728420] init: service 'adbd' requested start, but it is already running (flags: 132)
[  865.728613] init: processing action (sys.usb.config=adb && sys.usb.configfs=0) from (/system/etc/init/hw/init.rc:213)
[  865.729199] init: processing action (ro.hardware=cutf_cvm && sys.usb.config=*) from (/system/etc/init/hw/init.rc:264)
[  865.729422] init: service 'adbd' requested start, but it is already running (flags: 132)
[  865.729589] init: processing action (sys.usb.config=*) from (/init.recovery.cutf_cvm.rc:14)
[  865.729784] init: service 'adbd' requested start, but it is already running (flags: 132)
[  865.738914] init: Control message: Could not find 'mdnsd' for ctl.start from pid: 1720 (/system/bin/adbd --root_seclabel=u:r:su:s0 --device_banner=recovery)
[  865.740329] type=1400 audit(1790905834.847:312): avc:  denied  { ioctl } for  comm="pigz" path="/data/recovery/log.gz" dev="rootfs" ino=732 ioctlcmd=0x5401 scontext=u:r:recovery:s0 tcontext=u:object_r:media_rw_data_file:s0 tclass=file permissive=1
[  865.740856] type=1300 audit(1790905834.847:312): arch=c000003e syscall=16 success=no exit=-22 a0=1 a1=5401 a2=7ffcd5ce4b80 a3=9000 items=0 ppid=1691 auid=4294967295 uid=0 gid=0 euid=0 suid=0 fsuid=0 egid=0 sgid=0 fsgid=0 tty=(none) ses=4294967295 comm="pigz" exe="/system/bin/pigz" subj=u:r:recovery:s0 key=(null)
[  865.741463] type=1327 audit(1790905834.847:312): proctitle=7069677A002D
[  865.742108] type=1320 audit(1790905834.847:312): 
[  865.785126] type=1400 audit(1790905834.895:313): avc:  denied  { read } for  comm="recovery" name="plugin.json" dev="tmpfs" ino=490 scontext=u:r:recovery:s0 tcontext=u:object_r:appdomain_tmpfs:s0 tclass=file permissive=1
[  865.785709] type=1400 audit(1790905834.895:313): avc:  denied  { open } for  comm="recovery" path="/tmp/aera/plugins/lifecycle-probe/plugin.json" dev="tmpfs" ino=490 scontext=u:r:recovery:s0 tcontext=u:object_r:appdomain_tmpfs:s0 tclass=file permissive=1
[  865.786316] type=1300 audit(1790905834.895:313): arch=c000003e syscall=257 success=yes exit=23 a0=ffffff9c a1=7f008640b0d0 a2=a0000 a3=0 items=0 ppid=1 auid=4294967295 uid=0 gid=0 euid=0 suid=0 fsuid=0 egid=0 sgid=0 fsgid=0 tty=(none) ses=4294967295 comm="recovery" exe="/system/bin/recovery" subj=u:r:recovery:s0 key=(null)
[  865.786991] type=1327 audit(1790905834.895:313): proctitle="/system/bin/recovery"
[  865.787231] type=1320 audit(1790905834.895:313): 
[  865.787364] type=1400 audit(1790905834.895:314): avc:  denied  { getattr } for  comm="recovery" path="/tmp/aera/plugins/lifecycle-probe/plugin.json" dev="tmpfs" ino=490 scontext=u:r:recovery:s0 tcontext=u:object_r:appdomain_tmpfs:s0 tclass=file permissive=1
[  865.787945] type=1300 audit(1790905834.895:314): arch=c000003e syscall=5 success=yes exit=0 a0=17 a1=7efed58dcd50 a2=a0000 a3=0 items=0 ppid=1 auid=4294967295 uid=0 gid=0 euid=0 suid=0 fsuid=0 egid=0 sgid=0 fsgid=0 tty=(none) ses=4294967295 comm="recovery" exe="/system/bin/recovery" subj=u:r:recovery:s0 key=(null)
[  865.788583] type=1327 audit(1790905834.895:314): proctitle="/system/bin/recovery"
[  865.788813] type=1320 audit(1790905834.895:314): 
[  868.717831] type=1400 audit(1790905837.823:315): avc:  denied  { unlink } for  comm="recovery" name="aeraui-capture" dev="tmpfs" ino=571 scontext=u:r:recovery:s0 tcontext=u:object_r:appdomain_tmpfs:s0 tclass=file permissive=1
[  868.718371] type=1300 audit(1790905837.823:315): arch=c000003e syscall=263 success=yes exit=0 a0=ffffff9c a1=633e8390fe20 a2=0 a3=0 items=0 ppid=1 auid=4294967295 uid=0 gid=0 euid=0 suid=0 fsuid=0 egid=0 sgid=0 fsgid=0 tty=(none) ses=4294967295 comm="recovery" exe="/system/bin/recovery" subj=u:r:recovery:s0 key=(null)
[  868.718988] type=1327 audit(1790905837.823:315): proctitle="/system/bin/recovery"
[  868.719198] type=1320 audit(1790905837.823:315): 
[  871.267173] type=1400 audit(1790905840.375:316): avc:  denied  { map } for  comm="recovery" path="/tmp/aera/plugins/lifecycle-probe/runtime.xz" dev="tmpfs" ino=491 scontext=u:r:recovery:s0 tcontext=u:object_r:appdomain_tmpfs:s0 tclass=file permissive=1
[  871.267824] type=1300 audit(1790905840.375:316): arch=c000003e syscall=9 success=yes exit=139632915697664 a0=0 a1=19b2610 a2=1 a3=2 items=0 ppid=1 auid=4294967295 uid=0 gid=0 euid=0 suid=0 fsuid=0 egid=0 sgid=0 fsgid=0 tty=(none) ses=4294967295 comm="recovery" exe="/system/bin/recovery" subj=u:r:recovery:s0 key=(null)
[  871.268705] type=1327 audit(1790905840.375:316): proctitle="/system/bin/recovery"
[  871.268898] type=1320 audit(1790905840.375:316): 
[  874.563745] type=1400 audit(1790905843.671:317): avc:  denied  { getattr } for  comm="ld-linux-x86-64" path="/data/recovery/AERA/.aera" dev="rootfs" ino=763 scontext=u:r:recovery:s0 tcontext=u:object_r:system_data_file:s0 tclass=file permissive=1
[  874.565010] type=1300 audit(1790905843.671:317): arch=c000003e syscall=332 success=yes exit=0 a0=ffffff9c a1=7ffdc67ce910 a2=0 a3=fff items=0 ppid=1691 auid=4294967295 uid=0 gid=0 euid=0 suid=0 fsuid=0 egid=0 sgid=0 fsgid=0 tty=(none) ses=4294967295 comm="ld-linux-x86-64" exe="/tmp/aera-p2-gdM5wj/usr/lib/ld-linux-x86-64.so.2" subj=u:r:recovery:s0 key=(null)
[  874.565556] type=1327 audit(1790905843.671:317): proctitle=2F746D702F616572612D70322D67644D35776A2F7573722F6C69622F6C642D6C696E75782D7838362D36342E736F2E32002D2D6C6962726172792D70617468002F746D702F616572612D70322D67644D35776A2F7573722F6C6962002F746D702F616572612D70322D67644D35776A2F7573722F62696E2F616572612D666C75
[  874.566271] type=1320 audit(1790905843.671:317): 
[  874.566411] type=1400 audit(1790905843.671:318): avc:  denied  { read } for  comm="ld-linux-x86-64" name=".aera" dev="rootfs" ino=763 scontext=u:r:recovery:s0 tcontext=u:object_r:system_data_file:s0 tclass=file permissive=1
[  874.566815] type=1400 audit(1790905843.671:318): avc:  denied  { open } for  comm="ld-linux-x86-64" path="/data/recovery/AERA/.aera" dev="rootfs" ino=763 scontext=u:r:recovery:s0 tcontext=u:object_r:system_data_file:s0 tclass=file permissive=1
[  874.567222] type=1300 audit(1790905843.671:318): arch=c000003e syscall=257 success=yes exit=7 a0=ffffff9c a1=7ffdc67cec80 a2=80000 a3=0 items=0 ppid=1691 auid=4294967295 uid=0 gid=0 euid=0 suid=0 fsuid=0 egid=0 sgid=0 fsgid=0 tty=(none) ses=4294967295 comm="ld-linux-x86-64" exe="/tmp/aera-p2-gdM5wj/usr/lib/ld-linux-x86-64.so.2" subj=u:r:recovery:s0 key=(null)
[  874.567900] type=1327 audit(1790905843.671:318): proctitle=2F746D702F616572612D70322D67644D35776A2F7573722F6C69622F6C642D6C696E75782D7838362D36342E736F2E32002D2D6C6962726172792D70617468002F746D702F616572612D70322D67644D35776A2F7573722F6C6962002F746D702F616572612D70322D67644D35776A2F7573722F62696E2F616572612D666C75
[  874.568667] type=1320 audit(1790905843.671:318): 
[  874.574727] type=1400 audit(1790905843.683:319): avc:  denied  { execmem } for  comm="DartWorker" scontext=u:r:recovery:s0 tcontext=u:r:recovery:s0 tclass=process permissive=1
[  874.575824] type=1300 audit(1790905843.683:319): arch=c000003e syscall=9 success=yes exit=131427004321792 a0=77885bed4020 a1=ff000 a2=7 a3=22 items=0 ppid=1691 auid=4294967295 uid=0 gid=0 euid=0 suid=0 fsuid=0 egid=0 sgid=0 fsgid=0 tty=(none) ses=4294967295 comm="DartWorker" exe="/tmp/aera-p2-gdM5wj/usr/lib/ld-linux-x86-64.so.2" subj=u:r:recovery:s0 key=(null)
[  874.577968] type=1327 audit(1790905843.683:319): proctitle=2F746D702F616572612D70322D67644D35776A2F7573722F6C69622F6C642D6C696E75782D7838362D36342E736F2E32002D2D6C6962726172792D70617468002F746D702F616572612D70322D67644D35776A2F7573722F6C6962002F746D702F616572612D70322D67644D35776A2F7573722F62696E2F616572612D666C75
[  874.578593] type=1320 audit(1790905843.683:319): 
[  874.626836] type=1400 audit(1790905843.735:320): avc:  denied  { read } for  comm="DartWorker" name="overcommit_memory" dev="proc" ino=5194 scontext=u:r:recovery:s0 tcontext=u:object_r:proc_overcommit_memory:s0 tclass=file permissive=1
[  874.628505] type=1400 audit(1790905843.735:320): avc:  denied  { open } for  comm="DartWorker" path="/proc/sys/vm/overcommit_memory" dev="proc" ino=5194 scontext=u:r:recovery:s0 tcontext=u:object_r:proc_overcommit_memory:s0 tclass=file permissive=1
[  874.628977] type=1300 audit(1790905843.735:320): arch=c000003e syscall=257 success=yes exit=18 a0=ffffff9c a1=77885d653aa0 a2=80000 a3=0 items=0 ppid=1691 auid=4294967295 uid=0 gid=0 euid=0 suid=0 fsuid=0 egid=0 sgid=0 fsgid=0 tty=(none) ses=4294967295 comm="DartWorker" exe="/tmp/aera-p2-gdM5wj/usr/lib/ld-linux-x86-64.so.2" subj=u:r:recovery:s0 key=(null)
[  874.630799] type=1327 audit(1790905843.735:320): proctitle=2F746D702F616572612D70322D67644D35776A2F7573722F6C69622F6C642D6C696E75782D7838362D36342E736F2E32002D2D6C6962726172792D70617468002F746D702F616572612D70322D67644D35776A2F7573722F6C6962002F746D702F616572612D70322D67644D35776A2F7573722F62696E2F616572612D666C75
[  874.631410] type=1320 audit(1790905843.735:320): 
[  898.029388] logd: logdr: UID=0 GID=0 PID=2095 n tail=0 logMask=99 pid=0 start=0ns deadline=0ns
[  925.100905] servicemanager: getDeviceHalManifest: Reading VINTF information.
[  925.101933] servicemanager: getDeviceHalManifest: status from fetching VINTF information: -2
[  925.102149] servicemanager: getDeviceHalManifest: -2 VINTF parse error: Cannot read /vendor/manifest.xml: No such file or directory
[  925.102475] servicemanager: getFrameworkHalManifest: Reading VINTF information.
[  925.102740] servicemanager: Cannot fetch /system/etc/vintf/manifest.xml: Cannot read /system/etc/vintf/manifest.xml: No such file or directory
[  925.103012] servicemanager: getFrameworkHalManifest: status from fetching VINTF information: -2
[  925.103216] servicemanager: getFrameworkHalManifest: -2 VINTF parse error: Cannot read /system/manifest.xml: No such file or directory
[  925.103486] servicemanager: NULL VINTF MANIFEST!: device
[  925.103591] servicemanager: NULL VINTF MANIFEST!: framework
[  925.103740] servicemanager: getDeviceHalManifest: Reading VINTF information.
[  925.103944] servicemanager: getDeviceHalManifest: status from fetching VINTF information: -2
[  925.104501] servicemanager: getDeviceHalManifest: -2 VINTF parse error: Cannot read /vendor/manifest.xml: No such file or directory
[  925.105208] servicemanager: getFrameworkHalManifest: Reading VINTF information.
[  925.105446] servicemanager: Cannot fetch /system/etc/vintf/manifest.xml: Cannot read /system/etc/vintf/manifest.xml: No such file or directory
[  925.105802] servicemanager: getFrameworkHalManifest: status from fetching VINTF information: -2
[  925.106020] servicemanager: getFrameworkHalManifest: -2 VINTF parse error: Cannot read /system/manifest.xml: No such file or directory
[  925.106944] servicemanager: NULL VINTF MANIFEST!: device
[  925.107104] servicemanager: NULL VINTF MANIFEST!: framework
[  925.107316] servicemanager: getDeviceHalManifest: Reading VINTF information.
[  925.107632] servicemanager: getDeviceHalManifest: status from fetching VINTF information: -2
[  925.107898] servicemanager: getDeviceHalManifest: -2 VINTF parse error: Cannot read /vendor/manifest.xml: No such file or directory
[  925.108317] servicemanager: getFrameworkHalManifest: Reading VINTF information.
[  925.108464] servicemanager: Cannot fetch /system/etc/vintf/manifest.xml: Cannot read /system/etc/vintf/manifest.xml: No such file or directory
[  925.108868] servicemanager: getFrameworkHalManifest: status from fetching VINTF information: -2
[  925.109186] servicemanager: getFrameworkHalManifest: -2 VINTF parse error: Cannot read /system/manifest.xml: No such file or directory
[  925.109560] servicemanager: NULL VINTF MANIFEST!: device
[  925.109699] servicemanager: NULL VINTF MANIFEST!: framework
[  925.109814] servicemanager: Caller(pid=1691,uid=0,sid=u:r:recovery:s0) Could not find android.hardware.health.IHealth/default in the VINTF manifest. No alternative instances declared in VINTF.
[  939.014110] type=1400 audit(1790905908.123:321): avc:  denied  { write } for  comm="recovery" name="uinput" dev="tmpfs" ino=905 scontext=u:r:recovery:s0 tcontext=u:object_r:uhid_device:s0 tclass=chr_file permissive=1
[  939.015173] type=1400 audit(1790905908.123:321): avc:  denied  { open } for  comm="recovery" path="/dev/uinput" dev="tmpfs" ino=905 scontext=u:r:recovery:s0 tcontext=u:object_r:uhid_device:s0 tclass=chr_file permissive=1
[  939.015713] type=1300 audit(1790905908.123:321): arch=c000003e syscall=257 success=yes exit=24 a0=ffffff9c a1=633e838feb40 a2=80801 a3=0 items=0 ppid=1 auid=4294967295 uid=0 gid=0 euid=0 suid=0 fsuid=0 egid=0 sgid=0 fsgid=0 tty=(none) ses=4294967295 comm="recovery" exe="/system/bin/recovery" subj=u:r:recovery:s0 key=(null)
[  939.016405] input: AERA Remote Input as /devices/virtual/input/input7
[  939.016421] type=1327 audit(1790905908.123:321): proctitle="/system/bin/recovery"
[  939.016762] type=1320 audit(1790905908.123:321): 
[  939.016870] type=1400 audit(1790905908.123:322): avc:  denied  { ioctl } for  comm="recovery" path="/dev/uinput" dev="tmpfs" ino=905 ioctlcmd=0x5564 scontext=u:r:recovery:s0 tcontext=u:object_r:uhid_device:s0 tclass=chr_file permissive=1
[  939.017385] type=1300 audit(1790905908.123:322): arch=c000003e syscall=16 success=yes exit=0 a0=18 a1=40045564 a2=0 a3=0 items=0 ppid=1 auid=4294967295 uid=0 gid=0 euid=0 suid=0 fsuid=0 egid=0 sgid=0 fsgid=0 tty=(none) ses=4294967295 comm="recovery" exe="/system/bin/recovery" subj=u:r:recovery:s0 key=(null)
[  939.020191] type=1327 audit(1790905908.123:322): proctitle="/system/bin/recovery"
[  939.020401] type=1320 audit(1790905908.123:322): 
[  975.776475] type=1701 audit(1790905944.887:323): auid=4294967295 uid=0 gid=0 ses=4294967295 subj=u:r:recovery:s0 comm="recovery" exe="/system/bin/recovery" sig=11 res=1
[  975.937823] init: Untracked pid 1709 exited with status 0
[  975.938835] init: Untracked pid 1709 did not have an associated service entry and will not be reaped
[  975.943648] init: Service 'recovery' (pid 1691) received signal 11
[  975.943962] init: Sending signal 9 to service 'recovery' (pid 1691) process group...
[  975.969661] libprocessgroup: Removed cgroup /dev/cg2_bpf/system/uid_0/pid_1691
[  975.977085] init: Untracked pid 2304 exited with status 1
[  975.977256] init: Untracked pid 2304 did not have an associated service entry and will not be reaped
[  975.977631] init: Untracked pid 1731 exited with status 0
[  975.977766] init: Untracked pid 1731 did not have an associated service entry and will not be reaped
[  975.979466] init: starting service 'recovery'...
[  975.982434] init: Created socket '/dev/socket/recovery', mode 422, user 1000, group 1000
[  976.004208] init: ... started service 'recovery' has pid 2357
[  976.068170] init: Unable to set property 'ro.aera.boot' from uid:0 gid:0 pid:2357: Read-only property was already set
[  976.068762] init: Unable to set property 'ro.aera.type' from uid:0 gid:0 pid:2357: Read-only property was already set
[  976.069233] init: Unable to set property 'ro.aera.status' from uid:0 gid:0 pid:2357: Read-only property was already set
[  976.069625] init: Unable to set property 'ro.aera.variant' from uid:0 gid:0 pid:2357: Read-only property was already set
[  976.069979] init: Unable to set property 'ro.aera.build' from uid:0 gid:0 pid:2357: Read-only property was already set
[  976.070377] init: Unable to set property 'ro.aera.release.version' from uid:0 gid:0 pid:2357: Read-only property was already set
[  976.070759] init: Unable to set property 'ro.aera.build.status' from uid:0 gid:0 pid:2357: Read-only property was already set
[  976.071252] init: Unable to set property 'ro.aera.release.channel' from uid:0 gid:0 pid:2357: Read-only property was already set
[  976.073898] init: Unable to set property 'ro.aera.boot.header.version' from uid:0 gid:0 pid:2357: Read-only property was already set
[  976.077592] init: Unable to set property 'ro.aera.vanilla' from uid:0 gid:0 pid:2357: Read-only property was already set
[  976.077977] init: Unable to set property 'ro.aera.crypto_enabled' from uid:0 gid:0 pid:2357: Read-only property was already set
[  976.078417] init: Unable to set property 'ro.aera.substitute_permissions' from uid:0 gid:0 pid:2357: Read-only property was already set
[  976.081559] init: Unable to set property 'ro.product.device' from uid:0 gid:0 pid:2357: Read-only property was already set
[  976.217655] EXT4-fs (vda9): VFS: Can't find ext4 filesystem
[  976.218060] EXT4-fs (vda9): VFS: Can't find ext4 filesystem
[  976.222150] EXT4-fs (vda9): VFS: Can't find ext4 filesystem
[  976.222458] EXT4-fs (vda9): VFS: Can't find ext4 filesystem
[  976.228391] EXT4-fs (vda6): mounted filesystem bb985508-2bb5-4adf-9fbc-86698b5d8347 ro with ordered data mode. Quota mode: none.
[  976.229497] EXT4-fs (vda6): unmounting filesystem bb985508-2bb5-4adf-9fbc-86698b5d8347.
[  976.233330] EXT4-fs (vda9): VFS: Can't find ext4 filesystem
[  976.233563] EXT4-fs (vda9): VFS: Can't find ext4 filesystem
[  976.234961] type=1400 audit(1790905945.343:324): avc:  denied  { create } for  comm="recovery" scontext=u:r:recovery:s0 tcontext=u:r:recovery:s0 tclass=netlink_kobject_uevent_socket permissive=1
[  976.235487] type=1300 audit(1790905945.343:324): arch=c000003e syscall=41 success=yes exit=8 a0=10 a1=2 a2=f a3=50000 items=0 ppid=1 auid=4294967295 uid=0 gid=0 euid=0 suid=0 fsuid=0 egid=0 sgid=0 fsgid=0 tty=(none) ses=4294967295 comm="recovery" exe="/system/bin/recovery" subj=u:r:recovery:s0 key=(null)
[  976.236076] type=1327 audit(1790905945.343:324): proctitle="/system/bin/recovery"
[  976.236314] type=1320 audit(1790905945.343:324): 
[  976.236439] type=1400 audit(1790905945.343:325): avc:  denied  { bind } for  comm="recovery" scontext=u:r:recovery:s0 tcontext=u:r:recovery:s0 tclass=netlink_kobject_uevent_socket permissive=1
[  976.236814] type=1300 audit(1790905945.343:325): arch=c000003e syscall=49 success=yes exit=0 a0=8 a1=7ffef9583ad4 a2=c a3=50000 items=0 ppid=1 auid=4294967295 uid=0 gid=0 euid=0 suid=0 fsuid=0 egid=0 sgid=0 fsgid=0 tty=(none) ses=4294967295 comm="recovery" exe="/system/bin/recovery" subj=u:r:recovery:s0 key=(null)
[  976.237381] type=1327 audit(1790905945.343:325): proctitle="/system/bin/recovery"
[  976.238112] type=1320 audit(1790905945.343:325): 
[  976.240808] servicemanager: getDeviceHalManifest: Reading VINTF information.
[  976.241224] servicemanager: getDeviceHalManifest: status from fetching VINTF information: -2
[  976.241514] servicemanager: getDeviceHalManifest: -2 VINTF parse error: Cannot read /vendor/manifest.xml: No such file or directory
[  976.241821] servicemanager: getFrameworkHalManifest: Reading VINTF information.
[  976.242034] servicemanager: Cannot fetch /system/etc/vintf/manifest.xml: Cannot read /system/etc/vintf/manifest.xml: No such file or directory
[  976.242365] servicemanager: getFrameworkHalManifest: status from fetching VINTF information: -2
[  976.242559] servicemanager: getFrameworkHalManifest: -2 VINTF parse error: Cannot read /system/manifest.xml: No such file or directory
[  976.242850] servicemanager: NULL VINTF MANIFEST!: device
[  976.242978] servicemanager: NULL VINTF MANIFEST!: framework
[  976.243140] servicemanager: getDeviceHalManifest: Reading VINTF information.
[  976.243329] servicemanager: getDeviceHalManifest: status from fetching VINTF information: -2
[  976.243527] servicemanager: getDeviceHalManifest: -2 VINTF parse error: Cannot read /vendor/manifest.xml: No such file or directory
[  976.243816] servicemanager: getFrameworkHalManifest: Reading VINTF information.
[  976.244698] servicemanager: Cannot fetch /system/etc/vintf/manifest.xml: Cannot read /system/etc/vintf/manifest.xml: No such file or directory
[  976.245073] servicemanager: getFrameworkHalManifest: status from fetching VINTF information: -2
[  976.245241] servicemanager: getFrameworkHalManifest: -2 VINTF parse error: Cannot read /system/manifest.xml: No such file or directory
[  976.245407] servicemanager: NULL VINTF MANIFEST!: device
[  976.245482] servicemanager: NULL VINTF MANIFEST!: framework
[  976.245616] servicemanager: getDeviceHalManifest: Reading VINTF information.
[  976.245879] servicemanager: getDeviceHalManifest: status from fetching VINTF information: -2
[  976.246160] servicemanager: getDeviceHalManifest: -2 VINTF parse error: Cannot read /vendor/manifest.xml: No such file or directory
[  976.246493] servicemanager: getFrameworkHalManifest: Reading VINTF information.
[  976.247244] servicemanager: Cannot fetch /system/etc/vintf/manifest.xml: Cannot read /system/etc/vintf/manifest.xml: No such file or directory
[  976.247625] servicemanager: getFrameworkHalManifest: status from fetching VINTF information: -2
[  976.247853] servicemanager: getFrameworkHalManifest: -2 VINTF parse error: Cannot read /system/manifest.xml: No such file or directory
[  976.248081] servicemanager: NULL VINTF MANIFEST!: device
[  976.248476] servicemanager: NULL VINTF MANIFEST!: framework
[  976.248800] servicemanager: Caller(pid=2357,uid=0,sid=u:r:recovery:s0) Could not find android.hardware.health.IHealth/default in the VINTF manifest. No alternative instances declared in VINTF.
[  976.255669] type=1400 audit(1790905945.363:326): avc:  denied  { write } for  comm="recovery" name="u:object_r:build_prop:s0" dev="tmpfs" ino=55 scontext=u:r:recovery:s0 tcontext=u:object_r:build_prop:s0 tclass=file permissive=1
[  976.256259] type=1300 audit(1790905945.363:326): arch=c000003e syscall=257 success=yes exit=17 a0=ffffff9c a1=7ffef9583700 a2=a0002 a3=0 items=0 ppid=1 auid=4294967295 uid=0 gid=0 euid=0 suid=0 fsuid=0 egid=0 sgid=0 fsgid=0 tty=(none) ses=4294967295 comm="recovery" exe="/system/bin/recovery" subj=u:r:recovery:s0 key=(null)
[  976.257358] type=1327 audit(1790905945.363:326): proctitle="/system/bin/recovery"
[  976.257523] type=1320 audit(1790905945.363:326): 
[  976.257653] type=1400 audit(1790905945.363:327): avc:  denied  { write } for  comm="recovery" name="u:object_r:build_bootimage_prop:s0" dev="tmpfs" ino=52 scontext=u:r:recovery:s0 tcontext=u:object_r:build_bootimage_prop:s0 tclass=file permissive=1
[  976.258088] type=1300 audit(1790905945.363:327): arch=c000003e syscall=257 success=yes exit=17 a0=ffffff9c a1=7ffef9583700 a2=a0002 a3=0 items=0 ppid=1 auid=4294967295 uid=0 gid=0 euid=0 suid=0 fsuid=0 egid=0 sgid=0 fsgid=0 tty=(none) ses=4294967295 comm="recovery" exe="/system/bin/recovery" subj=u:r:recovery:s0 key=(null)
[  976.258674] type=1327 audit(1790905945.363:327): proctitle="/system/bin/recovery"
[  976.258848] type=1320 audit(1790905945.363:327): 
[  976.258959] type=1400 audit(1790905945.363:328): avc:  denied  { write } for  comm="recovery" name="u:object_r:build_vendor_prop:s0" dev="tmpfs" ino=56 scontext=u:r:recovery:s0 tcontext=u:object_r:build_vendor_prop:s0 tclass=file permissive=1
[  976.259502] type=1300 audit(1790905945.363:328): arch=c000003e syscall=257 success=yes exit=17 a0=ffffff9c a1=7ffef9583700 a2=a0002 a3=0 items=0 ppid=1 auid=4294967295 uid=0 gid=0 euid=0 suid=0 fsuid=0 egid=0 sgid=0 fsgid=0 tty=(none) ses=4294967295 comm="recovery" exe="/system/bin/recovery" subj=u:r:recovery:s0 key=(null)
[  976.260292] type=1327 audit(1790905945.363:328): proctitle="/system/bin/recovery"
[  976.260469] type=1320 audit(1790905945.363:328): 
[  976.260584] type=1400 audit(1790905945.363:329): avc:  denied  { write } for  comm="recovery" name="u:object_r:build_odm_prop:s0" dev="tmpfs" ino=54 scontext=u:r:recovery:s0 tcontext=u:object_r:build_odm_prop:s0 tclass=file permissive=1
[  976.260956] type=1300 audit(1790905945.363:329): arch=c000003e syscall=257 success=yes exit=17 a0=ffffff9c a1=7ffef9583700 a2=a0002 a3=0 items=0 ppid=1 auid=4294967295 uid=0 gid=0 euid=0 suid=0 fsuid=0 egid=0 sgid=0 fsgid=0 tty=(none) ses=4294967295 comm="recovery" exe="/system/bin/recovery" subj=u:r:recovery:s0 key=(null)
[  976.261910] type=1327 audit(1790905945.363:329): proctitle="/system/bin/recovery"
[  976.262157] type=1320 audit(1790905945.363:329): 
[  976.273702] EXT4-fs (vda9): VFS: Can't find ext4 filesystem
[  976.273983] EXT4-fs (vda9): VFS: Can't find ext4 filesystem
[  976.278459] EXT4-fs (vda6): mounted filesystem bb985508-2bb5-4adf-9fbc-86698b5d8347 ro with ordered data mode. Quota mode: none.
[  976.280774] EXT4-fs (vda6): unmounting filesystem bb985508-2bb5-4adf-9fbc-86698b5d8347.
[  976.284721] EXT4-fs (vda9): VFS: Can't find ext4 filesystem
[  976.284948] EXT4-fs (vda9): VFS: Can't find ext4 filesystem
[  976.285357] type=1400 audit(1790905945.395:330): avc:  denied  { search } for  comm="recovery" name="recovery" dev="rootfs" ino=731 scontext=u:r:recovery:s0 tcontext=u:object_r:media_rw_data_file:s0 tclass=dir permissive=1
[  976.285802] type=1400 audit(1790905945.395:330): avc:  denied  { getattr } for  comm="recovery" name="AERA" dev="rootfs" ino=733 scontext=u:r:recovery:s0 tcontext=u:object_r:media_rw_data_file:s0 tclass=dir permissive=1
[  976.286255] type=1300 audit(1790905945.395:330): arch=c000003e syscall=192 success=yes exit=33 a0=7ffef9583f51 a1=64357c50563d a2=7db962803c70 a3=ff items=1 ppid=1 auid=4294967295 uid=0 gid=0 euid=0 suid=0 fsuid=0 egid=0 sgid=0 fsgid=0 tty=(none) ses=4294967295 comm="recovery" exe="/system/bin/recovery" subj=u:r:recovery:s0 key=(null)
[  976.287094] type=1307 audit(1790905945.395:330): cwd="/"
[  976.287274] type=1302 audit(1790905945.395:330): item=0 name="/data/recovery/AERA" inode=733 dev=00:02 mode=040777 ouid=1023 ogid=1023 rdev=00:00 obj=u:object_r:media_rw_data_file:s0 nametype=NORMAL cap_fp=0 cap_fi=0 cap_fe=0 cap_fver=0 cap_frootid=0
[  976.287762] type=1327 audit(1790905945.395:330): proctitle="/system/bin/recovery"
[  976.287942] type=1320 audit(1790905945.395:330): 
[  976.293182] EXT4-fs (vda9): VFS: Can't find ext4 filesystem
[  976.293398] EXT4-fs (vda9): VFS: Can't find ext4 filesystem
[  976.295694] EXT4-fs (vda9): VFS: Can't find ext4 filesystem
[  976.295926] EXT4-fs (vda9): VFS: Can't find ext4 filesystem
[  976.298822] EXT4-fs (vda9): VFS: Can't find ext4 filesystem
[  976.299297] EXT4-fs (vda9): VFS: Can't find ext4 filesystem
[  976.323587] type=1400 audit(1790905945.431:331): avc:  denied  { fsetid } for  comm="recovery" capability=4  scontext=u:r:recovery:s0 tcontext=u:r:recovery:s0 tclass=capability permissive=1
[  976.328363] type=1300 audit(1790905945.431:331): arch=c000003e syscall=268 success=yes exit=0 a0=ffffff9c a1=7ffef9583b01 a2=180 a3=3e8 items=0 ppid=1 auid=4294967295 uid=0 gid=0 euid=0 suid=0 fsuid=0 egid=0 sgid=0 fsgid=0 tty=(none) ses=4294967295 comm="recovery" exe="/system/bin/recovery" subj=u:r:recovery:s0 key=(null)
[  976.328894] type=1327 audit(1790905945.431:331): proctitle="/system/bin/recovery"
[  976.329068] type=1320 audit(1790905945.431:331): 
[  976.332221] EXT4-fs (vda9): VFS: Can't find ext4 filesystem
[  976.332470] EXT4-fs (vda9): VFS: Can't find ext4 filesystem
[  976.836231] EXT4-fs (vda9): VFS: Can't find ext4 filesystem
[  976.836675] EXT4-fs (vda9): VFS: Can't find ext4 filesystem
[  976.840411] EXT4-fs (vda9): VFS: Can't find ext4 filesystem
[  976.840674] EXT4-fs (vda9): VFS: Can't find ext4 filesystem
[  976.841424] type=1400 audit(1790905945.951:332): avc:  denied  { write } for  comm="recovery" name="recovery" dev="rootfs" ino=731 scontext=u:r:recovery:s0 tcontext=u:object_r:media_rw_data_file:s0 tclass=dir permissive=1
[  976.841835] type=1400 audit(1790905945.951:332): avc:  denied  { remove_name } for  comm="recovery" name=".version" dev="rootfs" ino=777 scontext=u:r:recovery:s0 tcontext=u:object_r:media_rw_data_file:s0 tclass=dir permissive=1
[  976.842273] type=1400 audit(1790905945.951:332): avc:  denied  { unlink } for  comm="recovery" name=".version" dev="rootfs" ino=777 scontext=u:r:recovery:s0 tcontext=u:object_r:media_rw_data_file:s0 tclass=file permissive=1
[  976.844687] type=1300 audit(1790905945.951:332): arch=c000003e syscall=263 success=yes exit=0 a0=ffffff9c a1=7db942815100 a2=0 a3=0 items=0 ppid=1 auid=4294967295 uid=0 gid=0 euid=0 suid=0 fsuid=0 egid=0 sgid=0 fsgid=0 tty=(none) ses=4294967295 comm="recovery" exe="/system/bin/recovery" subj=u:r:recovery:s0 key=(null)
[  976.845432] type=1327 audit(1790905945.951:332): proctitle="/system/bin/recovery"
[  976.845647] type=1320 audit(1790905945.951:332): 
[  976.845802] type=1400 audit(1790905945.951:333): avc:  denied  { add_name } for  comm="recovery" name=".version" scontext=u:r:recovery:s0 tcontext=u:object_r:media_rw_data_file:s0 tclass=dir permissive=1
[  976.846298] type=1400 audit(1790905945.951:333): avc:  denied  { create } for  comm="recovery" name=".version" scontext=u:r:recovery:s0 tcontext=u:object_r:media_rw_data_file:s0 tclass=file permissive=1
[  976.846648] EXT4-fs (vda9): VFS: Can't find ext4 filesystem
[  976.847062] type=1300 audit(1790905945.951:333): arch=c000003e syscall=257 success=yes exit=17 a0=ffffff9c a1=7db942815100 a2=241 a3=1b6 items=4 ppid=1 auid=4294967295 uid=0 gid=0 euid=0 suid=0 fsuid=0 egid=0 sgid=0 fsgid=0 tty=(none) ses=4294967295 comm="recovery" exe="/system/bin/recovery" subj=u:r:recovery:s0 key=(null)
[  976.847527] EXT4-fs (vda9): VFS: Can't find ext4 filesystem
[  976.848420] type=1307 audit(1790905945.951:333): cwd="/"
[  976.848453] type=1302 audit(1790905945.951:333): item=0 name=(null) inode=731 dev=00:02 mode=040770 ouid=1023 ogid=1023 rdev=00:00 obj=u:object_r:media_rw_data_file:s0 nametype=PARENT cap_fp=0 cap_fi=0 cap_fe=0 cap_fver=0 cap_frootid=0
[  976.849041] type=1302 audit(1790905945.951:333): item=1 name=(null) nametype=CREATE cap_fp=0 cap_fi=0 cap_fe=0 cap_fver=0 cap_frootid=0
[  976.849312] type=1302 audit(1790905945.951:333): item=2 name=(null) inode=731 dev=00:02 mode=040770 ouid=1023 ogid=1023 rdev=00:00 obj=u:object_r:media_rw_data_file:s0 nametype=PARENT cap_fp=0 cap_fi=0 cap_fe=0 cap_fver=0 cap_frootid=0
[  976.849753] type=1302 audit(1790905945.951:333): item=3 name=(null) inode=789 dev=00:02 mode=0100666 ouid=0 ogid=0 rdev=00:00 obj=u:object_r:media_rw_data_file:s0 nametype=CREATE cap_fp=0 cap_fi=0 cap_fe=0 cap_fver=0 cap_frootid=0
[  976.850148] type=1327 audit(1790905945.951:333): proctitle="/system/bin/recovery"
[  976.850415] type=1320 audit(1790905945.951:333): 
[  976.856526] EXT4-fs (vda9): VFS: Can't find ext4 filesystem
[  976.857315] EXT4-fs (vda9): VFS: Can't find ext4 filesystem
[  976.906017] EXT4-fs (vda9): VFS: Can't find ext4 filesystem
[  976.906318] EXT4-fs (vda9): VFS: Can't find ext4 filesystem
[  976.909116] EXT4-fs (vda9): VFS: Can't find ext4 filesystem
[  976.910649] EXT4-fs (vda9): VFS: Can't find ext4 filesystem
[  976.913718] EXT4-fs (vda9): VFS: Can't find ext4 filesystem
[  976.914488] EXT4-fs (vda9): VFS: Can't find ext4 filesystem
[  990.737351] type=1400 audit(1790905959.851:334): avc:  denied  { name_bind } for  comm="recovery" src=8088 scontext=u:r:recovery:s0 tcontext=u:object_r:port:s0 tclass=tcp_socket permissive=1
[  990.739349] type=1400 audit(1790905959.851:334): avc:  denied  { node_bind } for  comm="recovery" src=8088 scontext=u:r:recovery:s0 tcontext=u:object_r:node:s0 tclass=tcp_socket permissive=1
[  990.739869] type=1300 audit(1790905959.851:334): arch=c000003e syscall=49 success=yes exit=0 a0=15 a1=7db8618e57d0 a2=10 a3=7db8618e57c4 items=0 ppid=1 auid=4294967295 uid=0 gid=0 euid=0 suid=0 fsuid=0 egid=0 sgid=0 fsgid=0 tty=(none) ses=4294967295 comm="recovery" exe="/system/bin/recovery" subj=u:r:recovery:s0 key=(null)
[  990.741208] type=1327 audit(1790905959.851:334): proctitle="/system/bin/recovery"
[  990.741429] type=1320 audit(1790905959.851:334): 
[  990.741607] input: AERA Remote Input as /devices/virtual/input/input8
[ 1023.737523] type=1701 audit(1790905992.847:335): auid=4294967295 uid=0 gid=0 ses=4294967295 subj=u:r:recovery:s0 comm="recovery" exe="/system/bin/recovery" sig=11 res=1
[ 1023.738251] init: Untracked pid 2375 exited with status 0
[ 1023.738426] init: Untracked pid 2375 did not have an associated service entry and will not be reaped
[ 1023.738808] init: Untracked pid 2391 exited with status 0
[ 1023.738946] init: Untracked pid 2391 did not have an associated service entry and will not be reaped
[ 1023.879387] init: Untracked pid 2443 exited with status 1
[ 1023.889122] init: Untracked pid 2443 did not have an associated service entry and will not be reaped
[ 1023.897558] init: Service 'recovery' (pid 2357) received signal 11
[ 1023.897892] init: Sending signal 9 to service 'recovery' (pid 2357) process group...
[ 1023.899833] libprocessgroup: Removed cgroup /dev/cg2_bpf/system/uid_0/pid_2357
[ 1023.905948] init: starting service 'recovery'...
[ 1023.907707] init: Created socket '/dev/socket/recovery', mode 422, user 1000, group 1000
[ 1023.930312] init: ... started service 'recovery' has pid 2484
[ 1023.988696] init: Unable to set property 'ro.aera.boot' from uid:0 gid:0 pid:2484: Read-only property was already set
[ 1023.989226] init: Unable to set property 'ro.aera.type' from uid:0 gid:0 pid:2484: Read-only property was already set
[ 1023.989651] init: Unable to set property 'ro.aera.status' from uid:0 gid:0 pid:2484: Read-only property was already set
[ 1023.989996] init: Unable to set property 'ro.aera.variant' from uid:0 gid:0 pid:2484: Read-only property was already set
[ 1023.990348] init: Unable to set property 'ro.aera.build' from uid:0 gid:0 pid:2484: Read-only property was already set
[ 1023.990759] init: Unable to set property 'ro.aera.release.version' from uid:0 gid:0 pid:2484: Read-only property was already set
[ 1023.991159] init: Unable to set property 'ro.aera.build.status' from uid:0 gid:0 pid:2484: Read-only property was already set
[ 1023.991523] init: Unable to set property 'ro.aera.release.channel' from uid:0 gid:0 pid:2484: Read-only property was already set
[ 1023.994148] init: Unable to set property 'ro.aera.boot.header.version' from uid:0 gid:0 pid:2484: Read-only property was already set
[ 1023.997817] init: Unable to set property 'ro.aera.vanilla' from uid:0 gid:0 pid:2484: Read-only property was already set
[ 1023.998236] init: Unable to set property 'ro.aera.crypto_enabled' from uid:0 gid:0 pid:2484: Read-only property was already set
[ 1023.998911] init: Unable to set property 'ro.aera.substitute_permissions' from uid:0 gid:0 pid:2484: Read-only property was already set
[ 1024.002075] init: Unable to set property 'ro.product.device' from uid:0 gid:0 pid:2484: Read-only property was already set
[ 1024.139547] EXT4-fs (vda9): VFS: Can't find ext4 filesystem
[ 1024.139982] EXT4-fs (vda9): VFS: Can't find ext4 filesystem
[ 1024.143811] EXT4-fs (vda9): VFS: Can't find ext4 filesystem
[ 1024.144391] EXT4-fs (vda9): VFS: Can't find ext4 filesystem
[ 1024.152969] EXT4-fs (vda6): mounted filesystem bb985508-2bb5-4adf-9fbc-86698b5d8347 ro with ordered data mode. Quota mode: none.
[ 1024.155157] EXT4-fs (vda6): unmounting filesystem bb985508-2bb5-4adf-9fbc-86698b5d8347.
[ 1024.164958] EXT4-fs (vda9): VFS: Can't find ext4 filesystem
[ 1024.167469] EXT4-fs (vda9): VFS: Can't find ext4 filesystem
[ 1024.175479] servicemanager: getDeviceHalManifest: Reading VINTF information.
[ 1024.175863] servicemanager: getDeviceHalManifest: status from fetching VINTF information: -2
[ 1024.176048] servicemanager: getDeviceHalManifest: -2 VINTF parse error: Cannot read /vendor/manifest.xml: No such file or directory
[ 1024.177429] servicemanager: getFrameworkHalManifest: Reading VINTF information.
[ 1024.177683] servicemanager: Cannot fetch /system/etc/vintf/manifest.xml: Cannot read /system/etc/vintf/manifest.xml: No such file or directory
[ 1024.178975] servicemanager: getFrameworkHalManifest: status from fetching VINTF information: -2
[ 1024.179246] servicemanager: getFrameworkHalManifest: -2 VINTF parse error: Cannot read /system/manifest.xml: No such file or directory
[ 1024.179573] servicemanager: NULL VINTF MANIFEST!: device
[ 1024.179740] servicemanager: NULL VINTF MANIFEST!: framework
[ 1024.179897] servicemanager: getDeviceHalManifest: Reading VINTF information.
[ 1024.180329] servicemanager: getDeviceHalManifest: status from fetching VINTF information: -2
[ 1024.180582] servicemanager: getDeviceHalManifest: -2 VINTF parse error: Cannot read /vendor/manifest.xml: No such file or directory
[ 1024.180855] servicemanager: getFrameworkHalManifest: Reading VINTF information.
[ 1024.181101] servicemanager: Cannot fetch /system/etc/vintf/manifest.xml: Cannot read /system/etc/vintf/manifest.xml: No such file or directory
[ 1024.181382] servicemanager: getFrameworkHalManifest: status from fetching VINTF information: -2
[ 1024.181581] servicemanager: getFrameworkHalManifest: -2 VINTF parse error: Cannot read /system/manifest.xml: No such file or directory
[ 1024.181817] servicemanager: NULL VINTF MANIFEST!: device
[ 1024.181934] servicemanager: NULL VINTF MANIFEST!: framework
[ 1024.182104] servicemanager: getDeviceHalManifest: Reading VINTF information.
[ 1024.182302] servicemanager: getDeviceHalManifest: status from fetching VINTF information: -2
[ 1024.182606] servicemanager: getDeviceHalManifest: -2 VINTF parse error: Cannot read /vendor/manifest.xml: No such file or directory
[ 1024.182894] servicemanager: getFrameworkHalManifest: Reading VINTF information.
[ 1024.183091] servicemanager: Cannot fetch /system/etc/vintf/manifest.xml: Cannot read /system/etc/vintf/manifest.xml: No such file or directory
[ 1024.183412] servicemanager: getFrameworkHalManifest: status from fetching VINTF information: -2
[ 1024.183630] servicemanager: getFrameworkHalManifest: -2 VINTF parse error: Cannot read /system/manifest.xml: No such file or directory
[ 1024.183927] servicemanager: NULL VINTF MANIFEST!: device
[ 1024.184064] servicemanager: NULL VINTF MANIFEST!: framework
[ 1024.184567] servicemanager: Caller(pid=2484,uid=0,sid=u:r:recovery:s0) Could not find android.hardware.health.IHealth/default in the VINTF manifest. No alternative instances declared in VINTF.
[ 1024.202466] EXT4-fs (vda9): VFS: Can't find ext4 filesystem
[ 1024.202868] EXT4-fs (vda9): VFS: Can't find ext4 filesystem
[ 1024.208882] EXT4-fs (vda6): mounted filesystem bb985508-2bb5-4adf-9fbc-86698b5d8347 ro with ordered data mode. Quota mode: none.
[ 1024.209388] EXT4-fs (vda6): unmounting filesystem bb985508-2bb5-4adf-9fbc-86698b5d8347.
[ 1024.230992] EXT4-fs (vda9): VFS: Can't find ext4 filesystem
[ 1024.231271] EXT4-fs (vda9): VFS: Can't find ext4 filesystem
[ 1024.241041] EXT4-fs (vda9): VFS: Can't find ext4 filesystem
[ 1024.241337] EXT4-fs (vda9): VFS: Can't find ext4 filesystem
[ 1024.245915] EXT4-fs (vda9): VFS: Can't find ext4 filesystem
[ 1024.246235] EXT4-fs (vda9): VFS: Can't find ext4 filesystem
[ 1024.249289] EXT4-fs (vda9): VFS: Can't find ext4 filesystem
[ 1024.249541] EXT4-fs (vda9): VFS: Can't find ext4 filesystem
[ 1024.280545] EXT4-fs (vda9): VFS: Can't find ext4 filesystem
[ 1024.280843] EXT4-fs (vda9): VFS: Can't find ext4 filesystem
[ 1024.787034] EXT4-fs (vda9): VFS: Can't find ext4 filesystem
[ 1024.787502] EXT4-fs (vda9): VFS: Can't find ext4 filesystem
[ 1024.790757] EXT4-fs (vda9): VFS: Can't find ext4 filesystem
[ 1024.790959] EXT4-fs (vda9): VFS: Can't find ext4 filesystem
[ 1024.795601] EXT4-fs (vda9): VFS: Can't find ext4 filesystem
[ 1024.795856] EXT4-fs (vda9): VFS: Can't find ext4 filesystem
[ 1024.799119] EXT4-fs (vda9): VFS: Can't find ext4 filesystem
[ 1024.799463] EXT4-fs (vda9): VFS: Can't find ext4 filesystem
[ 1024.848578] EXT4-fs (vda9): VFS: Can't find ext4 filesystem
[ 1024.848894] EXT4-fs (vda9): VFS: Can't find ext4 filesystem
[ 1024.851779] EXT4-fs (vda9): VFS: Can't find ext4 filesystem
[ 1024.851991] EXT4-fs (vda9): VFS: Can't find ext4 filesystem
[ 1024.854278] EXT4-fs (vda9): VFS: Can't find ext4 filesystem
[ 1024.854512] EXT4-fs (vda9): VFS: Can't find ext4 filesystem
[ 1038.780474] input: AERA Remote Input as /devices/virtual/input/input9
[ 1084.231846] servicemanager: getDeviceHalManifest: Reading VINTF information.
[ 1084.232908] servicemanager: getDeviceHalManifest: status from fetching VINTF information: -2
[ 1084.233214] servicemanager: getDeviceHalManifest: -2 VINTF parse error: Cannot read /vendor/manifest.xml: No such file or directory
[ 1084.233589] servicemanager: getFrameworkHalManifest: Reading VINTF information.
[ 1084.233794] servicemanager: Cannot fetch /system/etc/vintf/manifest.xml: Cannot read /system/etc/vintf/manifest.xml: No such file or directory
[ 1084.234103] servicemanager: getFrameworkHalManifest: status from fetching VINTF information: -2
[ 1084.234300] servicemanager: getFrameworkHalManifest: -2 VINTF parse error: Cannot read /system/manifest.xml: No such file or directory
[ 1084.234596] servicemanager: NULL VINTF MANIFEST!: device
[ 1084.234728] servicemanager: NULL VINTF MANIFEST!: framework
[ 1084.234889] servicemanager: getDeviceHalManifest: Reading VINTF information.
[ 1084.235092] servicemanager: getDeviceHalManifest: status from fetching VINTF information: -2
[ 1084.235300] servicemanager: getDeviceHalManifest: -2 VINTF parse error: Cannot read /vendor/manifest.xml: No such file or directory
[ 1084.235600] servicemanager: getFrameworkHalManifest: Reading VINTF information.
[ 1084.235777] servicemanager: Cannot fetch /system/etc/vintf/manifest.xml: Cannot read /system/etc/vintf/manifest.xml: No such file or directory
[ 1084.236072] servicemanager: getFrameworkHalManifest: status from fetching VINTF information: -2
[ 1084.236356] servicemanager: getFrameworkHalManifest: -2 VINTF parse error: Cannot read /system/manifest.xml: No such file or directory
[ 1084.236672] servicemanager: NULL VINTF MANIFEST!: device
[ 1084.236799] servicemanager: NULL VINTF MANIFEST!: framework
[ 1084.236935] servicemanager: getDeviceHalManifest: Reading VINTF information.
[ 1084.237136] servicemanager: getDeviceHalManifest: status from fetching VINTF information: -2
[ 1084.237349] servicemanager: getDeviceHalManifest: -2 VINTF parse error: Cannot read /vendor/manifest.xml: No such file or directory
[ 1084.237602] servicemanager: getFrameworkHalManifest: Reading VINTF information.
[ 1084.237781] servicemanager: Cannot fetch /system/etc/vintf/manifest.xml: Cannot read /system/etc/vintf/manifest.xml: No such file or directory
[ 1084.238068] servicemanager: getFrameworkHalManifest: status from fetching VINTF information: -2
[ 1084.238256] servicemanager: getFrameworkHalManifest: -2 VINTF parse error: Cannot read /system/manifest.xml: No such file or directory
[ 1084.238494] servicemanager: NULL VINTF MANIFEST!: device
[ 1084.238598] servicemanager: NULL VINTF MANIFEST!: framework
[ 1084.238716] servicemanager: Caller(pid=2484,uid=0,sid=u:r:recovery:s0) Could not find android.hardware.health.IHealth/default in the VINTF manifest. No alternative instances declared in VINTF.
[ 1144.288191] servicemanager: getDeviceHalManifest: Reading VINTF information.
[ 1144.288999] servicemanager: getDeviceHalManifest: status from fetching VINTF information: -2
[ 1144.289237] servicemanager: getDeviceHalManifest: -2 VINTF parse error: Cannot read /vendor/manifest.xml: No such file or directory
[ 1144.289604] servicemanager: getFrameworkHalManifest: Reading VINTF information.
[ 1144.289826] servicemanager: Cannot fetch /system/etc/vintf/manifest.xml: Cannot read /system/etc/vintf/manifest.xml: No such file or directory
[ 1144.290101] servicemanager: getFrameworkHalManifest: status from fetching VINTF information: -2
[ 1144.290300] servicemanager: getFrameworkHalManifest: -2 VINTF parse error: Cannot read /system/manifest.xml: No such file or directory
[ 1144.290603] servicemanager: NULL VINTF MANIFEST!: device
[ 1144.290710] servicemanager: NULL VINTF MANIFEST!: framework
[ 1144.290866] servicemanager: getDeviceHalManifest: Reading VINTF information.
[ 1144.291043] servicemanager: getDeviceHalManifest: status from fetching VINTF information: -2
[ 1144.291216] servicemanager: getDeviceHalManifest: -2 VINTF parse error: Cannot read /vendor/manifest.xml: No such file or directory
[ 1144.291488] servicemanager: getFrameworkHalManifest: Reading VINTF information.
[ 1144.291612] servicemanager: Cannot fetch /system/etc/vintf/manifest.xml: Cannot read /system/etc/vintf/manifest.xml: No such file or directory
[ 1144.291879] servicemanager: getFrameworkHalManifest: status from fetching VINTF information: -2
[ 1144.292130] servicemanager: getFrameworkHalManifest: -2 VINTF parse error: Cannot read /system/manifest.xml: No such file or directory
[ 1144.292373] servicemanager: NULL VINTF MANIFEST!: device
[ 1144.292486] servicemanager: NULL VINTF MANIFEST!: framework
[ 1144.292615] servicemanager: getDeviceHalManifest: Reading VINTF information.
[ 1144.292784] servicemanager: getDeviceHalManifest: status from fetching VINTF information: -2
[ 1144.292982] servicemanager: getDeviceHalManifest: -2 VINTF parse error: Cannot read /vendor/manifest.xml: No such file or directory
[ 1144.293227] servicemanager: getFrameworkHalManifest: Reading VINTF information.
[ 1144.293402] servicemanager: Cannot fetch /system/etc/vintf/manifest.xml: Cannot read /system/etc/vintf/manifest.xml: No such file or directory
[ 1144.293708] servicemanager: getFrameworkHalManifest: status from fetching VINTF information: -2
[ 1144.293889] servicemanager: getFrameworkHalManifest: -2 VINTF parse error: Cannot read /system/manifest.xml: No such file or directory
[ 1144.294205] servicemanager: NULL VINTF MANIFEST!: device
[ 1144.294638] servicemanager: NULL VINTF MANIFEST!: framework
[ 1144.294798] servicemanager: Caller(pid=2484,uid=0,sid=u:r:recovery:s0) Could not find android.hardware.health.IHealth/default in the VINTF manifest. No alternative instances declared in VINTF.
[ 1146.045798] type=1400 audit(1790906115.155:336): avc:  denied  { getattr } for  comm="recovery" path="/linkerconfig" dev="tmpfs" ino=1 scontext=u:r:recovery:s0 tcontext=u:object_r:linkerconfig_file:s0 tclass=dir permissive=1
[ 1146.046364] type=1300 audit(1790906115.155:336): arch=c000003e syscall=262 success=yes exit=0 a0=ffffff9c a1=711c336dd581 a2=711c336dd5a0 a3=100 items=0 ppid=1 auid=4294967295 uid=0 gid=0 euid=0 suid=0 fsuid=0 egid=0 sgid=0 fsgid=0 tty=(none) ses=4294967295 comm="recovery" exe="/system/bin/recovery" subj=u:r:recovery:s0 key=(null)
[ 1146.047061] type=1327 audit(1790906115.155:336): proctitle="/system/bin/recovery"
[ 1146.047269] type=1320 audit(1790906115.155:336): 
[ 1156.666190] logd: logdr: UID=0 GID=0 PID=2817 n tail=0 logMask=99 pid=0 start=0ns deadline=0ns
[ 1204.345225] servicemanager: getDeviceHalManifest: Reading VINTF information.
[ 1204.346419] servicemanager: getDeviceHalManifest: status from fetching VINTF information: -2
[ 1204.347275] servicemanager: getDeviceHalManifest: -2 VINTF parse error: Cannot read /vendor/manifest.xml: No such file or directory
[ 1204.348106] servicemanager: getFrameworkHalManifest: Reading VINTF information.
[ 1204.348392] servicemanager: Cannot fetch /system/etc/vintf/manifest.xml: Cannot read /system/etc/vintf/manifest.xml: No such file or directory
[ 1204.348714] servicemanager: getFrameworkHalManifest: status from fetching VINTF information: -2
[ 1204.348923] servicemanager: getFrameworkHalManifest: -2 VINTF parse error: Cannot read /system/manifest.xml: No such file or directory
[ 1204.349247] servicemanager: NULL VINTF MANIFEST!: device
[ 1204.349570] servicemanager: NULL VINTF MANIFEST!: framework
[ 1204.349708] servicemanager: getDeviceHalManifest: Reading VINTF information.
[ 1204.349930] servicemanager: getDeviceHalManifest: status from fetching VINTF information: -2
[ 1204.350160] servicemanager: getDeviceHalManifest: -2 VINTF parse error: Cannot read /vendor/manifest.xml: No such file or directory
[ 1204.350446] servicemanager: getFrameworkHalManifest: Reading VINTF information.
[ 1204.350738] servicemanager: Cannot fetch /system/etc/vintf/manifest.xml: Cannot read /system/etc/vintf/manifest.xml: No such file or directory
[ 1204.351035] servicemanager: getFrameworkHalManifest: status from fetching VINTF information: -2
[ 1204.351255] servicemanager: getFrameworkHalManifest: -2 VINTF parse error: Cannot read /system/manifest.xml: No such file or directory
[ 1204.351592] servicemanager: NULL VINTF MANIFEST!: device
[ 1204.351717] servicemanager: NULL VINTF MANIFEST!: framework
[ 1204.351838] servicemanager: getDeviceHalManifest: Reading VINTF information.
[ 1204.352080] servicemanager: getDeviceHalManifest: status from fetching VINTF information: -2
[ 1204.352298] servicemanager: getDeviceHalManifest: -2 VINTF parse error: Cannot read /vendor/manifest.xml: No such file or directory
[ 1204.352598] servicemanager: getFrameworkHalManifest: Reading VINTF information.
[ 1204.352845] servicemanager: Cannot fetch /system/etc/vintf/manifest.xml: Cannot read /system/etc/vintf/manifest.xml: No such file or directory
[ 1204.353128] servicemanager: getFrameworkHalManifest: status from fetching VINTF information: -2
[ 1204.353336] servicemanager: getFrameworkHalManifest: -2 VINTF parse error: Cannot read /system/manifest.xml: No such file or directory
[ 1204.353600] servicemanager: NULL VINTF MANIFEST!: device
[ 1204.353710] servicemanager: NULL VINTF MANIFEST!: framework
[ 1204.353854] servicemanager: Caller(pid=2484,uid=0,sid=u:r:recovery:s0) Could not find android.hardware.health.IHealth/default in the VINTF manifest. No alternative instances declared in VINTF.
[ 1230.182615] type=1400 audit(1790906199.291:337): avc:  denied  { read } for  comm="ld-linux-x86-64" name="uevent" dev="sysfs" ino=3047 scontext=u:r:recovery:s0 tcontext=u:object_r:sysfs:s0 tclass=file permissive=1
[ 1230.183582] type=1400 audit(1790906199.291:337): avc:  denied  { open } for  comm="ld-linux-x86-64" path="/sys/devices/pci0000:00/0000:00:02.0/uevent" dev="sysfs" ino=3047 scontext=u:r:recovery:s0 tcontext=u:object_r:sysfs:s0 tclass=file permissive=1
[ 1230.184232] type=1300 audit(1790906199.291:337): arch=c000003e syscall=257 success=yes exit=6 a0=ffffff9c a1=7ffcc9141850 a2=0 a3=0 items=0 ppid=2484 auid=4294967295 uid=0 gid=0 euid=0 suid=0 fsuid=0 egid=0 sgid=0 fsgid=0 tty=(none) ses=4294967295 comm="ld-linux-x86-64" exe="/tmp/aera-p2-5HhtXM/usr/lib/ld-linux-x86-64.so.2" subj=u:r:recovery:s0 key=(null)
[ 1230.185067] type=1327 audit(1790906199.291:337): proctitle=2F746D702F616572612D70322D35486874584D2F7573722F6C69622F6C642D6C696E75782D7838362D36342E736F2E32002D2D6C6962726172792D70617468002F746D702F616572612D70322D35486874584D2F7573722F6C6962002F746D702F616572612D70322D35486874584D2F7573722F62696E2F616572612D666C75
[ 1230.185685] type=1320 audit(1790906199.291:337): 
[ 1230.185836] type=1400 audit(1790906199.291:338): avc:  denied  { getattr } for  comm="ld-linux-x86-64" path="/sys/devices/pci0000:00/0000:00:02.0/uevent" dev="sysfs" ino=3047 scontext=u:r:recovery:s0 tcontext=u:object_r:sysfs:s0 tclass=file permissive=1
[ 1230.186399] type=1300 audit(1790906199.291:338): arch=c000003e syscall=5 success=yes exit=0 a0=6 a1=7ffcc9141660 a2=77a672796ee0 a3=55557db75b40 items=0 ppid=2484 auid=4294967295 uid=0 gid=0 euid=0 suid=0 fsuid=0 egid=0 sgid=0 fsgid=0 tty=(none) ses=4294967295 comm="ld-linux-x86-64" exe="/tmp/aera-p2-5HhtXM/usr/lib/ld-linux-x86-64.so.2" subj=u:r:recovery:s0 key=(null)
[ 1230.187095] type=1327 audit(1790906199.291:338): proctitle=2F746D702F616572612D70322D35486874584D2F7573722F6C69622F6C642D6C696E75782D7838362D36342E736F2E32002D2D6C6962726172792D70617468002F746D702F616572612D70322D35486874584D2F7573722F6C6962002F746D702F616572612D70322D35486874584D2F7573722F62696E2F616572612D666C75
[ 1230.187762] type=1320 audit(1790906199.291:338): 
[ 1264.404535] servicemanager: getDeviceHalManifest: Reading VINTF information.
[ 1264.405507] servicemanager: getDeviceHalManifest: status from fetching VINTF information: -2
[ 1264.405689] servicemanager: getDeviceHalManifest: -2 VINTF parse error: Cannot read /vendor/manifest.xml: No such file or directory
[ 1264.406071] servicemanager: getFrameworkHalManifest: Reading VINTF information.
[ 1264.406356] servicemanager: Cannot fetch /system/etc/vintf/manifest.xml: Cannot read /system/etc/vintf/manifest.xml: No such file or directory
[ 1264.406590] servicemanager: getFrameworkHalManifest: status from fetching VINTF information: -2
[ 1264.406786] servicemanager: getFrameworkHalManifest: -2 VINTF parse error: Cannot read /system/manifest.xml: No such file or directory
[ 1264.407055] servicemanager: NULL VINTF MANIFEST!: device
[ 1264.407183] servicemanager: NULL VINTF MANIFEST!: framework
[ 1264.407404] servicemanager: getDeviceHalManifest: Reading VINTF information.
[ 1264.407654] servicemanager: getDeviceHalManifest: status from fetching VINTF information: -2
[ 1264.407889] servicemanager: getDeviceHalManifest: -2 VINTF parse error: Cannot read /vendor/manifest.xml: No such file or directory
[ 1264.408408] servicemanager: getFrameworkHalManifest: Reading VINTF information.
[ 1264.408637] servicemanager: Cannot fetch /system/etc/vintf/manifest.xml: Cannot read /system/etc/vintf/manifest.xml: No such file or directory
[ 1264.408999] servicemanager: getFrameworkHalManifest: status from fetching VINTF information: -2
[ 1264.409264] servicemanager: getFrameworkHalManifest: -2 VINTF parse error: Cannot read /system/manifest.xml: No such file or directory
[ 1264.409600] servicemanager: NULL VINTF MANIFEST!: device
[ 1264.409742] servicemanager: NULL VINTF MANIFEST!: framework
[ 1264.409874] servicemanager: getDeviceHalManifest: Reading VINTF information.
[ 1264.410065] servicemanager: getDeviceHalManifest: status from fetching VINTF information: -2
[ 1264.410351] servicemanager: getDeviceHalManifest: -2 VINTF parse error: Cannot read /vendor/manifest.xml: No such file or directory
[ 1264.410652] servicemanager: getFrameworkHalManifest: Reading VINTF information.
[ 1264.410886] servicemanager: Cannot fetch /system/etc/vintf/manifest.xml: Cannot read /system/etc/vintf/manifest.xml: No such file or directory
[ 1264.411226] servicemanager: getFrameworkHalManifest: status from fetching VINTF information: -2
[ 1264.411489] servicemanager: getFrameworkHalManifest: -2 VINTF parse error: Cannot read /system/manifest.xml: No such file or directory
[ 1264.411759] servicemanager: NULL VINTF MANIFEST!: device
[ 1264.411861] servicemanager: NULL VINTF MANIFEST!: framework
[ 1264.412069] servicemanager: Caller(pid=2484,uid=0,sid=u:r:recovery:s0) Could not find android.hardware.health.IHealth/default in the VINTF manifest. No alternative instances declared in VINTF.
[ 1292.378187] logd: logdr: UID=0 GID=0 PID=3753 n tail=0 logMask=99 pid=0 start=0ns deadline=0ns
[ 1324.456642] servicemanager: getDeviceHalManifest: Reading VINTF information.
[ 1324.457203] servicemanager: getDeviceHalManifest: status from fetching VINTF information: -2
[ 1324.457485] servicemanager: getDeviceHalManifest: -2 VINTF parse error: Cannot read /vendor/manifest.xml: No such file or directory
[ 1324.457741] servicemanager: getFrameworkHalManifest: Reading VINTF information.
[ 1324.457922] servicemanager: Cannot fetch /system/etc/vintf/manifest.xml: Cannot read /system/etc/vintf/manifest.xml: No such file or directory
[ 1324.458210] servicemanager: getFrameworkHalManifest: status from fetching VINTF information: -2
[ 1324.458403] servicemanager: getFrameworkHalManifest: -2 VINTF parse error: Cannot read /system/manifest.xml: No such file or directory
[ 1324.458726] servicemanager: NULL VINTF MANIFEST!: device
[ 1324.458840] servicemanager: NULL VINTF MANIFEST!: framework
[ 1324.458975] servicemanager: getDeviceHalManifest: Reading VINTF information.
[ 1324.459161] servicemanager: getDeviceHalManifest: status from fetching VINTF information: -2
[ 1324.459398] servicemanager: getDeviceHalManifest: -2 VINTF parse error: Cannot read /vendor/manifest.xml: No such file or directory
[ 1324.459634] servicemanager: getFrameworkHalManifest: Reading VINTF information.
[ 1324.459811] servicemanager: Cannot fetch /system/etc/vintf/manifest.xml: Cannot read /system/etc/vintf/manifest.xml: No such file or directory
[ 1324.460300] servicemanager: getFrameworkHalManifest: status from fetching VINTF information: -2
[ 1324.460511] servicemanager: getFrameworkHalManifest: -2 VINTF parse error: Cannot read /system/manifest.xml: No such file or directory
[ 1324.460747] servicemanager: NULL VINTF MANIFEST!: device
[ 1324.460913] servicemanager: NULL VINTF MANIFEST!: framework
[ 1324.461038] servicemanager: getDeviceHalManifest: Reading VINTF information.
[ 1324.461218] servicemanager: getDeviceHalManifest: status from fetching VINTF information: -2
[ 1324.461436] servicemanager: getDeviceHalManifest: -2 VINTF parse error: Cannot read /vendor/manifest.xml: No such file or directory
[ 1324.461687] servicemanager: getFrameworkHalManifest: Reading VINTF information.
[ 1324.461888] servicemanager: Cannot fetch /system/etc/vintf/manifest.xml: Cannot read /system/etc/vintf/manifest.xml: No such file or directory
[ 1324.462196] servicemanager: getFrameworkHalManifest: status from fetching VINTF information: -2
[ 1324.462424] servicemanager: getFrameworkHalManifest: -2 VINTF parse error: Cannot read /system/manifest.xml: No such file or directory
[ 1324.462668] servicemanager: NULL VINTF MANIFEST!: device
[ 1324.462792] servicemanager: NULL VINTF MANIFEST!: framework
[ 1324.462967] servicemanager: Caller(pid=2484,uid=0,sid=u:r:recovery:s0) Could not find android.hardware.health.IHealth/default in the VINTF manifest. No alternative instances declared in VINTF.
[ 1330.887372] logd: logdr: UID=0 GID=0 PID=3860 n tail=0 logMask=99 pid=0 start=0ns deadline=0ns
