yes: standard output: Broken pipe
Auto-selecting single ABI x86_64
Do you wish to create a custom hardware profile? [no] lab.avd
lab.ini
emulator Android emulator version 37.2.12.0 (build_id 16428233) (CL:N/A)
* daemon not running; starting now at tcp:5037
* daemon started successfully
booted in 29s: google/sdk_gphone64_x86_64/emu64xa:15/AE3A.240806.043/12960925:userdebug/dev-keys
kernel 6.6.50-android15-8-g8adecb593e9b-ab12525588 -> kmi android15-6.6; tiann/KernelSU v3.3.0
total 16428
drwx------  2 runner runner     4096 Oct  3 01:42 .
drwxrwxrwt 16 root   root       4096 Oct  3 01:42 ..
-rw-r--r--  1 runner runner 10777987 Oct  3 01:42 KernelSU_v3.3.0_32601-release.apk
-rw-r--r--  1 runner runner  5713312 Oct  3 01:42 ksud-x86_64-linux-android
-rw-r--r--  1 runner runner   318824 Oct  3 01:42 lkm-x86_64-android15-6.6_kernelsu.ko
== manager installed (me.weishu.kernelsu, KernelSU_v3.3.0_32601-release.apk)
/tmp/tmp.qg7Eb2NN8n/lkm-x86_64-android15-6.6_kernelsu.ko: 1 file pushed, 0 skipped. 7.8 MB/s (318824 bytes in 0.039s)
/tmp/tmp.qg7Eb2NN8n/ksud-x86_64-linux-android: 1 file pushed, 0 skipped. 116.8 MB/s (5713312 bytes in 0.047s)
== ksud: ksud 3.3.0 (uapi: 2)
== ksud late-load: rc=0
== ksud insmod /data/adb/kernelsu.ko: Error: load module failed: /data/adb/kernelsu.ko

Caused by:
    0: init_module failed without vermagic mismatch
    1: File exists (os error 17)
rc=1
kernelsu              159744  0 
== lsmod: kernelsu              159744  0 
KernelSU_v3.3.0_32601-release.apk
ksud-aarch64-apple-darwin
ksud-aarch64-linux-android
ksud-aarch64-unknown-linux-musl
ksud-x86_64-apple-darwin
ksud-x86_64-linux-android
ksud-x86_64-pc-windows-gnu.exe
ksud-x86_64-unknown-linux-musl
ksuinit-aarch64
ksuinit-x86_64
lkm-aarch64-android12-5.10_kernelsu.ko
lkm-aarch64-android13-5.10_kernelsu.ko
lkm-aarch64-android13-5.15_kernelsu.ko
lkm-aarch64-android14-5.15_kernelsu.ko
lkm-aarch64-android14-6.1_kernelsu.ko
lkm-aarch64-android15-6.6_kernelsu.ko
lkm-aarch64-android16-6.12_kernelsu.ko
lkm-aarch64-android17-6.18_kernelsu.ko
lkm-x86_64-android12-5.10_kernelsu.ko
lkm-x86_64-android13-5.10_kernelsu.ko
lkm-x86_64-android13-5.15_kernelsu.ko
lkm-x86_64-android14-5.15_kernelsu.ko
lkm-x86_64-android14-6.1_kernelsu.ko
lkm-x86_64-android15-6.6_kernelsu.ko
lkm-x86_64-android16-6.12_kernelsu.ko
lkm-x86_64-android17-6.18_kernelsu.ko
== no metamodule asset in tiann/KernelSU v3.3.0
/home/runner/work/devicelab/devicelab/modules/probe/./: 2 files pushed, 0 skipped. 0.0 MB/s (1474 bytes in 0.051s)
== modules: [
  {
    "action": "false",
    "author": "p0g-stack",
    "enabled": "true",
    "remove": "false",
    "mount": "false",
    "update": "false",
    "id": "devicelab_probe",
    "version": "1",
    "versionCode": "1",
    "name": "devicelab probe",
    "description": "Observation module for devicelab. Its WebUI page is driven over DevTools.",
    "web": "true"
  }
]
SELinux: Loaded file context from:
		/system/etc/selinux/plat_file_contexts
		/system_ext/etc/selinux/system_ext_file_contexts
		/vendor/etc/selinux/vendor_file_contexts
== home text: text="LKM" text="Working [Jailbreak mode]" text="Version: 32601-2" text="Manager version" text="v3.3.0 (32601-2)" text="Kernel version" text="6.6.50-android15-8-g8adecb593e9b-ab12525588" text="Device model" text="Google sdk_gphone64_x86_64" text="Fingerprint" text="google/sdk_gphone64_x86_64/emu64xa:15/AE3A.240806.043/12960925:userdebug/dev-keys" text="Enforcing" text="KernelSU" text="Home" text="Superuser" text="1" text="Module" text="Settings" 
== manager activities: me.weishu.kernelsu/.magica.BootCompletedReceiver me.weishu.kernelsu/.ui.MainActivity me.weishu.kernelsu/androidx.core.content.FileProvider me.weishu.kernelsu/androidx.profileinstaller.ProfileInstallReceiver me.weishu.kernelsu/androidx.startup.InitializationProvider 
WebUI-X-v438-release-official.apk
WebUI-X-v438-release-spoofed.apk
== downloaded MMRLApp/WebUI-X-Portable v438 WebUI-X-v438-release-official.apk
Success
== installed com.dergoogler.mmrl.wx uid=10210     versionName=v438-release
== activities: com.dergoogler.mmrl.wx/.ui.activity.CrashHandlerActivity com.dergoogler.mmrl.wx/.ui.activity.MainActivity com.dergoogler.mmrl.wx/.ui.activity.modconf.ModConfActivity com.dergoogler.mmrl.wx/.ui.activity.webui.KsuWebUIActivity com.dergoogler.mmrl.wx/.ui.activity.webui.WebUIActivity com.dergoogler.mmrl.wx/.util.NonRootService com.dergoogler.mmrl.wx/androidx.core.content.FileProvider com.dergoogler.mmrl.wx/androidx.profileinstaller.ProfileInstallReceiver com.dergoogler.mmrl.wx/androidx.startup.InitializationProvider com.dergoogler.mmrl.wx/androidx.work.impl.background.systemalarm.ConstraintProxy com.dergoogler.mmrl.wx/androidx.work.impl.background.systemalarm.ConstraintProxyUpdateReceiver com.dergoogler.mmrl.wx/androidx.work.impl.background.systemalarm.RescheduleReceiver com.dergoogler.mmrl.wx/androidx.work.impl.diagnostics.DiagnosticsReceiver 
ui: tapped 'Superuser' at 120,584
ui: no node with 'com.dergoogler.mmrl.wx'
ui: tapped 160,152
ui: no node with 'com.dergoogler.mmrl.wx'
ui: tapped 'Clean' at 209,64
ui: tapped 'com.dergoogler.mmrl.wx' at 160,130
[12,230][308,290] Superuser
[243,236][292,284] 
[12,302][308,358] App Profile | Default
[12,26][60,74] 
[260,26][308,74] Settings
ui: tapped switch 1 ('', was checked=false)
== ksud feature list: Available Features: ================================================================================ [ENABLED (1)] su_compat (ID=0)     SU Compatibility Mode - allows authorized apps to gain root via traditional 'su' command  [ENABLED (1)] kernel_umount (ID=1)     Kernel Umount - controls whether kernel automatically unmounts modules when not needed  [DISABLED] sulog (ID=2)     SU Log - streams kernel sulog events to userspace and persists them to disk  [DISABLED] adb_root (ID=3)     ADB Root - Enable adbd root  [DISABLED] selinux_hide (ID=4)     SELinux Hide - sanitize /sys/fs/selinux access results for app UIDs  [DISABLED] webview_zygote_umount (ID=5)     WebView Zygote Umount - unmount modules from WebView zygote and its isolated children  
== su_compat: Feature: su_compat (0) Description: SU Compatibility Mode - allows authorized apps to gain root via traditional 'su' command Value: 1 Status: enabled 
== root grant: ui; su as app uid 10210: su: failed to exec /system/bin/su: No such file or directory
ui: tapped 'KernelSU' at 160,265
[40,165][280,221] Magisk
[40,309][280,389] KernelSU Next
[40,405][280,461] APatch
[40,477][280,557] SukiSU Ultra
[40,573][280,629] Non-Root
[40,644][280,692] Continue with KernelSU
ui: tapped 'Continue with KernelSU' at 160,668
[16,104][304,330] devicelab probe | 1 (1) by p0g-stack | Updated on 3 October 2026 | Observation module for devicelab. Its WebUI page is d
[32,274][90,322] 
[153,274][288,322] Add Shortcut
[220,32][268,80] 
[268,32][316,80] 
[164,796][320,876] Settings
ui: no node with 'Continue with KernelSU'
ui: no node with 'Next'
ui: no node with 'Continue'
ui: no node with 'Grant'
ui: no node with 'Allow'
ui: no node with 'Get started'
ui: no node with 'Done'
ui: no node with 'OK'
ui: no node with 'Finish'
[16,104][304,330] devicelab probe | 1 (1) by p0g-stack | Updated on 3 October 2026 | Observation module for devicelab. Its WebUI page is d
[32,274][90,322] 
[153,274][288,322] Add Shortcut
[220,32][268,80] 
[268,32][316,80] 
[164,796][320,876] Settings
ui: no node with 'Continue with KernelSU'
ui: no node with 'Next'
ui: no node with 'Continue'
ui: no node with 'Grant'
ui: no node with 'Allow'
ui: no node with 'Get started'
ui: no node with 'Done'
ui: no node with 'OK'
ui: no node with 'Finish'
[16,104][304,330] devicelab probe | 1 (1) by p0g-stack | Updated on 3 October 2026 | Observation module for devicelab. Its WebUI page is d
[32,274][90,322] 
[153,274][288,322] Add Shortcut
[220,32][268,80] 
[268,32][316,80] 
[164,796][320,876] Settings
== WebUI X platform after onboarding: preferences.pb 
== devtools sockets: 
== metamodule releases backslashxx/mountify: 204 Latest 204 2026-08-25T05:14:18Z;203  203 2026-06-25T15:03:16Z;202  202 2026-06-23T03:45:32Z;
== metamodule candidate backslashxx/mountify mountify.zip: id=mountify version=v2.0.4 versionCode=204 metamodule=true 
== metamodule repo (given): backslashxx/mountify
== metamodule zip: mountify.zip sha256 dde361c444f6990b759890720487785402a391a61cf6530f960deb98e5ef864d
== metamodule module.prop: id=mountify name=mountify version=v2.0.4 versionCode=204 author=xx, KOWX712 metamodule=true description=Globally mounted modules via OverlayFS. updateJson=https://raw.githubusercontent.com/backslashxx/mountify/master/update.json 
/tmp/tmp.iEOT2a8pMG/rel/mountify.zip: 1 file pushed, 0 skipped. 316.8 MB/s (554873 bytes in 0.002s)
== install mountify.zip
[H[J[|]
[H[J[\]
[H[J[+] mountify
[+] SysReq test
[+] CONFIG_OVERLAY_FS
[+] overlay found in /proc/filesystems
[+] CONFIG_TMPFS_XATTR
[+] tmpfs extended attribute test passed
[!] using fresh config.sh
[+] moving modules.txt
[+] moving whiteouts.txt
[+] mountify will be installed in metamodule mode!
- Done
- Creating metamodule symlink
- Module installed successfully!
== soft-reboot: 
== after soft-reboot (44s): [
  {
    "mount": "false",
    "id": "devicelab_probe",
    "enabled": "true",
    "web": "true",
    "author": "p0g-stack",
    "remove": "false",
    "versionCode": "1",
    "version": "1",
    "update": "false",
    "action": "false",
    "description": "Observation module for devicelab. Its WebUI page is driven over DevTools.",
    "name": "devicelab probe"
  },
  {
    "mount": "false",
    "action": "true",
    "name": "mountify",
    "author": "xx, KOWX712",
    "enabled": "true",
    "updateJson": "https://raw.githubusercontent.com/backslashxx/mountify/master/update.json",
    "versionCode": "204",
    "version": "v2.0.4",
    "id": "mountify",
    "metamodule": "true",
    "description": "mode: auto 🤖 | fstype: tmpfs 🦾 | no modules mounted",
    "web": "true",
    "update": "false",
    "remove": "false"
  }
]
total 32
drwxrwxrwx 4 root root 4096 2026-10-03 01:47 .
drwx------ 7 root root 4096 2026-10-03 01:47 ..
drwxr-xr-x 3 root root 4096 2026-10-03 01:43 devicelab_probe
drwxr-xr-x 5 root root 4096 2026-10-03 01:47 mountify
== metamodule active: lrwxrwxrwx 1 root root 26 2026-10-03 01:47 /data/adb/metamodule -> /data/adb/modules/mountify id=mountify name=mountify version=v2.0.4 versionCode=204 author=xx, KOWX712 metamodule=true description=mode: auto 🤖 | fstype: tmpfs 🦾 | no modules mounted updateJson=https://raw.githubusercontent.com/backslashxx/mountify/master/update.json 
inputs/modules/flutter_webui_counter-0.1.5.zip: 1 file pushed, 0 skipped. 492.7 MB/s (21434766 bytes in 0.041s)
== install flutter_webui_counter-0.1.5.zip
  inflating: webroot/fonts/notocoloremoji/v32/Yq6P-KqIXTD0t4D9z1ESnKM3-HpFabsE4tq3luCC7p-aXxcn.3.woff2
  inflating: webroot/fonts/notocoloremoji/v32/Yq6P-KqIXTD0t4D9z1ESnKM3-HpFabsE4tq3luCC7p-aXxcn.8.woff2
  inflating: webroot/fonts/notocoloremoji/v32/Yq6P-KqIXTD0t4D9z1ESnKM3-HpFabsE4tq3luCC7p-aXxcn.2.woff2
   creating: webroot/fonts/notosansmath/
   creating: webroot/fonts/notosansmath/v15/
  inflating: webroot/fonts/notosansmath/v15/7Aump_cpkSecTWaHRlH2hyV5UHkD-V048PW0.woff2
   creating: webroot/fonts/roboto/
   creating: webroot/fonts/roboto/v32/
  inflating: webroot/fonts/roboto/v32/KFOmCnqEu92Fr1Me4GZLCzYlKw.woff2
  inflating: webroot/.last_build_id
  inflating: webroot/config.json
  inflating: webroot/flutter_webui.js
  inflating: customize.sh
- Done
- Module installed successfully!
inputs/modules/counter-v1.0.0.zip: 1 file pushed, 0 skipped. 500.7 MB/s (6582359 bytes in 0.013s)
== install counter-v1.0.0.zip
  inflating: webroot/canvaskit/chromium/canvaskit.wasm
  inflating: webroot/config.json
  inflating: webroot/favicon.png
  inflating: webroot/flutter.js
  inflating: webroot/flutter_bootstrap.js
  inflating: webroot/icons/Icon-192.png
  inflating: webroot/icons/Icon-512.png
  inflating: webroot/icons/Icon-maskable-192.png
  inflating: webroot/icons/Icon-maskable-512.png
  inflating: webroot/index.html
  inflating: webroot/main.dart.js
  inflating: webroot/manifest.json
  inflating: webroot/version.json
- Done
- Module installed successfully!
inputs/modules/demo.zip: 1 file pushed, 0 skipped. 465.5 MB/s (28139859 bytes in 0.058s)
== install demo.zip
  inflating: webroot/pkg/.gitignore
  inflating: webroot/pkg/demo_native.js
  inflating: webroot/pkg/demo_native_bg.wasm
  inflating: webroot/pkg/package.json
  inflating: webroot/version.json
  inflating: webroot/workers/demo_service.web.g.dart.js
  inflating: webroot/workers/hello_service.web.g.dart.js
  inflating: webui_app_plane/app-install.sh
  inflating: webui_app_plane/app.apk
  inflating: webui_app_plane/arm64-v8a/webui_termux_api.aot
  inflating: webui_app_plane/termux-api
  inflating: webui_app_plane/x86_64/webui_termux_api.aot
  Installed com.webui.api.demo 1011
- Done
- Module installed successfully!
/home/runner/work/devicelab/devicelab/envdump.zip: 1 file pushed, 0 skipped. 17.2 MB/s (1766 bytes in 0.000s)
== install envdump.zip
 devicelab envdump 
 by p0g-stack 
*******************
*********************
 Powered by KernelSU 
*********************
Archive:  /data/local/tmp/m.zip
  inflating: customize.sh
- Extracting module files
Archive:  /data/local/tmp/m.zip
  inflating: module.prop
  inflating: customize.sh
- devicelab envdump: written /data/local/tmp/customize-env.txt
- Done
- Module installed successfully!
== soft-reboot: 
== after soft-reboot (43s): [
  {
    "enabled": "true",
    "web": "true",
    "name": "devicelab probe",
    "remove": "false",
    "action": "false",
    "versionCode": "1",
    "mount": "false",
    "id": "devicelab_probe",
    "author": "p0g-stack",
    "description": "Observation module for devicelab. Its WebUI page is driven over DevTools.",
    "update": "false",
    "version": "1"
  },
  {
    "remove": "false",
    "id": "mountify",
    "updateJson": "https://raw.githubusercontent.com/backslashxx/mountify/master/update.json",
    "name": "mountify",
    "web": "true",
    "action": "true",
    "metamodule": "true",
    "author": "xx, KOWX712",
    "enabled": "true",
    "mount": "false",
    "update": "false",
    "description": "mode: auto 🤖 | fstype: tmpfs 🦾 | no modules mounted",
    "version": "v2.0.4",
    "versionCode": "204"
  },
  {
    "mount": "false",
    "remove": "false",
    "id": "flutter_webui_counter",
    "enabled": "true",
    "author": "p0g-stack",
    "name": "flutter-webui Counter",
    "description": "Stock Flutter counter app on flutter-webui (devicelab bring-up build).",
    "update": "false",
    "action": "false",
    "version": "0.1.5",
    "web": "true",
    "versionCode": "6"
  },
  {
    "action": "false",
    "author": "Yuv",
    "update": "false",
    "mount": "false",
    "enabled": "true",
    "web": "true",
    "name": "Counter",
    "version": "v1.0.0",
    "versionCode": "1",
    "id": "counter",
    "description": "A new Flutter project.",
    "remo
total 64
drwxrwxrwx 8 root root 4096 2026-10-03 01:48 .
drwx------ 7 root root 4096 2026-10-03 01:47 ..
drwxr-xr-x 3 root root 4096 2026-10-03 01:48 counter
drwxr-xr-x 6 root root 4096 2026-10-03 01:48 demo
drwxr-xr-x 2 root root 4096 2026-10-03 01:48 devicelab_envdump
drwxr-xr-x 3 root root 4096 2026-10-03 01:43 devicelab_probe
drwxr-xr-x 4 root root 4096 2026-10-03 01:48 flutter_webui_counter
drwxr-xr-x 5 root root 4096 2026-10-03 01:47 mountify
/home/runner/work/devicelab/devicelab/out/labserver: 1 file pushed, 0 skipped. 222.8 MB/s (7843260 bytes in 0.034s)
Starting: Intent { cmp=com.dergoogler.mmrl.wx/.ui.activity.webui.WebUIActivity (has extras) }
Status: ok
Activity: com.dergoogler.mmrl.wx/.ui.activity.webui.WebUIActivity
https://mui.kernelsu.org/index.html
opened: intent
{"check":"targets","result":[{"socket": "webview_devtools_remote_12764", "type": "page", "url": "https://mui.kernelsu.org/index.html", "title": "devicelab probe"}]}
{"check":"globals","result":{"url":"https://mui.kernelsu.org/index.html","socket":"webview_devtools_remote_12764","value":{"ua":"WebUI X/438 (Linux; Android 15; sdk_gphone64_x86_64; KernelSU/32601)","origin":"https://mui.kernelsu.org","href":"https://mui.kernelsu.org/index.html","globals":["$DeFile","$DeFileInputStream","$DeFileOutputStream","$devicelab_probe","$intent","$packageManager","$userManager","ksu","webui"],"ksu":["exec","execBool","fullScreen","mmrl","moduleInfo","spawn","toast","exec","execBool","fullScreen","mmrl","moduleInfo","spawn","toast"]}}}
{"check":"ksu-exec","result":{"url":"https://mui.kernelsu.org/index.html","socket":"webview_devtools_remote_12764","value":{"code":0,"out":"uid=0(root) gid=0(root) groups=0(root) context=u:r:ksu:s0\nu:r:ksu:s0\u0000","err":""}}}
{"check":"ws-loopback","result":{"url":"https://mui.kernelsu.org/index.html","socket":"webview_devtools_remote_12764","value":{"got":["{\"origin\":\"https://mui.kernelsu.org\",\"peerUid\":10210,\"remote\":\"127.0.0.1:37330\",\"serverUid\":0,\"t\":1790992156552,\"uidSource\":\"/proc/net/tcp\"}","hi"],"ms":23}}}
{"check":"fetch-loopback","result":{"url":"https://mui.kernelsu.org/index.html","socket":"webview_devtools_remote_12764","value":{"origin":"https://mui.kernelsu.org","peerUid":10210,"remote":"127.0.0.1:37346","serverUid":0,"t":1790992156682,"uidSource":"/proc/net/tcp"}}}
{"check":"webview-uid","result":["webview_zygote 1053 webview_zygote", "u0_a210      10210 com.dergoogler.mmrl.wx", "root             0 com.dergoogler.mmrl.wx:root:0", "root             0 com.dergoogler.mmrl.wx:root:0", "u0_a151      10151 com.google.android.webview:webview_service", "u0_i9000     99000 com.google.android.webview:sandboxed_process0:org.chromium.content.app.SandboxedProcessService0:0", "u0_a151      10151 com.google.android.webview:webview_apk"]}
{"check":"while-home-heartbeat","result":{"url":"https://mui.kernelsu.org/index.html","socket":"webview_devtools_remote_12764","value":{"now":9754,"vis":"hidden"}}}
{"check":"lifecycle","result":{"url":"https://mui.kernelsu.org/index.html","socket":"webview_devtools_remote_12764","value":{"events":[{"type":"pageshow","t":94,"vis":"visible"},{"type":"visibilitychange","t":3616,"vis":"hidden"},{"type":"visibilitychange","t":11933,"vis":"visible"}],"gaps":[{"from":3593,"ms":8340,"vis":"visible"}],"slow":{"heldMs":3001,"sentAt":1790992159852,"resolvedAt":1790992159855,"vis":"hidden"}}}}
{"check":"dev-url","result":{"error":"no page target","sockets":["webview_devtools_remote_12764"],"targets":[{"socket":"webview_devtools_remote_12764","port":9300,"description":"{\"attached\":true,\"empty\":false,\"height\":640,\"never_attached\":false,\"screenX\":0,\"screenY\":0,\"visible\":false,\"width\":320}","devtoolsFrontendUrl":"https://chrome-devtools-frontend.appspot.com/serve_internal_file/@7741f71cbce3b7dfe3eb5890976d2596364b0733/inspector.html?ws=127.0.0.1:9300/devtools/page/7FEACED28C865ACC6F0B050183CEB1FA","id":"7FEACED28C865ACC6F0B050183CEB1FA","title":"devicelab probe","type":"page","url":"https://mui.kernelsu.org/index.html","webSocketDebuggerUrl":"ws://127.0.0.1:9300/devtools/page/7FEACED28C865ACC6F0B050183CEB1FA"}]}}
Starting: Intent { cmp=com.dergoogler.mmrl.wx/.ui.activity.webui.WebUIActivity (has extras) }
Status: ok
Activity: com.dergoogler.mmrl.wx/.ui.activity.webui.WebUIActivity
https://mui.kernelsu.org/index.html
opened: intent
{"check":"targets","result":[{"type": "page", "url": "https://mui.kernelsu.org/index.html", "title": "Flutter Demo"}]}
{"check":"page","result":{"url":"https://mui.kernelsu.org/index.html","socket":"webview_devtools_remote_13293","value":{"href":"https://mui.kernelsu.org/index.html","title":"Flutter Demo","ready":"complete","flutter":true,"glass":true,"nav":{"dcl":155,"load":477},"paint":{"first-paint":936,"first-contentful-paint":1867},"glassAt":"present","firstFrame":null,"insets":"24px","vv":[320,640,1]}}}
{"check":"java-exceptions","result":["10-03 01:49:40.770 13311 13446 D ProfileInstaller: Skipping profile installation for com.dergoogler.mmrl.wx", "10-03 01:49:40.899 12498 12498 D CompatChangeReporter: Compat change id reported: 253665015; UID 10145; state: ENABLED", "10-03 01:49:40.900 10572 12709 D CompatChangeReporter: Compat change id reported: 271850009; UID 10145; state: ENABLED", "10-03 01:49:40.900 10572 12709 D CompatChangeReporter: Compat change id reported: 253665015; UID 10145; state: ENABLED", "10-03 01:49:40.900 10572 12709 D ConnectivityService: requestNetwork for uid/pid:1000/10572 asUid: 10145 activeRequest: null callbackRequest: 132 [NetworkRequest [ REQUEST id=133, [ Capabilities: INTERNET&NOT_RESTRICTED&TRUSTED&NOT_VCN_MANAGED&NOT_BANDWIDTH_CONSTRAINED Uid: 10145 RequestorUid: 1000 RequestorPkg: android UnderlyingNetworks: Null] ]] callback flags: 0 order: 2147483647 isUidTracked: false", "10-03 01:49:40.901 10572 10714 D WifiNetworkFactory: got request NetworkRequest [ REQUEST id=133, [ Capabilities: INTERNET&NOT_RESTRICTED&TRUSTED&NOT_VCN_MANAGED&NOT_BANDWIDTH_CONSTRAINED Uid: 10145 RequestorUid: 1000 RequestorPkg: android UnderlyingNetworks: Null] ]", "10-03 01:49:40.901 10572 10714 D UntrustedWifiNetworkFactory: got request NetworkRequest [ REQUEST id=133, [ Capabilities: INTERNET&NOT_RESTRICTED&TRUSTED&NOT_VCN_MANAGED&NOT_BANDWIDTH_CONSTRAINED Uid: 10145 RequestorUid: 1000 RequestorPkg: android UnderlyingNetworks: Null] ]", "10-03 01:49:40.902 10572 10714 D OemPaidWifiNetworkFactory: got request NetworkRequest [ REQUEST id=133, [ Capabilities: INTERNET&NOT_RESTRICTED&TRUSTED&NOT_VCN_MANAGED&NOT_BANDWIDTH_CONSTRAINED Uid: 10145 RequestorUid: 1000 RequestorPkg: android UnderlyingNetworks: Null] ]", "10-03 01:49:40.902 10572 10721 D ConnectivityService: NetReassign [133 : null \u2192 101] [c 1] [a 0] [i 0]", "10-03 01:49:40.902 10572 10714 D MultiInternetWifiNetworkFactory: got request NetworkRequest [ REQUEST id=133, [ Capabilities: INTERNET&NOT_RESTRICTED&TRUSTED&NOT_VCN_MANAGED&NOT_BANDWIDTH_CONSTRAINED Uid: 10145 RequestorUid: 1000 RequestorPkg: android UnderlyingNetworks: Null] ]", "--", "10-03 01:49:42.431 11031 11744 I ChimeraSrvcProxy: NullBinder for android.net.action.RECOMMEND_NETWORKS triggering remote TransactionTooLargeException due to Service without Chimera impl", "10-03 01:49:42.431 11031 11744 W .gms.persistent: Large reply transaction of 1056768 bytes, interface descriptor , code 1", "10-03 01:49:43.319 13466 13466 W BpBinder: Linking to death on android.gui.ISurfaceComposer but there are no threads (yet?) listening to incoming transactions. See ProcessState::startThreadPool and ProcessState::setThreadPoolMaxThreadCount. Generally you should setup the binder threadpool before other initialization steps.", "10-03 01:49:43.319 13466 13466 W ProcessState: Extra binder thread started, but 0 threads requested. Do not use *startThreadPool when zero threads are requested.", "10-03 01:49:43.326   169   169 I hwservicemanager: getTransport: Cannot find entry android.hardware.graphics.mapper@4.0::IMapper/default in either framework or device VINTF manifest.", "10-03 01:49:43.326 13466 13467 I Gralloc4: mapper 4.x is not supported", "10-03 01:49:43.495     0     0 I servicemanager: Caller(pid=13466,uid=0,sid=u:r:su:s0) Could not find android.hardware.graphics.allocator.IAllocator/default in the VINTF manifest. No alternative instances declared in VINTF.", "10-03 01:49:44.629 10572 10602 D OomAdjuster: Not killing cached processes", "10-03 01:49:45.430 11572 11572 W JobService: onNetworkChanged() not implemented in androidx.work.impl.background.systemjob.SystemJobService. Must override in a subclass.", "10-03 01:49:45.433 11382 11583 I BugleRcsEngine: Connected state: [1], networkType: [WIFI] [CONTEXT thread_id=56 ]", "10-03 01:49:45.434 11382 11893 I BugleRcsEngine: handleMessage processing message:[NOTIFY_UPTIME_IGNORE_STATE_CHANGED] with [non-null]:RcsEngineImpl reference [CONTEXT log_prefix=\"RcsEngineImpl[DUAL_REG]:[8088fe6d-b37d]>Handler\" thread_id=63 ]", "10-03 01:49:45.435 11031 11744 I ChimeraSrvcProxy: NullBinder for android.net.action.RECOMMEND_NETWORKS triggering remote TransactionTooLargeException due to Service without Chimera impl", "10-03 01:49:45.435 11031 11744 W .gms.persistent: Large reply transaction of 1056768 bytes, interface descriptor , code 1", "10-03 01:49:45.759 11546 13468 I Authzen : [DeviceStateSyncManager] The server is in sync with current state. Nothing to do", "10-03 01:49:45.764 11031 13471 I NetworkScheduler.Stats: Task com.google.android.gms/com.google.android.gms.tapandpay.gcmtask.TapAndPayGcmTaskService started execution. cause:4 exec_start_elapsed_seconds: 453 [CONTEXT service_id=218 ]", "10-03 01:49:45.765 11031 11086 W TapAndPay: NfcAdapter is null while obtaining CardEmulation instance. [CONTEXT service_id=79 ]", "10-03 01:49:45.765 11031 11086 W TapAndPay: java.lang.NullPointerException: NfcAdapter is null", "10-03 01:49:45.765 11031 11086 W TapAndPay: \tat android.nfc.cardemulation.CardEmulation.getInstance(CardEmulation.java:170)", "10-03 01:49:45.765 11031 11086 W TapAndPay: \tat dhwn.<init>(:com.google.android.gms@242335041@24.23.35 (190800-646585959):15)", "10-03 01:49:45.765 11031 11086 W TapAndPay: \tat com.google.android.gms.tapandpay.hce.task.TapAndPayAidRegistrationTaskOperation.a(:com.google.android.gms@242335041@24.23.35 (190800-646585959):50)", "10-03 01:49:45.765 11031 11086 W TapAndPay: \tat com.google.android.gms.tapandpay.gcmtask.TapAndPayGcmTaskChimeraService.a(:com.google.android.gms@242335041@24.23.35 (190800-646585959):32)", "10-03 01:49:45.765 11031 11086 W TapAndPay: \tat bpjj.call(:com.google.android.gms@242335041@24.23.35 (190800-646585959):32)", "10-03 01:49:45.765 11031 11086 W TapAndPay: \tat java.util.concurrent.FutureTask.run(FutureTask.java:264)", "10-03 01:49:45.765 11031 11086 W TapAndPay: \tat angs.c(:com.google.android.gms@242335041@24.23.35 (190800-646585959):50)", "10-03 01:49:45.765 11031 11086 W TapAndPay: \tat angs.run(:com.google.android.gms@242335041@24.23.35 (190800-646585959):76)", "10-03 01:49:45.765 11031 11086 W TapAndPay: \tat java.util.concurrent.ThreadPoolExecutor.runWorker(ThreadPoolExecutor.java:1145)", "10-03 01:49:45.765 11031 11086 W TapAndPay: \tat java.util.concurrent.ThreadPoolExecutor$Worker.run(ThreadPoolExecutor.java:644)", "10-03 01:49:45.765 11031 11086 W TapAndPay: \tat anmg.run(:com.google.android.gms@242335041@24.23.35 (190800-646585959):8)", "10-03 01:49:45.765 11031 11086 W TapAndPay: \tat java.lang.Thread.run(Thread.java:1012)"]}
{"check":"console-errors","result":["--------- beginning of main", "10-03 01:49:36.126 13293 13369 E chromium: [ERROR:variations_seed_loader.cc(37)] Seed missing signature.", "10-03 01:49:36.126 13293 13369 I chromium: [INFO:variations_seed_loader.cc(66)] Failed to open file for reading.: No such file or directory (2)", "10-03 01:49:36.465 13380 13394 W chromium: [WARNING:runtime_features.cc(694)] SharedStorage for M118+ cannot be enabled in this configuration. Use --enable-features=SharedStorageAPI,SharedStorageAPIM118 in addition.", "10-03 01:49:36.465 13380 13394 W chromium: [WARNING:runtime_features.cc(730)] AttributionReportingCrossAppWeb cannot be enabled in this configuration. Use --enable-features=ConversionMeasurement,AttributionReportingCrossAppWeb in addition.", "10-03 01:49:36.608 13380 13394 I chromium: [INFO:viewport_data.cc(133)] E2E_Used ViewportFitCover", "10-03 01:49:36.707 13293 13293 I chromium: [INFO:CONSOLE(3)] \"Injecting <script> tag. Using callback.\", source: https://mui.kernelsu.org/flutter_bootstrap.js (3)", "10-03 01:49:36.730 13380 13394 I chromium: [INFO:viewport_data.cc(133)] E2E_Used ViewportFitCover", "10-03 01:49:36.766 13293 13293 I chromium: [INFO:CONSOLE(53)] \"Injecting <script> tag. Using callback.\", source:  (53)", "10-03 01:49:40.830 12498 13182 W chromium: [WARNING:ev_root_ca_metadata.cc(119)] Not implemented", "10-03 01:49:41.012 12498 12498 W chromium: [WARNING:controller_impl.cc(1191)] Background download complete, client: 6, completion type: 0, file size:5154", "10-03 01:49:41.100 13447 13457 I chromium: [INFO:child_process_service.cc(70)] ChildProcessService: Exiting child process."]}
{"check":"first-frame-warm","result":{"url":"https://mui.kernelsu.org/index.html","socket":"webview_devtools_remote_13293","value":{"firstFrameMs":400,"now":15054,"flutter":true,"resizes":[],"paint":{"first-paint":817,"first-contentful-paint":817},"calls":[[30,"at-preload","ksu:undefined webui:undefined"],[33,"ksu-defined"],[36,"wrap-failed","exec"],[43,"wrap-failed","spawn"],[45,"wrap-failed","moduleInfo"],[45,"wrap-failed","fullScreen"],[50,"wrap-failed","toast"]],"resources":[["/internal/insets.css",25,51,"link",0],["/flutter_webui.css",25,58,"link",0],["/flutter_webui.js",26,58,"script",0],["/internal/assets/ext/require.js",26,51,"script",0],["/flutter_bootstrap.js",26,58,"script",0],["/canvaskit/chromium/canvaskit.wasm",92,153,"fetch",0],["/canvaskit/chromium/canvaskit.js",92,108,"other",0],["/main.dart.js",93,131,"script",0],["/assets/FontManifest.json",323,335,"fetch",0],["/favicon.ico",336,339,"other",0],["/assets/fonts/MaterialIcons-Regular.otf",338,345,"fetch",0],["/assets/packages/cupertino_icons/assets/CupertinoIcons.ttf",338,345,"fetch",0],["/assets/fonts/fallback/Roboto-Regular.ttf",339,346,"fetch",0]],"marks":[["flutter_webui:register",348],["flutter_webui:registered",350],["flutter_webui:first-frame",400]],"measures":[],"fonts":[]}}}
{"check":"root-start","result":{"url":"https://mui.kernelsu.org/index.html","socket":"webview_devtools_remote_13293","value":{"code":0,"out":"","err":"","ms":91}}}
{"check":"session","result":{"url":"https://mui.kernelsu.org/index.html","socket":"webview_devtools_remote_13293","value":{"status":200,"ms":6,"protocol":1,"version":"0.1.0","port":40937,"pid":13534,"tokenLen":43}}}
{"check":"ws-hello","result":{"url":"https://mui.kernelsu.org/index.html","socket":"webview_devtools_remote_13293","value":{"first":"{\"op\":\"hello\",\"protocol\":1,\"version\":\"0.1.0\",\"pid\":13534,\"boot\":\"e96ea7fc-89d2-4a4a-a3dd-4be83c8a6095\",\"uid\":0,\"moduleDir\":\"/data/adb/modules/flutter_webui_counter\"}"}}}
{"check":"channel-process","result":"USER           UID LABEL                            PID NAME                       \nroot             0 u:r:ksu:s0                     13534 ld-linux-x86-64.so.2\nexe=/data/adb/modules/flutter_webui_counter/flutter_webui/x86_64/ld-linux-x86-64.so.2\n/data/adb/modules/flutter_webui_counter/flutter_webui/x86_64/ld-linux-x86-64.so.2 --library-path /data/adb/modules/flutter_webui_counter/flutter_webui/x86_64 /data/adb/modules/flutter_webui_counter/flutter_webui/x86_64/dartaotruntime /data/adb/modules/flutter_webui_counter/flutter_webui/x86_64/flutter_webui_root.aot serve --module-dir /data/adb/modules/flutter_webui_counter \narm64-v8a\nroot\nx86_64\n/data/adb/modules/flutter_webui_counter/flutter_webui/arm64-v8a:\ndartaotruntime\nflutter_webui_root.aot\nld-linux-aarch64.so.1\nlibc.so.6\nlibdl.so.2\nlibm.so.6\nlibpthread.so.0\n\n/data/adb/modules/flutter_webui_counter/flutter_webui/x86_64:\ndartaotruntime\nflutter_webui_root.aot\nld-linux-x86-64.so.2\nlibc.so.6\nlibdl.so.2\nlibm.so.6\nlibpthread.so.0"}
{"check":"root-log","result":"2026-10-03T01:50:08.365842 listening on 127.0.0.1:40937"}
{"check":"session-mode","result":"total 44\ndrwx--x--x 3 root root 4096 2026-10-03 01:50 .\ndrwxr-xr-x 7 root root 4096 2026-10-03 01:50 ..\n-rw------- 1 root root    0 2026-10-03 01:50 lock\ndrwx------ 2 root root 4096 2026-10-03 01:50 proc\n-rw------- 1 root root   56 2026-10-03 01:50 root.log\n-rw-r--r-- 1 root root  197 2026-10-03 01:50 session.json"}
{"check":"home-resume","result":{"url":"https://mui.kernelsu.org/index.html","socket":"webview_devtools_remote_13293","value":{"events":[["visibilitychange","hidden",15983],["visibilitychange","visible",23081]],"ticks":13,"vis":"visible","hasFocus":false}}}
{"check":"before-back","result":{"url":"https://mui.kernelsu.org/index.html","socket":"webview_devtools_remote_13293","value":{"historyLength":2,"historyState":"{\"flutter\":true}","href":"https://mui.kernelsu.org/index.html","typeofWebui":"object","typeofWebuiExit":"function","typeofKsuExit":"undefined","webuiKeys":["exit","getAdditionalConfig","getApplication","getCurrentApplication","getCurrentRootManager","isDebug","openFile","setRefreshing","setRefreshingEnabled","startActivity"],"wrapped":"not writable"}}}
{"check":"back-events","result":{"url":"https://mui.kernelsu.org/index.html","socket":"webview_devtools_remote_13293","value":{"bk":[],"vis":"visible","historyLength":2,"historyState":"{\"flutter\":true}"}}}
{"check":"back-console","result":[]}
{"check":"back-at-root","result":"topResumedActivity=ActivityRecord{e39c57c u0 com.dergoogler.mmrl.wx/.ui.activity.webui.WebUIActivity t19}"}
{"check":"manual-exit","result":{"url":"https://mui.kernelsu.org/index.html","socket":"webview_devtools_remote_13293","value":"webui.exit"}}
{"check":"after-manual-exit","result":"topResumedActivity=ActivityRecord{efdf058 u0 com.google.android.apps.nexuslauncher/.NexusLauncherActivity t13}"}
Starting: Intent { cmp=com.dergoogler.mmrl.wx/.ui.activity.webui.WebUIActivity (has extras) }
Status: ok
Activity: com.dergoogler.mmrl.wx/.ui.activity.webui.WebUIActivity
https://mui.kernelsu.org/index.html
opened: intent
{"check":"targets","result":[{"type": "page", "url": "https://mui.kernelsu.org/index.html", "title": "Flutter Demo"}]}
{"check":"page","result":{"url":"https://mui.kernelsu.org/index.html","socket":"webview_devtools_remote_13661","value":{"href":"https://mui.kernelsu.org/index.html","title":"Flutter Demo","ready":"complete","flutter":true,"glass":true,"nav":{"dcl":107,"load":428},"paint":{"first-paint":1206,"first-contentful-paint":1206},"glassAt":"present","firstFrame":null,"insets":"24px","vv":[320,640,1]}}}
{"check":"java-exceptions","result":["10-03 01:50:27.184 13661 13661 E JavaScriptInterfaceImplementation.createNewWX(...): java.lang.NoSuchMethodException: com.dergoogler.mmrl.hybridwebui.interfaces.prebuilt.FileChooserInterface.<init> [class com.dergoogler.mmrl.webui.interfaces.WXOptions]", "10-03 01:50:27.184 13661 13661 E JavaScriptInterfaceImplementation.createNewWX(...): \tat java.lang.Class.getConstructor0(Class.java:3395)", "10-03 01:50:27.184 13661 13661 E JavaScriptInterfaceImplementation.createNewWX(...): \tat java.lang.Class.getDeclaredConstructor(Class.java:3077)", "10-03 01:50:27.184 13661 13661 E JavaScriptInterfaceImplementation.createNewWX(...): \tat com.dergoogler.mmrl.ext.JavaScriptInterfaceExtKt.createNewWX(JavaScriptInterfaceExt.kt:16)", "10-03 01:50:27.184 13661 13661 E JavaScriptInterfaceImplementation.createNewWX(...): \tat com.dergoogler.mmrl.webui.view.WebUIView.addJavascriptInterface(WebUIView.kt:267)", "10-03 01:50:27.184 13661 13661 E JavaScriptInterfaceImplementation.createNewWX(...): \tat com.dergoogler.mmrl.wx.ui.activity.webui.WebUIActivity.init$lambda$4$lambda$3$lambda$2(WebUIActivity.kt:219)", "10-03 01:50:27.184 13661 13661 E JavaScriptInterfaceImplementation.createNewWX(...): \tat com.dergoogler.mmrl.wx.ui.activity.webui.WebUIActivity.$r8$lambda$_nZAC8A9f41jkM28VFfiLo2SZbA(Unknown Source:0)", "10-03 01:50:27.184 13661 13661 E JavaScriptInterfaceImplementation.createNewWX(...): \tat com.dergoogler.mmrl.wx.ui.activity.webui.WebUIActivity$$ExternalSyntheticLambda2.invoke(D8$$SyntheticClass:0)", "10-03 01:50:27.184 13661 13661 E JavaScriptInterfaceImplementation.createNewWX(...): \tat com.dergoogler.mmrl.hybridwebui.HybridWebUI.setupDependencies(HybridWebUI.kt:106)", "10-03 01:50:27.184 13661 13661 E JavaScriptInterfaceImplementation.createNewWX(...): \tat com.dergoogler.mmrl.hybridwebui.HybridWebUI.onAttachedToWindow(HybridWebUI.kt:77)", "10-03 01:50:27.184 13661 13661 E JavaScriptInterfaceImplementation.createNewWX(...): \tat android.view.View.dispatchAttachedToWindow(View.java:22860)", "10-03 01:50:27.184 13661 13661 E JavaScriptInterfaceImplementation.createNewWX(...): \tat android.view.ViewGroup.dispatchAttachedToWindow(ViewGroup.java:3492)", "10-03 01:50:27.184 13661 13661 E JavaScriptInterfaceImplementation.createNewWX(...): \tat android.view.ViewGroup.dispatchAttachedToWindow(ViewGroup.java:3499)", "10-03 01:50:27.184 13661 13661 E JavaScriptInterfaceImplementation.createNewWX(...): \tat android.view.ViewGroup.dispatchAttachedToWindow(ViewGroup.java:3499)", "10-03 01:50:27.184 13661 13661 E JavaScriptInterfaceImplementation.createNewWX(...): \tat android.view.ViewGroup.dispatchAttachedToWindow(ViewGroup.java:3499)", "10-03 01:50:27.184 13661 13661 E JavaScriptInterfaceImplementation.createNewWX(...): \tat android.view.ViewGroup.dispatchAttachedToWindow(ViewGroup.java:3499)", "10-03 01:50:27.184 13661 13661 E JavaScriptInterfaceImplementation.createNewWX(...): \tat android.view.ViewGroup.dispatchAttachedToWindow(ViewGroup.java:3499)", "--", "10-03 01:50:42.514 11031 11825 I ChimeraSrvcProxy: NullBinder for android.net.action.RECOMMEND_NETWORKS triggering remote TransactionTooLargeException due to Service without Chimera impl", "10-03 01:50:42.514 11031 11825 W .gms.persistent: Large reply transaction of 1056768 bytes, interface descriptor , code 1", "10-03 01:50:43.145 13833 13833 W BpBinder: Linking to death on android.gui.ISurfaceComposer but there are no threads (yet?) listening to incoming transactions. See ProcessState::startThreadPool and ProcessState::setThreadPoolMaxThreadCount. Generally you should setup the binder threadpool before other initialization steps.", "10-03 01:50:43.145 13833 13833 W ProcessState: Extra binder thread started, but 0 threads requested. Do not use *startThreadPool when zero threads are requested.", "10-03 01:50:43.151   169   169 I hwservicemanager: getTransport: Cannot find entry android.hardware.graphics.mapper@4.0::IMapper/default in either framework or device VINTF manifest.", "10-03 01:50:43.152 13833 13834 I Gralloc4: mapper 4.x is not supported", "10-03 01:50:43.320     0     0 I servicemanager: Caller(pid=13833,uid=0,sid=u:r:su:s0) Could not find android.hardware.graphics.allocator.IAllocator/default in the VINTF manifest. No alternative instances declared in VINTF.", "10-03 01:50:43.408 13661 13661 W ThreadPoolForeg: type=1400 audit(0.0:319): avc:  denied  { getattr } for  path=\"/data/adb\" dev=\"dm-46\" ino=319489 scontext=u:r:untrusted_app:s0:c210,c256,c512,c768 tcontext=u:object_r:adb_data_file:s0 tclass=dir permissive=0 app=com.dergoogler.mmrl.wx", "10-03 01:50:43.408 13661 13661 W ThreadPoolForeg: type=1400 audit(0.0:320): avc:  denied  { getattr } for  path=\"/data/adb\" dev=\"dm-46\" ino=319489 scontext=u:r:untrusted_app:s0:c210,c256,c512,c768 tcontext=u:object_r:adb_data_file:s0 tclass=dir permissive=0 app=com.dergoogler.mmrl.wx", "10-03 01:50:43.408 13661 13661 W ThreadPoolForeg: type=1400 audit(0.0:321): avc:  denied  { getattr } for  path=\"/data/adb\" dev=\"dm-46\" ino=319489 scontext=u:r:untrusted_app:s0:c210,c256,c512,c768 tcontext=u:object_r:adb_data_file:s0 tclass=dir permissive=0 app=com.dergoogler.mmrl.wx", "10-03 01:50:43.416 13661 13661 W ThreadPoolForeg: type=1400 audit(0.0:322): avc:  denied  { getattr } for  path=\"/data/adb\" dev=\"dm-46\" ino=319489 scontext=u:r:untrusted_app:s0:c210,c256,c512,c768 tcontext=u:object_r:adb_data_file:s0 tclass=dir permissive=0 app=com.dergoogler.mmrl.wx", "10-03 01:50:43.457 13661 13668 W l.process.webui: ApkAssets: Deleting an ApkAssets object '<empty> and /data/app/~~fwW7qh0801D0AYnczY-4zg==/com.google.android.webview-V2y-aBB9x_Mr-heCZRIOUQ==/WebViewGoogle.apk' with 2 weak references", "10-03 01:50:43.458 13661 13668 W System  : A resource failed to call close. "]}
{"check":"console-errors","result":["--------- beginning of main", "10-03 01:50:26.906 13661 13738 E chromium: [ERROR:variations_seed_loader.cc(37)] Seed missing signature.", "10-03 01:50:26.906 13661 13738 I chromium: [INFO:variations_seed_loader.cc(66)] Failed to open file for reading.: No such file or directory (2)", "10-03 01:50:27.107 13761 13781 W chromium: [WARNING:runtime_features.cc(694)] SharedStorage for M118+ cannot be enabled in this configuration. Use --enable-features=SharedStorageAPI,SharedStorageAPIM118 in addition.", "10-03 01:50:27.108 13761 13781 W chromium: [WARNING:runtime_features.cc(730)] AttributionReportingCrossAppWeb cannot be enabled in this configuration. Use --enable-features=ConversionMeasurement,AttributionReportingCrossAppWeb in addition.", "10-03 01:50:27.361 13661 13661 I chromium: [INFO:CONSOLE(1)] \"Injecting <script> tag. Using callback.\", source: https://mui.kernelsu.org/flutter_bootstrap.js (1)", "10-03 01:50:27.407 13661 13661 I chromium: [INFO:CONSOLE(53)] \"Injecting <script> tag. Using callback.\", source:  (53)"]}
{"check":"first-frame-warm","result":{"url":"https://mui.kernelsu.org/index.html","socket":"webview_devtools_remote_13661","value":{"firstFrameMs":390,"now":15053,"flutter":true,"resizes":[],"paint":{"first-paint":763,"first-contentful-paint":763},"calls":[[30,"at-preload","ksu:undefined webui:undefined"],[32,"ksu-defined"],[38,"wrap-failed","exec"],[42,"wrap-failed","spawn"],[43,"wrap-failed","moduleInfo"],[44,"wrap-failed","fullScreen"],[47,"wrap-failed","toast"]],"resources":[["/flutter_bootstrap.js",26,49,"script",0],["/internal/assets/ext/require.js",26,49,"script",0],["/canvaskit/chromium/canvaskit.wasm",89,126,"fetch",0],["/canvaskit/chromium/canvaskit.js",89,99,"other",0],["/main.dart.js",90,116,"script",0],["/assets/FontManifest.json",303,315,"fetch",0],["/favicon.png",306,330,"other",0],["/assets/fonts/MaterialIcons-Regular.otf",317,331,"fetch",0],["/assets/packages/cupertino_icons/assets/CupertinoIcons.ttf",319,331,"fetch",0],["/assets/fonts/fallback/Roboto-Regular.ttf",319,332,"fetch",0],["/favicon.png",762,769,"other",0]],"marks":[],"measures":[],"fonts":[]}}}
Starting: Intent { cmp=com.dergoogler.mmrl.wx/.ui.activity.webui.WebUIActivity (has extras) }
Status: ok
Activity: com.dergoogler.mmrl.wx/.ui.activity.webui.WebUIActivity
https://mui.kernelsu.org/index.html
opened: intent
{"check":"targets","result":[{"type": "page", "url": "https://mui.kernelsu.org/index.html", "title": "Demo"}]}
{"check":"page","result":{"url":"https://mui.kernelsu.org/index.html","socket":"webview_devtools_remote_13880","value":{"href":"https://mui.kernelsu.org/index.html","title":"Demo","ready":"complete","flutter":true,"glass":true,"nav":{"dcl":258,"load":680},"paint":{"first-paint":1158,"first-contentful-paint":2173},"glassAt":"present","firstFrame":null,"insets":"24px","vv":[320,640,1]}}}
{"check":"java-exceptions","result":["10-03 01:50:58.982 11266 13869 E OneSearchSuggestProvider: \tat java.util.concurrent.ThreadPoolExecutor.runWorker(ThreadPoolExecutor.java:1145)", "10-03 01:50:58.982 11266 13869 E OneSearchSuggestProvider: \tat java.util.concurrent.ThreadPoolExecutor$Worker.run(ThreadPoolExecutor.java:644)", "10-03 01:50:58.982 11266 13869 E OneSearchSuggestProvider: \tat java.lang.Thread.run(Thread.java:1012)", "10-03 01:50:58.986 13712 13712 I com.dergoogler.mmrl.wx:root:0: System.exit called, status: 0", "10-03 01:50:58.986 13712 13712 I AndroidRuntime: VM exiting with result code 0.", "10-03 01:50:58.989 10572 10610 I libprocessgroup: Removed cgroup /sys/fs/cgroup/uid_99002/pid_13761", "10-03 01:50:59.158     0     0 I binder  : undelivered transaction 738516, process died.", "--", "10-03 01:50:59.261 10572 13276 W WindowManager: Exception thrown during dispatchAppVisibility Window{194f586 u0 com.dergoogler.mmrl.wx/com.dergoogler.mmrl.wx.ui.activity.webui.WebUIActivity EXITING}", "10-03 01:50:59.261 10572 13276 W WindowManager: android.os.DeadObjectException", "10-03 01:50:59.261 10572 13276 W WindowManager: \tat android.os.BinderProxy.transactNative(Native Method)", "10-03 01:50:59.261 10572 13276 W WindowManager: \tat android.os.BinderProxy.transact(BinderProxy.java:586)", "10-03 01:50:59.261 10572 13276 W WindowManager: \tat android.view.IWindow$Stub$Proxy.dispatchAppVisibility(IWindow.java:553)", "10-03 01:50:59.261 10572 13276 W WindowManager: \tat com.android.server.wm.WindowState.sendAppVisibilityToClients(WindowState.java:3253)", "10-03 01:50:59.261 10572 13276 W WindowManager: \tat com.android.server.wm.WindowContainer.sendAppVisibilityToClients(WindowContainer.java:1289)", "10-03 01:50:59.261 10572 13276 W WindowManager: \tat com.android.server.wm.WindowToken.setClientVisible(WindowToken.java:403)", "10-03 01:50:59.261 10572 13276 W WindowManager: \tat com.android.server.wm.ActivityRecord.setClientVisible(ActivityRecord.java:7166)", "10-03 01:50:59.261 10572 13276 W WindowManager: \tat com.android.server.wm.ActivityRecord.postApplyAnimation(ActivityRecord.java:5881)", "10-03 01:50:59.261 10572 13276 W WindowManager: \tat com.android.server.wm.ActivityRecord.commitVisibility(ActivityRecord.java:5823)", "10-03 01:50:59.261 10572 13276 W WindowManager: \tat com.android.server.wm.Transition.finishTransition(Transition.java:1286)", "10-03 01:50:59.261 10572 13276 W WindowManager: \tat com.android.server.wm.TransitionController.finishTransition(TransitionController.java:937)", "10-03 01:50:59.261 10572 13276 W WindowManager: \tat com.android.server.wm.WindowOrganizerController.finishTransition(WindowOrganizerController.java:494)", "--", "10-03 01:51:00.240 13880 13880 E JavaScriptInterfaceImplementation.createNewWX(...): java.lang.NoSuchMethodException: com.dergoogler.mmrl.hybridwebui.interfaces.prebuilt.FileChooserInterface.<init> [class com.dergoogler.mmrl.webui.interfaces.WXOptions]", "10-03 01:51:00.240 13880 13880 E JavaScriptInterfaceImplementation.createNewWX(...): \tat java.lang.Class.getConstructor0(Class.java:3395)", "10-03 01:51:00.240 13880 13880 E JavaScriptInterfaceImplementation.createNewWX(...): \tat java.lang.Class.getDeclaredConstructor(Class.java:3077)", "10-03 01:51:00.240 13880 13880 E JavaScriptInterfaceImplementation.createNewWX(...): \tat com.dergoogler.mmrl.ext.JavaScriptInterfaceExtKt.createNewWX(JavaScriptInterfaceExt.kt:16)", "10-03 01:51:00.240 13880 13880 E JavaScriptInterfaceImplementation.createNewWX(...): \tat com.dergoogler.mmrl.webui.view.WebUIView.addJavascriptInterface(WebUIView.kt:267)", "10-03 01:51:00.240 13880 13880 E JavaScriptInterfaceImplementation.createNewWX(...): \tat com.dergoogler.mmrl.wx.ui.activity.webui.WebUIActivity.init$lambda$4$lambda$3$lambda$2(WebUIActivity.kt:219)", "10-03 01:51:00.240 13880 13880 E JavaScriptInterfaceImplementation.createNewWX(...): \tat com.dergoogler.mmrl.wx.ui.activity.webui.WebUIActivity.$r8$lambda$_nZAC8A9f41jkM28VFfiLo2SZbA(Unknown Source:0)", "10-03 01:51:00.240 13880 13880 E JavaScriptInterfaceImplementation.createNewWX(...): \tat com.dergoogler.mmrl.wx.ui.activity.webui.WebUIActivity$$ExternalSyntheticLambda2.invoke(D8$$SyntheticClass:0)", "10-03 01:51:00.240 13880 13880 E JavaScriptInterfaceImplementation.createNewWX(...): \tat com.dergoogler.mmrl.hybridwebui.HybridWebUI.setupDependencies(HybridWebUI.kt:106)", "10-03 01:51:00.240 13880 13880 E JavaScriptInterfaceImplementation.createNewWX(...): \tat com.dergoogler.mmrl.hybridwebui.HybridWebUI.onAttachedToWindow(HybridWebUI.kt:77)", "10-03 01:51:00.240 13880 13880 E JavaScriptInterfaceImplementation.createNewWX(...): \tat android.view.View.dispatchAttachedToWindow(View.java:22860)", "10-03 01:51:00.240 13880 13880 E JavaScriptInterfaceImplementation.createNewWX(...): \tat android.view.ViewGroup.dispatchAttachedToWindow(ViewGroup.java:3492)", "10-03 01:51:00.240 13880 13880 E JavaScriptInterfaceImplementation.createNewWX(...): \tat android.view.ViewGroup.dispatchAttachedToWindow(ViewGroup.java:3499)", "10-03 01:51:00.240 13880 13880 E JavaScriptInterfaceImplementation.createNewWX(...): \tat android.view.ViewGroup.dispatchAttachedToWindow(ViewGroup.java:3499)", "10-03 01:51:00.240 13880 13880 E JavaScriptInterfaceImplementation.createNewWX(...): \tat android.view.ViewGroup.dispatchAttachedToWindow(ViewGroup.java:3499)", "10-03 01:51:00.240 13880 13880 E JavaScriptInterfaceImplementation.createNewWX(...): \tat android.view.ViewGroup.dispatchAttachedToWindow(ViewGroup.java:3499)", "10-03 01:51:00.240 13880 13880 E JavaScriptInterfaceImplementation.createNewWX(...): \tat android.view.ViewGroup.dispatchAttachedToWindow(ViewGroup.java:3499)"]}
{"check":"console-errors","result":["--------- beginning of main", "10-03 01:51:00.008 13880 13960 E chromium: [1003/015100.008217:ERROR:variations_seed_loader.cc(37)] Seed missing signature.", "10-03 01:51:00.013 13880 13960 I chromium: [INFO:variations_seed_loader.cc(66)] Failed to open file for reading.: No such file or directory (2)", "10-03 01:51:00.203 13973 14004 W chromium: [WARNING:runtime_features.cc(694)] SharedStorage for M118+ cannot be enabled in this configuration. Use --enable-features=SharedStorageAPI,SharedStorageAPIM118 in addition.", "10-03 01:51:00.208 13973 14004 W chromium: [WARNING:runtime_features.cc(730)] AttributionReportingCrossAppWeb cannot be enabled in this configuration. Use --enable-features=ConversionMeasurement,AttributionReportingCrossAppWeb in addition.", "10-03 01:51:00.388 13973 14004 I chromium: [INFO:viewport_data.cc(133)] E2E_Used ViewportFitCover", "10-03 01:51:00.537 13880 13880 I chromium: [INFO:CONSOLE(53)] \"Injecting <script> tag. Using callback.\", source:  (53)"]}
{"check":"first-frame-warm","result":{"url":"https://mui.kernelsu.org/index.html","socket":"webview_devtools_remote_13880","value":{"firstFrameMs":527,"now":15055,"flutter":true,"resizes":[],"paint":{"first-paint":1081,"first-contentful-paint":1081},"calls":[[46,"at-preload","ksu:undefined webui:undefined"],[48,"ksu-defined"],[54,"wrap-failed","exec"],[55,"wrap-failed","spawn"],[65,"wrap-failed","moduleInfo"],[70,"wrap-failed","fullScreen"],[71,"wrap-failed","toast"]],"resources":[["/internal/insets.css",42,73,"link",0],["/internal/colors.css",42,73,"link",0],["/flutter_webui.css",42,76,"link",0],["/flutter_webui.js",42,74,"script",0],["/flutter_bootstrap.js",43,74,"script",0],["/internal/assets/ext/require.js",43,73,"script",0],["/canvaskit/chromium/canvaskit.wasm",113,147,"fetch",0],["/canvaskit/chromium/canvaskit.js",113,122,"other",0],["/main.dart.js",113,170,"script",0],["/assets/FontManifest.json",392,411,"fetch",0],["/favicon.ico",402,411,"other",0],["/assets/fonts/MaterialIcons-Regular.otf",416,422,"fetch",0],["/assets/fonts/fallback/Roboto-Regular.ttf",416,423,"fetch",0],["/internal/colors.css",435,1073,"fetch",0],["/pkg/demo_native.js",1073,1159,"fetch",0]],"marks":[["flutter_webui:register",427],["flutter_webui:registered",428],["flutter_webui:register",430],["flutter_webui:registered",430],["flutter_webui:first-frame",528]],"measures":[],"fonts":[]}}}
{"url":"https://mui.kernelsu.org/index.html","socket":"webview_devtools_remote_13880","value":"semantics on"}
{"check":"home","result":{"url":"https://mui.kernelsu.org/index.html","socket":"webview_devtools_remote_13880","value":["Squadron","Process","native","net","Say hello","Count to 5","SHA-256","Demo pages\nOne page per thing the stack promises.","Places","Strategy","Rust","Lifecycle","Shell","Plugins"]}}
{"check":"colors-css","result":{"url":"https://mui.kernelsu.org/index.html","socket":"webview_devtools_remote_13880","value":{"status":200,"type":"text/css","body":":root {\n\t/* App Base Colors */\n\t--background: #faf8ffff;\n\t--error: #b3261eff;\n\t--errorContainer: #f9dedcff;\n\t--inverseOnSurface: #e3e2e9ff;\n\t--inversePrimary: #b2c5ffff;\n\t--inverseSurface: #121318ff;\n\t--onBackground: #1a1b21ff;\n\t--onError: #ffffffff;\n\t--onErrorContainer: #410e0bff;\n\t--onPrimary: #ffffffff;\n\t--onPrimaryContainer: #001849ff;\n\t--onSecondary: #ffffffff;\n\t--onSecondaryContainer: #151b2cff;\n\t--onSurface: #1a1b21ff;\n\t--onSurfaceVariant: #45464fff;\n\t--onTertiary: #ffffffff;\n\t--onTertiaryContainer: #2b122bff;\n\t--outline: #757780ff;\n\t--outlineVariant: #c5c6d0ff;\n\t--primary: #495d92ff;\n\t--primaryContainer: #dae2ffff;\n\t--scrim: #000000ff;\n\t--secondary: #585e71ff;\n\t--secondaryContainer: #dde2f9ff;\n\t--surface: #faf8ffff;\n\t--tonalSurface: #f1f0f9ff;\n\t--surfaceBright: #faf8ffff;\n\t--surfaceContainer: #eeedf4ff;\n\t--surfaceContainerHigh: #e8e7efff;\n\t--surfaceContainerHighest: #e3e2e9ff;\n\t--surfaceContainerLow: #f4f3faff;\n\t--surfaceContainerLowest: #ffffffff;\n\t--surfaceDim: #dad9e0ff;\n\t--surfaceTint: #495d92ff;\n\t--surfaceVariant: #e1e2ecff;\n\t--tertiary: #735471ff;\n\t--tertiaryContainer: #fed6f9ff;\n\t/* Filled Tonal Button Colors */\n\t--filledTonalButtonContainerColor: #dde2f9ff;\n\t--filledTonalButtonContentColor: #151b2cff;\n\t--filledTonalButtonDisabledContainerColor: #1a1b211f;\n\t--filledTonalButtonDisabledContentColor: #1a1b2161;\n\t/* Filled Card Colors */\n\t--filledCardContainerColor: #e3e2e9ff;\n\t--filledCardContentColor: #1a1b21ff;\n\t--filledCardDisabledContainerColor: #e2e2eaff;\n\t--"}}}
{"check":"wasm-at-home","result":{"url":"https://mui.kernelsu.org/index.html","socket":"webview_devtools_remote_13880","value":{"wasm":[{"name":"chromium/canvaskit.wasm","start":113,"dur":34}],"marks":[{"name":"flutter_webui:register","t":427},{"name":"flutter_webui:registered","t":428},{"name":"flutter_webui:register","t":430},{"name":"flutter_webui:registered","t":430},{"name":"flutter_webui:first-frame","t":528}],"measures":[],"now":18619}}}
{"check":"tap-places","result":{"url":"https://mui.kernelsu.org/index.html","socket":"webview_devtools_remote_13880","value":"tapped Places at 16,572 size 288x56 role button tappable"}}
{"check":"places","result":{"url":"https://mui.kernelsu.org/index.html","socket":"webview_devtools_remote_13880","value":["Back\nBack","One service, DemoService, opened in every place this build knows. Each place probes its own facts from inside; the page never guesses from the platform it was built for.","200k","1M","3M","Count primes in every place","Restart places","inline (the caller)\nkind: inline\nstart 253 ms, first facts() round trip 181 ms\nroot\ncheck: effective uid 0\nblock_devices\ncheck: a kernel-listed block device opens for reading\nusb.native\ncheck: /dev/bus/usb lists\nusb.web\ncheck: navigator.usb exists\nprocess.spawn\ncheck: a shell runs\nfs.persistent\ncheck: working dir writable, or storage persisted\nnet\ncheck: a non-loopback interface is up, or onLine\nnative\ncheck: null","worker (isolate or Web Worker)\nkind: web_worker\nstart 314 ms, first facts() round trip 51 ms\nroot\ncheck: effective uid 0\nblock_devices\ncheck: a kernel-listed block device opens for reading\nusb.native\ncheck: /dev/bus/usb lists\nusb.web\ncheck: navigator.usb exists\nprocess.spawn\ncheck: a shell runs\nfs.persistent\ncheck: working dir writable, or storage persisted\nnet\ncheck: a non-loopback interface is up, or onLine\nnative\ncheck: null","Places","Strategy","Rust","Lifecycle","Shell","Plugins"]}}
{"check":"places-scroll-1","result":{"url":"https://mui.kernelsu.org/index.html","socket":"webview_devtools_remote_13880","value":["Back\nBack","200k","1M","3M","Count primes in every place","Restart places","inline (the caller)\nkind: inline\nstart 253 ms, first facts() round trip 181 ms\nroot\ncheck: effective uid 0\nblock_devices\ncheck: a kernel-listed block device opens for reading\nusb.native\ncheck: /dev/bus/usb lists\nusb.web\ncheck: navigator.usb exists\nprocess.spawn\ncheck: a shell runs\nfs.persistent\ncheck: working dir writable, or storage persisted\nnet\ncheck: a non-loopback interface is up, or onLine\nnative\ncheck: null","worker (isolate or Web Worker)\nkind: web_worker\nstart 314 ms, first facts() round trip 51 ms\nroot\ncheck: effective uid 0\nblock_devices\ncheck: a kernel-listed block device opens for reading\nusb.native\ncheck: /dev/bus/usb lists\nusb.web\ncheck: navigator.usb exists\nprocess.spawn\ncheck: a shell runs\nfs.persistent\ncheck: working dir writable, or storage persisted\nnet\ncheck: a non-loopback interface is up, or onLine\nnative\ncheck: null","Places","Strategy","Rust","Lifecycle","Shell","Plugins"]}}
{"check":"places-scroll-2","result":{"url":"https://mui.kernelsu.org/index.html","socket":"webview_devtools_remote_13880","value":["Back\nBack","inline (the caller)\nkind: inline\nstart 253 ms, first facts() round trip 181 ms\nroot\ncheck: effective uid 0\nblock_devices\ncheck: a kernel-listed block device opens for reading\nusb.native\ncheck: /dev/bus/usb lists\nusb.web\ncheck: navigator.usb exists\nprocess.spawn\ncheck: a shell runs\nfs.persistent\ncheck: working dir writable, or storage persisted\nnet\ncheck: a non-loopback interface is up, or onLine\nnative\ncheck: null","worker (isolate or Web Worker)\nkind: web_worker\nstart 314 ms, first facts() round trip 51 ms\nroot\ncheck: effective uid 0\nblock_devices\ncheck: a kernel-listed block device opens for reading\nusb.native\ncheck: /dev/bus/usb lists\nusb.web\ncheck: navigator.usb exists\nprocess.spawn\ncheck: a shell runs\nfs.persistent\ncheck: working dir writable, or storage persisted\nnet\ncheck: a non-loopback interface is up, or onLine\nnative\ncheck: null","root process (the app CLI, serve mode)\nkind: process\nstart 351 ms, first facts() round trip 0 ms\nroot\ncheck: effective uid 0\nblock_devices\ncheck: a kernel-listed block device opens for reading\nusb.native\ncheck: /dev/bus/usb lists\nusb.web\ncheck: navigator.usb exists\nprocess.spawn\ncheck: a shell runs\nfs.persistent\ncheck: working dir writable, or storage persisted\nnet\ncheck: a non-loopback interface is up, or onLine\nnative\ncheck: null","Reference: one call and one stream per place\nsquadron_process doc/benchmark.md, a 4-vCPU VM. Not measured here; devicelab measures devices.\nCall: isolate 31 µs, Web Worker (dart2js) 120 µs, process 247 µs, process from the page 401 µs.\n64 KiB stream: isolate 3643 MiB/s, Web Worker 631 MiB/s, process link about 110 MiB/s.","Places","Strategy","Rust","Lifecycle","Shell","Plugins"]}}
{"check":"places-scroll-3","result":{"url":"https://mui.kernelsu.org/index.html","socket":"webview_devtools_remote_13880","value":["Back\nBack","worker (isolate or Web Worker)\nkind: web_worker\nstart 314 ms, first facts() round trip 51 ms\nroot\ncheck: effective uid 0\nblock_devices\ncheck: a kernel-listed block device opens for reading\nusb.native\ncheck: /dev/bus/usb lists\nusb.web\ncheck: navigator.usb exists\nprocess.spawn\ncheck: a shell runs\nfs.persistent\ncheck: working dir writable, or storage persisted\nnet\ncheck: a non-loopback interface is up, or onLine\nnative\ncheck: null","root process (the app CLI, serve mode)\nkind: process\nstart 351 ms, first facts() round trip 0 ms\nroot\ncheck: effective uid 0\nblock_devices\ncheck: a kernel-listed block device opens for reading\nusb.native\ncheck: /dev/bus/usb lists\nusb.web\ncheck: navigator.usb exists\nprocess.spawn\ncheck: a shell runs\nfs.persistent\ncheck: working dir writable, or storage persisted\nnet\ncheck: a non-loopback interface is up, or onLine\nnative\ncheck: null","Reference: one call and one stream per place\nsquadron_process doc/benchmark.md, a 4-vCPU VM. Not measured here; devicelab measures devices.\nCall: isolate 31 µs, Web Worker (dart2js) 120 µs, process 247 µs, process from the page 401 µs.\n64 KiB stream: isolate 3643 MiB/s, Web Worker 631 MiB/s, process link about 110 MiB/s.","Places","Strategy","Rust","Lifecycle","Shell","Plugins"]}}
{"check":"tap-strategy","result":{"url":"https://mui.kernelsu.org/index.html","socket":"webview_devtools_remote_13880","value":"tapped Strategy at 53,536 size 53x80 role tab tappable"}}
{"check":"strategy","result":{"url":"https://mui.kernelsu.org/index.html","socket":"webview_devtools_remote_13880","value":["Back\nBack","Objective: list the device's partitions. Strategies in preference order: on the device as root, then from a host over USB. The first one the place's facts allow runs; nothing reads kIsWeb or Platform.","Place","inline (the caller)","worker (isolate or Web Worker)","root process (the app CLI, serve mode)","Facts from inline (the caller)\nSwitch a fact off to see the fallback. You can only take facts away.\nroot\ncheck: effective uid 0\nblock_devices\ncheck: a kernel-listed block device opens for reading\nusb.native\ncheck: /dev/bus/usb lists\nusb.web\ncheck: navigator.usb exists\nprocess.spawn\ncheck: a shell runs\nfs.persistent\ncheck: working dir writable, or storage persisted\nnet\ncheck: a non-loopback interface is up, or onLine\nnative\ncheck: null","root","block_devices","usb.native","process.spawn","Places","Strategy","Rust","Lifecycle","Shell","Plugins"]}}
{"check":"tap-strategy-root","result":{"url":"https://mui.kernelsu.org/index.html","socket":"webview_devtools_remote_13880","value":"tapped root process at 24,358 size 272x48 role checkbox tappable"}}
{"check":"strategy-root","result":{"url":"https://mui.kernelsu.org/index.html","socket":"webview_devtools_remote_13880","value":["Back\nBack","Objective: list the device's partitions. Strategies in preference order: on the device as root, then from a host over USB. The first one the place's facts allow runs; nothing reads kIsWeb or Platform.","Place","inline (the caller)","worker (isolate or Web Worker)","root process (the app CLI, serve mode)","Facts from root process (the app CLI, serve mode)\nSwitch a fact off to see the fallback. You can only take facts away.\nroot\ncheck: effective uid 0\nblock_devices\ncheck: a kernel-listed block device opens for reading\nusb.native\ncheck: /dev/bus/usb lists\nusb.web\ncheck: navigator.usb exists\nprocess.spawn\ncheck: a shell runs\nfs.persistent\ncheck: working dir writable, or storage persisted\nnet\ncheck: a non-loopback interface is up, or onLine\nnative\ncheck: null","root","block_devices","usb.native","process.spawn","Places","Strategy","Rust","Lifecycle","Shell","Plugins"]}}
{"check":"strategy-root-scroll-1","result":{"url":"https://mui.kernelsu.org/index.html","socket":"webview_devtools_remote_13880","value":["Back\nBack","Place","inline (the caller)","worker (isolate or Web Worker)","root process (the app CLI, serve mode)","Facts from root process (the app CLI, serve mode)\nSwitch a fact off to see the fallback. You can only take facts away.\nroot\ncheck: effective uid 0\nblock_devices\ncheck: a kernel-listed block device opens for reading\nusb.native\ncheck: /dev/bus/usb lists\nusb.web\ncheck: navigator.usb exists\nprocess.spawn\ncheck: a shell runs\nfs.persistent\ncheck: working dir writable, or storage persisted\nnet\ncheck: a non-loopback interface is up, or onLine\nnative\ncheck: null","root","block_devices","usb.native","process.spawn","Chosen: on device (/proc/partitions as root)\non_device chosen","on device (/proc/partitions as root)\nneeds root + block_devices: has them","from host (fastboot getvar all)\nneeds usb.native + process.spawn: has them","Places","Strategy","Rust","Lifecycle","Shell","Plugins"]}}
{"check":"strategy-root-scroll-2","result":{"url":"https://mui.kernelsu.org/index.html","socket":"webview_devtools_remote_13880","value":["Back\nBack","Facts from root process (the app CLI, serve mode)\nSwitch a fact off to see the fallback. You can only take facts away.\nroot\ncheck: effective uid 0\nblock_devices\ncheck: a kernel-listed block device opens for reading\nusb.native\ncheck: /dev/bus/usb lists\nusb.web\ncheck: navigator.usb exists\nprocess.spawn\ncheck: a shell runs\nfs.persistent\ncheck: working dir writable, or storage persisted\nnet\ncheck: a non-loopback interface is up, or onLine\nnative\ncheck: null","root","block_devices","usb.native","process.spawn","Chosen: on device (/proc/partitions as root)\non_device chosen","on device (/proc/partitions as root)\nneeds root + block_devices: has them","from host (fastboot getvar all)\nneeds usb.native + process.spawn: has them","Run on_device in process","Log\nEvery run: objective, strategy, place and the facts it saw.\nNothing has run yet.","Places","Strategy","Rust","Lifecycle","Shell","Plugins"]}}
{"check":"tap-rust","result":{"url":"https://mui.kernelsu.org/index.html","socket":"webview_devtools_remote_13880","value":"tapped Rust at 107,536 size 53x80 role tab tappable"}}
{"check":"rust","result":{"url":"https://mui.kernelsu.org/index.html","socket":"webview_devtools_remote_13880","value":["Back\nBack","The demo crate (rust/) counts the primes below 1000000 with the same loop as page 1's Dart. The service loads it in its own place through flutter_rust_bridge, so each place runs its own build.","Run in every place","inline (the caller)","Run here","worker (isolate or Web Worker)","Run here","root process (the app CLI, serve mode)","Run here","Places","Strategy","Rust","Lifecycle","Shell","Plugins"]}}
{"check":"tap-rust-run","result":{"url":"https://mui.kernelsu.org/index.html","socket":"webview_devtools_remote_13880","value":"tapped Run in every place at 16,196 size 288x48 role button tappable"}}
{"check":"rust-ran","result":{"url":"https://mui.kernelsu.org/index.html","socket":"webview_devtools_remote_13880","value":["Back\nBack","The demo crate (rust/) counts the primes below 1000000 with the same loop as page 1's Dart. The service loads it in its own place through flutter_rust_bridge, so each place runs its own build.","Run in every place","inline (the caller)\nBuilt for: wasm32-unknown (single-threaded)\nLoad: 136 ms (once per place, on its first Rust call; on the web that fetches and instantiates the wasm)\nRust 147 ms, Dart 1231 ms (same count: 78498)","Run here","worker (isolate or Web Worker)\nBuilt for: wasm32-unknown (single-threaded)\nLoad: 48 ms (once per place, on its first Rust call; on the web that fetches and instantiates the wasm)\nRust 193 ms, Dart 259 ms (same count: 78498)","Run here","root process (the app CLI, serve mode)\nBuilt for: x86_64-android\nLoad: 0 ms (once per place, on its first Rust call; on the web that fetches and instantiates the wasm)\nRust 141 ms, Dart 150 ms (same count: 78498)","Places","Strategy","Rust","Lifecycle","Shell","Plugins"]}}
{"check":"wasm-after-rust","result":{"url":"https://mui.kernelsu.org/index.html","socket":"webview_devtools_remote_13880","value":{"wasm":[{"name":"chromium/canvaskit.wasm","start":113,"dur":34},{"name":"pkg/demo_native_bg.wasm","start":81921,"dur":55}],"marks":[{"name":"flutter_webui:register","t":427},{"name":"flutter_webui:registered","t":428},{"name":"flutter_webui:register","t":430},{"name":"flutter_webui:registered","t":430},{"name":"flutter_webui:first-frame","t":528}],"measures":[],"now":102960}}}
{"check":"tap-rust-run-2","result":{"url":"https://mui.kernelsu.org/index.html","socket":"webview_devtools_remote_13880","value":"tapped Run in every place at 16,196 size 288x48 role button tappable"}}
{"check":"rust-ran-2","result":{"url":"https://mui.kernelsu.org/index.html","socket":"webview_devtools_remote_13880","value":["Back\nBack","The demo crate (rust/) counts the primes below 1000000 with the same loop as page 1's Dart. The service loads it in its own place through flutter_rust_bridge, so each place runs its own build.","Run in every place","inline (the caller)\nBuilt for: wasm32-unknown (single-threaded)\nLoad: 0 ms (once per place, on its first Rust call; on the web that fetches and instantiates the wasm)\nRust 133 ms, Dart 1262 ms (same count: 78498)","Run here","worker (isolate or Web Worker)\nBuilt for: wasm32-unknown (single-threaded)\nLoad: 1 ms (once per place, on its first Rust call; on the web that fetches and instantiates the wasm)\nRust 153 ms, Dart 245 ms (same count: 78498)","Run here","root process (the app CLI, serve mode)\nBuilt for: x86_64-android\nLoad: 0 ms (once per place, on its first Rust call; on the web that fetches and instantiates the wasm)\nRust 140 ms, Dart 148 ms (same count: 78498)","Places","Strategy","Rust","Lifecycle","Shell","Plugins"]}}
{"check":"tap-lifecycle","result":{"url":"https://mui.kernelsu.org/index.html","socket":"webview_devtools_remote_13880","value":"tapped Lifecycle at 160,536 size 53x80 role tab tappable"}}
{"check":"tap-root-process","result":{"url":"https://mui.kernelsu.org/index.html","socket":"webview_devtools_remote_13880","value":"tapped root process at 24,390 size 272x48 role checkbox tappable"}}
{"check":"tap-start","result":{"url":"https://mui.kernelsu.org/index.html","socket":"webview_devtools_remote_13880","value":"tapped Start at 24,462 size 97x48 role button tappable"}}
{"check":"lifecycle-running","result":{"url":"https://mui.kernelsu.org/index.html","socket":"webview_devtools_remote_13880","value":["Back\nBack","Start a five-minute task, then switch away (Home, another app or tab) and come back: hidden keeps going. Close the app instead and reopen it: closed stops, and this page says where the task was when it ended.","Task\ntick every 500 ms, stamped with the place's own clock\nrunning in process: tick 17/600, longest gap 503 ms, app resumed 3","inline (the caller)","worker (isolate or Web Worker)","root process (the app CLI, serve mode)","Stop","Lifecycle\n01:53:27  started in process","Facts from root process (the app CLI, serve mode)\nroot\ncheck: effective uid 0\nblock_devices\ncheck: a kernel-listed block device opens for reading\nusb.native\ncheck: /dev/bus/usb lists\nusb.web\ncheck: navigator.usb exists\nprocess.spawn\ncheck: a shell runs\nfs.persistent\ncheck: working dir writable, or storage persisted\nnet\ncheck: a non-loopback interface is up, or onLine\nnative\ncheck: null","Places","Strategy","Rust","Lifecycle","Shell","Plugins"]}}
{"check":"lifecycle-after-home","result":{"url":"https://mui.kernelsu.org/index.html","socket":"webview_devtools_remote_13880","value":["Back\nBack","Start a five-minute task, then switch away (Home, another app or tab) and come back: hidden keeps going. Close the app instead and reopen it: closed stops, and this page says where the task was when it ended.","Task\ntick every 500 ms, stamped with the place's own clock\nrunning in process: tick 41/600, longest gap 503 ms, app resumed 7","inline (the caller)","worker (isolate or Web Worker)","root process (the app CLI, serve mode)","Stop","Lifecycle\n01:53:43  away 7.1 s: the place produced 15 ticks (on schedule: 14); longest gap 503 ms\n01:53:43  inactive -> resumed\n01:53:43  hidden -> inactive\n01:53:36  inactive -> hidden\n01:53:36  resumed -> inactive\n01:53:27  started in process","Places","Strategy","Rust","Lifecycle","Shell","Plugins"]}}
{"check":"root-process","result":"root             0 u:r:ksu:s0                     14124 dartaotruntime\nu0_a211      10211 u:r:untrusted_app_27:s0:c211,c256,c512,c768 14149 com.webui.api.demo\nroot             0 u:r:ksu:s0                     14187 dartaotruntime"}
/home/runner/work/devicelab/devicelab/out/sockprobe: 1 file pushed, 0 skipped. 209.0 MB/s (3501403 bytes in 0.016s)
{"check":"block-devices","result":"dm-0\ndm-1\ndm-11\ndm-13\ndm-14\ndm-16\ndm-17\ndm-18\ntotal 0\ndrwxr-xr-x 2 root root u:object_r:block_device:s0                140 2026-10-03 01:42 by-name\nbrw------- 1 root root u:object_r:dm_device:s0              254,   0 2026-10-03 01:42 dm-0\nbrw------- 1 root root u:object_r:dm_device:s0              254,   1 2026-10-03 01:42 dm-1\nbrw------- 1 root root u:object_r:dm_device:s0              254,  11 2026-10-03 01:42 dm-11\nbrw------- 1 root root u:object_r:dm_device:s0              254,  13 2026-10-03 01:42 dm-13\nbrw------- 1 root root u:object_r:dm_device:s0              254,  14 2026-10-03 01:42 dm-14\nbrw------- 1 root root u:object_r:dm_device:s0              254,  16 2026-10-03 01:42 dm-16\nbrw------- 1 root root u:object_r:dm_device:s0              254,  17 2026-10-03 01:42 dm-17\nbrw------- 1 root root u:object_r:dm_device:s0              254,  18 2026-10-03 01:42 dm-18\nbrw------- 1 root root u:object_r:dm_device:s0              254,  19 2026-10-03 01:42 dm-19\nbrw------- 1 root root u:object_r:dm_device:s0              254,   2 2026-10-03 01:42 dm-2\n-- su:\n0000000  \\0\n-- ksu:\n{\"error\":\"write /proc/thread-self/attr/current: operation not permitted\",\"op\":\"setcon\"}\n-- avc:"}
{"check":"back-1","result":{"url":"https://mui.kernelsu.org/index.html","socket":"webview_devtools_remote_13880","value":["Squadron","Process","native","net","Say hello","Count to 5","SHA-256","Demo pages\nOne page per thing the stack promises.","Places","Strategy","Rust","Lifecycle","Shell","Plugins"]}}
{"check":"back-1-top","result":"topResumedActivity=ActivityRecord{786c316 u0 com.dergoogler.mmrl.wx/.ui.activity.webui.WebUIActivity t21}"}
{"check":"back-2-top","result":"topResumedActivity=ActivityRecord{efdf058 u0 com.google.android.apps.nexuslauncher/.NexusLauncherActivity t13}"}
{"check":"back-3-top","result":"topResumedActivity=ActivityRecord{efdf058 u0 com.google.android.apps.nexuslauncher/.NexusLauncherActivity t13}"}
{"check":"open","result":"opened: intent"}
{"check":"tap-places","result":{"url":"https://mui.kernelsu.org/index.html","socket":"webview_devtools_remote_14527","value":"tapped Places at 16,572 size 288x56 role button tappable"}}
{"check":"places","result":{"url":"https://mui.kernelsu.org/index.html","socket":"webview_devtools_remote_14527","value":["Back\nBack","One service, DemoService, opened in every place this build knows. Each place probes its own facts from inside; the page never guesses from the platform it was built for.","200k","1M","3M","Count primes in every place","Restart places","inline (the caller)\nkind: inline\nstart 515 ms, first facts() round trip 358 ms\nroot\ncheck: effective uid 0\nblock_devices\ncheck: a kernel-listed block device opens for reading\nusb.native\ncheck: /dev/bus/usb lists\nusb.web\ncheck: navigator.usb exists\nprocess.spawn\ncheck: a shell runs\nfs.persistent\ncheck: working dir writable, or storage persisted\nnet\ncheck: a non-loopback interface is up, or onLine\nnative\ncheck: null","worker (isolate or Web Worker)\nkind: web_worker\nstart 310 ms, first facts() round trip 87 ms\nroot\ncheck: effective uid 0\nblock_devices\ncheck: a kernel-listed block device opens for reading\nusb.native\ncheck: /dev/bus/usb lists\nusb.web\ncheck: navigator.usb exists\nprocess.spawn\ncheck: a shell runs\nfs.persistent\ncheck: working dir writable, or storage persisted\nnet\ncheck: a non-loopback interface is up, or onLine\nnative\ncheck: null","Places","Strategy","Rust","Lifecycle","Shell","Plugins"]}}
{"check":"root-process","result":"pid 14732 uid 0 ctx u:r:ksu:s0 cwd /data/adb/demo\n/system/bin/sh -c trap : TERM INT HUP USR1 USR2; exec 0</dev/null; \"$@\" >>\"$FLUTTER_WEBUI_LOG\" 2>&1; c=$?; (umask 077 && echo $c >\"$FLUTTER_WEBUI_EXIT.tmp\"); mv \"$FLUTTER_WEBUI_EXIT.tmp\" \"$FLUTTER_WEBUI_EXIT\" sh /data/adb/modules/demo/bin/demo serve --session-file /data/adb/modules/demo/run/demo.place.json --launch-id 78a122c919e4ca96 \npid 14733 uid 0 ctx u:r:ksu:s0 cwd /data/adb/demo\n/data/adb/modules/demo/bin/x86_64/dartaotruntime /data/adb/modules/demo/bin/x86_64/demo.aot serve --session-file /data/adb/modules/demo/run/demo.place.json --launch-id 78a122c919e4ca96 \npid 14756 uid 0 ctx u:r:su:s0 cwd /\n/system/bin/sh -c for p in $(pgrep -f 'serve --session-file'); do echo \"pid $p uid $(stat -c %u /proc/$p) ctx $(cat /proc/$p/attr/current | tr -d '\\0') cwd $(readlink /proc/$p/cwd)\"; tr '\\0' ' ' </proc/$p/cmdline; echo; done"}
{"check":"root-cwd","result":"/data/adb/demo"}
{"check":"cli-facts-datadir","result":"{\n  \"root\": true,\n  \"block_devices\": true,\n  \"usb.native\": true,\n  \"usb.web\": false,\n  \"process.spawn\": true,\n  \"fs.persistent\": true,\n  \"net\": true,\n  \"native\": true\n}"}
{"check":"cli-facts-slash","result":"\"root\": true,\n  \"fs.persistent\": false,"}
{"check":"page-persisted","result":{"url":"https://mui.kernelsu.org/index.html","socket":"webview_devtools_remote_14527","value":{"persisted":false}}}
{"check":"worker-persisted","result":{"url":"https://mui.kernelsu.org/index.html","socket":"webview_devtools_remote_14527","value":{"error":"SecurityError: Failed to construct 'Worker': Access to the script at 'blob:https://mui.kernelsu.org/999ee343-88ce-47a0-b337-d5d053bc1259' is denied by the document's Content Security Policy."}}}
{"check":"sys-dark","night":"yes","color_mode":"","opened":"opened: intent","result":{"url":"https://mui.kernelsu.org/index.html","socket":"webview_devtools_remote_14861","value":{"dark":true,"primary":"#b2c5ffff","background":"#121318ff","cssBytes":1545}}}
{"check":"sys-light","night":"no","color_mode":"","opened":"opened: intent","result":{"url":"https://mui.kernelsu.org/index.html","socket":"webview_devtools_remote_15211","value":{"dark":false,"primary":"#495d92ff","background":"#faf8ffff","cssBytes":1545}}}
/home/runner/work/devicelab/devicelab/out/sockprobe: 1 file pushed, 0 skipped. 214.3 MB/s (3501403 bytes in 0.016s)
{"check":"ksud-version","result":"ksud 3.3.0 (uapi: 2)\nmanage module configuration\n\nUsage: ksud module config [OPTIONS] <COMMAND>"}
{"check":"root-script","result":"-rwxr-xr-x 1 root root 1921 2026-10-03 01:48 /data/adb/modules/demo/flutter_webui/root\n#!/system/bin/sh\n# flutter-webui root channel launcher. Lives at <moddir>/flutter_webui/root.\n# Usage: sh root start    find or start the channel; prints its session as one\n#                         JSON line (port, token), or exits non-zero\n#        sh root serve    run the channel (started detached by `start`)\n# Needs `ksud module config` (KernelSU or KernelSU Next v3.0.0+).\n# SPDX-License-Identifier: LGPL-3.0-or-later WITH LGPL-3.0-linking-exception\n\ndir=${0%/*}\ncase \"$dir\" in /*) ;; *) dir=$(cd \"$dir\" && pwd) ;; esac\nmoddir=${dir%/*}\nid=${moddir##*/}\nrun=$dir/run\n\ncase \"$(uname -m)\" in\n  aarch64 | arm64) abi=arm64-v8a ;;\n  x86_64) abi=x86_64 ;;\n  *) echo \"flutter_webui: unsupported CPU $(uname -m)\" >&2; exit 1 ;;\nesac\n\n# Root shells can start with an empty environment, and the Dart VM needs a\n# writable TMPDIR: the module's temporary directory, which `start` empties on\n# the first start of each boot.\nexport TMPDIR=\"${FLUTTER_WEBUI_DATA:-/data/adb/$id}/tmp\"\n(umask 077 && mkdir -p \"$TMPDIR\" \"$run\")\n\nchannel() {\n  rt=$dir/$abi\n  # A linux (glibc) runtime ships its loader and libraries next to it; an\n  # Android-built runtime runs directly."}
{"check":"layout-before","result":"total 48\ndrwxr-xr-x 5 root root 4096 2026-10-03 01:51 .\ndrwxr-xr-x 7 root root 4096 2026-10-03 01:51 ..\ndrwxr-xr-x 2 root root 4096 2026-10-03 01:48 arm64-v8a\n-rwxr-xr-x 1 root root 1921 2026-10-03 01:48 root\ndrwx------ 3 root root 4096 2026-10-03 01:51 run\ndrwxr-xr-x 2 root root 4096 2026-10-03 01:48 x86_64\n-- run:\n700 root:root /data/adb/modules/demo/flutter_webui/run\n/data/adb/modules/demo/flutter_webui/run:\ntotal 44\ndrwx------ 3 root root 4096 2026-10-03 01:51 .\ndrwxr-xr-x 5 root root 4096 2026-10-03 01:51 ..\n-rw------- 1 root root    6 2026-10-03 01:51 lock\ndrwx------ 2 root root 4096 2026-10-03 01:54 proc\n-rw------- 1 root root   56 2026-10-03 01:51 root.log\n-rw------- 1 root root    0 2026-10-03 01:51 start.lock\n\n/data/adb/modules/demo/flutter_webui/run/proc:\ntotal 56\ndrwx------ 2 root root 4096 2026-10-03 01:54 .\ndrwx------ 3 root root 4096 2026-10-03 01:51 ..\n-rw-r--r-- 1 root root   36 2026-10-03 01:51 .boot\n-rw------- 1 root root    2 2026-10-03 01:53 1790992297122646-0.exit\n-rw------- 1 root root  215 2026-10-03 01:51 1790992297122646-0.log\n-rw------- 1 root root    2 2026-10-03 01:54 1790992451536053-1.exit\n-rw------- 1 root root  215 2026-10-03 01:54 1790992451536053-1.log\n-- webroot/.run:\nls: /data/adb/modules/demo/webroot/.run: No such file or directory"}
{"check":"config-before","result":"webui.session={\"protocol\":1,\"version\":\"0.2.2\",\"port\":34167,\"token\":\"2ydZelshGCfWnh_W10q9vbe-A9Fe49iNkFSHd_yHi34\",\"pid\":14124,\"boot\":\"e96ea7fc-89d2-4a4a-a3dd-4be83c8a6095\",\"started\":\"2026-10-03T01:51:36.500514Z\"}\nwebui.boot=e96ea7fc-89d2-4a4a-a3dd-4be83c8a6095\n-- list:\nwebui.session={\"protocol\":1,\"version\":\"0.2.2\",\"port\":34167,\"token\":\"2ydZelshGCfWnh_W10q9vbe-A9Fe49iNkFSHd_yHi34\",\"pid\":14124,\"boot\":\"e96ea7fc-89d2-4a4a-a3dd-4be83c8a6095\",\"started\":\"2026-10-03T01:51:36.500514Z\"}\nwebui.installed=1\nwebui.boot=e96ea7fc-89d2-4a4a-a3dd-4be83c8a6095"}
{"check":"config-after-boot","result":"webui.session=Error: Key 'webui.session' not found\nwebui.boot=Error: Key 'webui.boot' not found\n-- list:\nwebui.installed=1"}
{"check":"tmp-after-boot","result":"total 24\ndrwx------ 2 root root 4096 2026-10-03 01:54 .\ndrwx------ 3 root root 4096 2026-10-03 01:54 ..\n-rw-rw-rw- 1 root root    4 2026-10-03 01:54 lab-marker"}
{"check":"start-1","result":"# via adb root (0 u:r:su:s0)\n{\"protocol\":1,\"version\":\"0.2.2\",\"port\":36141,\"token\":\"3CYVE1TXUGjp8b5OabhdQjbehKKHJUcvf8G-_qKZRKo\",\"pid\":17912,\"boot\":\"e96ea7fc-89d2-4a4a-a3dd-4be83c8a6095\",\"started\":\"2026-10-03T01:55:48.858546Z\"}\nexit=0"}
{"check":"tmp-after-start-1","result":"total 16\ndrwx------ 2 root root 4096 2026-10-03 01:55 .\ndrwx------ 3 root root 4096 2026-10-03 01:54 .."}
{"check":"config-after-start-1","result":"webui.session={\"protocol\":1,\"version\":\"0.2.2\",\"port\":36141,\"token\":\"3CYVE1TXUGjp8b5OabhdQjbehKKHJUcvf8G-_qKZRKo\",\"pid\":17912,\"boot\":\"e96ea7fc-89d2-4a4a-a3dd-4be83c8a6095\",\"started\":\"2026-10-03T01:55:48.858546Z\"}\nwebui.boot=e96ea7fc-89d2-4a4a-a3dd-4be83c8a6095\n-- list:\nwebui.installed=1\nwebui.session={\"protocol\":1,\"version\":\"0.2.2\",\"port\":36141,\"token\":\"3CYVE1TXUGjp8b5OabhdQjbehKKHJUcvf8G-_qKZRKo\",\"pid\":17912,\"boot\":\"e96ea7fc-89d2-4a4a-a3dd-4be83c8a6095\",\"started\":\"2026-10-03T01:55:48.858546Z\"}\nwebui.boot=e96ea7fc-89d2-4a4a-a3dd-4be83c8a6095"}
{"check":"layout-after-start-1","result":"total 48\ndrwxr-xr-x 5 root root 4096 2026-10-03 01:51 .\ndrwxr-xr-x 7 root root 4096 2026-10-03 01:51 ..\ndrwxr-xr-x 2 root root 4096 2026-10-03 01:48 arm64-v8a\n-rwxr-xr-x 1 root root 1921 2026-10-03 01:48 root\ndrwx------ 3 root root 4096 2026-10-03 01:51 run\ndrwxr-xr-x 2 root root 4096 2026-10-03 01:48 x86_64\n-- run:\n700 root:root /data/adb/modules/demo/flutter_webui/run\n/data/adb/modules/demo/flutter_webui/run:\ntotal 44\ndrwx------ 3 root root 4096 2026-10-03 01:51 .\ndrwxr-xr-x 5 root root 4096 2026-10-03 01:51 ..\n-rw------- 1 root root    6 2026-10-03 01:55 lock\ndrwx------ 2 root root 4096 2026-10-03 01:54 proc\n-rw------- 1 root root   56 2026-10-03 01:55 root.log\n-rw------- 1 root root    0 2026-10-03 01:51 start.lock\n\n/data/adb/modules/demo/flutter_webui/run/proc:\ntotal 56\ndrwx------ 2 root root 4096 2026-10-03 01:54 .\ndrwx------ 3 root root 4096 2026-10-03 01:51 ..\n-rw-r--r-- 1 root root   36 2026-10-03 01:51 .boot\n-rw------- 1 root root    2 2026-10-03 01:53 1790992297122646-0.exit\n-rw------- 1 root root  215 2026-10-03 01:51 1790992297122646-0.log\n-rw------- 1 root root    2 2026-10-03 01:54 1790992451536053-1.exit\n-rw------- 1 root root  215 2026-10-03 01:54 1790992451536053-1.log\n-- webroot/.run:\nls: /data/adb/modules/demo/webroot/.run: No such file or directory"}
{"check":"start-2","result":"# via adb root (0 u:r:su:s0)\n{\"protocol\":1,\"version\":\"0.2.2\",\"port\":36141,\"token\":\"3CYVE1TXUGjp8b5OabhdQjbehKKHJUcvf8G-_qKZRKo\",\"pid\":17912,\"boot\":\"e96ea7fc-89d2-4a4a-a3dd-4be83c8a6095\",\"started\":\"2026-10-03T01:55:48.858546Z\"}\nexit=0"}
{"check":"same-pid","result":{"first":"17912","second":"17912","same":true}}
{"check":"delete-session","result":"exit=0"}
{"check":"start-3","result":"# via adb root (0 u:r:su:s0)\n{\"protocol\":1,\"version\":\"0.2.2\",\"port\":39557,\"token\":\"JOpIBsPDZLSPC0F-wbtSq7W_5HKbvcCNJgMtVdaoa_Q\",\"pid\":18034,\"boot\":\"e96ea7fc-89d2-4a4a-a3dd-4be83c8a6095\",\"started\":\"2026-10-03T01:55:49.409871Z\"}\nexit=0"}
{"check":"replaced","result":{"old":"17912","new":"18034","new_pid":true,"old_alive":"no"}}
{"check":"procs","result":"u0_a211      17936 15608 u:r:untrusted_app_27:s0:c211,c256,c512,c768 com.webui.api.demo com.webui.api.demo\nroot         18034     1 u:r:su:s0                      dartaotruntime              dartaotruntime /data/adb/modules/demo/flutter_webui/x86_64/flutter_webui_root.aot serve --module-dir /data/adb/modules/demo --module-id demo --run-dir /data/adb/modules/demo/flutter_webui/run --temp-dir /data/adb/demo/tmp --announce"}
{"check":"root-log","result":"2026-10-03T01:55:49.416339 listening on 127.0.0.1:39557"}
{"check":"config-end","result":"webui.session={\"protocol\":1,\"version\":\"0.2.2\",\"port\":39557,\"token\":\"JOpIBsPDZLSPC0F-wbtSq7W_5HKbvcCNJgMtVdaoa_Q\",\"pid\":18034,\"boot\":\"e96ea7fc-89d2-4a4a-a3dd-4be83c8a6095\",\"started\":\"2026-10-03T01:55:49.409871Z\"}\nwebui.boot=e96ea7fc-89d2-4a4a-a3dd-4be83c8a6095\n-- list:\nwebui.installed=1\nwebui.session={\"protocol\":1,\"version\":\"0.2.2\",\"port\":39557,\"token\":\"JOpIBsPDZLSPC0F-wbtSq7W_5HKbvcCNJgMtVdaoa_Q\",\"pid\":18034,\"boot\":\"e96ea7fc-89d2-4a4a-a3dd-4be83c8a6095\",\"started\":\"2026-10-03T01:55:49.409871Z\"}\nwebui.boot=e96ea7fc-89d2-4a4a-a3dd-4be83c8a6095"}
{"check":"open","result":"opened: intent"}
{"check":"page-uid","result":["Say hello"]}
{"check":"hello-tap","result":{"url":"https://mui.kernelsu.org/index.html","socket":"webview_devtools_remote_18102","value":"tapped Say hello at 32,364 size 105x48 role button tappable"}}
{"check":"hello","result":["Say hello"]}
{"check":"page-session","result":"{\"protocol\":1,\"version\":\"0.2.2\",\"port\":39557,\"token\":\"JOpIBsPDZLSPC0F-wbtSq7W_5HKbvcCNJgMtVdaoa_Q\",\"pid\":18034,\"boot\":\"e96ea7fc-89d2-4a4a-a3dd-4be83c8a6095\",\"started\":\"2026-10-03T01:55:49.409871Z\"}"}
{"check":"page-hello","result":{"url":"https://mui.kernelsu.org/index.html","socket":"webview_devtools_remote_18102","value":"{\"op\":\"hello\",\"protocol\":1,\"version\":\"0.2.2\",\"pid\":18034,\"boot\":\"e96ea7fc-89d2-4a4a-a3dd-4be83c8a6095\",\"uid\":0,\"moduleDir\":\"/data/adb/modules/demo\"}"}}
{"check":"channel-process","result":"root         18034     1 u:r:su:s0                      dartaotruntime"}
{"check":"start-after-page","result":"# via adb root (0 u:r:su:s0)\n{\"protocol\":1,\"version\":\"0.2.2\",\"port\":39557,\"token\":\"JOpIBsPDZLSPC0F-wbtSq7W_5HKbvcCNJgMtVdaoa_Q\",\"pid\":18034,\"boot\":\"e96ea7fc-89d2-4a4a-a3dd-4be83c8a6095\",\"started\":\"2026-10-03T01:55:49.409871Z\"}\nexit=0"}
{"check":"layout-end","result":"total 48\ndrwxr-xr-x 5 root root 4096 2026-10-03 01:51 .\ndrwxr-xr-x 7 root root 4096 2026-10-03 01:51 ..\ndrwxr-xr-x 2 root root 4096 2026-10-03 01:48 arm64-v8a\n-rwxr-xr-x 1 root root 1921 2026-10-03 01:48 root\ndrwx------ 3 root root 4096 2026-10-03 01:51 run\ndrwxr-xr-x 2 root root 4096 2026-10-03 01:48 x86_64\n-- run:\n700 root:root /data/adb/modules/demo/flutter_webui/run\n/data/adb/modules/demo/flutter_webui/run:\ntotal 44\ndrwx------ 3 root root 4096 2026-10-03 01:51 .\ndrwxr-xr-x 5 root root 4096 2026-10-03 01:51 ..\n-rw------- 1 root root    6 2026-10-03 01:55 lock\ndrwx------ 2 root root 4096 2026-10-03 01:54 proc\n-rw------- 1 root root   56 2026-10-03 01:55 root.log\n-rw------- 1 root root    0 2026-10-03 01:51 start.lock\n\n/data/adb/modules/demo/flutter_webui/run/proc:\ntotal 56\ndrwx------ 2 root root 4096 2026-10-03 01:54 .\ndrwx------ 3 root root 4096 2026-10-03 01:51 ..\n-rw-r--r-- 1 root root   36 2026-10-03 01:51 .boot\n-rw------- 1 root root    2 2026-10-03 01:53 1790992297122646-0.exit\n-rw------- 1 root root  215 2026-10-03 01:51 1790992297122646-0.log\n-rw------- 1 root root    2 2026-10-03 01:54 1790992451536053-1.exit\n-rw------- 1 root root  215 2026-10-03 01:54 1790992451536053-1.log\n-- webroot/.run:\nls: /data/adb/modules/demo/webroot/.run: No such file or directory"}
{"check":"app","result":"package:/data/app/~~fiLYux_n8ddNbW5OVNny-Q==/com.webui.api.demo-GXz0UtHl91GqMR5oweSHkA==/base.apk\nls: /product/app/WebuiApi_demo/: No such file or directory\n    codePath=/data/app/~~fiLYux_n8ddNbW5OVNny-Q==/com.webui.api.demo-GXz0UtHl91GqMR5oweSHkA==\n    versionName=0.53.0-webui.9\n    privateFlags=[ PRIVATE_FLAG_ACTIVITIES_RESIZE_MODE_RESIZEABLE_VIA_SDK_VERSION PRIVATE_FLAG_REQUEST_LEGACY_EXTERNAL_STORAGE PRIVATE_FLAG_ALLOW_NATIVE_HEAP_POINTER_TAGGING ]\n    signatures=PackageSignatures{1967b30 version:2, signatures:[33fe4edd], past signatures:[]}\n    pkgFlags=[ HAS_CODE ALLOW_CLEAR_USER_DATA ALLOW_BACKUP ]\n    requested permissions:\n    requested permissions:\n      android.permission.WRITE_SETTINGS\n      android.permission.POST_NOTIFICATIONS\n      android.permission.ACCESS_FINE_LOCATION\n      android.permission.MANAGE_EXTERNAL_STORAGE\n      android.permission.SYSTEM_ALERT_WINDOW\n      android.permission.NFC\n      android.permission.BODY_SENSORS\n      android.permission.FOREGROUND_SERVICE\n      android.permission.READ_MEDIA_VISUAL_USER_SELECTED\n      android.permission.RECEIVE_BOOT_COMPLETED\n      android.permission.FOREGROUND_SERVICE_SPECIAL_USE\n      android.permission.REQUEST_IGNORE_BATTERY_OPTIMIZATIONS"}
{"check":"app-user","result":"package:com.webui.api.demo\n    versionCode=1011 minSdk=24 targetSdk=28\n    installerPackageName=com.android.vending\n-- install log:"}
{"check":"mounts","result":"lrwxrwxrwx 1 root root 26 2026-10-03 01:47 /data/adb/metamodule -> /data/adb/modules/mountify\nCalendarGooglePrebuilt Camera2 Chrome Chrome-Stub Drive GoogleContacts GoogleTTS LatinIMEGooglePrebuilt LicenseChecker Maps MarkupGoogle_v2 ModuleMetadataGoogle NexusWallpapersStubPrebuilt2018 Photos PixelThemesStub PrebuiltDeskClockGoogle PrebuiltGmail PrebuiltGoogleAdservicesTvp PrebuiltGoogleTelemetryTvp SoundPickerPrebuilt TrichromeLibrary TrichromeLibrary-Stub WebViewGoogle WebViewGoogle-Stub YouTube YouTubeMusicPrebuilt talkback"}
{"check":"app-label","result":"2 activities found:\n  Activity #0:\n    priority=0 preferredOrder=0 match=0x108000 specificIndex=-1 isDefault=true\n    com.webui.api.demo/com.termux.api.apis.NfcAPI$NfcActivity\n  Activity #1:"}
{"check":"metamodule-log","result":"metamodule /data/adb/modules/mountify\ntotal 136\ndrwxr-xr-x 5 root root  4096 2026-10-03 01:47 .\ndrwxrwxrwx 8 root root  4096 2026-10-03 01:48 ..\n-rw-r--r-- 1 root root   867 2026-10-03 01:47 action.sh\n-rw-r--r-- 1 root root   784 2026-10-03 01:47 boot-completed.sh\n-rw-rw-rw- 1 root root    12 2026-10-03 01:55 count.sh\n-rw-r--r-- 1 root root    75 2026-10-03 01:47 ksud_has_nuke_ext4\ndrwxr-xr-x 2 root root  4096 2026-10-03 01:47 lkm\n-rw-r--r-- 1 root root  2656 2026-10-03 01:47 metainstall.sh\n-rw-r--r-- 1 root root 15133 2026-10-03 01:47 metamount.sh\n-rw-r--r-- 1 root root   247 2026-10-03 01:47 module.prop\n-rw-rw-rw- 1 root root     0 2026-10-03 01:54 mount_diff\n-rw-r--r-- 1 root root  2089 2026-10-03 01:47 service.sh\n-rw-r--r-- 1 root root   529 2026-10-03 01:47 uninstall.sh\ndrwxr-xr-x 4 root root  4096 2026-10-03 01:47 webroot\ndrwxr-xr-x 2 root root  4096 2026-10-03 01:47 whiteout\n-rwxr-xr-x 1 root root  2946 2026-10-03 01:47 whiteout_gen.sh\n== /data/adb/modules/mountify/lkm/list.txt\n125bb85c9ad2c1b3d3700684667ac651b5c08925159106f9ac1dd6cf3b525369  nuke-android12-5.10.ko\n7294872340c537d349c3935e5b374a65cddfb6f66e2561e9c7d9f3a3d128b871  nuke-android13-5.10.ko\n7e61addb283ca1ebe47c2587e9192f85f15a00dbea73efb664c98ea52cd92cd2  nuke-android13-5.15.ko\n63fedf354bf413e265e2426754806bb35077021f7af95ef395700cb20d300633  nuke-android14-5.15.ko\nc9ac358ea3cb3fa87aefd077a93a60a9cf6ab657a7076c975ee3cdbb502ded4f  nuke-android14-6.1.ko\n924e9436eb91e7dee0ebdcb69e9a7f9b130639a0380d15d7e040e708e001e551  nuke-android15-6.6.ko\ndfe6e27bd2216c1fbe0c29f234e8efaec566798ce6d2e6546ade725614fb54a0  nuke-android16-6.12.ko\nd224286e7a8dc76f012a2de41c95a607028b7e7a32e56c7d696422106b889f0e  nuke-android-4.14.ko\n== /data/adb/mountify/modules.txt\nAdreno_Gpu_Driver\nweebu-addon\nDisplayFeatures\nfake_service\nmountify_whiteouts\n\n== /data/adb/mountify/whiteouts.txt\n/system/vendor/bin/install-recovery.sh\n/system/vendor/bin/msm_irqbalance\n/system/bin/install-recovery.sh\n/system/system_ext/app/MatLog\n/system/system_ext/priv-app/AudioFX\n/system/product/app/PowerOffAlarm\n/system/product/app/Twelve\n/system/etc/nikgapps_logs_archive\n/system/etc/nikgapps_logs\n/system/bin/servicemanager\n/system/odm/etc/NOTICE.xml.gz\n\n== /data/adb/ksu/log/logcat.log\n10-03 01:55:27.498 15906 15906 D ThemeOverlayController: H 209C   3T 100 = #FFFFFF\n10-03 01:55:27.498 15906 15906 D ThemeOverlayController: H 275C   4T  99 = #FEFBFF\n10-03 01:55:27.498 15906 15906 D ThemeOverlayController: H 270C   8T  95 = #F0F0FA\n10-03 01:55:27.498 15906 15906 D ThemeOverlayController: H 267C   8T  90 = #E1E2EC\n10-03 01:55:27.498 15906 15906 D ThemeOverlayController: H 268C   8T  80 = #C5C6D0\n10-03 01:55:27.498 15906 15906 D ThemeOverlayController: H 275C   8T  70 = #AAAAB4\n10-03 01:55:27.498 15906 15906 D ThemeOverlayController: H 272C   8T  60 = #8F909A\n10-03 01:55:27.498 15906 15906 D ThemeOverlayController: H 268C   8T  50 = #757780\n10-03 01:55:27.498 15906 15906 D ThemeOverlayController: H 269C   8T  40 = #5C5E67\n10-03 01:55:27.498 15906 15906 D ThemeOverlayController: H 276C   8T  30 = #45464F\n10-03 01:55:27.498 15906 15906 D ThemeOverlayController: H 271C   8T  20 = #2E3038\n10-03 01:55:27.498 15906 15906 D ThemeOverlayController: H 273C   9T  10 = #191B23\n10-03 01:55:27.498 15906 15906 D ThemeOverlayController: H   0C   0T   0 = #0\n10-03 01:55:27.498 15906 15906 D ThemeOverlayController: }\n10-03 01:55:27.498 15906 15906 D ThemeOverlayController: ThemeHomeDelay: ThemeOverlayController ready with user 0\n10-03 01:55:27.498 15676 16005 D ActivityManager: ThemeHomeDelay: Home launch is not delayable, ignoring setThemeOverlayReady() call\n10-03 01:55:27.501 17202 17243 I VoiceDataDownloader: Getting pack name en-us-x-news-darwinnrio-lemonbalm-r70\n10-03 01:55:27.501 17202 17243 I VoiceDataDownloader: Adding pack en-us-x-news-darwinnrio-lemonbalm-r70 to superpack.\n10-03 01:55:27.501 17202 17243 I VoiceDataDownloader: Getting pack name en-us-x-multi-locomel-r70\n10-03 01:55:27.501 17202 17243 I VoiceDataDownloader: Adding pack en-us-x-multi-locomel-r70 to superpack.\n10-03 01:55:27.501 17202 17243 I VoiceDataDownloader: Syncing superpack en-us\n10-03 01:55:27.502 17202 17202 I GoogleTTSServiceImpl: currentLocale = en-US\n10-03 01:55:27.502 17202 17245 I SP      : Registering en-us.70, url: null, constraints: *:*:*:*, flags: *, requested: 70, current: 70\n10-03 01:55:27.504 15906 15906 I BatteryEventService: BatteryEventService bound\n10-03 01:55:27.511 17202 17245 I SP      : Syncing en-us (70) with slices: [{en-us-x-multi-r70, m:*:*:*}, {en-us-x-multi-seanet-r70, m:*:*:*}], metadata: false\n== /data/adb/ksu/log/dmesg.log\n<6>[  791.025386] KernelSU: handle umount for uid: 10143, pid: 16714\n<6>[  791.246632] KernelSU: handle_setresuid from 0 to 1000\n<6>[  791.270676] KernelSU: handle_setresuid from 0 to 10125\n<6>[  791.271685] KernelSU: handle umount for uid: 10125, pid: 16782\n<6>[  791.630002] KernelSU: handle_setresuid from 0 to 10128\n<6>[  791.631348] KernelSU: handle umount for uid: 10128, pid: 16834\n<6>[  791.808319] KernelSU: handle_setresuid from 0 to 10103\n<6>[  791.810111] KernelSU: handle umount for uid: 10103, pid: 16867\n<14>[  792.056339] init: Untracked pid 15577 exited with status 0\n<14>[  792.057553] init: Untracked pid 15577 did not have an associated service entry and will not be reaped\n<6>[  792.210184] KernelSU: handle_setresuid from 0 to 10130\n<6>[  792.213577] KernelSU: handle umount for uid: 10130, pid: 16923\n<6>[  792.388996] KernelSU: handle_setresuid from 0 to 10095\n<6>[  792.390182] KernelSU: handle umount for uid: 10095, pid: 16948\n<6>[  792.753114] KernelSU: handle_setresuid from 0 to 10176\n<6>[  792.754376] KernelSU: handle umount for uid: 10176, pid: 17000\n<6>[  792.758108] KernelSU: handle_setresuid from 0 to 10143\n<6>[  792.763795] KernelSU: handle umount for uid: 10143, pid: 17012\n<6>[  793.524804] wlan0: authenticate with 02:15:b2:00:00:01\n<6>[  793.527252] wlan0: No basic rates, using min rate instead\n<6>[  793.533386] wlan0: send auth to 02:15:b2:00:00:01 (try 1/3)\n<6>[  793.546044] wlan0: authenticated\n<6>[  793.557699] wlan0: associate with 02:15:b2:00:00:01 (try 1/3)\n<6>[  793.562715] wlan0: RX AssocResp from 02:15:b2:00:00:01 (capab=0x1 status=0 aid=1)\n<6>[  793.566183] wlan0: No basic rates, using m== /data/adb/ksu/log/logcat.old.log\n10-03 01:48:53.446 11572 12090 W BugleRcs: \tat brsg.b(PG:24)\n10-03 01:48:53.446 11572 12090 W BugleRcs: \tat brsg.a(PG:13)\n10-03 01:48:53.446 11572 12090 W BugleRcs: \tat efhn.a(PG:14)\n10-03 01:48:53.446 11572 12090 W BugleRcs: \tat eerl.a(PG:10)\n10-03 01:48:53.446 11572 12090 W BugleRcs: \tat dlmg.b(PG:84)\n10-03 01:48:53.446 11572 12090 W BugleRcs: \tat eegr.w(PG:11)\n10-03 01:48:53.446 11572 12090 W BugleRcs: \tat eerz.run(PG:109)\n10-03 01:48:53.446 11572 12090 W BugleRcs: \tat djfc.run(PG:3)\n10-03 01:48:53.446 11572 12090 W BugleRcs: \tat dkqk.run(PG:21)\n10-03 01:48:53.446 11572 12090 W BugleRcs: \tat crzm.run(PG:3)\n10-03 01:48:53.446 11572 12090 W BugleRcs: \tat java.util.concurrent.ThreadPoolExecutor.runWorker(ThreadPoolExecutor.java:1145)\n10-03 01:48:53.446 11572 12090 W BugleRcs: \tat java.util.concurrent.ThreadPoolExecutor$Worker.run(ThreadPoolExecutor.java:644)\n10-03 01:48:53.446 11572 12090 W BugleRcs: \tat cryq.run(PG:6)\n10-03 01:48:53.446 11572 12090 W BugleRcs: \tat java.lang.Thread.run(Thread.java:1012)\n10-03 01:48:53.446 11572 12090 W BugleRcs: \tat csaw.run(PG:64)\n10-03 01:48:53.446 11572 12090 I BugleTransport: Retrieved RCS available simIds: []\n10-03 01:48:53.451 12274 12274 D ApplicationLoaders: Returning zygote-cached class loader: /system/framework/org.apache.http.legacy.jar\n10-03 01:48:53.451 12274 12274 D ApplicationLoaders: Returning zygote-cached class loader: /system_ext/framework/androidx.window.extensions.jar\n10-03 01:48:53.451 12274 12274 D ApplicationLoaders: Returning zygote-cached class loader: /system_ext/framework/androidx.window.sidecar.jar\n10-03 01:48:53.456 11546 12269 W ZappDownloader: No successful Zapp module downloads for requested modules [TfliteDynamiteDynamite.integ:262730502100800:permitMetered].\n10-03 01:48:53.456 11546 12269 I GmsDebugLogger: [30] [TfliteDynamiteDynamite.integ:262730502100800]\n10-03 01:48:53.458 11279 11316 I SP      : GC for 'emoticon_content_description' (10) with ttl of 0 ms took 0 ms (0/0/0)\n10-03 01:48:53.464 12274 12274 D nativeloader: InitLlndkLibrariesProduct: libEGL.so:libGLESv1_CM.so:libGLESv2.so:libGLESv3.so:libRS.so:libandroid_net.so:libapexsupport.so:libbinder_ndk.so:libc.so:libcgrouprc.so:libclang_rt.asan-x86_64-android.so:libcom.android.tethering.connectivity_native.so:libdl.so:libft2.so:liblog.so:libm.so:libmediandk.so:libnativewindow.so:libneuralnetworks.so:libselinux.so:libsync.so:libvendorsupport.so:libvndksupport.so:libvulkan.so\n10-03 01:48:53.464 12274 12274 D nativeloader: Configuring product-clns-7 for unbundled product apk /product/priv-app/SafetyHubPrebuilt/SafetyHubPrebuilt.apk. target_sdk_version=34, uses_libraries=, library_path=/product/priv-app/SafetyHubPrebuilt/lib/arm64:/product/priv-app/SafetyHubPrebuilt/SafetyHubPrebuilt.apk!/lib/arm64-v8a:/product/lib64:/system/product/lib64, permitted_path=/data:/mnt/expand:/data/user/0/com.google.android.apps.safetyhub:/product/lib64:/system/product/lib64\n10-03 01:48:53.467 11572 12082 I BugleTransport: Deregister all SIMs except for SIMs with subIds: [] from chat transport: SINGLE_REGISTRATION.\n== /data/adb/ksu/log/dmesg.old.log\n<6>[  394.045986] KernelSU: handle umount for uid: 10135, pid: 11572\n<6>[  394.616402] KernelSU: handle_setresuid from 0 to 10130\n<6>[  394.620624] KernelSU: handle umount for uid: 10130, pid: 11670\n<6>[  394.933664] KernelSU: handle_setresuid from 0 to 10128\n<6>[  394.934772] KernelSU: handle umount for uid: 10128, pid: 11705\n<6>[  395.547900] KernelSU: handle_setresuid from 0 to 10143\n<6>[  395.554750] KernelSU: handle umount for uid: 10143, pid: 11774\n<6>[  395.697304] KernelSU: handle_setresuid from 0 to 10103\n<6>[  395.698562] KernelSU: handle umount for uid: 10103, pid: 11824\n<6>[  395.780326] KernelSU: handle_setresuid from 0 to 10176\n<6>[  395.784536] KernelSU: handle umount for uid: 10176, pid: 11843\n<14>[  395.960009] servicemanager: Notifying apexservice they don't (previously: do) have clients when we now have no record of a client\n<14>[  395.964002] AidlLazyServiceRegistrar: Process has 0 (of 1 available) client(s) in use after notification apexservice has clients: 0\n<14>[  395.966501] AidlLazyServiceRegistrar: Trying to shut down the service. No clients in use for any service in process.\n<14>[  395.974614] servicemanager: Caller(pid=11283,uid=0,sid=u:r:apexd:s0) Unregistering apexservice\n<14>[  395.983636] BpBinder: onLastStrongRef automatically unlinking death recipients: \n<14>[  396.000928] AidlLazyServiceRegistrar: Unregistered all clients and exiting\n<14>[  396.010986] init: Service 'apexd' (pid 11283) exited with status 0 oneshot service took 4.028000 seconds in background\n<14>[  396.013516] init: Sending signal 9 to service 'apexd' (pid 11283) process group...\n<6>[  396.042252] wlan0: authenticate with 02:15:b2:00:00:01\n<6>[  396.043457] wlan0: No basic rates, using min rate instead\n<6>[  396.045353] wlan0: send auth to 02:15:b2:00:00:01 (try 1/3)\n<6>[  396.054306] wlan0: authenticated\n<6>[  396.062123] wlan0: associate with 02:15:b2:00:00:01 (try 1/3)\n<6>[  396.071576] wlan0: RX AssocResp from 02:15:b2:00:00:01 (capab=0x1 status=0 total 80\ndrwxr-xr-x 7 root root 4096 2026-10-03 01:51 .\ndrwxrwxrwx 8 root root 4096 2026-10-03 01:48 ..\ndrwxr-xr-x 4 root root 4096 2026-10-03 01:48 bin\ndrwxr-xr-x 5 root root 4096 2026-10-03 01:51 flutter_webui\n-rw-r--r-- 1 root root  193 2026-10-03 01:48 module.prop\ndrwxr-xr-x 2 root root 4096 2026-10-03 01:54 run\n-rw-r--r-- 1 root root  290 2026-10-03 01:48 service.sh\n-rw-r--r-- 1 root root  317 2026-10-03 01:48 uninstall.sh\ndrwxr-xr-x 8 root root 4096 2026-10-03 01:48 webroot\n-- dmesg:\n[  765.496700] mountify/metamount: start!\n[  765.509528] mountify/metamount: stage1: mounting /mnt/vendor\n[  765.513453] mountify/metamount: stage2/tmpfs: mounting /mnt/vendor/mountify\n[  765.517827] mountify/metamount: module with name * not meant to be mounted\n[  765.545235] mountify/metamount: stage2: unmounting /mnt/vendor/mountify\n[  765.548888] mountify/metamount: stage1: unmounting /mnt/vendor\n[  765.552845] mountify/metamount: finished!\n[  767.158945] apexd: No block apex metadata partition found, not adding block apexes\n[  789.606727] apexd: No block apex metadata partition found, not adding block apexes\n[  789.903261] mountify/boot-completed: lifting single instance lock"}
{"check":"module-config","result":"manage module configuration\n\nUsage: ksud module config [OPTIONS] <COMMAND>\n\nCommands:\n  get     Get a config value\n  set     Set a config value\n  list    List all config entries\n  delete  Delete a config entry\n  clear   Clear all config entries\n  help    Print this message or the help of the given subcommand(s)\n\n-- files:\ntotal 32\ndrwxr-xr-x 2 root root 4096 2026-10-03 01:55 .\ndrwxr-xr-x 3 root root 4096 2026-10-03 01:48 ..\n-rw-r--r-- 1 root root   36 2026-10-03 01:48 persist.config\n-rw-rw-rw- 1 root root  284 2026-10-03 01:55 tmp.config\n== /data/adb/ksu/module_configs/demo/persist.config\nMUSK\u0001\u0000\u0000\u0000\u0001\u0000\u0000\u0000\u000f\u0000\u0000\u0000webui.installed\u0001\u0000\u0000\u00001\n== /data/adb/ksu/module_configs/demo/tmp.config\nMUSK\u0001\u0000\u0000\u0000\u0002\u0000\u0000\u0000\u0000\u0000\u0000webui.session\udcc5\u0000\u0000\u0000{\"protocol\":1,\"version\":\"0.2.2\",\"port\":39557,\"token\":\"JOpIBsPDZLSPC0F-wbtSq7W_5HKbvcCNJgMtVdaoa_Q\",\"pid\":18034,\"boot\":\"e96ea7fc-89d2-4a4a-a3dd-4be83c8a6095\",\"started\":\"2026-10-03T01:55:49.409871Z\"}\n\u0000\u0000\u0000webui.boot$\u0000\u0000\u0000e96ea7fc-89d2-4a4a-a3dd-4be83c8a6095\n-- ksud get:\n1\nwebui.installed=1\nwebui.boot=e96ea7fc-89d2-4a4a-a3dd-4be83c8a6095\nwebui.session={\"protocol\":1,\"version\":\"0.2.2\",\"port\":39557,\"token\":\"JOpIBsPDZLSPC0F-wbtSq7W_5HKbvcCNJgMtVdaoa_Q\",\"pid\":18034,\"boot\":\"e96ea7fc-89d2-4a4a-a3dd-4be83c8a6095\",\"started\":\"2026-10-03T01:55:49.409871Z\"}"}
{"check":"module-dirs","result":"/data/adb/demo:\ntotal 24\ndrwx------ 3 root root 4096 2026-10-03 01:54 .\ndrwx------ 8 root root 4096 2026-10-03 01:51 ..\ndrwx------ 2 root root 4096 2026-10-03 01:55 tmp\n\n/data/adb/demo/tmp:\ntotal 16\ndrwx------ 2 root root 4096 2026-10-03 01:55 .\ndrwx------ 3 root root 4096 2026-10-03 01:54 .."}
{"check":"open","result":"opened: intent"}
{"check":"tap-places","result":{"url":"https://mui.kernelsu.org/index.html","socket":"webview_devtools_remote_18484","value":"tapped Places at 16,572 size 288x56 role button tappable"}}
{"check":"tap-plugins","result":{"url":"https://mui.kernelsu.org/index.html","socket":"webview_devtools_remote_18484","value":"tapped Plugins at 267,536 size 53x80 role tab tappable"}}
{"check":"fgs-open","result":"* ServiceRecord{d48b417 u0 com.webui.api.demo/com.termux.api.RootHelperService c:com.android.shell}\n    isForeground=true foregroundId=32363 types=0x40000000 foregroundNoti=Notification(channel=root_helper shortcut=null contentView=null vibrate=null sound=null defaults=0 flags=ONGOING_EVENT|FOREGROUND_SERVICE color=0x00000000 vis=PRIVATE)\n-- notification:\n-- procs:\nu0_a211      17936 com.webui.api.demo\nroot         18034 dartaotruntime\nroot         18688 dartaotruntime"}
{"check":"plugins","result":The app calls share_plus, permission_handler, the clipboard, flutter_local_notifications and file_selector as on any platform. Running in a WebUI host, so their *_webui packages answer.
share_plus
On WebUI: share_plus_webui: Android's share sheet, opened by the module's own app
Share text
permission_handler
On WebUI: permission_handler_webui: Android's own permission dialog, for the module's own app
Camera: denied
flutter_local_notifications
On WebUI: flutter_local_notifications_webui: an Android notification from the module's own app, after permission_handler asks for it}
{"check":"tap-share","result":{"url":"https://mui.kernelsu.org/index.html","socket":"webview_devtools_remote_18484","value":"tapped Share text at 24,278 size 112x48 role button tappable"}}
{"check":"share-top","result":"com.android.intentresolver/.ChooserActivityLauncher"}
{"check":"app-process","result":"u0_a211      10211 u:r:untrusted_app_27:s0:c211,c256,c512,c768 17936 com.webui.api.demo"}
{"check":"app-mounts","result":"pid 17936\n135"}
{"check":"share-log","result":"10-03 01:56:44.055 18796 18796 D ChooserActivity: getDisplayResolveInfoCount() == 0\n10-03 01:56:44.056 18796 18796 I ResolverListAdapter: Add DisplayResolveInfo component: ComponentInfo{com.google.android.apps.docs/com.google.android.apps.docs.common.shareitem.UploadMenuActivity}, intent component: ComponentInfo{com.google.android.apps.docs/com.google.android.apps.docs.common.shareitem.UploadMenuActivity}\n10-03 01:56:44.056 18796 18796 I ResolverListAdapter: Add DisplayResolveInfo component: ComponentInfo{com.google.android.apps.messaging/com.google.android.apps.messaging.ui.conversationlist.ShareIntentActivity}, intent component: ComponentInfo{com.google.android.apps.messaging/com.google.android.apps.messaging.ui.conversationlist.ShareIntentActivity}\n10-03 01:56:44.068 15676 16967 D CoreBackPreview: Window{7f32f56 u0 com.android.intentresolver/com.android.intentresolver.ChooserActivityLauncher}: Setting back callback OnBackInvokedCallbackInfo{mCallback=android.window.IOnBackInvokedCallback$Stub$Proxy@1803cc4, mPriority=0, mIsAnimationCallback=false}\n10-03 01:56:44.507 18796 18796 D ChooserActivity: onListRebuilt(listAdapter.userHandle=UserHandle{0}, rebuildComplete=true)\n10-03 01:56:44.509 18796 18796 D ChooserActivity: app target loading time 477 ms\n10-03 01:56:44.514 15676 15695 I ActivityTaskManager: Displayed com.android.intentresolver/.ChooserActivityLauncher for user 0: +613ms\n10-03 01:56:44.514 15676 15695 V WindowManager: Sent Transition (#7) createdAt=10-03 01:56:43.901 via request=TransitionRequestInfo { type = OPEN, triggerTask = TaskInfo{userId=0 taskId=28 displayId=0 isRunning=true baseIntent=Intent { act=android.intent.action.CHOOSER flg=0x10800000 cmp=com.android.intentresolver/.ChooserActivityLauncher } baseActivity=ComponentInfo{com.android.intentresolver/com.android.intentresolver.ChooserActivity} topActivity=ComponentInfo{com.android.intentresolver/com.android.intentresolver.ChooserActivity} origActivity=ComponentInfo{com.android.intentresolver/com.android.intentresolver.ChooserActivityLauncher} realActivity=ComponentInfo{com.android.intentresolver/com.android.intentresolver.ChooserActivity} numActivities=1 lastActiveTime=871681 supportsMultiWindow=true resizeMode=1 isResizeable=true minWidth=-1 minHeight=-1 defaultMinSize=220 token=WCT{RemoteToken{2a66130 Task{9ce3d7a #28 type=standard A=10106:com.android.intentresolver}}} topActivityType=1 pictureInPictureParams=null shouldDockBigOverlays=false launchIntoPipHostTaskId=-1 lastParentTaskIdBeforePip=-1 displayCutoutSafeInsets=null topActivityInfo=ActivityInfo{d9431a9 com.android.intentresolver.ChooserActivityLauncher} launchCookies=[] positionInParent=Point(0, 0) parentTaskId=-1 isFocused=false isVisible=false isVisibleRequested=false isSleeping=false locusId=null displayAreaFeatureId=1 isTopActivityTransparent=true appCompatTaskInfo=AppCompatTaskInfo { topActivityInSizeCompat=false topActivityEligibleForLetterboxEducation= falseisLetterboxEducationEnabled= true isLetterboxDoubleTapEnabled= false topActivityEligibleForUserAspectRatioButton= false topActivityBoundsLetterboxed= false isFromLetterboxDoubleTap= false topActivityLetterboxVerticalPosition= -1 topActivityLetterboxHorizontalPosition= -1 topActivityLetterboxWidth=320 topActivityLetterboxHeight=640 isUserFullscreenOverrideEnabled=false isSystemFullscreenOverrideEnabled=false cameraCompatTaskInfo=CameraCompatTaskInfo { cameraCompatControlState=hidden freeformCameraCompatMode=inactive}}}, pipTask = null, remoteTransition = null, displayChange = null, flags = 0, debugId = 7 }\n10-03 01:56:44.526 18796 18796 D ChooserActivity: onShortcutsLoaded for user: UserHandle{0}\n10-03 01:56:44.527 18796 18796 D ChooserActivity: stat to first shortcut time: 478 ms\n10-03 01:56:44.779 18796 18796 D ChooserActivity: onAppTargetsLoaded(listAdapter.userHandle=UserHandle{0})\n10-03 01:56:52.032 18845 18845 W app_process: ClassLoaderContext shared library size mismatch. Expected=2, found=0 (PCL[]{PCL[/system/framework/android.test.base.jar*724373495]#PCL[/system/framework/android.test.mock.jar*1452759902]} | PCL[])"}
{"check":"share-result","result":null}
{"check":"cam-deny-1-tap","result":{"error":"no reply after 60000 ms"}}
{"check":"cam-deny-1-top","result":"com.android.intentresolver/.ChooserActivityLauncher"}
{"check":"cam-deny-1-dialog","result":"Close app\nWait"}
{"check":"cam-deny-1-press","result":"ui: dismissed ANR dialog\nui: no node with 'Don'"}
{"check":"cam-deny-1-status","result":null}
{"check":"cam-deny-1-perm","result":"android.permission.CAMERA\n      android.permission.SET_WALLPAPER\n--\n        android.permission.CAMERA: granted=false, flags=[ USER_SENSITIVE_WHEN_GRANTED|USER_SENSITIVE_WHEN_DENIED]"}
{"check":"cam-deny-2-tap","result":{"error":"no reply after 60000 ms"}}
{"check":"cam-deny-2-top","result":"com.android.intentresolver/.ChooserActivityLauncher"}
{"check":"cam-deny-2-dialog","result":"Copy\nQuick Share\nChrome\nDrive | Copy to clipboard\nDrive\nMessages"}
{"check":"cam-deny-2-press","result":"ui: no node with 'Don'"}
{"check":"cam-deny-2-status","result":null}
{"check":"cam-deny-2-perm","result":"android.permission.CAMERA\n      android.permission.SET_WALLPAPER\n--\n        android.permission.CAMERA: granted=false, flags=[ USER_SENSITIVE_WHEN_GRANTED|USER_SENSITIVE_WHEN_DENIED]"}
{"check":"cam-after-deny-tap","result":{"error":"no reply after 60000 ms"}}
{"check":"cam-after-deny-top","result":"com.android.intentresolver/.ChooserActivityLauncher"}
{"check":"cam-after-deny-dialog","result":"Copy\nQuick Share\nChrome\nDrive | Copy to clipboard\nDrive\nMessages"}
{"check":"cam-after-deny-status","result":null}
{"check":"cam-after-deny-perm","result":"android.permission.CAMERA\n      android.permission.SET_WALLPAPER\n--\n        android.permission.CAMERA: granted=false, flags=[ USER_SENSITIVE_WHEN_GRANTED|USER_SENSITIVE_WHEN_DENIED]"}
{"check":"cam-grant-tap","result":{"error":"no reply after 60000 ms"}}
{"check":"cam-grant-top","result":"com.google.android.permissioncontroller/com.android.permissioncontroller.permission.ui.GrantPermissionsActivity"}
{"check":"cam-grant-dialog","result":"Allow Demo to take pictures and record video? | While using the app | Only this time | Don\u2019t allow\nAllow Demo to take pictures and record video? | While using the app | Only this time | Don\u2019t allow\nWhile using the app\nOnly this time\nDon\u2019t allow"}
{"check":"cam-grant-press","result":"ui: tapped 'While using the app' at 160,333"}
{"check":"cam-grant-status","result":permission_handler
On WebUI: permission_handler_webui: Android's own permission dialog, for the module's own app
Camera: granted}
{"check":"cam-grant-perm","result":"android.permission.CAMERA\n      android.permission.SET_WALLPAPER\n--\n        android.permission.CAMERA: granted=true, flags=[ USER_SET|USER_SENSITIVE_WHEN_GRANTED|USER_SENSITIVE_WHEN_DENIED]"}
{"check":"clip-listen","result":{"url":"https://mui.kernelsu.org/index.html","socket":"webview_devtools_remote_18484","value":"listening"}}
{"check":"clip-paste-tap","result":{"url":"https://mui.kernelsu.org/index.html","socket":"webview_devtools_remote_18484","value":"tapped Paste at 139,638 size 84x48 role button tappable"}}
{"check":"clip-paste-top","result":"com.dergoogler.mmrl.wx/.ui.activity.webui.WebUIActivity"}
{"check":"clip-pasted","result":The app calls share_plus, permission_handler, the clipboard, flutter_local_notifications and file_selector as on any platform. Running in a WebUI host, so their *_webui packages answer.
Clipboard (flutter/services)
On WebUI: clipboard_webui: Android's clipboard, through the module's own app
Pasted: lab-clip-8808
Paste}
{"check":"clip-blips","result":{"url":"https://mui.kernelsu.org/index.html","socket":"webview_devtools_remote_18484","value":"[[638951,\"visibility hidden\"],[638951,\"{\\\"type\\\":\\\"WX_ON_PAUSE\\\"}\"],[639027,\"visibility visible\"],[639049,\"{\\\"type\\\":\\\"WX_ON_RESUME\\\"}\"]]"}}
{"check":"clip-process","result":"u0_a211      u:r:untrusted_app_27:s0:c211,c256,c512,c768 com.webui.api.demo"}
{"check":"clip-copy-tap","result":{"url":"https://mui.kernelsu.org/index.html","socket":"webview_devtools_remote_18484","value":"tapped Copy text at 24,638 size 107x48 role button tappable"}}
{"check":"clip-copied","result":The app calls share_plus, permission_handler, the clipboard, flutter_local_notifications and file_selector as on any platform. Running in a WebUI host, so their *_webui packages answer.
Clipboard (flutter/services)
On WebUI: clipboard_webui: Android's clipboard, through the module's own app
Copy: copied
Pasted: lab-clip-8808
Copy text}
{"check":"clip-ext-paste","result":"text=\"\" text=\"\" text=\"\" text=\"\" text=\"\""}
{"check":"pick-tap","result":{"url":"https://mui.kernelsu.org/index.html","socket":"webview_devtools_remote_18484","value":"tapped Pick a file at 24,636 size 109x48 role button tappable"}}
{"check":"pick-top","result":"com.google.android.documentsui/com.android.documentsui.picker.PickActivity"}
{"check":"picked","result":The app calls share_plus, permission_handler, the clipboard, flutter_local_notifications and file_selector as on any platform. Running in a WebUI host, so their *_webui packages answer.
file_selector
On WebUI: file_selector_webui: the WebView's file chooser
Picked: /data/adb/demo/tmp/open-hmuqy2h7nc-0/lab-pick.txt
Pick a file}
{"check":"pick-files","result":"/data/adb/demo/tmp:\ntotal 24\ndrwx------ 3 root root u:object_r:adb_data_file:s0  4096 2026-10-03 02:07 .\ndrwx------ 3 root root u:object_r:adb_data_file:s0  4096 2026-10-03 01:56 ..\ndrwx------ 2 root root u:object_r:adb_data_file:s0  4096 2026-10-03 02:07 open-hmuqy2h7nc-0\n\n/data/adb/demo/tmp/open-hmuqy2h7nc-0:\ntotal 24\ndrwx------ 2 root root u:object_r:adb_data_file:s0  4096 2026-10-03 02:07 .\ndrwx------ 3 root root u:object_r:adb_data_file:s0  4096 2026-10-03 02:07 ..\n-rw------- 1 root root u:object_r:adb_data_file:s0     9 2026-10-03 02:07 lab-pick.txt"}
{"check":"app-settings","result":"Archive\nUninstall\nForce stop\nNotifications | Off\nPermissions | Camera\nStorage & cache | 7.20 MB used in internal storage\nNavigate up\nOpen"}
{"check":"fgs-home","result":"* ServiceRecord{d48b417 u0 com.webui.api.demo/com.termux.api.RootHelperService c:com.android.shell}\n    isForeground=true foregroundId=32363 types=0x40000000 foregroundNoti=Notification(channel=root_helper shortcut=null contentView=null vibrate=null sound=null defaults=0 flags=ONGOING_EVENT|FOREGROUND_SERVICE color=0x00000000 vis=PRIVATE)\n-- notification:\n-- procs:\nu0_a211      17936 com.webui.api.demo\nroot         18034 dartaotruntime\nroot         18688 dartaotruntime\nroot         19250 dartaotruntime\nroot         19252 dartaotruntime"}
{"check":"fgs-closed","result":"-- notification:\n-- procs:\nu0_a211      17936 com.webui.api.demo"}
{"check":"after-reboot","result":"package:/data/app/~~fiLYux_n8ddNbW5OVNny-Q==/com.webui.api.demo-GXz0UtHl91GqMR5oweSHkA==/base.apk\n    codePath=/data/app/~~fiLYux_n8ddNbW5OVNny-Q==/com.webui.api.demo-GXz0UtHl91GqMR5oweSHkA==\n    versionCode=1011 minSdk=24 targetSdk=28\n-- service.sh log:"}
{"check":"zip","result":"demo-v0.1.51-x86.zip f177600c087ac409b80e06969b189f390dda8eea8cb07c1ea5b833602545abd5"}
{"check":"before","result":"version=v0.1.49\nversionCode=49\npackage:/data/app/~~fiLYux_n8ddNbW5OVNny-Q==/com.webui.api.demo-GXz0UtHl91GqMR5oweSHkA==/base.apk\n    codePath=/data/app/~~fiLYux_n8ddNbW5OVNny-Q==/com.webui.api.demo-GXz0UtHl91GqMR5oweSHkA==\n    versionCode=1011 minSdk=24 targetSdk=28\n    versionName=0.53.0-webui.9\n    lastUpdateTime=2026-10-03 01:48:22\n    installerPackageName=com.android.vending\n    signatures=PackageSignatures{f199957 version:2, signatures:[33fe4edd], past signatures:[]}\n    pkgFlags=[ HAS_CODE ALLOW_CLEAR_USER_DATA ALLOW_BACKUP ]\npackage:com.webui.api.demo\n-- install log:"}
inputs/modules/demo-v0.1.51-x86.zip: 1 file pushed, 0 skipped. 466.8 MB/s (19819625 bytes in 0.040s)
{"check":"install","result":"inflating: webroot/pkg/.gitignore\n  inflating: webroot/pkg/demo_native.js\n  inflating: webroot/pkg/demo_native_bg.wasm\n  inflating: webroot/pkg/package.json\n  inflating: webroot/version.json\n  inflating: webroot/workers/demo_service.web.g.dart.js\n  inflating: webroot/workers/hello_service.web.g.dart.js\n  inflating: webui_app_plane/app-install.sh\n  inflating: webui_app_plane/app.apk\n  inflating: webui_app_plane/arm64-v8a/webui_termux_api.aot\n  inflating: webui_app_plane/termux-api\n  inflating: webui_app_plane/x86_64/webui_termux_api.aot\n  com.webui.api.demo 1011 is installed\n- Done\n- Module installed successfully!\nexit=0"}
{"check":"staged","result":"version=v0.1.51\nversionCode=51\npackage:/data/app/~~fiLYux_n8ddNbW5OVNny-Q==/com.webui.api.demo-GXz0UtHl91GqMR5oweSHkA==/base.apk\n    codePath=/data/app/~~fiLYux_n8ddNbW5OVNny-Q==/com.webui.api.demo-GXz0UtHl91GqMR5oweSHkA==\n    versionCode=1011 minSdk=24 targetSdk=28\n    versionName=0.53.0-webui.9\n    lastUpdateTime=2026-10-03 01:48:22\n    installerPackageName=com.android.vending\n    signatures=PackageSignatures{f199957 version:2, signatures:[33fe4edd], past signatures:[]}\n    pkgFlags=[ HAS_CODE ALLOW_CLEAR_USER_DATA ALLOW_BACKUP ]\npackage:com.webui.api.demo\n-- install log:"}
{"check":"after-reboot","result":"version=v0.1.51\nversionCode=51\npackage:/data/app/~~fiLYux_n8ddNbW5OVNny-Q==/com.webui.api.demo-GXz0UtHl91GqMR5oweSHkA==/base.apk\n    codePath=/data/app/~~fiLYux_n8ddNbW5OVNny-Q==/com.webui.api.demo-GXz0UtHl91GqMR5oweSHkA==\n    versionCode=1011 minSdk=24 targetSdk=28\n    versionName=0.53.0-webui.9\n    lastUpdateTime=2026-10-03 01:48:22\n    installerPackageName=com.android.vending\n    signatures=PackageSignatures{142f542 version:2, signatures:[33fe4edd], past signatures:[]}\n    pkgFlags=[ HAS_CODE ALLOW_CLEAR_USER_DATA ALLOW_BACKUP ]\npackage:com.webui.api.demo\n-- install log:"}
{"check":"runtime","result":"40M\t.\n1 links inode 319869 2290856 ./bin/arm64-v8a/demo.aot\n1 links inode 319870 984752 ./bin/arm64-v8a/libdemo_native.so\n2 links inode 319877 5462400 ./bin/arm64-v8a/dartaotruntime\n1 links inode 319873 2355952 ./bin/x86_64/demo.aot\n1 links inode 319874 900536 ./bin/x86_64/libdemo_native.so\n2 links inode 319881 5648424 ./bin/x86_64/dartaotruntime\n2 links inode 319877 5462400 ./flutter_webui/arm64-v8a/dartaotruntime\n1 links inode 319878 2164840 ./flutter_webui/arm64-v8a/flutter_webui_root.aot\n2 links inode 319881 5648424 ./flutter_webui/x86_64/dartaotruntime\n1 links inode 319882 2165864 ./flutter_webui/x86_64/flutter_webui_root.aot\n1 links inode 319974 1119144 ./webui_app_plane/arm64-v8a/webui_termux_api.aot\n1 links inode 319977 1119096 ./webui_app_plane/x86_64/webui_termux_api.aot"}
