yes: standard output: Broken pipe
Auto-selecting single ABI x86_64
Do you wish to create a custom hardware profile? [no] lab.avd
lab.ini
emulator Android emulator version 37.2.12.0 (build_id 16428233) (CL:N/A)
* daemon not running; starting now at tcp:5037
* daemon started successfully
booted in 20s: google/sdk_gphone64_x86_64/emu64xa:15/AE3A.240806.043/12960925:userdebug/dev-keys
kernel 6.6.50-android15-8-g8adecb593e9b-ab12525588 -> kmi android15-6.6; tiann/KernelSU v3.3.0
total 16428
drwx------  2 runner runner     4096 Oct  5 08:37 .
drwxrwxrwt 16 root   root       4096 Oct  5 08:37 ..
-rw-r--r--  1 runner runner 10777987 Oct  5 08:37 KernelSU_v3.3.0_32601-release.apk
-rw-r--r--  1 runner runner  5713312 Oct  5 08:37 ksud-x86_64-linux-android
-rw-r--r--  1 runner runner   318824 Oct  5 08:37 lkm-x86_64-android15-6.6_kernelsu.ko
== manager installed (me.weishu.kernelsu, KernelSU_v3.3.0_32601-release.apk)
/tmp/tmp.xCA7EjHng8/lkm-x86_64-android15-6.6_kernelsu.ko: 1 file pushed, 0 skipped. 2.7 MB/s (318824 bytes in 0.112s)
/tmp/tmp.xCA7EjHng8/ksud-x86_64-linux-android: 1 file pushed, 0 skipped. 169.0 MB/s (5713312 bytes in 0.032s)
== ksud: ksud 3.3.0 (uapi: 2)
== ksud late-load: rc=0
== ksud insmod /data/adb/kernelsu.ko: Error: load module failed: /data/adb/kernelsu.ko

Caused by:
    0: init_module failed without vermagic mismatch
    1: File exists (os error 17)
rc=1
kernelsu              159744  0 
== lsmod: kernelsu              159744  1 
KernelSU_v3.3.0_32601-release.apk
ksud-aarch64-apple-darwin
ksud-aarch64-linux-android
ksud-aarch64-unknown-linux-musl
ksud-x86_64-apple-darwin
ksud-x86_64-linux-android
ksud-x86_64-pc-windows-gnu.exe
ksud-x86_64-unknown-linux-musl
ksuinit-aarch64
ksuinit-x86_64
lkm-aarch64-android12-5.10_kernelsu.ko
lkm-aarch64-android13-5.10_kernelsu.ko
lkm-aarch64-android13-5.15_kernelsu.ko
lkm-aarch64-android14-5.15_kernelsu.ko
lkm-aarch64-android14-6.1_kernelsu.ko
lkm-aarch64-android15-6.6_kernelsu.ko
lkm-aarch64-android16-6.12_kernelsu.ko
lkm-aarch64-android17-6.18_kernelsu.ko
lkm-x86_64-android12-5.10_kernelsu.ko
lkm-x86_64-android13-5.10_kernelsu.ko
lkm-x86_64-android13-5.15_kernelsu.ko
lkm-x86_64-android14-5.15_kernelsu.ko
lkm-x86_64-android14-6.1_kernelsu.ko
lkm-x86_64-android15-6.6_kernelsu.ko
lkm-x86_64-android16-6.12_kernelsu.ko
lkm-x86_64-android17-6.18_kernelsu.ko
== no metamodule asset in tiann/KernelSU v3.3.0
/home/runner/work/devicelab/devicelab/modules/probe/./: 2 files pushed, 0 skipped. 0.0 MB/s (1474 bytes in 0.048s)
== modules: [
  {
    "action": "false",
    "versionCode": "1",
    "enabled": "true",
    "update": "false",
    "name": "devicelab probe",
    "mount": "false",
    "id": "devicelab_probe",
    "remove": "false",
    "web": "true",
    "description": "Observation module for devicelab. Its WebUI page is driven over DevTools.",
    "author": "p0g-stack",
    "version": "1"
  }
]
SELinux: Loaded file context from:
		/system/etc/selinux/plat_file_contexts
		/system_ext/etc/selinux/system_ext_file_contexts
		/vendor/etc/selinux/vendor_file_contexts
== home text: text="LKM" text="Working [Jailbreak mode]" text="Version: 32601-2" text="Manager version" text="v3.3.0 (32601-2)" text="Kernel version" text="6.6.50-android15-8-g8adecb593e9b-ab12525588" text="Device model" text="Google sdk_gphone64_x86_64" text="Fingerprint" text="google/sdk_gphone64_x86_64/emu64xa:15/AE3A.240806.043/12960925:userdebug/dev-keys" text="Enforcing" text="KernelSU" text="Home" text="Superuser" text="1" text="Module" text="Settings" 
== manager activities: me.weishu.kernelsu/.magica.BootCompletedReceiver me.weishu.kernelsu/.ui.MainActivity me.weishu.kernelsu/androidx.core.content.FileProvider me.weishu.kernelsu/androidx.profileinstaller.ProfileInstallReceiver me.weishu.kernelsu/androidx.startup.InitializationProvider 
inputs/modules/flutter_webui_counter-0.1.5.zip: 1 file pushed, 0 skipped. 360.8 MB/s (21434766 bytes in 0.057s)
== install flutter_webui_counter-0.1.5.zip
  inflating: webroot/fonts/notocoloremoji/v32/Yq6P-KqIXTD0t4D9z1ESnKM3-HpFabsE4tq3luCC7p-aXxcn.3.woff2
  inflating: webroot/fonts/notocoloremoji/v32/Yq6P-KqIXTD0t4D9z1ESnKM3-HpFabsE4tq3luCC7p-aXxcn.8.woff2
  inflating: webroot/fonts/notocoloremoji/v32/Yq6P-KqIXTD0t4D9z1ESnKM3-HpFabsE4tq3luCC7p-aXxcn.2.woff2
   creating: webroot/fonts/notosansmath/
   creating: webroot/fonts/notosansmath/v15/
  inflating: webroot/fonts/notosansmath/v15/7Aump_cpkSecTWaHRlH2hyV5UHkD-V048PW0.woff2
   creating: webroot/fonts/roboto/
   creating: webroot/fonts/roboto/v32/
  inflating: webroot/fonts/roboto/v32/KFOmCnqEu92Fr1Me4GZLCzYlKw.woff2
  inflating: webroot/.last_build_id
  inflating: webroot/config.json
  inflating: webroot/flutter_webui.js
  inflating: customize.sh
- Done
- Module installed successfully!
inputs/modules/counter-v1.0.0.zip: 1 file pushed, 0 skipped. 674.5 MB/s (6582359 bytes in 0.009s)
== install counter-v1.0.0.zip
  inflating: webroot/canvaskit/chromium/canvaskit.wasm
  inflating: webroot/config.json
  inflating: webroot/favicon.png
  inflating: webroot/flutter.js
  inflating: webroot/flutter_bootstrap.js
  inflating: webroot/icons/Icon-192.png
  inflating: webroot/icons/Icon-512.png
  inflating: webroot/icons/Icon-maskable-192.png
  inflating: webroot/icons/Icon-maskable-512.png
  inflating: webroot/index.html
  inflating: webroot/main.dart.js
  inflating: webroot/manifest.json
  inflating: webroot/version.json
- Done
- Module installed successfully!
inputs/modules/demo.zip: 1 file pushed, 0 skipped. 608.3 MB/s (19826903 bytes in 0.031s)
== install demo.zip
  inflating: webroot/pkg/.gitignore
  inflating: webroot/pkg/demo_native.js
  inflating: webroot/pkg/demo_native_bg.wasm
  inflating: webroot/pkg/package.json
  inflating: webroot/version.json
  inflating: webroot/workers/demo_service.web.g.dart.js
  inflating: webroot/workers/hello_service.web.g.dart.js
  inflating: webui_app_plane/app-install.sh
  inflating: webui_app_plane/app.apk
  inflating: webui_app_plane/arm64-v8a/webui_termux_api.aot
  inflating: webui_app_plane/termux-api
  inflating: webui_app_plane/x86_64/webui_termux_api.aot
  Installed com.webui.api.demo 1011
- Done
- Module installed successfully!
/home/runner/work/devicelab/devicelab/app_plane.zip: 1 file pushed, 0 skipped. 715.4 MB/s (4531014 bytes in 0.006s)
== install app_plane.zip
Archive:  /data/local/tmp/m.zip
- Extracting module files
Archive:  /data/local/tmp/m.zip
  inflating: post-fs-data.sh
  inflating: module.prop
   creating: system/
   creating: system/product/
   creating: system/product/app/
   creating: system/product/app/WebuiTermuxApi/
  inflating: system/product/app/WebuiTermuxApi/WebuiTermuxApi.apk
  inflating: service.sh
  inflating: sockprobe
- Handle partition /product
- Done
- Module installed successfully!
/home/runner/work/devicelab/devicelab/envdump.zip: 1 file pushed, 0 skipped. 30.6 MB/s (1766 bytes in 0.000s)
== install envdump.zip
 devicelab envdump 
 by p0g-stack 
*******************
*********************
 Powered by KernelSU 
*********************
Archive:  /data/local/tmp/m.zip
  inflating: customize.sh
- Extracting module files
Archive:  /data/local/tmp/m.zip
  inflating: module.prop
  inflating: customize.sh
- devicelab envdump: written /data/local/tmp/customize-env.txt
- Done
- Module installed successfully!
== soft-reboot: 
== after soft-reboot (31s): [
  {
    "mount": "false",
    "action": "false",
    "web": "true",
    "version": "1",
    "name": "devicelab probe",
    "update": "false",
    "remove": "false",
    "author": "p0g-stack",
    "description": "Observation module for devicelab. Its WebUI page is driven over DevTools.",
    "enabled": "true",
    "versionCode": "1",
    "id": "devicelab_probe"
  },
  {
    "description": "Stock Flutter counter app on flutter-webui (devicelab bring-up build).",
    "update": "false",
    "id": "flutter_webui_counter",
    "enabled": "true",
    "action": "false",
    "version": "0.1.5",
    "remove": "false",
    "web": "true",
    "mount": "false",
    "author": "p0g-stack",
    "name": "flutter-webui Counter",
    "versionCode": "6"
  },
  {
    "update": "false",
    "author": "Yuv",
    "name": "Counter",
    "remove": "false",
    "enabled": "true",
    "versionCode": "1",
    "description": "A new Flutter project.",
    "web": "true",
    "mount": "false",
    "action": "false",
    "id": "counter",
    "version": "v1.0.0"
  },
  {
    "remove": "false",
    "web": "true",
    "mount": "false",
    "description": "The demo GUI. Flutter on top of the core.",
    "versionCode": "58",
    "author": "",
    "version": "v0.1.58",
    "webuiIcon": "icons/Icon-maskable-512.png",
    "enabled": "true",
    "id": "demo",
    "action": "false",
    "name": "Demo",
    "updateJson": "https://github.com/p0g-stack/demo/releases/latest/download/update.json",
    "update": "false"
  
total 64
drwxrwxrwx 8 root root 4096 2026-10-05 08:37 .
drwx------ 5 root root 4096 2026-10-05 08:37 ..
drwxr-xr-x 3 root root 4096 2026-10-05 08:37 counter
drwxr-xr-x 6 root root 4096 2026-10-05 08:37 demo
drwxr-xr-x 4 root root 4096 2026-10-05 08:37 devicelab_app_plane
drwxr-xr-x 2 root root 4096 2026-10-05 08:37 devicelab_envdump
drwxr-xr-x 3 root root 4096 2026-10-05 08:37 devicelab_probe
drwxr-xr-x 4 root root 4096 2026-10-05 08:37 flutter_webui_counter
/home/runner/work/devicelab/devicelab/out/labserver: 1 file pushed, 0 skipped. 362.0 MB/s (7843260 bytes in 0.021s)
Starting: Intent { cmp=me.weishu.kernelsu/.ui.webui.WebUIActivity (has extras) }
Status: ok
Activity: me.weishu.kernelsu/.ui.webui.WebUIActivity








Status: ok








Segmentation fault 
intent path: no page; manager log:
10-05 08:38:33.269  8896  8912 I SuperUserRepository: load cost: 152
10-05 08:38:33.442  8896  8917 W SuperUserRepository: KsuService disconnected
10-05 08:38:33.892  8896  8896 D VRI[WebUIActivity]: visibilityChanged oldVisibility=true newVisibility=false
10-05 08:38:33.923  8896  8896 W WindowOnBackDispatcher: sendCancelIfRunning: isInProgress=false callback=android.view.ViewRootImpl$$ExternalSyntheticLambda11@d3b8e54
10-05 08:38:37.851  8896  8962 D ProfileInstaller: Skipping profile installation for me.weishu.kernelsu
10-05 08:38:41.753  8896  8925 I EGL_emulation: Opening libGLESv1_CM_emulation.so
10-05 08:38:41.756  8896  8925 I EGL_emulation: Opening libGLESv2_emulation.so
10-05 08:38:41.771  8896  8925 W HWUI    : Failed to initialize 101010-2 format, error = EGL_SUCCESS
10-05 08:38:42.453  8896  8925 I EGL_emulation: Opening libGLESv1_CM_emulation.so
10-05 08:38:42.453  8896  8925 I EGL_emulation: Opening libGLESv2_emulation.so
10-05 08:38:42.457  8896  8925 W HWUI    : Failed to initialize 101010-2 format, error = EGL_SUCCESS
10-05 08:38:42.464  8896  8896 D VRI[WebUIActivity]: visibilityChanged oldVisibility=true newVisibility=false
10-05 08:38:42.595  8896  8896 W WindowOnBackDispatcher: sendCancelIfRunning: isInProgress=false callback=android.view.ViewRootImpl$$ExternalSyntheticLambda11@f891dd1
ui: tapped 'Module' at 200,584
ui: tapped 160,152
ui: tapped 'Clean' at 209,64
[0,0][320,640] devicelab probe | search | Clean | Cancel | devicelab probe | Version: 1 | Author: p0g-stack | Observation module for de
[12,40][235,88] devicelab probe | search | Clean
[185,40][233,88] Clean
[251,40][304,88] Cancel
[12,98][308,267] devicelab probe | Version: 1 | Author: p0g-stack | Observation module for devicelab. Its WebUI page is driven over DevTo
[243,116][292,164] 
[28,210][110,258] Open | Open
[186,210][292,258] Uninstall
[0,552][80,616] Home
[80,552][160,616] Superuser
[240,552][320,616] Settings
ui: tapped 'Open' at 69,234
https://mui.kernelsu.org/index.html
    * Hist  #1: ActivityRecord{87c1ba7 u0 me.weishu.kernelsu/.ui.webui.WebUIActivity t13}
      packageName=me.weishu.kernelsu processName=me.weishu.kernelsu
      launchedFromUid=10209 launchedFromPackage=me.weishu.kernelsu launchedFromFeature=null userId=0
      app=ProcessRecord{4cf941d 8896:me.weishu.kernelsu/u0a209}
      Intent { dat=ksu://webui?id=devicelab_probe&token=b5b60cc0d72fb1172d4acd27f380de513cc7b9a615293e90c8a1c6d7cef79ad1 flg=0x80000 cmp=me.weishu.kernelsu/.ui.webui.WebUIActivity }
opened: ui
{"check":"targets","result":[{"socket": "webview_devtools_remote_8896", "type": "page", "url": "https://mui.kernelsu.org/index.html", "title": "devicelab probe"}]}
{"check":"globals","result":{"url":"https://mui.kernelsu.org/index.html","socket":"webview_devtools_remote_8896","value":{"ua":"Mozilla/5.0 (Linux; Android 15; sdk_gphone64_x86_64 Build/AE3A.240806.043; wv) AppleWebKit/537.36 (KHTML, like Gecko) Version/4.0 Chrome/124.0.6367.219 Mobile Safari/537.36","origin":"https://mui.kernelsu.org","href":"https://mui.kernelsu.org/index.html","globals":["ksu"],"ksu":["enableEdgeToEdge","exec","exit","fullScreen","getPackagesInfo","listPackages","moduleInfo","spawn","toast","enableEdgeToEdge","exec","exit","fullScreen","getPackagesInfo","listPackages","moduleInfo","spawn","toast"]}}}
{"check":"ksu-exec","result":{"url":"https://mui.kernelsu.org/index.html","socket":"webview_devtools_remote_8896","value":{"code":0,"out":"uid=0(root) gid=0(root) groups=0(root) context=u:r:ksu:s0\nu:r:ksu:s0\u0000","err":""}}}
{"check":"ws-loopback","result":{"url":"https://mui.kernelsu.org/index.html","socket":"webview_devtools_remote_8896","value":{"got":["{\"origin\":\"https://mui.kernelsu.org\",\"peerUid\":10209,\"remote\":\"127.0.0.1:48464\",\"serverUid\":0,\"t\":1791189573056,\"uidSource\":\"/proc/net/tcp\"}","hi"],"ms":12}}}
{"check":"fetch-loopback","result":{"url":"https://mui.kernelsu.org/index.html","socket":"webview_devtools_remote_8896","value":{"origin":"https://mui.kernelsu.org","peerUid":10209,"remote":"127.0.0.1:48468","serverUid":0,"t":1791189573148,"uidSource":"/proc/net/tcp"}}}
{"check":"webview-uid","result":["webview_zygote 1053 webview_zygote", "u0_a209      10209 me.weishu.kernelsu", "u0_a152      10152 com.google.android.webview:webview_service", "u0_i9000     99000 com.google.android.webview:sandboxed_process0:org.chromium.content.app.SandboxedProcessService0:0"]}
{"check":"while-home-heartbeat","result":{"url":"https://mui.kernelsu.org/index.html","socket":"webview_devtools_remote_8896","value":{"now":9654,"vis":"hidden"}}}
{"check":"lifecycle","result":{"url":"https://mui.kernelsu.org/index.html","socket":"webview_devtools_remote_8896","value":{"events":[{"type":"pageshow","t":103,"vis":"visible"},{"type":"visibilitychange","t":3568,"vis":"hidden"},{"type":"visibilitychange","t":11760,"vis":"visible"}],"gaps":[{"from":9851,"ms":1000,"vis":"hidden"}],"slow":{"heldMs":3000,"sentAt":1791189576262,"resolvedAt":1791189576264,"vis":"hidden"}}}}
{"check":"dev-url","result":{"url":"http://127.0.0.1:8090/index.html","socket":"webview_devtools_remote_8896","value":{"href":"http://127.0.0.1:8090/index.html","ksu":"object","webui":"undefined","globals":["ksu"],"exec":{"code":0,"out":"uid=0(root) gid=0(root) groups=0(root) context=u:r:ksu:s0","err":""}}}}
Starting: Intent { cmp=me.weishu.kernelsu/.ui.webui.WebUIActivity (has extras) }
Status: ok
Activity: me.weishu.kernelsu/.ui.webui.WebUIActivity








Status: ok








Segmentation fault 
Status: ok
https://mui.kernelsu.org/index.html
token found in manager data: b5b60cc0d72fb1172d4acd27f380de513cc7b9a615293e90c8a1c6d7cef79ad1
opened: intent-token
{"check":"targets","result":[{"type": "page", "url": "https://mui.kernelsu.org/index.html", "title": "Flutter Demo"}]}
{"check":"page","result":{"url":"https://mui.kernelsu.org/index.html","socket":"webview_devtools_remote_9589","value":{"href":"https://mui.kernelsu.org/index.html","title":"Flutter Demo","ready":"complete","flutter":true,"glass":true,"nav":{"dcl":241,"load":450},"paint":{"first-paint":1048,"first-contentful-paint":1048},"glassAt":"present","firstFrame":null,"insets":"24px","vv":[320,640,1]}}}
{"check":"java-exceptions","result":["10-05 08:40:14.088  6868  7372 W .gms.persistent: Large reply transaction of 1056768 bytes, interface descriptor , code 1", "10-05 08:40:14.091  6399  6399 I RegistrationProxy: onServiceConnected: com.android.rkpdapp.service.RemoteProvisioningService", "10-05 08:40:14.091  6399  7516 W ProcessStats: Tracking association SourceState{5294500 system/1000 ImpFg #2554} whose proc state 5 is better than process ProcessState{8e83e9e com.google.android.rkpdapp/10195 pkg=com.google.android.rkpdapp} proc state 14 (7 skipped)", "10-05 08:40:14.219     0     0 I servicemanager: Caller(pid=8276,uid=10195,sid=u:r:rkpdapp:s0:c195,c256,c512,c768) Found android.hardware.security.keymint.IRemotelyProvisionedComponent/default in device VINTF manifest.", "10-05 08:40:14.096  6399  7516 I RegistrationProxy: IGetRegistrationCallback.onSuccess", "10-05 08:40:14.096  6352  6352 I netd    : tetherGetStats() -> {[]} <0.48ms>", "10-05 08:40:14.096  6399  6429 I RemoteProvisionSysSvc: Fetching key 10142 for client 60330297", "10-05 08:40:14.097  6399  6429 I RegistrationProxy: getKeyAsync operation started with callback 256598910", "10-05 08:40:14.097  8276  9816 I RkpdRegistrationBinder: Key requested for : android.hardware.security.keymint.IRemotelyProvisionedComponent/default, clientUid: 1017, keyId: 10142, callback: 265083265", "10-05 08:40:14.098  8276  9816 I RkpdRegistrationBinder: Key successfully assigned to client", "10-05 08:40:14.098  6399  6399 I RemoteProvisionSysSvc: Successfully fetched key for client 60330297", "10-05 08:40:14.099   183   191 W keystore_att_id: package manager request for key attestation ID failed with:  -129", "--", "10-05 08:40:17.094  6868  7704 I ChimeraSrvcProxy: NullBinder for android.net.action.RECOMMEND_NETWORKS triggering remote TransactionTooLargeException due to Service without Chimera impl", "10-05 08:40:17.094  6868  7704 W .gms.persistent: Large reply transaction of 1056768 bytes, interface descriptor , code 1", "10-05 08:40:17.094  7209  7656 I BugleRcsEngine: handleMessage processing message:[NOTIFY_UPTIME_IGNORE_STATE_CHANGED] with [non-null]:RcsEngineImpl reference [CONTEXT log_prefix=\"RcsEngineImpl[DUAL_REG]:[42f9701b-ff35]>Handler\" thread_id=64 ]", "10-05 08:40:17.094  7209  7375 I BugleRcsEngine: Connected state: [1], networkType: [WIFI] [CONTEXT thread_id=57 ]", "10-05 08:40:18.374  7212  7212 D BoundBrokerSvc: onUnbind: Intent { act=com.google.android.gms.common.BIND_SHARED_PREFS pkg=com.google.android.gms }", "10-05 08:40:19.100  6399  6549 D InetDiagMessage: Destroyed 0 sockets, proto=IPPROTO_TCP, family=AF_INET, states=14", "10-05 08:40:19.100  6399  6549 D InetDiagMessage: Destroyed 0 sockets, proto=IPPROTO_TCP, family=AF_INET6, states=14", "10-05 08:40:19.100  6399  6549 D InetDiagMessage: Destroyed live tcp sockets for uids={10195} in 1ms", "10-05 08:40:19.101  6399  6549 D InetDiagMessage: Destroyed 0 sockets, proto=IPPROTO_TCP, family=AF_INET, states=14", "10-05 08:40:19.101  6399  6549 D InetDiagMessage: Destroyed 0 sockets, proto=IPPROTO_TCP, family=AF_INET6, states=14", "10-05 08:40:19.101  6399  6549 D InetDiagMessage: Destroyed live tcp sockets for uids={20195} in 0ms", "10-05 08:40:19.294  6399  6492 D ActivityManager: freezing 9404 com.google.android.webview:webview_service", "10-05 08:40:19.295  6399  6549 D InetDiagMessage: Destroyed 0 sockets, proto=IPPROTO_TCP, family=AF_INET, states=14", "--", "10-05 08:40:20.096  6868  7704 I ChimeraSrvcProxy: NullBinder for android.net.action.RECOMMEND_NETWORKS triggering remote TransactionTooLargeException due to Service without Chimera impl", "10-05 08:40:20.096  6868  7704 W .gms.persistent: Large reply transaction of 1056768 bytes, interface descriptor , code 1", "10-05 08:40:20.097  7209  7375 I BugleRcsEngine: Connected state: [1], networkType: [WIFI] [CONTEXT thread_id=57 ]", "10-05 08:40:20.097  7209  7656 I BugleRcsEngine: handleMessage processing message:[NOTIFY_UPTIME_IGNORE_STATE_CHANGED] with [non-null]:RcsEngineImpl reference [CONTEXT log_prefix=\"RcsEngineImpl[DUAL_REG]:[42f9701b-ff35]>Handler\" thread_id=64 ]", "10-05 08:40:20.933  6399  7304 D OomAdjuster: Not killing cached processes", "10-05 08:40:23.468  7261  7261 I BugleDataModel: ActionExecutorImpl: Starting ActionService", "10-05 08:40:23.470  7261  7261 I BugleDataModel: ActionExecutorImpl: ACTION_EXECUTE_QUEUED_CountryCodeDetectorAction", "10-05 08:40:23.470  7261  7709 I BugleDataModel: ExecuteActionRunnable: running action CountryCodeDetectorAction", "10-05 08:40:23.470  7261  7709 I BugleDataModel: ActionExecutorImpl: ACTION_BACKGROUND_QUEUED_CountryCodeDetectorAction", "10-05 08:40:23.471  7261  7708 I Bugle   : CountryCodeDetector: updateSmsNetworkCountry from default subscription network country. detected country: us", "10-05 08:40:23.472  7261  7708 I BugleDataModel: ActionExecutorImpl: ACTION_RESPONSE_QUEUED_CountryCodeDetectorAction", "10-05 08:40:23.472  7261  7709 I BugleDataModel: ActionExecutorImpl: Stopping ActionService", "10-05 08:40:24.116  6399  6492 D ActivityManager: freezing 8276 com.google.android.rkpdapp"]}
{"check":"console-errors","result":["--------- beginning of main", "10-05 08:40:09.249  9732  9757 W chromium: [WARNING:runtime_features.cc(694)] SharedStorage for M118+ cannot be enabled in this configuration. Use --enable-features=SharedStorageAPI,SharedStorageAPIM118 in addition.", "10-05 08:40:09.380  9732  9757 I chromium: [INFO:viewport_data.cc(133)] E2E_Used ViewportFitCover", "10-05 08:40:09.451  9589  9589 I chromium: [INFO:CONSOLE(3)] \"Injecting <script> tag. Using callback.\", source: https://mui.kernelsu.org/flutter_bootstrap.js (3)"]}
{"check":"first-frame-warm","result":{"url":"https://mui.kernelsu.org/index.html","socket":"webview_devtools_remote_9589","value":{"firstFrameMs":271,"now":15052,"flutter":true,"resizes":[],"paint":{"first-paint":530,"first-contentful-paint":530},"calls":[[18,"at-preload","ksu:undefined webui:undefined"],[20,"ksu-defined"],[25,"wrap-failed","exec"],[26,"wrap-failed","spawn"],[28,"wrap-failed","moduleInfo"],[31,"wrap-failed","fullScreen"],[32,"wrap-failed","enableEdgeToEdge"],[32,"wrap-failed","toast"],[32,"wrap-failed","exit"]],"resources":[["/internal/insets.css",16,33,"link",0],["/flutter_webui.css",16,35,"link",0],["/flutter_webui.js",16,45,"script",0],["/flutter_bootstrap.js",16,37,"script",0],["/canvaskit/chromium/canvaskit.wasm",78,106,"fetch",0],["/canvaskit/chromium/canvaskit.js",79,106,"other",0],["/main.dart.js",82,106,"script",0],["/assets/FontManifest.json",214,227,"fetch",0],["/favicon.ico",227,232,"other",0],["/assets/fonts/MaterialIcons-Regular.otf",228,238,"fetch",0],["/assets/packages/cupertino_icons/assets/CupertinoIcons.ttf",229,238,"fetch",0],["/assets/fonts/fallback/Roboto-Regular.ttf",229,239,"fetch",0]],"marks":[["flutter_webui:register",240],["flutter_webui:registered",241],["flutter_webui:first-frame",271]],"measures":[],"fonts":[]}}}
{"check":"root-start","result":{"url":"https://mui.kernelsu.org/index.html","socket":"webview_devtools_remote_9589","value":{"code":0,"out":"","err":"","ms":58}}}
{"check":"session","result":{"url":"https://mui.kernelsu.org/index.html","socket":"webview_devtools_remote_9589","value":{"status":200,"ms":17,"protocol":1,"version":"0.1.0","port":39747,"pid":9867,"tokenLen":43}}}
{"check":"ws-hello","result":{"url":"https://mui.kernelsu.org/index.html","socket":"webview_devtools_remote_9589","value":{"first":"{\"op\":\"hello\",\"protocol\":1,\"version\":\"0.1.0\",\"pid\":9867,\"boot\":\"916098b7-3c89-4eb0-ad4a-d076d47ce634\",\"uid\":0,\"moduleDir\":\"/data/adb/modules/flutter_webui_counter\"}"}}}
{"check":"channel-process","result":"USER           UID LABEL                            PID NAME                       \nroot             0 u:r:ksu:s0                      9867 ld-linux-x86-64.so.2\nexe=/data/adb/modules/flutter_webui_counter/flutter_webui/x86_64/ld-linux-x86-64.so.2\n/data/adb/modules/flutter_webui_counter/flutter_webui/x86_64/ld-linux-x86-64.so.2 --library-path /data/adb/modules/flutter_webui_counter/flutter_webui/x86_64 /data/adb/modules/flutter_webui_counter/flutter_webui/x86_64/dartaotruntime /data/adb/modules/flutter_webui_counter/flutter_webui/x86_64/flutter_webui_root.aot serve --module-dir /data/adb/modules/flutter_webui_counter \narm64-v8a\nroot\nx86_64\n/data/adb/modules/flutter_webui_counter/flutter_webui/arm64-v8a:\ndartaotruntime\nflutter_webui_root.aot\nld-linux-aarch64.so.1\nlibc.so.6\nlibdl.so.2\nlibm.so.6\nlibpthread.so.0\n\n/data/adb/modules/flutter_webui_counter/flutter_webui/x86_64:\ndartaotruntime\nflutter_webui_root.aot\nld-linux-x86-64.so.2\nlibc.so.6\nlibdl.so.2\nlibm.so.6\nlibpthread.so.0"}
{"check":"root-log","result":"2026-10-05T08:40:40.921332 listening on 127.0.0.1:39747"}
{"check":"session-mode","result":"total 44\ndrwx--x--x 3 root root 4096 2026-10-05 08:40 .\ndrwxr-xr-x 7 root root 4096 2026-10-05 08:40 ..\n-rw------- 1 root root    0 2026-10-05 08:40 lock\ndrwx------ 2 root root 4096 2026-10-05 08:40 proc\n-rw------- 1 root root   56 2026-10-05 08:40 root.log\n-rw-r--r-- 1 root root  196 2026-10-05 08:40 session.json"}
{"check":"home-resume","result":{"url":"https://mui.kernelsu.org/index.html","socket":"webview_devtools_remote_9589","value":{"events":[["visibilitychange","hidden",15665],["visibilitychange","visible",22731]],"ticks":20,"vis":"visible","hasFocus":false}}}
{"check":"before-back","result":{"url":"https://mui.kernelsu.org/index.html","socket":"webview_devtools_remote_9589","value":{"historyLength":2,"historyState":"{\"flutter\":true}","href":"https://mui.kernelsu.org/index.html","typeofWebui":"undefined","typeofWebuiExit":"undefined","typeofKsuExit":"function","webuiKeys":null,"wrapped":"no webui.exit"}}}
{"check":"back-events","result":{"error":"no page target","sockets":["webview_devtools_remote_9589"],"targets":[]}}
{"check":"back-console","result":["10-05 08:40:52.018  9589  9589 E chromium: [ERROR:aw_browser_terminator.cc(154)] Renderer process (9732) crash detected (code -1).", "10-05 08:40:52.019  6399  6703 I ActivityManager: Killing 9732:com.google.android.webview:sandboxed_process0:org.chromium.content.app.SandboxedProcessService0:0/u0a209i1 (adj 0): isolated not needed"]}
{"check":"back-at-root","result":"topResumedActivity=ActivityRecord{d5a8366 u0 com.google.android.apps.nexuslauncher/.NexusLauncherActivity t10}"}
Starting: Intent { cmp=me.weishu.kernelsu/.ui.webui.WebUIActivity (has extras) }
Status: ok
Activity: me.weishu.kernelsu/.ui.webui.WebUIActivity








Status: ok








Segmentation fault 
Status: ok
https://mui.kernelsu.org/index.html
token found in manager data: b5b60cc0d72fb1172d4acd27f380de513cc7b9a615293e90c8a1c6d7cef79ad1
opened: intent-token
{"check":"targets","result":[{"type": "page", "url": "https://mui.kernelsu.org/index.html", "title": "Flutter Demo"}]}
{"check":"page","result":{"url":"https://mui.kernelsu.org/index.html","socket":"webview_devtools_remote_9986","value":{"href":"https://mui.kernelsu.org/index.html","title":"Flutter Demo","ready":"complete","flutter":true,"glass":true,"nav":{"dcl":138,"load":419},"paint":{"first-paint":1081,"first-contentful-paint":1081},"glassAt":"present","firstFrame":null,"insets":null,"vv":[320,592,1]}}}
{"check":"java-exceptions","result":["10-05 08:41:03.966  7008  7548 D OneSearchSuggestProvider: \tat android.app.appsearch.SearchSessionUtil$1.$r8$lambda$CEk3q8sDAQVhU3rQwVueB8FAj_M(go/retraceme 64eee9e9f568ff45978879ad2ff83146f2618ee8a88278736fbdf5fae931976e:1)", "10-05 08:41:03.966  7008  7548 D OneSearchSuggestProvider: \tat android.app.appsearch.SearchSessionUtil$1$$ExternalSyntheticLambda0.run(go/retraceme 64eee9e9f568ff45978879ad2ff83146f2618ee8a88278736fbdf5fae931976e:22)", "10-05 08:41:03.966  7008  7548 D OneSearchSuggestProvider: \tat android.os.Handler.handleCallback(Handler.java:959)", "10-05 08:41:03.966  7008  7548 D OneSearchSuggestProvider: \tat android.os.Handler.dispatchMessage(Handler.java:100)", "10-05 08:41:03.966  7008  7548 D OneSearchSuggestProvider: \tat android.os.Looper.loopOnce(Looper.java:232)", "10-05 08:41:03.966  7008  7548 D OneSearchSuggestProvider: \tat android.os.Looper.loop(Looper.java:317)", "10-05 08:41:03.966  7008  7548 D OneSearchSuggestProvider: \tat android.os.HandlerThread.run(HandlerThread.java:85)", "10-05 08:41:03.966  7008  7548 D OneSearchSuggestProvider: Caused by: java.util.NoSuchElementException: No value present", "10-05 08:41:03.966  7008  7548 D OneSearchSuggestProvider: \tat java.util.Optional.get(Optional.java:143)", "10-05 08:41:03.966  7008  7548 D OneSearchSuggestProvider: \tat com.google.android.apps.nexuslauncher.allapps.E0.onResult(go/retraceme 31f9979659277bb965985aff1272c33e3c3c9e755b77166d20a2465454178f2c:28)", "10-05 08:41:03.966  7008  7548 D OneSearchSuggestProvider: \t... 8 more", "10-05 08:41:03.966  7008  7548 D OneSearchSuggestProvider: Established or reuse existing binder channel authority=com.google.android.googlequicksearchbox", "10-05 08:41:03.966  7008  9952 E OneSearchSuggestProvider: Unable to get suggestions from AGA", "10-05 08:41:03.966  7008  9952 E OneSearchSuggestProvider: io.grpc.StatusRuntimeException: UNIMPLEMENTED: bindService(Intent { act=grpc.io.action.BIND cmp=com.google.android.googlequicksearchbox/com.google.android.apps.search.googleapp.search.suggest.plugins.onesearch.server.OneSearchSuggestService }) returned false", "10-05 08:41:03.966  7008  9952 E OneSearchSuggestProvider: \tat k3.e.a(go/retraceme 31f9979659277bb965985aff1272c33e3c3c9e755b77166d20a2465454178f2c:77)", "10-05 08:41:03.966  7008  9952 E OneSearchSuggestProvider: \tat i3.l.b(go/retraceme 31f9979659277bb965985aff1272c33e3c3c9e755b77166d20a2465454178f2c:43)", "10-05 08:41:03.966  7008  9952 E OneSearchSuggestProvider: \tat i3.l.a(go/retraceme 31f9979659277bb965985aff1272c33e3c3c9e755b77166d20a2465454178f2c:27)", "10-05 08:41:03.966  7008  9952 E OneSearchSuggestProvider: \tat i3.z.run(go/retraceme 31f9979659277bb965985aff1272c33e3c3c9e755b77166d20a2465454178f2c:7)", "10-05 08:41:03.966  7008  9952 E OneSearchSuggestProvider: \tat i3.m2.run(go/retraceme 31f9979659277bb965985aff1272c33e3c3c9e755b77166d20a2465454178f2c:19)", "10-05 08:41:03.966  7008  9952 E OneSearchSuggestProvider: \tat java.util.concurrent.ThreadPoolExecutor.runWorker(ThreadPoolExecutor.java:1145)", "10-05 08:41:03.966  7008  9952 E OneSearchSuggestProvider: \tat java.util.concurrent.ThreadPoolExecutor$Worker.run(ThreadPoolExecutor.java:644)", "10-05 08:41:03.966  7008  9952 E OneSearchSuggestProvider: \tat java.lang.Thread.run(Thread.java:1012)", "10-05 08:41:03.975  6399  7516 W UserManagerService: Requested status bar icon for non-badged user 0", "10-05 08:41:03.975  6399  7516 W UserManagerService: Requested status bar icon for non-badged user 0", "10-05 08:41:03.975  6399  7516 W UserManagerService: Requested status bar icon for non-badged user 0", "10-05 08:41:03.982  7157  7274 I AiAiEcho: Predicting[0]:  [CONTEXT sampling_count=5 ]", "--", "10-05 08:41:12.913  6868 10172 W FontLog : java.lang.IllegalStateException: Cannot perform this operation because the connection pool has been closed.", "10-05 08:41:12.913  6868 10172 W FontLog : \tat android.database.sqlite.SQLiteConnectionPool.throwIfClosedLocked(SQLiteConnectionPool.java:1103)", "10-05 08:41:12.913  6868 10172 W FontLog : \tat android.database.sqlite.SQLiteConnectionPool.waitForConnection(SQLiteConnectionPool.java:794)", "10-05 08:41:12.913  6868 10172 W FontLog : \tat android.database.sqlite.SQLiteConnectionPool.acquireConnection(SQLiteConnectionPool.java:399)", "10-05 08:41:12.913  6868 10172 W FontLog : \tat android.database.sqlite.SQLiteSession.acquireConnection(SQLiteSession.java:920)", "10-05 08:41:12.913  6868 10172 W FontLog : \tat android.database.sqlite.SQLiteSession.executeForChangedRowCount(SQLiteSession.java:778)", "10-05 08:41:12.913  6868 10172 W FontLog : \tat android.database.sqlite.SQLiteStatement.executeUpdateDelete(SQLiteStatement.java:67)", "10-05 08:41:12.913  6868 10172 W FontLog : \tat android.database.sqlite.SQLiteDatabase.executeSql(SQLiteDatabase.java:2207)", "10-05 08:41:12.913  6868 10172 W FontLog : \tat android.database.sqlite.SQLiteDatabase.execSQL(SQLiteDatabase.java:2183)", "10-05 08:41:12.913  6868 10172 W FontLog : \tat bbkg.run(:com.google.android.gms@242335041@24.23.35 (190800-646585959):57)", "10-05 08:41:12.913  6868 10172 W FontLog : \tat angs.c(:com.google.android.gms@242335041@24.23.35 (190800-646585959):50)", "10-05 08:41:12.913  6868 10172 W FontLog : \tat angs.run(:com.google.android.gms@242335041@24.23.35 (190800-646585959):76)", "10-05 08:41:12.913  6868 10172 W FontLog : \tat java.util.concurrent.ThreadPoolExecutor.runWorker(ThreadPoolExecutor.java:1145)"]}
{"check":"console-errors","result":["--------- beginning of main", "10-05 08:41:12.672  9986 10117 I chromium: [1005/084112.671414:INFO:variations_seed_loader.cc(66)] Failed to open file for reading.: No such file or directory (2)", "10-05 08:41:12.720  9986 10129 E chromium: [ERROR:simple_file_enumerator.cc(43)] readdir /data/user/0/me.weishu.kernelsu/cache/WebView/Default/HTTP Cache/Code Cache/js: No such file or directory (2)", "10-05 08:41:12.720  9986 10129 E chromium: [ERROR:simple_index_file.cc(614)] Could not reconstruct index from disk", "10-05 08:41:12.721  9986 10126 E chromium: [ERROR:simple_file_enumerator.cc(21)] opendir /data/user/0/me.weishu.kernelsu/cache/WebView/Default/HTTP Cache/Code Cache/wasm: No such file or directory (2)", "10-05 08:41:12.721  9986 10126 E chromium: [ERROR:simple_index_file.cc(614)] Could not reconstruct index from disk", "10-05 08:41:12.824 10121 10151 W chromium: [WARNING:runtime_features.cc(694)] SharedStorage for M118+ cannot be enabled in this configuration. Use --enable-features=SharedStorageAPI,SharedStorageAPIM118 in addition.", "10-05 08:41:13.001  9986  9986 I chromium: [INFO:CONSOLE(1)] \"Injecting <script> tag. Using callback.\", source: https://mui.kernelsu.org/flutter_bootstrap.js (1)"]}
{"check":"first-frame-warm","result":{"url":"https://mui.kernelsu.org/index.html","socket":"webview_devtools_remote_9986","value":{"firstFrameMs":253,"now":15046,"flutter":true,"resizes":[],"paint":{"first-paint":497,"first-contentful-paint":497},"calls":[[18,"at-preload","ksu:undefined webui:undefined"],[28,"ksu-defined"],[34,"wrap-failed","exec"],[34,"wrap-failed","spawn"],[35,"wrap-failed","moduleInfo"],[35,"wrap-failed","fullScreen"],[35,"wrap-failed","enableEdgeToEdge"],[35,"wrap-failed","toast"],[35,"wrap-failed","exit"]],"resources":[["/flutter_bootstrap.js",16,43,"script",0],["/canvaskit/chromium/canvaskit.wasm",74,110,"fetch",0],["/canvaskit/chromium/canvaskit.js",74,85,"other",0],["/main.dart.js",75,96,"script",0],["/assets/FontManifest.json",202,211,"fetch",0],["/favicon.png",210,218,"other",0],["/assets/fonts/MaterialIcons-Regular.otf",211,224,"fetch",0],["/assets/packages/cupertino_icons/assets/CupertinoIcons.ttf",211,220,"fetch",0],["/assets/fonts/fallback/Roboto-Regular.ttf",212,221,"fetch",0],["/favicon.png",495,509,"other",0]],"marks":[],"measures":[],"fonts":[]}}}
Starting: Intent { cmp=me.weishu.kernelsu/.ui.webui.WebUIActivity (has extras) }
Status: ok
Activity: me.weishu.kernelsu/.ui.webui.WebUIActivity








Status: ok








Segmentation fault 
Status: ok
https://mui.kernelsu.org/index.html
token found in manager data: b5b60cc0d72fb1172d4acd27f380de513cc7b9a615293e90c8a1c6d7cef79ad1
opened: intent-token
{"check":"targets","result":[{"type": "page", "url": "https://mui.kernelsu.org/index.html", "title": "Demo"}]}
{"check":"page","result":{"url":"https://mui.kernelsu.org/index.html","socket":"webview_devtools_remote_10262","value":{"href":"https://mui.kernelsu.org/index.html","title":"Demo","ready":"complete","flutter":true,"glass":true,"nav":{"dcl":198,"load":463},"paint":{"first-paint":1080,"first-contentful-paint":1080},"glassAt":"present","firstFrame":null,"insets":"24px","vv":[320,640,1]}}}
{"check":"java-exceptions","result":["10-05 08:42:02.286 10377 10377 I KernelSU: ksud::module: path: /data/adb/modules/devicelab_envdump", "10-05 08:42:02.287  7008  7260 D EGL_emulation: app_time_stats: avg=390.70ms min=1.05ms max=8054.58ms count=22", "10-05 08:42:02.290 10378 10378 I KernelSU: ksud::cli: command: Debug { command: Su { global_mnt: true } }", "10-05 08:42:02.290  6399  6418 I ActivityTaskManager: Displayed me.weishu.kernelsu/.ui.webui.WebUIActivity for user 0: +170ms", "--", "10-05 08:42:03.136 10262 10403 E SuFilePathHandler: java.io.FileNotFoundException: No such file or directory: /data/adb/modules/demo/webroot/favicon.ico", "10-05 08:42:03.136 10262 10403 E SuFilePathHandler: \tat zb3.a(r8-map-id-9f7f45feba6f2c95784574c49c444982ed6e6c85bfa15582daceb837f5e42ea2:151)", "10-05 08:42:03.136 10262 10403 E SuFilePathHandler: \tat fk3.e(r8-map-id-9f7f45feba6f2c95784574c49c444982ed6e6c85bfa15582daceb837f5e42ea2:308)", "10-05 08:42:03.136 10262 10403 E SuFilePathHandler: \tat ja4.a(r8-map-id-9f7f45feba6f2c95784574c49c444982ed6e6c85bfa15582daceb837f5e42ea2:99)", "10-05 08:42:03.136 10262 10403 E SuFilePathHandler: \tat o11.shouldInterceptRequest(r8-map-id-9f7f45feba6f2c95784574c49c444982ed6e6c85bfa15582daceb837f5e42ea2:247)", "10-05 08:42:03.465 10457 10457 W BpBinder: Linking to death on android.gui.ISurfaceComposer but there are no threads (yet?) listening to incoming transactions. See ProcessState::startThreadPool and ProcessState::setThreadPoolMaxThreadCount. Generally you should setup the binder threadpool before other initialization steps.", "10-05 08:42:03.466 10457 10457 W ProcessState: Extra binder thread started, but 0 threads requested. Do not use *startThreadPool when zero threads are requested.", "10-05 08:42:03.524   161   161 I hwservicemanager: getTransport: Cannot find entry android.hardware.graphics.mapper@4.0::IMapper/default in either framework or device VINTF manifest.", "10-05 08:42:03.524 10457 10458 I Gralloc4: mapper 4.x is not supported", "10-05 08:42:03.646     0     0 I servicemanager: Caller(pid=10457,uid=0,sid=u:r:su:s0) Could not find android.hardware.graphics.allocator.IAllocator/default in the VINTF manifest. No alternative instances declared in VINTF.", "10-05 08:42:03.740 10262 10262 W ThreadPoolForeg: type=1400 audit(0.0:281): avc:  denied  { getattr } for  path=\"/data/adb\" dev=\"dm-46\" ino=319489 scontext=u:r:untrusted_app:s0:c209,c256,c512,c768 tcontext=u:object_r:adb_data_file:s0 tclass=dir permissive=0 app=me.weishu.kernelsu", "--", "10-05 08:42:14.257  6868  7372 I ChimeraSrvcProxy: NullBinder for android.net.action.RECOMMEND_NETWORKS triggering remote TransactionTooLargeException due to Service without Chimera impl", "10-05 08:42:14.257  6868  7372 W .gms.persistent: Large reply transaction of 1056768 bytes, interface descriptor , code 1", "10-05 08:42:14.257  7209  7375 I BugleRcsEngine: Connected state: [1], networkType: [WIFI] [CONTEXT thread_id=57 ]", "10-05 08:42:14.257  7209  7656 I BugleRcsEngine: handleMessage processing message:[NOTIFY_UPTIME_IGNORE_STATE_CHANGED] with [non-null]:RcsEngineImpl reference [CONTEXT log_prefix=\"RcsEngineImpl[DUAL_REG]:[42f9701b-ff35]>Handler\" thread_id=64 ]", "10-05 08:42:14.258  6399  7508 D OomAdjuster: Not killing cached processes", "10-05 08:42:16.665  6352 10470 I resolv  : GetAddrInfoHandler::run: {101 786533 101 983141 10142 0}", "10-05 08:42:16.665  6352 10471 I resolv  : res_nmkquery: (QUERY, IN, AAAA)", "10-05 08:42:16.665  6352 10472 I resolv  : res_nmkquery: (QUERY, IN, A)", "10-05 08:42:16.667  6352 10471 I resolv  : res_nsend: used send_dg 264 terrno: 0", "10-05 08:42:16.667  6352 10471 I resolv  : doQuery: rcode=0, ancount=8, return value=264", "10-05 08:42:16.668  6352 10472 I resolv  : res_nsend: used send_dg 168 terrno: 0", "10-05 08:42:16.668  6352 10472 I resolv  : doQuery: rcode=0, ancount=8, return value=168", "10-05 08:42:17.259  7261  7261 W JobService: onNetworkChanged() not implemented in androidx.work.impl.background.systemjob.SystemJobService. Must override in a subclass.", "--", "10-05 08:42:17.262  6868  7704 I ChimeraSrvcProxy: NullBinder for android.net.action.RECOMMEND_NETWORKS triggering remote TransactionTooLargeException due to Service without Chimera impl", "10-05 08:42:17.262  6868  7704 W .gms.persistent: Large reply transaction of 1056768 bytes, interface descriptor , code 1", "10-05 08:42:17.761  7212  7212 D BoundBrokerSvc: onUnbind: Intent { act=com.google.android.gms.safetynet.service.START pkg=com.google.android.gms }", "10-05 08:42:17.776  6352  6352 I netd    : tetherGetStats() -> {[]} <0.39ms>", "10-05 08:42:18.810 10475 10475 W BpBinder: Linking to death on android.gui.ISurfaceComposer but there are no threads (yet?) listening to incoming transactions. See ProcessState::startThreadPool and ProcessState::setThreadPoolMaxThreadCount. Generally you should setup the binder threadpool before other initialization steps.", "10-05 08:42:18.810 10475 10475 W ProcessState: Extra binder thread started, but 0 threads requested. Do not use *startThreadPool when zero threads are requested.", "10-05 08:42:18.816   161   161 I hwservicemanager: getTransport: Cannot find entry android.hardware.graphics.mapper@4.0::IMapper/default in either framework or device VINTF manifest.", "10-05 08:42:18.817 10475 10476 I Gralloc4: mapper 4.x is not supported", "10-05 08:42:18.941     0     0 I servicemanager: Caller(pid=10475,uid=0,sid=u:r:su:s0) Could not find android.hardware.graphics.allocator.IAllocator/default in the VINTF manifest. No alternative instances declared in VINTF."]}
{"check":"console-errors","result":["--------- beginning of main", "10-05 08:42:02.523 10262 10386 I chromium: [1005/084202.522172:INFO:variations_seed_loader.cc(66)] Failed to open file for reading.: No such file or directory (2)", "10-05 08:42:02.687 10390 10416 W chromium: [WARNING:runtime_features.cc(694)] SharedStorage for M118+ cannot be enabled in this configuration. Use --enable-features=SharedStorageAPI,SharedStorageAPIM118 in addition.", "10-05 08:42:02.760 10390 10416 I chromium: [INFO:viewport_data.cc(133)] E2E_Used ViewportFitCover", "10-05 08:42:02.864 10262 10262 I chromium: [INFO:CONSOLE(3)] \"Injecting <script> tag. Using callback.\", source: https://mui.kernelsu.org/flutter_bootstrap.js (3)"]}
{"check":"first-frame-warm","result":{"url":"https://mui.kernelsu.org/index.html","socket":"webview_devtools_remote_10262","value":{"firstFrameMs":344,"now":15051,"flutter":true,"resizes":[],"paint":{"first-paint":763,"first-contentful-paint":763},"calls":[[21,"at-preload","ksu:undefined webui:undefined"],[26,"ksu-defined"],[27,"wrap-failed","exec"],[27,"wrap-failed","spawn"],[28,"wrap-failed","moduleInfo"],[28,"wrap-failed","fullScreen"],[28,"wrap-failed","enableEdgeToEdge"],[28,"wrap-failed","toast"],[28,"wrap-failed","exit"]],"resources":[["/internal/insets.css",19,35,"link",0],["/internal/colors.css",19,35,"link",0],["/flutter_webui.css",19,36,"link",0],["/flutter_webui.js",19,41,"script",0],["/flutter_bootstrap.js",19,52,"script",0],["/canvaskit/chromium/canvaskit.wasm",78,104,"fetch",0],["/canvaskit/chromium/canvaskit.js",78,104,"other",0],["/main.dart.js",78,117,"script",0],["/assets/FontManifest.json",254,263,"fetch",0],["/favicon.ico",261,264,"other",0],["/assets/fonts/MaterialIcons-Regular.otf",264,271,"fetch",0],["/assets/fonts/fallback/Roboto-Regular.ttf",264,271,"fetch",0],["/internal/colors.css",277,345,"fetch",0],["/pkg/demo_native.js",715,735,"fetch",0]],"marks":[["flutter_webui:register",273],["flutter_webui:registered",273],["flutter_webui:register",274],["flutter_webui:registered",274],["flutter_webui:first-frame",344]],"measures":[],"fonts":[]}}}
{"url":"https://mui.kernelsu.org/index.html","socket":"webview_devtools_remote_10262","value":"semantics on"}
{"check":"home","result":{"url":"https://mui.kernelsu.org/index.html","socket":"webview_devtools_remote_10262","value":["Squadron","Process","native","net","Say hello","Count to 5","SHA-256","Demo pages\nOne page per thing the stack promises.","Places","Strategy","Rust","Lifecycle","Shell","Plugins"]}}
{"check":"colors-css","result":{"url":"https://mui.kernelsu.org/index.html","socket":"webview_devtools_remote_10262","value":{"status":200,"type":"text/css","body":""}}}
{"check":"wasm-at-home","result":{"url":"https://mui.kernelsu.org/index.html","socket":"webview_devtools_remote_10262","value":{"wasm":[{"name":"chromium/canvaskit.wasm","start":78,"dur":26}],"marks":[{"name":"flutter_webui:register","t":273},{"name":"flutter_webui:registered","t":273},{"name":"flutter_webui:register","t":274},{"name":"flutter_webui:registered","t":274},{"name":"flutter_webui:first-frame","t":344}],"measures":[],"now":18287}}}
{"check":"tap-places","result":{"url":"https://mui.kernelsu.org/index.html","socket":"webview_devtools_remote_10262","value":"tapped Places at 16,572 size 288x56 role button tappable"}}
{"check":"places","result":{"url":"https://mui.kernelsu.org/index.html","socket":"webview_devtools_remote_10262","value":["Back\nBack","One service, DemoService, opened in every place this build knows. Each place probes its own facts from inside; the page never guesses from the platform it was built for.","200k","1M","3M","Count primes in every place","Restart places","inline (the caller)\nkind: inline\nstart 297 ms, first facts() round trip 103 ms\nroot\ncheck: effective uid 0\nblock_devices\ncheck: a kernel-listed block device opens for reading\nusb.native\ncheck: /dev/bus/usb lists\nusb.web\ncheck: navigator.usb exists\nprocess.spawn\ncheck: a shell runs\nfs.persistent\ncheck: working dir writable, or storage persisted\nnet\ncheck: a non-loopback interface is up, or onLine\nnative\ncheck: null","worker (isolate or Web Worker)\nkind: web_worker\nstart 235 ms, first facts() round trip 39 ms\nroot\ncheck: effective uid 0\nblock_devices\ncheck: a kernel-listed block device opens for reading\nusb.native\ncheck: /dev/bus/usb lists\nusb.web\ncheck: navigator.usb exists\nprocess.spawn\ncheck: a shell runs\nfs.persistent\ncheck: working dir writable, or storage persisted\nnet\ncheck: a non-loopback interface is up, or onLine\nnative\ncheck: null","Places","Strategy","Rust","Lifecycle","Shell","Plugins"]}}
{"check":"places-scroll-1","result":{"url":"https://mui.kernelsu.org/index.html","socket":"webview_devtools_remote_10262","value":["Back\nBack","200k","1M","3M","Count primes in every place","Restart places","inline (the caller)\nkind: inline\nstart 297 ms, first facts() round trip 103 ms\nroot\ncheck: effective uid 0\nblock_devices\ncheck: a kernel-listed block device opens for reading\nusb.native\ncheck: /dev/bus/usb lists\nusb.web\ncheck: navigator.usb exists\nprocess.spawn\ncheck: a shell runs\nfs.persistent\ncheck: working dir writable, or storage persisted\nnet\ncheck: a non-loopback interface is up, or onLine\nnative\ncheck: null","worker (isolate or Web Worker)\nkind: web_worker\nstart 235 ms, first facts() round trip 39 ms\nroot\ncheck: effective uid 0\nblock_devices\ncheck: a kernel-listed block device opens for reading\nusb.native\ncheck: /dev/bus/usb lists\nusb.web\ncheck: navigator.usb exists\nprocess.spawn\ncheck: a shell runs\nfs.persistent\ncheck: working dir writable, or storage persisted\nnet\ncheck: a non-loopback interface is up, or onLine\nnative\ncheck: null","Places","Strategy","Rust","Lifecycle","Shell","Plugins"]}}
{"check":"places-scroll-2","result":{"url":"https://mui.kernelsu.org/index.html","socket":"webview_devtools_remote_10262","value":["Back\nBack","inline (the caller)\nkind: inline\nstart 297 ms, first facts() round trip 103 ms\nroot\ncheck: effective uid 0\nblock_devices\ncheck: a kernel-listed block device opens for reading\nusb.native\ncheck: /dev/bus/usb lists\nusb.web\ncheck: navigator.usb exists\nprocess.spawn\ncheck: a shell runs\nfs.persistent\ncheck: working dir writable, or storage persisted\nnet\ncheck: a non-loopback interface is up, or onLine\nnative\ncheck: null","worker (isolate or Web Worker)\nkind: web_worker\nstart 235 ms, first facts() round trip 39 ms\nroot\ncheck: effective uid 0\nblock_devices\ncheck: a kernel-listed block device opens for reading\nusb.native\ncheck: /dev/bus/usb lists\nusb.web\ncheck: navigator.usb exists\nprocess.spawn\ncheck: a shell runs\nfs.persistent\ncheck: working dir writable, or storage persisted\nnet\ncheck: a non-loopback interface is up, or onLine\nnative\ncheck: null","root process (the app CLI, serve mode)\nkind: process\nstart 165 ms, first facts() round trip 0 ms\nroot\ncheck: effective uid 0\nblock_devices\ncheck: a kernel-listed block device opens for reading\nusb.native\ncheck: /dev/bus/usb lists\nusb.web\ncheck: navigator.usb exists\nprocess.spawn\ncheck: a shell runs\nfs.persistent\ncheck: working dir writable, or storage persisted\nnet\ncheck: a non-loopback interface is up, or onLine\nnative\ncheck: null","Places","Strategy","Rust","Lifecycle","Shell","Plugins"]}}
{"check":"places-scroll-3","result":{"url":"https://mui.kernelsu.org/index.html","socket":"webview_devtools_remote_10262","value":["Back\nBack","worker (isolate or Web Worker)\nkind: web_worker\nstart 235 ms, first facts() round trip 39 ms\nroot\ncheck: effective uid 0\nblock_devices\ncheck: a kernel-listed block device opens for reading\nusb.native\ncheck: /dev/bus/usb lists\nusb.web\ncheck: navigator.usb exists\nprocess.spawn\ncheck: a shell runs\nfs.persistent\ncheck: working dir writable, or storage persisted\nnet\ncheck: a non-loopback interface is up, or onLine\nnative\ncheck: null","root process (the app CLI, serve mode)\nkind: process\nstart 165 ms, first facts() round trip 0 ms\nroot\ncheck: effective uid 0\nblock_devices\ncheck: a kernel-listed block device opens for reading\nusb.native\ncheck: /dev/bus/usb lists\nusb.web\ncheck: navigator.usb exists\nprocess.spawn\ncheck: a shell runs\nfs.persistent\ncheck: working dir writable, or storage persisted\nnet\ncheck: a non-loopback interface is up, or onLine\nnative\ncheck: null","Reference: one call and one stream per place\nsquadron_process doc/benchmark.md, a 4-vCPU VM. Not measured here; devicelab measures devices.\nCall: isolate 31 µs, Web Worker (dart2js) 120 µs, process 247 µs, process from the page 401 µs.\n64 KiB stream: isolate 3643 MiB/s, Web Worker 631 MiB/s, process link about 110 MiB/s.","Places","Strategy","Rust","Lifecycle","Shell","Plugins"]}}
{"check":"tap-strategy","result":{"url":"https://mui.kernelsu.org/index.html","socket":"webview_devtools_remote_10262","value":"tapped Strategy at 53,536 size 53x80 role tab tappable"}}
{"check":"strategy","result":{"url":"https://mui.kernelsu.org/index.html","socket":"webview_devtools_remote_10262","value":["Back\nBack","Objective: list the device's partitions. Strategies in preference order: on the device as root, then from a host over USB. The first one the place's facts allow runs; nothing reads kIsWeb or Platform.","Place","inline (the caller)","worker (isolate or Web Worker)","root process (the app CLI, serve mode)","Facts from inline (the caller)\nSwitch a fact off to see the fallback. You can only take facts away.\nroot\ncheck: effective uid 0\nblock_devices\ncheck: a kernel-listed block device opens for reading\nusb.native\ncheck: /dev/bus/usb lists\nusb.web\ncheck: navigator.usb exists\nprocess.spawn\ncheck: a shell runs\nfs.persistent\ncheck: working dir writable, or storage persisted\nnet\ncheck: a non-loopback interface is up, or onLine\nnative\ncheck: null","root","block_devices","usb.native","process.spawn","Places","Strategy","Rust","Lifecycle","Shell","Plugins"]}}
{"check":"tap-strategy-root","result":{"url":"https://mui.kernelsu.org/index.html","socket":"webview_devtools_remote_10262","value":"tapped root process at 24,358 size 272x48 role checkbox tappable"}}
{"check":"strategy-root","result":{"url":"https://mui.kernelsu.org/index.html","socket":"webview_devtools_remote_10262","value":["Back\nBack","Objective: list the device's partitions. Strategies in preference order: on the device as root, then from a host over USB. The first one the place's facts allow runs; nothing reads kIsWeb or Platform.","Place","inline (the caller)","worker (isolate or Web Worker)","root process (the app CLI, serve mode)","Facts from root process (the app CLI, serve mode)\nSwitch a fact off to see the fallback. You can only take facts away.\nroot\ncheck: effective uid 0\nblock_devices\ncheck: a kernel-listed block device opens for reading\nusb.native\ncheck: /dev/bus/usb lists\nusb.web\ncheck: navigator.usb exists\nprocess.spawn\ncheck: a shell runs\nfs.persistent\ncheck: working dir writable, or storage persisted\nnet\ncheck: a non-loopback interface is up, or onLine\nnative\ncheck: null","root","block_devices","usb.native","process.spawn","Places","Strategy","Rust","Lifecycle","Shell","Plugins"]}}
{"check":"strategy-root-scroll-1","result":{"url":"https://mui.kernelsu.org/index.html","socket":"webview_devtools_remote_10262","value":["Back\nBack","Place","inline (the caller)","worker (isolate or Web Worker)","root process (the app CLI, serve mode)","Facts from root process (the app CLI, serve mode)\nSwitch a fact off to see the fallback. You can only take facts away.\nroot\ncheck: effective uid 0\nblock_devices\ncheck: a kernel-listed block device opens for reading\nusb.native\ncheck: /dev/bus/usb lists\nusb.web\ncheck: navigator.usb exists\nprocess.spawn\ncheck: a shell runs\nfs.persistent\ncheck: working dir writable, or storage persisted\nnet\ncheck: a non-loopback interface is up, or onLine\nnative\ncheck: null","root","block_devices","usb.native","process.spawn","Chosen: on device (/proc/partitions as root)\non_device chosen","on device (/proc/partitions as root)\nneeds root + block_devices: has them","Places","Strategy","Rust","Lifecycle","Shell","Plugins"]}}
{"check":"strategy-root-scroll-2","result":{"url":"https://mui.kernelsu.org/index.html","socket":"webview_devtools_remote_10262","value":["Back\nBack","Facts from root process (the app CLI, serve mode)\nSwitch a fact off to see the fallback. You can only take facts away.\nroot\ncheck: effective uid 0\nblock_devices\ncheck: a kernel-listed block device opens for reading\nusb.native\ncheck: /dev/bus/usb lists\nusb.web\ncheck: navigator.usb exists\nprocess.spawn\ncheck: a shell runs\nfs.persistent\ncheck: working dir writable, or storage persisted\nnet\ncheck: a non-loopback interface is up, or onLine\nnative\ncheck: null","usb.native","process.spawn","Chosen: on device (/proc/partitions as root)\non_device chosen","on device (/proc/partitions as root)\nneeds root + block_devices: has them","from host (fastboot getvar all)\nneeds usb.native + process.spawn: has them","Run on_device in process","Log\nEvery run: objective, strategy, place and the facts it saw.\nNothing has run yet.","Places","Strategy","Rust","Lifecycle","Shell","Plugins"]}}
{"check":"tap-rust","result":{"url":"https://mui.kernelsu.org/index.html","socket":"webview_devtools_remote_10262","value":"tapped Rust at 107,536 size 53x80 role tab tappable"}}
{"check":"rust","result":{"url":"https://mui.kernelsu.org/index.html","socket":"webview_devtools_remote_10262","value":["Back\nBack","The demo crate (rust/) counts the primes below 1000000 with the same loop as page 1's Dart. The service loads it in its own place through flutter_rust_bridge, so each place runs its own build.","Run in every place","inline (the caller)","Run here","worker (isolate or Web Worker)","Run here","root process (the app CLI, serve mode)","Run here","Places","Strategy","Rust","Lifecycle","Shell","Plugins"]}}
{"check":"tap-rust-run","result":{"url":"https://mui.kernelsu.org/index.html","socket":"webview_devtools_remote_10262","value":"tapped Run in every place at 16,196 size 288x48 role button tappable"}}
{"check":"rust-ran","result":{"url":"https://mui.kernelsu.org/index.html","socket":"webview_devtools_remote_10262","value":["Back\nBack","The demo crate (rust/) counts the primes below 1000000 with the same loop as page 1's Dart. The service loads it in its own place through flutter_rust_bridge, so each place runs its own build.","Run in every place","inline (the caller)\nBuilt for: wasm32-unknown (single-threaded)\nLoad: 48 ms (once per place, on its first Rust call; on the web that fetches and instantiates the wasm)\nRust 137 ms, Dart 644 ms (same count: 78498)","Run here","worker (isolate or Web Worker)\nBuilt for: wasm32-unknown (single-threaded)\nLoad: 48 ms (once per place, on its first Rust call; on the web that fetches and instantiates the wasm)\nRust 126 ms, Dart 174 ms (same count: 78498)","Run here","root process (the app CLI, serve mode)\nBuilt for: x86_64-android\nLoad: 0 ms (once per place, on its first Rust call; on the web that fetches and instantiates the wasm)\nRust 104 ms, Dart 108 ms (same count: 78498)","Places","Strategy","Rust","Lifecycle","Shell","Plugins"]}}
{"check":"wasm-after-rust","result":{"url":"https://mui.kernelsu.org/index.html","socket":"webview_devtools_remote_10262","value":{"wasm":[{"name":"chromium/canvaskit.wasm","start":78,"dur":26},{"name":"pkg/demo_native_bg.wasm","start":80098,"dur":21}],"marks":[{"name":"flutter_webui:register","t":273},{"name":"flutter_webui:registered","t":273},{"name":"flutter_webui:register","t":274},{"name":"flutter_webui:registered","t":274},{"name":"flutter_webui:first-frame","t":344}],"measures":[],"now":101025}}}
{"check":"tap-rust-run-2","result":{"url":"https://mui.kernelsu.org/index.html","socket":"webview_devtools_remote_10262","value":"tapped Run in every place at 16,196 size 288x48 role button tappable"}}
{"check":"rust-ran-2","result":{"url":"https://mui.kernelsu.org/index.html","socket":"webview_devtools_remote_10262","value":["Back\nBack","The demo crate (rust/) counts the primes below 1000000 with the same loop as page 1's Dart. The service loads it in its own place through flutter_rust_bridge, so each place runs its own build.","Run in every place","inline (the caller)\nBuilt for: wasm32-unknown (single-threaded)\nLoad: 0 ms (once per place, on its first Rust call; on the web that fetches and instantiates the wasm)\nRust 101 ms, Dart 644 ms (same count: 78498)","Run here","worker (isolate or Web Worker)\nBuilt for: wasm32-unknown (single-threaded)\nLoad: 0 ms (once per place, on its first Rust call; on the web that fetches and instantiates the wasm)\nRust 107 ms, Dart 171 ms (same count: 78498)","Run here","root process (the app CLI, serve mode)\nBuilt for: x86_64-android\nLoad: 0 ms (once per place, on its first Rust call; on the web that fetches and instantiates the wasm)\nRust 98 ms, Dart 108 ms (same count: 78498)","Places","Strategy","Rust","Lifecycle","Shell","Plugins"]}}
{"check":"tap-lifecycle","result":{"url":"https://mui.kernelsu.org/index.html","socket":"webview_devtools_remote_10262","value":"tapped Lifecycle at 160,536 size 53x80 role tab tappable"}}
{"check":"tap-root-process","result":{"url":"https://mui.kernelsu.org/index.html","socket":"webview_devtools_remote_10262","value":"tapped root process at 24,390 size 272x48 role checkbox tappable"}}
{"check":"tap-start","result":{"url":"https://mui.kernelsu.org/index.html","socket":"webview_devtools_remote_10262","value":"tapped Start at 24,462 size 97x48 role button tappable"}}
{"check":"lifecycle-running","result":{"url":"https://mui.kernelsu.org/index.html","socket":"webview_devtools_remote_10262","value":["Back\nBack","Start a five-minute task, then switch away (Home, another app or tab) and come back: hidden keeps going. Close the app instead and reopen it: closed stops, and this page says where the task was when it ended.","Task\ntick every 500 ms, stamped with the place's own clock\nrunning in process: tick 17/600, longest gap 502 ms, app resumed 3","inline (the caller)","worker (isolate or Web Worker)","root process (the app CLI, serve mode)","Stop","Lifecycle\n08:44:26  started in process","Facts from root process (the app CLI, serve mode)\nroot\ncheck: effective uid 0\nblock_devices\ncheck: a kernel-listed block device opens for reading\nusb.native\ncheck: /dev/bus/usb lists\nusb.web\ncheck: navigator.usb exists\nprocess.spawn\ncheck: a shell runs\nfs.persistent\ncheck: working dir writable, or storage persisted\nnet\ncheck: a non-loopback interface is up, or onLine\nnative\ncheck: null","Places","Strategy","Rust","Lifecycle","Shell","Plugins"]}}
{"check":"lifecycle-after-home","result":{"url":"https://mui.kernelsu.org/index.html","socket":"webview_devtools_remote_10262","value":["Back\nBack","Start a five-minute task, then switch away (Home, another app or tab) and come back: hidden keeps going. Close the app instead and reopen it: closed stops, and this page says where the task was when it ended.","Task\ntick every 500 ms, stamped with the place's own clock\nrunning in process: tick 41/600, longest gap 503 ms, app resumed 7","inline (the caller)","worker (isolate or Web Worker)","root process (the app CLI, serve mode)","Stop","Lifecycle\n08:44:42  away 7.1 s: the place produced 14 ticks (on schedule: 14); longest gap 502 ms\n08:44:42  inactive -> resumed\n08:44:42  hidden -> inactive\n08:44:35  inactive -> hidden\n08:44:35  resumed -> inactive\n08:44:26  started in process","Places","Strategy","Rust","Lifecycle","Shell","Plugins"]}}
{"check":"root-process","result":"root             0 u:r:ksu:s0                     10552 dartaotruntime\nu0_a210      10210 u:r:untrusted_app_27:s0:c210,c256,c512,c768 10576 com.webui.api.demo\nroot             0 u:r:ksu:s0                     10632 dartaotruntime"}
/home/runner/work/devicelab/devicelab/out/sockprobe: 1 file pushed, 0 skipped. 370.8 MB/s (3501403 bytes in 0.009s)
{"check":"block-devices","result":"dm-0\ndm-1\ndm-11\ndm-13\ndm-14\ndm-16\ndm-17\ndm-18\ntotal 0\ndrwxr-xr-x 2 root root u:object_r:block_device:s0                140 2026-10-05 08:36 by-name\nbrw------- 1 root root u:object_r:dm_device:s0              254,   0 2026-10-05 08:36 dm-0\nbrw------- 1 root root u:object_r:dm_device:s0              254,   1 2026-10-05 08:36 dm-1\nbrw------- 1 root root u:object_r:dm_device:s0              254,  11 2026-10-05 08:36 dm-11\nbrw------- 1 root root u:object_r:dm_device:s0              254,  13 2026-10-05 08:36 dm-13\nbrw------- 1 root root u:object_r:dm_device:s0              254,  14 2026-10-05 08:36 dm-14\nbrw------- 1 root root u:object_r:dm_device:s0              254,  16 2026-10-05 08:36 dm-16\nbrw------- 1 root root u:object_r:dm_device:s0              254,  17 2026-10-05 08:36 dm-17\nbrw------- 1 root root u:object_r:dm_device:s0              254,  18 2026-10-05 08:36 dm-18\nbrw------- 1 root root u:object_r:dm_device:s0              254,  19 2026-10-05 08:36 dm-19\nbrw------- 1 root root u:object_r:dm_device:s0              254,   2 2026-10-05 08:36 dm-2\n-- su:\n0000000  \\0\n-- ksu:\n{\"error\":\"write /proc/thread-self/attr/current: operation not permitted\",\"op\":\"setcon\"}\n-- avc:"}
{"check":"back-1","result":{"url":"https://mui.kernelsu.org/index.html","socket":"webview_devtools_remote_10262","value":["Squadron","Process","native","net","Say hello","Count to 5","SHA-256","Demo pages\nOne page per thing the stack promises.","Places","Strategy","Rust","Lifecycle","Shell","Plugins"]}}
{"check":"back-1-top","result":"topResumedActivity=ActivityRecord{e53d2c3 u0 me.weishu.kernelsu/.ui.webui.WebUIActivity t22}"}
{"check":"back-2-top","result":"topResumedActivity=ActivityRecord{d5a8366 u0 com.google.android.apps.nexuslauncher/.NexusLauncherActivity t10}"}
{"check":"back-3-top","result":"topResumedActivity=ActivityRecord{d5a8366 u0 com.google.android.apps.nexuslauncher/.NexusLauncherActivity t10}"}
{"check":"open","result":"opened: intent-token"}
{"check":"tap-places","result":{"url":"https://mui.kernelsu.org/index.html","socket":"webview_devtools_remote_11027","value":"tapped Places at 16,572 size 288x56 role button tappable"}}
{"check":"places","result":{"url":"https://mui.kernelsu.org/index.html","socket":"webview_devtools_remote_11027","value":["Back\nBack","One service, DemoService, opened in every place this build knows. Each place probes its own facts from inside; the page never guesses from the platform it was built for.","200k","1M","3M","Count primes in every place","Restart places","inline (the caller)\nkind: inline\nstart 498 ms, first facts() round trip 158 ms\nroot\ncheck: effective uid 0\nblock_devices\ncheck: a kernel-listed block device opens for reading\nusb.native\ncheck: /dev/bus/usb lists\nusb.web\ncheck: navigator.usb exists\nprocess.spawn\ncheck: a shell runs\nfs.persistent\ncheck: working dir writable, or storage persisted\nnet\ncheck: a non-loopback interface is up, or onLine\nnative\ncheck: null","worker (isolate or Web Worker)\nkind: web_worker\nstart 210 ms, first facts() round trip 77 ms\nroot\ncheck: effective uid 0\nblock_devices\ncheck: a kernel-listed block device opens for reading\nusb.native\ncheck: /dev/bus/usb lists\nusb.web\ncheck: navigator.usb exists\nprocess.spawn\ncheck: a shell runs\nfs.persistent\ncheck: working dir writable, or storage persisted\nnet\ncheck: a non-loopback interface is up, or onLine\nnative\ncheck: null","Places","Strategy","Rust","Lifecycle","Shell","Plugins"]}}
{"check":"root-process","result":"pid 11331 uid 0 ctx u:r:ksu:s0 cwd /data/adb/demo\n/system/bin/sh -c trap : TERM INT HUP USR1 USR2; exec 0</dev/null; \"$@\" >>\"$FLUTTER_WEBUI_LOG\" 2>&1; c=$?; (umask 077 && echo $c >\"$FLUTTER_WEBUI_EXIT.tmp\"); mv \"$FLUTTER_WEBUI_EXIT.tmp\" \"$FLUTTER_WEBUI_EXIT\" sh /data/adb/modules/demo/bin/demo serve --session-file /data/adb/modules/demo/run/demo.place.json --launch-id b09ba812d45d24c2 \npid 11332 uid 0 ctx u:r:ksu:s0 cwd /data/adb/demo\n/data/adb/modules/demo/bin/x86_64/dartaotruntime /data/adb/modules/demo/bin/x86_64/demo.aot serve --session-file /data/adb/modules/demo/run/demo.place.json --launch-id b09ba812d45d24c2 \npid 11358 uid 0 ctx u:r:su:s0 cwd /\n/system/bin/sh -c for p in $(pgrep -f 'serve --session-file'); do echo \"pid $p uid $(stat -c %u /proc/$p) ctx $(cat /proc/$p/attr/current | tr -d '\\0') cwd $(readlink /proc/$p/cwd)\"; tr '\\0' ' ' </proc/$p/cmdline; echo; done"}
{"check":"root-cwd","result":"/data/adb/demo"}
{"check":"cli-facts-datadir","result":"{\n  \"root\": true,\n  \"block_devices\": true,\n  \"usb.native\": true,\n  \"usb.web\": false,\n  \"process.spawn\": true,\n  \"fs.persistent\": true,\n  \"net\": true,\n  \"native\": true\n}"}
{"check":"cli-facts-slash","result":"\"root\": true,\n  \"fs.persistent\": false,"}
{"check":"page-persisted","result":{"url":"https://mui.kernelsu.org/index.html","socket":"webview_devtools_remote_11027","value":{"persisted":false}}}
{"check":"worker-persisted","result":{"url":"https://mui.kernelsu.org/index.html","socket":"webview_devtools_remote_11027","value":{"persisted":false}}}
{"check":"open-home","result":"opened: intent-token"}
{"check":"home-only","result":"channel= place=11667 fgs=0"}
{"check":"normal-tap-places","result":{"url":"https://mui.kernelsu.org/index.html","socket":"webview_devtools_remote_11452","value":"tapped Places at 16,572 size 288x56 role button tappable"}}
{"check":"normal-channel-up-after","result":"0 s (pid 11684)"}
{"check":"normal-state-open","result":"port=36837 conns=2 channel=11699 place=11767 fgs=1"}
{"check":"normal-closed","result":"08:46:25 top: com.google.android.apps.nexuslauncher/.NexusLauncherActivity"}
{"check":"normal-after-close","result":{"conn_dropped_s":"0","channel_exit_s":"30","place_exit_s":">240","fgs_gone_s":"30"}}
{"check":"normal-root-log","result":"2026-10-05T08:46:15.225491 cgroup before: 4:memory:/ 3:cpuset:/top-app 2:cpu:/top-app 1:blkio:/ 0::/uid_10209/pid_11452\n2026-10-05T08:46:15.225571 cgroup after: 4:memory:/ 3:cpuset:/top-app 2:cpu:/top-app 1:blkio:/ 0::/\n2026-10-05T08:46:15.263977 listening on 127.0.0.1:36837\n2026-10-05T08:46:53.816950 shutting down\n2026-10-05T08:46:53.836285 am stopservice --user 0 -n com.webui.api.demo/com.termux.api.RootHelperService: exit 255 Stopping service: Intent { cmp=com.webui.api.demo/com.termux.api.RootHelperService }\nService stopped"}
{"check":"reopen","result":"opened: intent-token"}
{"check":"screenoff-tap-places","result":{"url":"https://mui.kernelsu.org/index.html","socket":"webview_devtools_remote_12352","value":"tapped Places at 16,572 size 288x56 role button tappable"}}
{"check":"screenoff-channel-up-after","result":"1 s (pid 12575)"}
{"check":"screenoff-state-open","result":"port=46049 conns=2 channel=12575 place=12640 fgs=1"}
{"check":"screenoff-closed","result":"08:51:09 top: com.google.android.apps.nexuslauncher/.NexusLauncherActivity"}
{"check":"screenoff-after-close","result":{"conn_dropped_s":"0","channel_exit_s":"31","place_exit_s":">240","fgs_gone_s":"31"}}
{"check":"screenoff-root-log","result":"2026-10-05T08:50:59.684672 cgroup before: 4:memory:/ 3:cpuset:/top-app 2:cpu:/top-app 1:blkio:/ 0::/uid_10209/pid_12352\n2026-10-05T08:50:59.684754 cgroup after: 4:memory:/ 3:cpuset:/top-app 2:cpu:/top-app 1:blkio:/ 0::/\n2026-10-05T08:50:59.835599 listening on 127.0.0.1:46049\n2026-10-05T08:51:38.411934 shutting down\n2026-10-05T08:51:38.430067 am stopservice --user 0 -n com.webui.api.demo/com.termux.api.RootHelperService: exit 255 Stopping service: Intent { cmp=com.webui.api.demo/com.termux.api.RootHelperService }\nService stopped"}
{"check":"stopservice","result":"Starting service: Intent { cmp=com.webui.api.demo/com.termux.api.RootHelperService }\nStopping service: Intent { cmp=com.webui.api.demo/com.termux.api.RootHelperService }\nService stopped\nexit=255\n0"}
{"check":"monet-dark-sys-light","night":"no","color_mode":"5","opened":"opened: intent-token","result":{"url":"https://mui.kernelsu.org/index.html","socket":"webview_devtools_remote_13337","value":{"dark":false,"primary":"#277af7","background":"#242424","cssBytes":1427}}}
{"check":"monet-light-sys-dark","night":"yes","color_mode":"4","opened":"opened: intent-token","result":{"url":"https://mui.kernelsu.org/index.html","socket":"webview_devtools_remote_13594","value":{"dark":true,"primary":"#3482ff","background":"#ffffff","cssBytes":1425}}}
{"check":"monet-system-sys-dark","night":"yes","color_mode":"3","opened":"opened: intent-token","result":{"url":"https://mui.kernelsu.org/index.html","socket":"webview_devtools_remote_13844","value":{"dark":true,"primary":"#277af7","background":"#242424","cssBytes":1427}}}
{"check":"dark-sys-light","night":"no","color_mode":"2","opened":"opened: intent-token","result":{"url":"https://mui.kernelsu.org/index.html","socket":"webview_devtools_remote_14089","value":{"dark":false,"primary":null,"background":null,"cssBytes":0}}}
{"check":"system-sys-dark","night":"yes","color_mode":"0","opened":"opened: intent-token","result":{"url":"https://mui.kernelsu.org/index.html","socket":"webview_devtools_remote_14334","value":{"dark":true,"primary":null,"background":null,"cssBytes":0}}}
/home/runner/work/devicelab/devicelab/out/sockprobe: 1 file pushed, 0 skipped. 233.3 MB/s (3501403 bytes in 0.014s)
{"check":"ksud-version","result":"ksud 3.3.0 (uapi: 2)\nmanage module configuration\n\nUsage: ksud module config [OPTIONS] <COMMAND>"}
{"check":"root-script","result":"-rwxr-xr-x 1 root root 1921 2026-10-05 08:37 /data/adb/modules/demo/flutter_webui/root\n#!/system/bin/sh\n# flutter-webui root channel launcher. Lives at <moddir>/flutter_webui/root.\n# Usage: sh root start    find or start the channel; prints its session as one\n#                         JSON line (port, token), or exits non-zero\n#        sh root serve    run the channel (started detached by `start`)\n# Needs `ksud module config` (KernelSU or KernelSU Next v3.0.0+).\n# SPDX-License-Identifier: LGPL-3.0-or-later WITH LGPL-3.0-linking-exception\n\ndir=${0%/*}\ncase \"$dir\" in /*) ;; *) dir=$(cd \"$dir\" && pwd) ;; esac\nmoddir=${dir%/*}\nid=${moddir##*/}\nrun=$dir/run\n\ncase \"$(uname -m)\" in\n  aarch64 | arm64) abi=arm64-v8a ;;\n  x86_64) abi=x86_64 ;;\n  *) echo \"flutter_webui: unsupported CPU $(uname -m)\" >&2; exit 1 ;;\nesac\n\n# Root shells can start with an empty environment, and the Dart VM needs a\n# writable TMPDIR: the module's temporary directory, which `start` empties on\n# the first start of each boot.\nexport TMPDIR=\"${FLUTTER_WEBUI_DATA:-/data/adb/$id}/tmp\"\n(umask 077 && mkdir -p \"$TMPDIR\" \"$run\")\n\nchannel() {\n  rt=$dir/$abi\n  # A linux (glibc) runtime ships its loader and libraries next to it; an\n  # Android-built runtime runs directly."}
{"check":"layout-before","result":"total 48\ndrwxr-xr-x 5 root root 4096 2026-10-05 08:42 .\ndrwxr-xr-x 7 root root 4096 2026-10-05 08:42 ..\ndrwxr-xr-x 2 root root 4096 2026-10-05 08:37 arm64-v8a\n-rwxr-xr-x 1 root root 1921 2026-10-05 08:37 root\ndrwx------ 3 root root 4096 2026-10-05 08:42 run\ndrwxr-xr-x 2 root root 4096 2026-10-05 08:37 x86_64\n-- run:\n700 root:root /data/adb/modules/demo/flutter_webui/run\n/data/adb/modules/demo/flutter_webui/run:\ntotal 44\ndrwx------ 3 root root 4096 2026-10-05 08:42 .\ndrwxr-xr-x 5 root root 4096 2026-10-05 08:42 ..\n-rw------- 1 root root    6 2026-10-05 08:50 lock\ndrwx------ 2 root root 4096 2026-10-05 08:51 proc\n-rw------- 1 root root  534 2026-10-05 08:51 root.log\n-rw------- 1 root root    0 2026-10-05 08:42 start.lock\n\n/data/adb/modules/demo/flutter_webui/run/proc:\ntotal 88\ndrwx------ 2 root root 4096 2026-10-05 08:51 .\ndrwx------ 3 root root 4096 2026-10-05 08:42 ..\n-rw------- 1 root root   36 2026-10-05 08:42 .boot\n-rw------- 1 root root    2 2026-10-05 08:44 1791189758876657-0.exit\n-rw------- 1 root root  215 2026-10-05 08:42 1791189758876657-0.log\n-rw------- 1 root root    2 2026-10-05 08:45 1791189926720710-0.exit\n-rw------- 1 root root  215 2026-10-05 08:45 1791189926720710-0.log\n-rw------- 1 root root    2 2026-10-05 08:46 1791189976031592-0.exit\n-rw------- 1 root root  215 2026-10-05 08:46 1791189976031592-0.log\n-- webroot/.run:\nls: /data/adb/modules/demo/webroot/.run: No such file or directory"}
{"check":"config-before","result":"webui.session=Error: Key 'webui.session' not found\nwebui.boot=916098b7-3c89-4eb0-ad4a-d076d47ce634\n-- list:\nwebui.installed=1\nwebui.boot=916098b7-3c89-4eb0-ad4a-d076d47ce634"}
{"check":"config-after-boot","result":"webui.session=Error: Key 'webui.session' not found\nwebui.boot=Error: Key 'webui.boot' not found\n-- list:\nwebui.installed=1"}
{"check":"tmp-after-boot","result":"total 24\ndrwx------ 2 root root 4096 2026-10-05 08:58 .\ndrwx------ 3 root root 4096 2026-10-05 08:51 ..\n-rw-rw-rw- 1 root root    4 2026-10-05 08:58 lab-marker"}
{"check":"start-1","result":"# via adb root (0 u:r:su:s0)\n{\"protocol\":1,\"version\":\"0.2.3\",\"port\":44411,\"token\":\"TvOH3ZQ-hsSaz3Z20XfrnOjh8ZLAKurMq5eFko3xEOY\",\"pid\":1498,\"boot\":\"916098b7-3c89-4eb0-ad4a-d076d47ce634\",\"started\":\"2026-10-05T09:03:42.861832Z\"}\nexit=0"}
{"check":"tmp-after-start-1","result":"total 16\ndrwx------ 2 root root 4096 2026-10-05 09:03 .\ndrwx------ 3 root root 4096 2026-10-05 08:51 .."}
{"check":"config-after-start-1","result":"webui.session={\"protocol\":1,\"version\":\"0.2.3\",\"port\":44411,\"token\":\"TvOH3ZQ-hsSaz3Z20XfrnOjh8ZLAKurMq5eFko3xEOY\",\"pid\":1498,\"boot\":\"916098b7-3c89-4eb0-ad4a-d076d47ce634\",\"started\":\"2026-10-05T09:03:42.861832Z\"}\nwebui.boot=916098b7-3c89-4eb0-ad4a-d076d47ce634\n-- list:\nwebui.installed=1\nwebui.boot=916098b7-3c89-4eb0-ad4a-d076d47ce634\nwebui.session={\"protocol\":1,\"version\":\"0.2.3\",\"port\":44411,\"token\":\"TvOH3ZQ-hsSaz3Z20XfrnOjh8ZLAKurMq5eFko3xEOY\",\"pid\":1498,\"boot\":\"916098b7-3c89-4eb0-ad4a-d076d47ce634\",\"started\":\"2026-10-05T09:03:42.861832Z\"}"}
{"check":"layout-after-start-1","result":"total 48\ndrwxr-xr-x 5 root root 4096 2026-10-05 08:42 .\ndrwxr-xr-x 7 root root 4096 2026-10-05 08:42 ..\ndrwxr-xr-x 2 root root 4096 2026-10-05 08:37 arm64-v8a\n-rwxr-xr-x 1 root root 1921 2026-10-05 08:37 root\ndrwx------ 3 root root 4096 2026-10-05 08:42 run\ndrwxr-xr-x 2 root root 4096 2026-10-05 08:37 x86_64\n-- run:\n700 root:root /data/adb/modules/demo/flutter_webui/run\n/data/adb/modules/demo/flutter_webui/run:\ntotal 44\ndrwx------ 3 root root 4096 2026-10-05 08:42 .\ndrwxr-xr-x 5 root root 4096 2026-10-05 08:42 ..\n-rw------- 1 root root    5 2026-10-05 09:03 lock\ndrwx------ 2 root root 4096 2026-10-05 08:51 proc\n-rw------- 1 root root  415 2026-10-05 09:03 root.log\n-rw------- 1 root root    0 2026-10-05 08:42 start.lock\n\n/data/adb/modules/demo/flutter_webui/run/proc:\ntotal 88\ndrwx------ 2 root root 4096 2026-10-05 08:51 .\ndrwx------ 3 root root 4096 2026-10-05 08:42 ..\n-rw------- 1 root root   36 2026-10-05 08:42 .boot\n-rw------- 1 root root    2 2026-10-05 08:44 1791189758876657-0.exit\n-rw------- 1 root root  215 2026-10-05 08:42 1791189758876657-0.log\n-rw------- 1 root root    2 2026-10-05 08:45 1791189926720710-0.exit\n-rw------- 1 root root  215 2026-10-05 08:45 1791189926720710-0.log\n-rw------- 1 root root    2 2026-10-05 08:46 1791189976031592-0.exit\n-rw------- 1 root root  215 2026-10-05 08:46 1791189976031592-0.log\n-- webroot/.run:\nls: /data/adb/modules/demo/webroot/.run: No such file or directory"}
{"check":"start-2","result":"# via adb root (0 u:r:su:s0)\n{\"protocol\":1,\"version\":\"0.2.3\",\"port\":44411,\"token\":\"TvOH3ZQ-hsSaz3Z20XfrnOjh8ZLAKurMq5eFko3xEOY\",\"pid\":1498,\"boot\":\"916098b7-3c89-4eb0-ad4a-d076d47ce634\",\"started\":\"2026-10-05T09:03:42.861832Z\"}\nexit=0"}
{"check":"same-pid","result":{"first":"1498","second":"1498","same":true}}
{"check":"delete-session","result":"exit=0"}
{"check":"start-3","result":"# via adb root (0 u:r:su:s0)\n{\"protocol\":1,\"version\":\"0.2.3\",\"port\":44095,\"token\":\"fh_TJLLwkRKiH_YMW04eipnLpjWUjt0AnDp6_r_h3KQ\",\"pid\":1635,\"boot\":\"916098b7-3c89-4eb0-ad4a-d076d47ce634\",\"started\":\"2026-10-05T09:03:43.354248Z\"}\nexit=0"}
{"check":"replaced","result":{"old":"1498","new":"1635","new_pid":true,"old_alive":"no"}}
{"check":"procs","result":"root          1635     1 u:r:su:s0                      dartaotruntime              dartaotruntime /data/adb/modules/demo/flutter_webui/x86_64/flutter_webui_root.aot serve --module-dir /data/adb/modules/demo --module-id demo --run-dir /data/adb/modules/demo/flutter_webui/run --temp-dir /data/adb/demo/tmp --announce\nroot         14627     1 u:r:su:s0                      busybox                     busybox sh /data/adb/modules/demo/service.sh"}
{"check":"root-log","result":"2026-10-05T09:03:43.344004 cgroup before: 4:memory:/ 3:cpuset:/ 2:cpu:/ 1:blkio:/ 0::/uid_0/pid_1844\n2026-10-05T09:03:43.344063 cgroup after: 4:memory:/ 3:cpuset:/ 2:cpu:/ 1:blkio:/ 0::/\n2026-10-05T09:03:43.359701 listening on 127.0.0.1:44095\n2026-10-05T09:03:43.367469 pm path com.webui.api.demo: exit 20 cmd: Can't find service: package\n2026-10-05T09:03:43.367493 com.webui.api.demo not installed; not holding it"}
{"check":"config-end","result":"webui.session={\"protocol\":1,\"version\":\"0.2.3\",\"port\":44095,\"token\":\"fh_TJLLwkRKiH_YMW04eipnLpjWUjt0AnDp6_r_h3KQ\",\"pid\":1635,\"boot\":\"916098b7-3c89-4eb0-ad4a-d076d47ce634\",\"started\":\"2026-10-05T09:03:43.354248Z\"}\nwebui.boot=916098b7-3c89-4eb0-ad4a-d076d47ce634\n-- list:\nwebui.boot=916098b7-3c89-4eb0-ad4a-d076d47ce634\nwebui.installed=1\nwebui.session={\"protocol\":1,\"version\":\"0.2.3\",\"port\":44095,\"token\":\"fh_TJLLwkRKiH_YMW04eipnLpjWUjt0AnDp6_r_h3KQ\",\"pid\":1635,\"boot\":\"916098b7-3c89-4eb0-ad4a-d076d47ce634\",\"started\":\"2026-10-05T09:03:43.354248Z\"}"}
{"check":"open","result":"opened: none"}
{"check":"page-uid","result":[]}
{"check":"hello-tap","result":{"error":"no page target","sockets":[],"targets":[]}}
{"check":"hello","result":[]}
{"check":"page-session","result":"{\"protocol\":1,\"version\":\"0.2.3\",\"port\":34983,\"token\":\"gkqoCGg1fKQFhWZa14MsNGE0ZK8zlMQkJeH6HdlpKoM\",\"pid\":10447,\"boot\":\"916098b7-3c89-4eb0-ad4a-d076d47ce634\",\"started\":\"2026-10-05T09:06:07.339944Z\"}"}
{"check":"page-hello","result":{"error":"no page target","sockets":[],"targets":[]}}
{"check":"channel-process","result":"root         10447     1 u:r:su:s0                      dartaotruntime"}
{"check":"start-after-page","result":"# via adb root (0 u:r:su:s0)\n{\"protocol\":1,\"version\":\"0.2.3\",\"port\":34983,\"token\":\"gkqoCGg1fKQFhWZa14MsNGE0ZK8zlMQkJeH6HdlpKoM\",\"pid\":10447,\"boot\":\"916098b7-3c89-4eb0-ad4a-d076d47ce634\",\"started\":\"2026-10-05T09:06:07.339944Z\"}\nexit=0"}
{"check":"layout-end","result":"total 48\ndrwxr-xr-x 5 root root 4096 2026-10-05 08:42 .\ndrwxr-xr-x 7 root root 4096 2026-10-05 08:42 ..\ndrwxr-xr-x 2 root root 4096 2026-10-05 08:37 arm64-v8a\n-rwxr-xr-x 1 root root 1921 2026-10-05 08:37 root\ndrwx------ 3 root root 4096 2026-10-05 08:42 run\ndrwxr-xr-x 2 root root 4096 2026-10-05 08:37 x86_64\n-- run:\n700 root:root /data/adb/modules/demo/flutter_webui/run\n/data/adb/modules/demo/flutter_webui/run:\ntotal 44\ndrwx------ 3 root root 4096 2026-10-05 08:42 .\ndrwxr-xr-x 5 root root 4096 2026-10-05 08:42 ..\n-rw------- 1 root root    6 2026-10-05 09:06 lock\ndrwx------ 2 root root 4096 2026-10-05 08:51 proc\n-rw------- 1 root root  415 2026-10-05 09:06 root.log\n-rw------- 1 root root    0 2026-10-05 08:42 start.lock\n\n/data/adb/modules/demo/flutter_webui/run/proc:\ntotal 88\ndrwx------ 2 root root 4096 2026-10-05 08:51 .\ndrwx------ 3 root root 4096 2026-10-05 08:42 ..\n-rw------- 1 root root   36 2026-10-05 08:42 .boot\n-rw------- 1 root root    2 2026-10-05 08:44 1791189758876657-0.exit\n-rw------- 1 root root  215 2026-10-05 08:42 1791189758876657-0.log\n-rw------- 1 root root    2 2026-10-05 08:45 1791189926720710-0.exit\n-rw------- 1 root root  215 2026-10-05 08:45 1791189926720710-0.log\n-rw------- 1 root root    2 2026-10-05 08:46 1791189976031592-0.exit\n-rw------- 1 root root  215 2026-10-05 08:46 1791189976031592-0.log\n-- webroot/.run:\nls: /data/adb/modules/demo/webroot/.run: No such file or directory"}
{"check":"app","result":"cmd: Can't find service: package\nls: /product/app/WebuiApi_demo/: No such file or directory\nCan't find service: package\nCan't find service: package"}
{"check":"app-user","result":"cmd: Can't find service: package\ncmd: Can't find service: package\nCan't find service: package\n-- install log:"}
{"check":"mounts","result":"ls: /data/adb/metamodule: No such file or directory\ntmpfs /product/app tmpfs rw,seclabel,relatime,mode=755 0 0\ntmpfs /product/app tmpfs rw,seclabel,relatime,mode=755 0 0\ntmpfs /product/app/* tmpfs rw,seclabel,relatime,mode=755 0 0\ntmpfs /product/app tmpfs rw,seclabel,relatime,mode=755 0 0\ntmpfs /product/app/* tmpfs rw,seclabel,relatime,mode=755 0 0\n* WebuiTermuxApi"}
{"check":"app-label","result":"cmd: Can't find service: package\nCan't find service: package"}
{"check":"metamodule-log","result":"metamodule \ntotal 104\ndrwxr-xr-x  30 root   root       4096 2025-01-23 17:36 .\ndrwxr-xr-x  30 root   root       4096 2025-01-23 17:36 ..\ndrwxr-xr-x   2 root   root       4096 2025-01-23 17:21 acct\n-rw-r--r--   1 root   root        723 2025-01-23 17:21 adb_keys\ndrwxr-xr-x  82 root   root       1680 2026-10-05 08:36 apex\nlrw-r--r--   1 root   root         11 2025-01-23 17:21 bin -> /system/bin\ndrwxr-xr-x   9 root   root        220 2026-10-05 08:36 bootstrap-apex\nlrw-r--r--   1 root   root         50 2025-01-23 17:21 bugreports -> /data/user_de/0/com.android.shell/files/bugreports\ndrwxrwx---   2 system cache      4096 2025-01-23 17:21 cache\ndrwxr-xr-x   3 root   root          0 2026-10-05 08:36 config\nlrw-r--r--   1 root   root         17 2025-01-23 17:21 d -> /sys/kernel/debug\ndrwxrwx--x  51 system system     4096 2026-10-05 08:38 data\ndrwx------   9 root   system      180 2026-10-05 08:36 data_mirror\ndrwxr-xr-x   2 root   root       4096 2025-01-23 17:21 debug_ramdisk\ndrwxr-xr-x  22 root   root       2800 2026-10-05 08:37 dev\nlrw-r--r--   1 root   root         11 2025-01-23 17:21 etc -> /system/etc\nlrwxr-x---   1 root   shell        16 2025-01-23 17:21 init -> /system/bin/init\n-rwxr-x---   1 root   shell       468 2025-01-23 17:21 init.environ.rc\ndrwxr-xr-x  19 root   root        420 2026-10-05 08:36 linkerconfig\n== /data/adb/ksu/log/logcat.log\n10-05 08:58:40.515 16364 16364 W CameraProviderManager: addAidlProviderLocked: Camera provider HAL with name 'android.hardware.camera.provider.ICameraProvider/internal/0' already registered\n10-05 08:58:40.636     0     0 I servicemanager: Caller(pid=16364,uid=1047,sid=u:r:cameraserver:s0) Found android.frameworks.cameraservice.service.ICameraService/default in framework VINTF manifest.\n10-05 08:58:40.639     0     0 I servicemanager: Caller(pid=16364,uid=1047,sid=u:r:cameraserver:s0) Found android.frameworks.cameraservice.service.ICameraService/default in framework VINTF manifest.\n10-05 08:58:41.006   943   943 I AidlLazyServiceRegistrar: Process has 0 (of 1 available) client(s) in use after notification android.hardware.biometrics.face.IFace/virtual has clients: 0\n10-05 08:58:41.006   943   943 I AidlLazyServiceRegistrar: Shutdown prevented by forcePersist override flag.\n10-05 08:58:41.131     0     0 I servicemanager: Notifying android.hardware.biometrics.face.IFace/virtual they don't (previously: do) have clients when we now have no record of a client\n10-05 08:58:41.133     0     0 I servicemanager: Notifying android.hardware.biometrics.fingerprint.IFingerprint/default they don't (previously: do) have clients when we now have no record of a client\n10-05 08:58:41.008 16325 16340 I AidlLazyServiceRegistrar: Process has 0 (of 1 available) client(s) in use after notification android.hardware.biometrics.fingerprint.IFingerprint/default has clients: 0\n10-05 08:58:41.008 16325 16340 I AidlLazyServiceRegistrar: Trying to shut down the service. No clients in use for any service in process.\n10-05 08:58:41.135     0     0 I servicemanager: Notifying apexservice they don't (previously: do) have clients when we now have no record of a client\n10-05 08:58:41.137     0     0 I servicemanager: Caller(pid=16325,uid=1000,sid=u:r:hal_fingerprint_default:s0) Unregistering android.hardware.biometrics.fingerprint.IFingerprint/default\n10-05 08:58:41.137     0     0 I AidlLazyServiceRegistrar: Process has 0 (of 1 available) client(s) in use after notification apexservice has clients: 0\n10-05 08:58:41.139     0     0 I BpBinder: onLastStrongRef automatically unlinking death recipients:\n10-05 08:58:41.014 16325 16340 I AidlLazyServiceRegistrar: Unregistered all clients and exiting\n10-05 08:58:41.140     0     0 I AidlLazyServiceRegistrar: Trying to shut down the service. No clients in use for any service in process.\n10-05 08:58:41.142     0     0 I init    : Service 'vendor.biometrics.fingerprint-service.ranchu' (pid 16325) exited with status 0 oneshot service took 2.679000 seconds in background\n10-05 08:58:41.143     0     0 I servicemanager: Caller(pid=16167,uid=0,sid=u:r:apexd:s0) Unregistering apexservice\n10-05 08:58:41.145     0     0 I init    : Sending signal 9 to service 'vendor.biometrics.fingerprint-service.ranchu' (pid 16325) process group...\n10-05 08:58:41.146     0     0 I BpBinder: onLastStrongRef automatically unlinking death recipients:\n10-05 08:58:41.146     0     0 I AidlLazyServiceRegistrar: Unregistered all clients and exiting\n10-05 08:58:41.148     0     0 I libprocessgroup: Removed cgroup /sys/fs/cgroup/uid_1000/pid_16325\n10-05 08:58:41.152     0     0 I init    : Service 'apexd' (pid 16167) exited with status 0 oneshot service took 3.728000 seconds in background\n10-05 08:58:41.154     0     0 I init    : Sending signal 9 to service 'apexd' (pid 16167) process group...\n10-05 08:58:41.155     0     0 I libprocessgroup: Removed cgroup /sys/fs/cgroup/uid_0/pid_16167\n10-05 08:58:41.772     0     0 I init    : starting service 'vendor.audio-hal'...\n== /data/adb/ksu/log/dmesg.log\n<14>[ 1313.773960] init: Command 'restart vendor.audio-hal-aidl' action=onrestart (<Service 'audioserver' onrestart>:2) took 0ms and failed: service vendor.audio-hal-aidl not found\n<14>[ 1313.776029] init: Command 'restart vendor.audio-effect-hal-aidl' action=onrestart (<Service 'audioserver' onrestart>:3) took 0ms and failed: service vendor.audio-effect-hal-aidl not found\n<14>[ 1313.778189] init: Command 'restart vendor.audio-hal-4-0-msd' action=onrestart (<Service 'audioserver' onrestart>:4) took 0ms and failed: service vendor.audio-hal-4-0-msd not found\n<14>[ 1313.780396] init: Command 'restart audio_proxy_service' action=onrestart (<Service 'audioserver' onrestart>:5) took 0ms and failed: service audio_proxy_service not found\n<14>[ 1313.783568] init: Service 'vendor.audio-hal' (pid 16087) received signal 9\n<14>[ 1313.784466] init: Sending signal 9 to service 'vendor.audio-hal' (pid 16087) process group...\n<11>[ 1313.785584] libprocessgroup: Failed to write 1 to /sys/fs/cgroup/uid_1041/pid_16087/cgroup.kill: No such file or directory\n<11>[ 1313.787079] libprocessgroup: Failed to open /sys/fs/cgroup/uid_1041/pid_16087/cgroup.procs: No such file or directory\n<14>[ 1313.788812] init: Service 'exec 43 (/system/bin/vdc volume abort_fuse)' (pid 16360) exited with status 0 oneshot service took 0.088000 seconds in background\n<14>[ 1313.790591] init: Sending signal 9 to service 'exec 43 (/system/bin/vdc volume abort_fuse)' (pid 16360) process group...\n<14>[ 1313.792226] libprocessgroup: Removed cgroup /sys/fs/cgroup/uid_1000/pid_16360\n<14>[ 1313.793202] init: Untracked pid 16093 received signal 9\n<14>[ 1313.793889] init: Untracked pid 16093 did not have an associated service entry and will not be reaped\n<14>[ 1313.795187] init: Untracked pid 16094 received signal 9\n<14>[ 1313.795959] init: Untracked pid 16094 did not have an associated service entry and will not be reaped\n<14>[ 1313.797197] init: processing action (sys.init.updatable_crashing=1) from (/system/etc/init/flags_health_check.rc:10)\n<14>[ 1313.798605] init: starting service 'exec 44 (/system/bin/flags_health_check UPDATABLE_CRASHING)'...\n<14>[ 1313.827017] init: ... started service 'exec 44 (/system/bin/flags_health_check UPDATABLE_CRASHING)' has pid 16362\n<6>[ 1313.827080] KernelSU: hook_manager: unmark 16362 exec /system/bin/flags_health_check\n<14>[ 1313.828568] init: SVC_EXEC service 'exec 44 (/system/bin/flags_health_check UPDATABLE_CRASHING)' pid 16362 (uid 1000 gid 1000+0 context default) started; waiting...\n<14>[ 1313.835826] init: Service 'exec 44 (/system/bin/flags_health_check UPDATABLE_CRASHING)' (pid 16362) exited with status 0 waiting took 0.035000 seconds\n<14>[ 1313.837538] init: Sending signal 9 to service 'exec 44 (/system/bin/flags_health_check UPDATABLE_CRASHING)' (pid 16362) process group...\n<14>[ 1313.839297] libprocessgroup: Removed cgroup /sys/fs/cgroup/uid_1000/pid_16362\n<14>[ 1313.840356] init: processing action (init.svc.media=*) from (/system/etc/init/mediaserver.rc:1)\n<14>[ 1313.841657] init: processing action (init.== /data/adb/ksu/log/logcat.old.log\n10-05 08:38:26.313  7261  7436 V dasx    : Is http uri, downloading (uri: https://www.gstatic.com/icing/idd/rewriter_rules/gif_rewrite_config_15_percent_1556155539.pb)\n10-05 08:38:26.332  7261  7435 E MDD     : DownloadProgressMonitor: Can't find file group for uri: android://com.google.android.apps.messaging/files/datadownload/shared/public/datadownloadfile_1791189462516\n10-05 08:38:26.333  7261  8005 D dasx    : Starting download: https://www.gstatic.com/icing/idd/rewriter_rules/gif_rewrite_config_20_percent_1556155539.pb\n10-05 08:38:26.333  7261  8005 V dasx    : Is http uri, downloading (uri: https://www.gstatic.com/icing/idd/rewriter_rules/gif_rewrite_config_20_percent_1556155539.pb)\n10-05 08:38:26.352  7261  7436 E MDD     : DownloadProgressMonitor: Can't find file group for uri: android://com.google.android.apps.messaging/files/datadownload/shared/public/datadownloadfile_1791189462517\n10-05 08:38:26.353  7261  7435 D dasx    : Starting download: https://www.gstatic.com/icing/idd/rewriter_rules/gif_rewrite_config_35_percent_1556155539.pb\n10-05 08:38:26.353  7261  7435 V dasx    : Is http uri, downloading (uri: https://www.gstatic.com/icing/idd/rewriter_rules/gif_rewrite_config_35_percent_1556155539.pb)\n10-05 08:38:26.372  7261  8005 E MDD     : DownloadProgressMonitor: Can't find file group for uri: android://com.google.android.apps.messaging/files/datadownload/shared/public/datadownloadfile_1791189462518\n10-05 08:38:26.373  7261  7436 D dasx    : Starting download: https://www.gstatic.com/icing/idd/rewriter_rules/gif_rewrite_config_50_percent_1556155539.pb\n10-05 08:38:26.373  7261  7436 V dasx    : Is http uri, downloading (uri: https://www.gstatic.com/icing/idd/rewriter_rules/gif_rewrite_config_50_percent_1556155539.pb)\n10-05 08:38:26.392  7261  7435 E MDD     : DownloadProgressMonitor: Can't find file group for uri: android://com.google.android.apps.messaging/files/datadownload/shared/public/datadownloadfile_1791189462519\n10-05 08:38:26.393  7261  8005 D dasx    : Starting download: https://www.gstatic.com/icing/idd/rewriter_rules/gif_rewrite_config_65_percent_1556155539.pb\n10-05 08:38:26.393  7261  8005 V dasx    : Is http uri, downloading (uri: https://www.gstatic.com/icing/idd/rewriter_rules/gif_rewrite_config_65_percent_1556155539.pb)\n10-05 08:38:26.412  7261  7436 E MDD     : DownloadProgressMonitor: Can't find file group for uri: android://com.google.android.apps.messaging/files/datadownload/shared/public/datadownloadfile_1791189462520\n10-05 08:38:26.413  7261  7435 D dasx    : Starting download: https://www.gstatic.com/icing/idd/rewriter_rules/gif_rewrite_config_80_percent_1556155539.pb\n10-05 08:38:26.413  7261  7435 V dasx    : Is http uri, downloading (uri: https://www.gstatic.com/icing/idd/rewriter_rules/gif_rewrite_config_80_percent_1556155539.pb)\n10-05 08:38:26.432  7261  8005 E MDD     : DownloadProgressMonitor: Can't find file group for uri: android://com.google.android.apps.messaging/files/datadownload/shared/public/datadownloadfile_1791189462521\n10-05 08:38:26.433  7261  7436 D dasx    : Starting download: https://www.gstatic.com/icing/idd/rewriter_rules/gif_rewrite_config_100_percent_1556155539.pb\n10-05 08:38:26.433  7261  7436 V dasx    : Is http uri, downloading (uri: https://www.gstatic.com/icing/idd/rewriter_rules/gif_rewrite_config_100_percent_1556155539.pb)\n10-05 08:38:26.452  7261  7435 E MDD     : DownloadProgressMonitor: Can't find file group for uri: android://com.google.android.apps.messaging/files/datadownload/shared/public/datadownloadfile_1791189462522\n10-05 08:38:26.453  7261  8005 D dasx    : Starting download: https://www.gstatic.com/messages/smarts/smart_actions_ml_models/loc_spam_no_assistant_04162019_lt_065.pb_1568226528414\n10-05 08:38:26.453  7261  8005 V dasx    : Is http uri, downloading (uri: https://www.gstatic.com/messages/smarts/smart_actions_ml_models/loc_spam_no_assistant_04162019_lt_065.pb_1568226528414)\n10-05 08:38:26.472  7261  7436 E MDD     : DownloadProgressMonitor: Can't find file group for uri: android://com.google.android.apps.messaging/files/datadownload/shared/public/datadownloadfile_1791189462523\n10-05 08:38:26.473  7261  7435 D dasx    : Starting download: https://www.gstatic.com/messages/smarts/smart_actions_ml_models/loc_spam_and_assistant_04162019.pb_1568226528414\n10-05 08:38:26.473  7261  7435 V dasx    : Is http uri, downloading (uri: https://www.gstatic.com/messages/smarts/smart_actions_ml_models/loc_spam_and_assistant_04162019.pb_1568226528414)\n== /data/adb/ksu/log/dmesg.old.log\n<14>[   87.925522] init: Sending signal 9 to service 'idmap2d' (pid 6474) process group...\n<11>[   87.928234] libprocessgroup: Failed to write 1 to /sys/fs/cgroup/uid_1000/pid_6474/cgroup.kill: No such file or directory\n<11>[   87.930658] libprocessgroup: Failed to open /sys/fs/cgroup/uid_1000/pid_6474/cgroup.procs: No such file or directory\n<14>[   88.357641] servicemanager: Caller(pid=183,uid=1017,sid=u:r:keystore:s0) Found android.hardware.security.keymint.IRemotelyProvisionedComponent/default in device VINTF manifest.\n<14>[   88.413267] servicemanager: Caller(pid=8276,uid=10195,sid=u:r:rkpdapp:s0:c195,c256,c512,c768) Found android.hardware.security.keymint.IRemotelyProvisionedComponent/default in device VINTF manifest.\n<6>[   88.438825] binder: 191:183 cannot find target node\n<6>[   88.443637] binder: 183:191 transaction call to 0:0 failed 396477/29189/-22, size 148-0 line 3344\n<14>[   88.446271] servicemanager: Caller(pid=183,uid=1017,sid=u:r:keystore:s0) Found android.hardware.security.keymint.IRemotelyProvisionedComponent/default in device VINTF manifest.\n<11>[   88.752851] SELinux: avc:  denied  { find } for pid=6790 uid=1000 name=vendor.google.wireless_charger.IWirelessCharger/default scontext=u:r:system_app:s0 tcontext=u:object_r:default_android_service:s0 tclass=service_manager permissive=0\n<6>[   88.953141] KernelSU: handle_setresuid from 0 to 10146\n<36>[   89.211501] type=1400 audit(1791189494.664:65): avc:  denied  { read } for  comm=\"binder:8209_2\" name=\"u:object_r:system_adbd_prop:s0\" dev=\"tmpfs\" ino=318 scontext=u:r:gmscore_app:s0:c512,c768 tcontext=u:object_r:system_adbd_prop:s0 tclass=file permissive=0 app=com.google.android.gms\n<36>[   89.217808] type=1400 audit(1791189494.668:66): avc:  denied  { read } for  comm=\"binder:8209_2\" name=\"u:object_r:adbd_prop:s0\" dev=\"tmpfs\" ino=63 scontext=u:r:gmscore_app:s0:c512,c768 tcontext=u:object_r:adbd_prop:s0 tclass=file permissive=0 app=com.google.android.gms\n<6>[   89.549287] binder_alloc: 6868: binder_alloc_buf size 1056768 failed, no address space\n<6>[   89.551346] binder_alloc: allocated: 24 (num: 2 largest: 16), free: 1040360 (num: 2 largest: 1040288)\n<6>[   89.553669] binder: cannot allocate buffer: no space left\n<6>[   89.553672] binder: 7212:7672 transaction call to 6868:0 failed 407481/29201/-28, size 1056768-0 line 3544\n<14>[   89.701959] servicemanager: Caller(pid=183,uid=1017,sid=u:r:keystore:s0) Found android.hardware.security.keymint.IRemotelyProvisionedComponent/default in device VINTF manifest.\n<14>[   89.709202] servicemanager: Caller(pid=8276,uid=10195,sid=u:r:rkpdapp:s0:c195,c256,c512,c768) Found android.hardware.security.keymint.IRemotelyProvisionedComponent/default in device VINTF manifest.\n<14>[   89.718658] servicemanager: Caller(pid=183,uid=1017,sid=u:r:keystore:s0) Found android.hardware.security.keymint.IRemotelyProvisionedComponent/default in device VINTF manifest.\n<14>[   89.813717] servicemanager: Caller(pid=183,uid=1017,sid=u:r:keystore:s0) Found android.hardware.security.keymint.IRemotelyProvisionedComponent/default in device VINTF manifest.\n<14>[   89.830769] servicemanager: Caller(pid=8276,uid=10195,sid=u:r:rkpdapp:s0:c195,c256,c512,c768) Found android.hardware.security.keymint.IRemotelyProvisionedComponent/default in device VINTF manifest.\n<6>[   89.843377] KernelSU: handle_setresuid from 0 to 10142\n<14>[   89.863419] servicemanager: Caller(pid=183,uid=1017,sid=u:r:keystore:s0) Found android.hardware.security.keymint.IRemotelyProvisionedComponent/default in device VINTF manifest.\n<6>[   89.882754] KernelSU: handle_setresuid from 0 to 10167\n<6>[   90.313861] binder_alloc: 7261: pid 6868 spamming oneway? 1 buffers allocated for a to== /data/adb/modules/demo/webui_app_plane/app-install.log\n== /data/adb/ksu/log/logcat.log\n10-05 08:58:40.515 16364 16364 W CameraProviderManager: addAidlProviderLocked: Camera provider HAL with name 'android.hardware.camera.provider.ICameraProvider/internal/0' already registered\n10-05 08:58:40.636     0     0 I servicemanager: Caller(pid=16364,uid=1047,sid=u:r:cameraserver:s0) Found android.frameworks.cameraservice.service.ICameraService/default in framework VINTF manifest.\n10-05 08:58:40.639     0     0 I servicemanager: Caller(pid=16364,uid=1047,sid=u:r:cameraserver:s0) Found android.frameworks.cameraservice.service.ICameraService/default in framework VINTF manifest.\n10-05 08:58:41.006   943   943 I AidlLazyServiceRegistrar: Process has 0 (of 1 available) client(s) in use after notification android.hardware.biometrics.face.IFace/virtual has clients: 0\n10-05 08:58:41.006   943   943 I AidlLazyServiceRegistrar: Shutdown prevented by forcePersist override flag.\n10-05 08:58:41.131     0     0 I servicemanager: Notifying android.hardware.biometrics.face.IFace/virtual they don't (previously: do) have clients when we now have no record of a client\n10-05 08:58:41.133     0     0 I servicemanager: Notifying android.hardware.biometrics.fingerprint.IFingerprint/default they don't (previously: do) have clients when we now have no record of a client\n10-05 08:58:41.008 16325 16340 I AidlLazyServiceRegistrar: Process has 0 (of 1 available) client(s) in use after notification android.hardware.biometrics.fingerprint.IFingerprint/default has clients: 0\n10-05 08:58:41.008 16325 16340 I AidlLazyServiceRegistrar: Trying to shut down the service. No clients in use for any service in process.\n10-05 08:58:41.135     0     0 I servicemanager: Notifying apexservice they don't (previously: do) have clients when we now have no record of a client\n10-05 08:58:41.137     0     0 I servicemanager: Caller(pid=16325,uid=1000,sid=u:r:hal_fingerprint_default:s0) Unregistering android.hardware.biometrics.fingerprint.IFingerprint/default\n10-05 08:58:41.137     0     0 I AidlLazyServiceRegistrar: Process has 0 (of 1 available) client(s) in use after notification apexservice has clients: 0\n10-05 08:58:41.139     0     0 I BpBinder: onLastStrongRef automatically unlinking death recipients:\n10-05 08:58:41.014 16325 16340 I AidlLazyServiceRegistrar: Unregistered all clients and exiting\n10-05 08:58:41.140     0     0 I AidlLazyServiceRegistrar: Trying to shut down the service. No clients in use for any service in process.\n10-05 08:58:41.142     0     0 I init    : Service 'vendor.biometrics.fingerprint-service.ranchu' (pid 16325) exited with status 0 oneshot service took 2.679000 seconds in background\n10-05 08:58:41.143     0     0 I servicemanager: Caller(pid=16167,uid=0,sid=u:r:apexd:s0) Unregistering apexservice\n10-05 08:58:41.145     0     0 I init    : Sending signal 9 to service 'vendor.biometrics.fingerprint-service.ranchu' (pid 16325) process group...\n10-05 08:58:41.146     0     0 I BpBinder: onLastStrongRef automatically unlinking death recipients:\n10-05 08:58:41.146     0     0 I AidlLazyServiceRegistrar: Unregistered all clients and exiting\n10-05 08:58:41.148     0     0 I libprocessgroup: Removed cgroup /sys/fs/cgroup/uid_1000/pid_16325\n10-05 08:58:41.152     0     0 I init    : Service 'apexd' (pid 16167) exited with status 0 oneshot service took 3.728000 seconds in background\n10-05 08:58:41.154     0     0 I init    : Sending signal 9 to service 'apexd' (pid 16167) process group...\n10-05 08:58:41.155     0     0 I libprocessgroup: Removed cgroup /sys/fs/cgroup/uid_0/pid_16167\n10-05 08:58:41.772     0     0 I init    : starting service 'vendor.audio-hal'...\n== /data/adb/ksu/log/dmesg.log\n<14>[ 1313.773960] init: Command 'restart vendor.audio-hal-aidl' action=onrestart (<Service 'audioserver' onrestart>:2) took 0ms and failed: service vendor.audio-hal-aidl not found\n<14>[ 1313.776029] init: Command 'restart vendor.audio-effect-hal-aidl' action=onrestart (<Service 'audioserver' onrestart>:3) took 0ms and failed: service vendor.audio-effect-hal-aidl not found\n<14>[ 1313.778189] init: Command 'restart vendor.audio-hal-4-0-msd' action=onrestart (<Service 'audioserver' onrestart>:4) took 0ms and failed: service vendor.audio-hal-4-0-msd not found\n<14>[ 1313.780396] init: Command 'restart audio_proxy_service' action=onrestart (<Service 'audioserver' onrestart>:5) took 0ms and failed: service audio_proxy_service not found\n<14>[ 1313.783568] init: Service 'vendor.audio-hal' (pid 16087) received signal 9\n<14>[ 1313.784466] init: Sending signal 9 to service 'vendor.audio-hal' (pid 16087) process group...\n<11>[ 1313.785584] libprocessgroup: Failed to write 1 to /sys/fs/cgroup/uid_1041/pid_16087/cgroup.kill: No such file or directory\n<11>[ 1313.787079] libprocessgroup: Failed to open /sys/fs/cgroup/uid_1041/pid_16087/cgroup.procs: No such file or directory\n<14>[ 1313.788812] init: Service 'exec 43 (/system/bin/vdc volume abort_fuse)' (pid 16360) exited with status 0 oneshot service took 0.088000 seconds in background\n<14>[ 1313.790591] init: Sending signal 9 to service 'exec 43 (/system/bin/vdc volume abort_fuse)' (pid 16360) process group...\n<14>[ 1313.792226] libprocessgroup: Removed cgroup /sys/fs/cgroup/uid_1000/pid_16360\n<14>[ 1313.793202] init: Untracked pid 16093 received signal 9\n<14>[ 1313.793889] init: Untracked pid 16093 did not have an associated service entry and will not be reaped\n<14>[ 1313.795187] init: Untracked pid 16094 received signal 9\n<14>[ 1313.795959] init: Untracked pid 16094 did not have an associated service entry and will not be reaped\n<14>[ 1313.797197] init: processing action (sys.init.updatable_crashing=1) from (/system/etc/init/flags_health_check.rc:10)\n<14>[ 1313.798605] init: starting service 'exec 44 (/system/bin/flags_health_check UPDATABLE_CRASHING)'...\n<14>[ 1313.827017] init: ... started service 'exec 44 (/system/bin/flags_health_check UPDATABLE_CRASHING)' has pid 16362\n<6>[ 1313.827080] KernelSU: hook_manager: unmark 16362 exec /system/bin/flags_health_check\n<14>[ 1313.828568] init: SVC_EXEC service 'exec 44 (/system/bin/flags_health_check UPDATABLE_CRASHING)' pid 16362 (uid 1000 gid 1000+0 context default) started; waiting...\n<14>[ 1313.835826] init: Service 'exec 44 (/system/bin/flags_health_check UPDATABLE_CRASHING)' (pid 16362) exited with status 0 waiting took 0.035000 seconds\n<14>[ 1313.837538] init: Sending signal 9 to service 'exec 44 (/system/bin/flags_health_check UPDATABLE_CRASHING)' (pid 16362) process group...\n<14>[ 1313.839297] libprocessgroup: Removed cgroup /sys/fs/cgroup/uid_1000/pid_16362\n<14>[ 1313.840356] init: processing action (init.svc.media=*) from (/system/etc/init/mediaserver.rc:1)\n<14>[ 1313.841657] init: processing action (init.== /data/adb/ksu/log/logcat.old.log\n10-05 08:38:26.313  7261  7436 V dasx    : Is http uri, downloading (uri: https://www.gstatic.com/icing/idd/rewriter_rules/gif_rewrite_config_15_percent_1556155539.pb)\n10-05 08:38:26.332  7261  7435 E MDD     : DownloadProgressMonitor: Can't find file group for uri: android://com.google.android.apps.messaging/files/datadownload/shared/public/datadownloadfile_1791189462516\n10-05 08:38:26.333  7261  8005 D dasx    : Starting download: https://www.gstatic.com/icing/idd/rewriter_rules/gif_rewrite_config_20_percent_1556155539.pb\n10-05 08:38:26.333  7261  8005 V dasx    : Is http uri, downloading (uri: https://www.gstatic.com/icing/idd/rewriter_rules/gif_rewrite_config_20_percent_1556155539.pb)\n10-05 08:38:26.352  7261  7436 E MDD     : DownloadProgressMonitor: Can't find file group for uri: android://com.google.android.apps.messaging/files/datadownload/shared/public/datadownloadfile_1791189462517\n10-05 08:38:26.353  7261  7435 D dasx    : Starting download: https://www.gstatic.com/icing/idd/rewriter_rules/gif_rewrite_config_35_percent_1556155539.pb\n10-05 08:38:26.353  7261  7435 V dasx    : Is http uri, downloading (uri: https://www.gstatic.com/icing/idd/rewriter_rules/gif_rewrite_config_35_percent_1556155539.pb)\n10-05 08:38:26.372  7261  8005 E MDD     : DownloadProgressMonitor: Can't find file group for uri: android://com.google.android.apps.messaging/files/datadownload/shared/public/datadownloadfile_1791189462518\n10-05 08:38:26.373  7261  7436 D dasx    : Starting download: https://www.gstatic.com/icing/idd/rewriter_rules/gif_rewrite_config_50_percent_1556155539.pb\n10-05 08:38:26.373  7261  7436 V dasx    : Is http uri, downloading (uri: https://www.gstatic.com/icing/idd/rewriter_rules/gif_rewrite_config_50_percent_1556155539.pb)\n10-05 08:38:26.392  7261  7435 E MDD     : DownloadProgressMonitor: Can't find file group for uri: android://com.google.android.apps.messaging/files/datadownload/shared/public/datadownloadfile_1791189462519\n10-05 08:38:26.393  7261  8005 D dasx    : Starting download: https://www.gstatic.com/icing/idd/rewriter_rules/gif_rewrite_config_65_percent_1556155539.pb\n10-05 08:38:26.393  7261  8005 V dasx    : Is http uri, downloading (uri: https://www.gstatic.com/icing/idd/rewriter_rules/gif_rewrite_config_65_percent_1556155539.pb)\n10-05 08:38:26.412  7261  7436 E MDD     : DownloadProgressMonitor: Can't find file group for uri: android://com.google.android.apps.messaging/files/datadownload/shared/public/datadownloadfile_1791189462520\n10-05 08:38:26.413  7261  7435 D dasx    : Starting download: https://www.gstatic.com/icing/idd/rewriter_rules/gif_rewrite_config_80_percent_1556155539.pb\n10-05 08:38:26.413  7261  7435 V dasx    : Is http uri, downloading (uri: https://www.gstatic.com/icing/idd/rewriter_rules/gif_rewrite_config_80_percent_1556155539.pb)\n10-05 08:38:26.432  7261  8005 E MDD     : DownloadProgressMonitor: Can't find file group for uri: android://com.google.android.apps.messaging/files/datadownload/shared/public/datadownloadfile_1791189462521\n10-05 08:38:26.433  7261  7436 D dasx    : Starting download: https://www.gstatic.com/icing/idd/rewriter_rules/gif_rewrite_config_100_percent_1556155539.pb\n10-05 08:38:26.433  7261  7436 V dasx    : Is http uri, downloading (uri: https://www.gstatic.com/icing/idd/rewriter_rules/gif_rewrite_config_100_percent_1556155539.pb)\n10-05 08:38:26.452  7261  7435 E MDD     : DownloadProgressMonitor: Can't find file group for uri: android://com.google.android.apps.messaging/files/datadownload/shared/public/datadownloadfile_1791189462522\n10-05 08:38:26.453  7261  8005 D dasx    : Starting download: https://www.gstatic.com/messages/smarts/smart_actions_ml_models/loc_spam_no_assistant_04162019_lt_065.pb_1568226528414\n10-05 08:38:26.453  7261  8005 V dasx    : Is http uri, downloading (uri: https://www.gstatic.com/messages/smarts/smart_actions_ml_models/loc_spam_no_assistant_04162019_lt_065.pb_1568226528414)\n10-05 08:38:26.472  7261  7436 E MDD     : DownloadProgressMonitor: Can't find file group for uri: android://com.google.android.apps.messaging/files/datadownload/shared/public/datadownloadfile_1791189462523\n10-05 08:38:26.473  7261  7435 D dasx    : Starting download: https://www.gstatic.com/messages/smarts/smart_actions_ml_models/loc_spam_and_assistant_04162019.pb_1568226528414\n10-05 08:38:26.473  7261  7435 V dasx    : Is http uri, downloading (uri: https://www.gstatic.com/messages/smarts/smart_actions_ml_models/loc_spam_and_assistant_04162019.pb_1568226528414)\ntotal 80\ndrwxr-xr-x 7 root root 4096 2026-10-05 08:42 .\ndrwxrwxrwx 8 root root 4096 2026-10-05 08:37 ..\ndrwxr-xr-x 4 root root 4096 2026-10-05 08:37 bin\ndrwxr-xr-x 5 root root 4096 2026-10-05 08:42 flutter_webui\n-rw-r--r-- 1 root root  231 2026-10-05 08:37 module.prop\ndrwx------ 2 root root 4096 2026-10-05 08:51 run\n-rw-r--r-- 1 root root  290 2026-10-05 08:37 service.sh\n-rw-r--r-- 1 root root  317 2026-10-05 08:37 uninstall.sh\ndrwxr-xr-x 8 root root 4096 2026-10-05 08:37 webroot\n-- dmesg:\n[ 1747.438954] apexd: No block apex metadata partition found, not adding block apexes\n[ 1752.486216] apexd: No block apex metadata partition found, not adding block apexes\n[ 1757.504114] apexd: No block apex metadata partition found, not adding block apexes"}
{"check":"module-config","result":"manage module configuration\n\nUsage: ksud module config [OPTIONS] <COMMAND>\n\nCommands:\n  get     Get a config value\n  set     Set a config value\n  list    List all config entries\n  delete  Delete a config entry\n  clear   Clear all config entries\n  help    Print this message or the help of the given subcommand(s)\n\n-- files:\ntotal 32\ndrwxr-xr-x 2 root root 4096 2026-10-05 09:06 .\ndrwxr-xr-x 3 root root 4096 2026-10-05 08:37 ..\n-rw-r--r-- 1 root root   36 2026-10-05 08:37 persist.config\n-rw-rw-rw- 1 root root  284 2026-10-05 09:06 tmp.config\n== /data/adb/ksu/module_configs/demo/persist.config\nMUSK\u0001\u0000\u0000\u0000\u0001\u0000\u0000\u0000\u000f\u0000\u0000\u0000webui.installed\u0001\u0000\u0000\u00001\n== /data/adb/ksu/module_configs/demo/tmp.config\nMUSK\u0001\u0000\u0000\u0000\u0002\u0000\u0000\u0000\n\u0000\u0000\u0000webui.boot$\u0000\u0000\u0000916098b7-3c89-4eb0-ad4a-d076d47ce634\u0000\u0000\u0000webui.session\udcc5\u0000\u0000\u0000{\"protocol\":1,\"version\":\"0.2.3\",\"port\":34983,\"token\":\"gkqoCGg1fKQFhWZa14MsNGE0ZK8zlMQkJeH6HdlpKoM\",\"pid\":10447,\"boot\":\"916098b7-3c89-4eb0-ad4a-d076d47ce634\",\"started\":\"2026-10-05T09:06:07.339944Z\"}\n-- ksud get:\n1\nwebui.session={\"protocol\":1,\"version\":\"0.2.3\",\"port\":34983,\"token\":\"gkqoCGg1fKQFhWZa14MsNGE0ZK8zlMQkJeH6HdlpKoM\",\"pid\":10447,\"boot\":\"916098b7-3c89-4eb0-ad4a-d076d47ce634\",\"started\":\"2026-10-05T09:06:07.339944Z\"}\nwebui.boot=916098b7-3c89-4eb0-ad4a-d076d47ce634\nwebui.installed=1"}
{"check":"module-dirs","result":"/data/adb/demo:\ntotal 24\ndrwx------ 3 root root 4096 2026-10-05 08:51 .\ndrwx------ 6 root root 4096 2026-10-05 08:42 ..\ndrwx------ 2 root root 4096 2026-10-05 09:03 tmp\n\n/data/adb/demo/tmp:\ntotal 16\ndrwx------ 2 root root 4096 2026-10-05 09:03 .\ndrwx------ 3 root root 4096 2026-10-05 08:51 .."}
{"check":"open","result":"opened: none"}
{"check":"tap-places","result":{"error":"no page target","sockets":[],"targets":[]}}
{"check":"tap-plugins","result":{"error":"no page target","sockets":[],"targets":[]}}
{"check":"fgs-open","result":"-- posted:\n-- procs:"}
{"check":"notif-settings","result":"Error with service 'package' while dumping: DEAD_OBJECT\n-- appops:\ncmd: Failure calling service appops: Broken pipe (32)\n-- importance:"}
{"check":"root-hold-open","result":"2026-10-05T09:06:07.354256 com.webui.api.demo not installed; not holding it\n-- avc:"}
{"check":"plugins","result":null}
{"check":"tap-share","result":{"error":"no page target","sockets":[],"targets":[]}}
Can't find service: activity
{"check":"share-top","result":""}
{"check":"app-process","result":""}
{"check":"app-mounts","result":"app not running"}
{"check":"share-log","result":"10-05 09:08:03.437 17791 17791 V AconfigFlags: Read Aconfig default flag value android.service.chooser.chooser_album_text = true\n10-05 09:08:03.437 17791 17791 V AconfigFlags: Read Aconfig default flag value android.service.chooser.chooser_payload_toggling = true\n10-05 09:08:03.437 17791 17791 V AconfigFlags: Read Aconfig default flag value android.service.chooser.enable_chooser_result = true\n10-05 09:08:03.437 17791 17791 V AconfigFlags: Read Aconfig default flag value android.service.chooser.enable_sharesheet_metadata_extra = true\n10-05 09:08:03.437 17791 17791 V AconfigFlags: Read Aconfig default flag value android.service.chooser.fix_resolver_memory_leak = true\n10-05 09:08:03.438 17791 17791 V AconfigFlags: Read Aconfig default flag value android.view.accessibility.allow_shortcut_chooser_on_lockscreen = false\n10-05 09:08:03.701 17791 17791 D nativeloader: Load libartservice.so using ns clns-shared-7 from class loader (caller=/apex/com.android.art/javalib/service-art.jar): ok\n10-05 09:08:03.792 17791 17791 D nativeloader: Configuring clns-shared-16 for other apk /system/priv-app/SettingsProvider/SettingsProvider.apk. target_sdk_version=35, uses_libraries=, library_path=/system/priv-app/SettingsProvider/lib/x86_64:/system/priv-app/SettingsProvider/SettingsProvider.apk!/lib/x86_64:/system/lib64:/system_ext/lib64, permitted_path=/data:/mnt/expand:/data/user_de/0/com.android.providers.settings:/system/priv-app/SettingsProvider:/system/lib64:/system_ext/lib64\n10-05 09:08:03.812 17791 17791 D nativeloader: Configuring clns-shared-17 for other apk /system/priv-app/Telecom/Telecom.apk. target_sdk_version=35, uses_libraries=, library_path=/system/priv-app/Telecom/lib/x86_64:/system/priv-app/Telecom/Telecom.apk!/lib/x86_64:/system/lib64:/system_ext/lib64, permitted_path=/data:/mnt/expand:/data/user_de/0/com.android.server.telecom:/system/priv-app/Telecom:/system/lib64:/system_ext/lib64\n10-05 09:08:03.988 17791 17791 D nativeloader: Load libservice-connectivity.so using ns clns-shared-13 from class loader (caller=/apex/com.android.tethering/javalib/service-connectivity.jar): ok\n10-05 09:08:04.074 17745 17745 D AudioFlinger: isLowRamDevice:false totalMemory:6217895936 mClientSharedHeapSize:33554432\n10-05 09:08:06.831 18030 18030 W app_process: ClassLoaderContext shared library size mismatch. Expected=2, found=0 (PCL[]{PCL[/system/framework/android.test.base.jar*724373495]#PCL[/system/framework/android.test.mock.jar*1452759902]} | PCL[])"}
cmd: Can't find service: input
Can't find service: activity
cmd: Can't find service: input
Can't find service: activity
cmd: Can't find service: input
Can't find service: activity
{"check":"share-result","result":null}
cmd: Can't find service: package
cmd: Can't find service: package
{"check":"cam-deny-1-tap","result":{"error":"no page target","sockets":[],"targets":[]}}
Can't find service: activity
{"check":"cam-deny-1-top","result":""}
{"check":"cam-deny-1-dialog","result":"devicelab probe | search | Clean | Cancel | devicelab probe | Version: 1 | Author: p0g-stack | Observation module for de\ndevicelab probe | search | Clean\nClean\nCancel\ndevicelab probe | Version: 1 | Author: p0g-stack | Observation module for devicelab. Its WebUI page is driven over DevTo\n\nOpen | Open\nUninstall\nHome\nSuperuser\nSettings"}
{"check":"cam-deny-1-press","result":"ui: no node with 'Don'"}
{"check":"cam-deny-1-status","result":null}
{"check":"cam-deny-1-perm","result":"Can't find service: package"}
{"check":"cam-deny-2-tap","result":{"error":"no page target","sockets":[],"targets":[]}}
Error with service 'activity' while dumping: DEAD_OBJECT
{"check":"cam-deny-2-top","result":""}
{"check":"cam-deny-2-dialog","result":"devicelab probe | search | Clean | Cancel | devicelab probe | Version: 1 | Author: p0g-stack | Observation module for de\ndevicelab probe | search | Clean\nClean\nCancel\ndevicelab probe | Version: 1 | Author: p0g-stack | Observation module for devicelab. Its WebUI page is driven over DevTo\n\nOpen | Open\nUninstall\nHome\nSuperuser\nSettings"}
{"check":"cam-deny-2-press","result":"ui: no node with 'Don'"}
{"check":"cam-deny-2-status","result":null}
{"check":"cam-deny-2-perm","result":"Error with service 'package' while dumping: DEAD_OBJECT"}
{"check":"cam-after-deny-tap","result":{"error":"no page target","sockets":[],"targets":[]}}
Can't find service: activity
{"check":"cam-after-deny-top","result":""}
{"check":"cam-after-deny-dialog","result":"devicelab probe | search | Clean | Cancel | devicelab probe | Version: 1 | Author: p0g-stack | Observation module for de\ndevicelab probe | search | Clean\nClean\nCancel\ndevicelab probe | Version: 1 | Author: p0g-stack | Observation module for devicelab. Its WebUI page is driven over DevTo\n\nOpen | Open\nUninstall\nHome\nSuperuser\nSettings"}
{"check":"cam-after-deny-status","result":null}
{"check":"cam-after-deny-perm","result":"Can't find service: package"}
Can't find service: activity
cmd: Can't find service: package
cmd: Can't find service: package
{"check":"cam-grant-tap","result":{"error":"no page target","sockets":[],"targets":[]}}
Can't find service: activity
{"check":"cam-grant-top","result":""}
{"check":"cam-grant-dialog","result":"devicelab probe | search | Clean | Cancel | devicelab probe | Version: 1 | Author: p0g-stack | Observation module for de\ndevicelab probe | search | Clean\nClean\nCancel\ndevicelab probe | Version: 1 | Author: p0g-stack | Observation module for devicelab. Its WebUI page is driven over DevTo\n\nOpen | Open\nUninstall\nHome\nSuperuser\nSettings"}
{"check":"cam-grant-press","result":"ui: no node with 'While using the app'"}
{"check":"cam-grant-status","result":null}
{"check":"cam-grant-perm","result":"Error with service 'package' while dumping: DEAD_OBJECT"}
cmd: Can't find service: input
cmd: Can't find service: input
cmd: Can't find service: input
cmd: Failure calling service input: Broken pipe (32)
cmd: Can't find service: input
cmd: Can't find service: input
cmd: Failure calling service input: Broken pipe (32)
cmd: Can't find service: input
cmd: Can't find service: input
cmd: Failure calling service input: Broken pipe (32)
cmd: Can't find service: input
cmd: Can't find service: input
cmd: Failure calling service input: Broken pipe (32)
{"check":"clipboard","result":"no Paste button on page 6"}
cmd: Can't find service: input
cmd: Can't find service: input
cmd: Can't find service: input
cmd: Failure calling service input: Broken pipe (32)
cmd: Can't find service: input
cmd: Can't find service: input
cmd: Failure calling service input: Broken pipe (32)
cmd: Can't find service: input
cmd: Can't find service: input
cmd: Failure calling service input: Broken pipe (32)
cmd: Can't find service: input
cmd: Can't find service: input
cmd: Failure calling service input: Broken pipe (32)
{"check":"file-pick","result":"no Pick a file button on page 6"}
{"check":"app-settings","result":"devicelab probe | search | Clean | Cancel | devicelab probe | Version: 1 | Author: p0g-stack | Observation module for de\ndevicelab probe | search | Clean\nClean\nCancel\ndevicelab probe | Version: 1 | Author: p0g-stack | Observation module for devicelab. Its WebUI page is driven over DevTo\n\nOpen | Open\nUninstall\nHome\nSuperuser\nSettings"}
cmd: Can't find service: input
{"check":"fgs-home","result":"-- posted:\n-- procs:"}
{"check":"fgs-before-close","result":"-- posted:\n-- procs:"}
{"check":"fgs-gone-after","result":"0 s"}
{"check":"fgs-closed","result":"-- posted:\n-- procs:"}
{"check":"channel-gone-after","result":"3 s"}
{"check":"root-hold-end","result":"2026-10-05T09:06:07.354256 com.webui.api.demo not installed; not holding it\n-- avc:"}
{"check":"after-reboot","result":"cmd: Can't find service: package\nCan't find service: package\n-- service.sh log:"}
{"check":"uninstall","result":""}
{"check":"after-uninstall","result":"ls: /data/adb/modules/demo: No such file or directory\nls: /data/adb/demo: No such file or directory\nls: /data/adb/ksu/module_configs/demo: No such file or directory\nls: /product/app/WebuiApi_demo: No such file or directory\ncmd: Can't find service: package\ncmd: Can't find service: package"}
{"check":"mount","result":"mount: mounting overlay on /product/app failed: Invalid argument\noverlay failed: 255\nmagic mount ok\nmount: mounting overlay on /product/app failed: Invalid argument\noverlay failed: 255\nmagic mount ok\nmount: mounting overlay on /product/app failed: Invalid argument\noverlay failed: 255\nmagic mount ok\nmount: mounting overlay on /product/app failed: Invalid argument\noverlay failed: 255\nmagic mount ok\ntotal 3736\ndrwxr-xr-x 2 root root u:object_r:system_file:s0     4096 2026-10-05 08:37 .\ndrwxr-xr-x 4 root root u:object_r:system_file:s0       80 2026-10-05 09:16 ..\n-rw-r--r-- 1 root root u:object_r:system_file:s0  3809993 2026-10-05 08:37 WebuiTermuxApi.apk\n*\nWebuiTermuxApi\n/dev/block/dm-3 /product ext4 ro,seclabel,relatime 0 0\ntmpfs /dev/app_plane_app tmpfs rw,seclabel,relatime,mode=755 0 0\ntmpfs /product/app tmpfs rw,seclabel,relatime,mode=755 0 0\n/dev/block/dm-3 /product/app/CalendarGooglePrebuilt ext4 ro,seclabel,relatime 0 0\n/dev/block/dm-3 /product/app/Camera2 ext4 ro,seclabel,relatime 0 0\n/dev/block/dm-3 /product/app/Chrome ext4 ro,seclabel,relatime 0 0\n/dev/block/dm-3 /product/app/Chrome-Stub ext4 ro,seclabel,relatime 0 0\n/dev/block/dm-3 /product/app/Drive ext4 ro,seclabel,relatime 0 0\n56"}
{"check":"package","result":"package:/product/app/WebuiTermuxApi/WebuiTermuxApi.apk\n    flags=0x0\n    flags=0x0\n    codePath=/product/app/WebuiTermuxApi\n    versionName=0.53.0-webui.1\n    flags=[ SYSTEM HAS_CODE ALLOW_CLEAR_USER_DATA ALLOW_BACKUP ]\n    privateFlags=[ PRIVATE_FLAG_ACTIVITIES_RESIZE_MODE_RESIZEABLE_VIA_SDK_VERSION PRIVATE_FLAG_REQUEST_LEGACY_EXTERNAL_STORAGE PRODUCT PRIVATE_FLAG_ALLOW_NATIVE_HEAP_POINTER_TAGGING ]\n        android.permission.READ_SMS: granted=false, flags=[ USER_SENSITIVE_WHEN_GRANTED|USER_SENSITIVE_WHEN_DENIED|RESTRICTION_UPGRADE_EXEMPT]\n        android.permission.POST_NOTIFICATIONS: granted=false, flags=[ USER_SENSITIVE_WHEN_GRANTED|USER_SENSITIVE_WHEN_DENIED]"}
/home/runner/work/devicelab/devicelab/out/sockprobe: 1 file pushed, 0 skipped. 355.1 MB/s (3501403 bytes in 0.009s)
cmd: Can't find service: activity
cmd: Can't find service: activity
{"check":"broadcast","result":"cmd: Can't find service: activity\ncmd: Can't find service: activity"}
{"check":"app-process","result":""}
{"check":"listener-module","result":"{\"context\":\"u:r:su:s0\",\"event\":\"start\",\"names\":[\"wx_ksu_out\",\"wx_ksu_in\"],\"uid\":0}"}
{"check":"listener-su","result":"{\"context\":\"u:r:su:s0\",\"event\":\"start\",\"names\":[\"wx_su_out\",\"wx_su_in\"],\"uid\":0}"}
{"check":"avc","result":"10-05 09:24:41.366   511   511 D installd: Found quota mount /dev/block/dm-46 at /dev/app_plane_app/WebuiTermuxApi\n10-05 09:24:41.366   511   511 D installd: Found quota mount /dev/block/dm-46 at /dev/app_plane_app/WebuiTermuxApi\n10-05 09:24:41.366   511   511 D installd: Found quota mount /dev/block/dm-46 at /product/app/WebuiTermuxApi\n10-05 09:24:41.366   511   511 D installd: Found quota mount /dev/block/dm-46 at /dev/app_plane_app/WebuiTermuxApi\n10-05 09:24:41.366   511   511 D installd: Found quota mount /dev/block/dm-46 at /product/app/WebuiTermuxApi\n10-05 09:24:41.366   511   511 D installd: Found quota mount /dev/block/dm-46 at /product/app/WebuiTermuxApi\n10-05 09:24:41.366   511   511 D installd: Found quota mount /dev/block/dm-46 at /dev/app_plane_app/WebuiTermuxApi\n10-05 09:24:41.366   511   511 D installd: Found quota mount /dev/block/dm-46 at /product/app/WebuiTermuxApi\n10-05 09:24:41.366   511   511 D installd: Found quota mount /dev/block/dm-46 at /dev/app_plane_app/WebuiTermuxApi\n10-05 09:24:41.366   511   511 D installd: Found quota mount /dev/block/dm-46 at /dev/app_plane_app/WebuiTermuxApi\n10-05 09:24:41.366   511   511 D installd: Found quota mount /dev/block/dm-46 at /product/app/WebuiTermuxApi\n10-05 09:24:41.366   511   511 D installd: Found quota mount /dev/block/dm-46 at /dev/app_plane_app/WebuiTermuxApi\n10-05 09:24:41.366   511   511 D installd: Found quota mount /dev/block/dm-46 at /product/app/WebuiTermuxApi\n10-05 09:24:41.366   511   511 D installd: Found quota mount /dev/block/dm-46 at /dev/app_plane_app/WebuiTermuxApi\n10-05 09:24:41.366   511   511 D installd: Found quota mount /dev/block/dm-46 at /product/app/WebuiTermuxApi\n10-05 09:24:41.366   511   511 D installd: Found quota mount /dev/block/dm-46 at /dev/app_plane_app/WebuiTermuxApi\n10-05 09:24:41.366   511   511 D installd: Found quota mount /dev/block/dm-46 at /product/app/WebuiTermuxApi\n10-05 09:24:41.366   511   511 D installd: Found quota mount /dev/block/dm-46 at /product/app/WebuiTermuxApi\n10-05 09:24:41.366   511   511 D installd: Found quota mount /dev/block/dm-46 at /dev/app_plane_app/WebuiTermuxApi\n10-05 09:24:41.366   511   511 D installd: Found quota mount /dev/block/dm-46 at /product/app/WebuiTermuxApi\n10-05 09:24:41.366   511   511 D installd: Found quota mount /dev/block/dm-46 at /dev/app_plane_app/WebuiTermuxApi\n10-05 09:24:41.366   511   511 D installd: Found quota mount /dev/block/dm-46 at /product/app/WebuiTermuxApi\n10-05 09:24:41.366   511   511 D installd: Found quota mount /dev/block/dm-46 at /dev/app_plane_app/WebuiTermuxApi\n10-05 09:24:41.366   511   511 D installd: Found quota mount /dev/block/dm-46 at /product/app/WebuiTermuxApi\n10-05 09:24:41.366   511   511 D installd: Found quota mount /dev/block/dm-46 at /dev/app_plane_app/WebuiTermuxApi"}
SELinux: Loaded file context from:
		/system/etc/selinux/plat_file_contexts
		/system_ext/etc/selinux/system_ext_file_contexts
		/vendor/etc/selinux/vendor_file_contexts
{"check":"restorecon","result":"u:object_r:app_data_file:s0:c211,c256,c512,c768 /data/data/com.webui.termux.api\nu:object_r:app_data_file:s0                     /data/data/com.webui.termux.api/files/devicelab/probe.txt"}
{"check":"app-read","result":"u:object_r:app_data_file:s0:c211,c256,c512,c768 chcon.txt\nu:object_r:app_data_file:s0                     probe.txt\n{\"error\":\"write /proc/thread-self/attr/current: operation not permitted\",\"op\":\"setcon\"}"}
Can't find service: activity
{"check":"share-text","result":"{\"context\":\"u:r:su:s0\",\"event\":\"start\",\"names\":[\"sh_text_out\",\"sh_text_in\"],\"uid\":0}\n10-05 09:24:56.255   511 22726 D installd: Found quota mount /dev/block/dm-46 at /dev/app_plane_app/WebuiTermuxApi\n10-05 09:24:56.255   511 22726 D installd: Found quota mount /dev/block/dm-46 at /product/app/WebuiTermuxApi\n10-05 09:24:56.255   511 22726 D installd: Found quota mount /dev/block/dm-46 at /product/app/WebuiTermuxApi\n10-05 09:24:56.255   511 22726 D installd: Found quota mount /dev/block/dm-46 at /dev/app_plane_app/WebuiTermuxApi\n10-05 09:24:56.255   511 22726 D installd: Found quota mount /dev/block/dm-46 at /product/app/WebuiTermuxApi\n10-05 09:24:56.255   511 22726 D installd: Found quota mount /dev/block/dm-46 at /dev/app_plane_app/WebuiTermuxApi\n10-05 09:24:56.255   511 22726 D installd: Found quota mount /dev/block/dm-46 at /product/app/WebuiTermuxApi\n10-05 09:24:56.255   511 22726 D installd: Found quota mount /dev/block/dm-46 at /dev/app_plane_app/WebuiTermuxApi\n10-05 09:24:56.255   511 22726 D installd: Found quota mount /dev/block/dm-46 at /product/app/WebuiTermuxApi\n10-05 09:24:56.255   511 22726 D installd: Found quota mount /dev/block/dm-46 at /dev/app_plane_app/WebuiTermuxApi\n10-05 09:24:56.287 13029 13029 D nativeloader: Load libservice-connectivity.so using ns clns-shared-13 from class loader (caller=/apex/com.android.tethering/javalib/service-connectivity.jar): ok\n10-05 09:24:56.379 12984 12989 D AudioFlinger: isLowRamDevice:false totalMemory:6217895936 mClientSharedHeapSize:33554432"}
cmd: Can't find service: input
Can't find service: activity
{"check":"share-file","result":"{\"context\":\"u:r:su:s0\",\"event\":\"start\",\"names\":[\"sh_file_out\",\"sh_file_in\"],\"uid\":0}\n10-05 09:25:11.295   511 22726 D installd: Found quota mount /dev/block/dm-46 at /dev/app_plane_app/WebuiTermuxApi\n10-05 09:25:11.295   511 22726 D installd: Found quota mount /dev/block/dm-46 at /product/app/WebuiTermuxApi\n10-05 09:25:11.295   511 22726 D installd: Found quota mount /dev/block/dm-46 at /product/app/WebuiTermuxApi\n10-05 09:25:11.295   511 22726 D installd: Found quota mount /dev/block/dm-46 at /dev/app_plane_app/WebuiTermuxApi\n10-05 09:25:11.295   511 22726 D installd: Found quota mount /dev/block/dm-46 at /product/app/WebuiTermuxApi\n10-05 09:25:11.295   511 22726 D installd: Found quota mount /dev/block/dm-46 at /dev/app_plane_app/WebuiTermuxApi\n10-05 09:25:11.295   511 22726 D installd: Found quota mount /dev/block/dm-46 at /product/app/WebuiTermuxApi\n10-05 09:25:11.295   511 22726 D installd: Found quota mount /dev/block/dm-46 at /dev/app_plane_app/WebuiTermuxApi\n10-05 09:25:11.295   511 22726 D installd: Found quota mount /dev/block/dm-46 at /product/app/WebuiTermuxApi\n10-05 09:25:11.295   511 22726 D installd: Found quota mount /dev/block/dm-46 at /dev/app_plane_app/WebuiTermuxApi\n10-05 09:25:11.386 13921 13921 D nativeloader: Load libservice-connectivity.so using ns clns-shared-13 from class loader (caller=/apex/com.android.tethering/javalib/service-connectivity.jar): ok\n10-05 09:25:11.460 13874 13986 D AudioFlinger: isLowRamDevice:false totalMemory:6217895936 mClientSharedHeapSize:33554432"}
cmd: Can't find service: input

Exception occurred while executing 'set':
java.lang.NullPointerException: Attempt to invoke interface method 'int android.app.IActivityManager.getCurrentUserId()' on a null object reference
	at android.app.ActivityManager.getCurrentUser(ActivityManager.java:5217)
	at com.android.server.appop.AppOpsService$Shell.parseUserPackageOp(AppOpsService.java:5373)
	at com.android.server.appop.AppOpsService.onShellCommand(AppOpsService.java:5478)
	at com.android.server.appop.AppOpsService$Shell.onCommand(AppOpsService.java:5263)
	at com.android.modules.utils.BasicShellCommandHandler.exec(BasicShellCommandHandler.java:97)
	at android.os.ShellCommand.exec(ShellCommand.java:38)
	at com.android.server.appop.AppOpsService.onShellCommand(AppOpsService.java:5435)
	at android.os.Binder.shellCommand(Binder.java:1230)
	at android.os.Binder.onTransact(Binder.java:1043)
	at com.android.internal.app.IAppOpsService$Stub.onTransact(IAppOpsService.java:1393)
	at android.os.Binder.execTransactInternal(Binder.java:1505)
	at android.os.Binder.execTransact(Binder.java:1444)
Can't find service: activity
{"check":"share-text-saw","result":"{\"context\":\"u:r:su:s0\",\"event\":\"start\",\"names\":[\"sh_text-saw_out\",\"sh_text-saw_in\"],\"uid\":0}\n10-05 09:25:26.292   511   657 D installd: Found quota mount /dev/block/dm-46 at /dev/app_plane_app/WebuiTermuxApi\n10-05 09:25:26.292   511   657 D installd: Found quota mount /dev/block/dm-46 at /product/app/WebuiTermuxApi\n10-05 09:25:26.292   511   657 D installd: Found quota mount /dev/block/dm-46 at /product/app/WebuiTermuxApi\n10-05 09:25:26.292   511   657 D installd: Found quota mount /dev/block/dm-46 at /dev/app_plane_app/WebuiTermuxApi\n10-05 09:25:26.292   511   657 D installd: Found quota mount /dev/block/dm-46 at /product/app/WebuiTermuxApi\n10-05 09:25:26.292   511   657 D installd: Found quota mount /dev/block/dm-46 at /dev/app_plane_app/WebuiTermuxApi\n10-05 09:25:26.292   511   657 D installd: Found quota mount /dev/block/dm-46 at /product/app/WebuiTermuxApi\n10-05 09:25:26.292   511   657 D installd: Found quota mount /dev/block/dm-46 at /dev/app_plane_app/WebuiTermuxApi\n10-05 09:25:26.292   511   657 D installd: Found quota mount /dev/block/dm-46 at /product/app/WebuiTermuxApi\n10-05 09:25:26.292   511   657 D installd: Found quota mount /dev/block/dm-46 at /dev/app_plane_app/WebuiTermuxApi\n10-05 09:25:26.348 14839 14839 D nativeloader: Load libservice-connectivity.so using ns clns-shared-13 from class loader (caller=/apex/com.android.tethering/javalib/service-connectivity.jar): ok\n10-05 09:25:26.428 14794 14794 D AudioFlinger: isLowRamDevice:false totalMemory:6217895936 mClientSharedHeapSize:33554432"}
cmd: Can't find service: input
Can't find service: activity
{"check":"share-file-saw","result":"{\"context\":\"u:r:su:s0\",\"event\":\"start\",\"names\":[\"sh_file-saw_out\",\"sh_file-saw_in\"],\"uid\":0}\n10-05 09:25:41.384   511 22726 D installd: Found quota mount /dev/block/dm-46 at /dev/app_plane_app/WebuiTermuxApi\n10-05 09:25:41.384   511 22726 D installd: Found quota mount /dev/block/dm-46 at /product/app/WebuiTermuxApi\n10-05 09:25:41.384   511 22726 D installd: Found quota mount /dev/block/dm-46 at /product/app/WebuiTermuxApi\n10-05 09:25:41.384   511 22726 D installd: Found quota mount /dev/block/dm-46 at /dev/app_plane_app/WebuiTermuxApi\n10-05 09:25:41.384   511 22726 D installd: Found quota mount /dev/block/dm-46 at /product/app/WebuiTermuxApi\n10-05 09:25:41.384   511 22726 D installd: Found quota mount /dev/block/dm-46 at /dev/app_plane_app/WebuiTermuxApi\n10-05 09:25:41.384   511 22726 D installd: Found quota mount /dev/block/dm-46 at /product/app/WebuiTermuxApi\n10-05 09:25:41.384   511 22726 D installd: Found quota mount /dev/block/dm-46 at /dev/app_plane_app/WebuiTermuxApi\n10-05 09:25:41.384   511 22726 D installd: Found quota mount /dev/block/dm-46 at /product/app/WebuiTermuxApi\n10-05 09:25:41.384   511 22726 D installd: Found quota mount /dev/block/dm-46 at /dev/app_plane_app/WebuiTermuxApi\n10-05 09:25:41.452 15741 15741 D nativeloader: Load libservice-connectivity.so using ns clns-shared-13 from class loader (caller=/apex/com.android.tethering/javalib/service-connectivity.jar): ok\n10-05 09:25:41.536 15695 15695 D AudioFlinger: isLowRamDevice:false totalMemory:6217895936 mClientSharedHeapSize:33554432"}
cmd: Can't find service: input
app uid: 10211
/system/bin/sh: can't create /storage/emulated/0/Download/dl-scan-fuse.txt: Transport endpoint is not connected
SELinux: Loaded file context from:
		/system/etc/selinux/plat_file_contexts
		/system_ext/etc/selinux/system_ext_file_contexts
		/vendor/etc/selinux/vendor_file_contexts
Error while accessing provider:media
java.lang.NullPointerException: Attempt to invoke interface method 'android.app.ContentProviderHolder android.app.IActivityManager.getContentProviderExternal(java.lang.String, int, android.os.IBinder, java.lang.String)' on a null object reference
	at com.android.commands.content.Content$Command.execute(Content.java:516)
	at com.android.commands.content.Content.main(Content.java:735)
	at com.android.internal.os.RuntimeInit.nativeFinishInit(Native Method)
	at com.android.internal.os.RuntimeInit.main(RuntimeInit.java:369)
{"check":"media-before","result":"-rw-rw---- 1 10196 1023 u:object_r:media_rw_data_file:s0  4 2026-10-05 09:25 dl-scan-app.txt\n-rw-rw---- 1 10196 1023 u:object_r:media_rw_data_file:s0  6 2026-10-05 09:25 dl-scan-bcast.txt\n-rw-rw---- 1 10196 1023 u:object_r:media_rw_data_file:s0  5 2026-10-05 09:25 dl-scan-none.txt\n-- mediastore:"}
Error while accessing provider:media
java.lang.NullPointerException: Attempt to invoke interface method 'android.app.ContentProviderHolder android.app.IActivityManager.getContentProviderExternal(java.lang.String, int, android.os.IBinder, java.lang.String)' on a null object reference
	at com.android.commands.content.Content$Command.execute(Content.java:516)
	at com.android.commands.content.Content.main(Content.java:735)
	at com.android.internal.os.RuntimeInit.nativeFinishInit(Native Method)
	at com.android.internal.os.RuntimeInit.main(RuntimeInit.java:369)
{"check":"media-scan-app","result":"{\"context\":\"u:r:su:s0\",\"event\":\"start\",\"names\":[\"ms_out\",\"ms_in\"],\"uid\":0}\n10-05 09:26:00.757   511   657 D installd: Found quota mount /dev/block/dm-46 at /dev/app_plane_app/WebuiTermuxApi\n10-05 09:26:00.757   511   657 D installd: Found quota mount /dev/block/dm-46 at /product/app/WebuiTermuxApi\n10-05 09:26:00.757   511   657 D installd: Found quota mount /dev/block/dm-46 at /product/app/WebuiTermuxApi\n10-05 09:26:00.757   511   657 D installd: Found quota mount /dev/block/dm-46 at /dev/app_plane_app/WebuiTermuxApi\n10-05 09:26:00.757   511   657 D installd: Found quota mount /dev/block/dm-46 at /product/app/WebuiTermuxApi\n10-05 09:26:00.757   511   657 D installd: Found quota mount /dev/block/dm-46 at /dev/app_plane_app/WebuiTermuxApi\n10-05 09:26:00.757   511   657 D installd: Found quota mount /dev/block/dm-46 at /product/app/WebuiTermuxApi\n10-05 09:26:00.757   511   657 D installd: Found quota mount /dev/block/dm-46 at /dev/app_plane_app/WebuiTermuxApi\n10-05 09:26:00.757   511   657 D installd: Found quota mount /dev/block/dm-46 at /product/app/WebuiTermuxApi\n10-05 09:26:00.757   511   657 D installd: Found quota mount /dev/block/dm-46 at /dev/app_plane_app/WebuiTermuxApi\n-- mediastore:"}
Error while accessing provider:media
java.lang.NullPointerException: Attempt to invoke interface method 'android.app.ContentProviderHolder android.app.IActivityManager.getContentProviderExternal(java.lang.String, int, android.os.IBinder, java.lang.String)' on a null object reference
	at com.android.commands.content.Content$Command.execute(Content.java:516)
	at com.android.commands.content.Content.main(Content.java:735)
	at com.android.internal.os.RuntimeInit.nativeFinishInit(Native Method)
	at com.android.internal.os.RuntimeInit.main(RuntimeInit.java:369)
{"check":"media-scan-bcast","result":"cmd: Failure calling service activity: Broken pipe (32)\n10-05 09:26:05.666 17307 17307 D nativeloader:   com_android_mediaprovider: libpdfclient.so\n10-05 09:26:05.785 17307 17307 D CompatConfig: Found a config file: /apex/com.android.mediaprovider/etc/compatconfig/framework-pdf-v-platform-compat-config.xml\n10-05 09:26:05.785 17307 17307 D CompatConfig: Found a config file: /apex/com.android.mediaprovider/etc/compatconfig/media-provider-platform-compat-config.xml\n10-05 09:26:05.787 17307 17334 I SystemConfig: Reading permissions from /apex/com.android.mediaprovider/etc/permissions/privapp_allowlist_com.google.android.providers.media.module.xml\n10-05 09:26:05.944 17307 17307 W PackageManager: No package known for package restrictions com.google.android.mediaprovider\n10-05 09:26:05.967 17307 17307 D PackageManager: Directories scanned as system partitions: [/system:0, /vendor:524288, /odm:4194304, /oem:262144, /product:1048576, /system_ext:2097152, /apex/com.android.healthfitness:41943040, /apex/com.android.nfcservices:41943040, /apex/com.android.wifi:41943040, /apex/com.android.permission:41943040, /apex/com.android.neuralnetworks:41943040, /apex/com.google.android.widevine:42467328, /apex/com.android.devicelock:41943040, /apex/com.android.conscrypt:41943040, /apex/com.android.rkpd:41943040, /apex/com.android.uwb:41943040, /apex/com.android.os.statsd:41943040, /apex/com.android.apex.cts.shim:41943040, /apex/com.android.virt:41943040, /apex/com.android.profiling:41943040, /apex/com.android.media.swcodec:41943040, /apex/com.android.mediaprovider:41943040, /apex/com.android.sdkext:41943040, /apex/com.android.btservices:41943040, /apex/com.android.hardware.neuralnetworks:42467328, /apex/com.android.hardware.rebootescrow:42467328, /apex/com.android.appsearch:41943040, /apex/com.android.runtime:41943040, /apex/com.android.extservices:41943040, /apex/com.android.ondevicepersonalization:41943040, /apex/com.android.adbd:41943040, /apex/com.android.cellbroadcast:41943040, /apex/com.android.ipsec:41943040, /apex/com.android.media:41943040, /apex/com.android.scheduling:41943040, /apex/com.android.adservices:41943040, /apex/com.android.resolv:41943040, /apex/com.android.configinfrastructure:41943040, /apex/com.android.hardware.authsecret:42467328, /apex/com.android.art:41943040, /apex/com.android.hardware.cas:42467328, /apex/com.android.i18n:41943040, /apex/com.android.tethering:41943040, /apex/com.google.mainline.primary.libs:41943040, /apex/com.android.compos:44040192, /apex/com.android.tzdata:41943040]\n10-05 09:26:06.064 17307 17307 I PackageManager: /data/apex/decompressed/com.android.mediaprovider@350820300.decompressed.apex changed; collecting certs\n10-05 09:26:06.197 17307 17307 I ApexManager: Registering com.google.android.providers.media.module as apk-in-apex of com.android.mediaprovider\n10-05 09:26:06.198 17307 17307 D PackageManager: No files in app dir /apex/com.android.mediaprovider/app\n10-05 09:26:06.267 17307 17367 W PackageManager: Skipping preparing app data for com.google.android.mediaprovider\n-- mediastore:"}
