
U-Boot SPL 2024.04-g3fe964757589-ab15108624 (Mar 27 2026 - 21:26:21 +0000)
Trying to boot from SPI
Jumping to 64-bit U-Boot: Note many features are missing


U-Boot 2024.04-g3fe964757589-ab15108624 (Mar 27 2026 - 21:26:21 +0000)

DRAM:  4 GiB
Core:  8 devices, 8 uclasses, devicetree: separate
Net:         eth_initialize() No ethernet found.
qfw_write_smbios_tables() No QEMU firmware device
qfw_evt_write_smbios_tables() Falling back to U-Boot generated SMBIOS tables
Driver                    uid uclass               Devices
----------------------------------------------------------
blk_partition             083 partition            virtio-blk#24:1          
                                                   virtio-blk#24:2          
                                                   virtio-blk#24:3          
                                                   virtio-blk#24:4          
                                                   virtio-blk#24:5          
                                                   virtio-blk#24:6          
                                                   virtio-blk#24:7          
                                                   virtio-blk#24:8          
                                                   virtio-blk#24:9          
                                                   virtio-blk#24:10         
                                                   virtio-blk#24:11         
                                                   virtio-blk#24:12         
                                                   virtio-blk#24:13         
                                                   virtio-blk#24:14         
                                                   virtio-blk#24:15         
                                                   virtio-blk#24:16         
                                                   virtio-blk#24:17         
                                                   virtio-blk#24:18         
                                                   virtio-blk#24:19         
                                                   virtio-blk#25:1          
                                                   virtio-blk#25:2          
                                                   virtio-blk#25:3          
                                                   virtio-blk#25:4          
                                                   virtio-blk#26:1          
bootmeth_qfw              026 <no uclass>          
cpu_bus                   109 <no uclass>          
cpu_qemu                  031 <no uclass>          
cpu_x86                   031 <no uclass>          
efi_blk                   022 blk                  <none>
EFI block driver          038 efi                  <none>
syscon                    117 syscon               <none>
motorola_mc146818         104 rtc                  rtc                      
ns16550_serial            108 serial               serial                   
pci_bridge_drv            085 pci                  pci_0:2.1                
pci_generic_drv           087 pci_generic          pci_0:0.0                
                                                   pci_0:1.7                
pci_x86                   085 pci                  pci                      
qfw_bootdev               025 <no uclass>          
qfw_pio                   096 qfw                  qfw_pio                  
root_driver               000 root                 root_driver              
sysinfo_smbios            118 sysinfo              smbios                   
vidconsole0               131 vidconsole0          <none>
virtio-blk                022 blk                  virtio-blk#24            
                                                   virtio-blk#25            
                                                   virtio-blk#26            
virtio_bootdev            025 <no uclass>          
virtio-console            108 serial               virtio-console#0         
                                                   virtio-console#8         
                                                   virtio-console#9         
                                                   virtio-console#10        
                                                   virtio-console#11        
                                                   virtio-console#12        
                                                   virtio-console#13        
                                                   virtio-console#14        
                                                   virtio-console#15        
                                                   virtio-console#16        
                                                   virtio-console#17        
                                                   virtio-console#18        
                                                   virtio-console#19        
                                                   virtio-console#20        
                                                   virtio-console#21        
                                                   virtio-console#22        
                                                   virtio-console#23        
                                                   virtio-console#27        
                                                   virtio-console#28        
                                                   virtio-console#29        
virtio-console-port       108 serial               <none>
virtio-net                040 ethernet             virtio-net#1             
                                                   virtio-net#2             
virtio-pci.m              133 virtio               virtio-pci.m#0           
                                                   virtio-pci.m#1           
                                                   virtio-pci.m#2           
                                                   virtio-pci.m#3           
                                                   virtio-pci.m#4           
                                                   virtio-pci.m#5           
                                                   virtio-pci.m#6           
                                                   virtio-pci.m#7           
                                                   virtio-pci.m#8           
                                                   virtio-pci.m#9           
                                                   virtio-pci.m#10          
                                                   virtio-pci.m#11          
                                                   virtio-pci.m#12          
                                                   virtio-pci.m#13          
                                                   virtio-pci.m#14          
                                                   virtio-pci.m#15          
                                                   virtio-pci.m#16          
                                                   virtio-pci.m#17          
                                                   virtio-pci.m#18          
                                                   virtio-pci.m#19          
                                                   virtio-pci.m#20          
                                                   virtio-pci.m#21          
                                                   virtio-pci.m#22          
                                                   virtio-pci.m#23          
                                                   virtio-pci.m#24          
                                                   virtio-pci.m#25          
                                                   virtio-pci.m#26          
                                                   virtio-pci.m#27          
                                                   virtio-pci.m#28          
                                                   virtio-pci.m#29          
                                                   virtio-pci.m#30          
                                                   virtio-pci.m#31          
                                                   virtio-pci.m#32          
                                                   virtio-pci.m#33          
                                                   virtio-pci.m#34          
                                                   virtio-pci.m#35          
                                                   virtio-pci.m#36          
virtio-rng                103 rng                  virtio-rng#32            
x86_reset                 119 sysreset             reset                    
x86_tsc_timer             122 timer                tsc-timer                
## Android Verified Boot 2.0 version 1.2.0
Writing 8 bytes to virtio-console#17 console
Reading 8 bytes from virtio-console#17 console
Writing 8 bytes to virtio-console#17 console
Reading 8 bytes from virtio-console#17 console
Verification passed successfully
Imported supplementary environment
CPU 65537:
Reg Valid Write-type   Base   ||        Mask   ||        Size   ||       
0   Y     Back         00000000fff00000 0000000ffff00000 0000000000100000
1   N     Uncacheable  0000000000000000 0000000000000000 0000001000000000
2   N     Uncacheable  0000000000000000 0000000000000000 0000001000000000
3   N     Uncacheable  0000000000000000 0000000000000000 0000001000000000
4   N     Uncacheable  0000000000000000 0000000000000000 0000001000000000
5   N     Uncacheable  0000000000000000 0000000000000000 0000001000000000
6   N     Uncacheable  0000000000000000 0000000000000000 0000001000000000
7   N     Uncacheable  0000000000000000 0000000000000000 0000001000000000
ANDROID: reboot reason: "(none)"
      ab_select_slot() ANDROID: Invalid CRC-32 (expected 807077e9, found 00000000),re-initializing A/B metadata.
      ab_select_slot() ANDROID: Attempting slot a, tries remaining 3
## Android Verified Boot 2.0 version 1.2.0
Writing 8 bytes to virtio-console#17 console
Reading 8 bytes from virtio-console#17 console
Writing 8 bytes to virtio-console#17 console
Reading 8 bytes from virtio-console#17 console
Verification passed successfully
## Android Verified Boot 2.0 version 1.2.0
Writing 8 bytes to virtio-console#17 console
Reading 8 bytes from virtio-console#17 console
Writing 8 bytes to virtio-console#17 console
Reading 8 bytes from virtio-console#17 console
Verification passed successfully
ANDROID: Loading ramdisk from "init_boot_a", partition 4.
ANDROID: Loading kernel from "boot_a", partition 1.
ANDROID: Loading vendor ramdisk from "vendor_boot_a", partition 18.
Booting kernel at 0x02400000 with fdt at <NULL> ramdisk 0x0e400000 (0x01505916 bytes)...


Valid Boot Flag
Magic signature found
Linux kernel version 6.12.74-android16-6-g3ec022196c4e-ab15076761 (kleaf@build-host) #1 SMP PREEMPT Tue Mar 24 05:36:21 UTC 2026
Building boot_params at 0x00090000
Loading bzImage at address 100000 (22881280 bytes)
Initial RAM disk at linear address 0x0e400000, size 22042902 bytes
Kernel command line: " printk.devkmsg=on audit=1 panic=-1 8250.nr_uarts=1 binder.impl=rust cma=0 firmware_class.path=/vendor/etc/ loop.max_part=7 init=/init bootconfig panic=-1 console=hvc0 earlycon=uart8250,io,0x3f8 ramoops.mem_address=0x138000000 ramoops.mem_size=0x200000"
Kernel loaded at 00100000, setup_base=0000000000090000

Starting kernel ...

[    0.000000] Linux version 6.12.74-android16-6-g3ec022196c4e-ab15076761 (kleaf@build-host) (Android (14043575, +pgo, +bolt, +lto, +mlgo, based on r536225) clang version 19.0.1 (https://android.googlesource.com/toolchain/llvm-project b3a530ec6537146650e42be89f1089e9a3588460), LLD 19.0.1) #1 SMP PREEMPT Tue Mar 24 05:36:21 UTC 2026
[    0.000000] Command line:  printk.devkmsg=on audit=1 panic=-1 8250.nr_uarts=1 binder.impl=rust cma=0 firmware_class.path=/vendor/etc/ loop.max_part=7 init=/init bootconfig panic=-1 console=hvc0 earlycon=uart8250,io,0x3f8 ramoops.mem_address=0x138000000 ramoops.mem_size=0x200000
[    0.000000] [Firmware Bug]: TSC doesn't count with P0 frequency!
[    0.000000] BIOS-provided physical RAM map:
[    0.000000] BIOS-e820: [mem 0x0000000000000000-0x000000000009ffff] usable
[    0.000000] BIOS-e820: [mem 0x00000000000a0000-0x00000000000fffff] reserved
[    0.000000] BIOS-e820: [mem 0x0000000000100000-0x00000000ced69fff] usable
[    0.000000] BIOS-e820: [mem 0x00000000ced6a000-0x00000000cfffffff] reserved
[    0.000000] BIOS-e820: [mem 0x00000000e0000000-0x00000000efffffff] reserved
[    0.000000] BIOS-e820: [mem 0x0000000100000000-0x000000012fffffff] usable
[    0.000000] earlycon: uart8250 at I/O port 0x3f8 (options '')
[    0.000000] printk: legacy bootconsole [uart8250] enabled
[    0.000000] NX (Execute Disable) protection: active
[    0.000000] APIC: Static calls initialized
[    0.000000] SMBIOS 3.2.0 present.
[    0.000000] DMI: ChromiumOS crosvm, BIOS 0 
[    0.000000] DMI: Memory slots populated: 0/0
[    0.000000] Hypervisor detected: KVM
[    0.000000] last_pfn = 0xced6a max_arch_pfn = 0x400000000
[    0.000000] kvm-clock: Using msrs 4b564d01 and 4b564d00
[    0.000001] kvm-clock: using sched offset of 2294450380 cycles
[    0.001568] clocksource: kvm-clock: mask: 0xffffffffffffffff max_cycles: 0x1cd42e4dffb, max_idle_ns: 881590591483 ns
[    0.006571] tsc: Detected 2445.428 MHz processor
[    0.008369] last_pfn = 0x130000 max_arch_pfn = 0x400000000
[    0.010295] MTRR map: 6 entries (3 fixed + 3 variable; max 19), built from 8 variable MTRRs
[    0.012740] x86/PAT: Configuration [0-7]: WB  WC  UC- UC  WB  WP  UC- WT  
[    0.015014] mtrr: your BIOS has configured an incorrect mask, fixing it.
[    0.017091] last_pfn = 0xced6a max_arch_pfn = 0x400000000
[    0.018803] found SMP MP-table at [mem 0x0009fff0-0x0009ffff]
[    0.020638] Using GB pages for direct mapping
[    0.022125] RAMDISK: [mem 0x0e400000-0x0f905fff]
[    0.023586] ACPI: Early table checksum verification disabled
[    0.025255] ACPI: RSDP 0x00000000000E0000 000024 (v02 CROSVM)
[    0.026946] ACPI: XSDT 0x00000000000E0C00 00003C (v01 CROSVM CROSVMDT 00000001 CROS 00000000)
[    0.029554] ACPI: FACP 0x00000000000E09C0 000114 (v06 CROSVM CROSVMDT 00000001 CROS 00000000)
[    0.032148] ACPI: DSDT 0x00000000000E0080 00091E (v06 CROSVM CROSVMDT 00000001 CROS 00000000)
[    0.034820] ACPI: FACS 0x00000000000E0040 000040
[    0.036276] ACPI: APIC 0x00000000000E0B00 000070 (v05 CROSVM CROSVMDT 00000001 CROS 00000000)
[    0.038758] ACPI: MCFG 0x00000000000E0B80 00003C (v01 CROSVM CROSVMDT 00000001 CROS 00000000)
[    0.041326] ACPI: Reserving FACP table memory at [mem 0xe09c0-0xe0ad3]
[    0.043283] ACPI: Reserving DSDT table memory at [mem 0xe0080-0xe099d]
[    0.045305] ACPI: Reserving FACS table memory at [mem 0xe0040-0xe007f]
[    0.047365] ACPI: Reserving APIC table memory at [mem 0xe0b00-0xe0b6f]
[    0.049334] ACPI: Reserving MCFG table memory at [mem 0xe0b80-0xe0bbb]
[    0.051542] Zone ranges:
[    0.052316]   DMA32    [mem 0x0000000000001000-0x00000000ffffffff]
[    0.054188]   Normal   [mem 0x0000000100000000-0x000000012fffffff]
[    0.056035] Movable zone start for each node
[    0.057374] Early memory node ranges
[    0.058489]   node   0: [mem 0x0000000000001000-0x000000000009ffff]
[    0.060472]   node   0: [mem 0x0000000000100000-0x00000000ced69fff]
[    0.062375]   node   0: [mem 0x0000000100000000-0x000000012fffffff]
[    0.064238] Initmem setup node 0 [mem 0x0000000000001000-0x000000012fffffff]
[    0.066413] On node 0, zone DMA32: 1 pages in unavailable ranges
[    0.208139] On node 0, zone DMA32: 96 pages in unavailable ranges
[    0.243186] On node 0, zone Normal: 4758 pages in unavailable ranges
[    0.248005] IOAPIC[0]: apic_id 0, version 17, address 0xfec00000, GSI 0-23
[    0.250065] ACPI: INT_SRC_OVR (bus 0 bus_irq 9 global_irq 9 low level)
[    0.252022] ACPI: INT_SRC_OVR (bus 0 bus_irq 10 global_irq 10 low level)
[    0.254099] ACPI: INT_SRC_OVR (bus 0 bus_irq 11 global_irq 11 low level)
[    0.256180] ACPI: INT_SRC_OVR (bus 0 bus_irq 12 global_irq 12 low level)
[    0.258300] ACPI: Using ACPI (MADT) for SMP configuration information
[    0.260378] TSC deadline timer available
[    0.261647] CPU topo: Max. logical packages:   2
[    0.263017] CPU topo: Max. logical dies:       2
[    0.264441] CPU topo: Max. dies per package:   1
[    0.265842] CPU topo: Max. threads per core:   1
[    0.267313] CPU topo: Num. cores per package:     1
[    0.268825] CPU topo: Num. threads per package:   1
[    0.270400] CPU topo: Allowing 2 present CPUs plus 0 hotplug CPUs
[    0.272623] kvm-guest: APIC: eoi() replaced with kvm_guest_apic_eoi_write()
[    0.274832] kvm-guest: KVM setup pv remote TLB flush
[    0.276449] kvm-guest: setup PV sched yield
[    0.277788] PM: hibernation: Registered nosave memory: [mem 0x00000000-0x00000fff]
[    0.280156] PM: hibernation: Registered nosave memory: [mem 0x000a0000-0x000fffff]
[    0.282586] PM: hibernation: Registered nosave memory: [mem 0xced6a000-0xffffffff]
[    0.285083] [mem 0xd0000000-0xdfffffff] available for PCI devices
[    0.286882] Booting paravirtualized kernel on KVM
[    0.288332] clocksource: refined-jiffies: mask: 0xffffffff max_cycles: 0xffffffff, max_idle_ns: 7645519600211568 ns
[    0.291786] Load bootconfig: 2695 bytes 132 nodes
[    0.293302] setup_percpu: NR_CPUS:32 nr_cpumask_bits:2 nr_cpu_ids:2 nr_node_ids:1
[    0.301143] percpu: Embedded 106 pages/cpu s271384 r131072 d31720 u1048576
[    0.303307] Kernel command line: vmw_vsock_virtio_transport_common.virtio_transport_max_vsock_pkt_buf_size=16384 console=ttynull stack_depot_disable=on cgroup_disable=pressure bootconfig  printk.devkmsg=on audit=1 panic=-1 8250.nr_uarts=1 binder.impl=rust cma=0 firmware_class.path=/vendor/etc/ loop.max_part=7 init=/init bootconfig panic=-1 console=hvc0 earlycon=uart8250,io,0x3f8 ramoops.mem_address=0x138000000 ramoops.mem_size=0x200000
[    0.315244] cgroup: Disabling pressure control group feature
[    0.317023] audit: enabled (after initialization)
[    0.318607] random: crng init done
[    0.319688] printk: log buffer data + meta data: 131072 + 458752 = 589824 bytes
[    0.332790] Dentry cache hash table entries: 524288 (order: 10, 4194304 bytes, linear)
[    0.340402] Inode-cache hash table entries: 262144 (order: 9, 2097152 bytes, linear)
[    0.342831] Built 1 zonelists, mobility grouping on.  Total pages: 1043721
[    0.345029] mem auto-init: stack:all(zero), heap alloc:on, heap free:off
[    0.347212] stackdepot: disabled
[    0.348234] software IO TLB: area num 2.
[    0.539174] SLUB: HWalign=64, Order=0-3, MinObjects=0, CPUs=2, Nodes=1
[    0.542635] rcu: Preemptible hierarchical RCU implementation.
[    0.544548] rcu: 	RCU event tracing is enabled.
[    0.545954] rcu: 	RCU restricting CPUs from NR_CPUS=32 to nr_cpu_ids=2.
[    0.548007] rcu: 	RCU priority boosting: priority 1 delay 500 ms.
[    0.549890] 	Trampoline variant of Tasks RCU enabled.
[    0.551469] 	Tracing variant of Tasks RCU enabled.
[    0.552972] rcu: RCU calculated value of scheduler-enlistment delay is 25 jiffies.
[    0.555473] rcu: Adjusting geometry for rcu_fanout_leaf=16, nr_cpu_ids=2
[    0.557739] RCU Tasks: Setting shift to 1 and lim to 1 rcu_task_cb_adjust=1 rcu_task_cpu_ids=2.
[    0.560435] RCU Tasks Trace: Setting shift to 1 and lim to 1 rcu_task_cb_adjust=1 rcu_task_cpu_ids=2.
[    0.565537] NR_IRQS: 4352, nr_irqs: 440, preallocated irqs: 16
[    0.567743] rcu: 	Offload RCU callbacks from CPUs: 0-1.
[    0.569461] rcu: srcu_init: Setting srcu_struct sizes based on contention.
[    0.571731] kfence: initialized - using 524288 bytes for 63 objects at 0x(____ptrval____)-0x(____ptrval____)
[    0.574804] ACPI: Core revision 20240827
[    0.576092] APIC: Switch to symmetric I/O mode setup
[    0.578332] x2apic enabled
[    0.579947] APIC: Switched APIC routing to: physical x2apic
[    0.581807] kvm-guest: APIC: send_IPI_mask() replaced with kvm_send_ipi_mask()
[    0.583968] kvm-guest: APIC: send_IPI_mask_allbutself() replaced with kvm_send_ipi_mask_allbutself()
[    0.586798] kvm-guest: setup PV IPIs
[    0.590682] clocksource: tsc-early: mask: 0xffffffffffffffff max_cycles: 0x233fd98c0cf, max_idle_ns: 440795209930 ns
[    0.594028] Calibrating delay loop (skipped) preset value.. 4890.85 BogoMIPS (lpj=9781712)
[    0.597291] x86/cpu: User Mode Instruction Prevention (UMIP) activated
[    0.598024] Last level iTLB entries: 4KB 512, 2MB 512, 4MB 256
[    0.598024] Last level dTLB entries: 4KB 2048, 2MB 2048, 4MB 1024, 1GB 0
[    0.598024] Spectre V1 : Mitigation: usercopy/swapgs barriers and __user pointer sanitization
[    0.598024] Spectre V2 : Mitigation: Retpolines
[    0.598024] Spectre V2 : Spectre v2 / SpectreRSB: Filling RSB on context switch and VMEXIT
[    0.598024] Speculative Store Bypass: Vulnerable
[    0.598024] Speculative Return Stack Overflow: IBPB-extending microcode not applied!
[    0.598024] Speculative Return Stack Overflow: WARNING: See https://kernel.org/doc/html/latest/admin-guide/hw-vuln/srso.html for mitigation options.
[    0.598024] active return thunk: srso_alias_return_thunk
[    0.598024] Speculative Return Stack Overflow: Vulnerable: Safe RET, no microcode
[    0.598024] x86/fpu: Supporting XSAVE feature 0x001: 'x87 floating point registers'
[    0.598024] x86/fpu: Supporting XSAVE feature 0x002: 'SSE registers'
[    0.598024] x86/fpu: Supporting XSAVE feature 0x004: 'AVX registers'
[    0.598024] x86/fpu: xstate_offset[2]:  576, xstate_sizes[2]:  256
[    0.598024] x86/fpu: Enabled xstate features 0x7, context size is 832 bytes, using 'compacted' format.
[    0.598024] SMP alternatives: Using kCFI
[    0.598024] Freeing SMP alternatives memory: 56K
[    0.598024] pid_max: default: 32768 minimum: 301
[    0.598024] LSM: initializing lsm=capability,landlock,safesetid,selinux,bpf
[    0.598024] landlock: Up and running.
[    0.598024] SELinux:  Initializing.
[    0.598024] LSM support for eBPF active
[    0.598024] Mount-cache hash table entries: 8192 (order: 4, 65536 bytes, linear)
[    0.598024] Mountpoint-cache hash table entries: 8192 (order: 4, 65536 bytes, linear)
[    0.598024] smpboot: CPU0: AMD EPYC 7763 64-Core Processor (family: 0x19, model: 0x1, stepping: 0x1)
[    0.598893] Performance Events: PMU not available due to virtualization, using software events only.
[    0.606128] signal: max sigframe size: 1776
[    0.608024] rcu: Hierarchical SRCU implementation.
[    0.610044] rcu: 	Max phase no-delay instances is 1000.
[    0.612942] Timer migration: 1 hierarchy levels; 8 children per group; 1 crossnode level
[    0.617212] dyndbg: Ignore empty _ddebug table in a CONFIG_DYNAMIC_DEBUG_CORE build
[    0.618364] smp: Bringing up secondary CPUs ...
[    0.621183] smpboot: x86: Booting SMP configuration:
[    0.622052] .... node  #0, CPUs:      #1
[    0.626136] smp: Brought up 1 node, 2 CPUs
[    0.629642] smpboot: Total of 2 processors activated (9781.71 BogoMIPS)
[    0.631468] Memory: 3960552K/4174884K available (22528K kernel code, 2444K rwdata, 16884K rodata, 3244K init, 2276K bss, 210884K reserved, 0K cma-reserved)
[    0.634820] x86/mm: Memory block size: 128MB
[    0.638363] clocksource: jiffies: mask: 0xffffffff max_cycles: 0xffffffff, max_idle_ns: 7645041785100000 ns
[    0.642199] futex hash table entries: 512 (order: 3, 32768 bytes, linear)
[    0.652322] NET: Registered PF_NETLINK/PF_ROUTE protocol family
[    0.654462] audit: initializing netlink subsys (enabled)
[    0.656873] ramoops: using module parameters
[    0.656873] audit: type=2000 audit(1790859824.102:1): state=initialized audit_enabled=1 res=1
[    0.678167] pstore: Using crash dump compression: deflate
[    0.680512] printk: legacy console [ramoops-1] enabled
[    0.682249] pstore: Registered ramoops as persistent store backend
[    0.685057] ramoops: using 0x200000@0x138000000, ecc: 0
[    0.686347] thermal_sys: Registered thermal governor 'bang_bang'
[    0.686349] thermal_sys: Registered thermal governor 'step_wise'
[    0.688927] thermal_sys: Registered thermal governor 'user_space'
[    0.690056] cpuidle: using governor menu
[    0.695854] PCI: ECAM [mem 0xf4000000-0xf7ffffff] (base 0xf4000000) for domain 0000 [bus 00-3f]
[    0.698052] PCI: not using ECAM ([mem 0xf4000000-0xf7ffffff] not reserved)
[    0.701005] PCI: Using configuration type 1 for base access
[    0.702039] PCI: Using configuration type 1 for extended access
[    0.704944] mtrr: your CPUs had inconsistent fixed MTRR settings
[    0.706039] mtrr: your CPUs had inconsistent variable MTRR settings
[    0.708724] mtrr: your CPUs had inconsistent MTRRdefType settings
[    0.710040] mtrr: probably your BIOS does not setup all CPUs.
[    0.712596] mtrr: corrected configuration.
[    0.714159] kprobes: kprobe jump-optimization is enabled. All kprobes are optimized if possible.
[    0.719560] cryptd: max_cpu_qlen set to 1000
[    0.722196] ACPI: Added _OSI(Module Device)
[    0.724055] ACPI: Added _OSI(Processor Device)
[    0.725870] ACPI: Added _OSI(Processor Aggregator Device)
[    0.726983] ACPI: 1 ACPI AML tables successfully acquired and loaded
[    0.732021] ACPI: Interpreter enabled
[    0.733459] ACPI: PM: (supports S0 S1 S5)
[    0.734042] ACPI: Using IOAPIC for interrupt routing
[    0.735816] PCI: ECAM [mem 0xf4000000-0xf7ffffff] (base 0xf4000000) for domain 0000 [bus 00-3f]
[    0.738146] PCI: ECAM [mem 0xf4000000-0xf7ffffff] reserved as ACPI motherboard resource
[    0.741294] PCI: Using host bridge windows from ACPI; if necessary, use "pci=nocrs" and report a bug
[    0.742041] PCI: Using E820 reservations for host bridge windows
[    0.747889] ACPI: PCI Root Bridge [PC00] (domain 0000 [bus 00-3f])
[    0.750050] acpi PNP0A08:00: _OSC: OS supports [ExtendedConfig ASPM ClockPM Segments MSI HPX-Type3]
[    0.753820] acpi PNP0A08:00: _OSC: OS now controls [PCIeHotplug PME PCIeCapability LTR]
[    0.754366] PCI host bridge to bus 0000:00
[    0.756004] pci_bus 0000:00: root bus resource [mem 0xd0000000-0xf7ffffff window]
[    0.758042] pci_bus 0000:00: root bus resource [mem 0x138200000-0x3fffffffffff window]
[    0.760959] pci_bus 0000:00: root bus resource [bus 00-3f]
[    0.762190] pci 0000:00:00.0: [8086:1237] type 00 class 0x060000 conventional PCI endpoint
[    0.767397] pci 0000:00:01.0: [1af4:1043] type 00 class 0x078000 conventional PCI endpoint
[    0.770393] pci 0000:00:01.0: BAR 0 [mem 0xd0808000-0xd080ffff]
[    0.775464] pci 0000:00:01.0: PME# supported from D0 D3hot D3cold
[    0.779150] pci 0000:00:01.1: [1af4:1041] type 00 class 0x028000 conventional PCI endpoint
[    0.782325] pci 0000:00:01.1: BAR 0 [mem 0xd08e0000-0xd08e7fff]
[    0.787122] pci 0000:00:01.1: PME# supported from D0 D3hot D3cold
[    0.791076] pci 0000:00:01.2: [1af4:1041] type 00 class 0x028000 conventional PCI endpoint
[    0.794361] pci 0000:00:01.2: BAR 0 [mem 0xd08e8000-0xd08effff]
[    0.799309] pci 0000:00:01.2: PME# supported from D0 D3hot D3cold
[    0.803051] pci 0000:00:01.3: [1af4:1052] type 00 class 0x098000 conventional PCI endpoint
[    0.806330] pci 0000:00:01.3: BAR 0 [mem 0xd0908000-0xd090ffff]
[    0.811074] pci 0000:00:01.3: PME# supported from D0 D3hot D3cold
[    0.814921] pci 0000:00:01.4: [1af4:1052] type 00 class 0x098000 conventional PCI endpoint
[    0.818356] pci 0000:00:01.4: BAR 0 [mem 0xd0910000-0xd0917fff]
[    0.823023] pci 0000:00:01.4: PME# supported from D0 D3hot D3cold
[    0.826880] pci 0000:00:01.5: [1af4:1052] type 00 class 0x098000 conventional PCI endpoint
[    0.830344] pci 0000:00:01.5: BAR 0 [mem 0xd0918000-0xd091ffff]
[    0.835064] pci 0000:00:01.5: PME# supported from D0 D3hot D3cold
[    0.838853] pci 0000:00:01.6: [1af4:1052] type 00 class 0x098000 conventional PCI endpoint
[    0.842325] pci 0000:00:01.6: BAR 0 [mem 0xd0920000-0xd0927fff]
[    0.847059] pci 0000:00:01.6: PME# supported from D0 D3hot D3cold
[    0.850466] pci 0000:00:01.7: [1b36:0011] type 00 class 0xffff00 conventional PCI endpoint
[    0.854304] pci 0000:00:01.7: BAR 0 [mem 0xd0928000-0xd092800f]
[    0.858644] pci 0000:00:02.0: [1af4:1050] type 00 class 0x038000 conventional PCI endpoint
[    0.862326] pci 0000:00:02.0: BAR 0 [mem 0xd0800000-0xd0807fff]
[    0.865321] pci 0000:00:02.0: BAR 2 [mem 0x200000000-0x3ffffffff 64bit pref]
[    0.867896] pci 0000:00:02.0: PME# supported from D0 D3hot D3cold
[    0.871105] pci 0000:00:02.1: [8086:3420] type 01 class 0x060400 PCIe Root Port
[    0.874688] pci 0000:00:02.1: PCI bridge to [bus 01]
[    0.878038] pci 0000:00:02.1: PME# supported from D0 D3hot D3cold
[    0.881971] pci 0000:00:03.0: [1af4:1043] type 00 class 0x078000 conventional PCI endpoint
[    0.882344] pci 0000:00:03.0: BAR 0 [mem 0xd0810000-0xd0817fff]
[    0.887113] pci 0000:00:03.0: PME# supported from D0 D3hot D3cold
[    0.890973] pci 0000:00:04.0: [1af4:1043] type 00 class 0x078000 conventional PCI endpoint
[    0.894354] pci 0000:00:04.0: BAR 0 [mem 0xd0818000-0xd081ffff]
[    0.899165] pci 0000:00:04.0: PME# supported from D0 D3hot D3cold
[    0.903035] pci 0000:00:05.0: [1af4:1043] type 00 class 0x078000 conventional PCI endpoint
[    0.906358] pci 0000:00:05.0: BAR 0 [mem 0xd0820000-0xd0827fff]
[    0.911024] pci 0000:00:05.0: PME# supported from D0 D3hot D3cold
[    0.914889] pci 0000:00:06.0: [1af4:1043] type 00 class 0x078000 conventional PCI endpoint
[    0.918348] pci 0000:00:06.0: BAR 0 [mem 0xd0828000-0xd082ffff]
[    0.923202] pci 0000:00:06.0: PME# supported from D0 D3hot D3cold
[    0.926595] pci 0000:00:07.0: [1af4:1043] type 00 class 0x078000 conventional PCI endpoint
[    0.929970] pci 0000:00:07.0: BAR 0 [mem 0xd0830000-0xd0837fff]
[    0.931910] pci 0000:00:07.0: PME# supported from D0 D3hot D3cold
[    0.934941] pci 0000:00:08.0: [1af4:1043] type 00 class 0x078000 conventional PCI endpoint
[    0.938326] pci 0000:00:08.0: BAR 0 [mem 0xd0838000-0xd083ffff]
[    0.942372] pci 0000:00:08.0: PME# supported from D0 D3hot D3cold
[    0.945605] pci 0000:00:09.0: [1af4:1043] type 00 class 0x078000 conventional PCI endpoint
[    0.946296] pci 0000:00:09.0: BAR 0 [mem 0xd0840000-0xd0847fff]
[    0.950424] pci 0000:00:09.0: PME# supported from D0 D3hot D3cold
[    0.953600] pci 0000:00:0a.0: [1af4:1043] type 00 class 0x078000 conventional PCI endpoint
[    0.954298] pci 0000:00:0a.0: BAR 0 [mem 0xd0848000-0xd084ffff]
[    0.958302] pci 0000:00:0a.0: PME# supported from D0 D3hot D3cold
[    0.961632] pci 0000:00:0b.0: [1af4:1043] type 00 class 0x078000 conventional PCI endpoint
[    0.962358] pci 0000:00:0b.0: BAR 0 [mem 0xd0850000-0xd0857fff]
[    0.966522] pci 0000:00:0b.0: PME# supported from D0 D3hot D3cold
[    0.969877] pci 0000:00:0c.0: [1af4:1043] type 00 class 0x078000 conventional PCI endpoint
[    0.970328] pci 0000:00:0c.0: BAR 0 [mem 0xd0858000-0xd085ffff]
[    0.974340] pci 0000:00:0c.0: PME# supported from D0 D3hot D3cold
[    0.977606] pci 0000:00:0d.0: [1af4:1043] type 00 class 0x078000 conventional PCI endpoint
[    0.978297] pci 0000:00:0d.0: BAR 0 [mem 0xd0860000-0xd0867fff]
[    0.982354] pci 0000:00:0d.0: PME# supported from D0 D3hot D3cold
[    0.985586] pci 0000:00:0e.0: [1af4:1043] type 00 class 0x078000 conventional PCI endpoint
[    0.986279] pci 0000:00:0e.0: BAR 0 [mem 0xd0868000-0xd086ffff]
[    0.990320] pci 0000:00:0e.0: PME# supported from D0 D3hot D3cold
[    0.993592] pci 0000:00:0f.0: [1af4:1043] type 00 class 0x078000 conventional PCI endpoint
[    0.994276] pci 0000:00:0f.0: BAR 0 [mem 0xd0870000-0xd0877fff]
[    0.998370] pci 0000:00:0f.0: PME# supported from D0 D3hot D3cold
[    1.001575] pci 0000:00:10.0: [1af4:1043] type 00 class 0x078000 conventional PCI endpoint
[    1.002277] pci 0000:00:10.0: BAR 0 [mem 0xd0878000-0xd087ffff]
[    1.006267] pci 0000:00:10.0: PME# supported from D0 D3hot D3cold
[    1.009512] pci 0000:00:11.0: [1af4:1043] type 00 class 0x078000 conventional PCI endpoint
[    1.010291] pci 0000:00:11.0: BAR 0 [mem 0xd0880000-0xd0887fff]
[    1.014384] pci 0000:00:11.0: PME# supported from D0 D3hot D3cold
[    1.017625] pci 0000:00:12.0: [1af4:1043] type 00 class 0x078000 conventional PCI endpoint
[    1.018278] pci 0000:00:12.0: BAR 0 [mem 0xd0888000-0xd088ffff]
[    1.022302] pci 0000:00:12.0: PME# supported from D0 D3hot D3cold
[    1.025639] pci 0000:00:13.0: [1af4:1042] type 00 class 0x018000 conventional PCI endpoint
[    1.026277] pci 0000:00:13.0: BAR 0 [mem 0xd08a8000-0xd08affff]
[    1.030319] pci 0000:00:13.0: PME# supported from D0 D3hot D3cold
[    1.033504] pci 0000:00:14.0: [1af4:1042] type 00 class 0x018000 conventional PCI endpoint
[    1.034322] pci 0000:00:14.0: BAR 0 [mem 0xd08b0000-0xd08b7fff]
[    1.038430] pci 0000:00:14.0: PME# supported from D0 D3hot D3cold
[    1.041676] pci 0000:00:15.0: [1af4:1042] type 00 class 0x018000 conventional PCI endpoint
[    1.042291] pci 0000:00:15.0: BAR 0 [mem 0xd08b8000-0xd08bffff]
[    1.046404] pci 0000:00:15.0: PME# supported from D0 D3hot D3cold
[    1.049599] pci 0000:00:16.0: [1af4:1043] type 00 class 0x078000 conventional PCI endpoint
[    1.050314] pci 0000:00:16.0: BAR 0 [mem 0xd0890000-0xd0897fff]
[    1.054420] pci 0000:00:16.0: PME# supported from D0 D3hot D3cold
[    1.057692] pci 0000:00:17.0: [1af4:1043] type 00 class 0x078000 conventional PCI endpoint
[    1.058293] pci 0000:00:17.0: BAR 0 [mem 0xd0898000-0xd089ffff]
[    1.062354] pci 0000:00:17.0: PME# supported from D0 D3hot D3cold
[    1.065587] pci 0000:00:18.0: [1af4:1043] type 00 class 0x078000 conventional PCI endpoint
[    1.066293] pci 0000:00:18.0: BAR 0 [mem 0xd08a0000-0xd08a7fff]
[    1.070320] pci 0000:00:18.0: PME# supported from D0 D3hot D3cold
[    1.073520] pci 0000:00:19.0: [1af4:105b] type 00 class 0x010800 conventional PCI endpoint
[    1.074307] pci 0000:00:19.0: BAR 0 [mem 0xd08c0000-0xd08c7fff]
[    1.078320] pci 0000:00:19.0: PME# supported from D0 D3hot D3cold
[    1.081509] pci 0000:00:1a.0: [1af4:105b] type 00 class 0x010800 conventional PCI endpoint
[    1.082291] pci 0000:00:1a.0: BAR 0 [mem 0xd08c8000-0xd08cffff]
[    1.086358] pci 0000:00:1a.0: PME# supported from D0 D3hot D3cold
[    1.089715] pci 0000:00:1b.0: [1af4:1044] type 00 class 0x088000 conventional PCI endpoint
[    1.090277] pci 0000:00:1b.0: BAR 0 [mem 0xd08d0000-0xd08d7fff]
[    1.094366] pci 0000:00:1b.0: PME# supported from D0 D3hot D3cold
[    1.097567] pci 0000:00:1c.0: [1af4:1045] type 00 class 0x088000 conventional PCI endpoint
[    1.098277] pci 0000:00:1c.0: BAR 0 [mem 0xd08d8000-0xd08dffff]
[    1.102353] pci 0000:00:1c.0: PME# supported from D0 D3hot D3cold
[    1.105578] pci 0000:00:1d.0: [1af4:1053] type 00 class 0x028000 conventional PCI endpoint
[    1.106306] pci 0000:00:1d.0: BAR 0 [mem 0xd08f0000-0xd08f7fff]
[    1.110427] pci 0000:00:1d.0: PME# supported from D0 D3hot D3cold
[    1.113740] pci 0000:00:1e.0: [1af4:1059] type 00 class 0x040100 conventional PCI endpoint
[    1.114277] pci 0000:00:1e.0: BAR 0 [mem 0xd08f8000-0xd08fffff]
[    1.118303] pci 0000:00:1e.0: PME# supported from D0 D3hot D3cold
[    1.121540] pci 0000:00:1f.0: [1af4:105d] type 00 class 0x0d8000 conventional PCI endpoint
[    1.122309] pci 0000:00:1f.0: BAR 0 [mem 0xd0900000-0xd0907fff]
[    1.126409] pci 0000:00:1f.0: PME# supported from D0 D3hot D3cold
[    1.129645] pci 0000:00:02.1: PCI bridge to [bus 01]
[    1.149113] iommu: Default domain type: Translated
[    1.150039] iommu: DMA domain TLB invalidation policy: lazy mode
[    1.152646] SCSI subsystem initialized
[    1.154091] ACPI: bus type USB registered
[    1.155617] usbcore: registered new interface driver usbfs
[    1.157712] usbcore: registered new interface driver hub
[    1.158049] usbcore: registered new device driver usb
[    1.160140] mc: Linux media interface: v0.10
[    1.161781] videodev: Linux video capture interface: v2.00
[    1.162066] EDAC MC: Ver: 3.0.0
[    1.164973] Advanced Linux Sound Architecture Driver Initialized.
[    1.166531] PCI: Using ACPI for IRQ routing
[    1.205726] vgaarb: loaded
[    1.206336] clocksource: Switched to clocksource kvm-clock
[    1.210778] VFS: Disk quotas dquot_6.6.0
[    1.212353] VFS: Dquot-cache hash table entries: 512 (order 0, 4096 bytes)
[    1.215582] pnp: PnP ACPI init
[    1.216907] system 00:00: [mem 0xf4000000-0xf7ffffff] has been reserved
[    1.219572] pnp: PnP ACPI: found 1 devices
[    1.221509] NET: Registered PF_INET protocol family
[    1.225145] IP idents hash table entries: 65536 (order: 7, 524288 bytes, linear)
[    1.265032] tcp_listen_portaddr_hash hash table entries: 2048 (order: 3, 32768 bytes, linear)
[    1.268358] Table-perturb hash table entries: 65536 (order: 6, 262144 bytes, linear)
[    1.271374] TCP established hash table entries: 32768 (order: 6, 262144 bytes, linear)
[    1.274500] TCP bind hash table entries: 32768 (order: 8, 1048576 bytes, linear)
[    1.277415] TCP: Hash tables configured (established 32768 bind 32768)
[    1.279969] UDP hash table entries: 2048 (order: 4, 65536 bytes, linear)
[    1.282612] UDP-Lite hash table entries: 2048 (order: 4, 65536 bytes, linear)
[    1.285109] NET: Registered PF_UNIX/PF_LOCAL protocol family
[    1.287662] NET: Registered PF_XDP protocol family
[    1.289729] pci 0000:00:02.1: bridge window [io  0x1000-0x0fff] to [bus 01] add_size 1000
[    1.293336] pci 0000:00:02.1: bridge window [mem 0x00100000-0x000fffff 64bit pref] to [bus 01] add_size 200000 add_align 100000
[    1.298557] pci 0000:00:02.1: bridge window [mem 0x00100000-0x000fffff] to [bus 01] add_size 200000 add_align 100000
[    1.303148] pci 0000:00:02.1: bridge window [mem 0xd0000000-0xd01fffff]: assigned
[    1.306530] pci 0000:00:02.1: bridge window [mem 0x138200000-0x1383fffff 64bit pref]: assigned
[    1.310301] pci 0000:00:02.1: bridge window [io  size 0x1000]: can't assign; no space
[    1.313748] pci 0000:00:02.1: bridge window [io  size 0x1000]: failed to assign
[    1.316908] pci 0000:00:02.1: bridge window [io  size 0x1000]: can't assign; no space
[    1.320551] pci 0000:00:02.1: bridge window [io  size 0x1000]: failed to assign
[    1.323802] pci 0000:00:02.1: PCI bridge to [bus 01]
[    1.325995] pci 0000:00:02.1:   bridge window [mem 0xd0000000-0xd01fffff]
[    1.329039] pci 0000:00:02.1:   bridge window [mem 0x138200000-0x1383fffff 64bit pref]
[    1.332733] pci_bus 0000:00: resource 4 [mem 0xd0000000-0xf7ffffff window]
[    1.335771] pci_bus 0000:00: resource 5 [mem 0x138200000-0x3fffffffffff window]
[    1.338937] pci_bus 0000:01: resource 1 [mem 0xd0000000-0xd01fffff]
[    1.341648] pci_bus 0000:01: resource 2 [mem 0x138200000-0x1383fffff 64bit pref]
[    1.345085] pci 0000:00:00.0: Limiting direct PCI/PCI transfers
[    1.348700] PCI: CLS 32 bytes, default 64
[    1.350805] Trying to unpack rootfs image as initramfs...
[    1.354684] PCI-DMA: Using software bounce buffering for IO (SWIOTLB)
[    1.357572] software IO TLB: mapped [mem 0x00000000cad6a000-0x00000000ced6a000] (64MB)
[    1.364736] kvm_intel: VMX not supported by CPU 0
[    1.367120] kvm_amd: TSC scaling supported
[    1.369107] kvm_amd: Nested Virtualization enabled
[    1.371270] kvm_amd: Nested Paging enabled
[    1.373318] kvm_amd: Virtual VMLOAD VMSAVE supported
[    1.375825] kvm_amd: PMU virtualization is disabled
[    1.421016] clocksource: tsc: mask: 0xffffffffffffffff max_cycles: 0x233fd98c0cf, max_idle_ns: 440795209930 ns
[    1.425779] clocksource: Switched to clocksource tsc
[    1.428301] platform rtc_cmos: registered platform RTC device (no PNP device found)
[    1.463563] Initialise system trusted keyrings
[    1.465962] workingset: timestamp_bits=46 max_order=20 bucket_order=0
[    1.469449] fuse: init (API version 7.41)
[    1.502094] Key type asymmetric registered
[    1.504363] Asymmetric key parser 'x509' registered
[    1.506754] Block layer SCSI generic (bsg) driver version 0.4 loaded (major 240)
[    1.511544] io scheduler mq-deadline registered
[    1.513670] io scheduler kyber registered
[    1.515778] io scheduler bfq registered
[    1.519536] pcieport 0000:00:02.1: PME: Signaling with IRQ 24
[    1.522644] pcieport 0000:00:02.1: pciehp: Slot #0 AttnBtn+ PwrCtrl- MRL- AttnInd+ PwrInd+ HotPlug+ Surprise+ Interlock- NoCompl- IbPresDis- LLActRep- (with Cmd Compl erratum)
[    1.531216] input: Power Button as /devices/LNXSYSTM:00/LNXPWRBN:00/input/input0
[    1.538427] ACPI: button: Power Button [PWRF]
[    1.540681] input: Sleep Button as /devices/LNXSYSTM:00/LNXSLPBN:00/input/input1
[    1.544578] ACPI: button: Sleep Button [SLPF]
[    1.546721] Serial: 8250/16550 driver, 1 ports, IRQ sharing disabled
[    1.550301] serial8250: ttyS0 at I/O 0x3f8 (irq = 4, base_baud = 115200) is a 16550A
[    1.554725] printk: legacy console [ttynull0] enabled
[    1.557384] ACPI: bus type drm_connector registered
[    1.565625] brd: module loaded
[    1.604123] loop: module loaded
[    1.607340] wireguard: WireGuard 1.0.0 loaded. See www.wireguard.com for information.
[    1.610897] wireguard: Copyright (C) 2015-2019 Jason A. Donenfeld <Jason@zx2c4.com>. All Rights Reserved.
[    1.616601] tun: Universal TUN/TAP device driver, 1.6
[    1.619663] usbcore: registered new interface driver uas
[    1.622065] usbcore: registered new interface driver usb-storage
[    1.625332] i8042: PNP: No PS/2 controller found.
[    1.627747] usbcore: registered new interface driver xpad
[    1.632784] rtc_cmos rtc_cmos: registered as rtc0
[    1.635540] rtc_cmos rtc_cmos: setting system clock to 2026-10-01T13:03:45 UTC (1790859825)
[    1.639468] rtc_cmos rtc_cmos: alarms up to one year, y3k, 114 bytes nvram
[    1.642718] gspca_main: v2.14.0 registered
[    1.644579] usbcore: registered new interface driver uvcvideo
[    1.647198] device-mapper: uevent: version 1.0.3
[    1.649631] device-mapper: ioctl: 4.48.0-ioctl (2023-03-01) initialised: dm-devel@lists.linux.dev
[    1.653816] amd_pstate: the _CPC object is not present in SBIOS or ACPI disabled
[    1.657316] sdhci: Secure Digital Host Controller Interface driver
[    1.659983] sdhci: Copyright(c) Pierre Ossman
[    1.662000] sdhci-pltfm: SDHCI platform and OF driver helper
[    1.664859] hid: raw HID events driver (C) Jiri Kosina
[    1.667999] usbcore: registered new interface driver usbhid
[    1.670346] usbhid: USB HID core driver
[    1.671857] ashmem: Using Rust implementation.
[    1.672373] usbcore: registered new interface driver snd-usb-audio
[    1.677636] GACT probability on
[    1.679156] Mirror/redirect action on
[    1.680733] netem: version 1.3
[    1.681997] u32 classifier
[    1.683325]     input device check on
[    1.685198]     Actions configured
[    1.692974] xt_time: kernel timezone is -0000
[    1.695111] ipip: IPv4 and MPLS over IPv4 tunneling driver
[    1.697878] gre: GRE over IPv4 demultiplexor driver
[    1.700107] ip_gre: GRE over IPv4 tunneling driver
[    1.703780] IPv4 over IPsec tunneling driver
[    1.706483] Initializing XFRM netlink socket
[    1.708353] IPsec XFRM device driver
[    1.710153] NET: Registered PF_INET6 protocol family
[    1.714660] Segment Routing with IPv6
[    1.716386] In-situ OAM (IOAM) with IPv6
[    1.718514] mip6: Mobile IPv6
[    1.720223] sit: IPv6, IPv4 and MPLS over IPv4 tunneling driver
[    1.723936] ip6_gre: GRE over IPv6 tunneling driver
[    1.726805] NET: Registered PF_PACKET protocol family
[    1.729115] NET: Registered PF_KEY protocol family
[    1.731431] NET: Registered PF_VSOCK protocol family
[    1.734088] IPI shorthand broadcast: enabled
[    1.736460] AES CTR mode by8 optimization enabled
[    1.748346] sched_clock: Marking stable (1724032479, 22347324)->(2004048814, -257669011)
[    1.752567] registered taskstats version 1
[    1.754816] Loading compiled-in X.509 certificates
[    1.757886] Loaded X.509 cert 'Build time autogenerated kernel key: 1f903e9cb0b04d1a09ab4a9ce65c9e71dbbb19bc'
[    1.774662] page_owner is disabled
[    1.776228] Key type .fscrypt registered
[    1.778052] Key type fscrypt-provisioning registered
[    1.791842] ALSA device list:
[    1.793205]   No soundcards found.
[    1.796885] Freeing initrd memory: 21524K
[    1.799246] Freeing unused kernel image (initmem) memory: 3244K
[    1.801591] Write protecting the kernel read-only data: 40960k
[    1.804436] Freeing unused kernel image (rodata/data gap) memory: 1548K
[    1.806930] Run /init as init process
[    1.810695] init: init first stage started!
[    1.813169] init: Loading module /lib/modules/failover.ko with args ''
[    1.816065] failover: module verification failed: signature and/or required key missing - tainting kernel
[    1.820356] init: Loaded kernel module /lib/modules/failover.ko
[    1.822723] init: Loading module /lib/modules/nd_virtio.ko with args ''
[    1.825586] init: Loaded kernel module /lib/modules/nd_virtio.ko
[    1.827965] init: Loading module /lib/modules/net_failover.ko with args ''
[    1.831198] init: Loaded kernel module /lib/modules/net_failover.ko
[    1.833584] init: Loading module /lib/modules/virtio_dma_buf.ko with args ''
[    1.836609] init: Loaded kernel module /lib/modules/virtio_dma_buf.ko
[    1.839115] init: Loading module /lib/modules/virtio-gpu.ko with args ''
[    1.845164] init: Loaded kernel module /lib/modules/virtio-gpu.ko
[    1.847467] init: Loading module /lib/modules/virtio_input.ko with args ''
[    1.850523] init: Loaded kernel module /lib/modules/virtio_input.ko
[    1.852962] init: Loading module /lib/modules/virtio_net.ko with args ''
[    1.857431] init: Loaded kernel module /lib/modules/virtio_net.ko
[    1.859810] init: Loading module /lib/modules/virtio-rng.ko with args ''
[    1.862800] init: Loaded kernel module /lib/modules/virtio-rng.ko
[    1.865110] init: Loading module /lib/modules/libarc4.ko with args ''
[    1.868599] init: Loaded kernel module /lib/modules/libarc4.ko
[    1.870889] init: Loading module /lib/modules/rfkill.ko with args ''
[    1.874502] init: Loaded kernel module /lib/modules/rfkill.ko
[    1.876715] init: Loading module /lib/modules/cfg80211.ko with args ''
[    1.924202] cfg80211: Loading compiled-in X.509 certificates for regulatory database
[    1.927363] Loaded X.509 cert 'sforshee: 00b28ddf47aef9cea7'
[    1.929740] Loaded X.509 cert 'wens: 61c038651aabdcf94bd0ac7ff06c7248db18c600'
[    1.932630] platform regulatory.0: Direct firmware load for regulatory.db failed with error -2
[    1.936059] cfg80211: failed to load regulatory.db
[    1.937995] init: Loaded kernel module /lib/modules/cfg80211.ko
[    1.940550] init: Loading module /lib/modules/mac80211.ko with args ''
[    1.975073] init: Loaded kernel module /lib/modules/mac80211.ko
[    1.977363] init: Loading module /lib/modules/mac80211_hwsim.ko with args 'radios=0'
[    1.982191] mac80211_hwsim: initializing netlink
[    1.984438] init: Loaded kernel module /lib/modules/mac80211_hwsim.ko
[    1.986920] init: Loading module /lib/modules/virtio_blk.ko with args ''
[    1.990566] init: Loaded kernel module /lib/modules/virtio_blk.ko
[    1.992904] init: Loading module /lib/modules/virtio_console.ko with args ''
[    1.996702] init: Loaded kernel module /lib/modules/virtio_console.ko
[    1.999179] init: Loading module /lib/modules/virtio_pci_modern_dev.ko with args ''
[    2.003003] init: Loaded kernel module /lib/modules/virtio_pci_modern_dev.ko
[    2.005705] init: Loading module /lib/modules/virtio_pci_legacy_dev.ko with args ''
[    2.009351] init: Loaded kernel module /lib/modules/virtio_pci_legacy_dev.ko
[    2.012200] init: Loading module /lib/modules/virtio_pci.ko with args ''
[    2.024881] printk: legacy console [hvc0] enabled
[    2.026721] printk: legacy bootconsole [uart8250] disabled
[    2.054911] input: Cuttlefish Vhost User Multitouch Touchscreen 0 as /devices/pci0000:00/0000:00:01.3/virtio3/input/input2
[    2.070110] input: Cuttlefish Vhost User Rotary 0 as /devices/pci0000:00/0000:00:01.4/virtio4/input/input3
[    2.082349] input: Cuttlefish Vhost User Keyboard 0 as /devices/pci0000:00/0000:00:01.5/virtio5/input/input4
[    2.097392] input: Cuttlefish Vhost User Switches 0 as /devices/pci0000:00/0000:00:01.6/virtio6/input/input5
[    2.100384] [drm] pci: virtio-gpu-pci detected at 0000:00:02.0
[    2.106022] [drm] Host memory window: 0x200000000 +0x200000000
[    2.106167] [drm] features: +virgl +edid +resource_blob +host_visible
[    2.106170] [drm] features: +context_init
[    2.111172] [drm] number of scanouts: 16
[    2.111316] [drm] number of cap sets: 2
[    2.112479] [drm] cap set 0: id 3, max-version 0, max-size 112
[    2.112711] [drm] cap set 1: id 9, max-version 0, max-size 16
[    2.117329] [drm] Initialized virtio_gpu 0.1.0 for 0000:00:02.0 on minor 0
[    2.268088] virtio_blk virtio24: 2/0/0 default/read/poll queues
[    2.271613] virtio_blk virtio24: [vda] 34247808 512-byte logical blocks (17.5 GB/16.3 GiB)
[    2.274220]  vda: vda1 vda2 vda3 vda4 vda5 vda6 vda7 vda8 vda9 vda10 vda11 vda12 vda13 vda14 vda15 vda16 vda17 vda18 vda19
[    2.277457] virtio_blk virtio25: 2/0/0 default/read/poll queues
[    2.280859] virtio_blk virtio25: [vdb] 2560 512-byte logical blocks (1.31 MB/1.25 MiB)
[    2.282912]  vdb: vdb1 vdb2 vdb3 vdb4
[    2.285524] virtio_blk virtio26: 2/0/0 default/read/poll queues
[    2.288759] virtio_blk virtio26: [vdc] 4194304 512-byte logical blocks (2.15 GB/2.00 GiB)
[    2.289928]  vdc: vdc1
[    2.891336] init: Loaded kernel module /lib/modules/virtio_pci.ko
[    2.892735] init: Loading module /lib/modules/vmw_vsock_virtio_transport.ko with args ''
[    2.903449] init: Loaded kernel module /lib/modules/vmw_vsock_virtio_transport.ko
[    2.903924] init: Loaded 19 modules from /lib/modules
[    2.904222] init: Loaded 19 kernel modules took 1091 ms
[    2.904817] init: Copied ramdisk prop to /second_stage_resources/system/etc/ramdisk/build.prop
[    2.908813] init: Using generic ramdisk copy of snapuserd /system/bin/snapuserd_ramdisk
[    2.909247] init: hard linking /system/bin/snapuserd_ramdisk to /first_stage_ramdisk/system/bin/snapuserd succeeded
[    2.911711] init: Switching root to '/first_stage_ramdisk'
[    2.912181] init: [libfstab] Using Android DT directory /proc/device-tree/firmware/android/
[    2.923932] init: [libfs_mgr] Invalid ext4 superblock on '/dev/block/by-name/metadata'
[    2.925983] init: [libfs_mgr] Invalid ext4 superblock on '/dev/block/by-name/metadata'
[    2.928218] init: [libfs_mgr] Created logical partition product_a on device /dev/block/dm-0
[    2.929327] init: [libfs_mgr] Skipping zero-length logical partition: product_b
[    2.933759] init: [libfs_mgr] Created logical partition system_a on device /dev/block/dm-1
[    2.939191] init: [libfs_mgr] Created logical partition system_b on device /dev/block/dm-2
[    2.940942] init: [libfs_mgr] Created logical partition system_ext_a on device /dev/block/dm-3
[    2.941486] init: [libfs_mgr] Skipping zero-length logical partition: system_ext_b
[    2.945999] init: [libfs_mgr] Created logical partition system_dlkm_a on device /dev/block/dm-4
[    2.947571] init: [libfs_mgr] Skipping zero-length logical partition: system_dlkm_b
[    2.951101] init: [libfs_mgr] Created logical partition odm_a on device /dev/block/dm-5
[    2.952472] init: [libfs_mgr] Skipping zero-length logical partition: odm_b
[    2.953909] init: [libfs_mgr] Created logical partition vendor_a on device /dev/block/dm-6
[    2.955349] init: [libfs_mgr] Skipping zero-length logical partition: vendor_b
[    2.959156] init: [libfs_mgr] Created logical partition vendor_dlkm_a on device /dev/block/dm-7
[    2.961473] init: [libfs_mgr] Skipping zero-length logical partition: vendor_dlkm_b
[    2.967522] init: [libfs_mgr] Created logical partition odm_dlkm_a on device /dev/block/dm-8
[    2.968044] init: [libfs_mgr] Skipping zero-length logical partition: odm_dlkm_b
[    2.969865] init: DSU not detected, proceeding with normal boot
[    2.980151] init: [libfs_avb] Returning avb_handle with status: Success
[    2.983110] init: [libfs_avb] : Error verifying vbmeta image: OK_NOT_SIGNED
[    2.983603] init: [libfs_avb] public key data shouldn't be empty for /system
[    2.984023] init: [libfs_avb] Found unknown public key used to sign /system
[    2.985668] init: [libfs_avb] Returning avb_handle for '/system' with status: VerificationError
[    2.988055] init: [libfs_avb] Built verity table: '1 /dev/block/dm-1 /dev/block/dm-1 4096 4096 228788 228788 sha256 3964dc37e5aeec4346ff7bda8d542ca5a582ed196de357b3c6d911da5933a21d 209d156d8b7216d8224676a424f22672683de224424387e0f24080f0230d2ea9 10 use_fec_from_device /dev/block/dm-1 fec_roots 2 fec_blocks 230591 fec_start 230591 restart_on_corruption ignore_zero_blocks'
[    2.990258] device-mapper: verity: sha256 using shash "sha256-ni" (multibuffer)
[    2.998447] erofs: (device dm-9): initialized per-cpu workers successfully.
[    3.000191] erofs: (device dm-9): mounted with root inode @ nid 55.
[    3.000588] init: [libfs_mgr] __mount(source=/dev/block/dm-9,target=/system,type=erofs)=0: Success
[    3.003315] init: Switching root to '/system'
[    3.004476] init: [libfs_avb] Built verity table: '1 /dev/block/dm-5 /dev/block/dm-5 4096 4096 105 105 sha256 22ead761863d206415014fb679cbb484cb32dd0a6a1f3874e12841d49ff614bf 209d156d8b7216d8224676a424f22672683de224424387e0f24080f0230d2ea9 10 use_fec_from_device /dev/block/dm-5 fec_roots 2 fec_blocks 106 fec_start 106 restart_on_corruption ignore_zero_blocks'
[    3.008489] device-mapper: verity: sha256 using shash "sha256-ni" (multibuffer)
[    3.017513] erofs: (device dm-10): mounted with root inode @ nid 38.
[    3.017891] init: [libfs_mgr] __mount(source=/dev/block/dm-10,target=/odm,type=erofs)=0: Success
[    3.020498] init: [libfs_avb] Built verity table: '1 /dev/block/dm-0 /dev/block/dm-0 4096 4096 69962 69962 sha256 897b3e7b347475a2e3013f8c3650f0923996346d13476579772e8973313cb950 209d156d8b7216d8224676a424f22672683de224424387e0f24080f0230d2ea9 10 use_fec_from_device /dev/block/dm-0 fec_roots 2 fec_blocks 70515 fec_start 70515 restart_on_corruption ignore_zero_blocks'
[    3.024369] device-mapper: verity: sha256 using shash "sha256-ni" (multibuffer)
[    3.030722] erofs: (device dm-11): mounted with root inode @ nid 40.
[    3.032185] init: [libfs_mgr] __mount(source=/dev/block/dm-11,target=/product,type=erofs)=0: Success
[    3.034845] init: [libfs_avb] Built verity table: '1 /dev/block/dm-3 /dev/block/dm-3 4096 4096 63748 63748 blake2b-256 06590b84ce6949d804bf7b17fb7af02cd5a377cbc2561f426ceed114bf1afedf 209d156d8b7216d8224676a424f22672683de224424387e0f24080f0230d2ea9 10 use_fec_from_device /dev/block/dm-3 fec_roots 2 fec_blocks 64252 fec_start 64252 restart_on_corruption ignore_zero_blocks'
[    3.038691] device-mapper: verity: blake2b-256 using shash "blake2b-256-generic"
[    3.043819] erofs: (device dm-12): mounted with root inode @ nid 39.
[    3.044193] init: [libfs_mgr] __mount(source=/dev/block/dm-12,target=/system_ext,type=erofs)=0: Success
[    3.044933] init: [libfs_avb] Built verity table: '1 /dev/block/dm-6 /dev/block/dm-6 4096 4096 68954 68954 sha256 b8cb9c96c14326646bbae0cd284b03b9aa6b7089b4eef65662ff8958339c5374 209d156d8b7216d8224676a424f22672683de224424387e0f24080f0230d2ea9 10 use_fec_from_device /dev/block/dm-6 fec_roots 2 fec_blocks 69499 fec_start 69499 restart_on_corruption ignore_zero_blocks'
[    3.048389] device-mapper: verity: sha256 using shash "sha256-ni" (multibuffer)
[    3.054696] erofs: (device dm-13): mounted with root inode @ nid 48.
[    3.055034] init: [libfs_mgr] __mount(source=/dev/block/dm-13,target=/vendor,type=erofs)=0: Success
[    3.056785] init: [libfs_avb] Built verity table: '1 /dev/block/dm-7 /dev/block/dm-7 4096 4096 327 327 sha256 b1aa90a22613d7309d6c705c2e408dc041d3600a13605901f06dd9f4af9feb44 209d156d8b7216d8224676a424f22672683de224424387e0f24080f0230d2ea9 10 use_fec_from_device /dev/block/dm-7 fec_roots 2 fec_blocks 331 fec_start 331 restart_on_corruption ignore_zero_blocks'
[    3.059001] device-mapper: verity: sha256 using shash "sha256-ni" (multibuffer)
[    3.064041] erofs: (device dm-14): mounted with root inode @ nid 39.
[    3.064440] init: [libfs_mgr] __mount(source=/dev/block/dm-14,target=/vendor_dlkm,type=erofs)=0: Success
[    3.065153] init: [libfs_avb] Built verity table: '1 /dev/block/dm-8 /dev/block/dm-8 4096 4096 2 2 sha256 a49fbd1068ae07071e7744afc6d3e26fa016d08276454dab118adc0a160b2f4e 209d156d8b7216d8224676a424f22672683de224424387e0f24080f0230d2ea9 10 use_fec_from_device /dev/block/dm-8 fec_roots 2 fec_blocks 3 fec_start 3 restart_on_corruption ignore_zero_blocks'
[    3.069606] device-mapper: verity: sha256 using shash "sha256-ni" (multibuffer)
[    3.074722] erofs: (device dm-15): mounted with root inode @ nid 38.
[    3.075110] init: [libfs_mgr] __mount(source=/dev/block/dm-15,target=/odm_dlkm,type=erofs)=0: Success
[    3.076156] init: [libfs_avb] : Error verifying vbmeta image: OK_NOT_SIGNED
[    3.079212] init: [libfs_avb] public key data shouldn't be empty for /system_dlkm
[    3.081499] init: [libfs_avb] Found unknown public key used to sign /system_dlkm
[    3.083855] init: [libfs_avb] Returning avb_handle for '/system_dlkm' with status: VerificationError
[    3.084322] init: Image rollback detected for /system_dlkm, SPL switches from '' to ''
[    3.084808] init: Allowing rollbacked standalone image when the device is unlocked
[    3.085261] init: [libfs_avb] Built verity table: '1 /dev/block/dm-4 /dev/block/dm-4 4096 4096 1983 1983 sha256 ed6a673b87b6155268543e7c700ce452e8b83e457b4eb09e9683a61b084a6c3d 209d156d8b7216d8224676a424f22672683de224424387e0f24080f0230d2ea9 10 use_fec_from_device /dev/block/dm-4 fec_roots 2 fec_blocks 2000 fec_start 2000 restart_on_corruption ignore_zero_blocks'
[    3.088999] device-mapper: verity: sha256 using shash "sha256-ni" (multibuffer)
[    3.095306] erofs: (device dm-16): mounted with root inode @ nid 38.
[    3.096760] init: [libfs_mgr] __mount(source=/dev/block/dm-16,target=/system_dlkm,type=erofs)=0: Success
[    3.115081] init: Skipped setting INIT_AVB_VERSION (not in recovery mode)
[    3.193120] init: [libfstab] Using Android DT directory /proc/device-tree/firmware/android/
[    3.201895] init: Opening SELinux policy
[    3.213144] init: Loading SELinux policy
[    3.242013] SELinux:  policy capability network_peer_controls=1
[    3.243390] SELinux:  policy capability open_perms=1
[    3.243609] SELinux:  policy capability extended_socket_class=1
[    3.243893] SELinux:  policy capability always_check_network=0
[    3.244110] SELinux:  policy capability cgroup_seclabel=0
[    3.245454] SELinux:  policy capability nnp_nosuid_transition=1
[    3.245688] SELinux:  policy capability genfs_seclabel_symlinks=0
[    3.245922] SELinux:  policy capability ioctl_skip_cloexec=0
[    3.246143] SELinux:  policy capability userspace_initial_context=0
[    3.246497] SELinux: policy capability memfd_class=1
[    3.247616] SELinux: policy capability genfs_seclabel_wildcard=0
[    3.249547] SELinux:  unknown policy capability 9
[    3.249725] SELinux:  unknown policy capability 12
[    3.259900] audit: type=1403 audit(1790859827.075:2): auid=4294967295 ses=4294967295 lsm=selinux res=1
[    3.261233] audit: type=1300 audit(1790859827.075:2): arch=c000003e syscall=1 success=yes exit=911737 a0=4 a1=7fc99a8b4680 a2=de979 a3=0 items=0 ppid=0 pid=1 auid=4294967295 uid=0 gid=0 euid=0 suid=0 fsuid=0 egid=0 sgid=0 fsgid=0 tty=(none) ses=4294967295 comm="init" exe="/system/bin/init" subj=u:r:kernel:s0 key=(null)
[    3.264371] audit: type=1327 audit(1790859827.075:2): proctitle=2F73797374656D2F62696E2F696E69740073656C696E75785F7365747570
[    3.266503] audit: type=1404 audit(1790859827.119:3): enforcing=1 old_enforcing=0 auid=4294967295 ses=4294967295 enabled=1 old-enabled=1 lsm=selinux res=1
[    3.269283] audit: type=1300 audit(1790859827.119:3): arch=c000003e syscall=1 success=yes exit=1 a0=4 a1=7ffc2c8fd2a0 a2=1 a3=0 items=0 ppid=0 pid=1 auid=4294967295 uid=0 gid=0 euid=0 suid=0 fsuid=0 egid=0 sgid=0 fsgid=0 tty=(none) ses=4294967295 comm="init" exe="/system/bin/init" subj=u:r:kernel:s0 key=(null)
[    3.274915] selinux: SELinux: Loaded file context from:
[    3.276656] audit: type=1327 audit(1790859827.119:3): proctitle=2F73797374656D2F62696E2F696E69740073656C696E75785F7365747570
[    3.277535] selinux: 		/system/etc/selinux/plat_file_contexts
[    3.277817] selinux: 		/system_ext/etc/selinux/system_ext_file_contexts
[    3.278047] selinux: 		/product/etc/selinux/product_file_contexts
[    3.278892] selinux: 		/vendor/etc/selinux/vendor_file_contexts
[    3.279117] selinux: 		/odm/etc/selinux/odm_file_contexts
[    3.294277] init: init second stage started!
[    3.304986] selinux: SELinux: Loaded file context from:
[    3.305220] selinux: 		/system/etc/selinux/plat_file_contexts
[    3.305491] selinux: 		/system_ext/etc/selinux/system_ext_file_contexts
[    3.305716] selinux: 		/product/etc/selinux/product_file_contexts
[    3.307612] selinux: 		/vendor/etc/selinux/vendor_file_contexts
[    3.307846] selinux: 		/odm/etc/selinux/odm_file_contexts
[    3.348542] init: [libfstab] Using Android DT directory /proc/device-tree/firmware/android/
[    3.354032] init: Overriding previous property 'ro.build.display.id':'generic_system-userdebug 17 CP2A.260605.016 16373615 test-keys' with new value 'aosp_cf_x86_64_only_phone-userdebug 17 CP2A.260605.016 16373615 test-keys'
[    3.354932] init: Overriding previous property 'ro.build.flavor':'generic_system-userdebug' with new value 'aosp_cf_x86_64_only_phone-userdebug'
[    3.355383] init: Overriding previous property 'ro.build.description':'generic_system-userdebug 17 CP2A.260605.016 16373615 test-keys' with new value 'aosp_cf_x86_64_only_phone-userdebug 17 CP2A.260605.016 16373615 test-keys'
[    3.356876] init: Overriding previous property 'ro.config.notification_sound':'OnTheHunt.ogg' with new value 'pixiedust.ogg'
[    3.357316] init: Overriding previous property 'ro.com.android.dataroaming':'false' with new value 'true'
[    3.359388] init: Setting product property ro.product.brand to 'generic' (from ro.product.product.brand)
[    3.359969] init: Setting product property ro.product.device to 'vsoc_x86_64_only' (from ro.product.product.device)
[    3.360551] init: Setting product property ro.product.manufacturer to 'Google' (from ro.product.product.manufacturer)
[    3.361038] init: Setting product property ro.product.model to 'Cuttlefish x86_64 phone 64-bit only' (from ro.product.product.model)
[    3.361629] init: Setting product property ro.product.name to 'aosp_cf_x86_64_only_phone' (from ro.product.product.name)
[    3.362119] init: Setting property 'ro.build.fingerprint' to 'generic/aosp_cf_x86_64_only_phone/vsoc_x86_64_only:17/CP2A.260605.016/16373615:userdebug/test-keys'
[    3.362812] init: Setting property 'ro.product.cpu.abilist' to 'x86_64,arm64-v8a'
[    3.363038] init: Setting property 'ro.product.cpu.abilist32' to ''
[    3.363235] init: Setting property 'ro.product.cpu.abilist64' to 'x86_64,arm64-v8a'
[    3.364082] init: Running restorecon...
[    3.372006] init: Created socket '/dev/socket/property_service_for_system', mode 660, user 0, group 1000
[    3.372617] init: Created socket '/dev/socket/property_service', mode 666, user 0, group 0
[    3.373962] init: [libfs_mgr] vendor overlay: vndk version not defined
[    3.375946] init: SetupMountNamespaces done
[    3.378913] init: Forked subcontext for 'u:r:vendor_init:s0' with pid 102
[    3.382125] init: Parsing file /system/etc/init/hw/init.rc...
[    3.383057] init: Added '/init.environ.rc' to import list
[    3.383208] init: Added '/system/etc/init/hw/init.usb.rc' to import list
[    3.383471] init: Added '/init.cutf_cvm.rc' to import list
[    3.383873] init: Added '/vendor/etc/init/hw/init.cutf_cvm.rc' to import list
[    3.384903] init: Added '/system/etc/init/hw/init.usb.configfs.rc' to import list
[    3.385194] init: Added '/system/etc/init/hw/init.zygote64.rc' to import list
[    3.386620] init: Added '/system/etc/init/hw/init.boringssl.zygote64.rc' to import list
[    3.388145] init: Added '/system/etc/init/init-perfetto.rc' to import list
[    3.391685] init: Parsing file /init.environ.rc...
[    3.392038] init: Parsing file /system/etc/init/hw/init.usb.rc...
[    3.392619] init: Parsing file /init.cutf_cvm.rc...
[    3.392828] init: Unable to read config file '/init.cutf_cvm.rc': open() failed: No such file or directory
[    3.394006] init: Parsing file /vendor/etc/init/hw/init.cutf_cvm.rc...
[    3.394255] init: Unable to read config file '/vendor/etc/init/hw/init.cutf_cvm.rc': open() failed: No such file or directory
[    3.396929] init: Parsing file /system/etc/init/hw/init.usb.configfs.rc...
[    3.397731] init: Parsing file /system/etc/init/hw/init.zygote64.rc...
[    3.398074] init: Parsing file /system/etc/init/hw/init.boringssl.zygote64.rc...
[    3.398510] init: Parsing file /system/etc/init/init-perfetto.rc...
[    3.398836] init: Parsing directory /system/etc/init...
[    3.399087] init: Parsing file /system/etc/init/aconfigd.rc...
[    3.399551] init: Parsing file /system/etc/init/aisealhostservice.rc...
[    3.400016] init: Parsing file /system/etc/init/android.system.suspend-service.rc...
[    3.400503] init: Parsing file /system/etc/init/aoad.rc...
[    3.400796] init: Parsing file /system/etc/init/apexd.rc...
[    3.401014] init: Parsing file /system/etc/init/atrace.rc...
[    3.401747] init: Parsing file /system/etc/init/atrace_userdebug.rc...
[    3.401974] init: Parsing file /system/etc/init/audioserver.rc...
[    3.402698] init: Parsing file /system/etc/init/blank_screen.rc...
[    3.402933] init: Parsing file /system/etc/init/bootanim.rc...
[    3.403149] init: Parsing file /system/etc/init/bootstat-debug.rc...
[    3.403389] init: Parsing file /system/etc/init/bootstat.rc...
[    3.403840] init: Parsing file /system/etc/init/cameraserver.rc...
[    3.404061] init: Parsing file /system/etc/init/casefolding_remover.rc...
[    3.404300] init: Parsing file /system/etc/init/clean_scratch_files.rc...
[    3.404551] init: Parsing file /system/etc/init/cppreopts.rc...
[    3.404894] init: Parsing file /system/etc/init/credstore.rc...
[    3.405139] init: Parsing file /system/etc/init/dmesgd.rc...
[    3.405371] init: Parsing file /system/etc/init/drmserver.rc...
[    3.405626] init: Parsing file /system/etc/init/dumpstate.rc...
[    3.405849] init: Parsing file /system/etc/init/flags_health_check.rc...
[    3.406212] init: Parsing file /system/etc/init/gatekeeperd.rc...
[    3.406553] init: Parsing file /system/etc/init/gpuservice.rc...
[    3.406811] init: Parsing file /system/etc/init/gsid.rc...
[    3.407094] init: Parsing file /system/etc/init/heapprofd.rc...
[    3.407424] init: Parsing file /system/etc/init/hidservice.rc...
[    3.409665] init: Parsing file /system/etc/init/idmap2d.rc...
[    3.409873] init: Parsing file /system/etc/init/incidentd.rc...
[    3.410082] init: Parsing file /system/etc/init/init-debug.rc...
[    3.410286] init: Parsing file /system/etc/init/init-perfetto.rc...
[    3.410638] init: Parsing file /system/etc/init/installd.rc...
[    3.411444] init: Parsing file /system/etc/init/kcmdlinectrl.rc...
[    3.411904] init: Parsing file /system/etc/init/kcmdlinemodprobe.rc...
[    3.412131] init: Parsing file /system/etc/init/keystore2.rc...
[    3.412376] init: Parsing file /system/etc/init/llkd-debuggable.rc...
[    3.412653] init: Parsing file /system/etc/init/llkd.rc...
[    3.412870] init: Parsing file /system/etc/init/lmkd.rc...
[    3.413283] init: Parsing file /system/etc/init/logcatd.rc...
[    3.413606] init: Parsing file /system/etc/init/logd.rc...
[    3.413905] init: Parsing file /system/etc/init/logtagd.rc...
[    3.414139] init: Parsing file /system/etc/init/lpdumpd.rc...
[    3.414652] init: Parsing file /system/etc/init/mdnsd.rc...
[    3.414872] init: Parsing file /system/etc/init/media.codeclist.generator.rc...
[    3.415148] init: Parsing file /system/etc/init/mediaextractor.rc...
[    3.415386] init: Parsing file /system/etc/init/mediametrics.rc...
[    3.415682] init: Parsing file /system/etc/init/mediaserver.rc...
[    3.415894] init: Parsing file /system/etc/init/misctrl.rc...
[    3.416133] init: Parsing file /system/etc/init/mmd.rc...
[    3.416328] init: Parsing file /system/etc/init/mtectrl.rc...
[    3.416761] init: Parsing file /system/etc/init/netbpfload.rc...
[    3.417008] init: Parsing file /system/etc/init/netd.rc...
[    3.417391] init: Parsing file /system/etc/init/odsign.rc...
[    3.417635] init: Parsing file /system/etc/init/perfetto.rc...
[    3.418137] init: Parsing file /system/etc/init/pmgd.rc...
[    3.418445] init: Parsing file /system/etc/init/prefetch.rc...
[    3.418823] init: Parsing file /system/etc/init/prng_seeder.rc...
[    3.419026] init: Parsing file /system/etc/init/profcollectd.rc...
[    3.419302] init: Parsing file /system/etc/init/recovery-persist.rc...
[    3.419569] init: Parsing file /system/etc/init/recovery-refresh.rc...
[    3.419781] init: Parsing file /system/etc/init/rss_hwm_reset.rc...
[    3.420000] init: Parsing file /system/etc/init/servicemanager.rc...
[    3.420213] init: Parsing file /system/etc/init/simpleperf.rc...
[    3.420470] init: Parsing file /system/etc/init/snapuserd.rc...
[    3.420750] init: Parsing file /system/etc/init/storaged.rc...
[    3.421004] init: Parsing file /system/etc/init/surfaceflinger.rc...
[    3.421307] init: Parsing file /system/etc/init/tombstoned.rc...
[    3.421748] init: Parsing file /system/etc/init/traced_perf.rc...
[    3.422007] init: Parsing file /system/etc/init/tradeinmode.rc...
[    3.422235] init: Parsing file /system/etc/init/uncrypt.rc...
[    3.422605] init: Parsing file /system/etc/init/update_engine.rc...
[    3.422850] init: Parsing file /system/etc/init/update_verifier.rc...
[    3.423101] init: Parsing file /system/etc/init/usbd.rc...
[    3.423305] init: Parsing file /system/etc/init/virtual_camera.hal.rc...
[    3.423545] init: Parsing file /system/etc/init/vold.rc...
[    3.423847] init: Parsing file /system/etc/init/wifi.rc...
[    3.424233] init: Parsing file /system/etc/init/zygote_next.rc...
[    3.424514] init: Parsing directory /system_ext/etc/init...
[    3.424683] init: Parsing file /system_ext/etc/init/aidl_lazy_cb_test_server.rc...
[    3.425138] init: Parsing file /system_ext/etc/init/aidl_lazy_test_server.rc...
[    3.425475] init: Parsing file /system_ext/etc/init/android.hardware.audio.parameter_parser.example_service.rc...
[    3.425772] init: Parsing file /system_ext/etc/init/android.hidl.allocator@1.0-service.rc...
[    3.426051] init: Parsing file /system_ext/etc/init/hwservicemanager.rc...
[    3.426262] init: Parsing file /system_ext/etc/init/rpmb_dev.system.rc...
[    3.426927] init: Parsing file /system_ext/etc/init/rpmb_dev.test.system.rc...
[    3.427481] init: Parsing file /system_ext/etc/init/set_adb.rc...
[    3.427735] init: Parsing file /system_ext/etc/init/trusty_security_vm_launcher.rc...
[    3.428090] init: Parsing directory /vendor/etc/init...
[    3.428257] init: Parsing file /vendor/etc/init/android.hardware.security.keymint-service.cf_trusty_system_vm.rc...
[    3.429302] init: Parsing file /vendor/etc/init/android.hardware.security.keymint-service.trusty_tee.cpp.rc...
[    3.429642] init: Parsing file /vendor/etc/init/android.hardware.security.keymint-service.trusty_tee.nonsecure.rc...
[    3.430113] init: Parsing file /vendor/etc/init/android.hardware.sensors-service-multihal.rc...
[    3.430546] init: Parsing file /vendor/etc/init/boringssl_self_test.rc...
[    3.430764] init: Added '/vendor/etc/boringssl_self_test.zygote64.rc' to import list
[    3.431145] init: Parsing file /vendor/etc/boringssl_self_test.zygote64.rc...
[    3.431499] init: Parsing file /vendor/etc/init/face-default.rc...
[    3.431767] init: Parsing file /vendor/etc/init/fingerprint-default.rc...
[    3.431989] init: Parsing file /vendor/etc/init/init.cutf_cvm.rc...
[    3.432689] init: Parsing file /vendor/etc/init/init_graphics.vendor.rc...
[    3.432926] init: Parsing file /vendor/etc/init/motioncontext-service-default.rc...
[    3.433152] init: Parsing file /vendor/etc/init/seriallogging.rc...
[    3.433376] init: Parsing file /odm/etc/init...
[    3.433582] init: Unable to read config file '/odm/etc/init': open() failed: No such file or directory
[    3.434049] init: Parsing directory /product/etc/init...
[    3.434231] init: Parsing file /product/etc/init/init.rc...
[    3.435114] init: processing action (SetupCgroups) from (<Builtin Action>:0)
[    3.437598] libprocessgroup: Using system/app isolation under: /sys/fs/cgroup
[    3.447947] init: processing action (early-init) from (/system/etc/init/hw/init.rc:15)
[    3.451046] init: starting service 'ueventd'...
[    3.452834] libprocessgroup: Created cgroup /sys/fs/cgroup/system/uid_0
[    3.454016] libprocessgroup: Created cgroup /sys/fs/cgroup/system/uid_0/pid_103
[    3.455959] libprocessgroup: A JoinCgroup action in the SystemMemoryProcess profile is used for controller memory in the cgroup v2 hierarchy and will be ignored
[    3.458914] init: ... started service 'ueventd' has pid 103
[    3.459866] init: starting service 'init_dev_config'...
[    3.461469] libprocessgroup: Created cgroup /sys/fs/cgroup/system/uid_1000
[    3.464854] libprocessgroup: Created cgroup /sys/fs/cgroup/system/uid_1000/pid_104
[    3.466902] init: ... started service 'init_dev_config' has pid 104
[    3.467093] init: SVC_EXEC service 'init_dev_config' pid 104 (uid 1000 gid 0+0 context u:r:init_dev_config:s0) started; waiting...
[    3.474438] init: Service 'init_dev_config' (pid 104) exited with status 0 waiting took 0.013000 seconds
[    3.474816] init: Sending SIGKILL to service 'init_dev_config' (pid 104) process group...
[    3.475164] ueventd: ueventd started!
[    3.475295] libprocessgroup: Removed cgroup /sys/fs/cgroup/system/uid_1000/pid_104
[    3.477317] selinux: SELinux: Loaded file context from:
[    3.477687] selinux: 		/system/etc/selinux/plat_file_contexts
[    3.478005] selinux: 		/system_ext/etc/selinux/system_ext_file_contexts
[    3.478323] selinux: 		/product/etc/selinux/product_file_contexts
[    3.478892] selinux: 		/vendor/etc/selinux/vendor_file_contexts
[    3.479484] selinux: 		/odm/etc/selinux/odm_file_contexts
[    3.480167] init: starting service 'apexd-bootstrap'...
[    3.480485] ueventd: Parsing file /system/etc/ueventd.rc...
[    3.481040] ueventd: Added '/vendor/etc/ueventd.rc' to import list
[    3.481489] libprocessgroup: Created cgroup /sys/fs/cgroup/system/uid_0/pid_105
[    3.482883] ueventd: Added '/odm/etc/ueventd.rc' to import list
[    3.484484] ueventd: Parsing file /vendor/etc/ueventd.rc...
[    3.484868] ueventd: Parsing file /odm/etc/ueventd.rc...
[    3.485158] ueventd: Unable to read config file '/odm/etc/ueventd.rc': open() failed: No such file or directory
[    3.486432] init: ... started service 'apexd-bootstrap' has pid 105
[    3.487092] init: SVC_EXEC service 'apexd-bootstrap' pid 105 (uid 0 gid 1000+0 context default) started; waiting...
[    3.545884] apexd: Started. subcommand = --bootstrap
[    3.548141] erofs: (device erofs): mounted with root inode @ nid 36.
[    3.549724] apexd: File-backed mount is enabled (detected via test mount)
[    3.550877] apexd-bootstrap: Scanning /system/apex for pre-installed ApexFiles
[    3.551385] apexd-bootstrap: Found pre-installed APEX /system/apex/com.android.adbd.apex
[    3.552666] apexd-bootstrap: Found pre-installed APEX /system/apex/com.android.adservices.apex
[    3.553065] apexd-bootstrap: Found pre-installed APEX /system/apex/com.android.apex.cts.shim.apex
[    3.553377] apexd-bootstrap: Found pre-installed APEX /system/apex/com.android.appsearch.apex
[    3.553715] apexd-bootstrap: Found pre-installed APEX /system/apex/com.android.art.apex
[    3.553999] apexd-bootstrap: Found pre-installed APEX /system/apex/com.android.bt.apex
[    3.554263] apexd-bootstrap: Found pre-installed APEX /system/apex/com.android.cellbroadcast.apex
[    3.554635] apexd-bootstrap: Found pre-installed APEX /system/apex/com.android.configinfrastructure.apex
[    3.554906] apexd-bootstrap: Found pre-installed APEX /system/apex/com.android.conscrypt.apex
[    3.555177] apexd-bootstrap: Found pre-installed APEX /system/apex/com.android.crashrecovery.apex
[    3.555392] apexd-bootstrap: Found pre-installed APEX /system/apex/com.android.devicelock.apex
[    3.555629] apexd-bootstrap: Found pre-installed APEX /system/apex/com.android.extservices.apex
[    3.555843] apexd-bootstrap: Found pre-installed APEX /system/apex/com.android.healthfitness.apex
[    3.556051] apexd-bootstrap: Found pre-installed APEX /system/apex/com.android.i18n.apex
[    3.556244] apexd-bootstrap: Found pre-installed APEX /system/apex/com.android.ipsec.apex
[    3.556545] apexd-bootstrap: Found pre-installed APEX /system/apex/com.android.media.apex
[    3.556820] apexd-bootstrap: Found pre-installed APEX /system/apex/com.android.media.swcodec.apex
[    3.557124] apexd-bootstrap: Found pre-installed APEX /system/apex/com.android.mediaprovider.apex
[    3.557448] apexd-bootstrap: Found pre-installed APEX /system/apex/com.android.neuralnetworks.apex
[    3.559673] apexd-bootstrap: Found pre-installed APEX /system/apex/com.android.nfcservices.apex
[    3.559928] apexd-bootstrap: Found pre-installed APEX /system/apex/com.android.npumanager.apex
[    3.560244] apexd-bootstrap: Found pre-installed APEX /system/apex/com.android.ondevicepersonalization.apex
[    3.560643] apexd-bootstrap: Found pre-installed APEX /system/apex/com.android.os.statsd.apex
[    3.560972] apexd-bootstrap: Found pre-installed APEX /system/apex/com.android.permission.apex
[    3.561249] apexd-bootstrap: Found pre-installed APEX /system/apex/com.android.profiling.apex
[    3.561551] apexd-bootstrap: Found pre-installed APEX /system/apex/com.android.resolv.apex
[    3.561803] apexd-bootstrap: Found pre-installed APEX /system/apex/com.android.rkpd.apex
[    3.562088] apexd-bootstrap: Found pre-installed APEX /system/apex/com.android.runtime.apex
[    3.562433] apexd-bootstrap: Found pre-installed APEX /system/apex/com.android.scheduling.apex
[    3.562784] apexd-bootstrap: Found pre-installed APEX /system/apex/com.android.sdkext.apex
[    3.563100] apexd-bootstrap: Found pre-installed APEX /system/apex/com.android.telephonycore.apex
[    3.563460] apexd-bootstrap: Found pre-installed APEX /system/apex/com.android.tethering.apex
[    3.563779] apexd-bootstrap: Found pre-installed APEX /system/apex/com.android.tzdata.apex
[    3.564104] apexd-bootstrap: Found pre-installed APEX /system/apex/com.android.uprobestats.apex
[    3.564486] apexd-bootstrap: Found pre-installed APEX /system/apex/com.android.uwb.apex
[    3.564765] apexd-bootstrap: Found pre-installed APEX /system/apex/com.android.virt.apex
[    3.566763] apexd-bootstrap: Found pre-installed APEX /system/apex/com.android.webapp.apex
[    3.567028] apexd-bootstrap: Found pre-installed APEX /system/apex/com.android.wifi.apex
[    3.567297] apexd-bootstrap: Scanning /system_ext/apex for pre-installed ApexFiles
[    3.567641] apexd-bootstrap: Found pre-installed APEX /system_ext/apex/com.android.compos.apex
[    3.567958] apexd-bootstrap: Found pre-installed APEX /system_ext/apex/com.android.hardware.biometrics.face.virtual.apex
[    3.568322] apexd-bootstrap: Found pre-installed APEX /system_ext/apex/com.android.hardware.biometrics.fingerprint.virtual.apex
[    3.568742] apexd-bootstrap: Found pre-installed APEX /system_ext/apex/com.android.vndk.v31.apex
[    3.569050] apexd-bootstrap: Found pre-installed APEX /system_ext/apex/com.android.vndk.v32.apex
[    3.569399] apexd-bootstrap: Found pre-installed APEX /system_ext/apex/com.android.vndk.v33.apex
[    3.569716] apexd-bootstrap: Found pre-installed APEX /system_ext/apex/com.android.vndk.v34.apex
[    3.569986] apexd-bootstrap: Scanning /product/apex for pre-installed ApexFiles
[    3.570185] apexd-bootstrap: /product/apex does not exist. Skipping
[    3.570433] apexd-bootstrap: Scanning /vendor/apex for pre-installed ApexFiles
[    3.570842] apexd-bootstrap: Found pre-installed APEX /vendor/apex/com.android.hardware.audio.apex
[    3.571126] apexd-bootstrap: Found pre-installed APEX /vendor/apex/com.android.hardware.authsecret.apex
[    3.571400] apexd-bootstrap: Found pre-installed APEX /vendor/apex/com.android.hardware.boot.apex
[    3.571712] apexd-bootstrap: Found pre-installed APEX /vendor/apex/com.android.hardware.cas.apex
[    3.572002] apexd-bootstrap: Found pre-installed APEX /vendor/apex/com.android.hardware.contexthub.apex
[    3.572290] apexd-bootstrap: Found pre-installed APEX /vendor/apex/com.android.hardware.drm.clearkey.apex
[    3.572623] apexd-bootstrap: Found pre-installed APEX /vendor/apex/com.android.hardware.dumpstate.apex
[    3.572929] apexd-bootstrap: Found pre-installed APEX /vendor/apex/com.android.hardware.gatekeeper.cf_remote.apex
[    3.573273] apexd-bootstrap: Found pre-installed APEX /vendor/apex/com.android.hardware.gatekeeper.nonsecure.apex
[    3.573643] apexd-bootstrap: Found pre-installed APEX /vendor/apex/com.android.hardware.gnss.apex
[    3.573955] apexd-bootstrap: Found pre-installed APEX /vendor/apex/com.android.hardware.graphics.composer.drm_hwcomposer.apex
[    3.574286] apexd-bootstrap: Found pre-installed APEX /vendor/apex/com.android.hardware.graphics.composer.ranchu.apex
[    3.575055] apexd-bootstrap: Found pre-installed APEX /vendor/apex/com.android.hardware.input.processor.apex
[    3.575367] apexd-bootstrap: Found pre-installed APEX /vendor/apex/com.android.hardware.keymint.rust_cf_guest_trusty_nonsecure.apex
[    3.575796] apexd-bootstrap: Found pre-installed APEX /vendor/apex/com.android.hardware.keymint.rust_cf_remote.apex
[    3.576110] apexd-bootstrap: Found pre-installed APEX /vendor/apex/com.android.hardware.keymint.rust_nonsecure.apex
[    3.576494] apexd-bootstrap: Found pre-installed APEX /vendor/apex/com.android.hardware.memtrack.apex
[    3.576809] apexd-bootstrap: Found pre-installed APEX /vendor/apex/com.android.hardware.net.nlinterceptor.apex
[    3.577190] apexd-bootstrap: Found pre-installed APEX /vendor/apex/com.android.hardware.neuralnetworks.apex
[    3.577556] apexd-bootstrap: Found pre-installed APEX /vendor/apex/com.android.hardware.power.apex
[    3.577895] apexd-bootstrap: Found pre-installed APEX /vendor/apex/com.android.hardware.rebootescrow.apex
[    3.578216] apexd-bootstrap: Found pre-installed APEX /vendor/apex/com.android.hardware.secure_element.apex
[    3.578632] apexd-bootstrap: Found pre-installed APEX /vendor/apex/com.android.hardware.security.authgraph.apex
[    3.578977] apexd-bootstrap: Found pre-installed APEX /vendor/apex/com.android.hardware.security.secretkeeper.apex
[    3.579342] apexd-bootstrap: Found pre-installed APEX /vendor/apex/com.android.hardware.tetheroffload.apex
[    3.579704] apexd-bootstrap: Found pre-installed APEX /vendor/apex/com.android.hardware.thermal.apex
[    3.580100] apexd-bootstrap: Found pre-installed APEX /vendor/apex/com.android.hardware.threadnetwork.apex
[    3.580447] apexd-bootstrap: Found pre-installed APEX /vendor/apex/com.android.hardware.usb.apex
[    3.580798] apexd-bootstrap: Found pre-installed APEX /vendor/apex/com.android.hardware.uwb.apex
[    3.582867] apexd-bootstrap: Found pre-installed APEX /vendor/apex/com.android.hardware.vibrator.apex
[    3.583202] apexd-bootstrap: Found pre-installed APEX /vendor/apex/com.android.hardware.wifi.apex
[    3.583547] apexd-bootstrap: Found pre-installed APEX /vendor/apex/com.google.cf.bt.apex
[    3.583796] apexd-bootstrap: Found pre-installed APEX /vendor/apex/com.google.cf.confirmationui.apex
[    3.584092] apexd-bootstrap: Found pre-installed APEX /vendor/apex/com.google.cf.disabled.apex
[    3.584369] apexd-bootstrap: Found pre-installed APEX /vendor/apex/com.google.cf.gralloc.apex
[    3.584681] apexd-bootstrap: Found pre-installed APEX /vendor/apex/com.google.cf.health.apex
[    3.584957] apexd-bootstrap: Found pre-installed APEX /vendor/apex/com.google.cf.identity.apex
[    3.585230] apexd-bootstrap: Found pre-installed APEX /vendor/apex/com.google.cf.input.config.apex
[    3.585541] apexd-bootstrap: Found pre-installed APEX /vendor/apex/com.google.cf.ir.apex
[    3.585785] apexd-bootstrap: Found pre-installed APEX /vendor/apex/com.google.cf.light.apex
[    3.586024] apexd-bootstrap: Found pre-installed APEX /vendor/apex/com.google.cf.nfc.apex
[    3.586261] apexd-bootstrap: Found pre-installed APEX /vendor/apex/com.google.cf.oemlock.apex
[    3.586618] apexd-bootstrap: Found pre-installed APEX /vendor/apex/com.google.cf.rild.apex
[    3.586897] apexd-bootstrap: Found pre-installed APEX /vendor/apex/com.google.cf.vulkan.apex
[    3.587205] apexd-bootstrap: Found pre-installed APEX /vendor/apex/com.google.cf.wifi.apex
[    3.587505] apexd-bootstrap: Found pre-installed APEX /vendor/apex/com.google.cf.wpa_supplicant.apex
[    3.587814] apexd-bootstrap: Found pre-installed APEX /vendor/apex/com.google.emulated.camera.provider.hal.apex
[    3.588173] apexd-bootstrap: Found pre-installed APEX /vendor/apex/com.google.emulated.camera.provider.hal.v4l2.apex
[    3.589538] apexd-bootstrap: Scanning /odm/apex for pre-installed ApexFiles
[    3.589758] apexd-bootstrap: /odm/apex does not exist. Skipping
[    3.813497] apexd-bootstrap: Skipping APEX at path /vendor/apex/com.android.hardware.gatekeeper.cf_remote.apex because it does not match expected multi-install APEX property for com.android.hardware.gatekeeper
[    3.814253] apexd-bootstrap: Skipping APEX at path /vendor/apex/com.android.hardware.graphics.composer.drm_hwcomposer.apex because it does not match expected multi-install APEX property for com.android.hardware.graphics.composer
[    3.815049] apexd-bootstrap: Skipping APEX at path /vendor/apex/com.android.hardware.keymint.rust_cf_guest_trusty_nonsecure.apex because it does not match expected multi-install APEX property for com.android.hardware.keymint
[    3.815759] apexd-bootstrap: Skipping APEX at path /vendor/apex/com.android.hardware.keymint.rust_cf_remote.apex because it does not match expected multi-install APEX property for com.android.hardware.keymint
[    3.816512] apexd-bootstrap: Skipping APEX at path /vendor/apex/com.google.cf.disabled.apex because it's disabled via sysprop.
[    3.816970] apexd-bootstrap: Skipping APEX at path /vendor/apex/com.google.emulated.camera.provider.hal.v4l2.apex because it does not match expected multi-install APEX property for com.google.emulated.camera.provider.hal
[    3.817588] apexd-bootstrap: Successfully scanned 87 preinstalled APEXes duration=266ms
[    3.817889] apexd-bootstrap: No sessions to revert/activate.
[    3.818156] apexd-bootstrap: Successfully scanned 0 data APEXes duration=0ms
[    3.829119] erofs: (device erofs): mounted with root inode @ nid 39.
[    3.845532] loop67: detected capacity change from 0 to 11368
[    3.846829] loop68: detected capacity change from 0 to 1704
[    3.848708] loop69: detected capacity change from 0 to 12032
[    3.849918] loop70: detected capacity change from 0 to 9912
[    3.851070] loop71: detected capacity change from 0 to 48720
[    3.852380] loop72: detected capacity change from 0 to 65520
[    3.853547] loop73: detected capacity change from 0 to 4800
[    3.855473] loop75: detected capacity change from 0 to 1352
[    3.856574] loop76: detected capacity change from 0 to 7088
[    3.859306] loop78: detected capacity change from 0 to 744
[    3.870229] EXT4-fs (loop10): mounted filesystem 7d1522e1-9dfa-5edb-a43e-98e3a4d20250 ro without journal. Quota mode: none.
[    3.882816] EXT4-fs (loop16): mounted filesystem 7d1522e1-9dfa-5edb-a43e-98e3a4d20250 ro without journal. Quota mode: none.
[    3.891797] EXT4-fs (loop0): mounted filesystem 7d1522e1-9dfa-5edb-a43e-98e3a4d20250 ro without journal. Quota mode: none.
[    3.896721] EXT4-fs (loop70): mounted filesystem 7d1522e1-9dfa-5edb-a43e-98e3a4d20250 ro without journal. Quota mode: none.
[    3.904288] EXT4-fs (loop83): mounted filesystem 7d1522e1-9dfa-5edb-a43e-98e3a4d20250 ro without journal. Quota mode: none.
[    3.907653] EXT4-fs (loop76): mounted filesystem 7d1522e1-9dfa-5edb-a43e-98e3a4d20250 ro without journal. Quota mode: none.
[    3.909731] EXT4-fs (loop78): mounted filesystem 7d1522e1-9dfa-5edb-a43e-98e3a4d20250 ro without journal. Quota mode: none.
[    3.913938] EXT4-fs (loop79): mounted filesystem 7d1522e1-9dfa-5edb-a43e-98e3a4d20250 ro without journal. Quota mode: none.
[    3.916374] EXT4-fs (loop4): mounted filesystem 7d1522e1-9dfa-5edb-a43e-98e3a4d20250 ro without journal. Quota mode: none.
[    3.917352] EXT4-fs (loop13): mounted filesystem 7d1522e1-9dfa-5edb-a43e-98e3a4d20250 ro without journal. Quota mode: none.
[    3.922572] EXT4-fs (loop77): mounted filesystem 7d1522e1-9dfa-5edb-a43e-98e3a4d20250 ro without journal. Quota mode: none.
[    3.925926] EXT4-fs (loop51): mounted filesystem 7d1522e1-9dfa-5edb-a43e-98e3a4d20250 ro without journal. Quota mode: none.
[    3.935750] EXT4-fs (loop43): mounted filesystem 7d1522e1-9dfa-5edb-a43e-98e3a4d20250 ro without journal. Quota mode: none.
[    3.942258] EXT4-fs (loop15): mounted filesystem 7d1522e1-9dfa-5edb-a43e-98e3a4d20250 ro without journal. Quota mode: none.
[    3.943400] EXT4-fs (loop81): mounted filesystem 7d1522e1-9dfa-5edb-a43e-98e3a4d20250 ro without journal. Quota mode: none.
[    3.944203] EXT4-fs (loop25): mounted filesystem 7d1522e1-9dfa-5edb-a43e-98e3a4d20250 ro without journal. Quota mode: none.
[    3.945384] EXT4-fs (loop60): mounted filesystem 7d1522e1-9dfa-5edb-a43e-98e3a4d20250 ro without journal. Quota mode: none.
[    3.947897] EXT4-fs (loop86): mounted filesystem 7d1522e1-9dfa-5edb-a43e-98e3a4d20250 ro without journal. Quota mode: none.
[    3.949836] EXT4-fs (loop20): mounted filesystem 7d1522e1-9dfa-5edb-a43e-98e3a4d20250 ro without journal. Quota mode: none.
[    3.953786] EXT4-fs (loop47): mounted filesystem 7d1522e1-9dfa-5edb-a43e-98e3a4d20250 ro without journal. Quota mode: none.
[    3.958312] EXT4-fs (loop33): mounted filesystem 7d1522e1-9dfa-5edb-a43e-98e3a4d20250 ro without journal. Quota mode: none.
[    3.961054] EXT4-fs (loop5): mounted filesystem 7d1522e1-9dfa-5edb-a43e-98e3a4d20250 ro without journal. Quota mode: none.
[    3.962204] EXT4-fs (loop53): mounted filesystem 7d1522e1-9dfa-5edb-a43e-98e3a4d20250 ro without journal. Quota mode: none.
[    3.963078] EXT4-fs (loop11): mounted filesystem 7d1522e1-9dfa-5edb-a43e-98e3a4d20250 ro without journal. Quota mode: none.
[    3.963875] EXT4-fs (loop30): mounted filesystem 7d1522e1-9dfa-5edb-a43e-98e3a4d20250 ro without journal. Quota mode: none.
[    3.966714] EXT4-fs (loop62): mounted filesystem 7d1522e1-9dfa-5edb-a43e-98e3a4d20250 ro without journal. Quota mode: none.
[    3.968377] EXT4-fs (loop39): mounted filesystem 7d1522e1-9dfa-5edb-a43e-98e3a4d20250 ro without journal. Quota mode: none.
[    3.969634] EXT4-fs (loop19): mounted filesystem 7d1522e1-9dfa-5edb-a43e-98e3a4d20250 ro without journal. Quota mode: none.
[    3.980114] EXT4-fs (loop64): mounted filesystem 7d1522e1-9dfa-5edb-a43e-98e3a4d20250 ro without journal. Quota mode: none.
[    3.980891] EXT4-fs (loop38): mounted filesystem 7d1522e1-9dfa-5edb-a43e-98e3a4d20250 ro without journal. Quota mode: none.
[    3.982415] EXT4-fs (loop54): mounted filesystem 7d1522e1-9dfa-5edb-a43e-98e3a4d20250 ro without journal. Quota mode: none.
[    3.983457] EXT4-fs (loop18): mounted filesystem 7d1522e1-9dfa-5edb-a43e-98e3a4d20250 ro without journal. Quota mode: none.
[    3.984157] EXT4-fs (loop24): mounted filesystem 7d1522e1-9dfa-5edb-a43e-98e3a4d20250 ro without journal. Quota mode: none.
[    3.994108] EXT4-fs (loop34): mounted filesystem 7d1522e1-9dfa-5edb-a43e-98e3a4d20250 ro without journal. Quota mode: none.
[    4.001274] EXT4-fs (loop74): mounted filesystem 7d1522e1-9dfa-5edb-a43e-98e3a4d20250 ro without journal. Quota mode: none.
[    4.002548] EXT4-fs (loop2): mounted filesystem 7d1522e1-9dfa-5edb-a43e-98e3a4d20250 ro without journal. Quota mode: none.
[    4.003528] EXT4-fs (loop52): mounted filesystem 7d1522e1-9dfa-5edb-a43e-98e3a4d20250 ro without journal. Quota mode: none.
[    4.003538] EXT4-fs (loop40): mounted filesystem 7d1522e1-9dfa-5edb-a43e-98e3a4d20250 ro without journal. Quota mode: none.
[    4.005805] EXT4-fs (loop75): mounted filesystem 7d1522e1-9dfa-5edb-a43e-98e3a4d20250 ro without journal. Quota mode: none.
[    4.006118] EXT4-fs (loop69): mounted filesystem 7d1522e1-9dfa-5edb-a43e-98e3a4d20250 ro without journal. Quota mode: none.
[    4.007796] EXT4-fs (loop45): mounted filesystem 7d1522e1-9dfa-5edb-a43e-98e3a4d20250 ro without journal. Quota mode: none.
[    4.010928] EXT4-fs (loop37): mounted filesystem 7d1522e1-9dfa-5edb-a43e-98e3a4d20250 ro without journal. Quota mode: none.
[    4.012013] EXT4-fs (loop57): mounted filesystem 7d1522e1-9dfa-5edb-a43e-98e3a4d20250 ro without journal. Quota mode: none.
[    4.024827] EXT4-fs (loop85): mounted filesystem 7d1522e1-9dfa-5edb-a43e-98e3a4d20250 ro without journal. Quota mode: none.
[    4.025458] EXT4-fs (loop31): mounted filesystem 7d1522e1-9dfa-5edb-a43e-98e3a4d20250 ro without journal. Quota mode: none.
[    4.027292] EXT4-fs (loop6): mounted filesystem 7d1522e1-9dfa-5edb-a43e-98e3a4d20250 ro without journal. Quota mode: none.
[    4.031121] EXT4-fs (loop63): mounted filesystem 7d1522e1-9dfa-5edb-a43e-98e3a4d20250 ro without journal. Quota mode: none.
[    4.032221] EXT4-fs (loop71): mounted filesystem 7d1522e1-9dfa-5edb-a43e-98e3a4d20250 ro without journal. Quota mode: none.
[    4.035456] EXT4-fs (loop46): mounted filesystem 7d1522e1-9dfa-5edb-a43e-98e3a4d20250 ro without journal. Quota mode: none.
[    4.036206] EXT4-fs (loop12): mounted filesystem 7d1522e1-9dfa-5edb-a43e-98e3a4d20250 ro without journal. Quota mode: none.
[    4.038825] EXT4-fs (loop26): mounted filesystem 7d1522e1-9dfa-5edb-a43e-98e3a4d20250 ro without journal. Quota mode: none.
[    4.041097] EXT4-fs (loop27): mounted filesystem 7d1522e1-9dfa-5edb-a43e-98e3a4d20250 ro without journal. Quota mode: none.
[    4.041729] EXT4-fs (loop28): mounted filesystem 7d1522e1-9dfa-5edb-a43e-98e3a4d20250 ro without journal. Quota mode: none.
[    4.042243] EXT4-fs (loop42): mounted filesystem 7d1522e1-9dfa-5edb-a43e-98e3a4d20250 ro without journal. Quota mode: none.
[    4.042247] EXT4-fs (loop82): mounted filesystem 7d1522e1-9dfa-5edb-a43e-98e3a4d20250 ro without journal. Quota mode: none.
[    4.043180] EXT4-fs (loop67): mounted filesystem 7d1522e1-9dfa-5edb-a43e-98e3a4d20250 ro without journal. Quota mode: none.
[    4.049044] EXT4-fs (loop36): mounted filesystem 7d1522e1-9dfa-5edb-a43e-98e3a4d20250 ro without journal. Quota mode: none.
[    4.049768] EXT4-fs (loop49): mounted filesystem 7d1522e1-9dfa-5edb-a43e-98e3a4d20250 ro without journal. Quota mode: none.
[    4.051297] EXT4-fs (loop9): mounted filesystem 7d1522e1-9dfa-5edb-a43e-98e3a4d20250 ro without journal. Quota mode: none.
[    4.052173] EXT4-fs (loop8): mounted filesystem 7d1522e1-9dfa-5edb-a43e-98e3a4d20250 ro without journal. Quota mode: none.
[    4.053192] EXT4-fs (loop41): mounted filesystem 7d1522e1-9dfa-5edb-a43e-98e3a4d20250 ro without journal. Quota mode: none.
[    4.057581] EXT4-fs (loop23): mounted filesystem 7d1522e1-9dfa-5edb-a43e-98e3a4d20250 ro without journal. Quota mode: none.
[    4.058436] EXT4-fs (loop17): mounted filesystem 7d1522e1-9dfa-5edb-a43e-98e3a4d20250 ro without journal. Quota mode: none.
[    4.060972] EXT4-fs (loop72): mounted filesystem 7d1522e1-9dfa-5edb-a43e-98e3a4d20250 ro without journal. Quota mode: none.
[    4.168648] apexd-bootstrap: Activated 87 packages. duration=350ms
[    4.175043] apexd-bootstrap: OnBootstrap done, duration=624
[    4.199338] init: Service 'apexd-bootstrap' (pid 105) exited with status 0 waiting took 0.718000 seconds
[    4.199756] init: Sending SIGKILL to service 'apexd-bootstrap' (pid 105) process group...
[    4.200231] libprocessgroup: Removed cgroup /sys/fs/cgroup/system/uid_0/pid_105
[    4.326314] ueventd: Coldboot took 0.84 seconds
[    4.365221] init: Parsing file /apex/com.android.adbd/etc/init.rc...
[    4.367864] init: Parsing file /apex/com.android.art/etc/init.rc...
[    4.368487] init: Parsing file /apex/com.android.compos/etc/init.rc...
[    4.369054] init: Parsing file /apex/com.android.configinfrastructure/etc/com.android.configinfrastrcture.init.rc...
[    4.369933] init: Parsing file /apex/com.android.hardware.audio/etc/android.hardware.audio.service-aidl.example.rc...
[    4.370746] init: Parsing file /apex/com.android.hardware.authsecret/etc/android.hardware.authsecret-service.example.rc...
[    4.371381] init: Parsing file /apex/com.android.hardware.biometrics.face.virtual/etc/face-virtual-apex.rc...
[    4.372064] init: Parsing file /apex/com.android.hardware.biometrics.fingerprint.virtual/etc/fingerprint-virtual.rc...
[    4.372851] init: Parsing file /apex/com.android.hardware.boot/etc/android.hardware.boot-service.default.rc...
[    4.377083] init: Parsing file /apex/com.android.hardware.cas/etc/cas-default.rc...
[    4.377761] init: Parsing file /apex/com.android.hardware.contexthub/etc/android.hardware.contexthub-service.example.rc...
[    4.378563] init: Parsing file /apex/com.android.hardware.drm.clearkey/etc/android.hardware.drm-service.clearkey.apex.rc...
[    4.379168] init: Parsing file /apex/com.android.hardware.dumpstate/etc/dumpstate-default.rc...
[    4.379842] init: Parsing file /apex/com.android.hardware.gatekeeper/etc/android.hardware.gatekeeper-service.nonsecure.rc...
[    4.380616] init: Parsing file /apex/com.android.hardware.gnss/etc/gnss-default.rc...
[    4.381996] init: Parsing file /apex/com.android.hardware.graphics.composer/etc/hwc3-apex.rc...
[    4.382850] init: Parsing file /apex/com.android.hardware.input.processor/etc/inputprocessor-default.rc...
[    4.383541] init: Parsing file /apex/com.android.hardware.ir/etc/android.hardware.ir-service.example.rc...
[    4.384229] init: Parsing file /apex/com.android.hardware.keymint/etc/android.hardware.security.keymint-service.nonsecure.apex.rc...
[    4.385112] init: Parsing file /apex/com.android.hardware.memtrack/etc/memtrack-default-apex.rc...
[    4.387050] init: Parsing file /apex/com.android.hardware.net.nlinterceptor/etc/nlinterceptor.rc...
[    4.388567] init: Parsing file /apex/com.android.hardware.neuralnetworks/etc/android.hardware.neuralnetworks-service-sample-all.rc...
[    4.391142] init: Parsing file /apex/com.android.hardware.neuralnetworks/etc/android.hardware.neuralnetworks-service-sample-limited.rc...
[    4.391880] init: Parsing file /apex/com.android.hardware.neuralnetworks/etc/android.hardware.neuralnetworks-shim-service-sample.rc...
[    4.392965] init: Parsing file /apex/com.android.hardware.power/etc/com.android.hardware.power.rc...
[    4.393568] init: Parsing file /apex/com.android.hardware.rebootescrow/etc/rebootescrow-default.rc...
[    4.394206] init: Parsing file /apex/com.android.hardware.secure_element/etc/secure_element.rc...
[    4.396076] init: Parsing file /apex/com.android.hardware.security.authgraph/etc/authgraph.rc...
[    4.396779] init: Parsing file /apex/com.android.hardware.security.secretkeeper/etc/secretkeeper.rc...
[    4.397401] init: Parsing file /apex/com.android.hardware.tetheroffload/etc/tetheroffload-example.rc...
[    4.398100] init: Parsing file /apex/com.android.hardware.thermal/etc/android.hardware.thermal.example.rc...
[    4.400960] init: Parsing file /apex/com.android.hardware.threadnetwork/etc/threadnetwork-service.rc...
[    4.403108] init: Parsing file /apex/com.android.hardware.usb/etc/com.android.hardware.usb.rc...
[    4.403759] init: Parsing file /apex/com.android.hardware.uwb/etc/uwb-service.rc...
[    4.405691] init: Parsing file /apex/com.android.hardware.vibrator/etc/com.android.hardware.vibrator.rc...
[    4.406283] init: Parsing file /apex/com.android.hardware.wifi/etc/com.android.hardware.wifi.rc...
[    4.408195] init: Parsing file /apex/com.android.media.swcodec/etc/mediaswcodec.32rc...
[    4.408862] init: Parsing file /apex/com.android.media/etc/mediatranscoding.32rc...
[    4.409485] init: Parsing file /apex/com.android.os.statsd/etc/init.rc...
[    4.410159] init: Parsing file /apex/com.android.sdkext/etc/derive_classpath.rc...
[    4.410960] init: Parsing file /apex/com.android.sdkext/etc/derive_sdk.rc...
[    4.413056] init: Parsing file /apex/com.android.tethering/etc/netbpfload.35rc...
[    4.413815] init: Parsing file /apex/com.android.tethering/etc/ot-daemon.34rc...
[    4.415963] init: Parsing file /apex/com.android.uprobestats/etc/init.rc...
[    4.416640] init: Parsing file /apex/com.android.virt/etc/vfio_handler.rc...
[    4.417010] init: Parsing file /apex/com.android.virt/etc/virtualizationservice.rc...
[    4.417400] init: Parsing file /apex/com.android.virt/etc/vmnic.rc...
[    4.417832] init: Parsing file /apex/com.android.wifi/etc/mainline_supplicant.rc...
[    4.418593] init: Parsing file /apex/com.google.cf.bt/etc/com.google.cf.bt.default.rc...
[    4.421021] init: Parsing file /apex/com.google.cf.bt/etc/com.google.cf.bt.lpp.rc...
[    4.421652] init: Parsing file /apex/com.google.cf.confirmationui/etc/android.hardware.confirmationui-service.cuttlefish.rc...
[    4.422315] init: Parsing file /apex/com.google.cf.gralloc/etc/com.google.cf.gralloc.rc...
[    4.423817] init: Parsing file /apex/com.google.cf.health/etc/android.hardware.health-service.cuttlefish.rc...
[    4.424613] init: Parsing file /apex/com.google.cf.identity/etc/android.hardware.identity-service.remote.rc...
[    4.426879] init: Parsing file /apex/com.google.cf.input.config/etc/com.google.cf.input.config.rc...
[    4.427990] init: Parsing file /apex/com.google.cf.light/etc/lights-cuttlefish.rc...
[    4.428998] init: Parsing file /apex/com.google.cf.nfc/etc/nfc-service-cuttlefish.rc...
[    4.429628] init: Parsing file /apex/com.google.cf.oemlock/etc/android.hardware.oemlock-service.remote.rc...
[    4.431800] init: Parsing file /apex/com.google.cf.rild/etc/com.google.cf.rild.rc...
[    4.432387] init: Parsing file /apex/com.google.cf.vulkan/etc/com.google.cf.vulkan.rc...
[    4.433100] init: Parsing file /apex/com.google.cf.wifi/etc/com.google.cf.wifi.rc...
[    4.435234] init: Parsing file /apex/com.google.cf.wpa_supplicant/etc/com.google.cf.wpa_supplicant.rc...
[    4.438141] init: Parsing file /apex/com.google.emulated.camera.provider.hal/etc/com.google.emulated.camera.provider.hal.rc...
[    4.620859] init: linkerconfig generated /linkerconfig with mounted APEX modules info
[    4.623046] init: Command 'perform_apex_config' action=early-init (/system/etc/init/hw/init.rc:92) took 316ms and succeeded
[    4.626455] init: processing action (ro.boot.bootchart.enabled= && early-init) from (/system/etc/init/hw/init.rc:113)
[    4.626900] init: processing action (early-init) from (/init.environ.rc:2)
[    4.627293] init: processing action (early-init) from (/system/etc/init/aconfigd.rc:26)
[    4.627789] init: Command 'mkdir /metadata/aconfig 0775 root system' action=early-init (/system/etc/init/aconfigd.rc:27) took 0ms and failed: mkdir() failed on /metadata/aconfig: Read-only file system
[    4.630997] init: starting service 'early_system_aconfigd_platform_init'...
[    4.635127] libprocessgroup: Created cgroup /sys/fs/cgroup/system/uid_1000/pid_385
[    4.638152] init: ... started service 'early_system_aconfigd_platform_init' has pid 385
[    4.639847] init: SVC_EXEC service 'early_system_aconfigd_platform_init' pid 385 (uid 1000 gid 1000+0 context default) started; waiting...
[    4.711193] main[385]: Starting aconfigd_system command: EarlyPlatformInit
[    4.711514] main[385]: Starting early-init platform init
[    4.711987] aconfigd_rust::utils[385]: build fingerprint is: generic/aosp_cf_x86_64_only_phone/vsoc_x86_64_only:17/CP2A.260605.016/16373615:userdebug/test-keys
[    4.712534] aconfigd_rust::aconfigd[385]: device build fingerprint generic/aosp_cf_x86_64_only_phone/vsoc_x86_64_only:17/CP2A.260605.016/16373615:userdebug/test-keys
[    4.714431] aconfigd_rust::utils[385]: security patch date is: 2026-06-05
[    4.714673] aconfigd_rust::aconfigd[385]: device security patch 2026-06-05
[    4.714896] aconfigd_rust::aconfigd[385]: start initialize system flags
[    4.715587] aconfigd_rust::storage_files[385]: create storage files object from container system
[    4.718859] aconfigd_rust::storage_files[385]: copy system storage files to persist and boot directories
[    4.719227] main[385]: Failed to initialize platform storage in early init: failed to copy file from /system/etc/aconfig/package.map to /metadata/aconfig/maps/system.package.new: Os { code: 2, kind: NotFound, message: "No such file or directory" }
[    4.721115] init: Service 'early_system_aconfigd_platform_init' (pid 385) exited with status 5 waiting took 0.086000 seconds
[    4.721408] init: Sending SIGKILL to service 'early_system_aconfigd_platform_init' (pid 385) process group...
[    4.721816] libprocessgroup: Removed cgroup /sys/fs/cgroup/system/uid_1000/pid_385
[    4.722424] init: processing action (ro.product.debugfs_restrictions.enabled=true && early-init) from (/system/etc/init/init-debug.rc:10)
[    4.725791] init: processing action (early-init) from (/system/etc/init/kcmdlinemodprobe.rc:16)
[    4.726609] init: starting service 'exec 1 (/system/bin/kcmdlinemodprobe)'...
[    4.731126] libprocessgroup: Created cgroup /sys/fs/cgroup/system/uid_0/pid_386
[    4.735075] init: ... started service 'exec 1 (/system/bin/kcmdlinemodprobe)' has pid 386
[    4.736034] init: SVC_EXEC service 'exec 1 (/system/bin/kcmdlinemodprobe)' pid 386 (uid 0 gid 0+0 context default) started; waiting...
[    4.784926] rust_binder: Loaded Rust Binder.
[    4.788022] init: Service 'exec 1 (/system/bin/kcmdlinemodprobe)' (pid 386) exited with status 0 waiting took 0.057000 seconds
[    4.789620] init: Sending SIGKILL to service 'exec 1 (/system/bin/kcmdlinemodprobe)' (pid 386) process group...
[    4.790126] libprocessgroup: Removed cgroup /sys/fs/cgroup/system/uid_0/pid_386
[    4.790880] init: processing action (early-init) from (/system/etc/init/prng_seeder.rc:5)
[    4.791873] init: starting service 'prng_seeder'...
[    4.792282] init: Created socket '/dev/socket/prng_seeder', mode 666, user 1092, group 1092
[    4.794200] libprocessgroup: Created cgroup /sys/fs/cgroup/system/uid_1092
[    4.797386] libprocessgroup: Created cgroup /sys/fs/cgroup/system/uid_1092/pid_387
[    4.799878] init: ... started service 'prng_seeder' has pid 387
[    4.803647] init: processing action (ro.product.cpu.abilist64=* && early-init) from (/vendor/etc/boringssl_self_test.zygote64.rc:1)
[    4.811467] init: starting service 'boringssl_self_test64_vendor'...
[    4.819045] libprocessgroup: Created cgroup /sys/fs/cgroup/system/uid_0/pid_388
[    4.822413] init: ... started service 'boringssl_self_test64_vendor' has pid 388
[    4.823419] init: SVC_EXEC service 'boringssl_self_test64_vendor' pid 388 (uid 0 gid 0+0 context default) started; waiting...
[    4.871293] init: Service 'boringssl_self_test64_vendor' (pid 388) exited with status 0 waiting took 0.052000 seconds
[    4.871709] init: Sending SIGKILL to service 'boringssl_self_test64_vendor' (pid 388) process group...
[    4.872203] libprocessgroup: Removed cgroup /sys/fs/cgroup/system/uid_0/pid_388
[    4.872863] init: processing action (early-init) from (/vendor/etc/init/init.cutf_cvm.rc:1)
[    4.874431] init: starting service 'vendor.dlkm_loader'...
[    4.878983] libprocessgroup: Created cgroup /sys/fs/cgroup/system/uid_0/pid_389
[    4.881459] init: ... started service 'vendor.dlkm_loader' has pid 389
[    4.884072] init: starting service 'exec 2 (/system/bin/modprobe -a -d /system/lib/modules zram.ko)'...
[    4.892566] libprocessgroup: Created cgroup /sys/fs/cgroup/system/uid_0/pid_390
[    4.895164] init: ... started service 'exec 2 (/system/bin/modprobe -a -d /system/lib/modules zram.ko)' has pid 390
[    4.895900] init: SVC_EXEC service 'exec 2 (/system/bin/modprobe -a -d /system/lib/modules zram.ko)' pid 390 (uid 0 gid 0+0 context u:r:modprobe:s0) started; waiting...
[    4.918585] dlkm_loader: dlkm loader successfully initialized
[    4.935977] dlkm_loader: Loading module /system/lib/modules/rfkill.ko with args ''
[    4.940586] dlkm_loader: Loading module /system/lib/modules/bluetooth.ko with args ''
[    4.959167] zram: Added device: zram0
[    4.966592] init: Service 'exec 2 (/system/bin/modprobe -a -d /system/lib/modules zram.ko)' (pid 390) exited with status 0 waiting took 0.075000 seconds
[    4.967530] init: Sending SIGKILL to service 'exec 2 (/system/bin/modprobe -a -d /system/lib/modules zram.ko)' (pid 390) process group...
[    4.968160] libprocessgroup: Removed cgroup /sys/fs/cgroup/system/uid_0/pid_390
[    4.969303] init: wait for '/dev/dri/card0' took 0ms
[    4.974889] init: starting service 'exec 3 (/vendor/bin/modprobe -d /vendor/lib/modules vkms.ko create_default_dev=0)'...
[    4.978294] libprocessgroup: Created cgroup /sys/fs/cgroup/system/uid_0/pid_392
[    4.979270] Bluetooth: Core ver 2.22
[    4.979928] NET: Registered PF_BLUETOOTH protocol family
[    4.981100] Bluetooth: HCI device and connection manager initialized
[    4.981499] Bluetooth: HCI socket layer initialized
[    4.982059] Bluetooth: L2CAP socket layer initialized
[    4.982255] Bluetooth: SCO socket layer initialized
[    4.984811] init: ... started service 'exec 3 (/vendor/bin/modprobe -d /vendor/lib/modules vkms.ko create_default_dev=0)' has pid 392
[    4.984827] init: SVC_EXEC service 'exec 3 (/vendor/bin/modprobe -d /vendor/lib/modules vkms.ko create_default_dev=0)' pid 392 (uid 0 gid 0+0 context u:r:vendor_modprobe:s0) started; waiting...
[    4.993504] dlkm_loader: Loaded kernel module /system/lib/modules/bluetooth.ko
[    4.994621] dlkm_loader: Loading module /vendor/lib/modules/btintel.ko with args ''
[    5.011842] dlkm_loader: Loaded kernel module /vendor/lib/modules/btintel.ko
[    5.012316] dlkm_loader: Loading module /vendor/lib/modules/btrtl.ko with args ''
[    5.023278] dlkm_loader: Loaded kernel module /vendor/lib/modules/btrtl.ko
[    5.023687] dlkm_loader: Loading module /system/lib/modules/btbcm.ko with args ''
[    5.023860] vkms: loading out-of-tree module taints kernel.
[    5.026847] dlkm_loader: Loaded kernel module /system/lib/modules/btbcm.ko
[    5.027067] dlkm_loader: Loading module /vendor/lib/modules/btusb.ko with args ''
[    5.027800] init: Service 'exec 3 (/vendor/bin/modprobe -d /vendor/lib/modules vkms.ko create_default_dev=0)' (pid 392) exited with status 0 waiting took 0.049000 seconds
[    5.028143] init: Sending SIGKILL to service 'exec 3 (/vendor/bin/modprobe -d /vendor/lib/modules vkms.ko create_default_dev=0)' (pid 392) process group...
[    5.028625] libprocessgroup: Removed cgroup /sys/fs/cgroup/system/uid_0/pid_392
[    5.029011] init: processing action (early-init) from (/vendor/etc/init/init.cutf_cvm.rc:132)
[    5.031561] init: processing action (early-init) from (/vendor/etc/init/init.cutf_cvm.rc:135)
[    5.035529] init: Command 'setprop ro.vendor.cuttlefish_service_bluetooth_checker ${ro.boot.cuttlefish_service_bluetooth_checker}' action=early-init (/vendor/etc/init/init.cutf_cvm.rc:136) took 0ms and failed: property 'ro.boot.cuttlefish_service_bluetooth_checker' doesn't exist while expanding '${ro.boot.cuttlefish_service_bluetooth_checker}'
[    5.035850] usbcore: registered new interface driver btusb
[    5.037294] init: processing action (early-init) from (/vendor/etc/init/init_graphics.vendor.rc:1)
[    5.038792] dlkm_loader: Loaded kernel module /vendor/lib/modules/btusb.ko
[    5.039232] dlkm_loader: Loading module /vendor/lib/modules/dummy-cpufreq.ko with args ''
[    5.042971] init: Command 'setprop ro.vendor.hwcomposer.mode ${ro.boot.hardware.hwcomposer.mode}' action=early-init (/vendor/etc/init/init_graphics.vendor.rc:11) took 0ms and failed: property 'ro.boot.hardware.hwcomposer.mode' doesn't exist while expanding '${ro.boot.hardware.hwcomposer.mode}'
[    5.043399] dlkm_loader: Loaded kernel module /vendor/lib/modules/dummy-cpufreq.ko
[    5.046944] dlkm_loader: Loading module /vendor/lib/modules/dummy_hcd.ko with args ''
[    5.048781] init: Command 'setprop debug.hwui.renderer ${ro.boot.hardware.guest_hwui_renderer}' action=early-init (/vendor/etc/init/init_graphics.vendor.rc:17) took 0ms and failed: property 'ro.boot.hardware.guest_hwui_renderer' doesn't exist while expanding '${ro.boot.hardware.guest_hwui_renderer}'
[    5.049251] dummy_hcd dummy_hcd.0: USB Host+Gadget Emulator, driver 02 May 2005
[    5.050821] init: Command 'setprop ro.zygote.disable_gl_preload ${ro.boot.hardware.guest_disable_renderer_preload}' action=early-init (/vendor/etc/init/init_graphics.vendor.rc:18) took 0ms and failed: property 'ro.boot.hardware.guest_disable_renderer_preload' doesn't exist while expanding '${ro.boot.hardware.guest_disable_renderer_preload}'
[    5.052134] dummy_hcd dummy_hcd.0: Dummy host controller
[    5.054060] init: processing action (ConnectEarlyStageSnapuserd) from (<Builtin Action>:0)
[    5.054237] dummy_hcd dummy_hcd.0: new USB bus registered, assigned bus number 1
[    5.055252] init: processing action (wait_for_coldboot_done) from (<Builtin Action>:0)
[    5.057789] usb usb1: New USB device found, idVendor=1d6b, idProduct=0002, bcdDevice= 6.12
[    5.057794] usb usb1: New USB device strings: Mfr=3, Product=2, SerialNumber=1
[    5.057796] usb usb1: Product: Dummy host controller
[    5.057799] usb usb1: Manufacturer: Linux 6.12.74-android16-6-g3ec022196c4e-ab15076761 dummy_hcd
[    5.057801] usb usb1: SerialNumber: dummy_hcd.0
[    5.060350] hub 1-0:1.0: USB hub found
[    5.060554] hub 1-0:1.0: 1 port detected
[    5.061995] init: start_waiting_for_property("ro.cold_boot_done", "true"): already set
[    5.063769] dlkm_loader: Loaded kernel module /vendor/lib/modules/dummy_hcd.ko
[    5.063774] init: processing action (CheckTradeInModeStatus) from (<Builtin Action>:0)
[    5.064295] init: processing action (SetMmapRndBits) from (<Builtin Action>:0)
[    5.064471] dlkm_loader: Loading module /vendor/lib/modules/goldfish_address_space.ko with args ''
[    5.065297] init: processing action (KeychordInit) from (<Builtin Action>:0)
[    5.069070] init: EVIOCSMASK not supported: Invalid argument
[    5.070770] dlkm_loader: Loaded kernel module /vendor/lib/modules/goldfish_address_space.ko
[    5.071143] dlkm_loader: Loading module /vendor/lib/modules/goldfish_battery.ko with args ''
[    5.073054] dlkm_loader: Loaded kernel module /vendor/lib/modules/goldfish_battery.ko
[    5.073713] dlkm_loader: Loading module /vendor/lib/modules/goldfish_pipe.ko with args ''
[    5.073980] init: processing action (init) from (/system/etc/init/hw/init.rc:116)
[    5.075007] dlkm_loader: Loaded kernel module /vendor/lib/modules/goldfish_pipe.ko
[    5.075384] dlkm_loader: Loading module /vendor/lib/modules/goldfish_sync.ko with args ''
[    5.080219] dlkm_loader: Loaded kernel module /vendor/lib/modules/goldfish_sync.ko
[    5.080814] dlkm_loader: Loading module /system/lib/modules/can-dev.ko with args ''
[    5.083513] init: Command 'write /dev/blkio/blkio.weight 1000' action=init (/system/etc/init/hw/init.rc:218) took 0ms and failed: Unable to write to file '/dev/blkio/blkio.weight': open() failed: Permission denied
[    5.084511] init: Command 'write /dev/blkio/background/blkio.weight 200' action=init (/system/etc/init/hw/init.rc:219) took 0ms and failed: Unable to write to file '/dev/blkio/background/blkio.weight': open() failed: Permission denied
[    5.085727] init: Command 'write /dev/blkio/blkio.group_idle 0' action=init (/system/etc/init/hw/init.rc:221) took 0ms and failed: Unable to write to file '/dev/blkio/blkio.group_idle': open() failed: Permission denied
[    5.087956] CAN device driver interface
[    5.088211] dlkm_loader: Loaded kernel module /system/lib/modules/can-dev.ko
[    5.088513] dlkm_loader: Loading module /vendor/lib/modules/gs_usb.ko with args ''
[    5.089852] usbcore: registered new interface driver gs_usb
[    5.090112] dlkm_loader: Loaded kernel module /vendor/lib/modules/gs_usb.ko
[    5.090524] dlkm_loader: Loading module /vendor/lib/modules/hci_vhci.ko with args ''
[    5.092643] dlkm_loader: Loaded kernel module /vendor/lib/modules/hci_vhci.ko
[    5.093128] dlkm_loader: Loading module /vendor/lib/modules/mt76.ko with args ''
[    5.093781] init: Command 'write /dev/blkio/background/blkio.group_idle 0' action=init (/system/etc/init/hw/init.rc:222) took 0ms and failed: Unable to write to file '/dev/blkio/background/blkio.group_idle': open() failed: Permission denied
[    5.106541] dlkm_loader: Loaded kernel module /vendor/lib/modules/mt76.ko
[    5.106779] dlkm_loader: Loading module /vendor/lib/modules/mt76-usb.ko with args ''
[    5.111953] dlkm_loader: Loaded kernel module /vendor/lib/modules/mt76-usb.ko
[    5.114782] dlkm_loader: Loading module /vendor/lib/modules/mt76x02-lib.ko with args ''
[    5.122874] init: Command 'write /dev/cpu_variant:${ro.bionic.arch} ${ro.bionic.cpu_variant}' action=init (/system/etc/init/hw/init.rc:438) took 0ms and failed: property 'ro.bionic.cpu_variant' doesn't exist while expanding '${ro.bionic.cpu_variant}'
[    5.123695] init: Command 'write /dev/cpu_variant:${ro.bionic.2nd_arch} ${ro.bionic.2nd_cpu_variant}' action=init (/system/etc/init/hw/init.rc:440) took 0ms and failed: property 'ro.bionic.2nd_arch' doesn't exist while expanding '/dev/cpu_variant:${ro.bionic.2nd_arch}'
[    5.124460] init: Command 'chmod 0444 /dev/cpu_variant:${ro.bionic.2nd_arch}' action=init (/system/etc/init/hw/init.rc:441) took 0ms and failed: property 'ro.bionic.2nd_arch' doesn't exist while expanding '/dev/cpu_variant:${ro.bionic.2nd_arch}'
[    5.125492] init: starting service 'logd'...
[    5.127021] init: Created socket '/dev/socket/logd', mode 666, user 1036, group 1036
[    5.127423] init: Created socket '/dev/socket/logdr', mode 666, user 1036, group 1036
[    5.127869] init: Created socket '/dev/socket/logdw', mode 222, user 1036, group 1036
[    5.129799] libprocessgroup: Created cgroup /sys/fs/cgroup/system/uid_1036
[    5.131653] libprocessgroup: Created cgroup /sys/fs/cgroup/system/uid_1036/pid_395
[    5.141654] dlkm_loader: Loaded kernel module /vendor/lib/modules/mt76x02-lib.ko
[    5.144414] dlkm_loader: Loading module /vendor/lib/modules/mt76x0-common.ko with args ''
[    5.147086] init: ... started service 'logd' has pid 395
[    5.147762] init: starting service 'lmkd'...
[    5.148129] init: Created socket '/dev/socket/lmkd', mode 660, user 1000, group 1000
[    5.151240] dlkm_loader: Loaded kernel module /vendor/lib/modules/mt76x0-common.ko
[    5.151671] dlkm_loader: Loading module /vendor/lib/modules/mt76x02-usb.ko with args ''
[    5.154181] dlkm_loader: Loaded kernel module /vendor/lib/modules/mt76x02-usb.ko
[    5.155047] dlkm_loader: Loading module /vendor/lib/modules/mt76x0u.ko with args ''
[    5.155339] libprocessgroup: Created cgroup /sys/fs/cgroup/system/uid_1069
[    5.158445] libprocessgroup: Created cgroup /sys/fs/cgroup/system/uid_1069/pid_396
[    5.158466] usbcore: registered new interface driver mt76x0u
[    5.160792] dlkm_loader: Loaded kernel module /vendor/lib/modules/mt76x0u.ko
[    5.161413] dlkm_loader: Loading module /vendor/lib/modules/mt76x2-common.ko with args ''
[    5.164309] init: ... started service 'lmkd' has pid 396
[    5.165710] init: starting service 'servicemanager'...
[    5.166422] dlkm_loader: Loaded kernel module /vendor/lib/modules/mt76x2-common.ko
[    5.167690] dlkm_loader: Loading module /vendor/lib/modules/mt76x2u.ko with args ''
[    5.169571] libprocessgroup: Created cgroup /sys/fs/cgroup/system/uid_1000/pid_397
[    5.177473] usbcore: registered new interface driver mt76x2u
[    5.177834] dlkm_loader: Loaded kernel module /vendor/lib/modules/mt76x2u.ko
[    5.178293] dlkm_loader: Loading module /vendor/lib/modules/pulse8-cec.ko with args ''
[    5.182458] dlkm_loader: Loaded kernel module /vendor/lib/modules/pulse8-cec.ko
[    5.186570] dlkm_loader: Loading module /vendor/lib/modules/rtc-test.ko with args ''
[    5.187792] init: ... started service 'servicemanager' has pid 397
[    5.188266] rtc-test rtc-test.0: registered as rtc1
[    5.192118] rtc-test rtc-test.1: registered as rtc2
[    5.192762] rtc-test rtc-test.2: registered as rtc3
[    5.196768] dlkm_loader: Loaded kernel module /vendor/lib/modules/rtc-test.ko
[    5.197232] dlkm_loader: module snd_aloop is blocklisted
[    5.197808] dlkm_loader: LoadWithAliases was unable to load snd_aloop, tried: snd_aloop
[    5.198225] dlkm_loader: Loading module /vendor/lib/modules/system_heap.ko with args ''
[    5.199723] init: starting service 'hwservicemanager'...
[    5.203097] libprocessgroup: Created cgroup /sys/fs/cgroup/system/uid_1000/pid_398
[    5.211503] dlkm_loader: Loaded kernel module /vendor/lib/modules/system_heap.ko
[    5.211964] dlkm_loader: Loading module /vendor/lib/modules/test_meminit.ko with args ''
[    5.222960] init: ... started service 'hwservicemanager' has pid 398
[    5.223233] init: Command 'start vndservicemanager' action=init (/system/etc/init/hw/init.rc:466) took 0ms and failed: service vndservicemanager not found
[    5.233898] init: processing action (ro.debuggable=1 && init) from (/system/etc/init/hw/init.rc:1306)
[    5.246868] init: starting service 'console'...
[    5.256188] libprocessgroup: Created cgroup /sys/fs/cgroup/system/uid_2000
[    5.258067] libprocessgroup: Created cgroup /sys/fs/cgroup/system/uid_2000/pid_404
[    5.262895] init: ... started service 'console' has pid 404
[    5.263154] init: processing action (ro.product.cpu.abilist64=* && init) from (/system/etc/init/hw/init.boringssl.zygote64.rc:1)
[    5.263643] init: starting service 'boringssl_self_test64'...
[    5.265181] libprocessgroup: Created cgroup /sys/fs/cgroup/system/uid_9999
[    5.266806] libprocessgroup: Created cgroup /sys/fs/cgroup/system/uid_9999/pid_406
[    5.269115] init: ... started service 'boringssl_self_test64' has pid 406
[    5.273594] init: SVC_EXEC service 'boringssl_self_test64' pid 406 (uid 9999 gid 0+0 context default) started; waiting...
[    5.278910] servicemanager: Starting sm instance on /dev/binder
[    5.282457] SELinux: Multiple same specifications for android.hardware.secure_element.ISecureElement/eSE1.
[    5.283987] SELinux: SELinux: Loaded service context from:
[    5.284183] SELinux: 		/system/etc/selinux/plat_service_contexts
[    5.284392] SELinux: 		/system_ext/etc/selinux/system_ext_service_contexts
[    5.284618] SELinux: 		/product/etc/selinux/product_service_contexts
[    5.284846] SELinux: 		/vendor/etc/selinux/vendor_service_contexts
[    5.285461] SELinux: 		/odm/etc/selinux/odm_service_contexts
[    5.330014] init: Service 'console' (pid 404) exited with status 0
[    5.336582] init: Sending SIGKILL to service 'console' (pid 404) process group...
[    5.346284] test_meminit: all 11 tests in test_pages passed
[    5.347203] libprocessgroup: Removed cgroup /sys/fs/cgroup/system/uid_2000/pid_404
[    5.348955] logd: libprocessgroup: A JoinCgroup action in the SystemMemoryProcess profile is used for controller memory in the cgroup v2 hierarchy and will be ignored
[    5.350664] init: Service 'boringssl_self_test64' (pid 406) exited with status 0 waiting took 0.085000 seconds
[    5.351025] init: Sending SIGKILL to service 'boringssl_self_test64' (pid 406) process group...
[    5.351508] libprocessgroup: Removed cgroup /sys/fs/cgroup/system/uid_9999/pid_406
[    5.352134] init: processing action (ro.board.api_level=202604 && init) from (/system/etc/init/android.system.suspend-service.rc:7)
[    5.352607] init: processing action (init) from (/system/etc/init/audioserver.rc:66)
[    5.353154] init: processing action (init) from (/system/etc/init/perfetto.rc:163)
[    5.356377] init: processing action (init) from (/vendor/etc/init/init.cutf_cvm.rc:23)
[    5.357793] test_meminit: all 40 tests in test_kvmalloc passed
[    5.372591] init: processing action (init) from (/apex/com.google.cf.vulkan/etc/com.google.cf.vulkan.rc:4)
[    5.375289] init: processing action (CopyRollbackLogs) from (<Builtin Action>:0)
[    5.376101] init: processing action (late-init) from (/system/etc/init/hw/init.rc:518)
[    5.377974] init: processing action (late-init) from (/system/etc/init/atrace.rc:3)
[    5.384618] logd.auditd: start
[    5.384833] logd.klogd: 5362483466
[    5.410996] init: processing action (ro.boot.fastboot.boottrace= && late-init) from (/system/etc/init/atrace.rc:309)
[    5.416482] logd: Loaded bug_map file: /system_ext/etc/selinux/bug_map
[    5.418148] init: processing action (ro.boot.hypervisor.vm.supported=1 && late-init) from (/system/etc/init/atrace.rc:316)
[    5.423802] logd: Loaded bug_map file: /vendor/etc/selinux/selinux_denial_metadata
[    5.424692] init: processing action (queue_property_triggers) from (<Builtin Action>:0)
[    5.425727] logd: Loaded bug_map file: /system/etc/selinux/bug_map
[    5.428193] init: processing action (early-fs) from (/system/etc/init/hw/init.rc:551)
[    5.430777] init: starting service 'vold'...
[    5.433247] libprocessgroup: Created cgroup /sys/fs/cgroup/system/uid_0/pid_410
[    5.448007] init: ... started service 'vold' has pid 410
[    5.449071] init: processing action (fs) from (/system/etc/init/logd.rc:29)
[    5.451695] init: processing action (fs) from (/system/etc/init/wifi.rc:25)
[    5.453128] init: processing action (fs) from (/vendor/etc/init/init.cutf_cvm.rc:48)
[    5.467724] init: [libfs_mgr] Invalid ext4 superblock on '/dev/block/by-name/metadata'
[    5.471039] init: [libfs_mgr] mount_with_alternatives(): skipping mount due to invalid magic, mountpoint=/metadata blk_dev=/dev/block/vda6 rec[7].fs_type=ext4
[    5.474628] init: [libfs_mgr] Invalid ext4 superblock on '/dev/block/by-name/metadata'
[    5.478456] init: [libfs_mgr] mount_with_alternatives(): skipping mount due to invalid magic, mountpoint=/metadata blk_dev=/dev/block/vda6 rec[8].fs_type=ext4
[    5.484131] init: [libfs_mgr] fs_mgr_mount_all(): /dev/block/vda6 is wiped and /metadata ext4 is formattable. Format it.
[    5.484722] init: [libfs_mgr] fs_mgr_do_format: Format /dev/block/by-name/metadata as 'ext4'
[    5.494258] type=2000 audit(1790859824.102:1): state=initialized audit_enabled=1 res=1
[    5.497408] type=1403 audit(1790859827.075:2): auid=4294967295 ses=4294967295 lsm=selinux res=1
[    5.498189] type=1300 audit(1790859827.075:2): arch=c000003e syscall=1 success=yes exit=911737 a0=4 a1=7fc99a8b4680 a2=de979 a3=0 items=0 ppid=0 auid=4294967295 uid=0 gid=0 euid=0 suid=0 fsuid=0 egid=0 sgid=0 fsgid=0 tty=(none) ses=4294967295 comm="init" exe="/system/bin/init" subj=u:r:kernel:s0 key=(null)
[    5.502116] type=1327 audit(1790859827.075:2): proctitle=2F73797374656D2F62696E2F696E69740073656C696E75785F7365747570
[    5.502644] type=1320 audit(1790859827.075:2): 
[    5.502870] type=1404 audit(1790859827.119:3): enforcing=1 old_enforcing=0 auid=4294967295 ses=4294967295 enabled=1 old-enabled=1 lsm=selinux res=1
[    5.506000] type=1300 audit(1790859827.119:3): arch=c000003e syscall=1 success=yes exit=1 a0=4 a1=7ffc2c8fd2a0 a2=1 a3=0 items=0 ppid=0 auid=4294967295 uid=0 gid=0 euid=0 suid=0 fsuid=0 egid=0 sgid=0 fsgid=0 tty=(none) ses=4294967295 comm="init" exe="/system/bin/init" subj=u:r:kernel:s0 key=(null)
[    5.507058] type=1327 audit(1790859827.119:3): proctitle=2F73797374656D2F62696E2F696E69740073656C696E75785F7365747570
[    5.507324] type=1320 audit(1790859827.119:3): 
[    5.510624] type=1305 audit(1790859829.243:4): op=set audit_pid=395 old=0 auid=4294967295 ses=4294967295 subj=u:r:logd:s0 res=1
[    5.513522] type=1300 audit(1790859829.243:4): arch=c000003e syscall=44 success=yes exit=60 a0=9 a1=7fff6a9af4e0 a2=3c a3=0 items=0 ppid=1 auid=4294967295 uid=1036 gid=1036 euid=1036 suid=1036 fsuid=1036 egid=1036 sgid=1036 fsgid=1036 tty=(none) ses=4294967295 comm="logd" exe="/system/bin/logd" subj=u:r:logd:s0 key=(null)
[    5.514067] type=1327 audit(1790859829.243:4): proctitle="/system/bin/logd"
[    5.516883] type=1320 audit(1790859829.243:4): 
[    5.544207] mke2fs: mke2fs 1.47.2 (1-Jan-2025)
[    5.643930] mke2fs: Discarding device blocks:     0/16384           done                            
[    5.647084] mke2fs: Creating filesystem with 16384 4k blocks and 16384 inodes
[    5.647457] mke2fs: 
[    5.647577] mke2fs: Allocating group tables: 0/1   done                            
[    5.648258] mke2fs: Writing inode tables: 0/1   done                            
[    5.650310] mke2fs: Creating journal (1024 blocks): done
[    5.656991] mke2fs: Writing superblocks and filesystem accounting information: 0/1   done
[    5.659296] mke2fs: 
[    5.677825] hw-ProcessState: HwBinder is not supported on this device but this process is calling setThreadPoolConfiguration
[    5.681106] libbinder.BackendUnifiedServiceManager: Thread Pool max thread count is 0. Cannot cache binder as linkToDeath cannot be implemented. serviceName: vold
[    5.683176] servicemanager: getDeviceHalManifest: Reading VINTF information.
[    5.689070] servicemanager: Loaded APEX Infos from /apex/apex-info-list.xml
[    5.698814] servicemanager: Loaded APEX Infos from /apex/apex-info-list.xml
[    5.700809] servicemanager: getDeviceHalManifest: Successfully processed VINTF information
[    5.701105] servicemanager: getFrameworkHalManifest: Reading VINTF information.
[    5.704602] servicemanager: Loaded APEX Infos from /apex/apex-info-list.xml
[    5.705619] servicemanager: getFrameworkHalManifest: Successfully processed VINTF information
[    5.707875] servicemanager: Caller(pid=410,uid=0,sid=u:r:vold:s0) Found android.system.vold.IVold/default in framework VINTF manifest.
[    5.709674] servicemanager: Caller(pid=410,uid=0,sid=u:r:vold:s0) Found android.system.vold.IVold/default in framework VINTF manifest.
[    5.734356] e2fsdroid: Created filesystem with 11/16384 inodes and 3081/16384 blocks
[    5.750607] init: [libfs_mgr] superblock s_max_mnt_count:65535,/dev/block/by-name/metadata
[    5.762831] init: [libfs_mgr] check_fs(): mount(/dev/block/by-name/metadata,/metadata,ext4)=0: Success
[    5.774212] init: [libfs_mgr] umount_retry(): unmount(/metadata) succeeded
[    5.775605] init: [libfs_mgr] Running /system/bin/e2fsck on /dev/block/vda6
[    5.854592] e2fsck: /dev/block/by-name/metadata: clean, 11/16384 files, 3081/16384 blocks
[    5.855276] init: [libfs_mgr] fsck on /metadata took 104ms
[    5.856973] init: [libfs_mgr] superblock s_max_mnt_count:65535,/dev/block/by-name/metadata
[    5.860735] init: [libfs_mgr] Enabling ext4 verity on /dev/block/by-name/metadata
[    5.908315] tune2fs: tune2fs 1.47.2 (1-Jan-2025)
[    5.931132] init: [libfs_mgr] __mount(source=/dev/block/by-name/metadata,target=/metadata,type=ext4)=0: Success
[    5.937635] init: [libfs_mgr] mount_with_alternatives(): skipping fstab dup mountpoint=/metadata rec[8].fs_type=ext4 already mounted as ext4
[    5.944674] virtio-fs: tag <shared> not found
[    5.945546] init: [libfs_mgr] __mount(source=shared,target=/mnt/vendor/shared,type=virtiofs)=-1: Invalid argument
[    5.946633] init: [libfs_mgr] fsck on /mnt/vendor/shared took 0ms
[    5.946876] virtio-fs: tag <shared> not found
[    5.947055] init: [libfs_mgr] __mount(source=shared,target=/mnt/vendor/shared,type=virtiofs)=-1: Invalid argument
[    5.947400] init: [libfs_mgr] Ignoring failure to mount an un-encryptable, interrupted, or wiped partition on shared at /mnt/vendor/shared options: : No such file or directory
[    5.952009] init: Command 'mount_all --early' action=fs (/vendor/etc/init/init.cutf_cvm.rc:52) took 497ms and succeeded
[    5.968469] init: processing action (post-fs) from (/system/etc/init/hw/init.rc:555)
[    5.970889] init: starting service 'exec 4 (/system/bin/vdc checkpoint markBootAttempt)'...
[    5.974013] libprocessgroup: Created cgroup /sys/fs/cgroup/system/uid_1000/pid_425
[    5.979191] init: ... started service 'exec 4 (/system/bin/vdc checkpoint markBootAttempt)' has pid 425
[    5.979564] init: SVC_EXEC service 'exec 4 (/system/bin/vdc checkpoint markBootAttempt)' pid 425 (uid 1000 gid 1000+0 context default) started; waiting...
[    6.019425] libbinder.BackendUnifiedServiceManager: Thread Pool max thread count is 0. Cannot cache binder as linkToDeath cannot be implemented. serviceName: vold
[    6.021245] init: Service 'exec 4 (/system/bin/vdc checkpoint markBootAttempt)' (pid 425) exited with status 0 waiting took 0.047000 seconds
[    6.023166] init: Sending SIGKILL to service 'exec 4 (/system/bin/vdc checkpoint markBootAttempt)' (pid 425) process group...
[    6.025917] libprocessgroup: Removed cgroup /sys/fs/cgroup/system/uid_1000/pid_425
[    6.036740] init: Command 'chown system cache /cache' action=post-fs (/system/etc/init/hw/init.rc:571) took 0ms and failed: lchown() failed: Read-only file system
[    6.037859] init: Command 'chmod 0770 /cache' action=post-fs (/system/etc/init/hw/init.rc:572) took 0ms and failed: fchmodat() failed: Read-only file system
[    6.059296] init: processing action (post-fs) from (/system/etc/init/aconfigd.rc:33)
[    6.062718] init: starting service 'system_aconfigd_platform_init'...
[    6.066815] libprocessgroup: Created cgroup /sys/fs/cgroup/system/uid_1000/pid_426
[    6.079508] init: ... started service 'system_aconfigd_platform_init' has pid 426
[    6.079798] init: SVC_EXEC service 'system_aconfigd_platform_init' pid 426 (uid 1000 gid 1000+0 context default) started; waiting...
[    6.239369] init: Service 'system_aconfigd_platform_init' (pid 426) exited with status 0 waiting took 0.172000 seconds
[    6.241691] init: Sending SIGKILL to service 'system_aconfigd_platform_init' (pid 426) process group...
[    6.242106] libprocessgroup: Removed cgroup /sys/fs/cgroup/system/uid_1000/pid_426
[    6.261953] init: processing action (post-fs) from (/system/etc/init/atrace_userdebug.rc:7)
[    6.282276] init: processing action (post-fs) from (/system/etc/init/gsid.rc:8)
[    6.299805] init: processing action (post-fs) from (/system/etc/init/recovery-refresh.rc:1)
[    6.301159] init: starting service 'exec 5 (/system/bin/recovery-refresh)'...
[    6.305359] libprocessgroup: Created cgroup /sys/fs/cgroup/system/uid_1000/pid_427
[    6.312647] init: ... started service 'exec 5 (/system/bin/recovery-refresh)' has pid 427
[    6.332682] init: processing action (late-fs) from (/system/etc/init/hw/init.rc:635)
[    6.342729] init: starting service 'system_suspend'...
[    6.346239] libprocessgroup: Created cgroup /sys/fs/cgroup/system/uid_1000/pid_428
[    6.380503] init: ... started service 'system_suspend' has pid 428
[    6.381016] init: starting service 'keystore2'...
[    6.383259] libprocessgroup: Created cgroup /sys/fs/cgroup/system/uid_1017
[    6.388587] libprocessgroup: Created cgroup /sys/fs/cgroup/system/uid_1017/pid_429
[    6.409676] init: ... started service 'keystore2' has pid 429
[    6.412578] init: starting service 'suspend_blocker'...
[    6.436775] libprocessgroup: Created cgroup /sys/fs/cgroup/system/uid_0/pid_430
[    6.449132] init: ... started service 'suspend_blocker' has pid 430
[    6.450774] init: starting service 'vendor.boot-default'...
[    6.457047] libprocessgroup: Created cgroup /sys/fs/cgroup/system/uid_0/pid_431
[    6.467889] servicemanager: Caller(pid=428,uid=1000,sid=u:r:system_suspend:s0) Found android.system.suspend.ISystemSuspend/default in framework VINTF manifest.
[    6.468745] init: ... started service 'vendor.boot-default' has pid 431
[    6.471697] init: starting service 'vendor.gatekeeper_nonsecure'...
[    6.479534] libprocessgroup: Created cgroup /sys/fs/cgroup/system/uid_1000/pid_434
[    6.495140] init: ... started service 'vendor.gatekeeper_nonsecure' has pid 434
[    6.497234] init: starting service 'vendor.keymint-default'...
[    6.518672] libprocessgroup: Created cgroup /sys/fs/cgroup/system/uid_9999/pid_435
[    6.540230] servicemanager: Caller(pid=430,uid=0,sid=u:r:suspend_blocker:s0) Found android.system.suspend.ISystemSuspend/default in framework VINTF manifest.
[    6.563295] init: ... started service 'vendor.keymint-default' has pid 435
[    6.564436] init: Command 'class_start early_hal' action=late-fs (/system/etc/init/hw/init.rc:642) took 226ms and succeeded
[    6.567418] init: Service 'exec 5 (/system/bin/recovery-refresh)' (pid 427) exited with status 254 oneshot service took 0.262000 seconds in background
[    6.568006] init: Sending SIGKILL to service 'exec 5 (/system/bin/recovery-refresh)' (pid 427) process group...
[    6.568639] libprocessgroup: Removed cgroup /sys/fs/cgroup/system/uid_1000/pid_427
[    6.569051] init: processing action (late-fs) from (/system/etc/init/hw/init.rc:649)
[    6.574765] init: processing action (late-fs) from (/vendor/etc/init/init.cutf_cvm.rc:71)
[    6.582304] android.hardware.boot-service.default: [libfstab] Using Android DT directory /proc/device-tree/firmware/android/
[    6.586799] init: Calling: /system/bin/vdc checkpoint needsCheckpoint
[    6.613047] servicemanager: Caller(pid=431,uid=0,sid=u:r:hal_bootctl_default:s0) Found android.hardware.boot.IBootControl/default in device VINTF manifest.
[    6.613746] libbinder.BackendUnifiedServiceManager: Thread Pool max thread count is 0. Cannot cache binder as linkToDeath cannot be implemented. serviceName: android.hardware.boot.IBootControl/default
[    6.615341] android.hardware.boot-service.default: IBootControl AIDL service running...
[    6.635041] libbinder.BackendUnifiedServiceManager: Thread Pool max thread count is 0. Cannot cache binder as linkToDeath cannot be implemented. serviceName: vold
[    6.637659] servicemanager: Caller(pid=410,uid=0,sid=u:r:vold:s0) Found android.hardware.boot.IBootControl/default in device VINTF manifest.
[    6.645581] servicemanager: Caller(pid=434,uid=1000,sid=u:r:hal_gatekeeper_default:s0) Found android.hardware.security.sharedsecret.ISharedSecret/gatekeeper in device VINTF manifest.
[    6.647123] libbinder.BackendUnifiedServiceManager: Thread Pool max thread count is 0. Cannot cache binder as linkToDeath cannot be implemented. serviceName: android.hardware.security.sharedsecret.ISharedSecret/gatekeeper
[    6.667909] vdc: vdc terminated by exit(1)
[    6.670828] vdc: 
[    6.675258] servicemanager: Caller(pid=434,uid=1000,sid=u:r:hal_gatekeeper_default:s0) Found android.hardware.gatekeeper.IGatekeeper/default in device VINTF manifest.
[    6.677066] init: [libfs_mgr] Running /system/bin/fsck.f2fs -a -c 10000 --debug-cache /dev/block/by-name/userdata
[    6.686707] libbinder.BackendUnifiedServiceManager: Thread Pool max thread count is 0. Cannot cache binder as linkToDeath cannot be implemented. serviceName: android.hardware.gatekeeper.IGatekeeper/default
[    6.706965] servicemanager: Caller(pid=435,uid=9999,sid=u:r:hal_keymint_default:s0) Found android.hardware.security.keymint.IKeyMintDevice/default in device VINTF manifest.
[    6.710256] servicemanager: Caller(pid=435,uid=9999,sid=u:r:hal_keymint_default:s0) Found android.hardware.security.keymint.IRemotelyProvisionedComponent/default in device VINTF manifest.
[    6.713614] servicemanager: Caller(pid=435,uid=9999,sid=u:r:hal_keymint_default:s0) Found android.hardware.security.secureclock.ISecureClock/default in device VINTF manifest.
[    6.714560] servicemanager: Caller(pid=435,uid=9999,sid=u:r:hal_keymint_default:s0) Found android.hardware.security.sharedsecret.ISharedSecret/default in device VINTF manifest.
[    6.726580] fsck.f2fs: Info: Automatic fix mode enabled.
[    6.728275] fsck.f2fs: Info: not exist /proc/version!
[    6.728511] fsck.f2fs: Info: MKFS version
[    6.728617] fsck.f2fs:   "6.17.0-1008-gcp"
[    6.728742] fsck.f2fs: Info: FSCK version
[    6.728871] fsck.f2fs:   from "6.17.0-1008-gcp"
[    6.729729] fsck.f2fs:     to "6.12.74-android16-6-g3ec022196c4e-ab15076761"
[    6.729974] fsck.f2fs: Info: superblock features = 3499 :  encrypt extra_attr project_quota quota verity casefold compression
[    6.730320] fsck.f2fs: Info: superblock encrypt level = 0, salt = 00000000000000000000000000000000
[    6.733289] fsck.f2fs: Info: Segments per section = 1
[    6.733492] fsck.f2fs: Info: Sections per zone = 1
[    6.734094] fsck.f2fs: Info: total FS sectors = 16777216 (8192 MB)
[    6.734300] fsck.f2fs: Info: CKPT version = 58a5b2ab
[    6.736413] fsck.f2fs: Info: Casefold: linear_lookup [disable]
[    6.736669] fsck.f2fs: Info: version timestamp cur: 0, prev: 0
[    6.737350] fsck.f2fs: [update_superblock: 935] Info: Done to update superblock
[    6.737658] fsck.f2fs: Info: checkpoint state = 81 :  nat_bits unmount
[    6.737865] fsck.f2fs: Info: No error was reported
[    6.738701] fsck.f2fs: 
[    6.739420] fsck.f2fs: c, u, RA, CH, CM, Repl=
[    6.739695] fsck.f2fs: 10000 10 10 0 10 0
[    6.740901] init: [libfs_mgr] fsck on /data took 63ms
[    6.741146] init: Mount point /dev/block/by-name/userdata @ /data uses metadata encryption, which means we need to unmount it later and call encryptFstab/encrypt_inplace. To avoid file operations before encryption, we will mount it as read-only first
[    6.743226] F2FS-fs (vda9): Using encoding defined by superblock: utf8-12.1.0 with flags 0x2
[    6.757244] F2FS-fs (vda9): checkpoint=disable on readonly fs
[    6.780799] android.hardware.gatekeeper-service.nonsecure: Presented shared secret parameters with seed size 32 and nonce size 32
[    6.784279] servicemanager: Caller(pid=429,uid=1017,sid=u:r:keystore:s0) Found android.system.keystore2.IKeystoreService/default in framework VINTF manifest.
[    6.788401] android.hardware.gatekeeper-service.nonsecure: Computing shared secret
[    6.791478] init: [libfs_mgr] Kernel does not support ,nodiscard,checkpoint=disable:0%, trying without.: Invalid argument
[    6.793233] F2FS-fs (vda9): Using encoding defined by superblock: utf8-12.1.0 with flags 0x2
[    6.800569] F2FS-fs (vda9): checkpoint=disable on readonly fs
[    6.823365] init: [libfs_mgr] Kernel does not support ,nodiscard,checkpoint=disable, trying without.: Invalid argument
[    6.824999] F2FS-fs (vda9): Using encoding defined by superblock: utf8-12.1.0 with flags 0x2
[    6.833322] F2FS-fs (vda9): Mounted with checkpoint version = 58a5b2ab
[    6.833572] init: [libfs_mgr] __mount(source=/dev/block/by-name/userdata,target=/data,type=f2fs)=0: Success
[    6.834179] init: [libfs_mgr] mount_with_alternatives(): skipping fstab dup mountpoint=/data rec[6].fs_type=ext4 already mounted as f2fs
[    6.863337] init: [libfs_mgr] umount_retry(): unmount(/data) succeeded
[    6.866994] init: Calling: /system/bin/vdc cryptfs encryptFstab /dev/block/by-name/userdata /data false f2fs false 0  
[    6.893282] libbinder.BackendUnifiedServiceManager: Thread Pool max thread count is 0. Cannot cache binder as linkToDeath cannot be implemented. serviceName: vold
[    6.938201] vold: keystore2 Keystore generateKey returned service specific error: -67
[    6.939911] vold: Failed to generate rollback-resistant key.  This is expected if keystore doesn't support rollback resistance.  Falling back to non-rollback-resistant key.
[    7.204511] test_meminit: all 70 tests in test_kmemcache passed
[    7.386346] test_meminit: all 10 tests in test_rcu_persistent passed
[    7.393585] test_meminit: all 131 tests passed!
[    7.396523] dlkm_loader: Loaded kernel module /vendor/lib/modules/test_meminit.ko
[    7.397327] dlkm_loader: Loading module /vendor/lib/modules/usbip-core.ko with args ''
[    7.410237] dlkm_loader: Loaded kernel module /vendor/lib/modules/usbip-core.ko
[    7.410912] dlkm_loader: Loading module /vendor/lib/modules/v4l2-tpg.ko with args ''
[    7.414174] dlkm_loader: Loaded kernel module /vendor/lib/modules/v4l2-tpg.ko
[    7.414700] dlkm_loader: Loading module /vendor/lib/modules/v4l2loopback.ko with args ''
[    7.417334] v4l2loopback driver version 0.12.7 loaded
[    7.420103] dlkm_loader: Loaded kernel module /vendor/lib/modules/v4l2loopback.ko
[    7.420711] dlkm_loader: Loading module /vendor/lib/modules/vhci-hcd.ko with args ''
[    7.424120] vhci_hcd vhci_hcd.0: USB/IP Virtual Host Controller
[    7.425273] vhci_hcd vhci_hcd.0: new USB bus registered, assigned bus number 2
[    7.426314] vhci_hcd: created sysfs vhci_hcd.0
[    7.426844] usb usb2: New USB device found, idVendor=1d6b, idProduct=0002, bcdDevice= 6.12
[    7.427608] usb usb2: New USB device strings: Mfr=3, Product=2, SerialNumber=1
[    7.429291] usb usb2: Product: USB/IP Virtual Host Controller
[    7.429594] usb usb2: Manufacturer: Linux 6.12.74-android16-6-g3ec022196c4e-ab15076761 vhci_hcd
[    7.430335] usb usb2: SerialNumber: vhci_hcd.0
[    7.431816] hub 2-0:1.0: USB hub found
[    7.432022] hub 2-0:1.0: 8 ports detected
[    7.432829] vhci_hcd vhci_hcd.0: USB/IP Virtual Host Controller
[    7.433297] vhci_hcd vhci_hcd.0: new USB bus registered, assigned bus number 3
[    7.434550] usb usb3: We don't know the algorithms for LPM for this host, disabling LPM.
[    7.437097] usb usb3: New USB device found, idVendor=1d6b, idProduct=0003, bcdDevice= 6.12
[    7.437731] usb usb3: New USB device strings: Mfr=3, Product=2, SerialNumber=1
[    7.438093] usb usb3: Product: USB/IP Virtual Host Controller
[    7.439067] usb usb3: Manufacturer: Linux 6.12.74-android16-6-g3ec022196c4e-ab15076761 vhci_hcd
[    7.440028] usb usb3: SerialNumber: vhci_hcd.0
[    7.441212] hub 3-0:1.0: USB hub found
[    7.441421] hub 3-0:1.0: 8 ports detected
[    7.444564] dlkm_loader: Loaded kernel module /vendor/lib/modules/vhci-hcd.ko
[    7.445133] dlkm_loader: Loading module /vendor/lib/modules/virt_wifi.ko with args ''
[    7.449879] dlkm_loader: Loaded kernel module /vendor/lib/modules/virt_wifi.ko
[    7.452130] dlkm_loader: Loading module /vendor/lib/modules/virtio-media.ko with args ''
[    7.454887] dlkm_loader: Loaded kernel module /vendor/lib/modules/virtio-media.ko
[    7.455849] dlkm_loader: Loading module /vendor/lib/modules/virtio_pmem.ko with args ''
[    7.470716] nd_pmem namespace0.0: unable to guarantee persistence of writes
[    7.473666] nd_pmem namespace1.0: unable to guarantee persistence of writes
[    7.476825] dlkm_loader: Loaded kernel module /vendor/lib/modules/virtio_pmem.ko
[    7.478834] dlkm_loader: Loading module /vendor/lib/modules/virtio_snd.ko with args ''
[    7.492333] dlkm_loader: Loaded kernel module /vendor/lib/modules/virtio_snd.ko
[    7.492789] dlkm_loader: module vivid is blocklisted
[    7.493129] dlkm_loader: LoadWithAliases was unable to load vivid, tried: vivid
[    7.493540] dlkm_loader: module vkms is blocklisted
[    7.494194] dlkm_loader: LoadWithAliases was unable to load vkms, tried: vkms
[    7.494694] dlkm_loader: module load count is 34
[    7.921905] fsck.f2fs: Info: Automatic fix mode enabled.
[    7.923557] fsck.f2fs: Info: not exist /proc/version!
[    7.924303] fsck.f2fs: Info: MKFS version
[    7.924482] fsck.f2fs:   "6.17.0-1008-gcp"
[    7.924638] fsck.f2fs: Info: FSCK version
[    7.924770] fsck.f2fs:   from "6.12.74-android16-6-g3ec022196c4e-ab15076761"
[    7.925026] fsck.f2fs:     to "6.12.74-android16-6-g3ec022196c4e-ab15076761"
[    7.925484] fsck.f2fs: Info: superblock features = 3499 :  encrypt extra_attr project_quota quota verity casefold compression
[    7.926235] fsck.f2fs: Info: superblock encrypt level = 0, salt = 00000000000000000000000000000000
[    7.927233] fsck.f2fs: [update_superblock: 935] Info: Done to update superblock
[    7.927788] fsck.f2fs: Info: Segments per section = 1
[    7.928528] fsck.f2fs: Info: Sections per zone = 1
[    7.928652] fsck.f2fs: Info: total FS sectors = 2097152 (8192 MB)
[    7.929144] fsck.f2fs: Info: CKPT version = 58a5b2ab
[    7.929327] fsck.f2fs: Info: Casefold: linear_lookup [disable]
[    7.929678] fsck.f2fs: Info: version timestamp cur: 0, prev: 0
[    7.929924] fsck.f2fs: [update_superblock: 935] Info: Done to update superblock
[    7.930197] fsck.f2fs: Info: checkpoint state = 81 :  nat_bits unmount
[    7.930556] fsck.f2fs: Info: No error was reported
[    7.930846] fsck.f2fs: 
[    7.930942] fsck.f2fs: c, u, RA, CH, CM, Repl=
[    7.931101] fsck.f2fs: 10000 10 10 0 10 0
[    7.931583] init: Unable to set property 'ro.boottime.init.fsck.data' from uid:0 gid:0 pid:410: Read-only property was already set
[    7.932410] F2FS-fs (dm-17): Using encoding defined by superblock: utf8-12.1.0 with flags 0x2
[    7.941220] F2FS-fs (dm-17): Start checkpoint disabled!
[    7.943325] F2FS-fs (dm-17): f2fs_disable_checkpoint() finish, err:0
[    7.943763] F2FS-fs (dm-17): Mounted with checkpoint version = 58a5b2ac
[    7.944163] init: Unable to set property 'ro.boottime.init.mount.data' from uid:0 gid:0 pid:410: Read-only property was already set
[    7.945213] libbinder.Binder: Binder transaction to android.os.IVold, function: encryptFstab, code: 41, took 1047ms. Data bytes: 168 Reply bytes: 4 Flags: 48
[    7.953637] init: Command 'mount_all --late' action=late-fs (/vendor/etc/init/init.cutf_cvm.rc:73) took 1371ms and succeeded
[    7.954177] init: Service 'vendor.dlkm_loader' (pid 389) exited with status 0 oneshot service took 3.075000 seconds in background
[    7.954584] init: Sending SIGKILL to service 'vendor.dlkm_loader' (pid 389) process group...
[    7.955033] libprocessgroup: Removed cgroup /sys/fs/cgroup/system/uid_0/pid_389
[    7.958641] GUEST_BUILD_FINGERPRINT: generic/aosp_cf_x86_64_only_phone/vsoc_x86_64_only:17/CP2A.260605.016/16373615:userdebug/test-keys
[    7.958771] init: processing action (post-fs-data) from (/system/etc/init/hw/init.rc:663)
[    7.959569] init: starting service 'exec 6 (/system/bin/vdc checkpoint prepareCheckpoint)'...
[    7.960861] libprocessgroup: Created cgroup /sys/fs/cgroup/system/uid_1000/pid_460
[    7.961984] init: ... started service 'exec 6 (/system/bin/vdc checkpoint prepareCheckpoint)' has pid 460
[    7.963766] init: SVC_EXEC service 'exec 6 (/system/bin/vdc checkpoint prepareCheckpoint)' pid 460 (uid 1000 gid 1000+0 context default) started; waiting...
[    7.973863] libbinder.BackendUnifiedServiceManager: Thread Pool max thread count is 0. Cannot cache binder as linkToDeath cannot be implemented. serviceName: vold
[    7.976973] init: Service 'exec 6 (/system/bin/vdc checkpoint prepareCheckpoint)' (pid 460) exited with status 0 waiting took 0.016000 seconds
[    7.977442] init: Sending SIGKILL to service 'exec 6 (/system/bin/vdc checkpoint prepareCheckpoint)' (pid 460) process group...
[    7.978014] libprocessgroup: Removed cgroup /sys/fs/cgroup/system/uid_1000/pid_460
[    7.979505] init: starting service 'exec 7 (/system/bin/vdc --wait cryptfs enablefilecrypto)'...
[    7.980699] libprocessgroup: Created cgroup /sys/fs/cgroup/system/uid_0/pid_462
[    7.981886] init: ... started service 'exec 7 (/system/bin/vdc --wait cryptfs enablefilecrypto)' has pid 462
[    7.983869] init: SVC_EXEC service 'exec 7 (/system/bin/vdc --wait cryptfs enablefilecrypto)' pid 462 (uid 0 gid 0+0 context default) started; waiting...
[    7.994734] libbinder.BackendUnifiedServiceManager: Thread Pool max thread count is 0. Cannot cache binder as linkToDeath cannot be implemented. serviceName: vold
[    7.996967] vold: keystore2 Keystore generateKey returned service specific error: -67
[    7.997276] vold: Failed to generate rollback-resistant key.  This is expected if keystore doesn't support rollback resistance.  Falling back to non-rollback-resistant key.
[    8.000718] init: Service 'exec 7 (/system/bin/vdc --wait cryptfs enablefilecrypto)' (pid 462) exited with status 0 waiting took 0.020000 seconds
[    8.001139] init: Sending SIGKILL to service 'exec 7 (/system/bin/vdc --wait cryptfs enablefilecrypto)' (pid 462) process group...
[    8.001625] libprocessgroup: Removed cgroup /sys/fs/cgroup/system/uid_0/pid_462
[    8.002200] init: Encryption policy of /data/bootchart set to 9ff948f8a1a7c366e95a011061be821e v2 modes 1/10 flags 0xa
[    8.002915] fscrypt: AES-256-HCTR2 using implementation "hctr2_base(xctr-aes-aesni,polyval-clmulni)"
[    8.003190] init: Command 'copy /data/system/entropy.dat /dev/urandom' action=post-fs-data (/system/etc/init/hw/init.rc:683) took 0ms and failed: Could not read input file '/data/system/entropy.dat': open() failed: No such file or directory
[    8.003942] init: Encryption policy of /data/vendor set to 9ff948f8a1a7c366e95a011061be821e v2 modes 1/10 flags 0xa
[    8.004582] init: Encryption policy of /data/anr set to 9ff948f8a1a7c366e95a011061be821e v2 modes 1/10 flags 0xa
[    8.005048] init: Encryption policy of /data/tombstones set to 9ff948f8a1a7c366e95a011061be821e v2 modes 1/10 flags 0xa
[    8.005723] init: starting service 'tombstoned'...
[    8.006066] init: Created socket '/dev/socket/tombstoned_crash', mode 666, user 1000, group 1000
[    8.006591] init: Created socket '/dev/socket/tombstoned_intercept', mode 666, user 1000, group 1000
[    8.007102] init: Created socket '/dev/socket/tombstoned_java_trace', mode 666, user 1000, group 1000
[    8.008292] libprocessgroup: Created cgroup /sys/fs/cgroup/system/uid_1058
[    8.009308] libprocessgroup: Created cgroup /sys/fs/cgroup/system/uid_1058/pid_466
[    8.010916] init: ... started service 'tombstoned' has pid 466
[    8.011201] init: Command 'enter_default_mount_ns' action=post-fs-data (/system/etc/init/hw/init.rc:696) took 0ms and failed: Failed to switch to default mount namespace.: Invalid argument
[    8.013036] init: Encryption policy of /data/misc set to 9ff948f8a1a7c366e95a011061be821e v2 modes 1/10 flags 0xa
[    8.014005] init: starting service 'exec 8 (/system/bin/vdc keymaster earlyBootEnded)'...
[    8.015327] libprocessgroup: Created cgroup /sys/fs/cgroup/system/uid_1000/pid_467
[    8.018444] init: ... started service 'exec 8 (/system/bin/vdc keymaster earlyBootEnded)' has pid 467
[    8.019096] init: SVC_EXEC service 'exec 8 (/system/bin/vdc keymaster earlyBootEnded)' pid 467 (uid 1000 gid 1000+0 context default) started; waiting...
[    8.032714] libbinder.BackendUnifiedServiceManager: Thread Pool max thread count is 0. Cannot cache binder as linkToDeath cannot be implemented. serviceName: vold
[    8.040710] fscrypt: AES-256-XTS using blk-crypto-fallback
[    8.049548] init: Service 'exec 8 (/system/bin/vdc keymaster earlyBootEnded)' (pid 467) exited with status 0 waiting took 0.034000 seconds
[    8.049918] init: Sending SIGKILL to service 'exec 8 (/system/bin/vdc keymaster earlyBootEnded)' (pid 467) process group...
[    8.050518] libprocessgroup: Removed cgroup /sys/fs/cgroup/system/uid_1000/pid_467
[    8.051135] init: Encryption policy of /data/property set to 9ff948f8a1a7c366e95a011061be821e v2 modes 1/10 flags 0xa
[    8.051771] init: Could not load single persistent property file, trying legacy directory: Unable to read persistent property file: open() failed: No such file or directory
[    8.052719] init: Wait for property 'ro.persistent_properties.ready=true' took 1ms
[    8.053086] init: starting service 'logd-reinit'...
[    8.054950] libprocessgroup: Created cgroup /sys/fs/cgroup/system/uid_1036/pid_470
[    8.056602] init: ... started service 'logd-reinit' has pid 470
[    8.058747] init: Not setting encryption policy on: /data/apex
[    8.059843] init: Encryption policy of /data/apex/decompressed set to 9ff948f8a1a7c366e95a011061be821e v2 modes 1/10 flags 0xa
[    8.060700] init: Encryption policy of /data/app-staging set to 9ff948f8a1a7c366e95a011061be821e v2 modes 1/10 flags 0xa
[    8.062241] init: Encryption policy of /data/apex/ota_reserved set to 9ff948f8a1a7c366e95a011061be821e v2 modes 1/10 flags 0xa
[    8.063270] init: starting service 'apexd'...
[    8.065398] libprocessgroup: Created cgroup /sys/fs/cgroup/system/uid_0/pid_471
[    8.070878] init: ... started service 'apexd' has pid 471
[    8.071359] init: Command 'copy /data/misc/recovery/ro.build.fingerprint /data/misc/recovery/ro.build.fingerprint.1' action=post-fs-data (/system/etc/init/hw/init.rc:755) took 0ms and failed: Could not read input file '/data/misc/recovery/ro.build.fingerprint': open() failed: No such file or directory
[    8.073392] init: Command 'copy /data/misc/recovery/proc/version /data/misc/recovery/proc/version.1' action=post-fs-data (/system/etc/init/hw/init.rc:762) took 0ms and failed: Could not read input file '/data/misc/recovery/proc/version': open() failed: No such file or directory
[    8.076925] logd: logd reinit
[    8.077198] logd: Cannot read /data/misc/logd/event-log-tags
[    8.078095] logd: FrameworkListener: read() failed (Connection reset by peer)
[    8.078866] init: Service 'logd-reinit' (pid 470) exited with status 0 oneshot service took 0.024000 seconds in background
[    8.079276] init: Sending SIGKILL to service 'logd-reinit' (pid 470) process group...
[    8.079715] libprocessgroup: Removed cgroup /sys/fs/cgroup/system/uid_1036/pid_470
[    8.090743] init: Encryption policy of /data/local set to 9ff948f8a1a7c366e95a011061be821e v2 modes 1/10 flags 0xa
[    8.097652] apexd: Started. subcommand = (null)
[    8.098950] init: starting service 'exec 9 (/bin/rm -rf /data/misc/virtualizationservice)'...
[    8.100174] libprocessgroup: Created cgroup /sys/fs/cgroup/system/uid_1081
[    8.101266] libprocessgroup: Created cgroup /sys/fs/cgroup/system/uid_1081/pid_472
[    8.103030] libbinder.BackendUnifiedServiceManager: Thread Pool max thread count is 0. Cannot cache binder as linkToDeath cannot be implemented. serviceName: vold
[    8.103751] init: ... started service 'exec 9 (/bin/rm -rf /data/misc/virtualizationservice)' has pid 472
[    8.104402] apexd: Scanning /system/apex for pre-installed ApexFiles
[    8.104903] apexd: Found pre-installed APEX /system/apex/com.android.adbd.apex
[    8.106523] init: SVC_EXEC service 'exec 9 (/bin/rm -rf /data/misc/virtualizationservice)' pid 472 (uid 1081 gid 1000+0 context default) started; waiting...
[    8.107016] apexd: Found pre-installed APEX /system/apex/com.android.adservices.apex
[    8.107295] apexd: Found pre-installed APEX /system/apex/com.android.apex.cts.shim.apex
[    8.109541] apexd: Found pre-installed APEX /system/apex/com.android.appsearch.apex
[    8.109713] apexd: Found pre-installed APEX /system/apex/com.android.art.apex
[    8.109976] apexd: Found pre-installed APEX /system/apex/com.android.bt.apex
[    8.110245] apexd: Found pre-installed APEX /system/apex/com.android.cellbroadcast.apex
[    8.110628] apexd: Found pre-installed APEX /system/apex/com.android.configinfrastructure.apex
[    8.111053] apexd: Found pre-installed APEX /system/apex/com.android.conscrypt.apex
[    8.111328] apexd: Found pre-installed APEX /system/apex/com.android.crashrecovery.apex
[    8.111913] apexd: Found pre-installed APEX /system/apex/com.android.devicelock.apex
[    8.112174] apexd: Found pre-installed APEX /system/apex/com.android.extservices.apex
[    8.112958] apexd: Found pre-installed APEX /system/apex/com.android.healthfitness.apex
[    8.113223] apexd: Found pre-installed APEX /system/apex/com.android.i18n.apex
[    8.113516] apexd: Found pre-installed APEX /system/apex/com.android.ipsec.apex
[    8.114997] apexd: Found pre-installed APEX /system/apex/com.android.media.apex
[    8.115192] apexd: Found pre-installed APEX /system/apex/com.android.media.swcodec.apex
[    8.115481] apexd: Found pre-installed APEX /system/apex/com.android.mediaprovider.apex
[    8.115754] apexd: Found pre-installed APEX /system/apex/com.android.neuralnetworks.apex
[    8.116014] apexd: Found pre-installed APEX /system/apex/com.android.nfcservices.apex
[    8.116277] apexd: Found pre-installed APEX /system/apex/com.android.npumanager.apex
[    8.117184] apexd: Found pre-installed APEX /system/apex/com.android.ondevicepersonalization.apex
[    8.117565] apexd: Found pre-installed APEX /system/apex/com.android.os.statsd.apex
[    8.118302] apexd: Found pre-installed APEX /system/apex/com.android.permission.apex
[    8.118678] apexd: Found pre-installed APEX /system/apex/com.android.profiling.apex
[    8.118945] apexd: Found pre-installed APEX /system/apex/com.android.resolv.apex
[    8.119408] apexd: Found pre-installed APEX /system/apex/com.android.rkpd.apex
[    8.120395] apexd: Found pre-installed APEX /system/apex/com.android.runtime.apex
[    8.120601] apexd: Found pre-installed APEX /system/apex/com.android.scheduling.apex
[    8.121487] apexd: Found pre-installed APEX /system/apex/com.android.sdkext.apex
[    8.121767] apexd: Found pre-installed APEX /system/apex/com.android.telephonycore.apex
[    8.122033] apexd: Found pre-installed APEX /system/apex/com.android.tethering.apex
[    8.122803] apexd: Found pre-installed APEX /system/apex/com.android.tzdata.apex
[    8.123791] apexd: Found pre-installed APEX /system/apex/com.android.uprobestats.apex
[    8.123968] apexd: Found pre-installed APEX /system/apex/com.android.uwb.apex
[    8.124849] apexd: Found pre-installed APEX /system/apex/com.android.virt.apex
[    8.125105] apexd: Found pre-installed APEX /system/apex/com.android.webapp.apex
[    8.125372] apexd: Found pre-installed APEX /system/apex/com.android.wifi.apex
[    8.125725] apexd: Scanning /system_ext/apex for pre-installed ApexFiles
[    8.127012] apexd: Found pre-installed APEX /system_ext/apex/com.android.compos.apex
[    8.127188] apexd: Found pre-installed APEX /system_ext/apex/com.android.hardware.biometrics.face.virtual.apex
[    8.128181] apexd: Found pre-installed APEX /system_ext/apex/com.android.hardware.biometrics.fingerprint.virtual.apex
[    8.128564] apexd: Found pre-installed APEX /system_ext/apex/com.android.vndk.v31.apex
[    8.129155] apexd: Found pre-installed APEX /system_ext/apex/com.android.vndk.v32.apex
[    8.130250] apexd: Found pre-installed APEX /system_ext/apex/com.android.vndk.v33.apex
[    8.130624] apexd: Found pre-installed APEX /system_ext/apex/com.android.vndk.v34.apex
[    8.131264] apexd: Scanning /product/apex for pre-installed ApexFiles
[    8.131842] apexd: /product/apex does not exist. Skipping
[    8.132362] apexd: Scanning /vendor/apex for pre-installed ApexFiles
[    8.132700] apexd: Found pre-installed APEX /vendor/apex/com.android.hardware.audio.apex
[    8.133144] init: Service 'exec 9 (/bin/rm -rf /data/misc/virtualizationservice)' (pid 472) exited with status 0 waiting took 0.033000 seconds
[    8.133558] init: Sending SIGKILL to service 'exec 9 (/bin/rm -rf /data/misc/virtualizationservice)' (pid 472) process group...
[    8.133963] libprocessgroup: Removed cgroup /sys/fs/cgroup/system/uid_1081/pid_472
[    8.134602] apexd: Found pre-installed APEX /vendor/apex/com.android.hardware.authsecret.apex
[    8.134919] apexd: Found pre-installed APEX /vendor/apex/com.android.hardware.boot.apex
[    8.135176] apexd: Found pre-installed APEX /vendor/apex/com.android.hardware.cas.apex
[    8.135524] apexd: Found pre-installed APEX /vendor/apex/com.android.hardware.contexthub.apex
[    8.135708] apexd: Found pre-installed APEX /vendor/apex/com.android.hardware.drm.clearkey.apex
[    8.135880] apexd: Found pre-installed APEX /vendor/apex/com.android.hardware.dumpstate.apex
[    8.136059] apexd: Found pre-installed APEX /vendor/apex/com.android.hardware.gatekeeper.cf_remote.apex
[    8.136244] apexd: Found pre-installed APEX /vendor/apex/com.android.hardware.gatekeeper.nonsecure.apex
[    8.136430] apexd: Found pre-installed APEX /vendor/apex/com.android.hardware.gnss.apex
[    8.136632] apexd: Found pre-installed APEX /vendor/apex/com.android.hardware.graphics.composer.drm_hwcomposer.apex
[    8.136829] apexd: Found pre-installed APEX /vendor/apex/com.android.hardware.graphics.composer.ranchu.apex
[    8.137010] apexd: Found pre-installed APEX /vendor/apex/com.android.hardware.input.processor.apex
[    8.137176] apexd: Found pre-installed APEX /vendor/apex/com.android.hardware.keymint.rust_cf_guest_trusty_nonsecure.apex
[    8.137380] apexd: Found pre-installed APEX /vendor/apex/com.android.hardware.keymint.rust_cf_remote.apex
[    8.137632] apexd: Found pre-installed APEX /vendor/apex/com.android.hardware.keymint.rust_nonsecure.apex
[    8.137839] apexd: Found pre-installed APEX /vendor/apex/com.android.hardware.memtrack.apex
[    8.137997] apexd: Found pre-installed APEX /vendor/apex/com.android.hardware.net.nlinterceptor.apex
[    8.138204] apexd: Found pre-installed APEX /vendor/apex/com.android.hardware.neuralnetworks.apex
[    8.138653] init: Not setting encryption policy on: /data/preloads
[    8.139629] init: Encryption policy of /data/app-private set to 9ff948f8a1a7c366e95a011061be821e v2 modes 1/10 flags 0xa
[    8.140186] init: Encryption policy of /data/app-ephemeral set to 9ff948f8a1a7c366e95a011061be821e v2 modes 1/10 flags 0xa
[    8.140729] init: Encryption policy of /data/app-asec set to 9ff948f8a1a7c366e95a011061be821e v2 modes 1/10 flags 0xa
[    8.141269] init: Encryption policy of /data/app-lib set to 9ff948f8a1a7c366e95a011061be821e v2 modes 1/10 flags 0xa
[    8.141956] init: Encryption policy of /data/app set to 9ff948f8a1a7c366e95a011061be821e v2 modes 1/10 flags 0xa
[    8.142432] apexd: Found pre-installed APEX /vendor/apex/com.android.hardware.power.apex
[    8.142932] apexd: Found pre-installed APEX /vendor/apex/com.android.hardware.rebootescrow.apex
[    8.143296] apexd: Found pre-installed APEX /vendor/apex/com.android.hardware.secure_element.apex
[    8.143655] apexd: Found pre-installed APEX /vendor/apex/com.android.hardware.security.authgraph.apex
[    8.144016] apexd: Found pre-installed APEX /vendor/apex/com.android.hardware.security.secretkeeper.apex
[    8.144322] apexd: Found pre-installed APEX /vendor/apex/com.android.hardware.tetheroffload.apex
[    8.144653] apexd: Found pre-installed APEX /vendor/apex/com.android.hardware.thermal.apex
[    8.144915] apexd: Found pre-installed APEX /vendor/apex/com.android.hardware.threadnetwork.apex
[    8.145234] apexd: Found pre-installed APEX /vendor/apex/com.android.hardware.usb.apex
[    8.145512] apexd: Found pre-installed APEX /vendor/apex/com.android.hardware.uwb.apex
[    8.145784] apexd: Found pre-installed APEX /vendor/apex/com.android.hardware.vibrator.apex
[    8.146045] apexd: Found pre-installed APEX /vendor/apex/com.android.hardware.wifi.apex
[    8.146312] apexd: Found pre-installed APEX /vendor/apex/com.google.cf.bt.apex
[    8.146887] init: Encryption policy of /data/app-metadata set to 9ff948f8a1a7c366e95a011061be821e v2 modes 1/10 flags 0xa
[    8.147391] init: Encryption policy of /data/fonts set to 9ff948f8a1a7c366e95a011061be821e v2 modes 1/10 flags 0xa
[    8.148831] init: Encryption policy of /data/dalvik-cache set to 9ff948f8a1a7c366e95a011061be821e v2 modes 1/10 flags 0xa
[    8.149341] init: Encryption policy of /data/ota set to 9ff948f8a1a7c366e95a011061be821e v2 modes 1/10 flags 0xa
[    8.149931] init: Encryption policy of /data/ota_package set to 9ff948f8a1a7c366e95a011061be821e v2 modes 1/10 flags 0xa
[    8.150436] apexd: Found pre-installed APEX /vendor/apex/com.google.cf.confirmationui.apex
[    8.151035] apexd: Found pre-installed APEX /vendor/apex/com.google.cf.disabled.apex
[    8.151303] apexd: Found pre-installed APEX /vendor/apex/com.google.cf.gralloc.apex
[    8.151581] apexd: Found pre-installed APEX /vendor/apex/com.google.cf.health.apex
[    8.151793] apexd: Found pre-installed APEX /vendor/apex/com.google.cf.identity.apex
[    8.152015] apexd: Found pre-installed APEX /vendor/apex/com.google.cf.input.config.apex
[    8.152233] apexd: Found pre-installed APEX /vendor/apex/com.google.cf.ir.apex
[    8.152435] apexd: Found pre-installed APEX /vendor/apex/com.google.cf.light.apex
[    8.152665] apexd: Found pre-installed APEX /vendor/apex/com.google.cf.nfc.apex
[    8.152886] apexd: Found pre-installed APEX /vendor/apex/com.google.cf.oemlock.apex
[    8.153084] apexd: Found pre-installed APEX /vendor/apex/com.google.cf.rild.apex
[    8.153300] apexd: Found pre-installed APEX /vendor/apex/com.google.cf.vulkan.apex
[    8.153529] apexd: Found pre-installed APEX /vendor/apex/com.google.cf.wifi.apex
[    8.153762] apexd: Found pre-installed APEX /vendor/apex/com.google.cf.wpa_supplicant.apex
[    8.153981] apexd: Found pre-installed APEX /vendor/apex/com.google.emulated.camera.provider.hal.apex
[    8.154199] apexd: Found pre-installed APEX /vendor/apex/com.google.emulated.camera.provider.hal.v4l2.apex
[    8.154654] init: Encryption policy of /data/resource-cache set to 9ff948f8a1a7c366e95a011061be821e v2 modes 1/10 flags 0xa
[    8.155001] init: Not setting encryption policy on: /data/lost+found
[    8.155497] init: Encryption policy of /data/drm set to 9ff948f8a1a7c366e95a011061be821e v2 modes 1/10 flags 0xa
[    8.155939] init: Encryption policy of /data/mediadrm set to 9ff948f8a1a7c366e95a011061be821e v2 modes 1/10 flags 0xa
[    8.156389] init: Encryption policy of /data/nfc set to 9ff948f8a1a7c366e95a011061be821e v2 modes 1/10 flags 0xa
[    8.156959] init: Encryption policy of /data/backup set to 9ff948f8a1a7c366e95a011061be821e v2 modes 1/10 flags 0xa
[    8.157387] init: Encryption policy of /data/ss set to 9ff948f8a1a7c366e95a011061be821e v2 modes 1/10 flags 0xa
[    8.157892] init: Encryption policy of /data/system set to 9ff948f8a1a7c366e95a011061be821e v2 modes 1/10 flags 0xa
[    8.158438] apexd: Scanning /odm/apex for pre-installed ApexFiles
[    8.158813] apexd: /odm/apex does not exist. Skipping
[    8.161819] init: Not setting encryption policy on: /data/media
[    8.162797] init: Not setting encryption policy on: /data/misc_ce
[    8.163149] init: Not setting encryption policy on: /data/misc_de
[    8.163549] init: Not setting encryption policy on: /data/system_ce
[    8.164693] init: Not setting encryption policy on: /data/system_de
[    8.164995] init: Not setting encryption policy on: /data/user
[    8.165343] init: Not setting encryption policy on: /data/user_de
[    8.166954] init: Not setting encryption policy on: /data/vendor_ce
[    8.167241] init: Not setting encryption policy on: /data/vendor_de
[    8.167532] init: Not setting encryption policy on: /data/storage_area
[    8.168082] init: starting service 'casefolding_remover'...
[    8.169812] libprocessgroup: Created cgroup /sys/fs/cgroup/system/uid_1023
[    8.191379] libprocessgroup: Created cgroup /sys/fs/cgroup/system/uid_1023/pid_480
[    8.195934] init: ... started service 'casefolding_remover' has pid 480
[    8.228373] apexd: Skipping APEX at path /vendor/apex/com.android.hardware.gatekeeper.cf_remote.apex because it does not match expected multi-install APEX property for com.android.hardware.gatekeeper
[    8.229238] apexd: Skipping APEX at path /vendor/apex/com.android.hardware.graphics.composer.drm_hwcomposer.apex because it does not match expected multi-install APEX property for com.android.hardware.graphics.composer
[    8.230335] apexd: Skipping APEX at path /vendor/apex/com.android.hardware.keymint.rust_cf_guest_trusty_nonsecure.apex because it does not match expected multi-install APEX property for com.android.hardware.keymint
[    8.232723] apexd: Skipping APEX at path /vendor/apex/com.android.hardware.keymint.rust_cf_remote.apex because it does not match expected multi-install APEX property for com.android.hardware.keymint
[    8.233898] apexd: Skipping APEX at path /vendor/apex/com.google.cf.disabled.apex because it's disabled via sysprop.
[    8.234538] apexd: Skipping APEX at path /vendor/apex/com.google.emulated.camera.provider.hal.v4l2.apex because it does not match expected multi-install APEX property for com.google.emulated.camera.provider.hal
[    8.235966] init: Wait for property 'ro.casefolding.adjusted=1' took 39ms
[    8.236618] apexd: Successfully scanned 87 preinstalled APEXes duration=132ms
[    8.237705] apexd: Populating APEX database from mounts...
[    8.238094] apexd: Found "/apex/com.android.virt@370399999" backed by file /system/apex/com.android.virt.apex
[    8.239362] apexd: Found "/apex/com.android.hardware.usb@1" backed by file /vendor/apex/com.android.hardware.usb.apex
[    8.239599] init: Service 'casefolding_remover' (pid 480) exited with status 0 oneshot service took 0.069000 seconds in background
[    8.240365] apexd: Found "/apex/com.android.hardware.security.authgraph@1" backed by file /vendor/apex/com.android.hardware.security.authgraph.apex
[    8.240951] init: Sending SIGKILL to service 'casefolding_remover' (pid 480) process group...
[    8.241653] apexd: Found "/apex/com.google.cf.vulkan@1" backed by file /vendor/apex/com.google.cf.vulkan.apex
[    8.242216] libprocessgroup: Removed cgroup /sys/fs/cgroup/system/uid_1023/pid_480
[    8.243134] apexd: Found "/apex/com.android.telephonycore@370399999" backed by file /system/apex/com.android.telephonycore.apex
[    8.245265] apexd: Found "/apex/com.google.cf.bt@1" backed by file /vendor/apex/com.google.cf.bt.apex
[    8.245733] apexd: Found "/apex/com.android.hardware.security.secretkeeper@1" backed by file /vendor/apex/com.android.hardware.security.secretkeeper.apex
[    8.246591] apexd: Found "/apex/com.android.crashrecovery@370399999" backed by file /system/apex/com.android.crashrecovery.apex
[    8.247126] apexd: Found "/apex/com.android.hardware.rebootescrow@1" backed by file /vendor/apex/com.android.hardware.rebootescrow.apex
[    8.248645] apexd: Found "/apex/com.google.cf.input.config@1" backed by file /vendor/apex/com.google.cf.input.config.apex
[    8.249125] apexd: Found "/apex/com.android.hardware.thermal@1" backed by file /vendor/apex/com.android.hardware.thermal.apex
[    8.249804] apexd: Found "/apex/com.android.healthfitness@370399999" backed by file /system/apex/com.android.healthfitness.apex
[    8.250328] apexd: Found "/apex/com.android.hardware.biometrics.face.virtual@2" backed by file /system_ext/apex/com.android.hardware.biometrics.face.virtual.apex
[    8.252049] apexd: Found "/apex/com.android.media.swcodec@370399999" backed by file /system/apex/com.android.media.swcodec.apex
[    8.253003] apexd: Found "/apex/com.android.hardware.graphics.composer@1" backed by file /vendor/apex/com.android.hardware.graphics.composer.ranchu.apex
[    8.254002] apexd: Found "/apex/com.android.hardware.tetheroffload@1" backed by file /vendor/apex/com.android.hardware.tetheroffload.apex
[    8.255292] apexd: Found "/apex/com.android.conscrypt@370399999" backed by file /system/apex/com.android.conscrypt.apex
[    8.256269] apexd: Found "/apex/com.android.ipsec@370399999" backed by file /system/apex/com.android.ipsec.apex
[    8.257411] apexd: Found "/apex/com.android.appsearch@370399999" backed by file /system/apex/com.android.appsearch.apex
[    8.258005] apexd: Found "/apex/com.android.hardware.keymint@1" backed by file /vendor/apex/com.android.hardware.keymint.rust_nonsecure.apex
[    8.259581] apexd: Found "/apex/com.google.cf.nfc@1" backed by file /vendor/apex/com.google.cf.nfc.apex
[    8.261549] apexd: Found "/apex/com.google.cf.identity@1" backed by file /vendor/apex/com.google.cf.identity.apex
[    8.262030] apexd: Found "/apex/com.android.nfcservices@370399999" backed by file /system/apex/com.android.nfcservices.apex
[    8.262766] apexd: Found "/apex/com.android.hardware.vibrator@1" backed by file /vendor/apex/com.android.hardware.vibrator.apex
[    8.264153] apexd: Found "/apex/com.android.hardware.boot@1" backed by file /vendor/apex/com.android.hardware.boot.apex
[    8.264766] apexd: Found "/apex/com.android.ondevicepersonalization@370399999" backed by file /system/apex/com.android.ondevicepersonalization.apex
[    8.266335] apexd: Found "/apex/com.android.i18n@1" backed by file /system/apex/com.android.i18n.apex
[    8.267311] apexd: Found "/apex/com.android.scheduling@370399999" backed by file /system/apex/com.android.scheduling.apex
[    8.267952] apexd: Found "/apex/com.android.hardware.net.nlinterceptor@1" backed by file /vendor/apex/com.android.hardware.net.nlinterceptor.apex
[    8.267998] init: Encryption policy of /data/cache set to 9ff948f8a1a7c366e95a011061be821e v2 modes 1/10 flags 0xa
[    8.269416] apexd: Found "/apex/com.android.vndk.v31@1" backed by file /system_ext/apex/com.android.vndk.v31.apex
[    8.270878] apexd: Found "/apex/com.google.cf.rild@1" backed by file /vendor/apex/com.google.cf.rild.apex
[    8.271375] apexd: Found "/apex/com.android.cellbroadcast@370399999" backed by file /system/apex/com.android.cellbroadcast.apex
[    8.271430] init: Encryption policy of /data/rollback set to 9ff948f8a1a7c366e95a011061be821e v2 modes 1/10 flags 0xa
[    8.272666] apexd: Found "/apex/com.android.hardware.contexthub@1" backed by file /vendor/apex/com.android.hardware.contexthub.apex
[    8.273880] init: Encryption policy of /data/rollback-observer set to 9ff948f8a1a7c366e95a011061be821e v2 modes 1/10 flags 0xa
[    8.274096] apexd: Found "/apex/com.android.hardware.wifi@1" backed by file /vendor/apex/com.android.hardware.wifi.apex
[    8.275037] init: Encryption policy of /data/rollback-history set to 9ff948f8a1a7c366e95a011061be821e v2 modes 1/10 flags 0xa
[    8.275897] apexd: Found "/apex/com.android.hardware.neuralnetworks@1" backed by file /vendor/apex/com.android.hardware.neuralnetworks.apex
[    8.276051] init: Encryption policy of /data/incremental set to 9ff948f8a1a7c366e95a011061be821e v2 modes 1/10 flags 0xa
[    8.276930] apexd: Found "/apex/com.android.hardware.gnss@1" backed by file /vendor/apex/com.android.hardware.gnss.apex
[    8.278296] apexd: Found "/apex/com.google.emulated.camera.provider.hal@1" backed by file /vendor/apex/com.google.emulated.camera.provider.hal.apex
[    8.279108] apexd: Found "/apex/com.android.media@370399999" backed by file /system/apex/com.android.media.apex
[    8.280233] apexd: Found "/apex/com.android.resolv@370399999" backed by file /system/apex/com.android.resolv.apex
[    8.281133] apexd: Found "/apex/com.android.uwb@370399999" backed by file /system/apex/com.android.uwb.apex
[    8.281945] apexd: Found "/apex/com.android.configinfrastructure@370399999" backed by file /system/apex/com.android.configinfrastructure.apex
[    8.282730] apexd: Found "/apex/com.android.adbd@370399999" backed by file /system/apex/com.android.adbd.apex
[    8.283273] apexd: Found "/apex/com.android.hardware.biometrics.fingerprint.virtual@1" backed by file /system_ext/apex/com.android.hardware.biometrics.fingerprint.virtual.apex
[    8.284185] apexd: Found "/apex/com.android.sdkext@370399999" backed by file /system/apex/com.android.sdkext.apex
[    8.284559] apexd: Found "/apex/com.android.vndk.v34@1" backed by file /system_ext/apex/com.android.vndk.v34.apex
[    8.284872] apexd: Found "/apex/com.android.os.statsd@370399999" backed by file /system/apex/com.android.os.statsd.apex
[    8.285246] apexd: Found "/apex/com.google.cf.health@1" backed by file /vendor/apex/com.google.cf.health.apex
[    8.285629] apexd: Found "/apex/com.google.cf.wpa_supplicant@1" backed by file /vendor/apex/com.google.cf.wpa_supplicant.apex
[    8.286058] apexd: Found "/apex/com.android.extservices@370399999" backed by file /system/apex/com.android.extservices.apex
[    8.286504] apexd: Found "/apex/com.android.neuralnetworks@370399999" backed by file /system/apex/com.android.neuralnetworks.apex
[    8.286860] apexd: Found "/apex/com.android.hardware.threadnetwork@1" backed by file /vendor/apex/com.android.hardware.threadnetwork.apex
[    8.287257] apexd: Found "/apex/com.android.hardware.audio@1" backed by file /vendor/apex/com.android.hardware.audio.apex
[    8.287628] apexd: Found "/apex/com.android.wifi@370399999" backed by file /system/apex/com.android.wifi.apex
[    8.288019] apexd: Found "/apex/com.android.webapp@370399999" backed by file /system/apex/com.android.webapp.apex
[    8.288382] apexd: Found "/apex/com.android.apex.cts.shim@1" backed by file /system/apex/com.android.apex.cts.shim.apex
[    8.288739] apexd: Found "/apex/com.android.bt@370399999" backed by file /system/apex/com.android.bt.apex
[    8.289023] apexd: Found "/apex/com.android.npumanager@370399999" backed by file /system/apex/com.android.npumanager.apex
[    8.289361] apexd: Found "/apex/com.android.tethering@370399999" backed by file /system/apex/com.android.tethering.apex
[    8.289721] apexd: Found "/apex/com.android.hardware.cas@1" backed by file /vendor/apex/com.android.hardware.cas.apex
[    8.290097] apexd: Found "/apex/com.google.cf.confirmationui@1" backed by file /vendor/apex/com.google.cf.confirmationui.apex
[    8.290585] apexd: Found "/apex/com.android.hardware.uwb@1" backed by file /vendor/apex/com.android.hardware.uwb.apex
[    8.290887] apexd: Found "/apex/com.android.compos@370399999" backed by file /system_ext/apex/com.android.compos.apex
[    8.291249] apexd: Found "/apex/com.android.hardware.power@1" backed by file /vendor/apex/com.android.hardware.power.apex
[    8.291618] apexd: Found "/apex/com.android.hardware.drm.clearkey@1" backed by file /vendor/apex/com.android.hardware.drm.clearkey.apex
[    8.291973] apexd: Found "/apex/com.android.art@370399999" backed by file /system/apex/com.android.art.apex
[    8.292262] apexd: Found "/apex/com.android.devicelock@1" backed by file /system/apex/com.android.devicelock.apex
[    8.292662] apexd: Found "/apex/com.android.uprobestats@370399999" backed by file /system/apex/com.android.uprobestats.apex
[    8.293000] apexd: Found "/apex/com.android.permission@370399999" backed by file /system/apex/com.android.permission.apex
[    8.293361] apexd: Found "/apex/com.android.vndk.v32@1" backed by file /system_ext/apex/com.android.vndk.v32.apex
[    8.293750] apexd: Found "/apex/com.android.rkpd@370399999" backed by file /system/apex/com.android.rkpd.apex
[    8.294112] apexd: Found "/apex/com.android.runtime@1" backed by file /system/apex/com.android.runtime.apex
[    8.294540] apexd: Found "/apex/com.google.cf.oemlock@1" backed by file /vendor/apex/com.google.cf.oemlock.apex
[    8.294861] apexd: Found "/apex/com.android.hardware.gatekeeper@1" backed by file /vendor/apex/com.android.hardware.gatekeeper.nonsecure.apex
[    8.295223] apexd: Found "/apex/com.android.tzdata@370399999" backed by file /system/apex/com.android.tzdata.apex
[    8.295582] apexd: Found "/apex/com.android.hardware.secure_element@1" backed by file /vendor/apex/com.android.hardware.secure_element.apex
[    8.296103] apexd: Found "/apex/com.google.cf.light@1" backed by file /vendor/apex/com.google.cf.light.apex
[    8.296434] apexd: Found "/apex/com.android.mediaprovider@370399999" backed by file /system/apex/com.android.mediaprovider.apex
[    8.296800] apexd: Found "/apex/com.google.cf.wifi@1" backed by file /vendor/apex/com.google.cf.wifi.apex
[    8.297133] apexd: Found "/apex/com.google.cf.gralloc@1" backed by file /vendor/apex/com.google.cf.gralloc.apex
[    8.297531] apexd: Found "/apex/com.android.adservices@370399999" backed by file /system/apex/com.android.adservices.apex
[    8.297861] apexd: Found "/apex/com.android.hardware.input.processor@1" backed by file /vendor/apex/com.android.hardware.input.processor.apex
[    8.298302] apexd: Found "/apex/com.android.hardware.dumpstate@1" backed by file /vendor/apex/com.android.hardware.dumpstate.apex
[    8.298804] apexd: Found "/apex/com.android.hardware.authsecret@1" backed by file /vendor/apex/com.android.hardware.authsecret.apex
[    8.299915] apexd: Found "/apex/com.android.hardware.ir@1" backed by file /vendor/apex/com.google.cf.ir.apex
[    8.300177] apexd: Found "/apex/com.android.hardware.memtrack@1" backed by file /vendor/apex/com.android.hardware.memtrack.apex
[    8.300638] apexd: Found "/apex/com.android.profiling@370399999" backed by file /system/apex/com.android.profiling.apex
[    8.301120] apexd: Found "/apex/com.android.vndk.v33@1" backed by file /system_ext/apex/com.android.vndk.v33.apex
[    8.301670] apexd: 87 packages restored.
[    8.301835] apexd: Marking APEXd as starting
[    8.302875] apexd: OnStart done, duration=0
[    8.303021] libbinder.AidlLazyServiceRegistrar: Registering service apexservice
[    8.303797] apexd: Marking APEXd as activated
[    8.304816] servicemanager: Notifying apexservice they do (previously: don't) have clients when service is guaranteed to be in use
[    8.305485] init: Wait for property 'apexd.status=activated' took 23ms
[    8.306036] libbinder.AidlLazyServiceRegistrar: Process has 1 (of 1 available) client(s) in use after notification apexservice has clients: 1
[    8.306720] libbinder.AidlLazyServiceRegistrar: Shutdown prevented by forcePersist override flag.
[    8.307293] apexd: getActivePackages received by ApexService
[    8.343218] init: Wait for property 'keystore.module_hash.sent=true' took 37ms
[    8.355524] init: starting service 'system_aconfigd_socket_service'...
[    8.355923] init: Created socket '/dev/socket/aconfigd_system', mode 666, user 1000, group 1000
[    8.357116] libprocessgroup: Created cgroup /sys/fs/cgroup/system/uid_1000/pid_570
[    8.362765] init: ... started service 'system_aconfigd_socket_service' has pid 570
[    8.364010] init: starting service 'mainline_aconfigd_init'...
[    8.365003] libprocessgroup: Created cgroup /sys/fs/cgroup/system/uid_1000/pid_571
[    8.366697] init: ... started service 'mainline_aconfigd_init' has pid 571
[    8.367692] init: SVC_EXEC service 'mainline_aconfigd_init' pid 571 (uid 1000 gid 1000+0 context default) started; waiting...
[    8.390195] init: Service 'system_aconfigd_socket_service' (pid 570) exited with status 0 oneshot service took 0.033000 seconds in background
[    8.390707] init: Sending SIGKILL to service 'system_aconfigd_socket_service' (pid 570) process group...
[    8.391154] libprocessgroup: Removed cgroup /sys/fs/cgroup/system/uid_1000/pid_570
[    8.787238] init: Service 'mainline_aconfigd_init' (pid 571) exited with status 0 waiting took 0.422000 seconds
[    8.787552] init: Sending SIGKILL to service 'mainline_aconfigd_init' (pid 571) process group...
[    8.787945] libprocessgroup: Removed cgroup /sys/fs/cgroup/system/uid_1000/pid_571
[    8.788648] init: starting service 'mainline_aconfigd_socket_service'...
[    8.789028] init: Created socket '/dev/socket/aconfigd_mainline', mode 666, user 1000, group 1000
[    8.790299] libprocessgroup: Created cgroup /sys/fs/cgroup/system/uid_1000/pid_572
[    8.792106] init: ... started service 'mainline_aconfigd_socket_service' has pid 572
[    8.795730] init: starting service 'derive_sdk'...
[    8.797012] libprocessgroup: Created cgroup /sys/fs/cgroup/system/uid_9999/pid_573
[    8.799272] init: ... started service 'derive_sdk' has pid 573
[    8.806422] init: SVC_EXEC service 'derive_sdk' pid 573 (uid 9999 gid 9999+0 context default) started; waiting...
[    8.807738] init: Service 'mainline_aconfigd_socket_service' (pid 572) exited with status 0 oneshot service took 0.017000 seconds in background
[    8.808147] init: Sending SIGKILL to service 'mainline_aconfigd_socket_service' (pid 572) process group...
[    8.808629] libprocessgroup: Removed cgroup /sys/fs/cgroup/system/uid_1000/pid_572
[    8.824833] init: Service 'derive_sdk' (pid 573) exited with status 0 waiting took 0.027000 seconds
[    8.826091] init: Sending SIGKILL to service 'derive_sdk' (pid 573) process group...
[    8.827134] libprocessgroup: Removed cgroup /sys/fs/cgroup/system/uid_9999/pid_573
[    8.831132] init: starting service 'exec 10 (/system/bin/vdc --wait cryptfs init_user0)'...
[    8.832809] libprocessgroup: Created cgroup /sys/fs/cgroup/system/uid_0/pid_574
[    8.835510] init: ... started service 'exec 10 (/system/bin/vdc --wait cryptfs init_user0)' has pid 574
[    8.837366] init: SVC_EXEC service 'exec 10 (/system/bin/vdc --wait cryptfs init_user0)' pid 574 (uid 0 gid 0+0 context default) started; waiting...
[    8.851275] libbinder.BackendUnifiedServiceManager: Thread Pool max thread count is 0. Cannot cache binder as linkToDeath cannot be implemented. serviceName: vold
[    8.854662] vold: keystore2 Keystore generateKey returned service specific error: -67
[    8.855682] vold: Failed to generate rollback-resistant key.  This is expected if keystore doesn't support rollback resistance.  Falling back to non-rollback-resistant key.
[    8.901641] init: Service 'exec 10 (/system/bin/vdc --wait cryptfs init_user0)' (pid 574) exited with status 0 waiting took 0.068000 seconds
[    8.901974] init: Sending SIGKILL to service 'exec 10 (/system/bin/vdc --wait cryptfs init_user0)' (pid 574) process group...
[    8.902545] libprocessgroup: Removed cgroup /sys/fs/cgroup/system/uid_0/pid_574
[    8.943902] selinux: SELinux: Skipping restorecon on directory(/data/system/shutdown-checkpoints)
[    8.967387] init: Command 'restorecon --recursive --skip-ce /data' action=post-fs-data (/system/etc/init/hw/init.rc:1045) took 64ms and succeeded
[    8.967937] init: starting service 'derive_classpath'...
[    8.968918] libprocessgroup: Created cgroup /sys/fs/cgroup/system/uid_1000/pid_577
[    8.970642] init: ... started service 'derive_classpath' has pid 577
[    8.971783] init: SVC_EXEC service 'derive_classpath' pid 577 (uid 1000 gid 1000+1 context default) started; waiting...
[    9.003557] init: Service 'derive_classpath' (pid 577) exited with status 0 waiting took 0.034000 seconds
[    9.003850] init: Sending SIGKILL to service 'derive_classpath' (pid 577) process group...
[    9.004177] libprocessgroup: Removed cgroup /sys/fs/cgroup/system/uid_1000/pid_577
[    9.005259] init: starting service 'art_boot'...
[    9.006216] libprocessgroup: Created cgroup /sys/fs/cgroup/system/uid_0/pid_578
[    9.007902] init: ... started service 'art_boot' has pid 578
[    9.009087] init: SVC_EXEC service 'art_boot' pid 578 (uid 0 gid 0+0 context default) started; waiting...
[    9.023680] init: Service 'art_boot' (pid 578) exited with status 0 waiting took 0.017000 seconds
[    9.024083] init: Sending SIGKILL to service 'art_boot' (pid 578) process group...
[    9.024420] libprocessgroup: Removed cgroup /sys/fs/cgroup/system/uid_0/pid_578
[    9.025222] init: starting service 'odsign'...
[    9.026188] libprocessgroup: Created cgroup /sys/fs/cgroup/system/uid_0/pid_579
[    9.028001] init: ... started service 'odsign' has pid 579
[    9.399816] fs-verity: sha256 using implementation "sha256-ni" (multibuffer)
[    9.404188] init: Wait for property 'odsign.key.done=1' took 375ms
[    9.405003] init: starting service 'apexd-snapshotde'...
[    9.406280] libprocessgroup: Created cgroup /sys/fs/cgroup/system/uid_0/pid_582
[    9.408388] init: ... started service 'apexd-snapshotde' has pid 582
[    9.409692] init: SVC_EXEC service 'apexd-snapshotde' pid 582 (uid 0 gid 1000+0 context default) started; waiting...
[    9.409996] init: Sending SIGKILL to service 'odsign' (pid 579) process group...
[    9.411503] libprocessgroup: Removed cgroup /sys/fs/cgroup/system/uid_0/pid_579
[    9.413738] init: Control message: Processed ctl.stop for 'odsign' from pid: 579 (/system/bin/odsign)
[    9.414166] init: Service 'odsign' (pid 579) received SIGKILL
[    9.414600] init: Sending SIGKILL to service 'odsign' (pid 579) process group...
[    9.414912] libprocessgroup: Failed to write 1 to /sys/fs/cgroup/system/uid_0/pid_579/cgroup.kill: No such file or directory
[    9.431494] apexd: Started. subcommand = --snapshotde
[    9.432536] libbinder.BackendUnifiedServiceManager: Thread Pool max thread count is 0. Cannot cache binder as linkToDeath cannot be implemented. serviceName: vold
[    9.433655] apexd-snapshotde: Marking APEXd as ready
[    9.435492] init: Service 'apexd-snapshotde' (pid 582) exited with status 0 waiting took 0.029000 seconds
[    9.437952] init: Sending SIGKILL to service 'apexd-snapshotde' (pid 582) process group...
[    9.438526] libprocessgroup: Removed cgroup /sys/fs/cgroup/system/uid_0/pid_582
[    9.449932] init: processing action (post-fs-data) from (/system/etc/init/hw/init.usb.rc:6)
[    9.450874] init: Encryption policy of /data/adb set to 9ff948f8a1a7c366e95a011061be821e v2 modes 1/10 flags 0xa
[    9.451190] init: processing action (post-fs-data) from (/system/etc/init/bootstat.rc:9)
[    9.451895] init: processing action (ro.boot.dynamic_partitions=true && ro.debuggable=1 && post-fs-data) from (/system/etc/init/clean_scratch_files.rc:1)
[    9.452335] init: starting service 'exec 11 (/system/bin/clean_scratch_files)'...
[    9.453553] libprocessgroup: Created cgroup /sys/fs/cgroup/system/uid_0/pid_584
[    9.454970] init: ... started service 'exec 11 (/system/bin/clean_scratch_files)' has pid 584
[    9.455556] init: processing action (post-fs-data) from (/system/etc/init/gsid.rc:17)
[    9.457008] init: Not setting encryption policy on: /data/gsi
[    9.457841] init: processing action (post-fs-data) from (/system/etc/init/incidentd.rc:21)
[    9.459967] init: processing action (post-fs-data) from (/system/etc/init/logtagd.rc:4)
[    9.460819] init: processing action (post-fs-data) from (/system/etc/init/perfetto.rc:104)
[    9.461638] init: Command 'rm /data/misc/perfetto-traces/.guardraildata' action=post-fs-data (/system/etc/init/perfetto.rc:105) took 0ms and failed: unlink() failed: No such file or directory
[    9.463174] init: processing action (post-fs-data) from (/system/etc/init/pmgd.rc:28)
[    9.463955] init: processing action (post-fs-data) from (/system/etc/init/profcollectd.rc:23)
[    9.465261] init: processing action (post-fs-data) from (/system/etc/init/recovery-persist.rc:1)
[    9.465977] init: starting service 'exec 12 (/system/bin/recovery-persist)'...
[    9.467599] libprocessgroup: Created cgroup /sys/fs/cgroup/system/uid_1000/pid_585
[    9.469377] init: ... started service 'exec 12 (/system/bin/recovery-persist)' has pid 585
[    9.469770] init: processing action (post-fs-data) from (/system/etc/init/wifi.rc:18)
[    9.471724] selinux: SELinux: Skipping restorecon on directory(/data/misc/apexdata/com.android.wifi)
[    9.472056] init: processing action (post-fs-data) from (/system_ext/etc/init/rpmb_dev.test.system.rc:37)
[    9.475271] init: Top-level directory needs encryption action, eg mkdir /data/secure_storage_test_system <mode> <uid> <gid> encryption=Require
[    9.477965] init: Encryption policy of /data/secure_storage_test_system set to 9ff948f8a1a7c366e95a011061be821e v2 modes 1/10 flags 0xa
[    9.482721] init: starting service 'rpmb_mock_init_test_system'...
[    9.486664] libprocessgroup: Created cgroup /sys/fs/cgroup/system/uid_1000/pid_586
[    9.490999] init: ... started service 'rpmb_mock_init_test_system' has pid 586
[    9.491320] init: SVC_EXEC service 'rpmb_mock_init_test_system' pid 586 (uid 1000 gid 1000+0 context default) started; waiting...
[    9.492954] init: Service 'exec 11 (/system/bin/clean_scratch_files)' (pid 584) exited with status 0 oneshot service took 0.039000 seconds in background
[    9.494083] init: Sending SIGKILL to service 'exec 11 (/system/bin/clean_scratch_files)' (pid 584) process group...
[    9.498649] libprocessgroup: Removed cgroup /sys/fs/cgroup/system/uid_0/pid_584
[    9.500370] init: Service 'exec 12 (/system/bin/recovery-persist)' (pid 585) exited with status 0 oneshot service took 0.032000 seconds in background
[    9.501684] init: Sending SIGKILL to service 'exec 12 (/system/bin/recovery-persist)' (pid 585) process group...
[    9.502935] libprocessgroup: Removed cgroup /sys/fs/cgroup/system/uid_1000/pid_585
[    9.510838] init: Service 'rpmb_mock_init_test_system' (pid 586) exited with status 0 waiting took 0.024000 seconds
[    9.511218] init: Sending SIGKILL to service 'rpmb_mock_init_test_system' (pid 586) process group...
[    9.511699] libprocessgroup: Removed cgroup /sys/fs/cgroup/system/uid_1000/pid_586
[    9.512411] init: starting service 'rpmb_mock_test_system'...
[    9.512848] init: Created socket '/dev/socket/rpmb_mock_test_system', mode 660, user 1000, group 1000
[    9.514029] libprocessgroup: Created cgroup /sys/fs/cgroup/system/uid_1000/pid_587
[    9.515915] init: ... started service 'rpmb_mock_test_system' has pid 587
[    9.517678] init: processing action (ro.vendor.disable_rename_eth0= && post-fs-data) from (/vendor/etc/init/init.cutf_cvm.rc:57)
[    9.518091] init: wait for '/sys/class/net/eth0' took 0ms
[    9.519414] init: starting service 'rename_eth0'...
[    9.521164] libprocessgroup: Created cgroup /sys/fs/cgroup/system/uid_0/pid_588
[    9.526884] init: ... started service 'rename_eth0' has pid 588
[    9.527519] init: processing action (post-fs-data) from (/vendor/etc/init/init.cutf_cvm.rc:67)
[    9.530804] init: processing action (ro.boot.wifi_impl=mac80211_hwsim_virtio && post-fs-data) from (/vendor/etc/init/init.cutf_cvm.rc:77)
[    9.532970] init: starting service 'init_wifi_sh'...
[    9.535341] libprocessgroup: Created cgroup /sys/fs/cgroup/system/uid_0/pid_589
[    9.538719] init: ... started service 'init_wifi_sh' has pid 589
[    9.539603] init: processing action (load-bpf-programs) from (/system/etc/init/init-perfetto.rc:6)
[    9.540600] init: processing action (load-bpf-programs) from (/system/etc/init/init-perfetto.rc:6)
[    9.541177] init: processing action (load-bpf-programs) from (/system/etc/init/netbpfload.rc:38)
[    9.542144] init: starting service 'bpfloader'...
[    9.545002] libprocessgroup: Created cgroup /sys/fs/cgroup/system/uid_0/pid_590
[    9.550897] init: ... started service 'bpfloader' has pid 590
[    9.551232] init: SVC_EXEC service 'bpfloader' pid 590 (uid 0 gid 0+7 context default) started; waiting...
[    9.565006] virtio_net virtio1 buried_eth0: renamed from eth0
[    9.568555] init: Service 'rename_eth0' (pid 588) exited with status 0 oneshot service took 0.047000 seconds in background
[    9.572928] init: Sending SIGKILL to service 'rename_eth0' (pid 588) process group...
[    9.576595] NetBpfLoad: /apex/com.android.tethering/bin/netbpfload api:37/3700 kver:60c004a (64-on-x86-64:4k) libbpf: v1.4 uid:0 rc:01 user:010
[    9.578615] libprocessgroup: Removed cgroup /sys/fs/cgroup/system/uid_0/pid_588
[    9.580371] NetBpfLoad: Tethering APEX version 370399999 (system: 370399999)
[    9.581094] NetBpfLoad: detected 5 of 5: 2026Q2 api:37.0.0=3700
[    9.587163] type=1334 audit(1790859833.443:5): prog-id=1 op=LOAD
[    9.589613] type=1300 audit(1790859833.443:5): arch=c000003e syscall=321 success=yes exit=3 a0=5 a1=7ffcdf5a9d38 a2=74 a3=0 items=0 ppid=1 auid=4294967295 uid=0 gid=0 euid=0 suid=0 fsuid=0 egid=0 sgid=0 fsgid=0 tty=(none) ses=4294967295 comm="netbpfload" exe="/apex/com.android.tethering/bin/netbpfload" subj=u:r:bpfloader:s0 key=(null)
[    9.594453] type=1327 audit(1790859833.443:5): proctitle="/apex/com.android.tethering/bin/netbpfload"
[    9.594957] type=1320 audit(1790859833.443:5): 
[    9.595751] type=1334 audit(1790859833.443:6): prog-id=1 op=UNLOAD
[    9.596099] type=1300 audit(1790859833.443:6): arch=c000003e syscall=3 success=yes exit=0 a0=3 a1=0 a2=0 a3=0 items=0 ppid=1 auid=4294967295 uid=0 gid=0 euid=0 suid=0 fsuid=0 egid=0 sgid=0 fsgid=0 tty=(none) ses=4294967295 comm="netbpfload" exe="/apex/com.android.tethering/bin/netbpfload" subj=u:r:bpfloader:s0 key=(null)
[    9.598261] type=1327 audit(1790859833.443:6): proctitle="/apex/com.android.tethering/bin/netbpfload"
[    9.605122] type=1320 audit(1790859833.443:6): 
[    9.605868] type=1334 audit(1790859833.451:7): prog-id=2 op=LOAD
[    9.606177] type=1300 audit(1790859833.451:7): arch=c000003e syscall=321 success=yes exit=3 a0=5 a1=7ffcdf5aa1a0 a2=98 a3=0 items=0 ppid=1 auid=4294967295 uid=0 gid=0 euid=0 suid=0 fsuid=0 egid=0 sgid=0 fsgid=0 tty=(none) ses=4294967295 comm="netbpfload" exe="/apex/com.android.tethering/bin/netbpfload" subj=u:r:bpfloader:s0 key=(null)
[    9.608401] type=1327 audit(1790859833.451:7): proctitle="/apex/com.android.tethering/bin/netbpfload"
[    9.611445] type=1320 audit(1790859833.451:7): 
[    9.611706] type=1334 audit(1790859833.451:8): prog-id=3 op=LOAD
[    9.612569] type=1300 audit(1790859833.451:8): arch=c000003e syscall=321 success=yes exit=13 a0=5 a1=7ffcdf5aa1a0 a2=98 a3=0 items=0 ppid=1 auid=4294967295 uid=0 gid=0 euid=0 suid=0 fsuid=0 egid=0 sgid=0 fsgid=0 tty=(none) ses=4294967295 comm="netbpfload" exe="/apex/com.android.tethering/bin/netbpfload" subj=u:r:bpfloader:s0 key=(null)
[    9.616432] type=1327 audit(1790859833.451:8): proctitle="/apex/com.android.tethering/bin/netbpfload"
[    9.616770] type=1320 audit(1790859833.451:8): 
[    9.617679] type=1334 audit(1790859833.459:9): prog-id=4 op=LOAD
[    9.618003] type=1300 audit(1790859833.459:9): arch=c000003e syscall=321 success=yes exit=14 a0=5 a1=7ffcdf5aa1a0 a2=98 a3=0 items=0 ppid=1 auid=4294967295 uid=0 gid=0 euid=0 suid=0 fsuid=0 egid=0 sgid=0 fsgid=0 tty=(none) ses=4294967295 comm="netbpfload" exe="/apex/com.android.tethering/bin/netbpfload" subj=u:r:bpfloader:s0 key=(null)
[    9.619440] init: Service 'init_wifi_sh' (pid 589) exited with status 0 oneshot service took 0.084000 seconds in background
[    9.619949] init: Sending SIGKILL to service 'init_wifi_sh' (pid 589) process group...
[    9.620456] libprocessgroup: Removed cgroup /sys/fs/cgroup/system/uid_0/pid_589
[    9.621530] type=1327 audit(1790859833.459:9): proctitle="/apex/com.android.tethering/bin/netbpfload"
[    9.622126] type=1320 audit(1790859833.459:9): 
[    9.622635] type=1334 audit(1790859833.459:10): prog-id=5 op=LOAD
[    9.622858] type=1300 audit(1790859833.459:10): arch=c000003e syscall=321 success=yes exit=15 a0=5 a1=7ffcdf5aa1a0 a2=98 a3=0 items=0 ppid=1 auid=4294967295 uid=0 gid=0 euid=0 suid=0 fsuid=0 egid=0 sgid=0 fsgid=0 tty=(none) ses=4294967295 comm="netbpfload" exe="/apex/com.android.tethering/bin/netbpfload" subj=u:r:bpfloader:s0 key=(null)
[    9.624721] type=1327 audit(1790859833.459:10): proctitle="/apex/com.android.tethering/bin/netbpfload"
[    9.625134] type=1320 audit(1790859833.459:10): 
[    9.625413] type=1334 audit(1790859833.459:11): prog-id=6 op=LOAD
[    9.625772] type=1300 audit(1790859833.459:11): arch=c000003e syscall=321 success=yes exit=16 a0=5 a1=7ffcdf5aa1a0 a2=98 a3=0 items=0 ppid=1 auid=4294967295 uid=0 gid=0 euid=0 suid=0 fsuid=0 egid=0 sgid=0 fsgid=0 tty=(none) ses=4294967295 comm="netbpfload" exe="/apex/com.android.tethering/bin/netbpfload" subj=u:r:bpfloader:s0 key=(null)
[    9.628632] type=1327 audit(1790859833.459:11): proctitle="/apex/com.android.tethering/bin/netbpfload"
[    9.628871] type=1320 audit(1790859833.459:11): 
[    9.629032] type=1334 audit(1790859833.463:12): prog-id=7 op=LOAD
[    9.629253] type=1300 audit(1790859833.463:12): arch=c000003e syscall=321 success=yes exit=17 a0=5 a1=7ffcdf5aa1a0 a2=98 a3=0 items=0 ppid=1 auid=4294967295 uid=0 gid=0 euid=0 suid=0 fsuid=0 egid=0 sgid=0 fsgid=0 tty=(none) ses=4294967295 comm="netbpfload" exe="/apex/com.android.tethering/bin/netbpfload" subj=u:r:bpfloader:s0 key=(null)
[    9.630636] type=1327 audit(1790859833.463:12): proctitle="/apex/com.android.tethering/bin/netbpfload"
[    9.631099] type=1320 audit(1790859833.463:12): 
[    9.631368] type=1334 audit(1790859833.471:13): prog-id=8 op=LOAD
[    9.631777] type=1300 audit(1790859833.471:13): arch=c000003e syscall=321 success=yes exit=18 a0=5 a1=7ffcdf5aa1a0 a2=98 a3=0 items=0 ppid=1 auid=4294967295 uid=0 gid=0 euid=0 suid=0 fsuid=0 egid=0 sgid=0 fsgid=0 tty=(none) ses=4294967295 comm="netbpfload" exe="/apex/com.android.tethering/bin/netbpfload" subj=u:r:bpfloader:s0 key=(null)
[    9.637751] type=1327 audit(1790859833.471:13): proctitle="/apex/com.android.tethering/bin/netbpfload"
[    9.638202] type=1320 audit(1790859833.471:13): 
[    9.638561] type=1334 audit(1790859833.475:14): prog-id=9 op=LOAD
[    9.638917] type=1300 audit(1790859833.475:14): arch=c000003e syscall=321 success=yes exit=19 a0=5 a1=7ffcdf5aa1a0 a2=98 a3=0 items=0 ppid=1 auid=4294967295 uid=0 gid=0 euid=0 suid=0 fsuid=0 egid=0 sgid=0 fsgid=0 tty=(none) ses=4294967295 comm="netbpfload" exe="/apex/com.android.tethering/bin/netbpfload" subj=u:r:bpfloader:s0 key=(null)
[    9.643198] type=1327 audit(1790859833.475:14): proctitle="/apex/com.android.tethering/bin/netbpfload"
[    9.643743] type=1320 audit(1790859833.475:14): 
[    9.649747] type=1334 audit(1790859833.483:15): prog-id=10 op=LOAD
[    9.650157] type=1300 audit(1790859833.483:15): arch=c000003e syscall=321 success=yes exit=3 a0=5 a1=7ffcdf5a88a0 a2=94 a3=2 items=0 ppid=1 auid=4294967295 uid=0 gid=0 euid=0 suid=0 fsuid=0 egid=0 sgid=0 fsgid=0 tty=(none) ses=4294967295 comm="netbpfload" exe="/apex/com.android.tethering/bin/netbpfload" subj=u:r:bpfloader:s0 key=(null)
[    9.651557] type=1327 audit(1790859833.483:15): proctitle="/apex/com.android.tethering/bin/netbpfload"
[    9.652078] type=1320 audit(1790859833.483:15): 
[    9.652683] type=1334 audit(1790859833.483:16): prog-id=10 op=UNLOAD
[    9.653081] type=1300 audit(1790859833.483:16): arch=c000003e syscall=3 success=yes exit=0 a0=3 a1=0 a2=0 a3=2 items=0 ppid=1 auid=4294967295 uid=0 gid=0 euid=0 suid=0 fsuid=0 egid=0 sgid=0 fsgid=0 tty=(none) ses=4294967295 comm="netbpfload" exe="/apex/com.android.tethering/bin/netbpfload" subj=u:r:bpfloader:s0 key=(null)
[    9.653949] type=1327 audit(1790859833.483:16): proctitle="/apex/com.android.tethering/bin/netbpfload"
[    9.654181] type=1320 audit(1790859833.483:16): 
[    9.654338] type=1334 audit(1790859833.483:17): prog-id=11 op=LOAD
[    9.655906] type=1300 audit(1790859833.483:17): arch=c000003e syscall=321 success=yes exit=9 a0=5 a1=7ffcdf5a8788 a2=40 a3=0 items=0 ppid=1 auid=4294967295 uid=0 gid=0 euid=0 suid=0 fsuid=0 egid=0 sgid=0 fsgid=0 tty=(none) ses=4294967295 comm="netbpfload" exe="/apex/com.android.tethering/bin/netbpfload" subj=u:r:bpfloader:s0 key=(null)
[    9.656593] type=1327 audit(1790859833.483:17): proctitle="/apex/com.android.tethering/bin/netbpfload"
[    9.658757] type=1320 audit(1790859833.483:17): 
[    9.658917] type=1334 audit(1790859833.483:18): prog-id=11 op=UNLOAD
[    9.659113] type=1300 audit(1790859833.483:18): arch=c000003e syscall=3 success=yes exit=0 a0=9 a1=0 a2=0 a3=0 items=0 ppid=1 auid=4294967295 uid=0 gid=0 euid=0 suid=0 fsuid=0 egid=0 sgid=0 fsgid=0 tty=(none) ses=4294967295 comm="netbpfload" exe="/apex/com.android.tethering/bin/netbpfload" subj=u:r:bpfloader:s0 key=(null)
[    9.660737] type=1327 audit(1790859833.483:18): proctitle="/apex/com.android.tethering/bin/netbpfload"
[    9.660973] type=1320 audit(1790859833.483:18): 
[    9.661102] type=1334 audit(1790859833.491:19): prog-id=12 op=LOAD
[    9.668643] type=1300 audit(1790859833.491:19): arch=c000003e syscall=321 success=yes exit=3 a0=5 a1=7ffcdf5a88a0 a2=94 a3=2 items=0 ppid=1 auid=4294967295 uid=0 gid=0 euid=0 suid=0 fsuid=0 egid=0 sgid=0 fsgid=0 tty=(none) ses=4294967295 comm="netbpfload" exe="/apex/com.android.tethering/bin/netbpfload" subj=u:r:bpfloader:s0 key=(null)
[    9.669345] type=1327 audit(1790859833.491:19): proctitle="/apex/com.android.tethering/bin/netbpfload"
[    9.669588] type=1320 audit(1790859833.491:19): 
[    9.669714] type=1334 audit(1790859833.491:20): prog-id=12 op=UNLOAD
[    9.670086] type=1300 audit(1790859833.491:20): arch=c000003e syscall=3 success=yes exit=0 a0=3 a1=0 a2=0 a3=2 items=0 ppid=1 auid=4294967295 uid=0 gid=0 euid=0 suid=0 fsuid=0 egid=0 sgid=0 fsgid=0 tty=(none) ses=4294967295 comm="netbpfload" exe="/apex/com.android.tethering/bin/netbpfload" subj=u:r:bpfloader:s0 key=(null)
[    9.671303] type=1327 audit(1790859833.491:20): proctitle="/apex/com.android.tethering/bin/netbpfload"
[    9.673898] type=1320 audit(1790859833.491:20): 
[    9.673916] type=1334 audit(1790859833.491:21): prog-id=13 op=LOAD
[    9.674431] type=1300 audit(1790859833.491:21): arch=c000003e syscall=321 success=yes exit=6 a0=5 a1=7ffcdf5a8730 a2=94 a3=4 items=0 ppid=1 auid=4294967295 uid=0 gid=0 euid=0 suid=0 fsuid=0 egid=0 sgid=0 fsgid=0 tty=(none) ses=4294967295 comm="netbpfload" exe="/apex/com.android.tethering/bin/netbpfload" subj=u:r:bpfloader:s0 key=(null)
[    9.675060] type=1327 audit(1790859833.491:21): proctitle="/apex/com.android.tethering/bin/netbpfload"
[    9.675524] type=1320 audit(1790859833.491:21): 
[    9.676713] type=1334 audit(1790859833.491:22): prog-id=13 op=UNLOAD
[    9.677082] type=1300 audit(1790859833.491:22): arch=c000003e syscall=3 success=yes exit=0 a0=6 a1=0 a2=0 a3=4 items=0 ppid=1 auid=4294967295 uid=0 gid=0 euid=0 suid=0 fsuid=0 egid=0 sgid=0 fsgid=0 tty=(none) ses=4294967295 comm="netbpfload" exe="/apex/com.android.tethering/bin/netbpfload" subj=u:r:bpfloader:s0 key=(null)
[    9.681039] type=1327 audit(1790859833.491:22): proctitle="/apex/com.android.tethering/bin/netbpfload"
[    9.681283] type=1320 audit(1790859833.491:22): 
[    9.681438] type=1334 audit(1790859833.491:23): prog-id=14 op=LOAD
[    9.681713] type=1300 audit(1790859833.491:23): arch=c000003e syscall=321 success=yes exit=6 a0=5 a1=7ffcdf5a88a0 a2=94 a3=17f items=0 ppid=1 auid=4294967295 uid=0 gid=0 euid=0 suid=0 fsuid=0 egid=0 sgid=0 fsgid=0 tty=(none) ses=4294967295 comm="netbpfload" exe="/apex/com.android.tethering/bin/netbpfload" subj=u:r:bpfloader:s0 key=(null)
[    9.683936] type=1327 audit(1790859833.491:23): proctitle="/apex/com.android.tethering/bin/netbpfload"
[    9.684179] type=1320 audit(1790859833.491:23): 
[    9.684334] type=1334 audit(1790859833.491:24): prog-id=15 op=LOAD
[    9.687734] type=1300 audit(1790859833.491:24): arch=c000003e syscall=321 success=yes exit=7 a0=5 a1=7ffcdf5a88a0 a2=94 a3=12e items=0 ppid=1 auid=4294967295 uid=0 gid=0 euid=0 suid=0 fsuid=0 egid=0 sgid=0 fsgid=0 tty=(none) ses=4294967295 comm="netbpfload" exe="/apex/com.android.tethering/bin/netbpfload" subj=u:r:bpfloader:s0 key=(null)
[    9.689100] type=1327 audit(1790859833.491:24): proctitle="/apex/com.android.tethering/bin/netbpfload"
[    9.689499] type=1320 audit(1790859833.491:24): 
[    9.690748] type=1334 audit(1790859833.491:25): prog-id=16 op=LOAD
[    9.690939] type=1300 audit(1790859833.491:25): arch=c000003e syscall=321 success=yes exit=8 a0=5 a1=7ffcdf5a88a0 a2=94 a3=f7 items=0 ppid=1 auid=4294967295 uid=0 gid=0 euid=0 suid=0 fsuid=0 egid=0 sgid=0 fsgid=0 tty=(none) ses=4294967295 comm="netbpfload" exe="/apex/com.android.tethering/bin/netbpfload" subj=u:r:bpfloader:s0 key=(null)
[    9.694789] type=1327 audit(1790859833.491:25): proctitle="/apex/com.android.tethering/bin/netbpfload"
[    9.695252] type=1320 audit(1790859833.491:25): 
[    9.700647] type=1334 audit(1790859833.503:26): prog-id=17 op=LOAD
[    9.701027] type=1300 audit(1790859833.503:26): arch=c000003e syscall=321 success=yes exit=3 a0=5 a1=7ffcdf5a88a0 a2=94 a3=2 items=0 ppid=1 auid=4294967295 uid=0 gid=0 euid=0 suid=0 fsuid=0 egid=0 sgid=0 fsgid=0 tty=(none) ses=4294967295 comm="netbpfload" exe="/apex/com.android.tethering/bin/netbpfload" subj=u:r:bpfloader:s0 key=(null)
[    9.701825] type=1327 audit(1790859833.503:26): proctitle="/apex/com.android.tethering/bin/netbpfload"
[    9.702062] type=1320 audit(1790859833.503:26): 
[    9.702301] type=1334 audit(1790859833.503:27): prog-id=17 op=UNLOAD
[    9.702578] type=1300 audit(1790859833.503:27): arch=c000003e syscall=3 success=yes exit=0 a0=3 a1=0 a2=0 a3=2 items=0 ppid=1 auid=4294967295 uid=0 gid=0 euid=0 suid=0 fsuid=0 egid=0 sgid=0 fsgid=0 tty=(none) ses=4294967295 comm="netbpfload" exe="/apex/com.android.tethering/bin/netbpfload" subj=u:r:bpfloader:s0 key=(null)
[    9.703260] type=1327 audit(1790859833.503:27): proctitle="/apex/com.android.tethering/bin/netbpfload"
[    9.703514] type=1320 audit(1790859833.503:27): 
[    9.703669] type=1334 audit(1790859833.503:28): prog-id=18 op=LOAD
[    9.704006] type=1300 audit(1790859833.503:28): arch=c000003e syscall=321 success=yes exit=7 a0=5 a1=7ffcdf5a88a0 a2=94 a3=1eb items=0 ppid=1 auid=4294967295 uid=0 gid=0 euid=0 suid=0 fsuid=0 egid=0 sgid=0 fsgid=0 tty=(none) ses=4294967295 comm="netbpfload" exe="/apex/com.android.tethering/bin/netbpfload" subj=u:r:bpfloader:s0 key=(null)
[    9.709605] type=1327 audit(1790859833.503:28): proctitle="/apex/com.android.tethering/bin/netbpfload"
[    9.709923] type=1320 audit(1790859833.503:28): 
[    9.710061] type=1334 audit(1790859833.531:29): prog-id=19 op=LOAD
[    9.710299] type=1300 audit(1790859833.531:29): arch=c000003e syscall=321 success=yes exit=3 a0=5 a1=7ffcdf5a88a0 a2=94 a3=2 items=0 ppid=1 auid=4294967295 uid=0 gid=0 euid=0 suid=0 fsuid=0 egid=0 sgid=0 fsgid=0 tty=(none) ses=4294967295 comm="netbpfload" exe="/apex/com.android.tethering/bin/netbpfload" subj=u:r:bpfloader:s0 key=(null)
[    9.711622] type=1327 audit(1790859833.531:29): proctitle="/apex/com.android.tethering/bin/netbpfload"
[    9.714013] type=1320 audit(1790859833.531:29): 
[    9.714309] type=1334 audit(1790859833.535:30): prog-id=19 op=UNLOAD
[    9.714766] type=1300 audit(1790859833.535:30): arch=c000003e syscall=3 success=yes exit=0 a0=3 a1=0 a2=0 a3=2 items=0 ppid=1 auid=4294967295 uid=0 gid=0 euid=0 suid=0 fsuid=0 egid=0 sgid=0 fsgid=0 tty=(none) ses=4294967295 comm="netbpfload" exe="/apex/com.android.tethering/bin/netbpfload" subj=u:r:bpfloader:s0 key=(null)
[    9.715342] type=1327 audit(1790859833.535:30): proctitle="/apex/com.android.tethering/bin/netbpfload"
[    9.716665] type=1320 audit(1790859833.535:30): 
[    9.716975] type=1334 audit(1790859833.535:31): prog-id=20 op=LOAD
[    9.717172] type=1300 audit(1790859833.535:31): arch=c000003e syscall=321 success=yes exit=41 a0=5 a1=7ffcdf5a88a0 a2=94 a3=50 items=0 ppid=1 auid=4294967295 uid=0 gid=0 euid=0 suid=0 fsuid=0 egid=0 sgid=0 fsgid=0 tty=(none) ses=4294967295 comm="netbpfload" exe="/apex/com.android.tethering/bin/netbpfload" subj=u:r:bpfloader:s0 key=(null)
[    9.718082] type=1327 audit(1790859833.535:31): proctitle="/apex/com.android.tethering/bin/netbpfload"
[    9.718656] type=1320 audit(1790859833.535:31): 
[    9.719618] type=1334 audit(1790859833.535:32): prog-id=21 op=LOAD
[    9.719845] type=1300 audit(1790859833.535:32): arch=c000003e syscall=321 success=yes exit=42 a0=5 a1=7ffcdf5a88a0 a2=94 a3=7c items=0 ppid=1 auid=4294967295 uid=0 gid=0 euid=0 suid=0 fsuid=0 egid=0 sgid=0 fsgid=0 tty=(none) ses=4294967295 comm="netbpfload" exe="/apex/com.android.tethering/bin/netbpfload" subj=u:r:bpfloader:s0 key=(null)
[    9.720555] type=1327 audit(1790859833.535:32): proctitle="/apex/com.android.tethering/bin/netbpfload"
[    9.720792] type=1320 audit(1790859833.535:32): 
[    9.720949] type=1334 audit(1790859833.535:33): prog-id=22 op=LOAD
[    9.726702] type=1300 audit(1790859833.535:33): arch=c000003e syscall=321 success=yes exit=43 a0=5 a1=7ffcdf5a88a0 a2=94 a3=7c items=0 ppid=1 auid=4294967295 uid=0 gid=0 euid=0 suid=0 fsuid=0 egid=0 sgid=0 fsgid=0 tty=(none) ses=4294967295 comm="netbpfload" exe="/apex/com.android.tethering/bin/netbpfload" subj=u:r:bpfloader:s0 key=(null)
[    9.728004] type=1327 audit(1790859833.535:33): proctitle="/apex/com.android.tethering/bin/netbpfload"
[    9.728239] type=1320 audit(1790859833.535:33): 
[    9.728394] type=1334 audit(1790859833.535:34): prog-id=23 op=LOAD
[    9.728781] type=1300 audit(1790859833.535:34): arch=c000003e syscall=321 success=yes exit=44 a0=5 a1=7ffcdf5a88a0 a2=94 a3=587 items=0 ppid=1 auid=4294967295 uid=0 gid=0 euid=0 suid=0 fsuid=0 egid=0 sgid=0 fsgid=0 tty=(none) ses=4294967295 comm="netbpfload" exe="/apex/com.android.tethering/bin/netbpfload" subj=u:r:bpfloader:s0 key=(null)
[    9.735128] type=1327 audit(1790859833.535:34): proctitle="/apex/com.android.tethering/bin/netbpfload"
[    9.735607] type=1320 audit(1790859833.535:34): 
[    9.735893] type=1334 audit(1790859833.563:35): prog-id=24 op=LOAD
[    9.736214] type=1300 audit(1790859833.563:35): arch=c000003e syscall=321 success=yes exit=45 a0=5 a1=7ffcdf5a88a0 a2=94 a3=6c2 items=0 ppid=1 auid=4294967295 uid=0 gid=0 euid=0 suid=0 fsuid=0 egid=0 sgid=0 fsgid=0 tty=(none) ses=4294967295 comm="netbpfload" exe="/apex/com.android.tethering/bin/netbpfload" subj=u:r:bpfloader:s0 key=(null)
[    9.737429] type=1327 audit(1790859833.563:35): proctitle="/apex/com.android.tethering/bin/netbpfload"
[    9.739608] type=1320 audit(1790859833.563:35): 
[    9.739896] type=1334 audit(1790859833.575:36): prog-id=25 op=LOAD
[    9.740236] type=1300 audit(1790859833.575:36): arch=c000003e syscall=321 success=yes exit=46 a0=5 a1=7ffcdf5a88a0 a2=94 a3=46 items=0 ppid=1 auid=4294967295 uid=0 gid=0 euid=0 suid=0 fsuid=0 egid=0 sgid=0 fsgid=0 tty=(none) ses=4294967295 comm="netbpfload" exe="/apex/com.android.tethering/bin/netbpfload" subj=u:r:bpfloader:s0 key=(null)
[    9.742018] type=1327 audit(1790859833.575:36): proctitle="/apex/com.android.tethering/bin/netbpfload"
[    9.742519] type=1320 audit(1790859833.575:36): 
[    9.742839] type=1334 audit(1790859833.575:37): prog-id=26 op=LOAD
[    9.743784] type=1300 audit(1790859833.575:37): arch=c000003e syscall=321 success=yes exit=47 a0=5 a1=7ffcdf5a88a0 a2=94 a3=35 items=0 ppid=1 auid=4294967295 uid=0 gid=0 euid=0 suid=0 fsuid=0 egid=0 sgid=0 fsgid=0 tty=(none) ses=4294967295 comm="netbpfload" exe="/apex/com.android.tethering/bin/netbpfload" subj=u:r:bpfloader:s0 key=(null)
[    9.745005] type=1327 audit(1790859833.575:37): proctitle="/apex/com.android.tethering/bin/netbpfload"
[    9.746933] type=1320 audit(1790859833.575:37): 
[    9.747220] type=1334 audit(1790859833.575:38): prog-id=27 op=LOAD
[    9.747555] type=1300 audit(1790859833.575:38): arch=c000003e syscall=321 success=yes exit=48 a0=5 a1=7ffcdf5a88a0 a2=94 a3=37 items=0 ppid=1 auid=4294967295 uid=0 gid=0 euid=0 suid=0 fsuid=0 egid=0 sgid=0 fsgid=0 tty=(none) ses=4294967295 comm="netbpfload" exe="/apex/com.android.tethering/bin/netbpfload" subj=u:r:bpfloader:s0 key=(null)
[    9.748789] type=1327 audit(1790859833.575:38): proctitle="/apex/com.android.tethering/bin/netbpfload"
[    9.749203] type=1320 audit(1790859833.575:38): 
[    9.749507] type=1334 audit(1790859833.575:39): prog-id=28 op=LOAD
[    9.749845] type=1300 audit(1790859833.575:39): arch=c000003e syscall=321 success=yes exit=49 a0=5 a1=7ffcdf5a88a0 a2=94 a3=1c items=0 ppid=1 auid=4294967295 uid=0 gid=0 euid=0 suid=0 fsuid=0 egid=0 sgid=0 fsgid=0 tty=(none) ses=4294967295 comm="netbpfload" exe="/apex/com.android.tethering/bin/netbpfload" subj=u:r:bpfloader:s0 key=(null)
[    9.751094] type=1327 audit(1790859833.575:39): proctitle="/apex/com.android.tethering/bin/netbpfload"
[    9.751552] type=1320 audit(1790859833.575:39): 
[    9.751810] type=1334 audit(1790859833.575:40): prog-id=29 op=LOAD
[    9.752138] type=1300 audit(1790859833.575:40): arch=c000003e syscall=321 success=yes exit=50 a0=5 a1=7ffcdf5a88a0 a2=94 a3=10 items=0 ppid=1 auid=4294967295 uid=0 gid=0 euid=0 suid=0 fsuid=0 egid=0 sgid=0 fsgid=0 tty=(none) ses=4294967295 comm="netbpfload" exe="/apex/com.android.tethering/bin/netbpfload" subj=u:r:bpfloader:s0 key=(null)
[    9.754224] type=1327 audit(1790859833.575:40): proctitle="/apex/com.android.tethering/bin/netbpfload"
[    9.754754] type=1320 audit(1790859833.575:40): 
[    9.755040] type=1334 audit(1790859833.575:41): prog-id=30 op=LOAD
[    9.755371] type=1300 audit(1790859833.575:41): arch=c000003e syscall=321 success=yes exit=51 a0=5 a1=7ffcdf5a88a0 a2=94 a3=5b items=0 ppid=1 auid=4294967295 uid=0 gid=0 euid=0 suid=0 fsuid=0 egid=0 sgid=0 fsgid=0 tty=(none) ses=4294967295 comm="netbpfload" exe="/apex/com.android.tethering/bin/netbpfload" subj=u:r:bpfloader:s0 key=(null)
[    9.756600] type=1327 audit(1790859833.575:41): proctitle="/apex/com.android.tethering/bin/netbpfload"
[    9.757008] type=1320 audit(1790859833.575:41): 
[    9.757313] type=1334 audit(1790859833.575:42): prog-id=31 op=LOAD
[    9.757524] type=1300 audit(1790859833.575:42): arch=c000003e syscall=321 success=yes exit=52 a0=5 a1=7ffcdf5a88a0 a2=94 a3=a items=0 ppid=1 auid=4294967295 uid=0 gid=0 euid=0 suid=0 fsuid=0 egid=0 sgid=0 fsgid=0 tty=(none) ses=4294967295 comm="netbpfload" exe="/apex/com.android.tethering/bin/netbpfload" subj=u:r:bpfloader:s0 key=(null)
[    9.758744] type=1327 audit(1790859833.575:42): proctitle="/apex/com.android.tethering/bin/netbpfload"
[    9.759180] type=1320 audit(1790859833.575:42): 
[    9.759480] type=1334 audit(1790859833.575:43): prog-id=32 op=LOAD
[    9.760253] type=1300 audit(1790859833.575:43): arch=c000003e syscall=321 success=yes exit=53 a0=5 a1=7ffcdf5a88a0 a2=94 a3=63 items=0 ppid=1 auid=4294967295 uid=0 gid=0 euid=0 suid=0 fsuid=0 egid=0 sgid=0 fsgid=0 tty=(none) ses=4294967295 comm="netbpfload" exe="/apex/com.android.tethering/bin/netbpfload" subj=u:r:bpfloader:s0 key=(null)
[    9.761292] type=1327 audit(1790859833.575:43): proctitle="/apex/com.android.tethering/bin/netbpfload"
[    9.761763] type=1320 audit(1790859833.575:43): 
[    9.762038] type=1334 audit(1790859833.579:44): prog-id=33 op=LOAD
[    9.762427] type=1300 audit(1790859833.579:44): arch=c000003e syscall=321 success=yes exit=54 a0=5 a1=7ffcdf5a88a0 a2=94 a3=63 items=0 ppid=1 auid=4294967295 uid=0 gid=0 euid=0 suid=0 fsuid=0 egid=0 sgid=0 fsgid=0 tty=(none) ses=4294967295 comm="netbpfload" exe="/apex/com.android.tethering/bin/netbpfload" subj=u:r:bpfloader:s0 key=(null)
[    9.763938] type=1327 audit(1790859833.579:44): proctitle="/apex/com.android.tethering/bin/netbpfload"
[    9.764172] type=1320 audit(1790859833.579:44): 
[    9.764324] type=1334 audit(1790859833.579:45): prog-id=34 op=LOAD
[    9.764527] type=1300 audit(1790859833.579:45): arch=c000003e syscall=321 success=yes exit=55 a0=5 a1=7ffcdf5a88a0 a2=94 a3=2 items=0 ppid=1 auid=4294967295 uid=0 gid=0 euid=0 suid=0 fsuid=0 egid=0 sgid=0 fsgid=0 tty=(none) ses=4294967295 comm="netbpfload" exe="/apex/com.android.tethering/bin/netbpfload" subj=u:r:bpfloader:s0 key=(null)
[    9.764551] type=1327 audit(1790859833.579:45): proctitle="/apex/com.android.tethering/bin/netbpfload"
[    9.765701] type=1320 audit(1790859833.579:45): 
[    9.767728] type=1334 audit(1790859833.579:46): prog-id=35 op=LOAD
[    9.768057] type=1300 audit(1790859833.579:46): arch=c000003e syscall=321 success=yes exit=56 a0=5 a1=7ffcdf5a88a0 a2=94 a3=2 items=0 ppid=1 auid=4294967295 uid=0 gid=0 euid=0 suid=0 fsuid=0 egid=0 sgid=0 fsgid=0 tty=(none) ses=4294967295 comm="netbpfload" exe="/apex/com.android.tethering/bin/netbpfload" subj=u:r:bpfloader:s0 key=(null)
[    9.768607] NetBpfLoad: done, transferring control to uprobestatsbpfload.
[    9.769430] type=1327 audit(1790859833.579:46): proctitle="/apex/com.android.tethering/bin/netbpfload"
[    9.769767] type=1320 audit(1790859833.579:46): 
[    9.769920] type=1334 audit(1790859833.579:47): prog-id=36 op=LOAD
[    9.770168] type=1300 audit(1790859833.579:47): arch=c000003e syscall=321 success=yes exit=57 a0=5 a1=7ffcdf5a88a0 a2=94 a3=2 items=0 ppid=1 auid=4294967295 uid=0 gid=0 euid=0 suid=0 fsuid=0 egid=0 sgid=0 fsgid=0 tty=(none) ses=4294967295 comm="netbpfload" exe="/apex/com.android.tethering/bin/netbpfload" subj=u:r:bpfloader:s0 key=(null)
[    9.771517] type=1327 audit(1790859833.579:47): proctitle="/apex/com.android.tethering/bin/netbpfload"
[    9.771958] type=1320 audit(1790859833.579:47): 
[    9.772217] type=1334 audit(1790859833.579:48): prog-id=37 op=LOAD
[    9.772644] type=1300 audit(1790859833.579:48): arch=c000003e syscall=321 success=yes exit=58 a0=5 a1=7ffcdf5a88a0 a2=94 a3=2 items=0 ppid=1 auid=4294967295 uid=0 gid=0 euid=0 suid=0 fsuid=0 egid=0 sgid=0 fsgid=0 tty=(none) ses=4294967295 comm="netbpfload" exe="/apex/com.android.tethering/bin/netbpfload" subj=u:r:bpfloader:s0 key=(null)
[    9.774038] type=1327 audit(1790859833.579:48): proctitle="/apex/com.android.tethering/bin/netbpfload"
[    9.774589] type=1320 audit(1790859833.579:48): 
[    9.774928] type=1334 audit(1790859833.579:49): prog-id=38 op=LOAD
[    9.775287] type=1300 audit(1790859833.579:49): arch=c000003e syscall=321 success=yes exit=59 a0=5 a1=7ffcdf5a88a0 a2=94 a3=2 items=0 ppid=1 auid=4294967295 uid=0 gid=0 euid=0 suid=0 fsuid=0 egid=0 sgid=0 fsgid=0 tty=(none) ses=4294967295 comm="netbpfload" exe="/apex/com.android.tethering/bin/netbpfload" subj=u:r:bpfloader:s0 key=(null)
[    9.776876] type=1327 audit(1790859833.579:49): proctitle="/apex/com.android.tethering/bin/netbpfload"
[    9.777342] type=1320 audit(1790859833.579:49): 
[    9.777690] type=1334 audit(1790859833.579:50): prog-id=39 op=LOAD
[    9.778045] type=1300 audit(1790859833.579:50): arch=c000003e syscall=321 success=yes exit=60 a0=5 a1=7ffcdf5a88a0 a2=94 a3=2 items=0 ppid=1 auid=4294967295 uid=0 gid=0 euid=0 suid=0 fsuid=0 egid=0 sgid=0 fsgid=0 tty=(none) ses=4294967295 comm="netbpfload" exe="/apex/com.android.tethering/bin/netbpfload" subj=u:r:bpfloader:s0 key=(null)
[    9.779541] type=1327 audit(1790859833.579:50): proctitle="/apex/com.android.tethering/bin/netbpfload"
[    9.780049] type=1320 audit(1790859833.579:50): 
[    9.780335] type=1334 audit(1790859833.579:51): prog-id=40 op=LOAD
[    9.780694] type=1300 audit(1790859833.579:51): arch=c000003e syscall=321 success=yes exit=61 a0=5 a1=7ffcdf5a88a0 a2=94 a3=50 items=0 ppid=1 auid=4294967295 uid=0 gid=0 euid=0 suid=0 fsuid=0 egid=0 sgid=0 fsgid=0 tty=(none) ses=4294967295 comm="netbpfload" exe="/apex/com.android.tethering/bin/netbpfload" subj=u:r:bpfloader:s0 key=(null)
[    9.782955] type=1327 audit(1790859833.579:51): proctitle="/apex/com.android.tethering/bin/netbpfload"
[    9.783522] type=1320 audit(1790859833.579:51): 
[    9.783922] type=1334 audit(1790859833.579:52): prog-id=41 op=LOAD
[    9.784271] type=1300 audit(1790859833.579:52): arch=c000003e syscall=321 success=yes exit=62 a0=5 a1=7ffcdf5a88a0 a2=94 a3=43 items=0 ppid=1 auid=4294967295 uid=0 gid=0 euid=0 suid=0 fsuid=0 egid=0 sgid=0 fsgid=0 tty=(none) ses=4294967295 comm="netbpfload" exe="/apex/com.android.tethering/bin/netbpfload" subj=u:r:bpfloader:s0 key=(null)
[    9.785678] type=1327 audit(1790859833.579:52): proctitle="/apex/com.android.tethering/bin/netbpfload"
[    9.786137] type=1320 audit(1790859833.579:52): 
[    9.792193] UprobeStatsBpfLoad: UprobeStatsBpfLoad loading optional ELF object /apex/com.android.uprobestats/etc/bpf/uprobestats/BitmapAllocation.o with license GPL
[    9.796118] type=1334 audit(1790859833.655:53): prog-id=42 op=LOAD
[    9.796428] type=1300 audit(1790859833.655:53): arch=c000003e syscall=321 success=yes exit=8 a0=5 a1=7ffcc6823e00 a2=a8 a3=1 items=0 ppid=1 auid=4294967295 uid=0 gid=0 euid=0 suid=0 fsuid=0 egid=0 sgid=0 fsgid=0 tty=(none) ses=4294967295 comm="uprobestatsbpfl" exe="/apex/com.android.uprobestats/bin/uprobestatsbpfload" subj=u:r:bpfloader:s0 key=(null)
[    9.798046] type=1327 audit(1790859833.655:53): proctitle="/apex/com.android.tethering/bin/netbpfload"
[    9.798818] type=1320 audit(1790859833.655:53): 
[    9.799080] type=1334 audit(1790859833.655:54): prog-id=43 op=LOAD
[    9.799377] type=1300 audit(1790859833.655:54): arch=c000003e syscall=321 success=yes exit=9 a0=5 a1=7ffcc6823e00 a2=a8 a3=1 items=0 ppid=1 auid=4294967295 uid=0 gid=0 euid=0 suid=0 fsuid=0 egid=0 sgid=0 fsgid=0 tty=(none) ses=4294967295 comm="uprobestatsbpfl" exe="/apex/com.android.uprobestats/bin/uprobestatsbpfload" subj=u:r:bpfloader:s0 key=(null)
[    9.817148] type=1327 audit(1790859833.655:54): proctitle="/apex/com.android.tethering/bin/netbpfload"
[    9.817533] UprobeStatsBpfLoad: UprobeStatsBpfLoad loading optional ELF object /apex/com.android.uprobestats/etc/bpf/uprobestats/Binder.o with license GPL
[    9.818187] type=1320 audit(1790859833.655:54): 
[    9.820750] type=1334 audit(1790859833.655:55): prog-id=44 op=LOAD
[    9.825759] type=1300 audit(1790859833.655:55): arch=c000003e syscall=321 success=yes exit=10 a0=5 a1=7ffcc6823e00 a2=a8 a3=1 items=0 ppid=1 auid=4294967295 uid=0 gid=0 euid=0 suid=0 fsuid=0 egid=0 sgid=0 fsgid=0 tty=(none) ses=4294967295 comm="uprobestatsbpfl" exe="/apex/com.android.uprobestats/bin/uprobestatsbpfload" subj=u:r:bpfloader:s0 key=(null)
[    9.832722] type=1327 audit(1790859833.655:55): proctitle="/apex/com.android.tethering/bin/netbpfload"
[    9.834726] type=1320 audit(1790859833.655:55): 
[    9.834907] UprobeStatsBpfLoad: UprobeStatsBpfLoad loading optional ELF object /apex/com.android.uprobestats/etc/bpf/uprobestats/Accessibility.o with license GPL
[    9.836246] type=1334 audit(1790859833.659:56): prog-id=45 op=LOAD
[    9.836547] type=1300 audit(1790859833.659:56): arch=c000003e syscall=321 success=yes exit=11 a0=5 a1=7ffcc6823e00 a2=a8 a3=1 items=0 ppid=1 auid=4294967295 uid=0 gid=0 euid=0 suid=0 fsuid=0 egid=0 sgid=0 fsgid=0 tty=(none) ses=4294967295 comm="uprobestatsbpfl" exe="/apex/com.android.uprobestats/bin/uprobestatsbpfload" subj=u:r:bpfloader:s0 key=(null)
[    9.841518] type=1327 audit(1790859833.659:56): proctitle="/apex/com.android.tethering/bin/netbpfload"
[    9.847214] type=1320 audit(1790859833.659:56): 
[    9.849318] type=1334 audit(1790859833.659:57): prog-id=46 op=LOAD
[    9.849637] UprobeStatsBpfLoad: UprobeStatsBpfLoad loading optional ELF object /apex/com.android.uprobestats/etc/bpf/uprobestats/ArtTest.o with license GPL
[    9.855066] type=1300 audit(1790859833.659:57): arch=c000003e syscall=321 success=yes exit=12 a0=5 a1=7ffcc6823e00 a2=a8 a3=1 items=0 ppid=1 auid=4294967295 uid=0 gid=0 euid=0 suid=0 fsuid=0 egid=0 sgid=0 fsgid=0 tty=(none) ses=4294967295 comm="uprobestatsbpfl" exe="/apex/com.android.uprobestats/bin/uprobestatsbpfload" subj=u:r:bpfloader:s0 key=(null)
[    9.867773] type=1327 audit(1790859833.659:57): proctitle="/apex/com.android.tethering/bin/netbpfload"
[    9.868580] type=1320 audit(1790859833.659:57): 
[    9.868929] UprobeStatsBpfLoad: BPF_PROG_LOAD call for /apex/com.android.uprobestats/etc/bpf/uprobestats/ArtTest.o (uprobe_update_device_idle_temp_allowlist) returned fd: -1 (Permission denied)
[    9.871192] type=1334 audit(1790859833.659:58): prog-id=47 op=LOAD
[    9.871211] UprobeStatsBpfLoad: non-optional program failed to load.
[    9.871641] UprobeStatsBpfLoad: Failed to load programs, loadCodeSections ret=-1
[    9.871880] type=1300 audit(1790859833.659:58): arch=c000003e syscall=321 success=yes exit=13 a0=5 a1=7ffcc6823e00 a2=a8 a3=1 items=0 ppid=1 auid=4294967295 uid=0 gid=0 euid=0 suid=0 fsuid=0 egid=0 sgid=0 fsgid=0 tty=(none) ses=4294967295 comm="uprobestatsbpfl" exe="/apex/com.android.uprobestats/bin/uprobestatsbpfload" subj=u:r:bpfloader:s0 key=(null)
[    9.872929] UprobeStatsBpfLoad: Failed to load object: /apex/com.android.uprobestats/etc/bpf/uprobestats/ArtTest.o, ret: Operation not permitted
[    9.873974] type=1327 audit(1790859833.659:58): proctitle="/apex/com.android.tethering/bin/netbpfload"
[    9.875623] UprobeStatsBpfLoad: UprobeStatsBpfLoad loading optional ELF object /apex/com.android.uprobestats/etc/bpf/uprobestats/GenericInstrumentation.o with license GPL
[    9.882672] type=1320 audit(1790859833.659:58): 
[    9.889185] type=1334 audit(1790859833.695:59): prog-id=48 op=LOAD
[    9.893355] type=1300 audit(1790859833.695:59): arch=c000003e syscall=321 success=yes exit=7 a0=5 a1=7ffcc6823e00 a2=a8 a3=1 items=0 ppid=1 auid=4294967295 uid=0 gid=0 euid=0 suid=0 fsuid=0 egid=0 sgid=0 fsgid=0 tty=(none) ses=4294967295 comm="uprobestatsbpfl" exe="/apex/com.android.uprobestats/bin/uprobestatsbpfload" subj=u:r:bpfloader:s0 key=(null)
[    9.898419] type=1327 audit(1790859833.695:59): proctitle="/apex/com.android.tethering/bin/netbpfload"
[    9.898811] type=1320 audit(1790859833.695:59): 
[    9.899055] type=1334 audit(1790859833.703:60): prog-id=49 op=LOAD
[    9.899339] type=1300 audit(1790859833.703:60): arch=c000003e syscall=321 success=yes exit=6 a0=5 a1=7ffcc6823e00 a2=a8 a3=1 items=0 ppid=1 auid=4294967295 uid=0 gid=0 euid=0 suid=0 fsuid=0 egid=0 sgid=0 fsgid=0 tty=(none) ses=4294967295 comm="uprobestatsbpfl" exe="/apex/com.android.uprobestats/bin/uprobestatsbpfload" subj=u:r:bpfloader:s0 key=(null)
[    9.900325] type=1327 audit(1790859833.703:60): proctitle="/apex/com.android.tethering/bin/netbpfload"
[    9.901092] type=1320 audit(1790859833.703:60): 
[    9.901106] type=1334 audit(1790859833.707:61): prog-id=50 op=LOAD
[    9.901126] type=1300 audit(1790859833.707:61): arch=c000003e syscall=321 success=yes exit=7 a0=5 a1=7ffcc6823e00 a2=a8 a3=1 items=0 ppid=1 auid=4294967295 uid=0 gid=0 euid=0 suid=0 fsuid=0 egid=0 sgid=0 fsgid=0 tty=(none) ses=4294967295 comm="uprobestatsbpfl" exe="/apex/com.android.uprobestats/bin/uprobestatsbpfload" subj=u:r:bpfloader:s0 key=(null)
[    9.901140] type=1327 audit(1790859833.707:61): proctitle="/apex/com.android.tethering/bin/netbpfload"
[    9.901152] type=1320 audit(1790859833.707:61): 
[    9.901162] type=1334 audit(1790859833.747:62): prog-id=51 op=LOAD
[    9.901177] type=1300 audit(1790859833.747:62): arch=c000003e syscall=321 success=yes exit=7 a0=5 a1=7ffcc6823e00 a2=a8 a3=1 items=0 ppid=1 auid=4294967295 uid=0 gid=0 euid=0 suid=0 fsuid=0 egid=0 sgid=0 fsgid=0 tty=(none) ses=4294967295 comm="uprobestatsbpfl" exe="/apex/com.android.uprobestats/bin/uprobestatsbpfload" subj=u:r:bpfloader:s0 key=(null)
[    9.901190] type=1327 audit(1790859833.747:62): proctitle="/apex/com.android.tethering/bin/netbpfload"
[    9.901201] type=1320 audit(1790859833.747:62): 
[    9.901211] type=1334 audit(1790859833.755:63): prog-id=52 op=LOAD
[    9.901225] type=1300 audit(1790859833.755:63): arch=c000003e syscall=321 success=yes exit=8 a0=5 a1=7ffcc6823e00 a2=a8 a3=1 items=0 ppid=1 auid=4294967295 uid=0 gid=0 euid=0 suid=0 fsuid=0 egid=0 sgid=0 fsgid=0 tty=(none) ses=4294967295 comm="uprobestatsbpfl" exe="/apex/com.android.uprobestats/bin/uprobestatsbpfload" subj=u:r:bpfloader:s0 key=(null)
[    9.901237] type=1327 audit(1790859833.755:63): proctitle="/apex/com.android.tethering/bin/netbpfload"
[    9.901248] type=1320 audit(1790859833.755:63): 
[    9.901258] type=1334 audit(1790859833.759:64): prog-id=53 op=LOAD
[    9.901272] type=1300 audit(1790859833.759:64): arch=c000003e syscall=321 success=yes exit=9 a0=5 a1=7ffcc6823e00 a2=a8 a3=1 items=0 ppid=1 auid=4294967295 uid=0 gid=0 euid=0 suid=0 fsuid=0 egid=0 sgid=0 fsgid=0 tty=(none) ses=4294967295 comm="uprobestatsbpfl" exe="/apex/com.android.uprobestats/bin/uprobestatsbpfload" subj=u:r:bpfloader:s0 key=(null)
[    9.901284] type=1327 audit(1790859833.759:64): proctitle="/apex/com.android.tethering/bin/netbpfload"
[    9.901294] type=1320 audit(1790859833.759:64): 
[    9.901304] type=1334 audit(1790859833.759:65): prog-id=54 op=LOAD
[    9.901318] type=1300 audit(1790859833.759:65): arch=c000003e syscall=321 success=yes exit=10 a0=5 a1=7ffcc6823e00 a2=a8 a3=1 items=0 ppid=1 auid=4294967295 uid=0 gid=0 euid=0 suid=0 fsuid=0 egid=0 sgid=0 fsgid=0 tty=(none) ses=4294967295 comm="uprobestatsbpfl" exe="/apex/com.android.uprobestats/bin/uprobestatsbpfload" subj=u:r:bpfloader:s0 key=(null)
[    9.901331] type=1327 audit(1790859833.759:65): proctitle="/apex/com.android.tethering/bin/netbpfload"
[    9.901341] type=1320 audit(1790859833.759:65): 
[    9.901352] type=1334 audit(1790859833.759:66): prog-id=55 op=LOAD
[    9.901365] type=1300 audit(1790859833.759:66): arch=c000003e syscall=321 success=yes exit=11 a0=5 a1=7ffcc6823e00 a2=a8 a3=1 items=0 ppid=1 auid=4294967295 uid=0 gid=0 euid=0 suid=0 fsuid=0 egid=0 sgid=0 fsgid=0 tty=(none) ses=4294967295 comm="uprobestatsbpfl" exe="/apex/com.android.uprobestats/bin/uprobestatsbpfload" subj=u:r:bpfloader:s0 key=(null)
[    9.901377] type=1327 audit(1790859833.759:66): proctitle="/apex/com.android.tethering/bin/netbpfload"
[    9.901387] type=1320 audit(1790859833.759:66): 
[    9.901397] type=1334 audit(1790859833.759:67): prog-id=56 op=LOAD
[    9.901411] type=1300 audit(1790859833.759:67): arch=c000003e syscall=321 success=yes exit=12 a0=5 a1=7ffcc6823e00 a2=a8 a3=1 items=0 ppid=1 auid=4294967295 uid=0 gid=0 euid=0 suid=0 fsuid=0 egid=0 sgid=0 fsgid=0 tty=(none) ses=4294967295 comm="uprobestatsbpfl" exe="/apex/com.android.uprobestats/bin/uprobestatsbpfload" subj=u:r:bpfloader:s0 key=(null)
[    9.901423] type=1327 audit(1790859833.759:67): proctitle="/apex/com.android.tethering/bin/netbpfload"
[    9.901433] type=1320 audit(1790859833.759:67): 
[    9.901443] type=1334 audit(1790859833.759:68): prog-id=57 op=LOAD
[    9.901457] type=1300 audit(1790859833.759:68): arch=c000003e syscall=321 success=yes exit=13 a0=5 a1=7ffcc6823e00 a2=a8 a3=1 items=0 ppid=1 auid=4294967295 uid=0 gid=0 euid=0 suid=0 fsuid=0 egid=0 sgid=0 fsgid=0 tty=(none) ses=4294967295 comm="uprobestatsbpfl" exe="/apex/com.android.uprobestats/bin/uprobestatsbpfload" subj=u:r:bpfloader:s0 key=(null)
[    9.901511] type=1327 audit(1790859833.759:68): proctitle="/apex/com.android.tethering/bin/netbpfload"
[    9.901534] type=1320 audit(1790859833.759:68): 
[    9.905073] UprobeStatsBpfLoad: UprobeStatsBpfLoad loading optional ELF object /apex/com.android.uprobestats/etc/bpf/uprobestats/ProcessManagement.o with license GPL
[    9.928735] type=1334 audit(1790859833.787:69): prog-id=58 op=LOAD
[    9.930849] UprobeStatsBpfLoad: BPF_PROG_LOAD call for /apex/com.android.uprobestats/etc/bpf/uprobestats/ProcessManagement.o (uprobe_update_device_idle_temp_allowlist) returned fd: -1 (Permission denied)
[    9.930858] type=1300 audit(1790859833.787:69): arch=c000003e syscall=321 success=yes exit=8 a0=5 a1=7ffcc6823e00 a2=a8 a3=1 items=0 ppid=1 auid=4294967295 uid=0 gid=0 euid=0 suid=0 fsuid=0 egid=0 sgid=0 fsgid=0 tty=(none) ses=4294967295 comm="uprobestatsbpfl" exe="/apex/com.android.uprobestats/bin/uprobestatsbpfload" subj=u:r:bpfloader:s0 key=(null)
[    9.931620] UprobeStatsBpfLoad: non-optional program failed to load.
[    9.931626] UprobeStatsBpfLoad: Failed to load programs, loadCodeSections ret=-1
[    9.931650] UprobeStatsBpfLoad: Failed to load object: /apex/com.android.uprobestats/etc/bpf/uprobestats/ProcessManagement.o, ret: Operation not permitted
[    9.932540] type=1327 audit(1790859833.787:69): proctitle="/apex/com.android.tethering/bin/netbpfload"
[    9.933893] UprobeStatsBpfLoad: UprobeStatsBpfLoad loading optional ELF object /apex/com.android.uprobestats/etc/bpf/uprobestats/DisruptiveApp.o with license GPL
[    9.935232] type=1320 audit(1790859833.787:69): 
[    9.937587] UprobeStatsBpfLoad: BPF_PROG_LOAD call for /apex/com.android.uprobestats/etc/bpf/uprobestats/DisruptiveApp.o (uprobe_bind_service_locked) returned fd: -1 (Permission denied)
[    9.938314] UprobeStatsBpfLoad: non-optional program failed to load.
[    9.938835] UprobeStatsBpfLoad: Failed to load programs, loadCodeSections ret=-1
[    9.939259] UprobeStatsBpfLoad: Failed to load object: /apex/com.android.uprobestats/etc/bpf/uprobestats/DisruptiveApp.o, ret: Operation not permitted
[    9.956466] type=1334 audit(1790859833.815:70): prog-id=59 op=LOAD
[    9.958832] type=1300 audit(1790859833.815:70): arch=c000003e syscall=321 success=yes exit=4 a0=5 a1=7ffc29afe1f8 a2=74 a3=2a items=0 ppid=1 auid=4294967295 uid=0 gid=0 euid=0 suid=0 fsuid=0 egid=0 sgid=0 fsgid=0 tty=(none) ses=4294967295 comm="bpfloader" exe="/system/bin/bpfloader" subj=u:r:bpfloader:s0 key=(null)
[    9.959805] type=1327 audit(1790859833.815:70): proctitle="/apex/com.android.tethering/bin/netbpfload"
[    9.960158] type=1320 audit(1790859833.815:70): 
[    9.960379] type=1334 audit(1790859833.815:71): prog-id=59 op=UNLOAD
[    9.960651] type=1300 audit(1790859833.815:71): arch=c000003e syscall=3 success=yes exit=0 a0=4 a1=0 a2=0 a3=2a items=0 ppid=1 auid=4294967295 uid=0 gid=0 euid=0 suid=0 fsuid=0 egid=0 sgid=0 fsgid=0 tty=(none) ses=4294967295 comm="bpfloader" exe="/system/bin/bpfloader" subj=u:r:bpfloader:s0 key=(null)
[    9.962443] type=1327 audit(1790859833.815:71): proctitle="/apex/com.android.tethering/bin/netbpfload"
[    9.962887] type=1320 audit(1790859833.815:71): 
[    9.963104] type=1334 audit(1790859833.815:72): prog-id=60 op=LOAD
[    9.963369] type=1300 audit(1790859833.815:72): arch=c000003e syscall=321 success=yes exit=4 a0=5 a1=7ffc29afe260 a2=94 a3=2 items=0 ppid=1 auid=4294967295 uid=0 gid=0 euid=0 suid=0 fsuid=0 egid=0 sgid=0 fsgid=0 tty=(none) ses=4294967295 comm="bpfloader" exe="/system/bin/bpfloader" subj=u:r:bpfloader:s0 key=(null)
[    9.964541] type=1327 audit(1790859833.815:72): proctitle="/apex/com.android.tethering/bin/netbpfload"
[    9.964846] type=1320 audit(1790859833.815:72): 
[    9.965060] type=1334 audit(1790859833.815:73): prog-id=60 op=UNLOAD
[    9.966305] type=1300 audit(1790859833.815:73): arch=c000003e syscall=3 success=yes exit=0 a0=4 a1=0 a2=0 a3=2 items=0 ppid=1 auid=4294967295 uid=0 gid=0 euid=0 suid=0 fsuid=0 egid=0 sgid=0 fsgid=0 tty=(none) ses=4294967295 comm="bpfloader" exe="/system/bin/bpfloader" subj=u:r:bpfloader:s0 key=(null)
[    9.967442] type=1327 audit(1790859833.815:73): proctitle="/apex/com.android.tethering/bin/netbpfload"
[    9.967844] type=1320 audit(1790859833.815:73): 
[    9.988428] type=1334 audit(1790859833.847:74): prog-id=61 op=LOAD
[    9.988759] type=1300 audit(1790859833.847:74): arch=c000003e syscall=321 success=yes exit=20 a0=5 a1=7ffc29afdf58 a2=40 a3=4 items=0 ppid=1 auid=4294967295 uid=0 gid=0 euid=0 suid=0 fsuid=0 egid=0 sgid=0 fsgid=0 tty=(none) ses=4294967295 comm="bpfloader" exe="/system/bin/bpfloader" subj=u:r:bpfloader:s0 key=(null)
[    9.990902] type=1327 audit(1790859833.847:74): proctitle="/apex/com.android.tethering/bin/netbpfload"
[    9.991245] type=1320 audit(1790859833.847:74): 
[    9.991458] type=1334 audit(1790859833.847:75): prog-id=61 op=UNLOAD
[    9.991776] type=1300 audit(1790859833.847:75): arch=c000003e syscall=3 success=yes exit=0 a0=14 a1=0 a2=0 a3=4 items=0 ppid=1 auid=4294967295 uid=0 gid=0 euid=0 suid=0 fsuid=0 egid=0 sgid=0 fsgid=0 tty=(none) ses=4294967295 comm="bpfloader" exe="/system/bin/bpfloader" subj=u:r:bpfloader:s0 key=(null)
[    9.992658] type=1327 audit(1790859833.847:75): proctitle="/apex/com.android.tethering/bin/netbpfload"
[    9.993018] type=1320 audit(1790859833.847:75): 
[    9.993223] type=1334 audit(1790859833.847:76): prog-id=62 op=LOAD
[    9.993500] type=1300 audit(1790859833.847:76): arch=c000003e syscall=321 success=yes exit=20 a0=5 a1=7ffc29afe0f0 a2=94 a3=7ffc29afe1d0 items=0 ppid=1 auid=4294967295 uid=0 gid=0 euid=0 suid=0 fsuid=0 egid=0 sgid=0 fsgid=0 tty=(none) ses=4294967295 comm="bpfloader" exe="/system/bin/bpfloader" subj=u:r:bpfloader:s0 key=(null)
[    9.994587] type=1327 audit(1790859833.847:76): proctitle="/apex/com.android.tethering/bin/netbpfload"
[    9.994948] type=1320 audit(1790859833.847:76): 
[    9.995693] type=1334 audit(1790859833.847:77): prog-id=62 op=UNLOAD
[    9.995999] type=1300 audit(1790859833.847:77): arch=c000003e syscall=3 success=yes exit=0 a0=14 a1=0 a2=0 a3=7ffc29afe1d0 items=0 ppid=1 auid=4294967295 uid=0 gid=0 euid=0 suid=0 fsuid=0 egid=0 sgid=0 fsgid=0 tty=(none) ses=4294967295 comm="bpfloader" exe="/system/bin/bpfloader" subj=u:r:bpfloader:s0 key=(null)
[    9.996868] type=1327 audit(1790859833.847:77): proctitle="/apex/com.android.tethering/bin/netbpfload"
[    9.997233] type=1320 audit(1790859833.847:77): 
[    9.997458] type=1334 audit(1790859833.855:78): prog-id=63 op=LOAD
[    9.998302] type=1300 audit(1790859833.855:78): arch=c000003e syscall=321 success=yes exit=20 a0=5 a1=7ffc29afe170 a2=94 a3=6 items=0 ppid=1 auid=4294967295 uid=0 gid=0 euid=0 suid=0 fsuid=0 egid=0 sgid=0 fsgid=0 tty=(none) ses=4294967295 comm="bpfloader" exe="/system/bin/bpfloader" subj=u:r:bpfloader:s0 key=(null)
[    9.999406] type=1327 audit(1790859833.855:78): proctitle="/apex/com.android.tethering/bin/netbpfload"
[    9.999770] type=1320 audit(1790859833.855:78): 
[    9.999982] type=1334 audit(1790859833.855:79): prog-id=63 op=UNLOAD
[   10.000243] type=1300 audit(1790859833.855:79): arch=c000003e syscall=3 success=yes exit=0 a0=14 a1=0 a2=0 a3=6 items=0 ppid=1 auid=4294967295 uid=0 gid=0 euid=0 suid=0 fsuid=0 egid=0 sgid=0 fsgid=0 tty=(none) ses=4294967295 comm="bpfloader" exe="/system/bin/bpfloader" subj=u:r:bpfloader:s0 key=(null)
[   10.001015] type=1327 audit(1790859833.855:79): proctitle="/apex/com.android.tethering/bin/netbpfload"
[   10.001307] type=1320 audit(1790859833.855:79): 
[   10.001544] type=1334 audit(1790859833.855:80): prog-id=64 op=LOAD
[   10.001822] type=1300 audit(1790859833.855:80): arch=c000003e syscall=321 success=yes exit=20 a0=5 a1=7ffc29afe260 a2=94 a3=375 items=0 ppid=1 auid=4294967295 uid=0 gid=0 euid=0 suid=0 fsuid=0 egid=0 sgid=0 fsgid=0 tty=(none) ses=4294967295 comm="bpfloader" exe="/system/bin/bpfloader" subj=u:r:bpfloader:s0 key=(null)
[   10.004067] type=1327 audit(1790859833.855:80): proctitle="/apex/com.android.tethering/bin/netbpfload"
[   10.004431] type=1320 audit(1790859833.855:80): 
[   10.004727] type=1334 audit(1790859833.859:81): prog-id=65 op=LOAD
[   10.004999] type=1300 audit(1790859833.859:81): arch=c000003e syscall=321 success=yes exit=21 a0=5 a1=7ffc29afe260 a2=94 a3=1f items=0 ppid=1 auid=4294967295 uid=0 gid=0 euid=0 suid=0 fsuid=0 egid=0 sgid=0 fsgid=0 tty=(none) ses=4294967295 comm="bpfloader" exe="/system/bin/bpfloader" subj=u:r:bpfloader:s0 key=(null)
[   10.005896] type=1327 audit(1790859833.859:81): proctitle="/apex/com.android.tethering/bin/netbpfload"
[   10.006202] type=1320 audit(1790859833.859:81): 
[   10.006522] type=1334 audit(1790859833.859:82): prog-id=66 op=LOAD
[   10.006957] type=1300 audit(1790859833.859:82): arch=c000003e syscall=321 success=yes exit=22 a0=5 a1=7ffc29afe260 a2=94 a3=98 items=0 ppid=1 auid=4294967295 uid=0 gid=0 euid=0 suid=0 fsuid=0 egid=0 sgid=0 fsgid=0 tty=(none) ses=4294967295 comm="bpfloader" exe="/system/bin/bpfloader" subj=u:r:bpfloader:s0 key=(null)
[   10.008618] type=1327 audit(1790859833.859:82): proctitle="/apex/com.android.tethering/bin/netbpfload"
[   10.009140] type=1320 audit(1790859833.859:82): 
[   10.009456] type=1334 audit(1790859833.863:83): prog-id=67 op=LOAD
[   10.009885] type=1300 audit(1790859833.863:83): arch=c000003e syscall=321 success=yes exit=4 a0=5 a1=7ffc29afe260 a2=94 a3=2 items=0 ppid=1 auid=4294967295 uid=0 gid=0 euid=0 suid=0 fsuid=0 egid=0 sgid=0 fsgid=0 tty=(none) ses=4294967295 comm="bpfloader" exe="/system/bin/bpfloader" subj=u:r:bpfloader:s0 key=(null)
[   10.011103] type=1327 audit(1790859833.863:83): proctitle="/apex/com.android.tethering/bin/netbpfload"
[   10.012333] type=1320 audit(1790859833.863:83): 
[   10.012572] type=1334 audit(1790859833.863:84): prog-id=67 op=UNLOAD
[   10.012878] type=1300 audit(1790859833.863:84): arch=c000003e syscall=3 success=yes exit=0 a0=4 a1=0 a2=0 a3=2 items=0 ppid=1 auid=4294967295 uid=0 gid=0 euid=0 suid=0 fsuid=0 egid=0 sgid=0 fsgid=0 tty=(none) ses=4294967295 comm="bpfloader" exe="/system/bin/bpfloader" subj=u:r:bpfloader:s0 key=(null)
[   10.013895] type=1327 audit(1790859833.863:84): proctitle="/apex/com.android.tethering/bin/netbpfload"
[   10.014254] type=1320 audit(1790859833.863:84): 
[   10.014673] type=1334 audit(1790859833.863:85): prog-id=68 op=LOAD
[   10.014956] type=1300 audit(1790859833.863:85): arch=c000003e syscall=321 success=yes exit=7 a0=5 a1=7ffc29afe0a0 a2=94 a3=5 items=0 ppid=1 auid=4294967295 uid=0 gid=0 euid=0 suid=0 fsuid=0 egid=0 sgid=0 fsgid=0 tty=(none) ses=4294967295 comm="bpfloader" exe="/system/bin/bpfloader" subj=u:r:bpfloader:s0 key=(null)
[   10.015894] type=1327 audit(1790859833.863:85): proctitle="/apex/com.android.tethering/bin/netbpfload"
[   10.016245] type=1320 audit(1790859833.863:85): 
[   10.016524] type=1334 audit(1790859833.863:86): prog-id=68 op=UNLOAD
[   10.017855] type=1300 audit(1790859833.863:86): arch=c000003e syscall=3 success=yes exit=0 a0=7 a1=0 a2=0 a3=5 items=0 ppid=1 auid=4294967295 uid=0 gid=0 euid=0 suid=0 fsuid=0 egid=0 sgid=0 fsgid=0 tty=(none) ses=4294967295 comm="bpfloader" exe="/system/bin/bpfloader" subj=u:r:bpfloader:s0 key=(null)
[   10.018917] type=1327 audit(1790859833.863:86): proctitle="/apex/com.android.tethering/bin/netbpfload"
[   10.019246] type=1320 audit(1790859833.863:86): 
[   10.019452] type=1334 audit(1790859833.863:87): prog-id=69 op=LOAD
[   10.019749] type=1300 audit(1790859833.863:87): arch=c000003e syscall=321 success=yes exit=6 a0=5 a1=7ffc29afe260 a2=94 a3=2f items=0 ppid=1 auid=4294967295 uid=0 gid=0 euid=0 suid=0 fsuid=0 egid=0 sgid=0 fsgid=0 tty=(none) ses=4294967295 comm="bpfloader" exe="/system/bin/bpfloader" subj=u:r:bpfloader:s0 key=(null)
[   10.022432] type=1327 audit(1790859833.863:87): proctitle="/apex/com.android.tethering/bin/netbpfload"
[   10.023208] type=1320 audit(1790859833.863:87): 
[   10.023915] type=1334 audit(1790859833.871:88): prog-id=70 op=LOAD
[   10.024367] type=1300 audit(1790859833.871:88): arch=c000003e syscall=321 success=yes exit=8 a0=5 a1=7ffc29afe0c0 a2=94 a3=2 items=0 ppid=1 auid=4294967295 uid=0 gid=0 euid=0 suid=0 fsuid=0 egid=0 sgid=0 fsgid=0 tty=(none) ses=4294967295 comm="bpfloader" exe="/system/bin/bpfloader" subj=u:r:bpfloader:s0 key=(null)
[   10.027063] type=1327 audit(1790859833.871:88): proctitle="/apex/com.android.tethering/bin/netbpfload"
[   10.027955] type=1320 audit(1790859833.871:88): 
[   10.028207] type=1334 audit(1790859833.871:89): prog-id=70 op=UNLOAD
[   10.029020] type=1300 audit(1790859833.871:89): arch=c000003e syscall=3 success=yes exit=0 a0=8 a1=0 a2=0 a3=7ffc29afe1a8 items=0 ppid=1 auid=4294967295 uid=0 gid=0 euid=0 suid=0 fsuid=0 egid=0 sgid=0 fsgid=0 tty=(none) ses=4294967295 comm="bpfloader" exe="/system/bin/bpfloader" subj=u:r:bpfloader:s0 key=(null)
[   10.032274] type=1327 audit(1790859833.871:89): proctitle="/apex/com.android.tethering/bin/netbpfload"
[   10.033404] type=1320 audit(1790859833.871:89): 
[   10.033767] type=1334 audit(1790859833.871:90): prog-id=71 op=LOAD
[   10.034635] type=1300 audit(1790859833.871:90): arch=c000003e syscall=321 success=yes exit=4 a0=5 a1=7ffc29afe260 a2=94 a3=2 items=0 ppid=1 auid=4294967295 uid=0 gid=0 euid=0 suid=0 fsuid=0 egid=0 sgid=0 fsgid=0 tty=(none) ses=4294967295 comm="bpfloader" exe="/system/bin/bpfloader" subj=u:r:bpfloader:s0 key=(null)
[   10.037688] type=1327 audit(1790859833.871:90): proctitle="/apex/com.android.tethering/bin/netbpfload"
[   10.038080] type=1320 audit(1790859833.871:90): 
[   10.038319] type=1334 audit(1790859833.871:91): prog-id=71 op=UNLOAD
[   10.039759] type=1300 audit(1790859833.871:91): arch=c000003e syscall=3 success=yes exit=0 a0=4 a1=0 a2=0 a3=2 items=0 ppid=1 auid=4294967295 uid=0 gid=0 euid=0 suid=0 fsuid=0 egid=0 sgid=0 fsgid=0 tty=(none) ses=4294967295 comm="bpfloader" exe="/system/bin/bpfloader" subj=u:r:bpfloader:s0 key=(null)
[   10.040912] type=1327 audit(1790859833.871:91): proctitle="/apex/com.android.tethering/bin/netbpfload"
[   10.042124] type=1320 audit(1790859833.871:91): 
[   10.042520] type=1334 audit(1790859833.871:92): prog-id=72 op=LOAD
[   10.042903] type=1300 audit(1790859833.871:92): arch=c000003e syscall=321 success=yes exit=6 a0=5 a1=7ffc29afe260 a2=94 a3=20 items=0 ppid=1 auid=4294967295 uid=0 gid=0 euid=0 suid=0 fsuid=0 egid=0 sgid=0 fsgid=0 tty=(none) ses=4294967295 comm="bpfloader" exe="/system/bin/bpfloader" subj=u:r:bpfloader:s0 key=(null)
[   10.044799] type=1327 audit(1790859833.871:92): proctitle="/apex/com.android.tethering/bin/netbpfload"
[   10.046165] type=1320 audit(1790859833.871:92): 
[   10.046563] type=1334 audit(1790859833.871:93): prog-id=73 op=LOAD
[   10.046918] type=1300 audit(1790859833.871:93): arch=c000003e syscall=321 success=yes exit=4 a0=5 a1=7ffc29afe260 a2=94 a3=2 items=0 ppid=1 auid=4294967295 uid=0 gid=0 euid=0 suid=0 fsuid=0 egid=0 sgid=0 fsgid=0 tty=(none) ses=4294967295 comm="bpfloader" exe="/system/bin/bpfloader" subj=u:r:bpfloader:s0 key=(null)
[   10.048418] type=1327 audit(1790859833.871:93): proctitle="/apex/com.android.tethering/bin/netbpfload"
[   10.049735] type=1320 audit(1790859833.871:93): 
[   10.050003] type=1334 audit(1790859833.871:94): prog-id=73 op=UNLOAD
[   10.050346] type=1300 audit(1790859833.871:94): arch=c000003e syscall=3 success=yes exit=0 a0=4 a1=0 a2=0 a3=2 items=0 ppid=1 auid=4294967295 uid=0 gid=0 euid=0 suid=0 fsuid=0 egid=0 sgid=0 fsgid=0 tty=(none) ses=4294967295 comm="bpfloader" exe="/system/bin/bpfloader" subj=u:r:bpfloader:s0 key=(null)
[   10.053667] type=1327 audit(1790859833.871:94): proctitle="/apex/com.android.tethering/bin/netbpfload"
[   10.054123] type=1320 audit(1790859833.871:94): 
[   10.054504] type=1334 audit(1790859833.871:95): prog-id=74 op=LOAD
[   10.054887] type=1300 audit(1790859833.871:95): arch=c000003e syscall=321 success=yes exit=7 a0=5 a1=7ffc29afe260 a2=94 a3=55 items=0 ppid=1 auid=4294967295 uid=0 gid=0 euid=0 suid=0 fsuid=0 egid=0 sgid=0 fsgid=0 tty=(none) ses=4294967295 comm="bpfloader" exe="/system/bin/bpfloader" subj=u:r:bpfloader:s0 key=(null)
[   10.056927] type=1327 audit(1790859833.871:95): proctitle="/apex/com.android.tethering/bin/netbpfload"
[   10.058038] type=1320 audit(1790859833.871:95): 
[   10.058256] type=1334 audit(1790859833.875:96): prog-id=75 op=LOAD
[   10.059312] type=1300 audit(1790859833.875:96): arch=c000003e syscall=321 success=yes exit=4 a0=5 a1=7ffc29afe260 a2=94 a3=2 items=0 ppid=1 auid=4294967295 uid=0 gid=0 euid=0 suid=0 fsuid=0 egid=0 sgid=0 fsgid=0 tty=(none) ses=4294967295 comm="bpfloader" exe="/system/bin/bpfloader" subj=u:r:bpfloader:s0 key=(null)
[   10.061227] type=1327 audit(1790859833.875:96): proctitle="/apex/com.android.tethering/bin/netbpfload"
[   10.061673] type=1320 audit(1790859833.875:96): 
[   10.062556] type=1334 audit(1790859833.875:97): prog-id=75 op=UNLOAD
[   10.063393] type=1300 audit(1790859833.875:97): arch=c000003e syscall=3 success=yes exit=0 a0=4 a1=0 a2=0 a3=2 items=0 ppid=1 auid=4294967295 uid=0 gid=0 euid=0 suid=0 fsuid=0 egid=0 sgid=0 fsgid=0 tty=(none) ses=4294967295 comm="bpfloader" exe="/system/bin/bpfloader" subj=u:r:bpfloader:s0 key=(null)
[   10.065053] type=1327 audit(1790859833.875:97): proctitle="/apex/com.android.tethering/bin/netbpfload"
[   10.065778] type=1320 audit(1790859833.875:97): 
[   10.066001] type=1334 audit(1790859833.875:98): prog-id=76 op=LOAD
[   10.066852] type=1300 audit(1790859833.875:98): arch=c000003e syscall=321 success=yes exit=7 a0=5 a1=7ffc29afe260 a2=94 a3=2e items=0 ppid=1 auid=4294967295 uid=0 gid=0 euid=0 suid=0 fsuid=0 egid=0 sgid=0 fsgid=0 tty=(none) ses=4294967295 comm="bpfloader" exe="/system/bin/bpfloader" subj=u:r:bpfloader:s0 key=(null)
[   10.071098] type=1327 audit(1790859833.875:98): proctitle="/apex/com.android.tethering/bin/netbpfload"
[   10.071458] type=1320 audit(1790859833.875:98): 
[   10.071716] type=1334 audit(1790859833.875:99): prog-id=77 op=LOAD
[   10.072021] type=1300 audit(1790859833.875:99): arch=c000003e syscall=321 success=yes exit=8 a0=5 a1=7ffc29afe260 a2=94 a3=e items=0 ppid=1 auid=4294967295 uid=0 gid=0 euid=0 suid=0 fsuid=0 egid=0 sgid=0 fsgid=0 tty=(none) ses=4294967295 comm="bpfloader" exe="/system/bin/bpfloader" subj=u:r:bpfloader:s0 key=(null)
[   10.073393] type=1327 audit(1790859833.875:99): proctitle="/apex/com.android.tethering/bin/netbpfload"
[   10.073886] type=1320 audit(1790859833.875:99): 
[   10.074568] type=1334 audit(1790859833.875:100): prog-id=78 op=LOAD
[   10.075365] type=1300 audit(1790859833.875:100): arch=c000003e syscall=321 success=yes exit=9 a0=5 a1=7ffc29afe260 a2=94 a3=f items=0 ppid=1 auid=4294967295 uid=0 gid=0 euid=0 suid=0 fsuid=0 egid=0 sgid=0 fsgid=0 tty=(none) ses=4294967295 comm="bpfloader" exe="/system/bin/bpfloader" subj=u:r:bpfloader:s0 key=(null)
[   10.075416] BpfLoader: Platform BpfLoader loading critical for healthd ELF object /vendor/etc/bpf/filterPowerSupplyEvents.o with license Apache 2.0
[   10.077933] type=1327 audit(1790859833.875:100): proctitle="/apex/com.android.tethering/bin/netbpfload"
[   10.079113] type=1320 audit(1790859833.875:100): 
[   10.079348] type=1334 audit(1790859833.875:101): prog-id=79 op=LOAD
[   10.079699] BpfLoader: No maps section could be found in elf object
[   10.079768] type=1300 audit(1790859833.875:101): arch=c000003e syscall=321 success=yes exit=10 a0=5 a1=7ffc29afe260 a2=94 a3=16 items=0 ppid=1 auid=4294967295 uid=0 gid=0 euid=0 suid=0 fsuid=0 egid=0 sgid=0 fsgid=0 tty=(none) ses=4294967295 comm="bpfloader" exe="/system/bin/bpfloader" subj=u:r:bpfloader:s0 key=(null)
[   10.083136] type=1327 audit(1790859833.875:101): proctitle="/apex/com.android.tethering/bin/netbpfload"
[   10.083876] type=1320 audit(1790859833.875:101): 
[   10.084191] type=1334 audit(1790859833.875:102): prog-id=80 op=LOAD
[   10.084597] type=1300 audit(1790859833.875:102): arch=c000003e syscall=321 success=yes exit=11 a0=5 a1=7ffc29afe260 a2=94 a3=12 items=0 ppid=1 auid=4294967295 uid=0 gid=0 euid=0 suid=0 fsuid=0 egid=0 sgid=0 fsgid=0 tty=(none) ses=4294967295 comm="bpfloader" exe="/system/bin/bpfloader" subj=u:r:bpfloader:s0 key=(null)
[   10.086012] type=1327 audit(1790859833.875:102): proctitle="/apex/com.android.tethering/bin/netbpfload"
[   10.086683] type=1320 audit(1790859833.875:102): 
[   10.086994] type=1334 audit(1790859833.875:103): prog-id=81 op=LOAD
[   10.087396] type=1300 audit(1790859833.875:103): arch=c000003e syscall=321 success=yes exit=12 a0=5 a1=7ffc29afe260 a2=94 a3=19 items=0 ppid=1 auid=4294967295 uid=0 gid=0 euid=0 suid=0 fsuid=0 egid=0 sgid=0 fsgid=0 tty=(none) ses=4294967295 comm="bpfloader" exe="/system/bin/bpfloader" subj=u:r:bpfloader:s0 key=(null)
[   10.088872] type=1327 audit(1790859833.875:103): proctitle="/apex/com.android.tethering/bin/netbpfload"
[   10.089400] type=1320 audit(1790859833.875:103): 
[   10.089735] type=1334 audit(1790859833.875:104): prog-id=82 op=LOAD
[   10.090114] type=1300 audit(1790859833.875:104): arch=c000003e syscall=321 success=yes exit=13 a0=5 a1=7ffc29afe260 a2=94 a3=f items=0 ppid=1 auid=4294967295 uid=0 gid=0 euid=0 suid=0 fsuid=0 egid=0 sgid=0 fsgid=0 tty=(none) ses=4294967295 comm="bpfloader" exe="/system/bin/bpfloader" subj=u:r:bpfloader:s0 key=(null)
[   10.091672] type=1327 audit(1790859833.875:104): proctitle="/apex/com.android.tethering/bin/netbpfload"
[   10.092141] type=1320 audit(1790859833.875:104): 
[   10.092426] type=1334 audit(1790859833.875:105): prog-id=83 op=LOAD
[   10.093093] type=1300 audit(1790859833.875:105): arch=c000003e syscall=321 success=yes exit=4 a0=5 a1=7ffc29afe260 a2=94 a3=2 items=0 ppid=1 auid=4294967295 uid=0 gid=0 euid=0 suid=0 fsuid=0 egid=0 sgid=0 fsgid=0 tty=(none) ses=4294967295 comm="bpfloader" exe="/system/bin/bpfloader" subj=u:r:bpfloader:s0 key=(null)
[   10.094581] type=1327 audit(1790859833.875:105): proctitle="/apex/com.android.tethering/bin/netbpfload"
[   10.095065] type=1320 audit(1790859833.875:105): 
[   10.095344] type=1334 audit(1790859833.875:106): prog-id=83 op=UNLOAD
[   10.095763] type=1300 audit(1790859833.875:106): arch=c000003e syscall=3 success=yes exit=0 a0=4 a1=0 a2=0 a3=2 items=0 ppid=1 auid=4294967295 uid=0 gid=0 euid=0 suid=0 fsuid=0 egid=0 sgid=0 fsgid=0 tty=(none) ses=4294967295 comm="bpfloader" exe="/system/bin/bpfloader" subj=u:r:bpfloader:s0 key=(null)
[   10.096999] type=1327 audit(1790859833.875:106): proctitle="/apex/com.android.tethering/bin/netbpfload"
[   10.097452] type=1320 audit(1790859833.875:106): 
[   10.097788] type=1334 audit(1790859833.875:107): prog-id=84 op=LOAD
[   10.098164] type=1300 audit(1790859833.875:107): arch=c000003e syscall=321 success=yes exit=7 a0=5 a1=7ffc29afe260 a2=94 a3=2e items=0 ppid=1 auid=4294967295 uid=0 gid=0 euid=0 suid=0 fsuid=0 egid=0 sgid=0 fsgid=0 tty=(none) ses=4294967295 comm="bpfloader" exe="/system/bin/bpfloader" subj=u:r:bpfloader:s0 key=(null)
[   10.099565] type=1327 audit(1790859833.875:107): proctitle="/apex/com.android.tethering/bin/netbpfload"
[   10.100070] type=1320 audit(1790859833.875:107): 
[   10.100231] type=1334 audit(1790859833.879:108): prog-id=85 op=LOAD
[   10.101774] type=1300 audit(1790859833.879:108): arch=c000003e syscall=321 success=yes exit=8 a0=5 a1=7ffc29afe260 a2=94 a3=38 items=0 ppid=1 auid=4294967295 uid=0 gid=0 euid=0 suid=0 fsuid=0 egid=0 sgid=0 fsgid=0 tty=(none) ses=4294967295 comm="bpfloader" exe="/system/bin/bpfloader" subj=u:r:bpfloader:s0 key=(null)
[   10.103206] type=1327 audit(1790859833.879:108): proctitle="/apex/com.android.tethering/bin/netbpfload"
[   10.103742] type=1320 audit(1790859833.879:108): 
[   10.104083] type=1334 audit(1790859833.879:109): prog-id=86 op=LOAD
[   10.104437] type=1300 audit(1790859833.879:109): arch=c000003e syscall=321 success=yes exit=9 a0=5 a1=7ffc29afe260 a2=94 a3=e items=0 ppid=1 auid=4294967295 uid=0 gid=0 euid=0 suid=0 fsuid=0 egid=0 sgid=0 fsgid=0 tty=(none) ses=4294967295 comm="bpfloader" exe="/system/bin/bpfloader" subj=u:r:bpfloader:s0 key=(null)
[   10.105875] type=1327 audit(1790859833.879:109): proctitle="/apex/com.android.tethering/bin/netbpfload"
[   10.106329] type=1320 audit(1790859833.879:109): 
[   10.108765] type=1334 audit(1790859833.879:110): prog-id=87 op=LOAD
[   10.109133] type=1300 audit(1790859833.879:110): arch=c000003e syscall=321 success=yes exit=10 a0=5 a1=7ffc29afe260 a2=94 a3=f items=0 ppid=1 auid=4294967295 uid=0 gid=0 euid=0 suid=0 fsuid=0 egid=0 sgid=0 fsgid=0 tty=(none) ses=4294967295 comm="bpfloader" exe="/system/bin/bpfloader" subj=u:r:bpfloader:s0 key=(null)
[   10.110573] type=1327 audit(1790859833.879:110): proctitle="/apex/com.android.tethering/bin/netbpfload"
[   10.111044] type=1320 audit(1790859833.879:110): 
[   10.111364] type=1334 audit(1790859833.879:111): prog-id=88 op=LOAD
[   10.111745] type=1300 audit(1790859833.879:111): arch=c000003e syscall=321 success=yes exit=11 a0=5 a1=7ffc29afe260 a2=94 a3=13 items=0 ppid=1 auid=4294967295 uid=0 gid=0 euid=0 suid=0 fsuid=0 egid=0 sgid=0 fsgid=0 tty=(none) ses=4294967295 comm="bpfloader" exe="/system/bin/bpfloader" subj=u:r:bpfloader:s0 key=(null)
[   10.113099] type=1327 audit(1790859833.879:111): proctitle="/apex/com.android.tethering/bin/netbpfload"
[   10.115655] type=1320 audit(1790859833.879:111): 
[   10.115965] type=1334 audit(1790859833.879:112): prog-id=89 op=LOAD
[   10.116318] type=1300 audit(1790859833.879:112): arch=c000003e syscall=321 success=yes exit=12 a0=5 a1=7ffc29afe260 a2=94 a3=11 items=0 ppid=1 auid=4294967295 uid=0 gid=0 euid=0 suid=0 fsuid=0 egid=0 sgid=0 fsgid=0 tty=(none) ses=4294967295 comm="bpfloader" exe="/system/bin/bpfloader" subj=u:r:bpfloader:s0 key=(null)
[   10.117699] type=1327 audit(1790859833.879:112): proctitle="/apex/com.android.tethering/bin/netbpfload"
[   10.118161] type=1320 audit(1790859833.879:112): 
[   10.118555] type=1334 audit(1790859833.879:113): prog-id=90 op=LOAD
[   10.118945] type=1300 audit(1790859833.879:113): arch=c000003e syscall=321 success=yes exit=13 a0=5 a1=7ffc29afe260 a2=94 a3=13 items=0 ppid=1 auid=4294967295 uid=0 gid=0 euid=0 suid=0 fsuid=0 egid=0 sgid=0 fsgid=0 tty=(none) ses=4294967295 comm="bpfloader" exe="/system/bin/bpfloader" subj=u:r:bpfloader:s0 key=(null)
[   10.120264] type=1327 audit(1790859833.879:113): proctitle="/apex/com.android.tethering/bin/netbpfload"
[   10.120753] type=1320 audit(1790859833.879:113): 
[   10.121048] type=1334 audit(1790859833.879:114): prog-id=91 op=LOAD
[   10.121397] type=1300 audit(1790859833.879:114): arch=c000003e syscall=321 success=yes exit=14 a0=5 a1=7ffc29afe260 a2=94 a3=11 items=0 ppid=1 auid=4294967295 uid=0 gid=0 euid=0 suid=0 fsuid=0 egid=0 sgid=0 fsgid=0 tty=(none) ses=4294967295 comm="bpfloader" exe="/system/bin/bpfloader" subj=u:r:bpfloader:s0 key=(null)
[   10.122752] type=1327 audit(1790859833.879:114): proctitle="/apex/com.android.tethering/bin/netbpfload"
[   10.123265] type=1320 audit(1790859833.879:114): 
[   10.124704] type=1334 audit(1790859833.879:115): prog-id=92 op=LOAD
[   10.125058] type=1300 audit(1790859833.879:115): arch=c000003e syscall=321 success=yes exit=4 a0=5 a1=7ffc29afe260 a2=94 a3=2 items=0 ppid=1 auid=4294967295 uid=0 gid=0 euid=0 suid=0 fsuid=0 egid=0 sgid=0 fsgid=0 tty=(none) ses=4294967295 comm="bpfloader" exe="/system/bin/bpfloader" subj=u:r:bpfloader:s0 key=(null)
[   10.126541] type=1327 audit(1790859833.879:115): proctitle="/apex/com.android.tethering/bin/netbpfload"
[   10.127015] type=1320 audit(1790859833.879:115): 
[   10.127301] type=1334 audit(1790859833.879:116): prog-id=92 op=UNLOAD
[   10.127692] type=1300 audit(1790859833.879:116): arch=c000003e syscall=3 success=yes exit=0 a0=4 a1=0 a2=0 a3=2 items=0 ppid=1 auid=4294967295 uid=0 gid=0 euid=0 suid=0 fsuid=0 egid=0 sgid=0 fsgid=0 tty=(none) ses=4294967295 comm="bpfloader" exe="/system/bin/bpfloader" subj=u:r:bpfloader:s0 key=(null)
[   10.129793] type=1327 audit(1790859833.879:116): proctitle="/apex/com.android.tethering/bin/netbpfload"
[   10.130256] type=1320 audit(1790859833.879:116): 
[   10.130692] type=1334 audit(1790859833.879:117): prog-id=93 op=LOAD
[   10.131051] type=1300 audit(1790859833.879:117): arch=c000003e syscall=321 success=yes exit=6 a0=5 a1=7ffc29afe260 a2=94 a3=f items=0 ppid=1 auid=4294967295 uid=0 gid=0 euid=0 suid=0 fsuid=0 egid=0 sgid=0 fsgid=0 tty=(none) ses=4294967295 comm="bpfloader" exe="/system/bin/bpfloader" subj=u:r:bpfloader:s0 key=(null)
[   10.132375] type=1327 audit(1790859833.879:117): proctitle="/apex/com.android.tethering/bin/netbpfload"
[   10.136685] type=1320 audit(1790859833.879:117): 
[   10.136853] type=1334 audit(1790859833.879:118): prog-id=94 op=LOAD
[   10.137042] type=1300 audit(1790859833.879:118): arch=c000003e syscall=321 success=yes exit=4 a0=5 a1=7ffc29afe260 a2=94 a3=2 items=0 ppid=1 auid=4294967295 uid=0 gid=0 euid=0 suid=0 fsuid=0 egid=0 sgid=0 fsgid=0 tty=(none) ses=4294967295 comm="bpfloader" exe="/system/bin/bpfloader" subj=u:r:bpfloader:s0 key=(null)
[   10.137826] type=1327 audit(1790859833.879:118): proctitle="/apex/com.android.tethering/bin/netbpfload"
[   10.139720] type=1320 audit(1790859833.879:118): 
[   10.139945] type=1334 audit(1790859833.879:119): prog-id=94 op=UNLOAD
[   10.140302] type=1300 audit(1790859833.879:119): arch=c000003e syscall=3 success=yes exit=0 a0=4 a1=0 a2=0 a3=2 items=0 ppid=1 auid=4294967295 uid=0 gid=0 euid=0 suid=0 fsuid=0 egid=0 sgid=0 fsgid=0 tty=(none) ses=4294967295 comm="bpfloader" exe="/system/bin/bpfloader" subj=u:r:bpfloader:s0 key=(null)
[   10.141135] type=1327 audit(1790859833.879:119): proctitle="/apex/com.android.tethering/bin/netbpfload"
[   10.141374] type=1320 audit(1790859833.879:119): 
[   10.141578] type=1334 audit(1790859833.879:120): prog-id=95 op=LOAD
[   10.141931] type=1300 audit(1790859833.879:120): arch=c000003e syscall=321 success=yes exit=7 a0=5 a1=7ffc29afe260 a2=94 a3=40 items=0 ppid=1 auid=4294967295 uid=0 gid=0 euid=0 suid=0 fsuid=0 egid=0 sgid=0 fsgid=0 tty=(none) ses=4294967295 comm="bpfloader" exe="/system/bin/bpfloader" subj=u:r:bpfloader:s0 key=(null)
[   10.143268] type=1327 audit(1790859833.879:120): proctitle="/apex/com.android.tethering/bin/netbpfload"
[   10.143862] type=1320 audit(1790859833.879:120): 
[   10.147651] type=1334 audit(1790859833.879:121): prog-id=96 op=LOAD
[   10.148047] type=1300 audit(1790859833.879:121): arch=c000003e syscall=321 success=yes exit=8 a0=5 a1=7ffc29afe260 a2=94 a3=42 items=0 ppid=1 auid=4294967295 uid=0 gid=0 euid=0 suid=0 fsuid=0 egid=0 sgid=0 fsgid=0 tty=(none) ses=4294967295 comm="bpfloader" exe="/system/bin/bpfloader" subj=u:r:bpfloader:s0 key=(null)
[   10.148952] type=1327 audit(1790859833.879:121): proctitle="/apex/com.android.tethering/bin/netbpfload"
[   10.149330] type=1320 audit(1790859833.879:121): 
[   10.149542] type=1334 audit(1790859833.883:122): prog-id=97 op=LOAD
[   10.149934] type=1300 audit(1790859833.883:122): arch=c000003e syscall=321 success=yes exit=4 a0=5 a1=7ffc29afe260 a2=94 a3=2 items=0 ppid=1 auid=4294967295 uid=0 gid=0 euid=0 suid=0 fsuid=0 egid=0 sgid=0 fsgid=0 tty=(none) ses=4294967295 comm="bpfloader" exe="/system/bin/bpfloader" subj=u:r:bpfloader:s0 key=(null)
[   10.150754] type=1327 audit(1790859833.883:122): proctitle="/apex/com.android.tethering/bin/netbpfload"
[   10.151064] type=1320 audit(1790859833.883:122): 
[   10.151355] type=1334 audit(1790859833.883:123): prog-id=97 op=UNLOAD
[   10.152277] type=1300 audit(1790859833.883:123): arch=c000003e syscall=3 success=yes exit=0 a0=4 a1=0 a2=0 a3=2 items=0 ppid=1 auid=4294967295 uid=0 gid=0 euid=0 suid=0 fsuid=0 egid=0 sgid=0 fsgid=0 tty=(none) ses=4294967295 comm="bpfloader" exe="/system/bin/bpfloader" subj=u:r:bpfloader:s0 key=(null)
[   10.153376] type=1327 audit(1790859833.883:123): proctitle="/apex/com.android.tethering/bin/netbpfload"
[   10.153653] type=1320 audit(1790859833.883:123): 
[   10.153997] type=1334 audit(1790859833.883:124): prog-id=98 op=LOAD
[   10.154446] type=1300 audit(1790859833.883:124): arch=c000003e syscall=321 success=yes exit=7 a0=5 a1=7ffc29afe260 a2=94 a3=40 items=0 ppid=1 auid=4294967295 uid=0 gid=0 euid=0 suid=0 fsuid=0 egid=0 sgid=0 fsgid=0 tty=(none) ses=4294967295 comm="bpfloader" exe="/system/bin/bpfloader" subj=u:r:bpfloader:s0 key=(null)
[   10.157760] type=1327 audit(1790859833.883:124): proctitle="/apex/com.android.tethering/bin/netbpfload"
[   10.158225] type=1320 audit(1790859833.883:124): 
[   10.158534] type=1334 audit(1790859833.883:125): prog-id=99 op=LOAD
[   10.158897] type=1300 audit(1790859833.883:125): arch=c000003e syscall=321 success=yes exit=8 a0=5 a1=7ffc29afe260 a2=94 a3=42 items=0 ppid=1 auid=4294967295 uid=0 gid=0 euid=0 suid=0 fsuid=0 egid=0 sgid=0 fsgid=0 tty=(none) ses=4294967295 comm="bpfloader" exe="/system/bin/bpfloader" subj=u:r:bpfloader:s0 key=(null)
[   10.159850] type=1327 audit(1790859833.883:125): proctitle="/apex/com.android.tethering/bin/netbpfload"
[   10.160186] type=1320 audit(1790859833.883:125): 
[   10.160350] type=1334 audit(1790859833.887:126): prog-id=100 op=LOAD
[   10.160656] type=1300 audit(1790859833.887:126): arch=c000003e syscall=321 success=yes exit=4 a0=5 a1=7ffc29afe260 a2=94 a3=2 items=0 ppid=1 auid=4294967295 uid=0 gid=0 euid=0 suid=0 fsuid=0 egid=0 sgid=0 fsgid=0 tty=(none) ses=4294967295 comm="bpfloader" exe="/system/bin/bpfloader" subj=u:r:bpfloader:s0 key=(null)
[   10.161454] type=1327 audit(1790859833.887:126): proctitle="/apex/com.android.tethering/bin/netbpfload"
[   10.161778] type=1320 audit(1790859833.887:126): 
[   10.162005] type=1334 audit(1790859833.887:127): prog-id=100 op=UNLOAD
[   10.163812] type=1300 audit(1790859833.887:127): arch=c000003e syscall=3 success=yes exit=0 a0=4 a1=0 a2=0 a3=2 items=0 ppid=1 auid=4294967295 uid=0 gid=0 euid=0 suid=0 fsuid=0 egid=0 sgid=0 fsgid=0 tty=(none) ses=4294967295 comm="bpfloader" exe="/system/bin/bpfloader" subj=u:r:bpfloader:s0 key=(null)
[   10.164836] type=1327 audit(1790859833.887:127): proctitle="/apex/com.android.tethering/bin/netbpfload"
[   10.165150] type=1320 audit(1790859833.887:127): 
[   10.165508] type=1334 audit(1790859833.931:128): prog-id=101 op=LOAD
[   10.165908] type=1300 audit(1790859833.931:128): arch=c000003e syscall=321 success=yes exit=6 a0=5 a1=7ffc29afe260 a2=94 a3=66 items=0 ppid=1 auid=4294967295 uid=0 gid=0 euid=0 suid=0 fsuid=0 egid=0 sgid=0 fsgid=0 tty=(none) ses=4294967295 comm="bpfloader" exe="/system/bin/bpfloader" subj=u:r:bpfloader:s0 key=(null)
[   10.168797] type=1327 audit(1790859833.931:128): proctitle="/apex/com.android.tethering/bin/netbpfload"
[   10.169157] type=1320 audit(1790859833.931:128): 
[   10.169323] type=1334 audit(1790859833.947:129): prog-id=102 op=LOAD
[   10.169590] type=1300 audit(1790859833.947:129): arch=c000003e syscall=321 success=yes exit=6 a0=5 a1=7ffc29affda0 a2=a8 a3=fffff items=0 ppid=1 auid=4294967295 uid=0 gid=0 euid=0 suid=0 fsuid=0 egid=0 sgid=0 fsgid=0 tty=(none) ses=4294967295 comm="bpfloader" exe="/system/bin/bpfloader" subj=u:r:bpfloader:s0 key=(null)
[   10.170568] type=1327 audit(1790859833.947:129): proctitle="/apex/com.android.tethering/bin/netbpfload"
[   10.170890] type=1320 audit(1790859833.947:129): 
[   10.175587] NetBpfLoad: success.
[   10.176206] init: Service 'bpfloader' (pid 590) exited with status 0 waiting took 0.631000 seconds
[   10.176946] init: Sending SIGKILL to service 'bpfloader' (pid 590) process group...
[   10.177916] libprocessgroup: Removed cgroup /sys/fs/cgroup/system/uid_0/pid_590
[   10.178755] init: start_waiting_for_property("bpf.progs_loaded", "1"): already set
[   10.179693] init: starting service 'netd1shot'...
[   10.181187] libprocessgroup: Created cgroup /sys/fs/cgroup/system/uid_0/pid_593
[   10.183199] init: ... started service 'netd1shot' has pid 593
[   10.184651] init: SVC_EXEC service 'netd1shot' pid 593 (uid 0 gid 0+1 context default) started; waiting...
[   10.226123] init: Service 'netd1shot' (pid 593) exited with status 0 waiting took 0.045000 seconds
[   10.226733] init: Sending SIGKILL to service 'netd1shot' (pid 593) process group...
[   10.227281] libprocessgroup: Removed cgroup /sys/fs/cgroup/system/uid_0/pid_593
[   10.228118] init: starting service 'netd'...
[   10.228464] init: Created socket '/dev/socket/dnsproxyd', mode 660, user 0, group 3003
[   10.228813] init: Created socket '/dev/socket/mdns', mode 660, user 0, group 1000
[   10.229176] init: Created socket '/dev/socket/fwmarkd', mode 660, user 0, group 3003
[   10.230643] libprocessgroup: Created cgroup /sys/fs/cgroup/system/uid_0/pid_594
[   10.232215] init: ... started service 'netd' has pid 594
[   10.233665] init: processing action (zygote-start) from (/system/etc/init/hw/init.rc:1091)
[   10.233993] init: start_waiting_for_property("odsign.verification.done", "1"): already set
[   10.234976] init: starting service 'statsd'...
[   10.235345] init: Created socket '/dev/socket/statsdw', mode 222, user 1066, group 1066
[   10.237016] libprocessgroup: Created cgroup /sys/fs/cgroup/system/uid_1066
[   10.239040] libprocessgroup: Created cgroup /sys/fs/cgroup/system/uid_1066/pid_595
[   10.246856] init: ... started service 'statsd' has pid 595
[   10.247181] init: starting service 'zygote'...
[   10.247591] init: Created socket '/dev/socket/zygote', mode 660, user 0, group 1000
[   10.247924] init: Created socket '/dev/socket/usap_pool_primary', mode 660, user 0, group 1000
[   10.252122] libprocessgroup: Created cgroup /sys/fs/cgroup/system/uid_0/pid_596
[   10.255110] init: ... started service 'zygote' has pid 596
[   10.255414] init: Command 'start zygote_secondary' action=zygote-start (/system/etc/init/hw/init.rc:1095) took 0ms and failed: service zygote_secondary not found
[   10.256454] init: processing action (firmware_mounts_complete) from (/system/etc/init/hw/init.rc:514)
[   10.262765] init: processing action (early-boot) from (/system/etc/init/installd.rc:7)
[   10.281811] init: processing action (early-boot) from (/system/etc/init/kcmdlinectrl.rc:17)
[   10.282268] init: starting service 'exec 13 (/system/bin/kcmdlinectrl update-props)'...
[   10.293814] servicemanager: Notifying apexservice they don't (previously: do) have clients when we now have no record of a client
[   10.294597] libbinder.AidlLazyServiceRegistrar: Process has 0 (of 1 available) client(s) in use after notification apexservice has clients: 0
[   10.296018] libbinder.AidlLazyServiceRegistrar: Shutdown prevented by forcePersist override flag.
[   10.299943] libprocessgroup: Created cgroup /sys/fs/cgroup/system/uid_0/pid_600
[   10.308201] init: ... started service 'exec 13 (/system/bin/kcmdlinectrl update-props)' has pid 600
[   10.308773] init: processing action (boot) from (/system/etc/init/hw/init.rc:1112)
[   10.340917] type=1325 audit(1790859834.199:130): table=filter family=2 entries=0 op=xt_register subj=u:r:netd:s0 comm="iptables-restor"
[   10.342091] type=1300 audit(1790859834.199:130): arch=c000003e syscall=55 success=yes exit=0 a0=4 a1=0 a2=40 a3=7ffc9e915c90 items=0 ppid=594 auid=4294967295 uid=0 gid=0 euid=0 suid=0 fsuid=0 egid=0 sgid=0 fsgid=0 tty=(none) ses=4294967295 comm="iptables-restor" exe="/system/bin/iptables" subj=u:r:netd:s0 key=(null)
[   10.349249] type=1327 audit(1790859834.199:130): proctitle=2F73797374656D2F62696E2F69707461626C65732D726573746F7265002D2D6E6F666C757368002D77002D76
[   10.350038] type=1320 audit(1790859834.199:130): 
[   10.350268] type=1325 audit(1790859834.199:131): table=filter family=2 entries=4 op=xt_replace subj=u:r:netd:s0 comm="iptables-restor"
[   10.353270] type=1300 audit(1790859834.199:131): arch=c000003e syscall=54 success=yes exit=0 a0=4 a1=0 a2=40 a3=7df0c74114b0 items=0 ppid=594 auid=4294967295 uid=0 gid=0 euid=0 suid=0 fsuid=0 egid=0 sgid=0 fsgid=0 tty=(none) ses=4294967295 comm="iptables-restor" exe="/system/bin/iptables" subj=u:r:netd:s0 key=(null)
[   10.354578] type=1327 audit(1790859834.199:131): proctitle=2F73797374656D2F62696E2F69707461626C65732D726573746F7265002D2D6E6F666C757368002D77002D76
[   10.355178] type=1320 audit(1790859834.199:131): 
[   10.355985] type=1325 audit(1790859834.199:132): table=filter family=10 entries=0 op=xt_register subj=u:r:netd:s0 comm="ip6tables-resto"
[   10.356467] type=1300 audit(1790859834.199:132): arch=c000003e syscall=55 success=yes exit=0 a0=4 a1=29 a2=40 a3=7ffde88c1cd0 items=0 ppid=594 auid=4294967295 uid=0 gid=0 euid=0 suid=0 fsuid=0 egid=0 sgid=0 fsgid=0 tty=(none) ses=4294967295 comm="ip6tables-resto" exe="/system/bin/iptables" subj=u:r:netd:s0 key=(null)
[   10.357437] type=1327 audit(1790859834.199:132): proctitle=2F73797374656D2F62696E2F6970367461626C65732D726573746F7265002D2D6E6F666C757368002D77002D76
[   10.358657] type=1320 audit(1790859834.199:132): 
[   10.358863] type=1325 audit(1790859834.199:133): table=filter family=10 entries=4 op=xt_replace subj=u:r:netd:s0 comm="ip6tables-resto"
[   10.359952] type=1300 audit(1790859834.199:133): arch=c000003e syscall=54 success=yes exit=0 a0=4 a1=29 a2=40 a3=7c863e605d00 items=0 ppid=594 auid=4294967295 uid=0 gid=0 euid=0 suid=0 fsuid=0 egid=0 sgid=0 fsgid=0 tty=(none) ses=4294967295 comm="ip6tables-resto" exe="/system/bin/iptables" subj=u:r:netd:s0 key=(null)
[   10.361411] type=1327 audit(1790859834.199:133): proctitle=2F73797374656D2F62696E2F6970367461626C65732D726573746F7265002D2D6E6F666C757368002D77002D76
[   10.362620] type=1320 audit(1790859834.199:133): 
[   10.362854] type=1325 audit(1790859834.207:134): table=filter family=2 entries=13 op=xt_replace subj=u:r:netd:s0 comm="iptables-restor"
[   10.363252] type=1300 audit(1790859834.207:134): arch=c000003e syscall=54 success=yes exit=0 a0=4 a1=0 a2=40 a3=7def87405030 items=0 ppid=594 auid=4294967295 uid=0 gid=0 euid=0 suid=0 fsuid=0 egid=0 sgid=0 fsgid=0 tty=(none) ses=4294967295 comm="iptables-restor" exe="/system/bin/iptables" subj=u:r:netd:s0 key=(null)
[   10.364055] type=1327 audit(1790859834.207:134): proctitle=2F73797374656D2F62696E2F69707461626C65732D726573746F7265002D2D6E6F666C757368002D77002D76
[   10.364421] type=1320 audit(1790859834.207:134): 
[   10.364619] type=1325 audit(1790859834.207:135): table=filter family=10 entries=13 op=xt_replace subj=u:r:netd:s0 comm="ip6tables-resto"
[   10.364949] type=1300 audit(1790859834.207:135): arch=c000003e syscall=54 success=yes exit=0 a0=4 a1=29 a2=40 a3=7c850e60a010 items=0 ppid=594 auid=4294967295 uid=0 gid=0 euid=0 suid=0 fsuid=0 egid=0 sgid=0 fsgid=0 tty=(none) ses=4294967295 comm="ip6tables-resto" exe="/system/bin/iptables" subj=u:r:netd:s0 key=(null)
[   10.365645] type=1327 audit(1790859834.207:135): proctitle=2F73797374656D2F62696E2F6970367461626C65732D726573746F7265002D2D6E6F666C757368002D77002D76
[   10.366010] type=1320 audit(1790859834.207:135): 
[   10.366194] type=1325 audit(1790859834.207:136): table=raw family=2 entries=0 op=xt_register subj=u:r:netd:s0 comm="iptables-restor"
[   10.366618] type=1300 audit(1790859834.207:136): arch=c000003e syscall=55 success=yes exit=0 a0=4 a1=0 a2=40 a3=7ffc9e915c90 items=0 ppid=594 auid=4294967295 uid=0 gid=0 euid=0 suid=0 fsuid=0 egid=0 sgid=0 fsgid=0 tty=(none) ses=4294967295 comm="iptables-restor" exe="/system/bin/iptables" subj=u:r:netd:s0 key=(null)
[   10.367289] type=1327 audit(1790859834.207:136): proctitle=2F73797374656D2F62696E2F69707461626C65732D726573746F7265002D2D6E6F666C757368002D77002D76
[   10.367655] type=1320 audit(1790859834.207:136): 
[   10.367822] type=1325 audit(1790859834.207:137): table=raw family=2 entries=3 op=xt_replace subj=u:r:netd:s0 comm="iptables-restor"
[   10.368172] type=1300 audit(1790859834.207:137): arch=c000003e syscall=54 success=yes exit=0 a0=4 a1=0 a2=40 a3=7df0d7403010 items=0 ppid=594 auid=4294967295 uid=0 gid=0 euid=0 suid=0 fsuid=0 egid=0 sgid=0 fsgid=0 tty=(none) ses=4294967295 comm="iptables-restor" exe="/system/bin/iptables" subj=u:r:netd:s0 key=(null)
[   10.368838] type=1327 audit(1790859834.207:137): proctitle=2F73797374656D2F62696E2F69707461626C65732D726573746F7265002D2D6E6F666C757368002D77002D76
[   10.369188] type=1320 audit(1790859834.207:137): 
[   10.369377] type=1325 audit(1790859834.207:138): table=raw family=10 entries=0 op=xt_register subj=u:r:netd:s0 comm="ip6tables-resto"
[   10.369723] type=1300 audit(1790859834.207:138): arch=c000003e syscall=55 success=yes exit=0 a0=4 a1=29 a2=40 a3=7ffde88c1cd0 items=0 ppid=594 auid=4294967295 uid=0 gid=0 euid=0 suid=0 fsuid=0 egid=0 sgid=0 fsgid=0 tty=(none) ses=4294967295 comm="ip6tables-resto" exe="/system/bin/iptables" subj=u:r:netd:s0 key=(null)
[   10.370470] type=1327 audit(1790859834.207:138): proctitle=2F73797374656D2F62696E2F6970367461626C65732D726573746F7265002D2D6E6F666C757368002D77002D76
[   10.370861] type=1320 audit(1790859834.207:138): 
[   10.371035] type=1325 audit(1790859834.207:139): table=raw family=10 entries=3 op=xt_replace subj=u:r:netd:s0 comm="ip6tables-resto"
[   10.371372] type=1300 audit(1790859834.207:139): arch=c000003e syscall=54 success=yes exit=0 a0=4 a1=29 a2=40 a3=7c863e605d00 items=0 ppid=594 auid=4294967295 uid=0 gid=0 euid=0 suid=0 fsuid=0 egid=0 sgid=0 fsgid=0 tty=(none) ses=4294967295 comm="ip6tables-resto" exe="/system/bin/iptables" subj=u:r:netd:s0 key=(null)
[   10.372003] type=1327 audit(1790859834.207:139): proctitle=2F73797374656D2F62696E2F6970367461626C65732D726573746F7265002D2D6E6F666C757368002D77002D76
[   10.372361] type=1320 audit(1790859834.207:139): 
[   10.372549] type=1325 audit(1790859834.207:140): table=mangle family=2 entries=0 op=xt_register subj=u:r:netd:s0 comm="iptables-restor"
[   10.372865] type=1300 audit(1790859834.207:140): arch=c000003e syscall=55 success=yes exit=0 a0=4 a1=0 a2=40 a3=7ffc9e915c90 items=0 ppid=594 auid=4294967295 uid=0 gid=0 euid=0 suid=0 fsuid=0 egid=0 sgid=0 fsgid=0 tty=(none) ses=4294967295 comm="iptables-restor" exe="/system/bin/iptables" subj=u:r:netd:s0 key=(null)
[   10.373514] type=1327 audit(1790859834.207:140): proctitle=2F73797374656D2F62696E2F69707461626C65732D726573746F7265002D2D6E6F666C757368002D77002D76
[   10.373913] type=1320 audit(1790859834.207:140): 
[   10.374051] type=1325 audit(1790859834.207:141): table=mangle family=2 entries=6 op=xt_replace subj=u:r:netd:s0 comm="iptables-restor"
[   10.374431] type=1300 audit(1790859834.207:141): arch=c000003e syscall=54 success=yes exit=0 a0=4 a1=0 a2=40 a3=7df0e7409680 items=0 ppid=594 auid=4294967295 uid=0 gid=0 euid=0 suid=0 fsuid=0 egid=0 sgid=0 fsgid=0 tty=(none) ses=4294967295 comm="iptables-restor" exe="/system/bin/iptables" subj=u:r:netd:s0 key=(null)
[   10.375157] type=1327 audit(1790859834.207:141): proctitle=2F73797374656D2F62696E2F69707461626C65732D726573746F7265002D2D6E6F666C757368002D77002D76
[   10.375523] type=1320 audit(1790859834.207:141): 
[   10.375699] type=1325 audit(1790859834.207:142): table=mangle family=10 entries=0 op=xt_register subj=u:r:netd:s0 comm="ip6tables-resto"
[   10.376015] type=1300 audit(1790859834.207:142): arch=c000003e syscall=55 success=yes exit=0 a0=4 a1=29 a2=40 a3=7ffde88c1cd0 items=0 ppid=594 auid=4294967295 uid=0 gid=0 euid=0 suid=0 fsuid=0 egid=0 sgid=0 fsgid=0 tty=(none) ses=4294967295 comm="ip6tables-resto" exe="/system/bin/iptables" subj=u:r:netd:s0 key=(null)
[   10.376715] type=1327 audit(1790859834.207:142): proctitle=2F73797374656D2F62696E2F6970367461626C65732D726573746F7265002D2D6E6F666C757368002D77002D76
[   10.377099] type=1320 audit(1790859834.207:142): 
[   10.377279] type=1325 audit(1790859834.207:143): table=mangle family=10 entries=6 op=xt_replace subj=u:r:netd:s0 comm="ip6tables-resto"
[   10.377611] type=1300 audit(1790859834.207:143): arch=c000003e syscall=54 success=yes exit=0 a0=4 a1=29 a2=40 a3=7c856e609190 items=0 ppid=594 auid=4294967295 uid=0 gid=0 euid=0 suid=0 fsuid=0 egid=0 sgid=0 fsgid=0 tty=(none) ses=4294967295 comm="ip6tables-resto" exe="/system/bin/iptables" subj=u:r:netd:s0 key=(null)
[   10.378324] type=1327 audit(1790859834.207:143): proctitle=2F73797374656D2F62696E2F6970367461626C65732D726573746F7265002D2D6E6F666C757368002D77002D76
[   10.379957] init: starting service 'audio_parameter_parser_service'...
[   10.381653] libprocessgroup: Created cgroup /sys/fs/cgroup/system/uid_1041
[   10.382904] type=1320 audit(1790859834.207:143): 
[   10.386970] type=1325 audit(1790859834.211:144): table=mangle family=2 entries=9 op=xt_replace subj=u:r:netd:s0 comm="iptables-restor"
[   10.388163] type=1300 audit(1790859834.211:144): arch=c000003e syscall=54 success=yes exit=0 a0=4 a1=0 a2=40 a3=7defa740a010 items=0 ppid=594 auid=4294967295 uid=0 gid=0 euid=0 suid=0 fsuid=0 egid=0 sgid=0 fsgid=0 tty=(none) ses=4294967295 comm="iptables-restor" exe="/system/bin/iptables" subj=u:r:netd:s0 key=(null)
[   10.389430] type=1327 audit(1790859834.211:144): proctitle=2F73797374656D2F62696E2F69707461626C65732D726573746F7265002D2D6E6F666C757368002D77002D76
[   10.390216] type=1320 audit(1790859834.211:144): 
[   10.391586] libprocessgroup: Created cgroup /sys/fs/cgroup/system/uid_1041/pid_605
[   10.394326] init: ... started service 'audio_parameter_parser_service' has pid 605
[   10.396518] init: starting service 'hidl_memory'...
[   10.402698] libprocessgroup: Created cgroup /sys/fs/cgroup/system/uid_1000/pid_606
[   10.407022] init: ... started service 'hidl_memory' has pid 606
[   10.407790] init: starting service 'vendor.sensors-hal-multihal'...
[   10.419114] libprocessgroup: Created cgroup /sys/fs/cgroup/system/uid_1000/pid_607
[   10.422970] init: ... started service 'vendor.sensors-hal-multihal' has pid 607
[   10.423698] init: starting service 'vendor.motioncontext-default'...
[   10.425520] type=1325 audit(1790859834.211:145): table=mangle family=10 entries=9 op=xt_replace subj=u:r:netd:s0 comm="ip6tables-resto"
[   10.426141] type=1300 audit(1790859834.211:145): arch=c000003e syscall=54 success=yes exit=0 a0=4 a1=29 a2=40 a3=7c862e608030 items=0 ppid=594 auid=4294967295 uid=0 gid=0 euid=0 suid=0 fsuid=0 egid=0 sgid=0 fsgid=0 tty=(none) ses=4294967295 comm="ip6tables-resto" exe="/system/bin/iptables" subj=u:r:netd:s0 key=(null)
[   10.433212] libprocessgroup: Created cgroup /sys/fs/cgroup/system/uid_1080
[   10.434855] libprocessgroup: Created cgroup /sys/fs/cgroup/system/uid_1080/pid_608
[   10.441025] init: ... started service 'vendor.motioncontext-default' has pid 608
[   10.449435] type=1327 audit(1790859834.211:145): proctitle=2F73797374656D2F62696E2F6970367461626C65732D726573746F7265002D2D6E6F666C757368002D77002D76
[   10.449785] type=1320 audit(1790859834.211:145): 
[   10.455170] type=1325 audit(1790859834.211:146): table=mangle family=2 entries=18 op=xt_replace subj=u:r:netd:s0 comm="iptables-restor"
[   10.456468] init: starting service 'vendor.audio-hal-aidl'...
[   10.458029] libprocessgroup: Created cgroup /sys/fs/cgroup/system/uid_1041/pid_616
[   10.466545] type=1300 audit(1790859834.211:146): arch=c000003e syscall=54 success=yes exit=0 a0=4 a1=0 a2=40 a3=7def87405030 items=0 ppid=594 auid=4294967295 uid=0 gid=0 euid=0 suid=0 fsuid=0 egid=0 sgid=0 fsgid=0 tty=(none) ses=4294967295 comm="iptables-restor" exe="/system/bin/iptables" subj=u:r:netd:s0 key=(null)
[   10.475735] servicemanager: Caller(pid=594,uid=0,sid=u:r:netd:s0) Found android.system.net.netd.INetd/default in framework VINTF manifest.
[   10.477297] type=1327 audit(1790859834.211:146): proctitle=2F73797374656D2F62696E2F69707461626C65732D726573746F7265002D2D6E6F666C757368002D77002D76
[   10.477617] init: ... started service 'vendor.audio-hal-aidl' has pid 616
[   10.488070] type=1320 audit(1790859834.211:146): 
[   10.500561] type=1325 audit(1790859834.215:147): table=mangle family=10 entries=18 op=xt_replace subj=u:r:netd:s0 comm="ip6tables-resto"
[   10.502932] init: starting service 'vendor.audio-effect-hal-aidl'...
[   10.523529] libprocessgroup: Created cgroup /sys/fs/cgroup/system/uid_1041/pid_620
[   10.530513] type=1300 audit(1790859834.215:147): arch=c000003e syscall=54 success=yes exit=0 a0=4 a1=29 a2=40 a3=7c858e60f430 items=0 ppid=594 auid=4294967295 uid=0 gid=0 euid=0 suid=0 fsuid=0 egid=0 sgid=0 fsgid=0 tty=(none) ses=4294967295 comm="ip6tables-resto" exe="/system/bin/iptables" subj=u:r:netd:s0 key=(null)
[   10.535402] init: ... started service 'vendor.audio-effect-hal-aidl' has pid 620
[   10.538474] type=1327 audit(1790859834.215:147): proctitle=2F73797374656D2F62696E2F6970367461626C65732D726573746F7265002D2D6E6F666C757368002D77002D76
[   10.541788] init: starting service 'vendor.authsecret_default'...
[   10.549640] type=1320 audit(1790859834.215:147): 
[   10.556305] libprocessgroup: Created cgroup /sys/fs/cgroup/system/uid_1064
[   10.556872] type=1325 audit(1790859834.215:148): table=nat family=2 entries=0 op=xt_register subj=u:r:netd:s0 comm="iptables-restor"
[   10.563607] type=1300 audit(1790859834.215:148): arch=c000003e syscall=55 success=yes exit=0 a0=4 a1=0 a2=40 a3=7ffc9e915c90 items=0 ppid=594 auid=4294967295 uid=0 gid=0 euid=0 suid=0 fsuid=0 egid=0 sgid=0 fsgid=0 tty=(none) ses=4294967295 comm="iptables-restor" exe="/system/bin/iptables" subj=u:r:netd:s0 key=(null)
[   10.564526] servicemanager: Caller(pid=608,uid=1080,sid=u:r:hal_motioncontext_default:s0) Found android.hardware.motioncontext.IMotionContext/default in device VINTF manifest.
[   10.567899] libprocessgroup: Created cgroup /sys/fs/cgroup/system/uid_1064/pid_621
[   10.581445] type=1327 audit(1790859834.215:148): proctitle=2F73797374656D2F62696E2F69707461626C65732D726573746F7265002D2D6E6F666C757368002D77002D76
[   10.581549] servicemanager: Caller(pid=607,uid=1000,sid=u:r:hal_sensors_default:s0) Found android.hardware.sensors.ISensors/default in device VINTF manifest.
[   10.583111] type=1320 audit(1790859834.215:148): 
[   10.585957] type=1325 audit(1790859834.215:149): table=nat family=2 entries=5 op=xt_replace subj=u:r:netd:s0 comm="iptables-restor"
[   10.587989] type=1300 audit(1790859834.215:149): arch=c000003e syscall=54 success=yes exit=0 a0=4 a1=0 a2=40 a3=7df0e7409680 items=0 ppid=594 auid=4294967295 uid=0 gid=0 euid=0 suid=0 fsuid=0 egid=0 sgid=0 fsgid=0 tty=(none) ses=4294967295 comm="iptables-restor" exe="/system/bin/iptables" subj=u:r:netd:s0 key=(null)
[   10.588321] init: ... started service 'vendor.authsecret_default' has pid 621
[   10.591496] type=1327 audit(1790859834.215:149): proctitle=2F73797374656D2F62696E2F69707461626C65732D726573746F7265002D2D6E6F666C757368002D77002D76
[   10.594951] type=1320 audit(1790859834.215:149): 
[   10.597192] type=1325 audit(1790859834.215:150): table=nat family=2 entries=8 op=xt_replace subj=u:r:netd:s0 comm="iptables-restor"
[   10.599236] type=1300 audit(1790859834.215:150): arch=c000003e syscall=54 success=yes exit=0 a0=4 a1=0 a2=40 a3=7df0d7403010 items=0 ppid=594 auid=4294967295 uid=0 gid=0 euid=0 suid=0 fsuid=0 egid=0 sgid=0 fsgid=0 tty=(none) ses=4294967295 comm="iptables-restor" exe="/system/bin/iptables" subj=u:r:netd:s0 key=(null)
[   10.603132] init: starting service 'vendor.cas-default'...
[   10.603649] type=1327 audit(1790859834.215:150): proctitle=2F73797374656D2F62696E2F69707461626C65732D726573746F7265002D2D6E6F666C757368002D77002D76
[   10.604420] type=1320 audit(1790859834.215:150): 
[   10.604706] type=1325 audit(1790859834.215:151): table=filter family=2 entries=25 op=xt_replace subj=u:r:netd:s0 comm="iptables-restor"
[   10.605796] type=1300 audit(1790859834.215:151): arch=c000003e syscall=54 success=yes exit=0 a0=4 a1=0 a2=40 a3=7df0a740c7b0 items=0 ppid=594 auid=4294967295 uid=0 gid=0 euid=0 suid=0 fsuid=0 egid=0 sgid=0 fsgid=0 tty=(none) ses=4294967295 comm="iptables-restor" exe="/system/bin/iptables" subj=u:r:netd:s0 key=(null)
[   10.608560] libprocessgroup: Created cgroup /sys/fs/cgroup/system/uid_1013
[   10.608585] type=1327 audit(1790859834.215:151): proctitle=2F73797374656D2F62696E2F69707461626C65732D726573746F7265002D2D6E6F666C757368002D77002D76
[   10.609719] type=1320 audit(1790859834.215:151): 
[   10.611762] type=1325 audit(1790859834.215:152): table=filter family=10 entries=25 op=xt_replace subj=u:r:netd:s0 comm="ip6tables-resto"
[   10.613360] type=1300 audit(1790859834.215:152): arch=c000003e syscall=54 success=yes exit=0 a0=4 a1=29 a2=40 a3=7c85be606220 items=0 ppid=594 auid=4294967295 uid=0 gid=0 euid=0 suid=0 fsuid=0 egid=0 sgid=0 fsgid=0 tty=(none) ses=4294967295 comm="ip6tables-resto" exe="/system/bin/iptables" subj=u:r:netd:s0 key=(null)
[   10.616301] type=1327 audit(1790859834.215:152): proctitle=2F73797374656D2F62696E2F6970367461626C65732D726573746F7265002D2D6E6F666C757368002D77002D76
[   10.617149] type=1320 audit(1790859834.215:152): 
[   10.617677] type=1325 audit(1790859834.219:153): table=mangle family=2 entries=21 op=xt_replace subj=u:r:netd:s0 comm="iptables-restor"
[   10.618455] type=1300 audit(1790859834.219:153): arch=c000003e syscall=54 success=yes exit=0 a0=4 a1=0 a2=40 a3=7df0a740c7b0 items=0 ppid=594 auid=4294967295 uid=0 gid=0 euid=0 suid=0 fsuid=0 egid=0 sgid=0 fsgid=0 tty=(none) ses=4294967295 comm="iptables-restor" exe="/system/bin/iptables" subj=u:r:netd:s0 key=(null)
[   10.620854] type=1327 audit(1790859834.219:153): proctitle=2F73797374656D2F62696E2F69707461626C65732D726573746F7265002D2D6E6F666C757368002D77002D76
[   10.621778] libprocessgroup: Created cgroup /sys/fs/cgroup/system/uid_1013/pid_624
[   10.621917] type=1320 audit(1790859834.219:153): 
[   10.623135] type=1325 audit(1790859834.219:154): table=mangle family=10 entries=21 op=xt_replace subj=u:r:netd:s0 comm="ip6tables-resto"
[   10.624304] type=1300 audit(1790859834.219:154): arch=c000003e syscall=54 success=yes exit=0 a0=4 a1=29 a2=40 a3=7c850e60a010 items=0 ppid=594 auid=4294967295 uid=0 gid=0 euid=0 suid=0 fsuid=0 egid=0 sgid=0 fsgid=0 tty=(none) ses=4294967295 comm="ip6tables-resto" exe="/system/bin/iptables" subj=u:r:netd:s0 key=(null)
[   10.626466] type=1327 audit(1790859834.219:154): proctitle=2F73797374656D2F62696E2F6970367461626C65732D726573746F7265002D2D6E6F666C757368002D77002D76
[   10.627424] type=1320 audit(1790859834.219:154): 
[   10.628213] type=1325 audit(1790859834.219:155): table=filter family=2 entries=37 op=xt_replace subj=u:r:netd:s0 comm="iptables-restor"
[   10.629350] type=1300 audit(1790859834.219:155): arch=c000003e syscall=54 success=yes exit=0 a0=4 a1=0 a2=40 a3=7df0a7409010 items=0 ppid=594 auid=4294967295 uid=0 gid=0 euid=0 suid=0 fsuid=0 egid=0 sgid=0 fsgid=0 tty=(none) ses=4294967295 comm="iptables-restor" exe="/system/bin/iptables" subj=u:r:netd:s0 key=(null)
[   10.631289] type=1327 audit(1790859834.219:155): proctitle=2F73797374656D2F62696E2F69707461626C65732D726573746F7265002D2D6E6F666C757368002D77002D76
[   10.632986] type=1320 audit(1790859834.219:155): 
[   10.633370] type=1325 audit(1790859834.219:156): table=filter family=10 entries=37 op=xt_replace subj=u:r:netd:s0 comm="ip6tables-resto"
[   10.634848] type=1300 audit(1790859834.219:156): arch=c000003e syscall=54 success=yes exit=0 a0=4 a1=29 a2=40 a3=7c85be604010 items=0 ppid=594 auid=4294967295 uid=0 gid=0 euid=0 suid=0 fsuid=0 egid=0 sgid=0 fsgid=0 tty=(none) ses=4294967295 comm="ip6tables-resto" exe="/system/bin/iptables" subj=u:r:netd:s0 key=(null)
[   10.638860] init: ... started service 'vendor.cas-default' has pid 624
[   10.644317] type=1327 audit(1790859834.219:156): proctitle=2F73797374656D2F62696E2F6970367461626C65732D726573746F7265002D2D6E6F666C757368002D77002D76
[   10.653523] type=1320 audit(1790859834.219:156): 
[   10.662448] type=1325 audit(1790859834.219:157): table=filter family=2 entries=37 op=xt_replace subj=u:r:netd:s0 comm="iptables-restor"
[   10.666057] type=1300 audit(1790859834.219:157): arch=c000003e syscall=54 success=yes exit=0 a0=4 a1=0 a2=40 a3=7df0a7409010 items=0 ppid=594 auid=4294967295 uid=0 gid=0 euid=0 suid=0 fsuid=0 egid=0 sgid=0 fsgid=0 tty=(none) ses=4294967295 comm="iptables-restor" exe="/system/bin/iptables" subj=u:r:netd:s0 key=(null)
[   10.671526] init: starting service 'vendor.contexthub-default'...
[   10.679161] servicemanager: Caller(pid=621,uid=1064,sid=u:r:hal_authsecret_default:s0) Found android.hardware.authsecret.IAuthSecret/default in device VINTF manifest.
[   10.682433] type=1327 audit(1790859834.219:157): proctitle=2F73797374656D2F62696E2F69707461626C65732D726573746F7265002D2D6E6F666C757368002D77002D76
[   10.685978] libprocessgroup: Created cgroup /sys/fs/cgroup/system/uid_1080/pid_625
[   10.692121] type=1320 audit(1790859834.219:157): 
[   10.693095] type=1325 audit(1790859834.219:158): table=nat family=2 entries=11 op=xt_replace subj=u:r:netd:s0 comm="iptables-restor"
[   10.696969] type=1300 audit(1790859834.219:158): arch=c000003e syscall=54 success=yes exit=0 a0=4 a1=0 a2=40 a3=7df0d74081f0 items=0 ppid=594 auid=4294967295 uid=0 gid=0 euid=0 suid=0 fsuid=0 egid=0 sgid=0 fsgid=0 tty=(none) ses=4294967295 comm="iptables-restor" exe="/system/bin/iptables" subj=u:r:netd:s0 key=(null)
[   10.697144] servicemanager: Caller(pid=624,uid=1013,sid=u:r:hal_cas_default:s0) Found android.hardware.cas.IMediaCasService/default in device VINTF manifest.
[   10.703913] type=1327 audit(1790859834.219:158): proctitle=2F73797374656D2F62696E2F69707461626C65732D726573746F7265002D2D6E6F666C757368002D77002D76
[   10.703937] type=1320 audit(1790859834.219:158): 
[   10.704296] type=1325 audit(1790859834.219:159): table=filter family=10 entries=38 op=xt_replace subj=u:r:netd:s0 comm="ip6tables-resto"
[   10.715672] init: ... started service 'vendor.contexthub-default' has pid 625
[   10.717594] type=1300 audit(1790859834.219:159): arch=c000003e syscall=54 success=yes exit=0 a0=4 a1=29 a2=40 a3=7c85be604010 items=0 ppid=594 auid=4294967295 uid=0 gid=0 euid=0 suid=0 fsuid=0 egid=0 sgid=0 fsgid=0 tty=(none) ses=4294967295 comm="ip6tables-resto" exe="/system/bin/iptables" subj=u:r:netd:s0 key=(null)
[   10.719770] init: starting service 'vendor.drm-clearkey-service'...
[   10.732708] libprocessgroup: Created cgroup /sys/fs/cgroup/system/uid_1013/pid_627
[   10.739421] init: ... started service 'vendor.drm-clearkey-service' has pid 627
[   10.740914] init: starting service 'vendor.gnss-default'...
[   10.742946] libprocessgroup: Created cgroup /sys/fs/cgroup/system/uid_9999/pid_628
[   10.748052] init: ... started service 'vendor.gnss-default' has pid 628
[   10.750696] init: starting service 'vendor.hwcomposer-3'...
[   10.752609] libprocessgroup: Created cgroup /sys/fs/cgroup/system/uid_1000/pid_629
[   10.761805] init: ... started service 'vendor.hwcomposer-3' has pid 629
[   10.763189] type=1327 audit(1790859834.219:159): proctitle=2F73797374656D2F62696E2F6970367461626C65732D726573746F7265002D2D6E6F666C757368002D77002D76
[   10.764000] type=1320 audit(1790859834.219:159): 
[   10.764301] type=1325 audit(1790859834.219:160): table=raw family=10 entries=12 op=xt_replace subj=u:r:netd:s0 comm="ip6tables-resto"
[   10.764794] type=1300 audit(1790859834.219:160): arch=c000003e syscall=54 success=yes exit=0 a0=4 a1=29 a2=40 a3=7c863e6050d0 items=0 ppid=594 auid=4294967295 uid=0 gid=0 euid=0 suid=0 fsuid=0 egid=0 sgid=0 fsgid=0 tty=(none) ses=4294967295 comm="ip6tables-resto" exe="/system/bin/iptables" subj=u:r:netd:s0 key=(null)
[   10.765912] init: starting service 'vendor.inputprocessor-default'...
[   10.765923] type=1327 audit(1790859834.219:160): proctitle=2F73797374656D2F62696E2F6970367461626C65732D726573746F7265002D2D6E6F666C757368002D77002D76
[   10.768231] libprocessgroup: Created cgroup /sys/fs/cgroup/system/uid_9999/pid_630
[   10.780288] init: ... started service 'vendor.inputprocessor-default' has pid 630
[   10.782809] init: starting service 'vendor.ir-default'...
[   10.783871] type=1320 audit(1790859834.219:160): 
[   10.784162] type=1325 audit(1790859834.243:161): table=mangle family=2 entries=30 op=xt_replace subj=u:r:netd:s0 comm="iptables-restor"
[   10.784859] libprocessgroup: Created cgroup /sys/fs/cgroup/system/uid_1000/pid_631
[   10.785155] type=1300 audit(1790859834.243:161): arch=c000003e syscall=54 success=yes exit=0 a0=4 a1=0 a2=40 a3=7df0a7409010 items=0 ppid=594 auid=4294967295 uid=0 gid=0 euid=0 suid=0 fsuid=0 egid=0 sgid=0 fsgid=0 tty=(none) ses=4294967295 comm="iptables-restor" exe="/system/bin/iptables" subj=u:r:netd:s0 key=(null)
[   10.798652] type=1327 audit(1790859834.243:161): proctitle=2F73797374656D2F62696E2F69707461626C65732D726573746F7265002D2D6E6F666C757368002D77002D76
[   10.799709] type=1320 audit(1790859834.243:161): 
[   10.800064] type=1325 audit(1790859834.243:162): table=filter family=2 entries=38 op=xt_replace subj=u:r:netd:s0 comm="iptables-restor"
[   10.800922] type=1300 audit(1790859834.243:162): arch=c000003e syscall=54 success=yes exit=0 a0=4 a1=0 a2=40 a3=7df0a7409010 items=0 ppid=594 auid=4294967295 uid=0 gid=0 euid=0 suid=0 fsuid=0 egid=0 sgid=0 fsgid=0 tty=(none) ses=4294967295 comm="iptables-restor" exe="/system/bin/iptables" subj=u:r:netd:s0 key=(null)
[   10.805149] init: ... started service 'vendor.ir-default' has pid 631
[   10.807851] init: starting service 'vendor.memtrack-default'...
[   10.814342] libprocessgroup: Created cgroup /sys/fs/cgroup/system/uid_9999/pid_632
[   10.822171] init: ... started service 'vendor.memtrack-default' has pid 632
[   10.825772] init: starting service 'nlinterceptor'...
[   10.831784] libprocessgroup: Created cgroup /sys/fs/cgroup/system/uid_0/pid_633
[   10.832151] type=1327 audit(1790859834.243:162): proctitle=2F73797374656D2F62696E2F69707461626C65732D726573746F7265002D2D6E6F666C757368002D77002D76
[   10.833606] type=1320 audit(1790859834.243:162): 
[   10.833885] type=1325 audit(1790859834.243:163): table=filter family=10 entries=38 op=xt_replace subj=u:r:netd:s0 comm="ip6tables-resto"
[   10.845320] init: ... started service 'nlinterceptor' has pid 633
[   10.851922] type=1300 audit(1790859834.243:163): arch=c000003e syscall=54 success=yes exit=0 a0=4 a1=29 a2=40 a3=7c844e6148c0 items=0 ppid=594 auid=4294967295 uid=0 gid=0 euid=0 suid=0 fsuid=0 egid=0 sgid=0 fsgid=0 tty=(none) ses=4294967295 comm="ip6tables-resto" exe="/system/bin/iptables" subj=u:r:netd:s0 key=(null)
[   10.853665] type=1327 audit(1790859834.243:163): proctitle=2F73797374656D2F62696E2F6970367461626C65732D726573746F7265002D2D6E6F666C757368002D77002D76
[   10.853997] type=1320 audit(1790859834.243:163): 
[   10.859674] init: starting service 'neuralnetworks_hal_service_aidl_sample_all'...
[   10.861305] libprocessgroup: Created cgroup /sys/fs/cgroup/system/uid_1000/pid_634
[   10.872823] servicemanager: Caller(pid=625,uid=1080,sid=u:r:hal_contexthub_default:s0) Found android.hardware.contexthub.IContextHub/default in device VINTF manifest.
[   10.876444] type=1325 audit(1790859834.243:164): table=filter family=2 entries=40 op=xt_replace subj=u:r:netd:s0 comm="iptables-restor"
[   10.876742] type=1300 audit(1790859834.243:164): arch=c000003e syscall=54 success=yes exit=0 a0=4 a1=0 a2=40 a3=7df037408010 items=0 ppid=594 auid=4294967295 uid=0 gid=0 euid=0 suid=0 fsuid=0 egid=0 sgid=0 fsgid=0 tty=(none) ses=4294967295 comm="iptables-restor" exe="/system/bin/iptables" subj=u:r:netd:s0 key=(null)
[   10.877218] type=1327 audit(1790859834.243:164): proctitle=2F73797374656D2F62696E2F69707461626C65732D726573746F7265002D2D6E6F666C757368002D77002D76
[   10.877475] type=1320 audit(1790859834.243:164): 
[   10.877683] type=1325 audit(1790859834.243:165): table=raw family=2 entries=12 op=xt_replace subj=u:r:netd:s0 comm="iptables-restor"
[   10.879110] init: ... started service 'neuralnetworks_hal_service_aidl_sample_all' has pid 634
[   10.880309] init: starting service 'neuralnetworks_hal_service_aidl_sample_limited'...
[   10.886608] type=1300 audit(1790859834.243:165): arch=c000003e syscall=54 success=yes exit=0 a0=4 a1=0 a2=40 a3=7df0d74081f0 items=0 ppid=594 auid=4294967295 uid=0 gid=0 euid=0 suid=0 fsuid=0 egid=0 sgid=0 fsgid=0 tty=(none) ses=4294967295 comm="iptables-restor" exe="/system/bin/iptables" subj=u:r:netd:s0 key=(null)
[   10.888798] type=1327 audit(1790859834.243:165): proctitle=2F73797374656D2F62696E2F69707461626C65732D726573746F7265002D2D6E6F666C757368002D77002D76
[   10.908029] libprocessgroup: Created cgroup /sys/fs/cgroup/system/uid_1000/pid_635
[   10.915536] type=1320 audit(1790859834.243:165): 
[   10.916355] type=1325 audit(1790859834.243:166): table=mangle family=2 entries=31 op=xt_replace subj=u:r:netd:s0 comm="iptables-restor"
[   10.917235] type=1300 audit(1790859834.243:166): arch=c000003e syscall=54 success=yes exit=0 a0=4 a1=0 a2=40 a3=7df0a7409010 items=0 ppid=594 auid=4294967295 uid=0 gid=0 euid=0 suid=0 fsuid=0 egid=0 sgid=0 fsgid=0 tty=(none) ses=4294967295 comm="iptables-restor" exe="/system/bin/iptables" subj=u:r:netd:s0 key=(null)
[   10.920156] servicemanager: Caller(pid=630,uid=9999,sid=u:r:hal_input_processor_default:s0) Found android.hardware.input.processor.IInputProcessor/default in device VINTF manifest.
[   10.932221] init: ... started service 'neuralnetworks_hal_service_aidl_sample_limited' has pid 635
[   10.937760] init: starting service 'neuralnetworks_hal_service_shim_sample'...
[   10.944594] type=1327 audit(1790859834.243:166): proctitle=2F73797374656D2F62696E2F69707461626C65732D726573746F7265002D2D6E6F666C757368002D77002D76
[   10.945522] type=1320 audit(1790859834.243:166): 
[   10.945829] type=1325 audit(1790859834.243:167): table=filter family=10 entries=40 op=xt_replace subj=u:r:netd:s0 comm="ip6tables-resto"
[   10.955015] libprocessgroup: Created cgroup /sys/fs/cgroup/system/uid_1000/pid_636
[   10.970639] type=1300 audit(1790859834.243:167): arch=c000003e syscall=54 success=yes exit=0 a0=4 a1=29 a2=40 a3=7c844e6148c0 items=0 ppid=594 auid=4294967295 uid=0 gid=0 euid=0 suid=0 fsuid=0 egid=0 sgid=0 fsgid=0 tty=(none) ses=4294967295 comm="ip6tables-resto" exe="/system/bin/iptables" subj=u:r:netd:s0 key=(null)
[   10.972193] type=1327 audit(1790859834.243:167): proctitle=2F73797374656D2F62696E2F6970367461626C65732D726573746F7265002D2D6E6F666C757368002D77002D76
[   10.972843] type=1320 audit(1790859834.243:167): 
[   10.973201] type=1325 audit(1790859834.243:168): table=raw family=10 entries=12 op=xt_replace subj=u:r:netd:s0 comm="ip6tables-resto"
[   10.973719] type=1300 audit(1790859834.243:168): arch=c000003e syscall=54 success=yes exit=0 a0=4 a1=29 a2=40 a3=7c863e6050d0 items=0 ppid=594 auid=4294967295 uid=0 gid=0 euid=0 suid=0 fsuid=0 egid=0 sgid=0 fsgid=0 tty=(none) ses=4294967295 comm="ip6tables-resto" exe="/system/bin/iptables" subj=u:r:netd:s0 key=(null)
[   10.976401] servicemanager: Caller(pid=632,uid=9999,sid=u:r:hal_memtrack_default:s0) Found android.hardware.memtrack.IMemtrack/default in device VINTF manifest.
[   10.983382] init: ... started service 'neuralnetworks_hal_service_shim_sample' has pid 636
[   10.992322] init: starting service 'vendor.power-default'...
[   10.993168] type=1327 audit(1790859834.243:168): proctitle=2F73797374656D2F62696E2F6970367461626C65732D726573746F7265002D2D6E6F666C757368002D77002D76
[   10.994761] type=1320 audit(1790859834.243:168): 
[   10.995136] type=1325 audit(1790859834.243:169): table=mangle family=10 entries=30 op=xt_replace subj=u:r:netd:s0 comm="ip6tables-resto"
[   10.997298] type=1300 audit(1790859834.243:169): arch=c000003e syscall=54 success=yes exit=0 a0=4 a1=29 a2=40 a3=7c850e60d7b0 items=0 ppid=594 auid=4294967295 uid=0 gid=0 euid=0 suid=0 fsuid=0 egid=0 sgid=0 fsgid=0 tty=(none) ses=4294967295 comm="ip6tables-resto" exe="/system/bin/iptables" subj=u:r:netd:s0 key=(null)
[   11.001151] libprocessgroup: Created cgroup /sys/fs/cgroup/system/uid_9999/pid_637
[   11.012462] servicemanager: Caller(pid=631,uid=1000,sid=u:r:hal_ir_default:s0) Found android.hardware.ir.IConsumerIr/default in device VINTF manifest.
[   11.024039] init: ... started service 'vendor.power-default' has pid 637
[   11.024902] init: starting service 'vendor.power.stats-default'...
[   11.037939] type=1327 audit(1790859834.243:169): proctitle=2F73797374656D2F62696E2F6970367461626C65732D726573746F7265002D2D6E6F666C757368002D77002D76
[   11.046018] type=1320 audit(1790859834.243:169): 
[   11.046340] type=1325 audit(1790859834.247:170): table=filter family=2 entries=50 op=xt_replace subj=u:r:netd:s0 comm="iptables-restor"
[   11.049068] libprocessgroup: Created cgroup /sys/fs/cgroup/system/uid_1000/pid_638
[   11.051043] type=1300 audit(1790859834.247:170): arch=c000003e syscall=54 success=yes exit=0 a0=4 a1=0 a2=40 a3=7df0f7407b30 items=0 ppid=594 auid=4294967295 uid=0 gid=0 euid=0 suid=0 fsuid=0 egid=0 sgid=0 fsgid=0 tty=(none) ses=4294967295 comm="iptables-restor" exe="/system/bin/iptables" subj=u:r:netd:s0 key=(null)
[   11.067244] servicemanager: Caller(pid=627,uid=1013,sid=u:r:hal_drm_clearkey_aidl:s0) Found android.hardware.drm.IDrmFactory/clearkey in device VINTF manifest.
[   11.076213] servicemanager: Caller(pid=633,uid=0,sid=u:r:hal_nlinterceptor_default:s0) Found android.hardware.net.nlinterceptor.IInterceptor/default in device VINTF manifest.
[   11.078176] init: ... started service 'vendor.power.stats-default' has pid 638
[   11.080140] type=1327 audit(1790859834.247:170): proctitle=2F73797374656D2F62696E2F69707461626C65732D726573746F7265002D2D6E6F666C757368002D77002D76
[   11.080861] type=1320 audit(1790859834.247:170): 
[   11.081144] type=1325 audit(1790859834.247:171): table=filter family=10 entries=50 op=xt_replace subj=u:r:netd:s0 comm="ip6tables-resto"
[   11.081745] type=1300 audit(1790859834.247:171): arch=c000003e syscall=54 success=yes exit=0 a0=4 a1=29 a2=40 a3=7c85ce6146c0 items=0 ppid=594 auid=4294967295 uid=0 gid=0 euid=0 suid=0 fsuid=0 egid=0 sgid=0 fsgid=0 tty=(none) ses=4294967295 comm="ip6tables-resto" exe="/system/bin/iptables" subj=u:r:netd:s0 key=(null)
[   11.085155] type=1327 audit(1790859834.247:171): proctitle=2F73797374656D2F62696E2F6970367461626C65732D726573746F7265002D2D6E6F666C757368002D77002D76
[   11.091909] type=1320 audit(1790859834.247:171): 
[   11.092844] type=1325 audit(1790859834.251:172): table=filter family=2 entries=58 op=xt_replace subj=u:r:netd:s0 comm="iptables-restor"
[   11.093497] type=1300 audit(1790859834.251:172): arch=c000003e syscall=54 success=yes exit=0 a0=4 a1=0 a2=40 a3=7df08740b010 items=0 ppid=594 auid=4294967295 uid=0 gid=0 euid=0 suid=0 fsuid=0 egid=0 sgid=0 fsgid=0 tty=(none) ses=4294967295 comm="iptables-restor" exe="/system/bin/iptables" subj=u:r:netd:s0 key=(null)
[   11.096423] type=1327 audit(1790859834.251:172): proctitle=2F73797374656D2F62696E2F69707461626C65732D726573746F7265002D2D6E6F666C757368002D77002D76
[   11.099379] init: starting service 'vendor.rebootescrow-default'...
[   11.101823] libprocessgroup: Created cgroup /sys/fs/cgroup/system/uid_1000/pid_640
[   11.104831] servicemanager: Caller(pid=628,uid=9999,sid=u:r:hal_gnss_default:s0) Found android.hardware.gnss.IGnss/default in device VINTF manifest.
[   11.114162] type=1320 audit(1790859834.251:172): 
[   11.115292] type=1325 audit(1790859834.251:173): table=filter family=10 entries=58 op=xt_replace subj=u:r:netd:s0 comm="ip6tables-resto"
[   11.118852] type=1300 audit(1790859834.251:173): arch=c000003e syscall=54 success=yes exit=0 a0=4 a1=29 a2=40 a3=7c846e610a20 items=0 ppid=594 auid=4294967295 uid=0 gid=0 euid=0 suid=0 fsuid=0 egid=0 sgid=0 fsgid=0 tty=(none) ses=4294967295 comm="ip6tables-resto" exe="/system/bin/iptables" subj=u:r:netd:s0 key=(null)
[   11.127518] type=1327 audit(1790859834.251:173): proctitle=2F73797374656D2F62696E2F6970367461626C65732D726573746F7265002D2D6E6F666C757368002D77002D76
[   11.127606] init: ... started service 'vendor.rebootescrow-default' has pid 640
[   11.146915] type=1320 audit(1790859834.251:173): 
[   11.148463] init: starting service 'vendor.secure_element'...
[   11.148525] type=1325 audit(1790859834.259:174): table=mangle family=2 entries=31 op=xt_replace subj=u:r:netd:s0 comm="iptables-restor"
[   11.159809] libprocessgroup: Created cgroup /sys/fs/cgroup/system/uid_9999/pid_642
[   11.170743] type=1300 audit(1790859834.259:174): arch=c000003e syscall=54 success=yes exit=0 a0=4 a1=0 a2=40 a3=7df0a7409010 items=0 ppid=594 auid=4294967295 uid=0 gid=0 euid=0 suid=0 fsuid=0 egid=0 sgid=0 fsgid=0 tty=(none) ses=4294967295 comm="iptables-restor" exe="/system/bin/iptables" subj=u:r:netd:s0 key=(null)
[   11.183666] init: ... started service 'vendor.secure_element' has pid 642
[   11.197120] init: starting service 'vendor.authgraph'...
[   11.199204] servicemanager: Caller(pid=640,uid=1000,sid=u:r:hal_rebootescrow_default:s0) Found android.hardware.rebootescrow.IRebootEscrow/default in device VINTF manifest.
[   11.208560] libprocessgroup: Created cgroup /sys/fs/cgroup/system/uid_9999/pid_643
[   11.217874] servicemanager: Caller(pid=638,uid=1000,sid=u:r:hal_power_stats_default:s0) Found android.hardware.power.stats.IPowerStats/default in device VINTF manifest.
[   11.222835] type=1327 audit(1790859834.259:174): proctitle=2F73797374656D2F62696E2F69707461626C65732D726573746F7265002D2D6E6F666C757368002D77002D76
[   11.224521] servicemanager: Caller(pid=637,uid=9999,sid=u:r:hal_power_default:s0) Found android.hardware.power.IPower/default in device VINTF manifest.
[   11.226071] init: ... started service 'vendor.authgraph' has pid 643
[   11.226935] type=1320 audit(1790859834.259:174): 
[   11.227334] type=1325 audit(1790859834.259:175): table=mangle family=10 entries=30 op=xt_replace subj=u:r:netd:s0 comm="ip6tables-resto"
[   11.228360] type=1300 audit(1790859834.259:175): arch=c000003e syscall=54 success=yes exit=0 a0=4 a1=29 a2=40 a3=7c850e60d7b0 items=0 ppid=594 auid=4294967295 uid=0 gid=0 euid=0 suid=0 fsuid=0 egid=0 sgid=0 fsgid=0 tty=(none) ses=4294967295 comm="ip6tables-resto" exe="/system/bin/iptables" subj=u:r:netd:s0 key=(null)
[   11.233116] init: starting service 'vendor.secretkeeper'...
[   11.235716] libprocessgroup: Created cgroup /sys/fs/cgroup/system/uid_9999/pid_644
[   11.238167] servicemanager: Caller(pid=635,uid=1000,sid=u:r:hal_neuralnetworks_sample:s0) Found android.hardware.neuralnetworks.IDevice/nnapi-sample_quant in device VINTF manifest.
[   11.243484] type=1327 audit(1790859834.259:175): proctitle=2F73797374656D2F62696E2F6970367461626C65732D726573746F7265002D2D6E6F666C757368002D77002D76
[   11.245968] servicemanager: Caller(pid=629,uid=1000,sid=u:r:hal_graphics_composer_default:s0) Found android.hardware.graphics.composer3.IComposer/default in device VINTF manifest.
[   11.249773] type=1320 audit(1790859834.259:175): 
[   11.250105] type=1325 audit(1790859834.259:176): table=filter family=2 entries=70 op=xt_replace subj=u:r:netd:s0 comm="iptables-restor"
[   11.251406] type=1300 audit(1790859834.259:176): arch=c000003e syscall=54 success=yes exit=0 a0=4 a1=0 a2=40 a3=7df08740f820 items=0 ppid=594 auid=4294967295 uid=0 gid=0 euid=0 suid=0 fsuid=0 egid=0 sgid=0 fsgid=0 tty=(none) ses=4294967295 comm="iptables-restor" exe="/system/bin/iptables" subj=u:r:netd:s0 key=(null)
[   11.255648] init: ... started service 'vendor.secretkeeper' has pid 644
[   11.262674] type=1327 audit(1790859834.259:176): proctitle=2F73797374656D2F62696E2F69707461626C65732D726573746F7265002D2D6E6F666C757368002D77002D76
[   11.264063] type=1320 audit(1790859834.259:176): 
[   11.264360] type=1325 audit(1790859834.259:177): table=raw family=2 entries=12 op=xt_replace subj=u:r:netd:s0 comm="iptables-restor"
[   11.265131] type=1300 audit(1790859834.259:177): arch=c000003e syscall=54 success=yes exit=0 a0=4 a1=0 a2=40 a3=7df0d74081f0 items=0 ppid=594 auid=4294967295 uid=0 gid=0 euid=0 suid=0 fsuid=0 egid=0 sgid=0 fsgid=0 tty=(none) ses=4294967295 comm="iptables-restor" exe="/system/bin/iptables" subj=u:r:netd:s0 key=(null)
[   11.265216] init: starting service 'vendor.tetheroffload-example'...
[   11.273591] servicemanager: Caller(pid=634,uid=1000,sid=u:r:hal_neuralnetworks_sample:s0) Found android.hardware.neuralnetworks.IDevice/nnapi-sample_all in device VINTF manifest.
[   11.277366] servicemanager: Caller(pid=616,uid=1041,sid=u:r:hal_audio_default:s0) Found android.hardware.audio.core.IConfig/default in device VINTF manifest.
[   11.279873] servicemanager: Caller(pid=642,uid=9999,sid=u:r:hal_secure_element_default:s0) Found android.hardware.secure_element.ISecureElement/eSE1 in device VINTF manifest.
[   11.287907] servicemanager: Caller(pid=616,uid=1041,sid=u:r:hal_audio_default:s0) Found android.hardware.audio.core.IModule/default in device VINTF manifest.
[   11.288072] libprocessgroup: Created cgroup /sys/fs/cgroup/system/uid_9999/pid_646
[   11.290042] servicemanager: Caller(pid=616,uid=1041,sid=u:r:hal_audio_default:s0) Found android.hardware.audio.core.IModule/r_submix in device VINTF manifest.
[   11.292076] type=1327 audit(1790859834.259:177): proctitle=2F73797374656D2F62696E2F69707461626C65732D726573746F7265002D2D6E6F666C757368002D77002D76
[   11.292794] type=1320 audit(1790859834.259:177): 
[   11.293090] type=1325 audit(1790859834.259:178): table=mangle family=2 entries=33 op=xt_replace subj=u:r:netd:s0 comm="iptables-restor"
[   11.299933] init: ... started service 'vendor.tetheroffload-example' has pid 646
[   11.300330] type=1300 audit(1790859834.259:178): arch=c000003e syscall=54 success=yes exit=0 a0=4 a1=0 a2=40 a3=7df0a7409010 items=0 ppid=594 auid=4294967295 uid=0 gid=0 euid=0 suid=0 fsuid=0 egid=0 sgid=0 fsgid=0 tty=(none) ses=4294967295 comm="iptables-restor" exe="/system/bin/iptables" subj=u:r:netd:s0 key=(null)
[   11.302788] init: starting service 'vendor.thermal-example'...
[   11.304137] servicemanager: Caller(pid=636,uid=1000,sid=u:r:hal_neuralnetworks_sample:s0) Found android.hardware.neuralnetworks.IDevice/nnapi-sample_sl_shim in device VINTF manifest.
[   11.304339] libprocessgroup: Created cgroup /sys/fs/cgroup/system/uid_9999/pid_647
[   11.306696] type=1327 audit(1790859834.259:178): proctitle=2F73797374656D2F62696E2F69707461626C65732D726573746F7265002D2D6E6F666C757368002D77002D76
[   11.307384] type=1320 audit(1790859834.259:178): 
[   11.307626] type=1325 audit(1790859834.259:179): table=filter family=10 entries=70 op=xt_replace subj=u:r:netd:s0 comm="ip6tables-resto"
[   11.308702] type=1300 audit(1790859834.259:179): arch=c000003e syscall=54 success=yes exit=0 a0=4 a1=29 a2=40 a3=7c846e61be40 items=0 ppid=594 auid=4294967295 uid=0 gid=0 euid=0 suid=0 fsuid=0 egid=0 sgid=0 fsgid=0 tty=(none) ses=4294967295 comm="ip6tables-resto" exe="/system/bin/iptables" subj=u:r:netd:s0 key=(null)
[   11.309665] type=1327 audit(1790859834.259:179): proctitle=2F73797374656D2F62696E2F6970367461626C65732D726573746F7265002D2D6E6F666C757368002D77002D76
[   11.309951] servicemanager: Caller(pid=616,uid=1041,sid=u:r:hal_audio_default:s0) Found android.hardware.bluetooth.audio.IBluetoothAudioProviderFactory/default in device VINTF manifest.
[   11.310246] type=1320 audit(1790859834.259:179): 
[   11.310276] type=1325 audit(1790859834.259:180): table=raw family=10 entries=12 op=xt_replace subj=u:r:netd:s0 comm="ip6tables-resto"
[   11.318193] servicemanager: Caller(pid=616,uid=1041,sid=u:r:hal_audio_default:s0) Found android.hardware.audio.core.IModule/bluetooth in device VINTF manifest.
[   11.322953] servicemanager: Caller(pid=620,uid=1041,sid=u:r:hal_audio_default:s0) Found android.hardware.audio.effect.IFactory/default in device VINTF manifest.
[   11.323252] init: ... started service 'vendor.thermal-example' has pid 647
[   11.330940] init: starting service 'vendor.threadnetwork_hal'...
[   11.338648] libprocessgroup: Created cgroup /sys/fs/cgroup/system/uid_1084
[   11.346560] libprocessgroup: Created cgroup /sys/fs/cgroup/system/uid_1084/pid_648
[   11.353380] type=1300 audit(1790859834.259:180): arch=c000003e syscall=54 success=yes exit=0 a0=4 a1=29 a2=40 a3=7c863e6050d0 items=0 ppid=594 auid=4294967295 uid=0 gid=0 euid=0 suid=0 fsuid=0 egid=0 sgid=0 fsgid=0 tty=(none) ses=4294967295 comm="ip6tables-resto" exe="/system/bin/iptables" subj=u:r:netd:s0 key=(null)
[   11.354092] init: ... started service 'vendor.threadnetwork_hal' has pid 648
[   11.362226] init: starting service 'vendor.usb_default'...
[   11.364589] libprocessgroup: Created cgroup /sys/fs/cgroup/system/uid_1000/pid_650
[   11.373177] type=1327 audit(1790859834.259:180): proctitle=2F73797374656D2F62696E2F6970367461626C65732D726573746F7265002D2D6E6F666C757368002D77002D76
[   11.373920] type=1320 audit(1790859834.259:180): 
[   11.375218] init: ... started service 'vendor.usb_default' has pid 650
[   11.377015] servicemanager: Caller(pid=643,uid=9999,sid=u:r:hal_authgraph_default:s0) Found android.hardware.security.authgraph.IAuthGraphKeyExchange/nonsecure in device VINTF manifest.
[   11.380369] type=1325 audit(1790859834.259:181): table=mangle family=10 entries=32 op=xt_replace subj=u:r:netd:s0 comm="ip6tables-resto"
[   11.381664] type=1300 audit(1790859834.259:181): arch=c000003e syscall=54 success=yes exit=0 a0=4 a1=29 a2=40 a3=7c850e60d7b0 items=0 ppid=594 auid=4294967295 uid=0 gid=0 euid=0 suid=0 fsuid=0 egid=0 sgid=0 fsgid=0 tty=(none) ses=4294967295 comm="ip6tables-resto" exe="/system/bin/iptables" subj=u:r:netd:s0 key=(null)
[   11.386876] init: starting service 'vendor.uwb_hal'...
[   11.388279] libprocessgroup: Created cgroup /sys/fs/cgroup/system/uid_1083
[   11.390044] servicemanager: Caller(pid=644,uid=9999,sid=u:r:hal_secretkeeper_default:s0) Found android.hardware.security.secretkeeper.ISecretkeeper/nonsecure in device VINTF manifest.
[   11.390678] libprocessgroup: Created cgroup /sys/fs/cgroup/system/uid_1083/pid_653
[   11.394791] servicemanager: Caller(pid=646,uid=9999,sid=u:r:hal_tetheroffload_default:s0) Found android.hardware.tetheroffload.IOffload/default in device VINTF manifest.
[   11.396540] servicemanager: Caller(pid=647,uid=9999,sid=u:r:hal_thermal_default:s0) Found android.hardware.thermal.IThermal/default in device VINTF manifest.
[   11.397969] type=1327 audit(1790859834.259:181): proctitle=2F73797374656D2F62696E2F6970367461626C65732D726573746F7265002D2D6E6F666C757368002D77002D76
[   11.398286] type=1320 audit(1790859834.259:181): 
[   11.398583] type=1325 audit(1790859834.259:182): table=filter family=2 entries=70 op=xt_replace subj=u:r:netd:s0 comm="iptables-restor"
[   11.399783] type=1300 audit(1790859834.259:182): arch=c000003e syscall=54 success=yes exit=0 a0=4 a1=0 a2=40 a3=7defe741de40 items=0 ppid=594 auid=4294967295 uid=0 gid=0 euid=0 suid=0 fsuid=0 egid=0 sgid=0 fsgid=0 tty=(none) ses=4294967295 comm="iptables-restor" exe="/system/bin/iptables" subj=u:r:netd:s0 key=(null)
[   11.401602] type=1327 audit(1790859834.259:182): proctitle=2F73797374656D2F62696E2F69707461626C65732D726573746F7265002D2D6E6F666C757368002D77002D76
[   11.404472] init: ... started service 'vendor.uwb_hal' has pid 653
[   11.407829] init: starting service 'vendor.vibrator-default'...
[   11.413015] servicemanager: Caller(pid=648,uid=1084,sid=u:r:hal_threadnetwork_default:s0) Found android.hardware.threadnetwork.IThreadChip/chip0 in device VINTF manifest.
[   11.422768] libprocessgroup: Created cgroup /sys/fs/cgroup/system/uid_9999/pid_654
[   11.426609] init: ... started service 'vendor.vibrator-default' has pid 654
[   11.429061] init: starting service 'vendor.wifi_hal_legacy'...
[   11.431129] type=1320 audit(1790859834.259:182): 
[   11.433654] type=1325 audit(1790859834.263:183): table=raw family=2 entries=12 op=xt_replace subj=u:r:netd:s0 comm="iptables-restor"
[   11.436064] libprocessgroup: Created cgroup /sys/fs/cgroup/system/uid_1010
[   11.453761] type=1300 audit(1790859834.263:183): arch=c000003e syscall=54 success=yes exit=0 a0=4 a1=0 a2=40 a3=7def87405030 items=0 ppid=594 auid=4294967295 uid=0 gid=0 euid=0 suid=0 fsuid=0 egid=0 sgid=0 fsgid=0 tty=(none) ses=4294967295 comm="iptables-restor" exe="/system/bin/iptables" subj=u:r:netd:s0 key=(null)
[   11.454852] libprocessgroup: Created cgroup /sys/fs/cgroup/system/uid_1010/pid_655
[   11.465624] init: ... started service 'vendor.wifi_hal_legacy' has pid 655
[   11.467191] init: starting service 'bt_hci'...
[   11.468831] libprocessgroup: Created cgroup /sys/fs/cgroup/system/uid_1002
[   11.472992] libprocessgroup: Created cgroup /sys/fs/cgroup/system/uid_1002/pid_656
[   11.475188] type=1327 audit(1790859834.263:183): proctitle=2F73797374656D2F62696E2F69707461626C65732D726573746F7265002D2D6E6F666C757368002D77002D76
[   11.483875] init: ... started service 'bt_hci' has pid 656
[   11.484213] init: starting service 'bt_finder'...
[   11.485773] libprocessgroup: Created cgroup /sys/fs/cgroup/system/uid_1002/pid_657
[   11.493235] init: ... started service 'bt_finder' has pid 657
[   11.494541] type=1320 audit(1790859834.263:183): 
[   11.496031] servicemanager: Caller(pid=650,uid=1000,sid=u:r:hal_usb_default:s0) Found android.hardware.usb.IUsb/default in device VINTF manifest.
[   11.496345] type=1325 audit(1790859834.263:184): table=mangle family=2 entries=33 op=xt_replace subj=u:r:netd:s0 comm="iptables-restor"
[   11.500921] init: starting service 'bt_ranging'...
[   11.504223] libprocessgroup: Created cgroup /sys/fs/cgroup/system/uid_1002/pid_661
[   11.512447] servicemanager: Caller(pid=653,uid=1083,sid=u:r:hal_uwb_default:s0) Found android.hardware.uwb.IUwb/default in device VINTF manifest.
[   11.514290] type=1300 audit(1790859834.263:184): arch=c000003e syscall=54 success=yes exit=0 a0=4 a1=0 a2=40 a3=7df0a7409010 items=0 ppid=594 auid=4294967295 uid=0 gid=0 euid=0 suid=0 fsuid=0 egid=0 sgid=0 fsgid=0 tty=(none) ses=4294967295 comm="iptables-restor" exe="/system/bin/iptables" subj=u:r:netd:s0 key=(null)
[   11.517478] init: ... started service 'bt_ranging' has pid 661
[   11.517926] init: starting service 'bt_lmp_event'...
[   11.521896] libprocessgroup: Created cgroup /sys/fs/cgroup/system/uid_1002/pid_662
[   11.527314] init: ... started service 'bt_lmp_event' has pid 662
[   11.530949] init: starting service 'bt_socket'...
[   11.536567] type=1327 audit(1790859834.263:184): proctitle=2F73797374656D2F62696E2F69707461626C65732D726573746F7265002D2D6E6F666C757368002D77002D76
[   11.537529] type=1320 audit(1790859834.263:184): 
[   11.537738] type=1325 audit(1790859834.263:185): table=filter family=10 entries=70 op=xt_replace subj=u:r:netd:s0 comm="ip6tables-resto"
[   11.538529] libprocessgroup: Created cgroup /sys/fs/cgroup/system/uid_1002/pid_663
[   11.543682] init: ... started service 'bt_socket' has pid 663
[   11.548631] init: starting service 'bt_socket_lpp'...
[   11.554768] libprocessgroup: Created cgroup /sys/fs/cgroup/system/uid_1002/pid_664
[   11.558631] type=1300 audit(1790859834.263:185): arch=c000003e syscall=54 success=yes exit=0 a0=4 a1=29 a2=40 a3=7c84be620940 items=0 ppid=594 auid=4294967295 uid=0 gid=0 euid=0 suid=0 fsuid=0 egid=0 sgid=0 fsgid=0 tty=(none) ses=4294967295 comm="ip6tables-resto" exe="/system/bin/iptables" subj=u:r:netd:s0 key=(null)
[   11.566979] init: ... started service 'bt_socket_lpp' has pid 664
[   11.567316] init: starting service 'bt_gatt_lpp'...
[   11.573745] libprocessgroup: Created cgroup /sys/fs/cgroup/system/uid_1002/pid_665
[   11.573893] servicemanager: Caller(pid=655,uid=1010,sid=u:r:hal_wifi_default:s0) Found android.hardware.wifi.IWifi/default in device VINTF manifest.
[   11.578940] init: ... started service 'bt_gatt_lpp' has pid 665
[   11.582655] init: starting service 'vendor.graphics.allocator'...
[   11.584665] libprocessgroup: Created cgroup /sys/fs/cgroup/system/uid_1000/pid_666
[   11.587579] type=1327 audit(1790859834.263:185): proctitle=2F73797374656D2F62696E2F6970367461626C65732D726573746F7265002D2D6E6F666C757368002D77002D76
[   11.588655] type=1320 audit(1790859834.263:185): 
[   11.588839] type=1325 audit(1790859834.263:186): table=raw family=10 entries=12 op=xt_replace subj=u:r:netd:s0 comm="ip6tables-resto"
[   11.589581] type=1300 audit(1790859834.263:186): arch=c000003e syscall=54 success=yes exit=0 a0=4 a1=29 a2=40 a3=7c858e60f430 items=0 ppid=594 auid=4294967295 uid=0 gid=0 euid=0 suid=0 fsuid=0 egid=0 sgid=0 fsgid=0 tty=(none) ses=4294967295 comm="ip6tables-resto" exe="/system/bin/iptables" subj=u:r:netd:s0 key=(null)
[   11.603664] init: ... started service 'vendor.graphics.allocator' has pid 666
[   11.611341] servicemanager: Caller(pid=654,uid=9999,sid=u:r:hal_vibrator_default:s0) Found android.hardware.vibrator.IVibrator/default in device VINTF manifest.
[   11.616245] type=1327 audit(1790859834.263:186): proctitle=2F73797374656D2F62696E2F6970367461626C65732D726573746F7265002D2D6E6F666C757368002D77002D76
[   11.619223] init: starting service 'vendor.health-cuttlefish'...
[   11.621076] libprocessgroup: Created cgroup /sys/fs/cgroup/system/uid_1000/pid_668
[   11.623957] servicemanager: Caller(pid=654,uid=9999,sid=u:r:hal_vibrator_default:s0) Found android.hardware.vibrator.IVibratorManager/default in device VINTF manifest.
[   11.625745] type=1320 audit(1790859834.263:186): 
[   11.625932] type=1325 audit(1790859834.263:187): table=mangle family=10 entries=32 op=xt_replace subj=u:r:netd:s0 comm="ip6tables-resto"
[   11.626248] type=1300 audit(1790859834.263:187): arch=c000003e syscall=54 success=yes exit=0 a0=4 a1=29 a2=40 a3=7c844e6148c0 items=0 ppid=594 auid=4294967295 uid=0 gid=0 euid=0 suid=0 fsuid=0 egid=0 sgid=0 fsgid=0 tty=(none) ses=4294967295 comm="ip6tables-resto" exe="/system/bin/iptables" subj=u:r:netd:s0 key=(null)
[   11.631631] init: ... started service 'vendor.health-cuttlefish' has pid 668
[   11.636598] init: starting service 'vendor.identity-remote'...
[   11.639284] servicemanager: Caller(pid=657,uid=1002,sid=u:r:hal_bluetooth_btlinux:s0) Found android.hardware.bluetooth.finder.IBluetoothFinder/default in device VINTF manifest.
[   11.653178] libprocessgroup: Created cgroup /sys/fs/cgroup/system/uid_9999/pid_671
[   11.657648] type=1327 audit(1790859834.263:187): proctitle=2F73797374656D2F62696E2F6970367461626C65732D726573746F7265002D2D6E6F666C757368002D77002D76
[   11.659260] type=1320 audit(1790859834.263:187): 
[   11.670153] servicemanager: Caller(pid=657,uid=1002,sid=u:r:hal_bluetooth_btlinux:s0) Found android.hardware.bluetooth.finder.IBluetoothFinder/default in device VINTF manifest.
[   11.671318] init: ... started service 'vendor.identity-remote' has pid 671
[   11.671395] servicemanager: Caller(pid=656,uid=1002,sid=u:r:hal_bluetooth_default:s0) Found android.hardware.bluetooth.IBluetoothHci/default in device VINTF manifest.
[   11.678614] init: starting service 'vendor.light-cuttlefish'...
[   11.683088] servicemanager: Caller(pid=663,uid=1002,sid=u:r:hal_bluetooth_btlinux:s0) Found android.hardware.bluetooth.socket.IBluetoothSocket/default in device VINTF manifest.
[   11.687828] servicemanager: Caller(pid=664,uid=1002,sid=u:r:hal_bluetooth_lpp_default:s0) Found android.hardware.bluetooth.socket.IBluetoothSocket/lpp in device VINTF manifest.
[   11.690769] servicemanager: Caller(pid=665,uid=1002,sid=u:r:hal_bluetooth_lpp_default:s0) Found android.hardware.bluetooth.gatt.IBluetoothGatt/default in device VINTF manifest.
[   11.700149] servicemanager: Caller(pid=661,uid=1002,sid=u:r:hal_bluetooth_btlinux:s0) Found android.hardware.bluetooth.ranging.IBluetoothChannelSounding/default in device VINTF manifest.
[   11.703373] servicemanager: Caller(pid=662,uid=1002,sid=u:r:hal_bluetooth_btlinux:s0) Found android.hardware.bluetooth.lmp_event.IBluetoothLmpEvent/default in device VINTF manifest.
[   11.703884] libprocessgroup: Created cgroup /sys/fs/cgroup/system/uid_9999/pid_672
[   11.704314] servicemanager: Caller(pid=662,uid=1002,sid=u:r:hal_bluetooth_btlinux:s0) Found android.hardware.bluetooth.lmp_event.IBluetoothLmpEvent/default in device VINTF manifest.
[   11.711084] servicemanager: Caller(pid=661,uid=1002,sid=u:r:hal_bluetooth_btlinux:s0) Found android.hardware.bluetooth.ranging.IBluetoothChannelSounding/default in device VINTF manifest.
[   11.740206] init: ... started service 'vendor.light-cuttlefish' has pid 672
[   11.752107] init: starting service 'nfc_hal_service'...
[   11.759110] healthd: Failed to lookup glob /sys/devices/platform/*gcdd/system_dev_stat: -3
[   11.766203] libprocessgroup: Created cgroup /sys/fs/cgroup/system/uid_1027
[   11.772007] servicemanager: Caller(pid=666,uid=1000,sid=u:r:hal_graphics_allocator_default:s0) Found android.hardware.graphics.allocator.IAllocator/default in device VINTF manifest.
[   11.781049] libprocessgroup: Created cgroup /sys/fs/cgroup/system/uid_1027/pid_673
[   11.785634] healthd: No battery devices found
[   11.798324] init: ... started service 'nfc_hal_service' has pid 673
[   11.799697] servicemanager: Caller(pid=668,uid=1000,sid=u:r:hal_health_default:s0) Found android.hardware.health.IHealth/default in device VINTF manifest.
[   11.799942] init: starting service 'vendor.oemlock_default'...
[   11.804377] HealthLoop: Successfully attached the BPF filter to the uevent socket
[   11.805914] healthd: battery none chg=
[   11.808589] libprocessgroup: Created cgroup /sys/fs/cgroup/system/uid_1064/pid_675
[   11.808867] servicemanager: Caller(pid=672,uid=9999,sid=u:r:hal_light_cuttlefish:s0) Found android.hardware.light.ILights/default in device VINTF manifest.
[   11.817691] init: ... started service 'vendor.oemlock_default' has pid 675
[   11.825746] init: starting service 'vendor.camera-provider-2-7-google'...
[   11.844868] libprocessgroup: Created cgroup /sys/fs/cgroup/system/uid_1047
[   11.846176] libprocessgroup: Created cgroup /sys/fs/cgroup/system/uid_1047/pid_677
[   11.859106] init: ... started service 'vendor.camera-provider-2-7-google' has pid 677
[   11.859432] init: Command 'class_start hal' action=boot (/system/etc/init/hw/init.rc:1219) took 1479ms and succeeded
[   11.859914] init: Service 'exec 13 (/system/bin/kcmdlinectrl update-props)' (pid 600) exited with status 0 oneshot service took 1.560000 seconds in background
[   11.860418] init: Sending SIGKILL to service 'exec 13 (/system/bin/kcmdlinectrl update-props)' (pid 600) process group...
[   11.861020] libprocessgroup: Removed cgroup /sys/fs/cgroup/system/uid_0/pid_600
[   11.861332] init: Service 'hidl_memory' (pid 606) exited with status 0
[   11.861520] init: Sending SIGKILL to service 'hidl_memory' (pid 606) process group...
[   11.861869] libprocessgroup: Removed cgroup /sys/fs/cgroup/system/uid_1000/pid_606
[   11.862475] init: service 'ueventd' requested start, but it is already running (flags: 2084, pid: 103, started 8409ms ago)
[   11.862987] init: service 'apexd' requested start, but it is already running (flags: 134, pid: 471, started 3797ms ago)
[   11.867072] init: starting service 'audioserver'...
[   11.869105] libprocessgroup: Created cgroup /sys/fs/cgroup/system/uid_1041/pid_678
[   11.876997] init: ... started service 'audioserver' has pid 678
[   11.881646] init: starting service 'credstore'...
[   11.883589] libprocessgroup: Created cgroup /sys/fs/cgroup/system/uid_1076
[   11.884884] libprocessgroup: Created cgroup /sys/fs/cgroup/system/uid_1076/pid_679
[   11.886990] servicemanager: Caller(pid=671,uid=9999,sid=u:r:hal_identity_remote:s0) Found android.hardware.identity.IIdentityCredentialStore/default in device VINTF manifest.
[   11.907343] servicemanager: Caller(pid=675,uid=1064,sid=u:r:hal_oemlock_remote:s0) Found android.hardware.oemlock.IOemLock/default in device VINTF manifest.
[   11.908390] init: ... started service 'credstore' has pid 679
[   11.910293] init: starting service 'gpu'...
[   11.912754] libbinder.BackendUnifiedServiceManager: Thread Pool max thread count is 0. Cannot cache binder as linkToDeath cannot be implemented. serviceName: android.hardware.oemlock.IOemLock/default
[   11.917996] libprocessgroup: Created cgroup /sys/fs/cgroup/system/uid_1072
[   11.922641] libprocessgroup: Created cgroup /sys/fs/cgroup/system/uid_1072/pid_680
[   11.930529] init: ... started service 'gpu' has pid 680
[   11.930940] init: service 'lmkd' requested start, but it is already running (flags: 36, pid: 396, started 6780ms ago)
[   11.931698] init: starting service 'misctrl'...
[   11.948314] libprocessgroup: Created cgroup /sys/fs/cgroup/system/uid_0/pid_684
[   11.951795] servicemanager: Caller(pid=673,uid=1027,sid=u:r:hal_nfc_default:s0) Found android.hardware.nfc.INfc/default in device VINTF manifest.
[   11.985257] init: ... started service 'misctrl' has pid 684
[   11.985958] init: service 'servicemanager' requested start, but it is already running (flags: 2084, pid: 397, started 6816ms ago)
[   11.990255] init: starting service 'surfaceflinger'...
[   12.011877] libprocessgroup: Created cgroup /sys/fs/cgroup/system/uid_1000/pid_686
[   12.035896] init: ... started service 'surfaceflinger' has pid 686
[   12.037199] init: service 'vold' requested start, but it is already running (flags: 2052, pid: 410, started 6604ms ago)
[   12.047810] init: Command 'class_start core' action=boot (/system/etc/init/hw/init.rc:1221) took 185ms and succeeded
[   12.049202] init: Service 'misctrl' (pid 684) exited with status 1 oneshot service took 0.102000 seconds in background
[   12.050222] init: Sending SIGKILL to service 'misctrl' (pid 684) process group...
[   12.063127] libprocessgroup: Removed cgroup /sys/fs/cgroup/system/uid_0/pid_684
[   12.085063] init: processing action (ro.debuggable=1 && boot) from (/system/etc/init/hw/init.rc:1223)
[   12.098324] init: processing action (persist.sys.usb.config=* && boot) from (/system/etc/init/hw/init.usb.rc:104)
[   12.119939] init: processing action (boot) from (/system/etc/init/dumpstate.rc:1)
[   12.120439] init: processing action (boot) from (/system/etc/init/gsid.rc:25)
[   12.121020] init: starting service 'exec 14 (/system/bin/gsid run-startup-tasks)'...
[   12.125197] libprocessgroup: Created cgroup /sys/fs/cgroup/system/uid_0/pid_688
[   12.136359] init: ... started service 'exec 14 (/system/bin/gsid run-startup-tasks)' has pid 688
[   12.137069] init: processing action (boot) from (/vendor/etc/init/init.cutf_cvm.rc:83)
[   12.184831] init: starting service 'socket_vsock_proxy'...
[   12.193146] libprocessgroup: Created cgroup /sys/fs/cgroup/system/uid_0/pid_692
[   12.219311] init: ... started service 'socket_vsock_proxy' has pid 692
[   12.220358] init: Service 'exec 14 (/system/bin/gsid run-startup-tasks)' (pid 688) exited with status 0 oneshot service took 0.095000 seconds in background
[   12.222116] init: Sending SIGKILL to service 'exec 14 (/system/bin/gsid run-startup-tasks)' (pid 688) process group...
[   12.225247] libprocessgroup: Removed cgroup /sys/fs/cgroup/system/uid_0/pid_688
[   12.245646] init: processing action (ro.boot.enable_confirmationui=* && boot) from (/apex/com.google.cf.confirmationui/etc/android.hardware.confirmationui-service.cuttlefish.rc:9)
[   12.261645] init: starting service 'vendor.confirmationui_default'...
[   12.273392] libprocessgroup: Created cgroup /sys/fs/cgroup/system/uid_1000/pid_695
[   12.293293] init: ... started service 'vendor.confirmationui_default' has pid 695
[   12.293686] init: service 'vendor.confirmationui_default' requested start, but it is already running (flags: 4, pid: 695, started 23ms ago)
[   12.293973] init: processing action (enable_property_trigger) from (<Builtin Action>:0)
[   12.303057] init: processing action (bootreceiver.enable=1 && ro.product.cpu.abilist64=*) from (/system/etc/init/hw/init.rc:653)
[   12.346797] type=1400 audit(1790859836.203:188): avc:  denied  { write } for  comm="init" name="error_report_end" dev="tracefs" ino=11316 scontext=u:r:init:s0 tcontext=u:object_r:debugfs_bootreceiver_tracing:s0 tclass=dir permissive=0 bug=b/340399580
[   12.349009] type=1300 audit(1790859836.203:188): arch=c000003e syscall=257 success=yes exit=20 a0=ffffff9c a1=7f4096a39a90 a2=a0241 a3=180 items=1 ppid=0 auid=4294967295 uid=0 gid=0 euid=0 suid=0 fsuid=0 egid=0 sgid=0 fsgid=0 tty=(none) ses=4294967295 comm="init" exe="/system/bin/init" subj=u:r:init:s0 key=(null)
[   12.351753] type=1307 audit(1790859836.203:188): cwd="/"
[   12.355127] type=1302 audit(1790859836.203:188): item=0 name="/sys/kernel/tracing/instances/bootreceiver/events/error_report/error_report_end/enable" inode=19680823 dev=00:0c mode=0100640 ouid=0 ogid=3012 rdev=00:00 obj=u:object_r:debugfs_bootreceiver_tracing:s0 nametype=NORMAL cap_fp=0 cap_fi=0 cap_fe=0 cap_fver=0 cap_frootid=0
[   12.357837] type=1327 audit(1790859836.203:188): proctitle=2F73797374656D2F62696E2F696E69740073656C696E75785F7365747570
[   12.358069] type=1320 audit(1790859836.203:188): 
[   12.433782] servicemanager: Caller(pid=695,uid=1000,sid=u:r:hal_confirmationui_cuttlefish:s0) Found android.hardware.confirmationui.IConfirmationUI/default in device VINTF manifest.
[   12.436802] init: Command 'write /sys/kernel/tracing/instances/bootreceiver/events/error_report/error_report_end/enable 1' action=bootreceiver.enable=1 && ro.product.cpu.abilist64=* (/system/etc/init/hw/init.rc:661) took 93ms and succeeded
[   12.437866] init: processing action (net.tcp_def_init_rwnd=*) from (/system/etc/init/hw/init.rc:1255)
[   12.450709] init: processing action (ro.debuggable=1) from (/system/etc/init/hw/init.rc:1295)
[   12.451989] init: processing action (sys.usb.config=adb && sys.usb.configfs=0) from (/system/etc/init/hw/init.usb.rc:36)
[   12.454625] init: starting service 'adbd'...
[   12.455828] init: Created socket '/dev/socket/adbd', mode 660, user 1000, group 1000
[   12.466746] libprocessgroup: Created cgroup /sys/fs/cgroup/system/uid_0/pid_699
[   12.475816] init: ... started service 'adbd' has pid 699
[   12.476931] init: processing action (apexd.status=ready && ro.product.cpu.abilist64=*) from (/system/etc/init/hw/init.boringssl.zygote64.rc:3)
[   12.479761] init: starting service 'boringssl_self_test_apex64'...
[   12.490617] libprocessgroup: Created cgroup /sys/fs/cgroup/system/uid_9999/pid_700
[   12.517581] init: ... started service 'boringssl_self_test_apex64' has pid 700
[   12.517836] init: SVC_EXEC service 'boringssl_self_test_apex64' pid 700 (uid 9999 gid 0+0 context default) started; waiting...
[   12.649966] servicemanager: Caller(pid=678,uid=1041,sid=u:r:audioserver:s0) Found android.hardware.audio.core.IModule/default in device VINTF manifest.
[   12.667240] servicemanager: Caller(pid=678,uid=1041,sid=u:r:audioserver:s0) Found android.hardware.audio.effect.IFactory/default in device VINTF manifest.
[   12.691995] init: Service 'boringssl_self_test_apex64' (pid 700) exited with status 0 waiting took 0.201000 seconds
[   12.704399] init: Sending SIGKILL to service 'boringssl_self_test_apex64' (pid 700) process group...
[   12.706284] libprocessgroup: Removed cgroup /sys/fs/cgroup/system/uid_9999/pid_700
[   12.739074] init: processing action (security.perf_harden=1) from (/system/etc/init/init-perfetto.rc:19)
[   12.742731] init: processing action (init.svc.audioserver=running) from (/system/etc/init/audioserver.rc:43)
[   12.774532] init: Command 'start vendor.audio-hal' action=init.svc.audioserver=running (/system/etc/init/audioserver.rc:44) took 0ms and failed: service vendor.audio-hal not found
[   12.796179] init: service 'vendor.audio-hal-aidl' requested start, but it is already running (flags: 4, pid: 616, started 2338ms ago)
[   12.796723] init: service 'vendor.audio-effect-hal-aidl' requested start, but it is already running (flags: 4, pid: 620, started 2273ms ago)
[   12.797693] init: Command 'start vendor.audio-hal-4-0-msd' action=init.svc.audioserver=running (/system/etc/init/audioserver.rc:47) took 0ms and failed: service vendor.audio-hal-4-0-msd not found
[   12.801048] init: Command 'start audio_proxy_service' action=init.svc.audioserver=running (/system/etc/init/audioserver.rc:48) took 0ms and failed: service audio_proxy_service not found
[   12.801700] init: processing action (ro.persistent_properties.ready=true) from (/system/etc/init/bootstat.rc:57)
[   12.812945] init: processing action (ro.persistent_properties.ready=true) from (/system/etc/init/bootstat.rc:61)
[   12.813685] init: starting service 'exec 15 (/system/bin/bootstat --set_system_boot_reason)'...
[   12.816108] libprocessgroup: Created cgroup /sys/fs/cgroup/system/uid_1000/pid_710
[   12.819106] servicemanager: Caller(pid=678,uid=1041,sid=u:r:audioserver:s0) Found android.hardware.audio.effect.IFactory/default in device VINTF manifest.
[   12.819831] servicemanager: Caller(pid=678,uid=1041,sid=u:r:audioserver:s0) Found android.hardware.audio.core.IModule/default in device VINTF manifest.
[   12.822643] init: ... started service 'exec 15 (/system/bin/bootstat --set_system_boot_reason)' has pid 710
[   12.823937] init: processing action (bootreceiver.enable=1 && ro.product.cpu.abilist64=*) from (/system/etc/init/dmesgd.rc:7)
[   12.825066] init: Command 'rm /data/misc/dmesgd/sent_reports.txt' action=bootreceiver.enable=1 && ro.product.cpu.abilist64=* (/system/etc/init/dmesgd.rc:9) took 0ms and failed: unlink() failed: No such file or directory
[   12.825872] init: processing action (drm.service.enabled=true) from (/system/etc/init/drmserver.rc:8)
[   12.835443] init: starting service 'drm'...
[   12.849870] libprocessgroup: Created cgroup /sys/fs/cgroup/system/uid_1019
[   12.852015] libprocessgroup: Created cgroup /sys/fs/cgroup/system/uid_1019/pid_711
[   12.863368] init: ... started service 'drm' has pid 711
[   12.863811] init: processing action (persist.heapprofd.enable= && traced.lazy.heapprofd=) from (/system/etc/init/heapprofd.rc:49)
[   12.864836] init: processing action (security.perf_harden=1) from (/system/etc/init/init-perfetto.rc:19)
[   12.878454] init: processing action (kcmdline.binder=*) from (/system/etc/init/kcmdlinectrl.rc:20)
[   12.924298] init: start_waiting_for_property("kcmdline.loaded", "1"): already set
[   12.932860] init: starting service 'exec 16 (/system/bin/kcmdlinectrl store binder unset)'...
[   13.018624] servicemanager: Caller(pid=677,uid=1047,sid=u:r:hal_camera_default:s0) Found android.hardware.camera.provider.ICameraProvider/internal/0 in device VINTF manifest.
[   13.053022] libprocessgroup: Created cgroup /sys/fs/cgroup/system/uid_0/pid_716
[   13.066081] init: ... started service 'exec 16 (/system/bin/kcmdlinectrl store binder unset)' has pid 716
[   13.108737] init: SVC_EXEC service 'exec 16 (/system/bin/kcmdlinectrl store binder unset)' pid 716 (uid 0 gid 0+0 context default) started; waiting...
[   13.109934] init: Command 'exec -- /system/bin/kcmdlinectrl store binder ${kcmdline.binder:-c}' action=kcmdline.binder=* (/system/etc/init/kcmdlinectrl.rc:22) took 177ms and succeeded
[   13.130257] init: Service 'exec 15 (/system/bin/bootstat --set_system_boot_reason)' (pid 710) exited with status 0 oneshot service took 0.314000 seconds in background
[   13.132242] init: Sending SIGKILL to service 'exec 15 (/system/bin/bootstat --set_system_boot_reason)' (pid 710) process group...
[   13.133045] libprocessgroup: Removed cgroup /sys/fs/cgroup/system/uid_1000/pid_710
[   13.201900] init: Service 'exec 16 (/system/bin/kcmdlinectrl store binder unset)' (pid 716) exited with status 0 waiting took 0.156000 seconds
[   13.209819] init: Sending SIGKILL to service 'exec 16 (/system/bin/kcmdlinectrl store binder unset)' (pid 716) process group...
[   13.214094] libprocessgroup: Removed cgroup /sys/fs/cgroup/system/uid_0/pid_716
[   13.222010] init: processing action (ro.debuggable=1) from (/system/etc/init/llkd-debuggable.rc:1)
[   13.240655] init: processing action (ro.debuggable=*) from (/system/etc/init/llkd.rc:2)
[   13.247043] init: processing action (debug.atrace.user_initiated= && persist.traced.enable=1) from (/system/etc/init/perfetto.rc:64)
[   13.254169] init: starting service 'traced_probes'...
[   13.277216] libprocessgroup: Created cgroup /sys/fs/cgroup/system/uid_9999/pid_725
[   13.283468] servicemanager: Caller(pid=678,uid=1041,sid=u:r:audioserver:s0) Found android.hardware.audio.effect.IFactory/default in device VINTF manifest.
[   13.286392] init: ... started service 'traced_probes' has pid 725
[   13.287079] init: processing action (persist.traced.enable=1) from (/system/etc/init/perfetto.rc:76)
[   13.289754] init: starting service 'traced'...
[   13.293685] servicemanager: Caller(pid=678,uid=1041,sid=u:r:audioserver:s0) Found android.hardware.audio.core.IModule/default in device VINTF manifest.
[   13.294863] init: Created socket '/dev/socket/traced_consumer', mode 666, user 0, group 0
[   13.319238] init: Created socket '/dev/socket/traced_producer', mode 666, user 0, group 0
[   13.329759] libprocessgroup: Created cgroup /sys/fs/cgroup/system/uid_9999/pid_727
[   13.337631] init: ... started service 'traced' has pid 727
[   13.338066] init: service 'traced_probes' requested start, but it is already running (flags: 132, pid: 725, started 73ms ago)
[   13.339832] init: processing action (ro.persistent_properties.ready=true) from (/system/etc/init/perfetto.rc:129)
[   13.340601] init: processing action (persist.debug.perfetto.persistent_sysui_tracing_for_bugreport=) from (/system/etc/init/perfetto.rc:188)
[   13.343113] init: processing action (persist.traced_perf.enable= && sys.init.perf_lsm_hooks=1 && traced.lazy.traced_perf=) from (/system/etc/init/traced_perf.rc:44)
[   13.344800] init: processing action (ro.boot.slot_suffix=*) from (/system/etc/init/update_engine.rc:9)
[   13.345094] init: processing action (hidl_memory.disabled=true) from (/system_ext/etc/init/android.hidl.allocator@1.0-service.rc:6)
[   13.346779] init: processing action (hwservicemanager.disabled=true) from (/system_ext/etc/init/hwservicemanager.rc:14)
[   13.347626] init: Sending SIGKILL to service 'hwservicemanager' (pid 398) process group...
[   13.384393] servicemanager: Caller(pid=678,uid=1041,sid=u:r:audioserver:s0) Found android.system.suspend.ISystemSuspend/default in framework VINTF manifest.
[   13.401296] libprocessgroup: Removed cgroup /sys/fs/cgroup/system/uid_1000/pid_398
[   13.401919] init: Command 'stop hwservicemanager' action=hwservicemanager.disabled=true (/system_ext/etc/init/hwservicemanager.rc:15) took 54ms and succeeded
[   13.402292] init: Service 'hwservicemanager' (pid 398) received SIGKILL
[   13.402653] init: Sending SIGKILL to service 'hwservicemanager' (pid 398) process group...
[   13.402946] libprocessgroup: Failed to write 1 to /sys/fs/cgroup/system/uid_1000/pid_398/cgroup.kill: No such file or directory
[   13.403640] init: processing action (apex.all.ready=true) from (/apex/com.google.cf.input.config/etc/com.google.cf.input.config.rc:1)
[   13.409049] init: processing action (nonencrypted) from (/system/etc/init/hw/init.rc:1227)
[   13.430159] init: service 'zygote' requested start, but it is already running (flags: 4, pid: 596, started 3178ms ago)
[   13.430764] init: starting service 'cameraserver'...
[   13.493141] libprocessgroup: Created cgroup /sys/fs/cgroup/system/uid_1047/pid_731
[   13.530589] init: ... started service 'cameraserver' has pid 731
[   13.531032] init: service 'drm' requested start, but it is already running (flags: 132, pid: 711, started 681ms ago)
[   13.532189] init: starting service 'idmap2d'...
[   13.557978] libprocessgroup: Created cgroup /sys/fs/cgroup/system/uid_1000/pid_733
[   13.563606] init: ... started service 'idmap2d' has pid 733
[   13.565968] init: starting service 'incidentd'...
[   13.593318] libprocessgroup: Created cgroup /sys/fs/cgroup/system/uid_1067
[   13.596780] libprocessgroup: Created cgroup /sys/fs/cgroup/system/uid_1067/pid_734
[   13.613746] init: ... started service 'incidentd' has pid 734
[   13.615316] init: starting service 'installd'...
[   13.647287] libprocessgroup: Created cgroup /sys/fs/cgroup/system/uid_0/pid_735
[   13.719139] init: ... started service 'installd' has pid 735
[   13.720343] init: starting service 'mediaextractor'...
[   13.762734] libprocessgroup: Created cgroup /sys/fs/cgroup/system/uid_1040
[   13.765466] libprocessgroup: Created cgroup /sys/fs/cgroup/system/uid_1040/pid_746
[   13.817782] init: ... started service 'mediaextractor' has pid 746
[   13.819094] init: starting service 'mediametrics'...
[   13.846821] servicemanager: Caller(pid=686,uid=1000,sid=u:r:surfaceflinger:s0) Found android.hardware.graphics.allocator.IAllocator/default in device VINTF manifest.
[   13.853634] servicemanager: Caller(pid=686,uid=1000,sid=u:r:surfaceflinger:s0) Found android.hardware.graphics.allocator.IAllocator/default in device VINTF manifest.
[   13.860279] servicemanager: Caller(pid=686,uid=1000,sid=u:r:surfaceflinger:s0) Found mapper/minigbm in device VINTF manifest.
[   13.871199] libprocessgroup: Created cgroup /sys/fs/cgroup/system/uid_1013/pid_748
[   13.892136] init: ... started service 'mediametrics' has pid 748
[   13.892572] init: starting service 'media'...
[   13.913679] libprocessgroup: Created cgroup /sys/fs/cgroup/system/uid_1013/pid_751
[   13.920848] init: ... started service 'media' has pid 751
[   13.921125] init: service 'netd' requested start, but it is already running (flags: 132, pid: 594, started 3690ms ago)
[   13.921776] init: starting service 'storaged'...
[   13.959441] libprocessgroup: Created cgroup /sys/fs/cgroup/system/uid_0/pid_753
[   14.000721] init: ... started service 'storaged' has pid 753
[   14.007693] init: starting service 'seriallogging'...
[   14.032820] libprocessgroup: Created cgroup /sys/fs/cgroup/system/uid_1036/pid_760
[   14.047148] init: ... started service 'seriallogging' has pid 760
[   14.049089] init: starting service 'media.swcodec'...
[   14.059737] libprocessgroup: Created cgroup /sys/fs/cgroup/system/uid_1046
[   14.070504] libprocessgroup: Created cgroup /sys/fs/cgroup/system/uid_1046/pid_761
[   14.085444] servicemanager: Caller(pid=686,uid=1000,sid=u:r:surfaceflinger:s0) Found android.hardware.graphics.composer3.IComposer/default in device VINTF manifest.
[   14.091104] init: ... started service 'media.swcodec' has pid 761
[   14.091544] init: service 'statsd' requested start, but it is already running (flags: 4, pid: 595, started 3854ms ago)
[   14.093827] init: starting service 'vendor.ril-daemon'...
[   14.104908] libprocessgroup: Created cgroup /sys/fs/cgroup/system/uid_1001
[   14.111713] libprocessgroup: Created cgroup /sys/fs/cgroup/system/uid_1001/pid_762
[   14.128796] init: ... started service 'vendor.ril-daemon' has pid 762
[   14.129162] init: Command 'class_start main' action=nonencrypted (/system/etc/init/hw/init.rc:1228) took 699ms and succeeded
[   14.129800] init: starting service 'gatekeeperd'...
[   14.144779] libprocessgroup: Created cgroup /sys/fs/cgroup/system/uid_1000/pid_766
[   14.147572] servicemanager: Caller(pid=629,uid=1000,sid=u:r:hal_graphics_composer_default:s0) Found android.hardware.graphics.allocator.IAllocator/default in device VINTF manifest.
[   14.162733] servicemanager: Caller(pid=629,uid=1000,sid=u:r:hal_graphics_composer_default:s0) Found android.hardware.graphics.allocator.IAllocator/default in device VINTF manifest.
[   14.165116] logd: logdr: UID=1036 GID=0 PID=760 b tail=0 logMask=bf pid=0 start=0ns deadline=0ns
[   14.166903] servicemanager: Caller(pid=629,uid=1000,sid=u:r:hal_graphics_composer_default:s0) Found mapper/minigbm in device VINTF manifest.
[   14.177062] init: ... started service 'gatekeeperd' has pid 766
[   14.177868] init: service 'traced' requested start, but it is already running (flags: 132, pid: 727, started 848ms ago)
[   14.178226] init: service 'traced_probes' requested start, but it is already running (flags: 132, pid: 725, started 913ms ago)
[   14.186029] init: starting service 'update_engine'...
[   14.198224] libprocessgroup: Created cgroup /sys/fs/cgroup/system/uid_0/pid_769
[   14.219895] init: ... started service 'update_engine' has pid 769
[   14.220381] init: starting service 'usbd'...
[   14.241696] libprocessgroup: Created cgroup /sys/fs/cgroup/system/uid_0/pid_772
[   14.277207] init: ... started service 'usbd' has pid 772
[   14.278232] init: starting service 'tombstone_transmit'...
[   14.310069] libprocessgroup: Created cgroup /sys/fs/cgroup/system/uid_0/pid_774
[   14.331055] init: ... started service 'tombstone_transmit' has pid 774
[   14.331497] init: Command 'class_start late_start' action=nonencrypted (/system/etc/init/hw/init.rc:1229) took 201ms and succeeded
[   14.332129] init: processing action (load_persist_props_action) from (/system/etc/init/flags_health_check.rc:1)
[   14.336552] init: Encryption policy of /data/server_configurable_flags set to 9ff948f8a1a7c366e95a011061be821e v2 modes 1/10 flags 0xa
[   14.337444] init: starting service 'exec 17 (/system/bin/flags_health_check BOOT_FAILURE)'...
[   14.344543] libprocessgroup: Created cgroup /sys/fs/cgroup/system/uid_1000/pid_777
[   14.355922] init: ... started service 'exec 17 (/system/bin/flags_health_check BOOT_FAILURE)' has pid 777
[   14.403036] init: SVC_EXEC service 'exec 17 (/system/bin/flags_health_check BOOT_FAILURE)' pid 777 (uid 1000 gid 1000+0 context default) started; waiting...
[   14.404095] init: Command 'exec - system system -- /system/bin/flags_health_check BOOT_FAILURE' action=load_persist_props_action (/system/etc/init/flags_health_check.rc:5) took 66ms and succeeded
[   14.499311] init: Service 'exec 17 (/system/bin/flags_health_check BOOT_FAILURE)' (pid 777) exited with status 0 waiting took 0.155000 seconds
[   14.499801] init: Sending SIGKILL to service 'exec 17 (/system/bin/flags_health_check BOOT_FAILURE)' (pid 777) process group...
[   14.500395] libprocessgroup: Removed cgroup /sys/fs/cgroup/system/uid_1000/pid_777
[   14.500892] init: processing action (load_persist_props_action) from (/system/etc/init/logcatd.rc:29)
[   14.501857] init: processing action (llk.enable=0) from (/system/etc/init/llkd.rc:12)
[   14.509106] servicemanager: Caller(pid=678,uid=1041,sid=u:r:audioserver:s0) Found android.hardware.audio.effect.IFactory/default in device VINTF manifest.
[   14.514626] servicemanager: Caller(pid=678,uid=1041,sid=u:r:audioserver:s0) Found android.hardware.audio.core.IModule/default in device VINTF manifest.
[   14.532216] init: processing action (khungtask.enable=1) from (/system/etc/init/llkd.rc:18)
[   14.539731] init: processing action (llk.enable=0) from (/system/etc/init/llkd.rc:12)
[   14.549088] init: processing action (khungtask.enable=0) from (/system/etc/init/llkd.rc:21)
[   14.566965] servicemanager: Caller(pid=762,uid=1001,sid=u:r:libcuttlefish_rild:s0) Found android.hardware.radio.ims.media.IImsMedia/default in device VINTF manifest.
[   14.568023] servicemanager: Caller(pid=762,uid=1001,sid=u:r:libcuttlefish_rild:s0) Found android.hardware.radio.config.IRadioConfig/default in device VINTF manifest.
[   14.568985] servicemanager: Caller(pid=762,uid=1001,sid=u:r:libcuttlefish_rild:s0) Found android.hardware.radio.data.IRadioData/slot1 in device VINTF manifest.
[   14.570572] servicemanager: Caller(pid=762,uid=1001,sid=u:r:libcuttlefish_rild:s0) Found android.hardware.radio.ims.IRadioIms/slot1 in device VINTF manifest.
[   14.574680] servicemanager: Caller(pid=766,uid=1000,sid=u:r:gatekeeperd:s0) Found android.hardware.gatekeeper.IGatekeeper/default in device VINTF manifest.
[   14.575820] init: processing action (init.svc.media=*) from (/system/etc/init/mediaserver.rc:1)
[   14.576840] servicemanager: Caller(pid=762,uid=1001,sid=u:r:libcuttlefish_rild:s0) Found android.hardware.radio.messaging.IRadioMessaging/slot1 in device VINTF manifest.
[   14.582717] servicemanager: Caller(pid=762,uid=1001,sid=u:r:libcuttlefish_rild:s0) Found android.hardware.radio.modem.IRadioModem/slot1 in device VINTF manifest.
[   14.583682] servicemanager: Caller(pid=762,uid=1001,sid=u:r:libcuttlefish_rild:s0) Found android.hardware.radio.network.IRadioNetwork/slot1 in device VINTF manifest.
[   14.584576] servicemanager: Caller(pid=762,uid=1001,sid=u:r:libcuttlefish_rild:s0) Found android.hardware.radio.sim.IRadioSim/slot1 in device VINTF manifest.
[   14.590835] servicemanager: Caller(pid=762,uid=1001,sid=u:r:libcuttlefish_rild:s0) Found android.hardware.radio.voice.IRadioVoice/slot1 in device VINTF manifest.
[   14.592671] init: processing action (khungtask.enable=true) from (/system/etc/init/llkd.rc:25)
[   14.593607] init: processing action (khungtask.enable=false) from (/system/etc/init/llkd.rc:31)
[   14.597305] servicemanager: Caller(pid=762,uid=1001,sid=u:r:libcuttlefish_rild:s0) Found android.hardware.radio.sap.ISap/slot1 in device VINTF manifest.
[   14.638851] init: service 'adbd' requested start, but it is already running (flags: 132, pid: 699, started 2172ms ago)
[   14.641966] init: Control message: Processed ctl.start for 'adbd' from pid: 772 (/system/bin/usbd)
[   14.643713] servicemanager: Caller(pid=753,uid=0,sid=u:r:storaged:s0) Found android.hardware.health.IHealth/default in device VINTF manifest.
[   14.656751] servicemanager: Caller(pid=772,uid=0,sid=u:r:usbd:s0) Could not find android.hardware.usb.gadget.IUsbGadget/default in the VINTF manifest. No alternative instances declared in VINTF.
[   14.672017] init: Service 'usbd' (pid 772) exited with status 0 oneshot service took 0.430000 seconds in background
[   14.714757] init: Sending SIGKILL to service 'usbd' (pid 772) process group...
[   14.715596] libprocessgroup: Removed cgroup /sys/fs/cgroup/system/uid_0/pid_772
[   14.719351] servicemanager: Caller(pid=678,uid=1041,sid=u:r:audioserver:s0) Since 'activity' could not be found trying to start it as a lazy AIDL service. (if it's not configured to be a lazy service, it may be stuck starting or still starting).
[   14.726850] init: Control message: Could not find 'aidl/activity' for ctl.interface_start from pid: 397 (/system/bin/servicemanager)
[   14.727714] servicemanager: Caller(pid=678,uid=1041,sid=u:r:audioserver:s0) Tried to start aidl service activity as a lazy service, but was unable to. Usually this happens when a service is not installed, but if the service is intended to be used as a lazy service, then it may be configured incorrectly.
[   14.870207] VIRTUAL_DEVICE_DISPLAY_POWER_MODE_CHANGED display=0 mode=ON
[   14.887282] servicemanager: Caller(pid=769,uid=0,sid=u:r:update_engine:s0) Found android.hardware.boot.IBootControl/default in device VINTF manifest.
[   15.034703] init: starting service 'bootanim'...
[   15.039084] VIRTUAL_DEVICE_DISPLAY_POWER_MODE_CHANGED display=0 mode=ON
[   15.062886] libprocessgroup: Created cgroup /sys/fs/cgroup/system/uid_1003
[   15.064953] libprocessgroup: Created cgroup /sys/fs/cgroup/system/uid_1003/pid_796
[   15.082977] init: ... started service 'bootanim' has pid 796
[   15.083395] init: Control message: Processed ctl.start for 'bootanim' from pid: 686 (/system/bin/surfaceflinger)
[   15.248189] servicemanager: Caller(pid=761,uid=1046,sid=u:r:mediaswcodec:s0) Found android.hardware.media.c2.IComponentStore/software in framework VINTF manifest.
[   15.255249] servicemanager: Caller(pid=761,uid=1046,sid=u:r:mediaswcodec:s0) Found android.hardware.media.c2.IComponentStore/software in framework VINTF manifest.
[   15.262499] servicemanager: Caller(pid=761,uid=1046,sid=u:r:mediaswcodec:s0) Could not find android.hardware.media.c2.IComponentStore/default in the VINTF manifest. No alternative instances declared in VINTF.
[   15.654956] servicemanager: Caller(pid=751,uid=1013,sid=u:r:mediaserver:s0) Since 'media.codeclist.generator' could not be found trying to start it as a lazy AIDL service. (if it's not configured to be a lazy service, it may be stuck starting or still starting).
[   15.656465] init: starting service 'media.codeclist.generator'...
[   15.663618] libprocessgroup: Created cgroup /sys/fs/cgroup/system/uid_1013/pid_808
[   15.666471] init: ... started service 'media.codeclist.generator' has pid 808
[   15.667209] init: Control message: Processed ctl.interface_start for 'aidl/media.codeclist.generator' from pid: 397 (/system/bin/servicemanager)
[   15.751305] servicemanager: Caller(pid=678,uid=1041,sid=u:r:audioserver:s0) Since 'activity' could not be found trying to start it as a lazy AIDL service. (if it's not configured to be a lazy service, it may be stuck starting or still starting).
[   15.754729] init: Control message: Could not find 'aidl/activity' for ctl.interface_start from pid: 397 (/system/bin/servicemanager)
[   15.757283] servicemanager: Caller(pid=678,uid=1041,sid=u:r:audioserver:s0) Tried to start aidl service activity as a lazy service, but was unable to. Usually this happens when a service is not installed, but if the service is intended to be used as a lazy service, then it may be configured incorrectly.
[   15.832075] servicemanager: Notifying media.codeclist.generator they do (previously: don't) have clients when service is guaranteed to be in use
[   15.832801] libbinder.BpBinder: onLastStrongRef automatically unlinking death recipients for binder (0x759c31c0cfc0) with descriptor: '(not cached)'
[   15.963085] servicemanager: Caller(pid=808,uid=1013,sid=u:r:mediacodeclist_generator:s0) Found android.hardware.media.c2.IComponentStore/software in framework VINTF manifest.
[   16.009813] servicemanager: Caller(pid=761,uid=1046,sid=u:r:mediaswcodec:s0) Found android.hardware.graphics.allocator.IAllocator/default in device VINTF manifest.
[   16.063265] servicemanager: Caller(pid=761,uid=1046,sid=u:r:mediaswcodec:s0) Found android.hardware.graphics.allocator.IAllocator/default in device VINTF manifest.
[   16.079040] servicemanager: Caller(pid=761,uid=1046,sid=u:r:mediaswcodec:s0) Found mapper/minigbm in device VINTF manifest.
[   16.519793] servicemanager: Caller(pid=731,uid=1047,sid=u:r:cameraserver:s0) Found android.frameworks.cameraservice.service.ICameraService/default in framework VINTF manifest.
[   16.528808] servicemanager: Caller(pid=731,uid=1047,sid=u:r:cameraserver:s0) Found android.frameworks.cameraservice.service.ICameraService/default in framework VINTF manifest.
[   16.752838] servicemanager: Caller(pid=678,uid=1041,sid=u:r:audioserver:s0) Since 'activity' could not be found trying to start it as a lazy AIDL service. (if it's not configured to be a lazy service, it may be stuck starting or still starting).
[   16.755167] init: Control message: Could not find 'aidl/activity' for ctl.interface_start from pid: 397 (/system/bin/servicemanager)
[   16.756414] servicemanager: Caller(pid=678,uid=1041,sid=u:r:audioserver:s0) Tried to start aidl service activity as a lazy service, but was unable to. Usually this happens when a service is not installed, but if the service is intended to be used as a lazy service, then it may be configured incorrectly.
[   16.835306] servicemanager: Caller(pid=796,uid=1003,sid=u:r:bootanim:s0) Found android.hardware.graphics.allocator.IAllocator/default in device VINTF manifest.
[   16.836461] servicemanager: Caller(pid=796,uid=1003,sid=u:r:bootanim:s0) Found android.hardware.graphics.allocator.IAllocator/default in device VINTF manifest.
[   16.837386] servicemanager: Caller(pid=796,uid=1003,sid=u:r:bootanim:s0) Found mapper/minigbm in device VINTF manifest.
[   17.756832] servicemanager: Caller(pid=678,uid=1041,sid=u:r:audioserver:s0) Since 'activity' could not be found trying to start it as a lazy AIDL service. (if it's not configured to be a lazy service, it may be stuck starting or still starting).
[   17.763048] init: Control message: Could not find 'aidl/activity' for ctl.interface_start from pid: 397 (/system/bin/servicemanager)
[   17.771207] servicemanager: Caller(pid=678,uid=1041,sid=u:r:audioserver:s0) Tried to start aidl service activity as a lazy service, but was unable to. Usually this happens when a service is not installed, but if the service is intended to be used as a lazy service, then it may be configured incorrectly.
[   18.779280] servicemanager: Caller(pid=678,uid=1041,sid=u:r:audioserver:s0) Since 'activity' could not be found trying to start it as a lazy AIDL service. (if it's not configured to be a lazy service, it may be stuck starting or still starting).
[   18.812981] init: Control message: Could not find 'aidl/activity' for ctl.interface_start from pid: 397 (/system/bin/servicemanager)
[   18.822938] servicemanager: Caller(pid=678,uid=1041,sid=u:r:audioserver:s0) Tried to start aidl service activity as a lazy service, but was unable to. Usually this happens when a service is not installed, but if the service is intended to be used as a lazy service, then it may be configured incorrectly.
[   19.820824] servicemanager: Caller(pid=678,uid=1041,sid=u:r:audioserver:s0) Since 'activity' could not be found trying to start it as a lazy AIDL service. (if it's not configured to be a lazy service, it may be stuck starting or still starting).
[   19.838141] init: Control message: Could not find 'aidl/activity' for ctl.interface_start from pid: 397 (/system/bin/servicemanager)
[   19.848302] servicemanager: Caller(pid=678,uid=1041,sid=u:r:audioserver:s0) Tried to start aidl service activity as a lazy service, but was unable to. Usually this happens when a service is not installed, but if the service is intended to be used as a lazy service, then it may be configured incorrectly.
[   20.286768] servicemanager: Notifying media.codeclist.generator they don't (previously: do) have clients when we now have no record of a client
[   20.289626] servicemanager: Caller(pid=808,uid=1013,sid=u:r:mediacodeclist_generator:s0) Unregistering media.codeclist.generator
[   20.290006] libbinder.BpBinder: onLastStrongRef automatically unlinking death recipients for binder (0x759c31c0dd80) with descriptor: '(not cached)'
[   20.428829] init: Service 'media.codeclist.generator' (pid 808) exited with status 0 oneshot service took 4.764000 seconds in background
[   20.429315] init: Sending SIGKILL to service 'media.codeclist.generator' (pid 808) process group...
[   20.433387] libprocessgroup: Removed cgroup /sys/fs/cgroup/system/uid_1013/pid_808
[   20.769927] servicemanager: Notifying apexservice they do (previously: don't) have clients when service is guaranteed to be in use
[   20.773762] libbinder.AidlLazyServiceRegistrar: Process has 1 (of 1 available) client(s) in use after notification apexservice has clients: 1
[   20.774324] libbinder.AidlLazyServiceRegistrar: Shutdown prevented by forcePersist override flag.
[   20.778879] apexd: getActivePackages received by ApexService
[   20.838957] servicemanager: Caller(pid=678,uid=1041,sid=u:r:audioserver:s0) Since 'activity' could not be found trying to start it as a lazy AIDL service. (if it's not configured to be a lazy service, it may be stuck starting or still starting).
[   20.850014] init: Control message: Could not find 'aidl/activity' for ctl.interface_start from pid: 397 (/system/bin/servicemanager)
[   20.863002] servicemanager: Caller(pid=678,uid=1041,sid=u:r:audioserver:s0) Tried to start aidl service activity as a lazy service, but was unable to. Usually this happens when a service is not installed, but if the service is intended to be used as a lazy service, then it may be configured incorrectly.
[   21.000540] servicemanager: Caller(pid=832,uid=1000,sid=u:r:system_server:s0) Found android.hardware.power.stats.IPowerStats/default in device VINTF manifest.
[   21.005151] servicemanager: Caller(pid=832,uid=1000,sid=u:r:system_server:s0) Found android.frameworks.stats.IStats/default in framework VINTF manifest.
[   21.009348] servicemanager: Caller(pid=832,uid=1000,sid=u:r:system_server:s0) Found android.hardware.memtrack.IMemtrack/default in device VINTF manifest.
[   21.256267] servicemanager: Caller(pid=832,uid=1000,sid=u:r:system_server:s0) Found android.system.suspend.ISystemSuspend/default in framework VINTF manifest.
[   21.268155] servicemanager: Caller(pid=832,uid=1000,sid=u:r:system_server:s0) Found android.hardware.power.IPower/default in device VINTF manifest.
[   21.290832] servicemanager: Caller(pid=832,uid=1000,sid=u:r:system_server:s0) Found android.hardware.light.ILights/default in device VINTF manifest.
[   21.580812] init: processing action (ro.postinstall.fstab.prefix=/system && sys.cppreopt=requested) from (/system/etc/init/cppreopts.rc:26)
[   21.611429] init: [libfs_mgr] Invalid ext4 superblock on '/dev/block/dm-2'
[   21.627935] init: [libfs_mgr] mount_with_alternatives(): skipping mount due to invalid magic, mountpoint=/postinstall blk_dev=/dev/block/dm-2 rec[0].fs_type=ext4
[   21.651380] erofs: (device dm-2): mounted with root inode @ nid 38.
[   21.664222] init: [libfs_mgr] __mount(source=/dev/block/dm-2,target=/postinstall,type=erofs)=0: Success
[   21.679533] init: [libfs_mgr] mount_with_alternatives(): Mounted /dev/block/dm-2 on /postinstall with fs_type=erofs instead of ext4
[   21.681830] init: [libfs_mgr] mount_with_alternatives(): skipping fstab dup mountpoint=/postinstall rec[2].fs_type=ext4 already mounted as erofs
[   21.705489] init: [libfs_mgr] mount_with_alternatives(): skipping fstab dup mountpoint=/postinstall rec[3].fs_type=erofs already mounted as erofs
[   21.718019] init: [libfs_mgr] mount_with_alternatives(): skipping fstab dup mountpoint=/postinstall rec[4].fs_type=ext4 already mounted as erofs
[   21.728748] init: [libfs_mgr] mount_with_alternatives(): skipping fstab dup mountpoint=/postinstall rec[5].fs_type=erofs already mounted as erofs
[   21.765099] init: Unable to set property 'ro.crypto.state' from uid:0 gid:0 pid:1: Read-only property was already set
[   21.783077] init: Command 'mount_all /system/etc/fstab.postinstall' action=ro.postinstall.fstab.prefix=/system && sys.cppreopt=requested (/system/etc/init/cppreopts.rc:27) took 187ms and succeeded
[   21.828646] init: starting service 'cppreopts'...
[   21.848109] libprocessgroup: Created cgroup /sys/fs/cgroup/system/uid_0/pid_902
[   21.859005] servicemanager: Caller(pid=678,uid=1041,sid=u:r:audioserver:s0) Since 'activity' could not be found trying to start it as a lazy AIDL service. (if it's not configured to be a lazy service, it may be stuck starting or still starting).
[   21.886294] init: ... started service 'cppreopts' has pid 902
[   21.904888] init: SVC_EXEC service 'cppreopts' pid 902 (uid 0 gid 0+0 context default) started; waiting...
[   21.925841] init: Command 'exec_start cppreopts' action=ro.postinstall.fstab.prefix=/system && sys.cppreopt=requested (/system/etc/init/cppreopts.rc:28) took 97ms and succeeded
[   21.944886] init: Control message: Could not find 'aidl/activity' for ctl.interface_start from pid: 397 (/system/bin/servicemanager)
[   22.027982] servicemanager: Caller(pid=678,uid=1041,sid=u:r:audioserver:s0) Tried to start aidl service activity as a lazy service, but was unable to. Usually this happens when a service is not installed, but if the service is intended to be used as a lazy service, then it may be configured incorrectly.
[   22.938729] servicemanager: Caller(pid=678,uid=1041,sid=u:r:audioserver:s0) Since 'activity' could not be found trying to start it as a lazy AIDL service. (if it's not configured to be a lazy service, it may be stuck starting or still starting).
[   23.183074] init: Control message: Could not find 'aidl/activity' for ctl.interface_start from pid: 397 (/system/bin/servicemanager)
[   23.482590] servicemanager: Caller(pid=678,uid=1041,sid=u:r:audioserver:s0) Tried to start aidl service activity as a lazy service, but was unable to. Usually this happens when a service is not installed, but if the service is intended to be used as a lazy service, then it may be configured incorrectly.
[   24.242542] servicemanager: Caller(pid=678,uid=1041,sid=u:r:audioserver:s0) Since 'activity' could not be found trying to start it as a lazy AIDL service. (if it's not configured to be a lazy service, it may be stuck starting or still starting).
[   28.812252] libbinder.Binder: Binder transaction to android.os.IServiceManager, function: getService2, code: 2, took 4569ms. Data bytes: 96 Reply bytes: 52 Flags: 16
[   28.982184] init: Control message: Could not find 'aidl/activity' for ctl.interface_start from pid: 397 (/system/bin/servicemanager)
[   29.050681] servicemanager: Caller(pid=678,uid=1041,sid=u:r:audioserver:s0) Tried to start aidl service activity as a lazy service, but was unable to. Usually this happens when a service is not installed, but if the service is intended to be used as a lazy service, then it may be configured incorrectly.
[   30.220498] servicemanager: Caller(pid=678,uid=1041,sid=u:r:audioserver:s0) Since 'activity' could not be found trying to start it as a lazy AIDL service. (if it's not configured to be a lazy service, it may be stuck starting or still starting).
[   31.658636] libbinder.Binder: Binder transaction to android.os.IServiceManager, function: getService2, code: 2, took 1438ms. Data bytes: 96 Reply bytes: 52 Flags: 16
[   32.140588] init: Control message: Could not find 'aidl/activity' for ctl.interface_start from pid: 397 (/system/bin/servicemanager)
[   32.141468] servicemanager: Caller(pid=678,uid=1041,sid=u:r:audioserver:s0) Tried to start aidl service activity as a lazy service, but was unable to. Usually this happens when a service is not installed, but if the service is intended to be used as a lazy service, then it may be configured incorrectly.
[   33.154534] init: Service 'cppreopts' (pid 902) exited with status 0 waiting took 11.307000 seconds
[   33.162661] init: Sending SIGKILL to service 'cppreopts' (pid 902) process group...
[   33.167761] libprocessgroup: Removed cgroup /sys/fs/cgroup/system/uid_0/pid_902
[   33.201791] init: starting service 'exec 18 (/system/bin/preloads_copy.sh /postinstall)'...
[   33.216310] libprocessgroup: Created cgroup /sys/fs/cgroup/system/uid_1000/pid_2341
[   33.231179] init: ... started service 'exec 18 (/system/bin/preloads_copy.sh /postinstall)' has pid 2341
[   33.247725] init: SVC_EXEC service 'exec 18 (/system/bin/preloads_copy.sh /postinstall)' pid 2341 (uid 1000 gid 1000+0 context default) started; waiting...
[   33.281356] init: Command 'exec - system system -- /system/bin/preloads_copy.sh /postinstall' action=ro.postinstall.fstab.prefix=/system && sys.cppreopt=requested (/system/etc/init/cppreopts.rc:30) took 79ms and succeeded
[   33.298177] init: Service 'exec 18 (/system/bin/preloads_copy.sh /postinstall)' (pid 2341) exited with status 0 waiting took 0.082000 seconds
[   33.298741] init: Sending SIGKILL to service 'exec 18 (/system/bin/preloads_copy.sh /postinstall)' (pid 2341) process group...
[   33.300267] libprocessgroup: Removed cgroup /sys/fs/cgroup/system/uid_1000/pid_2341
[   33.318884] init: processing action (nonencrypted) from (/system/etc/init/hw/init.rc:1227)
[   33.319579] init: service 'zygote' requested start, but it is already running (flags: 4, pid: 596, started 23067ms ago)
[   33.320078] init: service 'cameraserver' requested start, but it is already running (flags: 4, pid: 731, started 19827ms ago)
[   33.322964] init: service 'drm' requested start, but it is already running (flags: 132, pid: 711, started 20473ms ago)
[   33.323310] init: service 'idmap2d' requested start, but it is already running (flags: 4, pid: 733, started 19766ms ago)
[   33.326236] init: service 'incidentd' requested start, but it is already running (flags: 4, pid: 734, started 19733ms ago)
[   33.331345] init: service 'installd' requested start, but it is already running (flags: 4, pid: 735, started 19684ms ago)
[   33.331770] init: service 'mediaextractor' requested start, but it is already running (flags: 4, pid: 746, started 19576ms ago)
[   33.332177] init: service 'mediametrics' requested start, but it is already running (flags: 4, pid: 748, started 19461ms ago)
[   33.332561] init: service 'media' requested start, but it is already running (flags: 4, pid: 751, started 19419ms ago)
[   33.333971] init: service 'netd' requested start, but it is already running (flags: 132, pid: 594, started 23103ms ago)
[   33.338879] init: service 'storaged' requested start, but it is already running (flags: 4, pid: 753, started 19379ms ago)
[   33.339253] init: service 'seriallogging' requested start, but it is already running (flags: 4, pid: 760, started 19311ms ago)
[   33.378503] init: service 'media.swcodec' requested start, but it is already running (flags: 4, pid: 761, started 19319ms ago)
[   33.394445] apexd: getAllPackages received by ApexService
[   33.407113] init: service 'statsd' requested start, but it is already running (flags: 4, pid: 595, started 23170ms ago)
[   33.422430] init: service 'vendor.ril-daemon' requested start, but it is already running (flags: 4, pid: 762, started 19317ms ago)
[   33.448948] init: Command 'class_start main' action=nonencrypted (/system/etc/init/hw/init.rc:1228) took 129ms and succeeded
[   33.450033] init: service 'gatekeeperd' requested start, but it is already running (flags: 4, pid: 766, started 19305ms ago)
[   33.454653] init: service 'traced' requested start, but it is already running (flags: 132, pid: 727, started 20125ms ago)
[   33.457857] init: service 'traced_probes' requested start, but it is already running (flags: 132, pid: 725, started 20193ms ago)
[   33.463938] init: service 'update_engine' requested start, but it is already running (flags: 4, pid: 769, started 19265ms ago)
[   33.469804] init: service 'tombstone_transmit' requested start, but it is already running (flags: 4, pid: 774, started 19160ms ago)
[   33.702558] servicemanager: Caller(pid=678,uid=1041,sid=u:r:audioserver:s0) Since 'activity' could not be found trying to start it as a lazy AIDL service. (if it's not configured to be a lazy service, it may be stuck starting or still starting).
[   33.703613] init: Control message: Could not find 'aidl/activity' for ctl.interface_start from pid: 397 (/system/bin/servicemanager)
[   33.705108] servicemanager: Caller(pid=678,uid=1041,sid=u:r:audioserver:s0) Tried to start aidl service activity as a lazy service, but was unable to. Usually this happens when a service is not installed, but if the service is intended to be used as a lazy service, then it may be configured incorrectly.
[   34.708637] servicemanager: Caller(pid=678,uid=1041,sid=u:r:audioserver:s0) Since 'activity' could not be found trying to start it as a lazy AIDL service. (if it's not configured to be a lazy service, it may be stuck starting or still starting).
[   34.717202] init: Control message: Could not find 'aidl/activity' for ctl.interface_start from pid: 397 (/system/bin/servicemanager)
[   34.717820] servicemanager: Caller(pid=678,uid=1041,sid=u:r:audioserver:s0) Tried to start aidl service activity as a lazy service, but was unable to. Usually this happens when a service is not installed, but if the service is intended to be used as a lazy service, then it may be configured incorrectly.
[   35.303415] servicemanager: Notifying apexservice they don't (previously: do) have clients when we now have no record of a client
[   35.321110] libbinder.AidlLazyServiceRegistrar: Process has 0 (of 1 available) client(s) in use after notification apexservice has clients: 0
[   35.321951] libbinder.AidlLazyServiceRegistrar: Shutdown prevented by forcePersist override flag.
[   35.653625] libbinder.BpBinder: onLastStrongRef automatically unlinking death recipients for binder (0x759c31c0b2e0) with descriptor: '(not cached)'
[   35.673856] servicemanager: Caller(pid=678,uid=1041,sid=u:r:audioserver:s0) Since 'sensor_privacy' could not be found trying to start it as a lazy AIDL service. (if it's not configured to be a lazy service, it may be stuck starting or still starting).
[   35.685456] init: Control message: Could not find 'aidl/sensor_privacy' for ctl.interface_start from pid: 397 (/system/bin/servicemanager)
[   35.716099] servicemanager: Caller(pid=678,uid=1041,sid=u:r:audioserver:s0) Tried to start aidl service sensor_privacy as a lazy service, but was unable to. Usually this happens when a service is not installed, but if the service is intended to be used as a lazy service, then it may be configured incorrectly.
[   35.829788] servicemanager: Caller(pid=832,uid=1000,sid=u:r:system_server:s0) Found android.hardware.sensors.ISensors/default in device VINTF manifest.
[   35.838635] servicemanager: Caller(pid=832,uid=1000,sid=u:r:system_server:s0) Found android.hardware.health.IHealth/default in device VINTF manifest.
[   35.846619] libbinder.BpBinder: onLastStrongRef automatically unlinking death recipients for binder (0x759c31c11740) with descriptor: '(not cached)'
[   35.868960] healthd: battery none chg=
[   36.177037] servicemanager: Caller(pid=832,uid=1000,sid=u:r:system_server:s0) Found android.hardware.power.IPower/default in device VINTF manifest.
[   36.195449] servicemanager: Caller(pid=832,uid=1000,sid=u:r:system_server:s0) Found android.hardware.vibrator.IVibratorManager/default in device VINTF manifest.
[   36.200698] servicemanager: Caller(pid=832,uid=1000,sid=u:r:system_server:s0) Found android.hardware.vibrator.IVibratorManager/default in device VINTF manifest.
[   36.229053] servicemanager: Caller(pid=832,uid=1000,sid=u:r:system_server:s0) Found android.hardware.vibrator.IVibratorManager/default in device VINTF manifest.
[   36.260557] servicemanager: Caller(pid=832,uid=1000,sid=u:r:system_server:s0) Found android.frameworks.vibrator.IVibratorControlService/default in framework VINTF manifest.
[   36.261968] servicemanager: Caller(pid=832,uid=1000,sid=u:r:system_server:s0) Found android.frameworks.vibrator.IVibratorControlService/default in framework VINTF manifest.
[   36.268745] servicemanager: Caller(pid=832,uid=1000,sid=u:r:system_server:s0) Found android.hardware.ir.IConsumerIr/default in device VINTF manifest.
[   36.355619] servicemanager: Caller(pid=832,uid=1000,sid=u:r:system_server:s0) Found android.frameworks.devicestate.IDeviceStateService/default in framework VINTF manifest.
[   36.358777] servicemanager: Caller(pid=832,uid=1000,sid=u:r:system_server:s0) Found android.frameworks.devicestate.IDeviceStateService/default in framework VINTF manifest.
[   36.544912] servicemanager: Caller(pid=832,uid=1000,sid=u:r:system_server:s0) Found android.frameworks.sensorservice.ISensorManager/default in framework VINTF manifest.
[   36.735773] init: processing action (sys.sysctl.extra_free_kbytes=*) from (/system/etc/init/hw/init.rc:1246)
[   36.744434] init: starting service 'exec 19 (/system/bin/extra_free_kbytes.sh 11373)'...
[   36.750456] libprocessgroup: Created cgroup /sys/fs/cgroup/system/uid_0/pid_2397
[   36.762650] init: ... started service 'exec 19 (/system/bin/extra_free_kbytes.sh 11373)' has pid 2397
[   36.847850] servicemanager: Caller(pid=832,uid=1000,sid=u:r:system_server:s0) Since 'artd' could not be found trying to start it as a lazy AIDL service. (if it's not configured to be a lazy service, it may be stuck starting or still starting).
[   36.854307] init: starting service 'artd'...
[   36.858239] libprocessgroup: Created cgroup /sys/fs/cgroup/system/uid_1082
[   36.863580] libprocessgroup: Created cgroup /sys/fs/cgroup/system/uid_1082/pid_2409
[   36.906128] init: ... started service 'artd' has pid 2409
[   36.914543] init: Control message: Processed ctl.interface_start for 'aidl/artd' from pid: 397 (/system/bin/servicemanager)
[   36.955439] servicemanager: Notifying artd they do (previously: don't) have clients when service is guaranteed to be in use
[   36.957114] libbinder.BpBinder: onLastStrongRef automatically unlinking death recipients for binder (0x759c31c17830) with descriptor: '(not cached)'
[   37.466508] init: Service 'exec 19 (/system/bin/extra_free_kbytes.sh 11373)' (pid 2397) exited with status 0 oneshot service took 0.720000 seconds in background
[   37.469115] init: Sending SIGKILL to service 'exec 19 (/system/bin/extra_free_kbytes.sh 11373)' (pid 2397) process group...
[   37.469790] libprocessgroup: Removed cgroup /sys/fs/cgroup/system/uid_0/pid_2397
[   45.822908] init: Sending SIGKILL to service 'idmap2d' (pid 733) process group...
[   45.847758] libprocessgroup: Removed cgroup /sys/fs/cgroup/system/uid_1000/pid_733
[   45.899583] init: Control message: Processed ctl.stop for 'idmap2d' from pid: 832 (system_server)
[   45.900470] init: Service 'idmap2d' (pid 733) received SIGKILL
[   45.900857] init: Sending SIGKILL to service 'idmap2d' (pid 733) process group...
[   45.902211] libprocessgroup: Failed to write 1 to /sys/fs/cgroup/system/uid_1000/pid_733/cgroup.kill: No such file or directory
[   50.040572] servicemanager: Caller(pid=410,uid=0,sid=u:r:vold:s0) Found android.system.suspend.ISystemSuspend/default in framework VINTF manifest.
[   50.103532] servicemanager: Caller(pid=832,uid=1000,sid=u:r:system_server:s0) Found android.hardware.oemlock.IOemLock/default in device VINTF manifest.
[   50.105113] servicemanager: Caller(pid=832,uid=1000,sid=u:r:system_server:s0) Found android.hardware.oemlock.IOemLock/default in device VINTF manifest.
[   50.354125] servicemanager: Caller(pid=832,uid=1000,sid=u:r:system_server:s0) Found android.hardware.wifi.IWifi/default in device VINTF manifest.
[   50.367372] servicemanager: Caller(pid=832,uid=1000,sid=u:r:system_server:s0) Found android.hardware.wifi.supplicant.ISupplicant/default in device VINTF manifest.
[   50.371788] servicemanager: Caller(pid=832,uid=1000,sid=u:r:system_server:s0) Found android.hardware.wifi.supplicant.ISupplicant/default in device VINTF manifest.
[   50.602282] servicemanager: Caller(pid=832,uid=1000,sid=u:r:system_server:s0) Found android.frameworks.location.altitude.IAltitudeService/default in framework VINTF manifest.
[   50.765785] servicemanager: Caller(pid=832,uid=1000,sid=u:r:system_server:s0) Could not find android.hardware.soundtrigger3.ISoundTriggerHw/default in the VINTF manifest. No alternative instances declared in VINTF.
[   50.783402] servicemanager: Caller(pid=832,uid=1000,sid=u:r:system_server:s0) Found android.hardware.thermal.IThermal/default in device VINTF manifest.
[   50.788377] servicemanager: Caller(pid=832,uid=1000,sid=u:r:system_server:s0) Could not find android.hardware.usb.gadget.IUsbGadget/default in the VINTF manifest. No alternative instances declared in VINTF.
[   50.810268] servicemanager: Caller(pid=832,uid=1000,sid=u:r:system_server:s0) Found android.hardware.usb.IUsb/default in device VINTF manifest.
[   50.868235] servicemanager: Caller(pid=832,uid=1000,sid=u:r:system_server:s0) Found android.hardware.contexthub.IContextHub/default in device VINTF manifest.
[   51.028040] servicemanager: Caller(pid=832,uid=1000,sid=u:r:system_server:s0) Found android.hardware.biometrics.fingerprint.IFingerprint/default in device VINTF manifest.
[   51.029471] servicemanager: Caller(pid=832,uid=1000,sid=u:r:system_server:s0) Found android.hardware.biometrics.face.IFace/default in device VINTF manifest.
[   51.032927] servicemanager: Caller(pid=832,uid=1000,sid=u:r:system_server:s0) Since 'android.hardware.biometrics.fingerprint.IFingerprint/default' could not be found trying to start it as a lazy AIDL service. (if it's not configured to be a lazy service, it may be stuck starting or still starting).
[   51.035355] servicemanager: Caller(pid=832,uid=1000,sid=u:r:system_server:s0) Since 'android.hardware.biometrics.face.IFace/default' could not be found trying to start it as a lazy AIDL service. (if it's not configured to be a lazy service, it may be stuck starting or still starting).
[   51.077938] init: starting service 'vendor.fingerprint-default'...
[   51.093230] libprocessgroup: Created cgroup /sys/fs/cgroup/system/uid_9999/pid_2603
[   51.188898] init: ... started service 'vendor.fingerprint-default' has pid 2603
[   51.192422] init: Control message: Processed ctl.interface_start for 'aidl/android.hardware.biometrics.fingerprint.IFingerprint/default' from pid: 397 (/system/bin/servicemanager)
[   51.196778] servicemanager: Caller(pid=2603,uid=9999,sid=u:r:hal_fingerprint_default:s0) Found android.hardware.biometrics.fingerprint.IFingerprint/default in device VINTF manifest.
[   51.200530] libbinder.BpBinder: onLastStrongRef automatically unlinking death recipients for binder (0x759c31c1d030) with descriptor: '(not cached)'
[   51.202088] servicemanager: Notifying android.hardware.biometrics.fingerprint.IFingerprint/default they do (previously: don't) have clients when we now have a record of a client
[   51.202920] init: starting service 'vendor.face-default'...
[   51.207278] servicemanager: Caller(pid=832,uid=1000,sid=u:r:system_server:s0) Found android.hardware.biometrics.fingerprint.IFingerprint/default in device VINTF manifest.
[   51.234257] servicemanager: Caller(pid=832,uid=1000,sid=u:r:system_server:s0) Found android.hardware.authsecret.IAuthSecret/default in device VINTF manifest.
[   51.236695] libprocessgroup: Created cgroup /sys/fs/cgroup/system/uid_9999/pid_2616
[   51.323780] init: ... started service 'vendor.face-default' has pid 2616
[   51.326593] init: Control message: Processed ctl.interface_start for 'aidl/android.hardware.biometrics.face.IFace/default' from pid: 397 (/system/bin/servicemanager)
[   51.377901] servicemanager: Caller(pid=2616,uid=9999,sid=u:r:hal_face_default:s0) Found android.hardware.biometrics.face.IFace/default in device VINTF manifest.
[   51.380255] servicemanager: Notifying android.hardware.biometrics.face.IFace/default they do (previously: don't) have clients when service is guaranteed to be in use
[   51.381405] libbinder.BpBinder: onLastStrongRef automatically unlinking death recipients for binder (0x759c31c1e420) with descriptor: '(not cached)'
[   51.407362] servicemanager: Caller(pid=832,uid=1000,sid=u:r:system_server:s0) Found android.hardware.biometrics.face.IFace/default in device VINTF manifest.
[   51.527017] servicemanager: Caller(pid=832,uid=1000,sid=u:r:system_server:s0) Since 'ot_daemon' could not be found trying to start it as a lazy AIDL service. (if it's not configured to be a lazy service, it may be stuck starting or still starting).
[   51.536947] servicemanager: Caller(pid=832,uid=1000,sid=u:r:system_server:s0) Found android.hardware.wifi.IWifi/default in device VINTF manifest.
[   51.540602] init: starting service 'ot-daemon'...
[   51.547550] init: Created socket '/dev/socket/ot-daemon/thread-wpan.sock', mode 660, user 1084, group 1084
[   51.555790] libprocessgroup: Created cgroup /sys/fs/cgroup/system/uid_1084/pid_2622
[   51.578016] init: ... started service 'ot-daemon' has pid 2622
[   51.582016] init: Control message: Processed ctl.interface_start for 'aidl/ot_daemon' from pid: 397 (/system/bin/servicemanager)
[   51.585990] servicemanager: Caller(pid=832,uid=1000,sid=u:r:system_server:s0) Found android.hardware.health.IHealth/default in device VINTF manifest.
[   51.732965] servicemanager: Notifying ot_daemon they do (previously: don't) have clients when service is guaranteed to be in use
[   51.733322] libbinder.BpBinder: onLastStrongRef automatically unlinking death recipients for binder (0x759c31c222b0) with descriptor: '(not cached)'
[   51.834524] servicemanager: Notifying apexservice they do (previously: don't) have clients when service is guaranteed to be in use
[   51.835380] apexd: getSessions() received by ApexService
[   51.870444] libbinder.AidlLazyServiceRegistrar: Process has 1 (of 1 available) client(s) in use after notification apexservice has clients: 1
[   51.871195] libbinder.AidlLazyServiceRegistrar: Shutdown prevented by forcePersist override flag.
[   51.941766] servicemanager: Caller(pid=832,uid=1000,sid=u:r:system_server:s0) Found android.hardware.bluetooth.lmp_event.IBluetoothLmpEvent/default in device VINTF manifest.
[   51.943747] init: starting service 'idmap2d'...
[   51.952796] libprocessgroup: Created cgroup /sys/fs/cgroup/system/uid_1000/pid_2633
[   51.984067] init: ... started service 'idmap2d' has pid 2633
[   51.990529] init: Control message: Processed ctl.start for 'idmap2d' from pid: 832 (system_server)
[   52.230326] servicemanager: Caller(pid=832,uid=1000,sid=u:r:system_server:s0) Found android.hardware.thermal.IThermal/default in device VINTF manifest.
[   52.249102] servicemanager: Caller(pid=832,uid=1000,sid=u:r:system_server:s0) Found android.hardware.input.processor.IInputProcessor/default in device VINTF manifest.
[   52.398206] type=1325 audit(1790859876.255:189): table=filter family=2 entries=81 op=xt_replace subj=u:r:netd:s0 comm="iptables-restor"
[   52.400062] type=1300 audit(1790859876.255:189): arch=c000003e syscall=54 success=yes exit=0 a0=4 a1=0 a2=40 a3=7defe7412a20 items=0 ppid=594 auid=4294967295 uid=0 gid=0 euid=0 suid=0 fsuid=0 egid=0 sgid=0 fsgid=0 tty=(none) ses=4294967295 comm="iptables-restor" exe="/system/bin/iptables" subj=u:r:netd:s0 key=(null)
[   52.404353] type=1327 audit(1790859876.255:189): proctitle=2F73797374656D2F62696E2F69707461626C65732D726573746F7265002D2D6E6F666C757368002D77002D76
[   52.406485] type=1320 audit(1790859876.255:189): 
[   52.407703] type=1325 audit(1790859876.263:190): table=filter family=10 entries=81 op=xt_replace subj=u:r:netd:s0 comm="ip6tables-resto"
[   52.409667] type=1300 audit(1790859876.263:190): arch=c000003e syscall=54 success=yes exit=0 a0=4 a1=29 a2=40 a3=7c84be619630 items=0 ppid=594 auid=4294967295 uid=0 gid=0 euid=0 suid=0 fsuid=0 egid=0 sgid=0 fsgid=0 tty=(none) ses=4294967295 comm="ip6tables-resto" exe="/system/bin/iptables" subj=u:r:netd:s0 key=(null)
[   52.413121] type=1327 audit(1790859876.263:190): proctitle=2F73797374656D2F62696E2F6970367461626C65732D726573746F7265002D2D6E6F666C757368002D77002D76
[   52.414275] type=1320 audit(1790859876.263:190): 
[   52.804608] servicemanager: Caller(pid=832,uid=1000,sid=u:r:system_server:s0) Found android.hardware.media.c2.IComponentStore/software in framework VINTF manifest.
[   52.826665] servicemanager: Caller(pid=832,uid=1000,sid=u:r:system_server:s0) Found android.hardware.gnss.IGnss/default in device VINTF manifest.
[   53.788813] servicemanager: Caller(pid=2648,uid=10088,sid=u:r:platform_app:s0:c512,c768) Found android.hardware.graphics.allocator.IAllocator/default in device VINTF manifest.
[   53.801424] servicemanager: Caller(pid=2648,uid=10088,sid=u:r:platform_app:s0:c512,c768) Found android.hardware.graphics.allocator.IAllocator/default in device VINTF manifest.
[   53.808728] servicemanager: Caller(pid=2648,uid=10088,sid=u:r:platform_app:s0:c512,c768) Found mapper/minigbm in device VINTF manifest.
[   54.190765] servicemanager: Caller(pid=832,uid=1000,sid=u:r:system_server:s0) Could not find android.hardware.weaver.IWeaver/default in the VINTF manifest. No alternative instances declared in VINTF.
[   54.517841] servicemanager: Caller(pid=2806,uid=1068,sid=u:r:secure_element:s0:c44,c260,c512,c768) Found android.hardware.secure_element.ISecureElement/eSE1 in device VINTF manifest.
[   54.535256] servicemanager: Caller(pid=2806,uid=1068,sid=u:r:secure_element:s0:c44,c260,c512,c768) Could not find android.hardware.secure_element.ISecureElement/eSE2 in the VINTF manifest. VINTF declared instances: eSE1.
[   54.545616] servicemanager: Caller(pid=2806,uid=1068,sid=u:r:secure_element:s0:c44,c260,c512,c768) Could not find android.hardware.secure_element.ISecureElement/SIM1 in the VINTF manifest. VINTF declared instances: eSE1.
[   55.189444] android.hardware.gatekeeper-service.nonsecure: deleteAllUsers is unimplemented
[   55.292495] servicemanager: Notifying apexservice they don't (previously: do) have clients when we now have no record of a client
[   55.302517] libbinder.AidlLazyServiceRegistrar: Process has 0 (of 1 available) client(s) in use after notification apexservice has clients: 0
[   55.327819] libbinder.AidlLazyServiceRegistrar: Shutdown prevented by forcePersist override flag.
[   55.745642] servicemanager: Caller(pid=832,uid=1000,sid=u:r:system_server:s0) Found android.hardware.input.processor.IInputProcessor/default in device VINTF manifest.
[   55.893624] servicemanager: Caller(pid=2877,uid=1000,sid=u:r:system_app:s0) Found android.hardware.graphics.allocator.IAllocator/default in device VINTF manifest.
[   55.899765] servicemanager: Caller(pid=2877,uid=1000,sid=u:r:system_app:s0) Found android.hardware.graphics.allocator.IAllocator/default in device VINTF manifest.
[   55.900614] servicemanager: Caller(pid=2877,uid=1000,sid=u:r:system_app:s0) Found mapper/minigbm in device VINTF manifest.
[   56.148472] servicemanager: Caller(pid=2834,uid=10085,sid=u:r:platform_app:s0:c512,c768) Found android.hardware.graphics.allocator.IAllocator/default in device VINTF manifest.
[   56.151687] servicemanager: Caller(pid=2834,uid=10085,sid=u:r:platform_app:s0:c512,c768) Found android.hardware.graphics.allocator.IAllocator/default in device VINTF manifest.
[   56.155567] servicemanager: Caller(pid=2834,uid=10085,sid=u:r:platform_app:s0:c512,c768) Found mapper/minigbm in device VINTF manifest.
[   56.883850] servicemanager: Caller(pid=2802,uid=1027,sid=u:r:nfc:s0) Found android.system.suspend.ISystemSuspend/default in framework VINTF manifest.
[   57.788879] servicemanager: Caller(pid=2824,uid=1002,sid=u:r:bluetooth:s0) Found android.hardware.bluetooth.IBluetoothHci/default in device VINTF manifest.
[   57.835326] servicemanager: Caller(pid=2824,uid=1002,sid=u:r:bluetooth:s0) Found android.hardware.bluetooth.ranging.IBluetoothChannelSounding/default in device VINTF manifest.
[   58.144894] servicemanager: Caller(pid=2824,uid=1002,sid=u:r:bluetooth:s0) Found android.hardware.bluetooth.socket.IBluetoothSocket/lpp in device VINTF manifest.
[   58.155463] servicemanager: Caller(pid=2824,uid=1002,sid=u:r:bluetooth:s0) Found android.hardware.bluetooth.gatt.IBluetoothGatt/default in device VINTF manifest.
[   59.151739] servicemanager: Caller(pid=2648,uid=10088,sid=u:r:platform_app:s0:c512,c768) Found android.hardware.media.c2.IComponentStore/software in framework VINTF manifest.
[   59.320254] servicemanager: Caller(pid=2824,uid=1002,sid=u:r:bluetooth:s0) Found android.hardware.bluetooth.audio.IBluetoothAudioProviderFactory/default in device VINTF manifest.
[   59.323153] servicemanager: Caller(pid=2824,uid=1002,sid=u:r:bluetooth:s0) Found android.hardware.bluetooth.audio.IBluetoothAudioProviderFactory/default in device VINTF manifest.
[   59.334504] servicemanager: Caller(pid=2824,uid=1002,sid=u:r:bluetooth:s0) Found android.hardware.bluetooth.audio.IBluetoothAudioProviderFactory/default in device VINTF manifest.
[   59.374070] servicemanager: Caller(pid=2824,uid=1002,sid=u:r:bluetooth:s0) Found android.hardware.bluetooth.audio.IBluetoothAudioProviderFactory/default in device VINTF manifest.
[   59.377820] servicemanager: Caller(pid=2824,uid=1002,sid=u:r:bluetooth:s0) Found android.hardware.bluetooth.audio.IBluetoothAudioProviderFactory/default in device VINTF manifest.
[   59.440552] servicemanager: Caller(pid=2824,uid=1002,sid=u:r:bluetooth:s0) Found android.hardware.bluetooth.audio.IBluetoothAudioProviderFactory/default in device VINTF manifest.
[   59.823019] servicemanager: Caller(pid=2909,uid=10084,sid=u:r:priv_app:s0:c512,c768) Found android.hardware.graphics.allocator.IAllocator/default in device VINTF manifest.
[   59.846186] servicemanager: Caller(pid=2824,uid=1002,sid=u:r:bluetooth:s0) Found android.hardware.bluetooth.audio.IBluetoothAudioProviderFactory/default in device VINTF manifest.
[   59.931297] servicemanager: Caller(pid=2824,uid=1002,sid=u:r:bluetooth:s0) Found android.hardware.bluetooth.audio.IBluetoothAudioProviderFactory/default in device VINTF manifest.
[   59.970591] servicemanager: Caller(pid=2909,uid=10084,sid=u:r:priv_app:s0:c512,c768) Found android.hardware.graphics.allocator.IAllocator/default in device VINTF manifest.
[   59.971826] servicemanager: Caller(pid=2909,uid=10084,sid=u:r:priv_app:s0:c512,c768) Found mapper/minigbm in device VINTF manifest.
[   60.308827] servicemanager: Caller(pid=2824,uid=1002,sid=u:r:bluetooth:s0) Found android.hardware.bluetooth.audio.IBluetoothAudioProviderFactory/default in device VINTF manifest.
[   60.602270] servicemanager: Caller(pid=2807,uid=1001,sid=u:r:radio:s0) Found android.hardware.radio.data.IRadioData/slot1 in device VINTF manifest.
[   60.656351] servicemanager: Caller(pid=2807,uid=1001,sid=u:r:radio:s0) Found android.hardware.radio.data.IRadioData/slot1 in device VINTF manifest.
[   60.684297] servicemanager: Caller(pid=2807,uid=1001,sid=u:r:radio:s0) Found android.hardware.radio.messaging.IRadioMessaging/slot1 in device VINTF manifest.
[   60.728269] servicemanager: Caller(pid=2807,uid=1001,sid=u:r:radio:s0) Found android.hardware.radio.modem.IRadioModem/slot1 in device VINTF manifest.
[   60.759237] servicemanager: Caller(pid=2807,uid=1001,sid=u:r:radio:s0) Found android.hardware.radio.network.IRadioNetwork/slot1 in device VINTF manifest.
[   60.802662] servicemanager: Caller(pid=2807,uid=1001,sid=u:r:radio:s0) Found android.hardware.radio.sim.IRadioSim/slot1 in device VINTF manifest.
[   60.847304] servicemanager: Caller(pid=2807,uid=1001,sid=u:r:radio:s0) Found android.hardware.radio.voice.IRadioVoice/slot1 in device VINTF manifest.
[   60.926663] servicemanager: Caller(pid=2807,uid=1001,sid=u:r:radio:s0) Found android.hardware.radio.ims.IRadioIms/slot1 in device VINTF manifest.
[   60.968144] servicemanager: Caller(pid=2807,uid=1001,sid=u:r:radio:s0) Found android.hardware.radio.voice.IRadioVoice/slot1 in device VINTF manifest.
[   60.994787] servicemanager: Caller(pid=2807,uid=1001,sid=u:r:radio:s0) Found android.hardware.radio.data.IRadioData/slot1 in device VINTF manifest.
[   61.055988] servicemanager: Caller(pid=2807,uid=1001,sid=u:r:radio:s0) Found android.hardware.radio.messaging.IRadioMessaging/slot1 in device VINTF manifest.
[   61.179579] servicemanager: Caller(pid=2807,uid=1001,sid=u:r:radio:s0) Found android.hardware.radio.ims.IRadioIms/slot1 in device VINTF manifest.
[   61.229096] servicemanager: Caller(pid=2807,uid=1001,sid=u:r:radio:s0) Found android.hardware.radio.data.IRadioData/slot1 in device VINTF manifest.
[   61.237041] servicemanager: Caller(pid=2807,uid=1001,sid=u:r:radio:s0) Found android.hardware.radio.data.IRadioData/slot1 in device VINTF manifest.
[   61.299849] servicemanager: Caller(pid=2807,uid=1001,sid=u:r:radio:s0) Found android.hardware.radio.messaging.IRadioMessaging/slot1 in device VINTF manifest.
[   61.342582] servicemanager: Caller(pid=2807,uid=1001,sid=u:r:radio:s0) Found android.hardware.radio.messaging.IRadioMessaging/slot1 in device VINTF manifest.
[   61.419658] servicemanager: Caller(pid=2807,uid=1001,sid=u:r:radio:s0) Found android.hardware.radio.modem.IRadioModem/slot1 in device VINTF manifest.
[   61.432089] servicemanager: Caller(pid=2807,uid=1001,sid=u:r:radio:s0) Found android.hardware.radio.modem.IRadioModem/slot1 in device VINTF manifest.
[   61.467236] servicemanager: Caller(pid=2807,uid=1001,sid=u:r:radio:s0) Found android.hardware.radio.network.IRadioNetwork/slot1 in device VINTF manifest.
[   61.503874] servicemanager: Caller(pid=2807,uid=1001,sid=u:r:radio:s0) Found android.hardware.radio.network.IRadioNetwork/slot1 in device VINTF manifest.
[   61.513234] servicemanager: Caller(pid=2807,uid=1001,sid=u:r:radio:s0) Found android.hardware.radio.sim.IRadioSim/slot1 in device VINTF manifest.
[   61.517296] servicemanager: Caller(pid=2807,uid=1001,sid=u:r:radio:s0) Found android.hardware.radio.sim.IRadioSim/slot1 in device VINTF manifest.
[   61.519015] servicemanager: Caller(pid=2807,uid=1001,sid=u:r:radio:s0) Found android.hardware.radio.voice.IRadioVoice/slot1 in device VINTF manifest.
[   61.522631] servicemanager: Caller(pid=2807,uid=1001,sid=u:r:radio:s0) Found android.hardware.radio.voice.IRadioVoice/slot1 in device VINTF manifest.
[   61.550701] servicemanager: Caller(pid=2807,uid=1001,sid=u:r:radio:s0) Found android.hardware.radio.ims.IRadioIms/slot1 in device VINTF manifest.
[   61.571627] servicemanager: Caller(pid=2807,uid=1001,sid=u:r:radio:s0) Found android.hardware.radio.ims.IRadioIms/slot1 in device VINTF manifest.
[   61.577329] servicemanager: Caller(pid=2807,uid=1001,sid=u:r:radio:s0) Found android.hardware.radio.ims.IRadioIms/slot1 in device VINTF manifest.
[   61.612654] servicemanager: Caller(pid=2807,uid=1001,sid=u:r:radio:s0) Found android.hardware.radio.config.IRadioConfig/default in device VINTF manifest.
[   62.195380] init: Sending SIGKILL to service 'idmap2d' (pid 2633) process group...
[   62.240121] libprocessgroup: Removed cgroup /sys/fs/cgroup/system/uid_1000/pid_2633
[   62.247656] init: Control message: Processed ctl.stop for 'idmap2d' from pid: 832 (system_server)
[   62.252153] init: Service 'idmap2d' (pid 2633) received SIGKILL
[   62.265123] init: Sending SIGKILL to service 'idmap2d' (pid 2633) process group...
[   62.266635] libprocessgroup: Failed to write 1 to /sys/fs/cgroup/system/uid_1000/pid_2633/cgroup.kill: No such file or directory
[   63.217057] init: starting service 'idmap2d'...
[   63.665845] libprocessgroup: Created cgroup /sys/fs/cgroup/system/uid_1000/pid_3095
[   63.736489] init: ... started service 'idmap2d' has pid 3095
[   63.737277] init: Control message: Processed ctl.start for 'idmap2d' from pid: 832 (system_server)
[   63.790836] init: Service 'bootanim' (pid 796) exited with status 0 oneshot service took 48.731998 seconds in background
[   63.791536] init: Sending SIGKILL to service 'bootanim' (pid 796) process group...
[   63.794227] libprocessgroup: Removed cgroup /sys/fs/cgroup/system/uid_1003/pid_796
[   64.061875] servicemanager: Caller(pid=686,uid=1000,sid=u:r:surfaceflinger:s0) Found android.hardware.power.IPower/default in device VINTF manifest.
[   64.069776] servicemanager: Caller(pid=410,uid=0,sid=u:r:vold:s0) Found android.hardware.boot.IBootControl/default in device VINTF manifest.
[   64.150959] F2FS-fs (dm-17): Preserve previous reserve_root=32768
[   64.151934] F2FS-fs (dm-17): f2fs_enable_checkpoint() starts, meta: 8, node: 1890, data: 1952
[   64.407111] F2FS-fs (dm-17): sync_inode_sb done, dirty_data: 0, 1952, skipped write: 0, 0, retry: 3
[   64.470280] F2FS-fs (dm-17): f2fs_enable_checkpoint() finishes, writeback:259, sync:57
[   64.489858] init: processing action (vold.checkpoint_committed=1) from (/system/etc/init/hw/init.rc:1086)
[   66.425783] servicemanager: Caller(pid=832,uid=1000,sid=u:r:system_server:s0) Found android.hardware.graphics.allocator.IAllocator/default in device VINTF manifest.
[   66.433152] servicemanager: Caller(pid=832,uid=1000,sid=u:r:system_server:s0) Found android.hardware.graphics.allocator.IAllocator/default in device VINTF manifest.
[   66.439394] servicemanager: Caller(pid=832,uid=1000,sid=u:r:system_server:s0) Found mapper/minigbm in device VINTF manifest.
[   66.702477] servicemanager: Caller(pid=607,uid=1000,sid=u:r:hal_sensors_default:s0) Found android.system.suspend.ISystemSuspend/default in framework VINTF manifest.
[   66.714466] init: starting service 'mdnsd'...
[   66.716223] init: Created socket '/dev/socket/mdnsd', mode 660, user 1020, group 3003
[   66.728465] libprocessgroup: Created cgroup /sys/fs/cgroup/system/uid_1020
[   66.731896] libprocessgroup: Created cgroup /sys/fs/cgroup/system/uid_1020/pid_3175
[   66.739930] init: ... started service 'mdnsd' has pid 3175
[   66.740324] init: Control message: Processed ctl.start for 'mdnsd' from pid: 699 (/apex/com.android.adbd/bin/adbd --root_seclabel=u:r:su:s0 --tim_seclabel=u:r:adbd_tradeinmode:s0)
[   67.168606] servicemanager: Notifying apexservice they do (previously: don't) have clients when service is guaranteed to be in use
[   67.201176] libbinder.AidlLazyServiceRegistrar: Process has 1 (of 1 available) client(s) in use after notification apexservice has clients: 1
[   67.234013] apexd: markBootCompleted() received by ApexService
[   67.265092] libbinder.AidlLazyServiceRegistrar: Shutdown prevented by forcePersist override flag.
[   67.299121] init: processing action (sys.boot_completed=1) from (/system/etc/init/hw/init.rc:1237)
[   67.303031] init: starting service 'exec 20 (/bin/rm -rf /data/per_boot)'...
[   67.331758] libprocessgroup: Created cgroup /sys/fs/cgroup/system/uid_1000/pid_3183
[   67.381069] init: ... started service 'exec 20 (/bin/rm -rf /data/per_boot)' has pid 3183
[   67.382160] init: SVC_EXEC service 'exec 20 (/bin/rm -rf /data/per_boot)' pid 3183 (uid 1000 gid 1000+0 context default) started; waiting...
[   67.440549] init: Command 'exec - system system -- /bin/rm -rf /data/per_boot' action=sys.boot_completed=1 (/system/etc/init/hw/init.rc:1240) took 137ms and succeeded
[   67.507935] init: Service 'exec 20 (/bin/rm -rf /data/per_boot)' (pid 3183) exited with status 0 waiting took 0.177000 seconds
[   67.508298] init: Sending SIGKILL to service 'exec 20 (/bin/rm -rf /data/per_boot)' (pid 3183) process group...
[   67.509911] libprocessgroup: Removed cgroup /sys/fs/cgroup/system/uid_1000/pid_3183
[   67.511626] init: Encryption policy of /data/per_boot set to 1decfac1a1ec2e914b75cade3cdf9804 v2 modes 1/10 flags 0xa
[   67.516988] init: processing action (sys.boot_completed=1) from (/system/etc/init/atrace.rc:558)
[   67.517811] init: processing action (sys.boot_completed=1 && sys.bootstat.first_boot_completed=0) from (/system/etc/init/bootstat.rc:67)
[   67.519922] init: starting service 'exec 21 (/system/bin/bootstat --record_boot_complete --record_boot_reason --record_time_since_factory_reset -l)'...
[   67.526048] libprocessgroup: Created cgroup /sys/fs/cgroup/system/uid_1000/pid_3191
[   67.648037] init: ... started service 'exec 21 (/system/bin/bootstat --record_boot_complete --record_boot_reason --record_time_since_factory_reset -l)' has pid 3191
[   67.672214] init: Command 'exec_background - system log -- /system/bin/bootstat --record_boot_complete --record_boot_reason --record_time_since_factory_reset -l' action=sys.boot_completed=1 && sys.bootstat.first_boot_completed=0 (/system/etc/init/bootstat.rc:72) took 153ms and succeeded
[   67.713665] servicemanager: Caller(pid=769,uid=0,sid=u:r:update_engine:s0) Found android.hardware.boot.IBootControl/default in device VINTF manifest.
[   67.726632] init: processing action (sys.boot_completed=1) from (/system/etc/init/dmesgd.rc:4)
[   67.778850] init: processing action (sys.boot_completed=1) from (/system/etc/init/flags_health_check.rc:7)
[   67.794396] init: processing action (persist.dbg.keep_debugfs_mounted= && ro.product.debugfs_restrictions.enabled=true && sys.boot_completed=1) from (/system/etc/init/init-debug.rc:15)
[   67.799565] init: processing action (sys.boot_completed=1) from (/system/etc/init/lmkd.rc:13)
[   67.800171] init: starting service 'exec 22 (/system/bin/lmkd --boot_completed)'...
[   67.811848] libprocessgroup: Created cgroup /sys/fs/cgroup/system/uid_0/pid_3230
[   67.824338] init: ... started service 'exec 22 (/system/bin/lmkd --boot_completed)' has pid 3230
[   67.824768] init: Service 'exec 21 (/system/bin/bootstat --record_boot_complete --record_boot_reason --record_time_since_factory_reset -l)' (pid 3191) exited with status 0 oneshot service took 0.299000 seconds in background
[   67.827421] init: Sending SIGKILL to service 'exec 21 (/system/bin/bootstat --record_boot_complete --record_boot_reason --record_time_since_factory_reset -l)' (pid 3191) process group...
[   67.829616] libprocessgroup: Removed cgroup /sys/fs/cgroup/system/uid_1000/pid_3191
[   67.834130] init: processing action (sys.boot_completed=1) from (/system/etc/init/logd.rc:34)
[   67.834760] init: starting service 'logd-auditctl'...
[   67.838645] libprocessgroup: Created cgroup /sys/fs/cgroup/system/uid_1036/pid_3232
[   67.844270] init: ... started service 'logd-auditctl' has pid 3232
[   67.850432] init: processing action (sys.boot_completed=1) from (/system/etc/init/mmd.rc:20)
[   67.852631] init: starting service 'exec 23 (/system/bin/mmd --set-property)'...
[   67.856525] libprocessgroup: Created cgroup /sys/fs/cgroup/system/uid_0/pid_3233
[   67.878840] init: ... started service 'exec 23 (/system/bin/mmd --set-property)' has pid 3233
[   67.879135] init: SVC_EXEC service 'exec 23 (/system/bin/mmd --set-property)' pid 3233 (uid 0 gid 0+0 context default) started; waiting...
[   67.962251] type=1305 audit(1790859891.815:191): op=set audit_rate_limit=5 old=0 auid=4294967295 ses=4294967295 subj=u:r:auditctl:s0 res=1
[   67.974086] init: Service 'exec 23 (/system/bin/mmd --set-property)' (pid 3233) exited with status 0 waiting took 0.115000 seconds
[   67.975343] init: Sending SIGKILL to service 'exec 23 (/system/bin/mmd --set-property)' (pid 3233) process group...
[   67.978586] libprocessgroup: Removed cgroup /sys/fs/cgroup/system/uid_0/pid_3233
[   67.978942] init: processing action (sys.boot_completed=1) from (/system/etc/init/pmgd.rc:23)
[   67.999508] init: starting service 'pmgd'...
[   68.011271] libprocessgroup: Created cgroup /sys/fs/cgroup/system/uid_9999/pid_3237
[   68.018953] type=1300 audit(1790859891.815:191): arch=c000003e syscall=44 success=yes exit=60 a0=3 a1=7ffe6b199528 a2=3c a3=0 items=0 ppid=1 auid=4294967295 uid=1036 gid=1036 euid=1036 suid=1036 fsuid=1036 egid=1036 sgid=1036 fsgid=1036 tty=(none) ses=4294967295 comm="auditctl" exe="/system/bin/auditctl" subj=u:r:auditctl:s0 key=(null)
[   68.031311] init: ... started service 'pmgd' has pid 3237
[   68.044303] init: Service 'exec 22 (/system/bin/lmkd --boot_completed)' (pid 3230) exited with status 0 oneshot service took 0.233000 seconds in background
[   68.069059] init: Sending SIGKILL to service 'exec 22 (/system/bin/lmkd --boot_completed)' (pid 3230) process group...
[   68.086541] libprocessgroup: Removed cgroup /sys/fs/cgroup/system/uid_0/pid_3230
[   68.097686] type=1327 audit(1790859891.815:191): proctitle=2F73797374656D2F62696E2F617564697463746C002D720035
[   68.116307] init: Service 'logd-auditctl' (pid 3232) exited with status 0 oneshot service took 0.278000 seconds in background
[   68.145558] type=1320 audit(1790859891.815:191): 
[   68.150434] init: Sending SIGKILL to service 'logd-auditctl' (pid 3232) process group...
[   68.155374] libprocessgroup: Removed cgroup /sys/fs/cgroup/system/uid_1036/pid_3232
[   68.209466] init: processing action (sys.boot_completed=1) from (/system/etc/init/profcollectd.rc:30)
[   68.257832] init: starting service 'profcollectctl_set_property'...
[   68.282765] libprocessgroup: Created cgroup /sys/fs/cgroup/system/uid_0/pid_3240
[   68.359483] init: ... started service 'profcollectctl_set_property' has pid 3240
[   68.373325] init: Command 'start profcollectctl_set_property' action=sys.boot_completed=1 (/system/etc/init/profcollectd.rc:34) took 117ms and succeeded
[   68.419066] init: processing action (sys.boot_completed=1 && sys.wifitracing.started=0) from (/system/etc/init/wifi.rc:28)
[   68.548430] init: Command 'mkdir /sys/kernel/tracing/instances/wifi 711' action=sys.boot_completed=1 && sys.wifitracing.started=0 (/system/etc/init/wifi.rc:30) took 110ms and succeeded
[   68.752278] init: Command 'write /sys/kernel/tracing/instances/wifi/buffer_size_kb 1' action=sys.boot_completed=1 && sys.wifitracing.started=0 (/system/etc/init/wifi.rc:33) took 98ms and succeeded
[   68.756839] init: Service 'profcollectctl_set_property' (pid 3240) exited with status 0 oneshot service took 0.474000 seconds in background
[   68.769293] init: Sending SIGKILL to service 'profcollectctl_set_property' (pid 3240) process group...
[   68.780448] libprocessgroup: Removed cgroup /sys/fs/cgroup/system/uid_0/pid_3240
[   68.799534] apexd: destroyCeSnapshotsNotSpecified() received by ApexService user_id : 0 retain_rollback_ids : []
[   68.934599] init: Command 'write /sys/kernel/tracing/instances/wifi/events/net/filter name==${wifi.interface:-wlan0}' action=sys.boot_completed=1 && sys.wifitracing.started=0 (/system/etc/init/wifi.rc:54) took 98ms and succeeded
[   68.976820] init: processing action (sys.boot_completed=1) from (/vendor/etc/init/init.cutf_cvm.rc:93)
[   69.003857] /dev/block/by-name/custom: Can't lookup blockdev
[   69.064666] init: Command 'mount ext2 /dev/block/by-name/custom /mnt/vendor/custom loop rw sync' action=sys.boot_completed=1 (/vendor/etc/init/init.cutf_cvm.rc:96) took 61ms and succeeded
[   69.080686] init: processing action (sys.user.0.ce_available=true) from (/system/etc/init/wifi.rc:21)
[   69.094902] init: processing action (bootreceiver.enable=1 && dmesgd.start=1 && ro.product.cpu.abilist64=*) from (/system/etc/init/dmesgd.rc:12)
[   69.099397] init: starting service 'dmesgd'...
[   69.113344] libprocessgroup: Created cgroup /sys/fs/cgroup/system/uid_1086
[   69.119910] libprocessgroup: Created cgroup /sys/fs/cgroup/system/uid_1086/pid_3261
[   69.135199] init: ... started service 'dmesgd' has pid 3261
[   69.144051] init: processing action (mmd.enabled_aconfig=true) from (/system/etc/init/mmd.rc:28)
[   69.150850] init: starting service 'mmd_setup'...
[   69.162774] libprocessgroup: Created cgroup /sys/fs/cgroup/system/uid_0/pid_3269
[   69.204657] init: ... started service 'mmd_setup' has pid 3269
[   69.217394] init: Command 'start mmd_setup' action=mmd.enabled_aconfig=true (/system/etc/init/mmd.rc:34) took 66ms and succeeded
[   69.218206] init: processing action (sys.boot_completed=1 && sys.wifitracing.started=1 && wifi.interface=*) from (/system/etc/init/wifi.rc:70)
[   69.331259] init: Command 'write /sys/kernel/tracing/instances/wifi/events/net/filter name==${wifi.interface}' action=sys.boot_completed=1 && sys.wifitracing.started=1 && wifi.interface=* (/system/etc/init/wifi.rc:72) took 99ms and succeeded
[   69.334112] init: processing action (sys-boot-completed-set) from (/system_ext/etc/init/set_adb.rc:8)
[   69.359622] init: starting service 'set_adb'...
[   69.388243] libprocessgroup: Created cgroup /sys/fs/cgroup/system/uid_0/pid_3272
[   69.443913] init: ... started service 'set_adb' has pid 3272
[   69.466427] init: Command 'start set_adb' action=sys-boot-completed-set (/system_ext/etc/init/set_adb.rc:9) took 107ms and succeeded
[   69.650587] init: Service 'mmd_setup' (pid 3269) exited with status 0 oneshot service took 0.496000 seconds in background
[   69.757149] init: Sending SIGKILL to service 'mmd_setup' (pid 3269) process group...
[   69.808408] libprocessgroup: Removed cgroup /sys/fs/cgroup/system/uid_0/pid_3269
[   69.895040] init: processing action (persist.sys.zram_enabled=1 && sys-boot-completed-set) from (/vendor/etc/init/init.cutf_cvm.rc:102)
[   69.896773] init: [libfs_mgr] mmd is recommended to set up zram over swapon_all command with fstab entry.
[   70.033936] set_capacity_and_notify: 76 callbacks suppressed
[   70.033942] zram0: detected capacity change from 0 to 5985560
[   70.256279] mkswap: Swapspace size: 2992776k, UUID=7e67183b-9ab6-44a4-b3a1-91170ec462c5
[   70.286514] servicemanager: Notifying artd they don't (previously: do) have clients when we now have no record of a client
[   70.289848] servicemanager: Caller(pid=2409,uid=1082,sid=u:r:artd:s0) Unregistering artd
[   70.291557] libbinder.BpBinder: onLastStrongRef automatically unlinking death recipients for binder (0x759c31c17e60) with descriptor: '(not cached)'
[   70.296982] Adding 2992776k swap on /dev/block/zram0.  Priority:-2 extents:1 across:2992776k SS
[   70.337124] init: Command 'swapon_all' action=persist.sys.zram_enabled=1 && sys-boot-completed-set (/vendor/etc/init/init.cutf_cvm.rc:103) took 441ms and succeeded
[   70.338206] init: Service 'dmesgd' (pid 3261) exited with status 0 oneshot service took 1.225000 seconds in background
[   70.338830] init: Sending SIGKILL to service 'dmesgd' (pid 3261) process group...
[   70.357641] libprocessgroup: Removed cgroup /sys/fs/cgroup/system/uid_1086/pid_3261
[   70.364385] init: Service 'artd' (pid 2409) exited with status 0 oneshot service took 33.507999 seconds in background
[   70.364949] init: Sending SIGKILL to service 'artd' (pid 2409) process group...
[   70.374288] libprocessgroup: Removed cgroup /sys/fs/cgroup/system/uid_1082/pid_2409
[   70.377794] init: Service 'set_adb' (pid 3272) exited with status 0 oneshot service took 0.993000 seconds in background
[   70.378417] init: Sending SIGKILL to service 'set_adb' (pid 3272) process group...
[   70.378979] libprocessgroup: Removed cgroup /sys/fs/cgroup/system/uid_0/pid_3272
[   71.602703] servicemanager: Caller(pid=751,uid=1013,sid=u:r:mediaserver:s0) Since 'media.codeclist.generator' could not be found trying to start it as a lazy AIDL service. (if it's not configured to be a lazy service, it may be stuck starting or still starting).
[   71.647075] init: starting service 'media.codeclist.generator'...
[   71.652895] libprocessgroup: Created cgroup /sys/fs/cgroup/system/uid_1013/pid_3398
[   71.667305] init: ... started service 'media.codeclist.generator' has pid 3398
[   71.670196] init: Control message: Processed ctl.interface_start for 'aidl/media.codeclist.generator' from pid: 397 (/system/bin/servicemanager)
[   72.037015] servicemanager: Notifying media.codeclist.generator they do (previously: don't) have clients when service is guaranteed to be in use
[   72.072428] libbinder.BpBinder: onLastStrongRef automatically unlinking death recipients for binder (0x759c31c17e60) with descriptor: '(not cached)'
[   72.307260] servicemanager: Caller(pid=3398,uid=1013,sid=u:r:mediacodeclist_generator:s0) Found android.hardware.media.c2.IComponentStore/software in framework VINTF manifest.
[   74.971277] servicemanager: Caller(pid=3258,uid=10113,sid=u:r:mediaprovider_app:s0:c113,c256,c512,c768) Found android.hardware.media.c2.IComponentStore/software in framework VINTF manifest.
[   75.286677] servicemanager: Notifying media.codeclist.generator they don't (previously: do) have clients when we now have no record of a client
[   75.402500] servicemanager: Caller(pid=3398,uid=1013,sid=u:r:mediacodeclist_generator:s0) Unregistering media.codeclist.generator
[   75.410678] libbinder.BpBinder: onLastStrongRef automatically unlinking death recipients for binder (0x759c31c249e0) with descriptor: '(not cached)'
[   75.552847] init: Service 'media.codeclist.generator' (pid 3398) exited with status 0 oneshot service took 3.900000 seconds in background
[   75.581282] init: Sending SIGKILL to service 'media.codeclist.generator' (pid 3398) process group...
[   75.764131] libprocessgroup: Removed cgroup /sys/fs/cgroup/system/uid_1013/pid_3398
[   75.847875] init: Sending SIGKILL to service 'idmap2d' (pid 3095) process group...
[   76.078177] libprocessgroup: Removed cgroup /sys/fs/cgroup/system/uid_1000/pid_3095
[   76.079000] init: Control message: Processed ctl.stop for 'idmap2d' from pid: 832 (system_server)
[   76.079865] init: Service 'idmap2d' (pid 3095) received SIGKILL
[   76.080366] init: Sending SIGKILL to service 'idmap2d' (pid 3095) process group...
[   76.080902] libprocessgroup: Failed to write 1 to /sys/fs/cgroup/system/uid_1000/pid_3095/cgroup.kill: No such file or directory
[   76.780246] init: starting service 'idmap2d'...
[   76.794516] libprocessgroup: Created cgroup /sys/fs/cgroup/system/uid_1000/pid_3547
[   76.889443] init: ... started service 'idmap2d' has pid 3547
[   76.889779] init: Control message: Processed ctl.start for 'idmap2d' from pid: 832 (system_server)
[   80.286535] servicemanager: Notifying apexservice they don't (previously: do) have clients when we now have no record of a client
[   80.289345] libbinder.AidlLazyServiceRegistrar: Process has 0 (of 1 available) client(s) in use after notification apexservice has clients: 0
[   80.290913] libbinder.AidlLazyServiceRegistrar: Trying to shut down the service. No clients in use for any service in process.
[   80.291707] servicemanager: Caller(pid=471,uid=0,sid=u:r:apexd:s0) Unregistering apexservice
[   80.292003] libbinder.BpBinder: onLastStrongRef automatically unlinking death recipients for binder (0x759c31c06690) with descriptor: '(not cached)'
[   80.294619] libbinder.AidlLazyServiceRegistrar: Unregistered all clients and exiting
[   80.346655] init: Service 'apexd' (pid 471) exited with status 0 oneshot service took 72.280998 seconds in background
[   80.354472] init: Sending SIGKILL to service 'apexd' (pid 471) process group...
[   80.365041] libprocessgroup: Removed cgroup /sys/fs/cgroup/system/uid_0/pid_471
[   80.450091] GceEventReporter: VIRTUAL_DEVICE_BOOT_STARTED
[   83.178523] GceEventReporter: VIRTUAL_DEVICE_BOOT_COMPLETED
[   86.995015] init: Service 'adbd' (pid 699) exited with status 0
[   86.999015] init: Sending SIGKILL to service 'adbd' (pid 699) process group...
[   87.018478] libprocessgroup: Removed cgroup /sys/fs/cgroup/system/uid_0/pid_699
[   87.027244] init: starting service 'adbd'...
[   87.038535] init: Created socket '/dev/socket/adbd', mode 660, user 1000, group 1000
[   87.106265] libprocessgroup: Created cgroup /sys/fs/cgroup/system/uid_0/pid_3820
[   87.562846] init: ... started service 'adbd' has pid 3820
[   87.784466] init: Sending SIGKILL to service 'idmap2d' (pid 3547) process group...
[   87.827135] libprocessgroup: Removed cgroup /sys/fs/cgroup/system/uid_1000/pid_3547
[   87.830180] init: Control message: Processed ctl.stop for 'idmap2d' from pid: 832 (system_server)
[   87.830981] init: Service 'idmap2d' (pid 3547) received SIGKILL
[   87.831307] init: Sending SIGKILL to service 'idmap2d' (pid 3547) process group...
[   87.831846] libprocessgroup: Failed to write 1 to /sys/fs/cgroup/system/uid_1000/pid_3547/cgroup.kill: No such file or directory
[   88.297447] init: starting service 'idmap2d'...
[   88.328217] libprocessgroup: Created cgroup /sys/fs/cgroup/system/uid_1000/pid_3844
[   88.531923] init: ... started service 'idmap2d' has pid 3844
[   88.532328] init: Control message: Processed ctl.start for 'idmap2d' from pid: 832 (system_server)
[   91.887415] init: Received sys.powerctl='reboot,recovery' from pid: 3879 (/system/bin/reboot)
[   91.899617] init: Got shutdown_command 'reboot,recovery' Calling HandlePowerctlMessage()
[   91.918566] init: Clear action queue and start shutdown trigger
[   91.928912] init: Entering shutdown mode
[   91.932947] init: processing action (shutdown_done) from (<Builtin Action>:0)
[   91.944996] init: Reboot start, reason: reboot,recovery, reboot_target: recovery
[   91.955110] init: Clean shutdown timeout: 6000 ms
[   91.956318] init: Starting RebootMonitorThread
[   91.972605] init: RebootMonitorThread started for 300s
[   92.087940] init: service 'ueventd' requested start, but it is already running (flags: 2084, pid: 103, started 88635ms ago)
[   92.100930] init: starting service 'blank_screen'...
[   92.112485] libprocessgroup: Created cgroup /sys/fs/cgroup/system/uid_1000/pid_3888
[   92.156866] init: ... started service 'blank_screen' has pid 3888
[   92.159268] init: service 'servicemanager' requested start, but it is already running (flags: 2084, pid: 397, started 86989ms ago)
[   92.164938] init: service 'vold' requested start, but it is already running (flags: 2052, pid: 410, started 86731ms ago)
[   92.213763] init: starting service 'hwservicemanager'...
[   92.241391] libprocessgroup: Created cgroup /sys/fs/cgroup/system/uid_1000/pid_3890
[   92.257417] servicemanager: Caller(pid=3888,uid=1000,sid=u:r:blank_screen:s0) Found android.hardware.light.ILights/default in device VINTF manifest.
[   92.279968] init: ... started service 'hwservicemanager' has pid 3890
[   92.305407] init: service 'vendor.light-cuttlefish' requested start, but it is already running (flags: 2052, pid: 672, started 80603ms ago)
[   92.523783] init: Stopping 187 services by sending SIGTERM
[   92.529369] init: Sending SIGTERM to service 'idmap2d' (pid 3844) process group...
[   92.529892] libprocessgroup: Still waiting on process(es) to exit for cgroup /sys/fs/cgroup/system/uid_1000/pid_3844 after 0 ms
[   92.533434] libprocessgroup: Unable to remove cgroup /sys/fs/cgroup/system/uid_1000/pid_3844: Device or resource busy
[   92.592004] init: Sending SIGTERM to service 'pmgd' (pid 3237) process group...
[   92.598781] libprocessgroup: Still waiting on process(es) to exit for cgroup /sys/fs/cgroup/system/uid_9999/pid_3237 after 0 ms
[   92.599565] libprocessgroup: Unable to remove cgroup /sys/fs/cgroup/system/uid_9999/pid_3237: Device or resource busy
[   92.600557] init: Sending SIGTERM to service 'mdnsd' (pid 3175) process group...
[   92.614528] libprocessgroup: Still waiting on process(es) to exit for cgroup /sys/fs/cgroup/system/uid_1020/pid_3175 after 0 ms
[   92.648103] libprocessgroup: Removed cgroup /sys/fs/cgroup/system/uid_1020/pid_3175
[   92.658255] init: Sending SIGTERM to service 'ot-daemon' (pid 2622) process group...
[   92.666531] libprocessgroup: Still waiting on process(es) to exit for cgroup /sys/fs/cgroup/system/uid_1084/pid_2622 after 0 ms
[   92.712027] servicemanager: A service was removed when there are clients
[   92.715247] libprocessgroup: Removed cgroup /sys/fs/cgroup/system/uid_1084/pid_2622
[   92.746874] init: Sending SIGTERM to service 'vendor.face-default' (pid 2616) process group...
[   92.767311] libprocessgroup: Still waiting on process(es) to exit for cgroup /sys/fs/cgroup/system/uid_9999/pid_2616 after 0 ms
[   92.785639] libprocessgroup: Unable to remove cgroup /sys/fs/cgroup/system/uid_9999/pid_2616: Device or resource busy
[   92.791076] init: Sending SIGTERM to service 'vendor.fingerprint-default' (pid 2603) process group...
[   92.809807] libprocessgroup: Still waiting on process(es) to exit for cgroup /sys/fs/cgroup/system/uid_9999/pid_2603 after 0 ms
[   92.830854] servicemanager: A service was removed when there are clients
[   92.846914] servicemanager: A service was removed when there are clients
[   92.847299] libprocessgroup: Removed cgroup /sys/fs/cgroup/system/uid_9999/pid_2603
[   92.849391] init: Sending SIGTERM to service 'tombstone_transmit' (pid 774) process group...
[   92.854526] libprocessgroup: Still waiting on process(es) to exit for cgroup /sys/fs/cgroup/system/uid_0/pid_774 after 0 ms
[   92.855059] libprocessgroup: Unable to remove cgroup /sys/fs/cgroup/system/uid_0/pid_774: Device or resource busy
[   92.855930] init: Sending SIGTERM to service 'update_engine' (pid 769) process group...
[   92.856721] libprocessgroup: Still waiting on process(es) to exit for cgroup /sys/fs/cgroup/system/uid_0/pid_769 after 0 ms
[   92.857260] libprocessgroup: Unable to remove cgroup /sys/fs/cgroup/system/uid_0/pid_769: Device or resource busy
[   92.859936] init: Sending SIGTERM to service 'gatekeeperd' (pid 766) process group...
[   92.860791] libprocessgroup: Still waiting on process(es) to exit for cgroup /sys/fs/cgroup/system/uid_1000/pid_766 after 0 ms
[   92.861419] libprocessgroup: Unable to remove cgroup /sys/fs/cgroup/system/uid_1000/pid_766: Device or resource busy
[   92.870581] init: Sending SIGTERM to service 'vendor.ril-daemon' (pid 762) process group...
[   92.874456] libprocessgroup: Still waiting on process(es) to exit for cgroup /sys/fs/cgroup/system/uid_1001/pid_762 after 0 ms
[   92.875066] libprocessgroup: Unable to remove cgroup /sys/fs/cgroup/system/uid_1001/pid_762: Device or resource busy
[   92.875904] init: Sending SIGTERM to service 'media.swcodec' (pid 761) process group...
[   92.876973] libprocessgroup: Still waiting on process(es) to exit for cgroup /sys/fs/cgroup/system/uid_1046/pid_761 after 0 ms
[   92.877574] libprocessgroup: Unable to remove cgroup /sys/fs/cgroup/system/uid_1046/pid_761: Device or resource busy
[   92.878308] init: Sending SIGTERM to service 'seriallogging' (pid 760) process group...
[   92.883400] libprocessgroup: Still waiting on process(es) to exit for cgroup /sys/fs/cgroup/system/uid_1036/pid_760 after 0 ms
[   92.902294] libprocessgroup: Unable to remove cgroup /sys/fs/cgroup/system/uid_1036/pid_760: Device or resource busy
[   92.904128] init: Sending SIGTERM to service 'storaged' (pid 753) process group...
[   92.912187] libprocessgroup: Still waiting on process(es) to exit for cgroup /sys/fs/cgroup/system/uid_0/pid_753 after 0 ms
[   92.912666] libprocessgroup: Unable to remove cgroup /sys/fs/cgroup/system/uid_0/pid_753: Device or resource busy
[   92.913444] init: Sending SIGTERM to service 'media' (pid 751) process group...
[   92.914423] libprocessgroup: Still waiting on process(es) to exit for cgroup /sys/fs/cgroup/system/uid_1013/pid_751 after 0 ms
[   92.915008] libprocessgroup: Unable to remove cgroup /sys/fs/cgroup/system/uid_1013/pid_751: Device or resource busy
[   92.916308] init: Sending SIGTERM to service 'mediametrics' (pid 748) process group...
[   92.918466] libprocessgroup: Still waiting on process(es) to exit for cgroup /sys/fs/cgroup/system/uid_1013/pid_748 after 0 ms
[   92.919042] libprocessgroup: Unable to remove cgroup /sys/fs/cgroup/system/uid_1013/pid_748: Device or resource busy
[   92.920583] init: Sending SIGTERM to service 'mediaextractor' (pid 746) process group...
[   92.930485] libprocessgroup: Still waiting on process(es) to exit for cgroup /sys/fs/cgroup/system/uid_1040/pid_746 after 0 ms
[   92.954558] libprocessgroup: Unable to remove cgroup /sys/fs/cgroup/system/uid_1040/pid_746: Device or resource busy
[   92.966662] init: Sending SIGTERM to service 'installd' (pid 735) process group...
[   92.979098] libprocessgroup: Still waiting on process(es) to exit for cgroup /sys/fs/cgroup/system/uid_0/pid_735 after 0 ms
[   92.979671] libprocessgroup: Unable to remove cgroup /sys/fs/cgroup/system/uid_0/pid_735: Device or resource busy
[   92.980793] init: Sending SIGTERM to service 'incidentd' (pid 734) process group...
[   93.024331] libprocessgroup: Still waiting on process(es) to exit for cgroup /sys/fs/cgroup/system/uid_1067/pid_734 after 0 ms
[   93.025036] libprocessgroup: Unable to remove cgroup /sys/fs/cgroup/system/uid_1067/pid_734: Device or resource busy
[   93.034889] init: Sending SIGTERM to service 'cameraserver' (pid 731) process group...
[   93.035864] libprocessgroup: Still waiting on process(es) to exit for cgroup /sys/fs/cgroup/system/uid_1047/pid_731 after 0 ms
[   93.044641] libprocessgroup: Unable to remove cgroup /sys/fs/cgroup/system/uid_1047/pid_731: Device or resource busy
[   93.064849] init: Sending SIGTERM to service 'traced' (pid 727) process group...
[   93.065461] servicemanager: Caller(pid=832,uid=1000,sid=u:r:system_server:s0) Since 'ot_daemon' could not be found trying to start it as a lazy AIDL service. (if it's not configured to be a lazy service, it may be stuck starting or still starting).
[   93.065876] libprocessgroup: Still waiting on process(es) to exit for cgroup /sys/fs/cgroup/system/uid_9999/pid_727 after 0 ms
[   93.071427] logd: SocketClient: write error (Connection reset by peer)
[   93.074620] init: Unable to set property 'ctl.interface_start' from uid:1000 gid:1000 pid:397: Received control message after shutdown, ignoring
[   93.078888] servicemanager: Caller(pid=832,uid=1000,sid=u:r:system_server:s0) Tried to start aidl service ot_daemon as a lazy service, but was unable to. Usually this happens when a service is not installed, but if the service is intended to be used as a lazy service, then it may be configured incorrectly.
[   93.079995] libprocessgroup: Unable to remove cgroup /sys/fs/cgroup/system/uid_9999/pid_727: Device or resource busy
[   93.080762] init: Sending SIGTERM to service 'traced_probes' (pid 725) process group...
[   93.081496] libprocessgroup: Still waiting on process(es) to exit for cgroup /sys/fs/cgroup/system/uid_9999/pid_725 after 0 ms
[   93.095580] libprocessgroup: Removed cgroup /sys/fs/cgroup/system/uid_9999/pid_725
[   93.129862] init: Sending SIGTERM to service 'drm' (pid 711) process group...
[   93.141653] libprocessgroup: Still waiting on process(es) to exit for cgroup /sys/fs/cgroup/system/uid_1019/pid_711 after 0 ms
[   93.181110] libprocessgroup: Removed cgroup /sys/fs/cgroup/system/uid_1019/pid_711
[   93.181837] init: Sending SIGTERM to service 'vendor.confirmationui_default' (pid 695) process group...
[   93.185418] libprocessgroup: Still waiting on process(es) to exit for cgroup /sys/fs/cgroup/system/uid_1000/pid_695 after 0 ms
[   93.194409] libprocessgroup: Unable to remove cgroup /sys/fs/cgroup/system/uid_1000/pid_695: Device or resource busy
[   93.195000] init: Sending SIGTERM to service 'socket_vsock_proxy' (pid 692) process group...
[   93.199019] libprocessgroup: Still waiting on process(es) to exit for cgroup /sys/fs/cgroup/system/uid_0/pid_692 after 0 ms
[   93.202791] libprocessgroup: Unable to remove cgroup /sys/fs/cgroup/system/uid_0/pid_692: Device or resource busy
[   93.204548] init: Sending SIGTERM to service 'surfaceflinger' (pid 686) process group...
[   93.209877] libprocessgroup: Still waiting on process(es) to exit for cgroup /sys/fs/cgroup/system/uid_1000/pid_686 after 0 ms
[   93.216656] libprocessgroup: Unable to remove cgroup /sys/fs/cgroup/system/uid_1000/pid_686: Device or resource busy
[   93.219167] init: Sending SIGTERM to service 'gpu' (pid 680) process group...
[   93.221444] libprocessgroup: Still waiting on process(es) to exit for cgroup /sys/fs/cgroup/system/uid_1072/pid_680 after 0 ms
[   93.226490] libprocessgroup: Unable to remove cgroup /sys/fs/cgroup/system/uid_1072/pid_680: Device or resource busy
[   93.227085] init: Sending SIGTERM to service 'credstore' (pid 679) process group...
[   93.231213] libprocessgroup: Still waiting on process(es) to exit for cgroup /sys/fs/cgroup/system/uid_1076/pid_679 after 0 ms
[   93.232648] libprocessgroup: Unable to remove cgroup /sys/fs/cgroup/system/uid_1076/pid_679: Device or resource busy
[   93.233274] init: Sending SIGTERM to service 'audioserver' (pid 678) process group...
[   93.236198] libprocessgroup: Still waiting on process(es) to exit for cgroup /sys/fs/cgroup/system/uid_1041/pid_678 after 0 ms
[   93.238034] libprocessgroup: Unable to remove cgroup /sys/fs/cgroup/system/uid_1041/pid_678: Device or resource busy
[   93.239912] init: Sending SIGTERM to service 'vendor.camera-provider-2-7-google' (pid 677) process group...
[   93.241838] libprocessgroup: Still waiting on process(es) to exit for cgroup /sys/fs/cgroup/system/uid_1047/pid_677 after 0 ms
[   93.252071] libprocessgroup: Unable to remove cgroup /sys/fs/cgroup/system/uid_1047/pid_677: Device or resource busy
[   93.259463] init: Sending SIGTERM to service 'vendor.oemlock_default' (pid 675) process group...
[   93.261884] libprocessgroup: Still waiting on process(es) to exit for cgroup /sys/fs/cgroup/system/uid_1064/pid_675 after 0 ms
[   93.280100] libprocessgroup: Removed cgroup /sys/fs/cgroup/system/uid_1064/pid_675
[   93.281883] init: Sending SIGTERM to service 'nfc_hal_service' (pid 673) process group...
[   93.284634] libprocessgroup: Still waiting on process(es) to exit for cgroup /sys/fs/cgroup/system/uid_1027/pid_673 after 0 ms
[   93.288736] libprocessgroup: Unable to remove cgroup /sys/fs/cgroup/system/uid_1027/pid_673: Device or resource busy
[   93.289277] init: Sending SIGTERM to service 'vendor.identity-remote' (pid 671) process group...
[   93.290007] libprocessgroup: Still waiting on process(es) to exit for cgroup /sys/fs/cgroup/system/uid_9999/pid_671 after 0 ms
[   93.291323] libprocessgroup: Unable to remove cgroup /sys/fs/cgroup/system/uid_9999/pid_671: Device or resource busy
[   93.293705] init: Sending SIGTERM to service 'vendor.health-cuttlefish' (pid 668) process group...
[   93.309194] libprocessgroup: Still waiting on process(es) to exit for cgroup /sys/fs/cgroup/system/uid_1000/pid_668 after 0 ms
[   93.379941] libprocessgroup: Removed cgroup /sys/fs/cgroup/system/uid_1000/pid_668
[   93.380766] init: Sending SIGTERM to service 'vendor.graphics.allocator' (pid 666) process group...
[   93.389838] libprocessgroup: Removed cgroup /sys/fs/cgroup/system/uid_1000/pid_666
[   93.399326] init: Sending SIGTERM to service 'bt_gatt_lpp' (pid 665) process group...
[   93.400013] libprocessgroup: Still waiting on process(es) to exit for cgroup /sys/fs/cgroup/system/uid_1002/pid_665 after 0 ms
[   93.415971] libprocessgroup: Removed cgroup /sys/fs/cgroup/system/uid_1002/pid_665
[   93.417299] init: Sending SIGTERM to service 'bt_socket_lpp' (pid 664) process group...
[   93.417888] libprocessgroup: Still waiting on process(es) to exit for cgroup /sys/fs/cgroup/system/uid_1002/pid_664 after 0 ms
[   93.418302] libprocessgroup: Unable to remove cgroup /sys/fs/cgroup/system/uid_1002/pid_664: Device or resource busy
[   93.421884] init: Sending SIGTERM to service 'bt_socket' (pid 663) process group...
[   93.426911] libprocessgroup: Still waiting on process(es) to exit for cgroup /sys/fs/cgroup/system/uid_1002/pid_663 after 0 ms
[   93.427357] libprocessgroup: Unable to remove cgroup /sys/fs/cgroup/system/uid_1002/pid_663: Device or resource busy
[   93.431918] init: Sending SIGTERM to service 'bt_lmp_event' (pid 662) process group...
[   93.433299] libprocessgroup: Still waiting on process(es) to exit for cgroup /sys/fs/cgroup/system/uid_1002/pid_662 after 0 ms
[   93.443142] libprocessgroup: Removed cgroup /sys/fs/cgroup/system/uid_1002/pid_662
[   93.450429] init: Sending SIGTERM to service 'bt_ranging' (pid 661) process group...
[   93.451545] libprocessgroup: Still waiting on process(es) to exit for cgroup /sys/fs/cgroup/system/uid_1002/pid_661 after 0 ms
[   93.453470] libprocessgroup: Unable to remove cgroup /sys/fs/cgroup/system/uid_1002/pid_661: Device or resource busy
[   93.459760] rust_binder: Failed to allocate buffer. len:88, is_oneway:false
[   93.463026] init: Sending SIGTERM to service 'bt_finder' (pid 657) process group...
[   93.474500] libprocessgroup: Removed cgroup /sys/fs/cgroup/system/uid_1002/pid_657
[   93.478597] init: Sending SIGTERM to service 'bt_hci' (pid 656) process group...
[   93.482844] libprocessgroup: Still waiting on process(es) to exit for cgroup /sys/fs/cgroup/system/uid_1002/pid_656 after 0 ms
[   93.484511] libprocessgroup: Unable to remove cgroup /sys/fs/cgroup/system/uid_1002/pid_656: Device or resource busy
[   93.486592] init: Sending SIGTERM to service 'vendor.wifi_hal_legacy' (pid 655) process group...
[   93.494927] libprocessgroup: Still waiting on process(es) to exit for cgroup /sys/fs/cgroup/system/uid_1010/pid_655 after 0 ms
[   93.495875] libprocessgroup: Unable to remove cgroup /sys/fs/cgroup/system/uid_1010/pid_655: Device or resource busy
[   93.502263] init: Sending SIGTERM to service 'vendor.vibrator-default' (pid 654) process group...
[   93.504839] libprocessgroup: Still waiting on process(es) to exit for cgroup /sys/fs/cgroup/system/uid_9999/pid_654 after 0 ms
[   93.511086] libprocessgroup: Removed cgroup /sys/fs/cgroup/system/uid_9999/pid_654
[   93.512359] init: Sending SIGTERM to service 'vendor.uwb_hal' (pid 653) process group...
[   93.513790] libprocessgroup: Still waiting on process(es) to exit for cgroup /sys/fs/cgroup/system/uid_1083/pid_653 after 0 ms
[   93.514211] libprocessgroup: Unable to remove cgroup /sys/fs/cgroup/system/uid_1083/pid_653: Device or resource busy
[   93.519075] init: Sending SIGTERM to service 'vendor.usb_default' (pid 650) process group...
[   93.521579] libprocessgroup: Still waiting on process(es) to exit for cgroup /sys/fs/cgroup/system/uid_1000/pid_650 after 0 ms
[   93.521998] libprocessgroup: Unable to remove cgroup /sys/fs/cgroup/system/uid_1000/pid_650: Device or resource busy
[   93.525914] init: Sending SIGTERM to service 'vendor.threadnetwork_hal' (pid 648) process group...
[   93.526422] servicemanager: Caller(pid=832,uid=1000,sid=u:r:system_server:s0) Since 'android.hardware.usb.IUsb/default' could not be found trying to start it as a lazy AIDL service. (if it's not configured to be a lazy service, it may be stuck starting or still starting).
[   93.527592] libprocessgroup: Still waiting on process(es) to exit for cgroup /sys/fs/cgroup/system/uid_1084/pid_648 after 0 ms
[   93.529026] libprocessgroup: Unable to remove cgroup /sys/fs/cgroup/system/uid_1084/pid_648: Device or resource busy
[   93.532699] init: Sending SIGTERM to service 'vendor.thermal-example' (pid 647) process group...
[   93.532715] init: Unable to set property 'ctl.interface_start' from uid:1000 gid:1000 pid:397: Received control message after shutdown, ignoring
[   93.533304] libprocessgroup: Still waiting on process(es) to exit for cgroup /sys/fs/cgroup/system/uid_9999/pid_647 after 0 ms
[   93.536544] servicemanager: Caller(pid=832,uid=1000,sid=u:r:system_server:s0) Tried to start aidl service android.hardware.usb.IUsb/default as a lazy service, but was unable to. Usually this happens when a service is not installed, but if the service is intended to be used as a lazy service, then it may be configured incorrectly.
[   93.538111] libprocessgroup: Unable to remove cgroup /sys/fs/cgroup/system/uid_9999/pid_647: Device or resource busy
[   93.539105] init: Sending SIGTERM to service 'vendor.tetheroffload-example' (pid 646) process group...
[   93.540709] libprocessgroup: Still waiting on process(es) to exit for cgroup /sys/fs/cgroup/system/uid_9999/pid_646 after 0 ms
[   93.540970] libprocessgroup: Unable to remove cgroup /sys/fs/cgroup/system/uid_9999/pid_646: Device or resource busy
[   93.542064] init: Sending SIGTERM to service 'vendor.secretkeeper' (pid 644) process group...
[   93.545701] libprocessgroup: Still waiting on process(es) to exit for cgroup /sys/fs/cgroup/system/uid_9999/pid_644 after 0 ms
[   93.545948] libprocessgroup: Unable to remove cgroup /sys/fs/cgroup/system/uid_9999/pid_644: Device or resource busy
[   93.546618] init: Sending SIGTERM to service 'vendor.authgraph' (pid 643) process group...
[   93.547145] libprocessgroup: Still waiting on process(es) to exit for cgroup /sys/fs/cgroup/system/uid_9999/pid_643 after 0 ms
[   93.547569] libprocessgroup: Unable to remove cgroup /sys/fs/cgroup/system/uid_9999/pid_643: Device or resource busy
[   93.550757] init: Sending SIGTERM to service 'vendor.secure_element' (pid 642) process group...
[   93.551705] libprocessgroup: Still waiting on process(es) to exit for cgroup /sys/fs/cgroup/system/uid_9999/pid_642 after 0 ms
[   93.552380] libprocessgroup: Unable to remove cgroup /sys/fs/cgroup/system/uid_9999/pid_642: Device or resource busy
[   93.555898] init: Sending SIGTERM to service 'vendor.rebootescrow-default' (pid 640) process group...
[   93.556490] libprocessgroup: Still waiting on process(es) to exit for cgroup /sys/fs/cgroup/system/uid_1000/pid_640 after 0 ms
[   93.560007] libprocessgroup: Removed cgroup /sys/fs/cgroup/system/uid_1000/pid_640
[   93.560449] init: Sending SIGTERM to service 'vendor.power.stats-default' (pid 638) process group...
[   93.561812] libprocessgroup: Still waiting on process(es) to exit for cgroup /sys/fs/cgroup/system/uid_1000/pid_638 after 0 ms
[   93.562062] libprocessgroup: Unable to remove cgroup /sys/fs/cgroup/system/uid_1000/pid_638: Device or resource busy
[   93.565262] servicemanager: Caller(pid=832,uid=1000,sid=u:r:system_server:s0) Found android.hardware.thermal.IThermal/default in device VINTF manifest.
[   93.566070] init: Sending SIGTERM to service 'vendor.power-default' (pid 637) process group...
[   93.567791] libprocessgroup: Still waiting on process(es) to exit for cgroup /sys/fs/cgroup/system/uid_9999/pid_637 after 0 ms
[   93.568061] libprocessgroup: Unable to remove cgroup /sys/fs/cgroup/system/uid_9999/pid_637: Device or resource busy
[   93.570725] init: Sending SIGTERM to service 'neuralnetworks_hal_service_shim_sample' (pid 636) process group...
[   93.574154] libprocessgroup: Still waiting on process(es) to exit for cgroup /sys/fs/cgroup/system/uid_1000/pid_636 after 0 ms
[   93.576803] libprocessgroup: Removed cgroup /sys/fs/cgroup/system/uid_1000/pid_636
[   93.578605] init: Sending SIGTERM to service 'neuralnetworks_hal_service_aidl_sample_limited' (pid 635) process group...
[   93.579647] libprocessgroup: Still waiting on process(es) to exit for cgroup /sys/fs/cgroup/system/uid_1000/pid_635 after 0 ms
[   93.580273] libprocessgroup: Unable to remove cgroup /sys/fs/cgroup/system/uid_1000/pid_635: Device or resource busy
[   93.584104] init: Sending SIGTERM to service 'neuralnetworks_hal_service_aidl_sample_all' (pid 634) process group...
[   93.586585] libprocessgroup: Still waiting on process(es) to exit for cgroup /sys/fs/cgroup/system/uid_1000/pid_634 after 0 ms
[   93.586989] libprocessgroup: Unable to remove cgroup /sys/fs/cgroup/system/uid_1000/pid_634: Device or resource busy
[   93.591446] init: Sending SIGTERM to service 'nlinterceptor' (pid 633) process group...
[   93.591904] libprocessgroup: Still waiting on process(es) to exit for cgroup /sys/fs/cgroup/system/uid_0/pid_633 after 0 ms
[   93.593292] libprocessgroup: Unable to remove cgroup /sys/fs/cgroup/system/uid_0/pid_633: Device or resource busy
[   93.598488] init: Sending SIGTERM to service 'vendor.memtrack-default' (pid 632) process group...
[   93.599078] libprocessgroup: Still waiting on process(es) to exit for cgroup /sys/fs/cgroup/system/uid_9999/pid_632 after 0 ms
[   93.599889] libprocessgroup: Unable to remove cgroup /sys/fs/cgroup/system/uid_9999/pid_632: Device or resource busy
[   93.602552] init: Sending SIGTERM to service 'vendor.ir-default' (pid 631) process group...
[   93.603364] libprocessgroup: Still waiting on process(es) to exit for cgroup /sys/fs/cgroup/system/uid_1000/pid_631 after 0 ms
[   93.604111] libprocessgroup: Unable to remove cgroup /sys/fs/cgroup/system/uid_1000/pid_631: Device or resource busy
[   93.608940] init: Sending SIGTERM to service 'vendor.inputprocessor-default' (pid 630) process group...
[   93.611916] libprocessgroup: Removed cgroup /sys/fs/cgroup/system/uid_9999/pid_630
[   93.612395] init: Sending SIGTERM to service 'vendor.hwcomposer-3' (pid 629) process group...
[   93.616865] servicemanager: Caller(pid=832,uid=1000,sid=u:r:system_server:s0) Since 'android.hardware.thermal.IThermal/default' could not be found trying to start it as a lazy AIDL service. (if it's not configured to be a lazy service, it may be stuck starting or still starting).
[   93.618517] libprocessgroup: Still waiting on process(es) to exit for cgroup /sys/fs/cgroup/system/uid_1000/pid_629 after 0 ms
[   93.620698] init: Unable to set property 'ctl.interface_start' from uid:1000 gid:1000 pid:397: Received control message after shutdown, ignoring
[   93.689722] servicemanager: Caller(pid=832,uid=1000,sid=u:r:system_server:s0) Tried to start aidl service android.hardware.thermal.IThermal/default as a lazy service, but was unable to. Usually this happens when a service is not installed, but if the service is intended to be used as a lazy service, then it may be configured incorrectly.
[   93.714668] libprocessgroup: Unable to remove cgroup /sys/fs/cgroup/system/uid_1000/pid_629: Device or resource busy
[   93.727675] init: Sending SIGTERM to service 'vendor.gnss-default' (pid 628) process group...
[   93.739171] libprocessgroup: Still waiting on process(es) to exit for cgroup /sys/fs/cgroup/system/uid_9999/pid_628 after 0 ms
[   93.740995] libprocessgroup: Unable to remove cgroup /sys/fs/cgroup/system/uid_9999/pid_628: Device or resource busy
[   93.742597] init: Sending SIGTERM to service 'vendor.drm-clearkey-service' (pid 627) process group...
[   93.745003] libprocessgroup: Still waiting on process(es) to exit for cgroup /sys/fs/cgroup/system/uid_1013/pid_627 after 0 ms
[   93.745271] libprocessgroup: Unable to remove cgroup /sys/fs/cgroup/system/uid_1013/pid_627: Device or resource busy
[   93.756846] init: Sending SIGTERM to service 'vendor.contexthub-default' (pid 625) process group...
[   93.762530] libprocessgroup: Still waiting on process(es) to exit for cgroup /sys/fs/cgroup/system/uid_1080/pid_625 after 0 ms
[   93.771868] libprocessgroup: Removed cgroup /sys/fs/cgroup/system/uid_1080/pid_625
[   93.773376] init: Sending SIGTERM to service 'vendor.cas-default' (pid 624) process group...
[   93.779033] libprocessgroup: Removed cgroup /sys/fs/cgroup/system/uid_1013/pid_624
[   93.779522] init: Sending SIGTERM to service 'vendor.authsecret_default' (pid 621) process group...
[   93.781025] libprocessgroup: Still waiting on process(es) to exit for cgroup /sys/fs/cgroup/system/uid_1064/pid_621 after 0 ms
[   93.783976] libprocessgroup: Unable to remove cgroup /sys/fs/cgroup/system/uid_1064/pid_621: Device or resource busy
[   93.784538] init: Sending SIGTERM to service 'vendor.audio-effect-hal-aidl' (pid 620) process group...
[   93.786336] libprocessgroup: Still waiting on process(es) to exit for cgroup /sys/fs/cgroup/system/uid_1041/pid_620 after 0 ms
[   93.790476] libprocessgroup: Unable to remove cgroup /sys/fs/cgroup/system/uid_1041/pid_620: Device or resource busy
[   93.794418] init: Sending SIGTERM to service 'vendor.audio-hal-aidl' (pid 616) process group...
[   93.795308] libprocessgroup: Still waiting on process(es) to exit for cgroup /sys/fs/cgroup/system/uid_1041/pid_616 after 0 ms
[   93.796479] libprocessgroup: Unable to remove cgroup /sys/fs/cgroup/system/uid_1041/pid_616: Device or resource busy
[   93.802801] init: Sending SIGTERM to service 'vendor.motioncontext-default' (pid 608) process group...
[   93.806756] libprocessgroup: Still waiting on process(es) to exit for cgroup /sys/fs/cgroup/system/uid_1080/pid_608 after 0 ms
[   93.807183] libprocessgroup: Unable to remove cgroup /sys/fs/cgroup/system/uid_1080/pid_608: Device or resource busy
[   93.815752] init: Sending SIGTERM to service 'vendor.sensors-hal-multihal' (pid 607) process group...
[   93.816908] libprocessgroup: Still waiting on process(es) to exit for cgroup /sys/fs/cgroup/system/uid_1000/pid_607 after 0 ms
[   93.818110] libprocessgroup: Unable to remove cgroup /sys/fs/cgroup/system/uid_1000/pid_607: Device or resource busy
[   93.822653] init: Sending SIGTERM to service 'audio_parameter_parser_service' (pid 605) process group...
[   93.830402] libprocessgroup: Still waiting on process(es) to exit for cgroup /sys/fs/cgroup/system/uid_1041/pid_605 after 0 ms
[   93.832157] libprocessgroup: Unable to remove cgroup /sys/fs/cgroup/system/uid_1041/pid_605: Device or resource busy
[   93.834515] init: Sending SIGTERM to service 'zygote' (pid 596) process group...
[   94.002637] libprocessgroup: Still waiting on process(es) to exit for cgroup /sys/fs/cgroup/system/uid_0/pid_596 after 0 ms
[   94.003610] libprocessgroup: Unable to remove cgroup /sys/fs/cgroup/system/uid_0/pid_596: Device or resource busy
[   94.022116] init: Sending SIGTERM to service 'statsd' (pid 595) process group...
[   94.026525] libprocessgroup: Still waiting on process(es) to exit for cgroup /sys/fs/cgroup/system/uid_1066/pid_595 after 0 ms
[   94.058525] libprocessgroup: Unable to remove cgroup /sys/fs/cgroup/system/uid_1066/pid_595: Device or resource busy
[   94.059428] init: Sending SIGTERM to service 'netd' (pid 594) process group...
[   94.074039] libprocessgroup: Still waiting on process(es) to exit for cgroup /sys/fs/cgroup/system/uid_0/pid_594 after 0 ms
[   94.093851] libprocessgroup: Unable to remove cgroup /sys/fs/cgroup/system/uid_0/pid_594: Device or resource busy
[   94.098508] init: Sending SIGTERM to service 'rpmb_mock_test_system' (pid 587) process group...
[   94.099298] libprocessgroup: Still waiting on process(es) to exit for cgroup /sys/fs/cgroup/system/uid_1000/pid_587 after 0 ms
[   94.099832] libprocessgroup: Unable to remove cgroup /sys/fs/cgroup/system/uid_1000/pid_587: Device or resource busy
[   94.102476] init: Sending SIGTERM to service 'vendor.keymint-default' (pid 435) process group...
[   94.103326] libprocessgroup: Still waiting on process(es) to exit for cgroup /sys/fs/cgroup/system/uid_9999/pid_435 after 0 ms
[   94.103857] libprocessgroup: Unable to remove cgroup /sys/fs/cgroup/system/uid_9999/pid_435: Device or resource busy
[   94.110481] init: Sending SIGTERM to service 'vendor.gatekeeper_nonsecure' (pid 434) process group...
[   94.111276] libprocessgroup: Still waiting on process(es) to exit for cgroup /sys/fs/cgroup/system/uid_1000/pid_434 after 0 ms
[   94.111796] libprocessgroup: Unable to remove cgroup /sys/fs/cgroup/system/uid_1000/pid_434: Device or resource busy
[   94.114442] init: Sending SIGTERM to service 'vendor.boot-default' (pid 431) process group...
[   94.115093] libprocessgroup: Still waiting on process(es) to exit for cgroup /sys/fs/cgroup/system/uid_0/pid_431 after 0 ms
[   94.115588] libprocessgroup: Unable to remove cgroup /sys/fs/cgroup/system/uid_0/pid_431: Device or resource busy
[   94.123928] init: Sending SIGTERM to service 'suspend_blocker' (pid 430) process group...
[   94.124585] libprocessgroup: Still waiting on process(es) to exit for cgroup /sys/fs/cgroup/system/uid_0/pid_430 after 0 ms
[   94.125047] libprocessgroup: Unable to remove cgroup /sys/fs/cgroup/system/uid_0/pid_430: Device or resource busy
[   94.134089] init: Sending SIGTERM to service 'keystore2' (pid 429) process group...
[   94.134990] libprocessgroup: Still waiting on process(es) to exit for cgroup /sys/fs/cgroup/system/uid_1017/pid_429 after 0 ms
[   94.135542] libprocessgroup: Unable to remove cgroup /sys/fs/cgroup/system/uid_1017/pid_429: Device or resource busy
[   94.136586] init: Sending SIGTERM to service 'system_suspend' (pid 428) process group...
[   94.137502] libprocessgroup: Still waiting on process(es) to exit for cgroup /sys/fs/cgroup/system/uid_1000/pid_428 after 0 ms
[   94.138021] libprocessgroup: Unable to remove cgroup /sys/fs/cgroup/system/uid_1000/pid_428: Device or resource busy
[   94.139035] init: Sending SIGTERM to service 'lmkd' (pid 396) process group...
[   94.145330] libprocessgroup: Still waiting on process(es) to exit for cgroup /sys/fs/cgroup/system/uid_1069/pid_396 after 0 ms
[   94.146826] libprocessgroup: Unable to remove cgroup /sys/fs/cgroup/system/uid_1069/pid_396: Device or resource busy
[   94.152323] init: Sending SIGTERM to service 'prng_seeder' (pid 387) process group...
[   94.159591] libprocessgroup: Removed cgroup /sys/fs/cgroup/system/uid_1092/pid_387
[   94.267475] init: Service 'prng_seeder' (pid 387) received SIGTERM
[   94.272587] init: Sending SIGKILL to service 'prng_seeder' (pid 387) process group...
[   94.273017] libprocessgroup: Failed to write 1 to /sys/fs/cgroup/system/uid_1092/pid_387/cgroup.kill: No such file or directory
[   94.290780] init: Service 'system_suspend' (pid 428) received SIGTERM
[   94.291096] init: Sending SIGKILL to service 'system_suspend' (pid 428) process group...
[   94.292266] libprocessgroup: Removed cgroup /sys/fs/cgroup/system/uid_1000/pid_428
[   94.293343] init: Service 'keystore2' (pid 429) received SIGTERM
[   94.293704] init: Sending SIGKILL to service 'keystore2' (pid 429) process group...
[   94.294959] libprocessgroup: Removed cgroup /sys/fs/cgroup/system/uid_1017/pid_429
[   94.296459] init: Service 'suspend_blocker' (pid 430) received SIGTERM
[   94.297202] init: Sending SIGKILL to service 'suspend_blocker' (pid 430) process group...
[   94.298267] libprocessgroup: Removed cgroup /sys/fs/cgroup/system/uid_0/pid_430
[   94.300939] init: Service 'vendor.boot-default' (pid 431) received SIGTERM
[   94.301258] init: Sending SIGKILL to service 'vendor.boot-default' (pid 431) process group...
[   94.302742] libprocessgroup: Removed cgroup /sys/fs/cgroup/system/uid_0/pid_431
[   94.304609] init: Service 'vendor.gatekeeper_nonsecure' (pid 434) received SIGTERM
[   94.305834] init: Sending SIGKILL to service 'vendor.gatekeeper_nonsecure' (pid 434) process group...
[   94.307289] libprocessgroup: Removed cgroup /sys/fs/cgroup/system/uid_1000/pid_434
[   94.308596] init: Service 'vendor.keymint-default' (pid 435) received SIGTERM
[   94.308995] init: Sending SIGKILL to service 'vendor.keymint-default' (pid 435) process group...
[   94.310870] libprocessgroup: Removed cgroup /sys/fs/cgroup/system/uid_9999/pid_435
[   94.311721] init: Service 'rpmb_mock_test_system' (pid 587) received SIGTERM
[   94.312075] init: Sending SIGKILL to service 'rpmb_mock_test_system' (pid 587) process group...
[   94.315527] libprocessgroup: Removed cgroup /sys/fs/cgroup/system/uid_1000/pid_587
[   94.327314] init: Service 'netd' (pid 594) received SIGTERM
[   94.376711] init: Sending SIGKILL to service 'netd' (pid 594) process group...
[   94.514325] libprocessgroup: Removed cgroup /sys/fs/cgroup/system/uid_0/pid_594
[   94.549597] init: Service 'statsd' (pid 595) received SIGTERM
[   94.554323] init: Sending SIGKILL to service 'statsd' (pid 595) process group...
[   94.559999] libprocessgroup: Removed cgroup /sys/fs/cgroup/system/uid_1066/pid_595
[   94.578735] init: Service 'zygote' (pid 596) received SIGTERM
[   94.580501] init: Sending SIGKILL to service 'zygote' (pid 596) process group...
[   94.625393] libprocessgroup: Removed cgroup /sys/fs/cgroup/system/uid_0/pid_596
[   94.627325] libprocessgroup: Removing /sys/fs/cgroup/apps/uid_10077/pid_3804
[   94.629050] libprocessgroup: Removing /sys/fs/cgroup/apps/uid_10029/pid_3292
[   94.629779] libprocessgroup: Removing /sys/fs/cgroup/apps/uid_10113/pid_3258
[   94.651526] libprocessgroup: Removing /sys/fs/cgroup/apps/uid_10057/pid_3306
[   94.652196] libprocessgroup: Removing /sys/fs/cgroup/apps/uid_10085/pid_2834
[   94.652807] libprocessgroup: Removing /sys/fs/cgroup/apps/uid_10093/pid_3869
[   94.653463] libprocessgroup: Removing /sys/fs/cgroup/apps/uid_10027/pid_3711
[   94.670745] libprocessgroup: Removing /sys/fs/cgroup/apps/uid_10101
[   94.672496] libprocessgroup: Removing /sys/fs/cgroup/apps/uid_10081/pid_3728
[   94.673058] libprocessgroup: Removing /sys/fs/cgroup/apps/uid_10061/pid_3652
[   94.673716] libprocessgroup: Removing /sys/fs/cgroup/apps/uid_10023/pid_3425
[   94.674352] libprocessgroup: Removing /sys/fs/cgroup/apps/uid_10088/pid_2648
[   94.682714] libprocessgroup: Removing /sys/fs/cgroup/apps/uid_10021/pid_3456
[   94.683714] libprocessgroup: Removing /sys/fs/cgroup/apps/uid_10106/pid_3633
[   94.685227] libprocessgroup: Removing /sys/fs/cgroup/apps/uid_10106/pid_3669
[   94.685816] libprocessgroup: Removing /sys/fs/cgroup/apps/uid_10068/pid_3363
[   94.698697] libprocessgroup: Removing /sys/fs/cgroup/apps/uid_10114/pid_3481
[   94.699280] libprocessgroup: Removing /sys/fs/cgroup/apps/uid_10076/pid_3523
[   94.699889] libprocessgroup: Removing /sys/fs/cgroup/apps/uid_10066/pid_3593
[   94.700479] libprocessgroup: Removing /sys/fs/cgroup/apps/uid_10094/pid_3752
[   94.700981] libprocessgroup: Removing /sys/fs/cgroup/apps/uid_10028/pid_3277
[   94.714640] libprocessgroup: Removing /sys/fs/cgroup/apps/uid_10084/pid_2909
[   94.715085] libprocessgroup: Removing /sys/fs/cgroup/apps/uid_10036/pid_3902
[   94.715586] libprocessgroup: Removing /sys/fs/cgroup/apps/uid_10064/pid_3790
[   94.715982] libprocessgroup: Removing /sys/fs/cgroup/apps/uid_10100/pid_3203
[   94.716565] libprocessgroup: Removing /sys/fs/cgroup/apps/uid_10034/pid_3422
[   94.722460] libprocessgroup: Removing /sys/fs/cgroup/apps/uid_10062/pid_3566
[   94.723794] libprocessgroup: Removing /sys/fs/cgroup/apps/uid_10024/pid_3123
[   94.724673] libprocessgroup: Removing /sys/fs/cgroup/apps/uid_10109/pid_3198
[   94.734707] libprocessgroup: Removing /sys/fs/cgroup/apps/uid_10080/pid_3140
[   94.735173] libprocessgroup: Removing /sys/fs/cgroup/apps/uid_10117/pid_2651
[   94.736727] libprocessgroup: Removing /sys/fs/cgroup/apps/uid_10069/pid_3693
[   94.758688] libprocessgroup: Removing /sys/fs/cgroup/apps/uid_10030/pid_3364
[   94.760773] libprocessgroup: Removing /sys/fs/cgroup/apps/uid_10115/pid_3085
[   94.761131] libprocessgroup: Removing /sys/fs/cgroup/apps/uid_10059/pid_3620
[   94.762117] libprocessgroup: Removing /sys/fs/cgroup/system/uid_1003
[   94.776096] libprocessgroup: Removing /sys/fs/cgroup/system/uid_9999/pid_628
[   94.787550] libprocessgroup: Removing /sys/fs/cgroup/system/uid_9999/pid_646
[   94.789664] libprocessgroup: Removing /sys/fs/cgroup/system/uid_9999/pid_3237
[   94.799716] libprocessgroup: Removing /sys/fs/cgroup/system/uid_9999/pid_644
[   94.800819] libprocessgroup: Removing /sys/fs/cgroup/system/uid_9999/pid_672
[   94.806640] libprocessgroup: Removing /sys/fs/cgroup/system/uid_9999/pid_642
[   94.809316] libprocessgroup: Removing /sys/fs/cgroup/system/uid_9999/pid_727
[   94.813402] libprocessgroup: Removing /sys/fs/cgroup/system/uid_9999/pid_632
[   94.817141] libprocessgroup: Removing /sys/fs/cgroup/system/uid_9999/pid_647
[   94.818309] libprocessgroup: Removing /sys/fs/cgroup/system/uid_9999/pid_637
[   94.819588] libprocessgroup: Removing /sys/fs/cgroup/system/uid_9999/pid_643
[   94.820629] libprocessgroup: Removing /sys/fs/cgroup/system/uid_9999/pid_671
[   94.825093] libprocessgroup: Removing /sys/fs/cgroup/system/uid_9999/pid_2616
[   94.843072] libprocessgroup: Removing /sys/fs/cgroup/system/uid_1068/pid_2806
[   94.941850] libprocessgroup: Removing /sys/fs/cgroup/system/uid_1001/pid_2807
[   94.943916] libprocessgroup: Removing /sys/fs/cgroup/system/uid_1001/pid_762
[   94.947630] libprocessgroup: Removing /sys/fs/cgroup/system/uid_1058/pid_466
[   94.948995] libprocessgroup: Removing /sys/fs/cgroup/system/uid_1086
[   94.951434] libprocessgroup: Removing /sys/fs/cgroup/system/uid_1076/pid_679
[   94.955457] libprocessgroup: Removing /sys/fs/cgroup/system/uid_1076
[   94.957259] libprocessgroup: Removing /sys/fs/cgroup/system/uid_1066
[   94.960148] libprocessgroup: Removing /sys/fs/cgroup/system/uid_1084/pid_648
[   94.964705] libprocessgroup: Removing /sys/fs/cgroup/system/uid_1084
[   94.966429] libprocessgroup: Removing /sys/fs/cgroup/system/uid_1046/pid_761
[   94.967833] libprocessgroup: Removing /sys/fs/cgroup/system/uid_1046
[   94.969549] libprocessgroup: Removing /sys/fs/cgroup/system/uid_1036/pid_760
[   94.971643] libprocessgroup: Removing /sys/fs/cgroup/system/uid_1036/pid_395
[   94.972768] libprocessgroup: Removing /sys/fs/cgroup/system/uid_1064/pid_621
[   94.996481] libprocessgroup: Removing /sys/fs/cgroup/system/uid_1064
[   95.001970] libprocessgroup: Removing /sys/fs/cgroup/system/uid_1092
[   95.003888] libprocessgroup: Removing /sys/fs/cgroup/system/uid_2000
[   95.007864] libprocessgroup: Removing /sys/fs/cgroup/system/uid_1082
[   95.009280] libprocessgroup: Removing /sys/fs/cgroup/system/uid_1072/pid_680
[   95.015348] libprocessgroup: Removing /sys/fs/cgroup/system/uid_1072
[   95.016593] libprocessgroup: Removing /sys/fs/cgroup/system/uid_1080/pid_608
[   95.028758] libprocessgroup: Removing /sys/fs/cgroup/system/uid_1080
[   95.045324] libprocessgroup: Removing /sys/fs/cgroup/system/uid_1040/pid_746
[   95.067684] libprocessgroup: Removing /sys/fs/cgroup/system/uid_1040
[   95.068784] libprocessgroup: Removing /sys/fs/cgroup/system/uid_1069/pid_396
[   95.069508] libprocessgroup: Removing /sys/fs/cgroup/system/uid_1002/pid_656
[   95.072386] libprocessgroup: Removing /sys/fs/cgroup/system/uid_1002/pid_664
[   95.081226] libprocessgroup: Removing /sys/fs/cgroup/system/uid_1002/pid_2824
[   95.081758] libprocessgroup: Removing /sys/fs/cgroup/system/uid_1002/pid_663
[   95.082909] libprocessgroup: Removing /sys/fs/cgroup/system/uid_1002/pid_661
[   95.084277] libprocessgroup: Removing /sys/fs/cgroup/system/uid_1020
[   95.085496] libprocessgroup: Removing /sys/fs/cgroup/system/uid_1010/pid_655
[   95.095231] libprocessgroup: Removing /sys/fs/cgroup/system/uid_1010
[   95.096217] libprocessgroup: Removing /sys/fs/cgroup/system/uid_1067/pid_734
[   95.097362] libprocessgroup: Removing /sys/fs/cgroup/system/uid_1067
[   95.102778] libprocessgroup: Removing /sys/fs/cgroup/system/uid_1000/pid_686
[   95.103913] libprocessgroup: Removing /sys/fs/cgroup/system/uid_1000/pid_3890
[   95.105538] libprocessgroup: Removing /sys/fs/cgroup/system/uid_1000/pid_638
[   95.110737] libprocessgroup: Removing /sys/fs/cgroup/system/uid_1000/pid_3736
[   95.112587] libprocessgroup: Removing /sys/fs/cgroup/system/uid_1000/pid_634
[   95.113685] libprocessgroup: Removing /sys/fs/cgroup/system/uid_1000/pid_397
[   95.114149] libprocessgroup: Removing /sys/fs/cgroup/system/uid_1000/pid_650
[   95.115205] libprocessgroup: Removing /sys/fs/cgroup/system/uid_1000/pid_3477
[   95.117498] libprocessgroup: Removing /sys/fs/cgroup/system/uid_1000/pid_695
[   95.121707] libprocessgroup: Removing /sys/fs/cgroup/system/uid_1000/pid_629
[   95.122730] libprocessgroup: Removing /sys/fs/cgroup/system/uid_1000/pid_2877
[   95.123191] libprocessgroup: Removing /sys/fs/cgroup/system/uid_1000/pid_3888
[   95.124338] libprocessgroup: Removing /sys/fs/cgroup/system/uid_1000/pid_607
[   95.125174] libprocessgroup: Removing /sys/fs/cgroup/system/uid_1000/pid_635
[   95.125953] libprocessgroup: Removing /sys/fs/cgroup/system/uid_1000/pid_3755
[   95.138466] libprocessgroup: Removing /sys/fs/cgroup/system/uid_1000/pid_832
[   95.138766] libprocessgroup: Removing /sys/fs/cgroup/system/uid_1000/pid_766
[   95.139709] libprocessgroup: Removing /sys/fs/cgroup/system/uid_1000/pid_3347
[   95.141402] libprocessgroup: Removing /sys/fs/cgroup/system/uid_1000/pid_631
[   95.142141] libprocessgroup: Removing /sys/fs/cgroup/system/uid_1000/pid_3844
[   95.151613] libprocessgroup: Removing /sys/fs/cgroup/system/uid_1019
[   95.152582] libprocessgroup: Removing /sys/fs/cgroup/system/uid_1047/pid_677
[   95.153515] libprocessgroup: Removing /sys/fs/cgroup/system/uid_1047/pid_731
[   95.168197] libprocessgroup: Removing /sys/fs/cgroup/system/uid_1047
[   95.169138] libprocessgroup: Removing /sys/fs/cgroup/system/uid_1037
[   95.170176] libprocessgroup: Removing /sys/fs/cgroup/system/uid_1027/pid_2802
[   95.178629] libprocessgroup: Removing /sys/fs/cgroup/system/uid_1027/pid_673
[   95.179536] libprocessgroup: Removing /sys/fs/cgroup/system/uid_1083/pid_653
[   95.181865] libprocessgroup: Removing /sys/fs/cgroup/system/uid_1083
[   95.186550] libprocessgroup: Removing /sys/fs/cgroup/system/uid_1017
[   95.187988] libprocessgroup: Removing /sys/fs/cgroup/system/uid_1073/pid_2750
[   95.188594] libprocessgroup: Removing /sys/fs/cgroup/system/uid_1053/pid_2722
[   95.189228] libprocessgroup: Removing /sys/fs/cgroup/system/uid_0/pid_410
[   95.189651] libprocessgroup: Removing /sys/fs/cgroup/system/uid_0/pid_769
[   95.198703] libprocessgroup: Removing /sys/fs/cgroup/system/uid_0/pid_692
[   95.200037] libprocessgroup: Removing /sys/fs/cgroup/system/uid_0/pid_3820
[   95.201534] libprocessgroup: Removing /sys/fs/cgroup/system/uid_0/pid_735
[   95.202011] libprocessgroup: Removing /sys/fs/cgroup/system/uid_0/pid_103
[   95.206544] libprocessgroup: Removing /sys/fs/cgroup/system/uid_0/pid_753
[   95.207087] libprocessgroup: Removing /sys/fs/cgroup/system/uid_0/pid_633
[   95.208877] libprocessgroup: Removing /sys/fs/cgroup/system/uid_0/pid_774
[   95.223089] libprocessgroup: Removing /sys/fs/cgroup/system/uid_1081
[   95.224037] libprocessgroup: Removing /sys/fs/cgroup/system/uid_1023
[   95.225554] libprocessgroup: Removing /sys/fs/cgroup/system/uid_1013/pid_751
[   95.228856] libprocessgroup: Removing /sys/fs/cgroup/system/uid_1013/pid_627
[   95.240985] libprocessgroup: Removing /sys/fs/cgroup/system/uid_1013/pid_748
[   95.241827] libprocessgroup: Removing /sys/fs/cgroup/system/uid_1013
[   95.250990] libprocessgroup: Removing /sys/fs/cgroup/system/uid_1041/pid_616
[   95.252860] libprocessgroup: Removing /sys/fs/cgroup/system/uid_1041/pid_620
[   95.261339] libprocessgroup: Removing /sys/fs/cgroup/system/uid_1041/pid_605
[   95.262962] libprocessgroup: Removing /sys/fs/cgroup/system/uid_1041/pid_678
[   95.264685] libprocessgroup: Removing /sys/fs/cgroup/system/uid_1041
[   95.281318] init: Service 'audio_parameter_parser_service' (pid 605) received SIGTERM
[   95.281856] init: Sending SIGKILL to service 'audio_parameter_parser_service' (pid 605) process group...
[   95.282884] libprocessgroup: Failed to write 1 to /sys/fs/cgroup/system/uid_1041/pid_605/cgroup.kill: No such file or directory
[   95.288614] init: Service 'vendor.sensors-hal-multihal' (pid 607) received SIGTERM
[   95.290504] init: Sending SIGKILL to service 'vendor.sensors-hal-multihal' (pid 607) process group...
[   95.292500] libprocessgroup: Failed to write 1 to /sys/fs/cgroup/system/uid_1000/pid_607/cgroup.kill: No such file or directory
[   95.295049] init: Service 'vendor.motioncontext-default' (pid 608) received SIGTERM
[   95.296400] init: Sending SIGKILL to service 'vendor.motioncontext-default' (pid 608) process group...
[   95.296766] libprocessgroup: Failed to write 1 to /sys/fs/cgroup/system/uid_1080/pid_608/cgroup.kill: No such file or directory
[   95.304787] init: Service 'vendor.audio-hal-aidl' (pid 616) received SIGTERM
[   95.305529] init: Sending SIGKILL to service 'vendor.audio-hal-aidl' (pid 616) process group...
[   95.305877] libprocessgroup: Failed to write 1 to /sys/fs/cgroup/system/uid_1041/pid_616/cgroup.kill: No such file or directory
[   95.308387] init: Service 'vendor.audio-effect-hal-aidl' (pid 620) received SIGTERM
[   95.308575] init: Sending SIGKILL to service 'vendor.audio-effect-hal-aidl' (pid 620) process group...
[   95.308925] libprocessgroup: Failed to write 1 to /sys/fs/cgroup/system/uid_1041/pid_620/cgroup.kill: No such file or directory
[   95.312346] init: Service 'vendor.authsecret_default' (pid 621) received SIGTERM
[   95.313635] init: Sending SIGKILL to service 'vendor.authsecret_default' (pid 621) process group...
[   95.316012] libprocessgroup: Failed to write 1 to /sys/fs/cgroup/system/uid_1064/pid_621/cgroup.kill: No such file or directory
[   95.319051] init: Service 'vendor.cas-default' (pid 624) received SIGTERM
[   95.319340] init: Sending SIGKILL to service 'vendor.cas-default' (pid 624) process group...
[   95.319849] libprocessgroup: Failed to write 1 to /sys/fs/cgroup/system/uid_1013/pid_624/cgroup.kill: No such file or directory
[   95.323398] init: Service 'vendor.contexthub-default' (pid 625) received SIGTERM
[   95.323690] init: Sending SIGKILL to service 'vendor.contexthub-default' (pid 625) process group...
[   95.324286] libprocessgroup: Failed to write 1 to /sys/fs/cgroup/system/uid_1080/pid_625/cgroup.kill: No such file or directory
[   95.329069] init: Service 'vendor.drm-clearkey-service' (pid 627) received SIGTERM
[   95.334393] init: Sending SIGKILL to service 'vendor.drm-clearkey-service' (pid 627) process group...
[   95.334729] libprocessgroup: Failed to write 1 to /sys/fs/cgroup/system/uid_1013/pid_627/cgroup.kill: No such file or directory
[   95.337508] init: Service 'vendor.gnss-default' (pid 628) received SIGTERM
[   95.337758] init: Sending SIGKILL to service 'vendor.gnss-default' (pid 628) process group...
[   95.342324] libprocessgroup: Failed to write 1 to /sys/fs/cgroup/system/uid_9999/pid_628/cgroup.kill: No such file or directory
[   95.345867] init: Service 'vendor.hwcomposer-3' (pid 629) received SIGTERM
[   95.346152] init: Sending SIGKILL to service 'vendor.hwcomposer-3' (pid 629) process group...
[   95.348632] libprocessgroup: Failed to write 1 to /sys/fs/cgroup/system/uid_1000/pid_629/cgroup.kill: No such file or directory
[   95.352488] init: Service 'vendor.inputprocessor-default' (pid 630) received SIGTERM
[   95.352925] init: Sending SIGKILL to service 'vendor.inputprocessor-default' (pid 630) process group...
[   95.353686] libprocessgroup: Failed to write 1 to /sys/fs/cgroup/system/uid_9999/pid_630/cgroup.kill: No such file or directory
[   95.361477] init: Service 'vendor.ir-default' (pid 631) received SIGTERM
[   95.361632] init: Sending SIGKILL to service 'vendor.ir-default' (pid 631) process group...
[   95.362017] libprocessgroup: Failed to write 1 to /sys/fs/cgroup/system/uid_1000/pid_631/cgroup.kill: No such file or directory
[   95.363353] init: Service 'vendor.memtrack-default' (pid 632) received SIGTERM
[   95.363690] init: Sending SIGKILL to service 'vendor.memtrack-default' (pid 632) process group...
[   95.364103] libprocessgroup: Failed to write 1 to /sys/fs/cgroup/system/uid_9999/pid_632/cgroup.kill: No such file or directory
[   95.365779] init: Service 'nlinterceptor' (pid 633) received SIGTERM
[   95.365958] init: Sending SIGKILL to service 'nlinterceptor' (pid 633) process group...
[   95.366518] libprocessgroup: Failed to write 1 to /sys/fs/cgroup/system/uid_0/pid_633/cgroup.kill: No such file or directory
[   95.371726] init: Service 'neuralnetworks_hal_service_aidl_sample_all' (pid 634) received SIGTERM
[   95.371926] init: Sending SIGKILL to service 'neuralnetworks_hal_service_aidl_sample_all' (pid 634) process group...
[   95.372336] libprocessgroup: Failed to write 1 to /sys/fs/cgroup/system/uid_1000/pid_634/cgroup.kill: No such file or directory
[   95.373560] init: Service 'neuralnetworks_hal_service_aidl_sample_limited' (pid 635) received SIGTERM
[   95.374296] init: Sending SIGKILL to service 'neuralnetworks_hal_service_aidl_sample_limited' (pid 635) process group...
[   95.374832] libprocessgroup: Failed to write 1 to /sys/fs/cgroup/system/uid_1000/pid_635/cgroup.kill: No such file or directory
[   95.377278] init: Service 'neuralnetworks_hal_service_shim_sample' (pid 636) received SIGTERM
[   95.377486] init: Sending SIGKILL to service 'neuralnetworks_hal_service_shim_sample' (pid 636) process group...
[   95.381965] libprocessgroup: Failed to write 1 to /sys/fs/cgroup/system/uid_1000/pid_636/cgroup.kill: No such file or directory
[   95.383379] init: Service 'vendor.power-default' (pid 637) received SIGTERM
[   95.383631] init: Sending SIGKILL to service 'vendor.power-default' (pid 637) process group...
[   95.384500] libprocessgroup: Failed to write 1 to /sys/fs/cgroup/system/uid_9999/pid_637/cgroup.kill: No such file or directory
[   95.387010] init: Service 'vendor.power.stats-default' (pid 638) received SIGTERM
[   95.387174] init: Sending SIGKILL to service 'vendor.power.stats-default' (pid 638) process group...
[   95.387566] libprocessgroup: Failed to write 1 to /sys/fs/cgroup/system/uid_1000/pid_638/cgroup.kill: No such file or directory
[   95.388646] init: Service 'vendor.rebootescrow-default' (pid 640) received SIGTERM
[   95.388949] init: Sending SIGKILL to service 'vendor.rebootescrow-default' (pid 640) process group...
[   95.389651] libprocessgroup: Failed to write 1 to /sys/fs/cgroup/system/uid_1000/pid_640/cgroup.kill: No such file or directory
[   95.392197] init: Service 'vendor.secure_element' (pid 642) received SIGTERM
[   95.392403] init: Sending SIGKILL to service 'vendor.secure_element' (pid 642) process group...
[   95.392777] libprocessgroup: Failed to write 1 to /sys/fs/cgroup/system/uid_9999/pid_642/cgroup.kill: No such file or directory
[   95.394173] init: Service 'vendor.authgraph' (pid 643) received SIGTERM
[   95.394489] init: Sending SIGKILL to service 'vendor.authgraph' (pid 643) process group...
[   95.395480] libprocessgroup: Failed to write 1 to /sys/fs/cgroup/system/uid_9999/pid_643/cgroup.kill: No such file or directory
[   95.397061] init: Service 'vendor.secretkeeper' (pid 644) received SIGTERM
[   95.398551] init: Sending SIGKILL to service 'vendor.secretkeeper' (pid 644) process group...
[   95.398763] libprocessgroup: Failed to write 1 to /sys/fs/cgroup/system/uid_9999/pid_644/cgroup.kill: No such file or directory
[   95.399876] init: Service 'vendor.tetheroffload-example' (pid 646) received SIGTERM
[   95.400166] init: Sending SIGKILL to service 'vendor.tetheroffload-example' (pid 646) process group...
[   95.400532] libprocessgroup: Failed to write 1 to /sys/fs/cgroup/system/uid_9999/pid_646/cgroup.kill: No such file or directory
[   95.403280] init: Service 'vendor.thermal-example' (pid 647) received SIGTERM
[   95.403672] init: Sending SIGKILL to service 'vendor.thermal-example' (pid 647) process group...
[   95.405461] libprocessgroup: Failed to write 1 to /sys/fs/cgroup/system/uid_9999/pid_647/cgroup.kill: No such file or directory
[   95.408192] init: Service 'vendor.threadnetwork_hal' (pid 648) received SIGTERM
[   95.408580] init: Sending SIGKILL to service 'vendor.threadnetwork_hal' (pid 648) process group...
[   95.408977] libprocessgroup: Failed to write 1 to /sys/fs/cgroup/system/uid_1084/pid_648/cgroup.kill: No such file or directory
[   95.416466] init: Service 'vendor.usb_default' (pid 650) received SIGTERM
[   95.416719] init: Sending SIGKILL to service 'vendor.usb_default' (pid 650) process group...
[   95.417060] libprocessgroup: Failed to write 1 to /sys/fs/cgroup/system/uid_1000/pid_650/cgroup.kill: No such file or directory
[   95.421533] init: Service 'vendor.uwb_hal' (pid 653) received SIGTERM
[   95.422343] init: Sending SIGKILL to service 'vendor.uwb_hal' (pid 653) process group...
[   95.423689] libprocessgroup: Failed to write 1 to /sys/fs/cgroup/system/uid_1083/pid_653/cgroup.kill: No such file or directory
[   95.424780] init: Service 'vendor.vibrator-default' (pid 654) received SIGTERM
[   95.427360] init: Sending SIGKILL to service 'vendor.vibrator-default' (pid 654) process group...
[   95.427580] libprocessgroup: Failed to write 1 to /sys/fs/cgroup/system/uid_9999/pid_654/cgroup.kill: No such file or directory
[   95.429010] init: Service 'vendor.wifi_hal_legacy' (pid 655) received SIGTERM
[   95.429329] init: Sending SIGKILL to service 'vendor.wifi_hal_legacy' (pid 655) process group...
[   95.429679] libprocessgroup: Failed to write 1 to /sys/fs/cgroup/system/uid_1010/pid_655/cgroup.kill: No such file or directory
[   95.430900] init: Service 'bt_hci' (pid 656) received SIGTERM
[   95.431155] init: Sending SIGKILL to service 'bt_hci' (pid 656) process group...
[   95.432398] libprocessgroup: Failed to write 1 to /sys/fs/cgroup/system/uid_1002/pid_656/cgroup.kill: No such file or directory
[   95.434089] init: Service 'bt_finder' (pid 657) received SIGTERM
[   95.434473] init: Sending SIGKILL to service 'bt_finder' (pid 657) process group...
[   95.435340] libprocessgroup: Failed to write 1 to /sys/fs/cgroup/system/uid_1002/pid_657/cgroup.kill: No such file or directory
[   95.439030] init: Service 'bt_ranging' (pid 661) received SIGTERM
[   95.440390] init: Sending SIGKILL to service 'bt_ranging' (pid 661) process group...
[   95.442541] libprocessgroup: Failed to write 1 to /sys/fs/cgroup/system/uid_1002/pid_661/cgroup.kill: No such file or directory
[   95.443512] init: Service 'bt_lmp_event' (pid 662) received SIGTERM
[   95.444391] init: Sending SIGKILL to service 'bt_lmp_event' (pid 662) process group...
[   95.446721] libprocessgroup: Failed to write 1 to /sys/fs/cgroup/system/uid_1002/pid_662/cgroup.kill: No such file or directory
[   95.450144] init: Service 'bt_socket' (pid 663) received SIGTERM
[   95.452409] init: Sending SIGKILL to service 'bt_socket' (pid 663) process group...
[   95.452610] libprocessgroup: Failed to write 1 to /sys/fs/cgroup/system/uid_1002/pid_663/cgroup.kill: No such file or directory
[   95.454200] init: Service 'bt_socket_lpp' (pid 664) received SIGTERM
[   95.456411] init: Sending SIGKILL to service 'bt_socket_lpp' (pid 664) process group...
[   95.458586] libprocessgroup: Failed to write 1 to /sys/fs/cgroup/system/uid_1002/pid_664/cgroup.kill: No such file or directory
[   95.464541] init: Service 'bt_gatt_lpp' (pid 665) received SIGTERM
[   95.465012] init: Sending SIGKILL to service 'bt_gatt_lpp' (pid 665) process group...
[   95.468653] libprocessgroup: Failed to write 1 to /sys/fs/cgroup/system/uid_1002/pid_665/cgroup.kill: No such file or directory
[   95.472142] init: Service 'vendor.graphics.allocator' (pid 666) received SIGTERM
[   95.472346] init: Sending SIGKILL to service 'vendor.graphics.allocator' (pid 666) process group...
[   95.475556] libprocessgroup: Failed to write 1 to /sys/fs/cgroup/system/uid_1000/pid_666/cgroup.kill: No such file or directory
[   95.478369] init: Service 'vendor.health-cuttlefish' (pid 668) received SIGTERM
[   95.478594] init: Sending SIGKILL to service 'vendor.health-cuttlefish' (pid 668) process group...
[   95.479683] libprocessgroup: Failed to write 1 to /sys/fs/cgroup/system/uid_1000/pid_668/cgroup.kill: No such file or directory
[   95.483414] init: Service 'vendor.identity-remote' (pid 671) received SIGTERM
[   95.485411] init: Sending SIGKILL to service 'vendor.identity-remote' (pid 671) process group...
[   95.485923] libprocessgroup: Failed to write 1 to /sys/fs/cgroup/system/uid_9999/pid_671/cgroup.kill: No such file or directory
[   95.491120] init: Service 'nfc_hal_service' (pid 673) received SIGTERM
[   95.493108] init: Sending SIGKILL to service 'nfc_hal_service' (pid 673) process group...
[   95.493736] libprocessgroup: Failed to write 1 to /sys/fs/cgroup/system/uid_1027/pid_673/cgroup.kill: No such file or directory
[   95.655444] init: Service 'vendor.oemlock_default' (pid 675) received SIGTERM
[   95.656768] init: Sending SIGKILL to service 'vendor.oemlock_default' (pid 675) process group...
[   95.663177] libprocessgroup: Failed to write 1 to /sys/fs/cgroup/system/uid_1064/pid_675/cgroup.kill: No such file or directory
[   95.691165] init: Service 'vendor.camera-provider-2-7-google' (pid 677) received SIGTERM
[   95.691381] init: Sending SIGKILL to service 'vendor.camera-provider-2-7-google' (pid 677) process group...
[   95.694309] libprocessgroup: Failed to write 1 to /sys/fs/cgroup/system/uid_1047/pid_677/cgroup.kill: No such file or directory
[   95.710188] init: Service 'audioserver' (pid 678) received SIGTERM
[   95.716461] init: Sending SIGKILL to service 'audioserver' (pid 678) process group...
[   95.722877] libprocessgroup: Failed to write 1 to /sys/fs/cgroup/system/uid_1041/pid_678/cgroup.kill: No such file or directory
[   95.733963] init: Service 'credstore' (pid 679) received SIGTERM
[   95.734119] init: Sending SIGKILL to service 'credstore' (pid 679) process group...
[   95.738604] libprocessgroup: Failed to write 1 to /sys/fs/cgroup/system/uid_1076/pid_679/cgroup.kill: No such file or directory
[   95.741620] init: Service 'gpu' (pid 680) received SIGTERM
[   95.747021] init: Sending SIGKILL to service 'gpu' (pid 680) process group...
[   95.748821] libprocessgroup: Failed to write 1 to /sys/fs/cgroup/system/uid_1072/pid_680/cgroup.kill: No such file or directory
[   95.759920] init: Service 'surfaceflinger' (pid 686) received SIGTERM
[   95.760081] init: Sending SIGKILL to service 'surfaceflinger' (pid 686) process group...
[   95.766758] libprocessgroup: Failed to write 1 to /sys/fs/cgroup/system/uid_1000/pid_686/cgroup.kill: No such file or directory
[   95.780794] init: Service 'socket_vsock_proxy' (pid 692) received SIGTERM
[   95.785717] init: Sending SIGKILL to service 'socket_vsock_proxy' (pid 692) process group...
[   95.795129] libprocessgroup: Failed to write 1 to /sys/fs/cgroup/system/uid_0/pid_692/cgroup.kill: No such file or directory
[   95.802861] init: Service 'vendor.confirmationui_default' (pid 695) received SIGTERM
[   95.805411] init: Sending SIGKILL to service 'vendor.confirmationui_default' (pid 695) process group...
[   95.815041] libprocessgroup: Failed to write 1 to /sys/fs/cgroup/system/uid_1000/pid_695/cgroup.kill: No such file or directory
[   95.818021] init: Service 'drm' (pid 711) received SIGTERM
[   95.818742] init: Sending SIGKILL to service 'drm' (pid 711) process group...
[   95.819184] libprocessgroup: Failed to write 1 to /sys/fs/cgroup/system/uid_1019/pid_711/cgroup.kill: No such file or directory
[   95.829948] init: Service 'traced_probes' (pid 725) received SIGTERM
[   95.830200] init: Sending SIGKILL to service 'traced_probes' (pid 725) process group...
[   95.830874] libprocessgroup: Failed to write 1 to /sys/fs/cgroup/system/uid_9999/pid_725/cgroup.kill: No such file or directory
[   95.839013] init: Service 'traced' (pid 727) received SIGTERM
[   95.839308] init: Sending SIGKILL to service 'traced' (pid 727) process group...
[   95.839776] libprocessgroup: Failed to write 1 to /sys/fs/cgroup/system/uid_9999/pid_727/cgroup.kill: No such file or directory
[   95.843607] init: Service 'cameraserver' (pid 731) received SIGTERM
[   95.843856] init: Sending SIGKILL to service 'cameraserver' (pid 731) process group...
[   95.844181] libprocessgroup: Failed to write 1 to /sys/fs/cgroup/system/uid_1047/pid_731/cgroup.kill: No such file or directory
[   95.848816] init: Service 'incidentd' (pid 734) received SIGTERM
[   95.850344] init: Sending SIGKILL to service 'incidentd' (pid 734) process group...
[   95.852695] libprocessgroup: Failed to write 1 to /sys/fs/cgroup/system/uid_1067/pid_734/cgroup.kill: No such file or directory
[   95.863906] init: Service 'installd' (pid 735) received SIGTERM
[   95.866734] init: Sending SIGKILL to service 'installd' (pid 735) process group...
[   95.867085] libprocessgroup: Failed to write 1 to /sys/fs/cgroup/system/uid_0/pid_735/cgroup.kill: No such file or directory
[   95.869559] init: Service 'mediaextractor' (pid 746) received SIGTERM
[   95.870637] init: Sending SIGKILL to service 'mediaextractor' (pid 746) process group...
[   95.871090] libprocessgroup: Failed to write 1 to /sys/fs/cgroup/system/uid_1040/pid_746/cgroup.kill: No such file or directory
[   95.875603] init: Service 'mediametrics' (pid 748) received SIGTERM
[   95.875854] init: Sending SIGKILL to service 'mediametrics' (pid 748) process group...
[   95.885484] libprocessgroup: Failed to write 1 to /sys/fs/cgroup/system/uid_1013/pid_748/cgroup.kill: No such file or directory
[   95.888929] init: Service 'media' (pid 751) received SIGTERM
[   95.889195] init: Sending SIGKILL to service 'media' (pid 751) process group...
[   95.889622] libprocessgroup: Failed to write 1 to /sys/fs/cgroup/system/uid_1013/pid_751/cgroup.kill: No such file or directory
[   95.892982] init: Service 'storaged' (pid 753) received SIGTERM
[   95.893407] init: Sending SIGKILL to service 'storaged' (pid 753) process group...
[   95.893822] libprocessgroup: Failed to write 1 to /sys/fs/cgroup/system/uid_0/pid_753/cgroup.kill: No such file or directory
[   95.900213] init: Service 'lmkd' (pid 396) received SIGTERM
[   95.900444] init: Sending SIGKILL to service 'lmkd' (pid 396) process group...
[   95.907816] libprocessgroup: Removed cgroup /sys/fs/cgroup/system/uid_1069/pid_396
[   95.912400] init: Service 'seriallogging' (pid 760) received SIGTERM
[   95.913414] init: Sending SIGKILL to service 'seriallogging' (pid 760) process group...
[   95.913895] libprocessgroup: Failed to write 1 to /sys/fs/cgroup/system/uid_1036/pid_760/cgroup.kill: No such file or directory
[   95.989318] init: Service 'media.swcodec' (pid 761) received SIGTERM
[   96.006973] init: Sending SIGKILL to service 'media.swcodec' (pid 761) process group...
[   96.010093] libprocessgroup: Failed to write 1 to /sys/fs/cgroup/system/uid_1046/pid_761/cgroup.kill: No such file or directory
[   96.177606] init: Service 'vendor.ril-daemon' (pid 762) received SIGTERM
[   96.188200] init: Sending SIGKILL to service 'vendor.ril-daemon' (pid 762) process group...
[   96.200200] libprocessgroup: Failed to write 1 to /sys/fs/cgroup/system/uid_1001/pid_762/cgroup.kill: No such file or directory
[   96.293097] init: Service 'gatekeeperd' (pid 766) received SIGTERM
[   96.293934] init: Sending SIGKILL to service 'gatekeeperd' (pid 766) process group...
[   96.303724] libprocessgroup: Failed to write 1 to /sys/fs/cgroup/system/uid_1000/pid_766/cgroup.kill: No such file or directory
[   96.306743] init: Service 'update_engine' (pid 769) exited with status 0
[   96.307049] init: Sending SIGKILL to service 'update_engine' (pid 769) process group...
[   96.307833] libprocessgroup: Failed to write 1 to /sys/fs/cgroup/system/uid_0/pid_769/cgroup.kill: No such file or directory
[   96.312534] init: Service 'tombstone_transmit' (pid 774) received SIGTERM
[   96.312777] init: Sending SIGKILL to service 'tombstone_transmit' (pid 774) process group...
[   96.313496] libprocessgroup: Failed to write 1 to /sys/fs/cgroup/system/uid_0/pid_774/cgroup.kill: No such file or directory
[   96.319278] init: Service 'vendor.fingerprint-default' (pid 2603) received SIGTERM oneshot service took 45.226002 seconds in background
[   96.319625] init: Sending SIGKILL to service 'vendor.fingerprint-default' (pid 2603) process group...
[   96.320210] libprocessgroup: Failed to write 1 to /sys/fs/cgroup/system/uid_9999/pid_2603/cgroup.kill: No such file or directory
[   96.322115] init: Service 'vendor.face-default' (pid 2616) received SIGTERM oneshot service took 45.084999 seconds in background
[   96.322901] init: Sending SIGKILL to service 'vendor.face-default' (pid 2616) process group...
[   96.324532] libprocessgroup: Failed to write 1 to /sys/fs/cgroup/system/uid_9999/pid_2616/cgroup.kill: No such file or directory
[   96.326316] init: Service 'ot-daemon' (pid 2622) received SIGTERM oneshot service took 44.777000 seconds in background
[   96.326746] init: Sending SIGKILL to service 'ot-daemon' (pid 2622) process group...
[   96.327130] libprocessgroup: Failed to write 1 to /sys/fs/cgroup/system/uid_1084/pid_2622/cgroup.kill: No such file or directory
[   96.329074] init: Service 'mdnsd' (pid 3175) exited with status 4 oneshot service took 29.600000 seconds in background
[   96.329427] init: Sending SIGKILL to service 'mdnsd' (pid 3175) process group...
[   96.329864] libprocessgroup: Failed to write 1 to /sys/fs/cgroup/system/uid_1020/pid_3175/cgroup.kill: No such file or directory
[   96.331273] init: Service 'pmgd' (pid 3237) received SIGTERM
[   96.331473] init: Sending SIGKILL to service 'pmgd' (pid 3237) process group...
[   96.331835] libprocessgroup: Failed to write 1 to /sys/fs/cgroup/system/uid_9999/pid_3237/cgroup.kill: No such file or directory
[   96.333730] init: Service 'idmap2d' (pid 3844) received SIGTERM
[   96.333919] init: Sending SIGKILL to service 'idmap2d' (pid 3844) process group...
[   96.334226] libprocessgroup: Failed to write 1 to /sys/fs/cgroup/system/uid_1000/pid_3844/cgroup.kill: No such file or directory
[   96.335793] init: Service 'blank_screen' (pid 3888) exited with status 0 oneshot service took 4.223000 seconds in background
[   96.336095] init: Sending SIGKILL to service 'blank_screen' (pid 3888) process group...
[   96.336454] libprocessgroup: Failed to write 1 to /sys/fs/cgroup/system/uid_1000/pid_3888/cgroup.kill: No such file or directory
[   96.338822] init: Untracked process (pid: 597 name: (iptables-restor) ppid: 1 pgrp: 594 state: Z) received SIGTERM
[   96.339170] init: Untracked process (pid: 597 name: (iptables-restor) ppid: 1 pgrp: 594 state: Z) did not have an associated service entry and will not be reaped
[   96.340124] init: Untracked process (pid: 598 name: (ip6tables-resto) ppid: 1 pgrp: 594 state: Z) received SIGTERM
[   96.340420] init: Untracked process (pid: 598 name: (ip6tables-resto) ppid: 1 pgrp: 594 state: Z) did not have an associated service entry and will not be reaped
[   96.341193] init: Untracked process (pid: 2648 name: (ndroid.systemui) ppid: 1 pgrp: 596 state: Z) received SIGTERM
[   96.341489] init: Untracked process (pid: 2648 name: (ndroid.systemui) ppid: 1 pgrp: 596 state: Z) did not have an associated service entry and will not be reaped
[   96.346878] init: Untracked process (pid: 2651 name: (ssioncontroller) ppid: 1 pgrp: 596 state: Z) received SIGTERM
[   96.347177] init: Untracked process (pid: 2651 name: (ssioncontroller) ppid: 1 pgrp: 596 state: Z) did not have an associated service entry and will not be reaped
[   96.348210] init: Untracked process (pid: 2722 name: (webview_zygote) ppid: 1 pgrp: 596 state: Z) received SIGTERM
[   96.348562] init: Untracked process (pid: 2722 name: (webview_zygote) ppid: 1 pgrp: 596 state: Z) did not have an associated service entry and will not be reaped
[   96.349368] init: Untracked process (pid: 2750 name: (rkstack.process) ppid: 1 pgrp: 596 state: Z) received SIGTERM
[   96.349665] init: Untracked process (pid: 2750 name: (rkstack.process) ppid: 1 pgrp: 596 state: Z) did not have an associated service entry and will not be reaped
[   96.350889] init: Untracked process (pid: 2802 name: (com.android.nfc) ppid: 1 pgrp: 596 state: Z) exited with status 0
[   96.351212] init: Untracked process (pid: 2802 name: (com.android.nfc) ppid: 1 pgrp: 596 state: Z) did not have an associated service entry and will not be reaped
[   96.352284] init: Untracked process (pid: 2806 name: (com.android.se) ppid: 1 pgrp: 596 state: Z) received SIGTERM
[   96.352578] init: Untracked process (pid: 2806 name: (com.android.se) ppid: 1 pgrp: 596 state: Z) did not have an associated service entry and will not be reaped
[   96.353185] init: Untracked process (pid: 2807 name: (m.android.phone) ppid: 1 pgrp: 596 state: Z) received SIGTERM
[   96.353510] init: Untracked process (pid: 2807 name: (m.android.phone) ppid: 1 pgrp: 596 state: Z) did not have an associated service entry and will not be reaped
[   96.355042] init: Untracked process (pid: 2824 name: (droid.bluetooth) ppid: 1 pgrp: 596 state: Z) received SIGTERM
[   96.355361] init: Untracked process (pid: 2824 name: (droid.bluetooth) ppid: 1 pgrp: 596 state: Z) did not have an associated service entry and will not be reaped
[   96.356034] init: Untracked process (pid: 2834 name: (droid.provision) ppid: 1 pgrp: 596 state: Z) received SIGTERM
[   96.356356] init: Untracked process (pid: 2834 name: (droid.provision) ppid: 1 pgrp: 596 state: Z) did not have an associated service entry and will not be reaped
[   96.356850] init: Untracked process (pid: 2877 name: (ndroid.settings) ppid: 1 pgrp: 596 state: Z) received SIGTERM
[   96.357155] init: Untracked process (pid: 2877 name: (ndroid.settings) ppid: 1 pgrp: 596 state: Z) did not have an associated service entry and will not be reaped
[   96.358226] init: Untracked process (pid: 2909 name: (droid.launcher3) ppid: 1 pgrp: 596 state: Z) received SIGTERM
[   96.358682] init: Untracked process (pid: 2909 name: (droid.launcher3) ppid: 1 pgrp: 596 state: Z) did not have an associated service entry and will not be reaped
[   96.361991] init: Untracked process (pid: 3085 name: (receiver.module) ppid: 1 pgrp: 596 state: Z) received SIGTERM
[   96.362273] init: Untracked process (pid: 3085 name: (receiver.module) ppid: 1 pgrp: 596 state: Z) did not have an associated service entry and will not be reaped
[   96.363173] init: Untracked process (pid: 3123 name: (oadcastreceiver) ppid: 1 pgrp: 596 state: Z) received SIGTERM
[   96.364635] init: Untracked process (pid: 3123 name: (oadcastreceiver) ppid: 1 pgrp: 596 state: Z) did not have an associated service entry and will not be reaped
[   96.365313] init: Untracked process (pid: 3140 name: (phony.satellite) ppid: 1 pgrp: 596 state: Z) received SIGTERM
[   96.365660] init: Untracked process (pid: 3140 name: (phony.satellite) ppid: 1 pgrp: 596 state: Z) did not have an associated service entry and will not be reaped
[   96.367057] init: Untracked process (pid: 3198 name: (d.appsearch.apk) ppid: 1 pgrp: 596 state: Z) received SIGTERM
[   96.368927] init: Untracked process (pid: 3198 name: (d.appsearch.apk) ppid: 1 pgrp: 596 state: Z) did not have an associated service entry and will not be reaped
[   96.369664] init: Untracked process (pid: 3203 name: (elockcontroller) ppid: 1 pgrp: 596 state: Z) received SIGTERM
[   96.369974] init: Untracked process (pid: 3203 name: (elockcontroller) ppid: 1 pgrp: 596 state: Z) did not have an associated service entry and will not be reaped
[   96.371381] init: Untracked process (pid: 3258 name: (rs.media.module) ppid: 1 pgrp: 596 state: Z) received SIGTERM
[   96.371796] init: Untracked process (pid: 3258 name: (rs.media.module) ppid: 1 pgrp: 596 state: Z) did not have an associated service entry and will not be reaped
[   96.373133] init: Untracked process (pid: 3277 name: (oid.documentsui) ppid: 1 pgrp: 596 state: Z) received SIGTERM
[   96.373554] init: Untracked process (pid: 3277 name: (oid.documentsui) ppid: 1 pgrp: 596 state: Z) did not have an associated service entry and will not be reaped
[   96.374216] init: Untracked process (pid: 3292 name: (d.process.media) ppid: 1 pgrp: 596 state: Z) received SIGTERM
[   96.374811] init: Untracked process (pid: 3292 name: (d.process.media) ppid: 1 pgrp: 596 state: Z) did not have an associated service entry and will not be reaped
[   96.375594] init: Untracked process (pid: 3306 name: (id.printspooler) ppid: 1 pgrp: 596 state: Z) received SIGTERM
[   96.375886] init: Untracked process (pid: 3306 name: (id.printspooler) ppid: 1 pgrp: 596 state: Z) did not have an associated service entry and will not be reaped
[   96.376455] init: Untracked process (pid: 3347 name: (ndroid.keychain) ppid: 1 pgrp: 596 state: Z) received SIGTERM
[   96.376730] init: Untracked process (pid: 3347 name: (ndroid.keychain) ppid: 1 pgrp: 596 state: Z) did not have an associated service entry and will not be reaped
[   96.377441] init: Untracked process (pid: 3363 name: (ndroid.calendar) ppid: 1 pgrp: 596 state: Z) received SIGTERM
[   96.377732] init: Untracked process (pid: 3363 name: (ndroid.calendar) ppid: 1 pgrp: 596 state: Z) did not have an associated service entry and will not be reaped
[   96.378445] init: Untracked process (pid: 3364 name: (externalstorage) ppid: 1 pgrp: 596 state: Z) received SIGTERM
[   96.378723] init: Untracked process (pid: 3364 name: (externalstorage) ppid: 1 pgrp: 596 state: Z) did not have an associated service entry and will not be reaped
[   96.379233] init: Untracked process (pid: 3422 name: (gedprovisioning) ppid: 1 pgrp: 596 state: Z) received SIGTERM
[   96.379591] init: Untracked process (pid: 3422 name: (gedprovisioning) ppid: 1 pgrp: 596 state: Z) did not have an associated service entry and will not be reaped
[   96.380281] init: Untracked process (pid: 3425 name: (viders.calendar) ppid: 1 pgrp: 596 state: Z) received SIGTERM
[   96.380587] init: Untracked process (pid: 3425 name: (viders.calendar) ppid: 1 pgrp: 596 state: Z) did not have an associated service entry and will not be reaped
[   96.381215] init: Untracked process (pid: 3456 name: (d.process.acore) ppid: 1 pgrp: 596 state: Z) received SIGTERM
[   96.381532] init: Untracked process (pid: 3456 name: (d.process.acore) ppid: 1 pgrp: 596 state: Z) did not have an associated service entry and will not be reaped
[   96.382216] init: Untracked process (pid: 3477 name: (.localtransport) ppid: 1 pgrp: 596 state: Z) received SIGTERM
[   96.382719] init: Untracked process (pid: 3477 name: (.localtransport) ppid: 1 pgrp: 596 state: Z) did not have an associated service entry and will not be reaped
[   96.383873] init: Untracked process (pid: 3481 name: (oid.photopicker) ppid: 1 pgrp: 596 state: Z) received SIGTERM
[   96.384098] init: Untracked process (pid: 3481 name: (oid.photopicker) ppid: 1 pgrp: 596 state: Z) did not have an associated service entry and will not be reaped
[   96.385320] init: Untracked process (pid: 3523 name: (.quicksearchbox) ppid: 1 pgrp: 596 state: Z) received SIGTERM
[   96.385678] init: Untracked process (pid: 3523 name: (.quicksearchbox) ppid: 1 pgrp: 596 state: Z) did not have an associated service entry and will not be reaped
[   96.386908] init: Untracked process (pid: 3566 name: (ndroid.contacts) ppid: 1 pgrp: 596 state: Z) received SIGTERM
[   96.387295] init: Untracked process (pid: 3566 name: (ndroid.contacts) ppid: 1 pgrp: 596 state: Z) did not have an associated service entry and will not be reaped
[   96.388078] init: Untracked process (pid: 3593 name: (tatementservice) ppid: 1 pgrp: 596 state: Z) received SIGTERM
[   96.388549] init: Untracked process (pid: 3593 name: (tatementservice) ppid: 1 pgrp: 596 state: Z) did not have an associated service entry and will not be reaped
[   96.389285] init: Untracked process (pid: 3620 name: (android.traceur) ppid: 1 pgrp: 596 state: Z) received SIGTERM
[   96.389631] init: Untracked process (pid: 3620 name: (android.traceur) ppid: 1 pgrp: 596 state: Z) did not have an associated service entry and will not be reaped
[   96.390281] init: Untracked process (pid: 3633 name: (id.ext.services) ppid: 1 pgrp: 596 state: Z) received SIGTERM
[   96.390779] init: Untracked process (pid: 3633 name: (id.ext.services) ppid: 1 pgrp: 596 state: Z) did not have an associated service entry and will not be reaped
[   96.392164] init: Untracked process (pid: 3652 name: (.gce.gceservice) ppid: 1 pgrp: 596 state: Z) received SIGTERM
[   96.392570] init: Untracked process (pid: 3652 name: (.gce.gceservice) ppid: 1 pgrp: 596 state: Z) did not have an associated service entry and will not be reaped
[   96.393235] init: Untracked process (pid: 3669 name: (.adservices) ppid: 1 pgrp: 596 state: Z) received SIGTERM
[   96.393524] init: Untracked process (pid: 3669 name: (.adservices) ppid: 1 pgrp: 596 state: Z) did not have an associated service entry and will not be reaped
[   96.394093] init: Untracked process (pid: 3693 name: (android.camera2) ppid: 1 pgrp: 596 state: Z) received SIGTERM
[   96.394473] init: Untracked process (pid: 3693 name: (android.camera2) ppid: 1 pgrp: 596 state: Z) did not have an associated service entry and will not be reaped
[   96.395127] init: Untracked process (pid: 3711 name: (vicediagnostics) ppid: 1 pgrp: 596 state: Z) received SIGTERM
[   96.395523] init: Untracked process (pid: 3711 name: (vicediagnostics) ppid: 1 pgrp: 596 state: Z) did not have an associated service entry and will not be reaped
[   96.396127] init: Untracked process (pid: 3728 name: (d.carrierconfig) ppid: 1 pgrp: 596 state: Z) received SIGTERM
[   96.396412] init: Untracked process (pid: 3728 name: (d.carrierconfig) ppid: 1 pgrp: 596 state: Z) did not have an associated service entry and will not be reaped
[   96.397014] init: Untracked process (pid: 3736 name: (droid.dynsystem) ppid: 1 pgrp: 596 state: Z) received SIGTERM
[   96.397338] init: Untracked process (pid: 3736 name: (droid.dynsystem) ppid: 1 pgrp: 596 state: Z) did not have an associated service entry and will not be reaped
[   96.397956] init: Untracked process (pid: 3752 name: (ompute.services) ppid: 1 pgrp: 596 state: Z) received SIGTERM
[   96.398238] init: Untracked process (pid: 3752 name: (ompute.services) ppid: 1 pgrp: 596 state: Z) did not have an associated service entry and will not be reaped
[   96.398976] init: Untracked process (pid: 3755 name: (ystem:dynsystem) ppid: 1 pgrp: 596 state: Z) received SIGTERM
[   96.399231] init: Untracked process (pid: 3755 name: (ystem:dynsystem) ppid: 1 pgrp: 596 state: Z) did not have an associated service entry and will not be reaped
[   96.399718] init: Untracked process (pid: 3790 name: (viceentitlement) ppid: 1 pgrp: 596 state: Z) received SIGTERM
[   96.399966] init: Untracked process (pid: 3790 name: (viceentitlement) ppid: 1 pgrp: 596 state: Z) did not have an associated service entry and will not be reaped
[   96.400563] init: Untracked process (pid: 3804 name: (droid.messaging) ppid: 1 pgrp: 596 state: Z) received SIGTERM
[   96.400843] init: Untracked process (pid: 3804 name: (droid.messaging) ppid: 1 pgrp: 596 state: Z) did not have an associated service entry and will not be reaped
[   96.401474] init: Untracked process (pid: 3869 name: (zation.services) ppid: 1 pgrp: 596 state: Z) received SIGTERM
[   96.401757] init: Untracked process (pid: 3869 name: (zation.services) ppid: 1 pgrp: 596 state: Z) did not have an associated service entry and will not be reaped
[   96.402497] init: Untracked process (pid: 3902 name: (ackageinstaller) ppid: 1 pgrp: 596 state: Z) received SIGTERM
[   96.402876] init: Untracked process (pid: 3902 name: (ackageinstaller) ppid: 1 pgrp: 596 state: Z) did not have an associated service entry and will not be reaped
[   96.403646] init: Waiting for 84 pids to be reaped took 2136ms with 0 of them still running
[   96.425932] init: Stopping 187 services by sending SIGKILL
[   96.434908] init: Stopping untracked process group 596 by sending SIGKILL
[   96.446462] init: Calling /system/bin/vdc volume abort_fuse
[   96.493342] libbinder.BackendUnifiedServiceManager: Thread Pool max thread count is 0. Cannot cache binder as linkToDeath cannot be implemented. serviceName: vold
[   96.497949] init: Calling /system/bin/vdc volume shutdown
[   96.517214] libbinder.BackendUnifiedServiceManager: Thread Pool max thread count is 0. Cannot cache binder as linkToDeath cannot be implemented. serviceName: vold
[   96.521948] init: Sending SIGKILL to service 'vold' (pid 410) process group...
[   96.528178] libprocessgroup: Removed cgroup /sys/fs/cgroup/system/uid_0/pid_410
[   96.529353] init: Stopping 4 services by sending SIGKILL
[   96.529617] init: Sending SIGKILL to service 'adbd' (pid 3820) process group...
[   96.541107] libprocessgroup: Removed cgroup /sys/fs/cgroup/system/uid_0/pid_3820
[   96.544201] init: Sending SIGKILL to service 'tombstoned' (pid 466) process group...
[   96.548174] libprocessgroup: Removed cgroup /sys/fs/cgroup/system/uid_1058/pid_466
[   96.549981] init: Sending SIGKILL to service 'logd' (pid 395) process group...
[   96.557882] libprocessgroup: Removed cgroup /sys/fs/cgroup/system/uid_1036/pid_395
[   96.558517] init: Subcontext received SIGTERM
[   96.558754] init: Subcontext did not have an associated service entry and will not be reaped
[   96.559399] init: Service 'logd' (pid 395) received SIGKILL
[   96.559608] init: Sending SIGKILL to service 'logd' (pid 395) process group...
[   96.559910] libprocessgroup: Failed to write 1 to /sys/fs/cgroup/system/uid_1036/pid_395/cgroup.kill: No such file or directory
[   96.560877] init: Service 'vold' (pid 410) received SIGKILL
[   96.561096] init: Sending SIGKILL to service 'vold' (pid 410) process group...
[   96.561406] libprocessgroup: Failed to write 1 to /sys/fs/cgroup/system/uid_0/pid_410/cgroup.kill: No such file or directory
[   96.561749] init: Service vold has 'reboot_on_failure' option and failed, shutting down system.
[   96.562714] init: Service 'tombstoned' (pid 466) received SIGKILL
[   96.563644] init: Sending SIGKILL to service 'tombstoned' (pid 466) process group...
[   96.563853] libprocessgroup: Failed to write 1 to /sys/fs/cgroup/system/uid_1058/pid_466/cgroup.kill: No such file or directory
[   96.564619] init: Service 'adbd' (pid 3820) received SIGKILL
[   96.564884] init: Sending SIGKILL to service 'adbd' (pid 3820) process group...
[   96.565164] libprocessgroup: Failed to write 1 to /sys/fs/cgroup/system/uid_0/pid_3820/cgroup.kill: No such file or directory
[   96.566016] init: Untracked process (pid: 3879 name: (reboot) ppid: 1 pgrp: 3879 state: Z) received SIGHUP
[   96.566345] init: Untracked process (pid: 3879 name: (reboot) ppid: 1 pgrp: 3879 state: Z) did not have an associated service entry and will not be reaped
[   96.574933] init: sync() before umount...
[   96.640132] init: sync() before umount took65ms
[   96.640905] init: swapoff() start...
[   96.666909] init: swapoff() took 25ms
[   96.667245] zram0: detected capacity change from 5985560 to 0
[   96.747690] init: No zram backing device configured
[   96.747927] init: Ready to unmount apexes. So far shutdown sequence took 4802ms
[   96.776616] apexd: Started. subcommand = --unmount-all
[   96.777232] apexd-unmount-all: Populating APEX database from mounts...
[   96.778440] apexd-unmount-all: Found "/apex/com.android.virt@370399999" backed by file /system/apex/com.android.virt.apex
[   96.779191] apexd-unmount-all: Found "/apex/com.android.hardware.usb@1" backed by file /vendor/apex/com.android.hardware.usb.apex
[   96.779743] apexd-unmount-all: Found "/apex/com.android.hardware.security.authgraph@1" backed by file /vendor/apex/com.android.hardware.security.authgraph.apex
[   96.780342] apexd-unmount-all: Found "/apex/com.google.cf.vulkan@1" backed by file /vendor/apex/com.google.cf.vulkan.apex
[   96.780841] apexd-unmount-all: Found "/apex/com.android.telephonycore@370399999" backed by file /system/apex/com.android.telephonycore.apex
[   96.781287] apexd-unmount-all: Found "/apex/com.google.cf.bt@1" backed by file /vendor/apex/com.google.cf.bt.apex
[   96.781710] apexd-unmount-all: Found "/apex/com.android.hardware.security.secretkeeper@1" backed by file /vendor/apex/com.android.hardware.security.secretkeeper.apex
[   96.782282] apexd-unmount-all: Found "/apex/com.android.crashrecovery@370399999" backed by file /system/apex/com.android.crashrecovery.apex
[   96.782917] apexd-unmount-all: Found "/apex/com.android.hardware.rebootescrow@1" backed by file /vendor/apex/com.android.hardware.rebootescrow.apex
[   96.783501] apexd-unmount-all: Found "/apex/com.google.cf.input.config@1" backed by file /vendor/apex/com.google.cf.input.config.apex
[   96.783935] apexd-unmount-all: Found "/apex/com.android.hardware.thermal@1" backed by file /vendor/apex/com.android.hardware.thermal.apex
[   96.784846] apexd-unmount-all: Found "/apex/com.android.healthfitness@370399999" backed by file /system/apex/com.android.healthfitness.apex
[   96.785371] apexd-unmount-all: Found "/apex/com.android.hardware.biometrics.face.virtual@2" backed by file /system_ext/apex/com.android.hardware.biometrics.face.virtual.apex
[   96.785936] apexd-unmount-all: Found "/apex/com.android.media.swcodec@370399999" backed by file /system/apex/com.android.media.swcodec.apex
[   96.788241] apexd-unmount-all: Found "/apex/com.android.hardware.graphics.composer@1" backed by file /vendor/apex/com.android.hardware.graphics.composer.ranchu.apex
[   96.792598] apexd-unmount-all: Found "/apex/com.android.hardware.tetheroffload@1" backed by file /vendor/apex/com.android.hardware.tetheroffload.apex
[   96.793301] apexd-unmount-all: Found "/apex/com.android.conscrypt@370399999" backed by file /system/apex/com.android.conscrypt.apex
[   96.793883] apexd-unmount-all: Found "/apex/com.android.ipsec@370399999" backed by file /system/apex/com.android.ipsec.apex
[   96.794472] apexd-unmount-all: Found "/apex/com.android.appsearch@370399999" backed by file /system/apex/com.android.appsearch.apex
[   96.795033] apexd-unmount-all: Found "/apex/com.android.hardware.keymint@1" backed by file /vendor/apex/com.android.hardware.keymint.rust_nonsecure.apex
[   96.795974] apexd-unmount-all: Found "/apex/com.google.cf.nfc@1" backed by file /vendor/apex/com.google.cf.nfc.apex
[   96.796611] apexd-unmount-all: Found "/apex/com.google.cf.identity@1" backed by file /vendor/apex/com.google.cf.identity.apex
[   96.797054] apexd-unmount-all: Found "/apex/com.android.nfcservices@370399999" backed by file /system/apex/com.android.nfcservices.apex
[   96.797592] apexd-unmount-all: Found "/apex/com.android.hardware.vibrator@1" backed by file /vendor/apex/com.android.hardware.vibrator.apex
[   96.798171] apexd-unmount-all: Found "/apex/com.android.hardware.boot@1" backed by file /vendor/apex/com.android.hardware.boot.apex
[   96.798906] apexd-unmount-all: Found "/apex/com.android.ondevicepersonalization@370399999" backed by file /system/apex/com.android.ondevicepersonalization.apex
[   96.799520] apexd-unmount-all: Found "/apex/com.android.i18n@1" backed by file /system/apex/com.android.i18n.apex
[   96.799972] apexd-unmount-all: Found "/apex/com.android.scheduling@370399999" backed by file /system/apex/com.android.scheduling.apex
[   96.800571] apexd-unmount-all: Found "/apex/com.android.hardware.net.nlinterceptor@1" backed by file /vendor/apex/com.android.hardware.net.nlinterceptor.apex
[   96.801206] apexd-unmount-all: Found "/apex/com.android.vndk.v31@1" backed by file /system_ext/apex/com.android.vndk.v31.apex
[   96.801659] apexd-unmount-all: Found "/apex/com.google.cf.rild@1" backed by file /vendor/apex/com.google.cf.rild.apex
[   96.802056] apexd-unmount-all: Found "/apex/com.android.cellbroadcast@370399999" backed by file /system/apex/com.android.cellbroadcast.apex
[   96.802971] apexd-unmount-all: Found "/apex/com.android.hardware.contexthub@1" backed by file /vendor/apex/com.android.hardware.contexthub.apex
[   96.803410] apexd-unmount-all: Found "/apex/com.android.hardware.wifi@1" backed by file /vendor/apex/com.android.hardware.wifi.apex
[   96.803820] apexd-unmount-all: Found "/apex/com.android.hardware.neuralnetworks@1" backed by file /vendor/apex/com.android.hardware.neuralnetworks.apex
[   96.804446] apexd-unmount-all: Found "/apex/com.android.hardware.gnss@1" backed by file /vendor/apex/com.android.hardware.gnss.apex
[   96.804856] apexd-unmount-all: Found "/apex/com.google.emulated.camera.provider.hal@1" backed by file /vendor/apex/com.google.emulated.camera.provider.hal.apex
[   96.805401] apexd-unmount-all: Found "/apex/com.android.media@370399999" backed by file /system/apex/com.android.media.apex
[   96.805768] apexd-unmount-all: Found "/apex/com.android.resolv@370399999" backed by file /system/apex/com.android.resolv.apex
[   96.806245] apexd-unmount-all: Found "/apex/com.android.uwb@370399999" backed by file /system/apex/com.android.uwb.apex
[   96.806762] apexd-unmount-all: Found "/apex/com.android.configinfrastructure@370399999" backed by file /system/apex/com.android.configinfrastructure.apex
[   96.807498] apexd-unmount-all: Found "/apex/com.android.adbd@370399999" backed by file /system/apex/com.android.adbd.apex
[   96.807913] apexd-unmount-all: Found "/apex/com.android.hardware.biometrics.fingerprint.virtual@1" backed by file /system_ext/apex/com.android.hardware.biometrics.fingerprint.virtual.apex
[   96.808392] apexd-unmount-all: Found "/apex/com.android.sdkext@370399999" backed by file /system/apex/com.android.sdkext.apex
[   96.808753] apexd-unmount-all: Found "/apex/com.android.vndk.v34@1" backed by file /system_ext/apex/com.android.vndk.v34.apex
[   96.809297] apexd-unmount-all: Found "/apex/com.android.os.statsd@370399999" backed by file /system/apex/com.android.os.statsd.apex
[   96.809698] apexd-unmount-all: Found "/apex/com.google.cf.health@1" backed by file /vendor/apex/com.google.cf.health.apex
[   96.810102] apexd-unmount-all: Found "/apex/com.google.cf.wpa_supplicant@1" backed by file /vendor/apex/com.google.cf.wpa_supplicant.apex
[   96.810601] apexd-unmount-all: Found "/apex/com.android.extservices@370399999" backed by file /system/apex/com.android.extservices.apex
[   96.811057] apexd-unmount-all: Found "/apex/com.android.neuralnetworks@370399999" backed by file /system/apex/com.android.neuralnetworks.apex
[   96.811591] apexd-unmount-all: Found "/apex/com.android.hardware.threadnetwork@1" backed by file /vendor/apex/com.android.hardware.threadnetwork.apex
[   96.812073] apexd-unmount-all: Found "/apex/com.android.hardware.audio@1" backed by file /vendor/apex/com.android.hardware.audio.apex
[   96.812634] apexd-unmount-all: Found "/apex/com.android.wifi@370399999" backed by file /system/apex/com.android.wifi.apex
[   96.813604] apexd-unmount-all: Found "/apex/com.android.webapp@370399999" backed by file /system/apex/com.android.webapp.apex
[   96.814046] apexd-unmount-all: Found "/apex/com.android.apex.cts.shim@1" backed by file /system/apex/com.android.apex.cts.shim.apex
[   96.814703] apexd-unmount-all: Found "/apex/com.android.bt@370399999" backed by file /system/apex/com.android.bt.apex
[   96.815161] apexd-unmount-all: Found "/apex/com.android.npumanager@370399999" backed by file /system/apex/com.android.npumanager.apex
[   96.815608] apexd-unmount-all: Found "/apex/com.android.tethering@370399999" backed by file /system/apex/com.android.tethering.apex
[   96.816080] apexd-unmount-all: Found "/apex/com.android.hardware.cas@1" backed by file /vendor/apex/com.android.hardware.cas.apex
[   96.816491] apexd-unmount-all: Found "/apex/com.google.cf.confirmationui@1" backed by file /vendor/apex/com.google.cf.confirmationui.apex
[   96.816859] apexd-unmount-all: Found "/apex/com.android.hardware.uwb@1" backed by file /vendor/apex/com.android.hardware.uwb.apex
[   96.817309] apexd-unmount-all: Found "/apex/com.android.compos@370399999" backed by file /system_ext/apex/com.android.compos.apex
[   96.817737] apexd-unmount-all: Found "/apex/com.android.hardware.power@1" backed by file /vendor/apex/com.android.hardware.power.apex
[   96.818173] apexd-unmount-all: Found "/apex/com.android.hardware.drm.clearkey@1" backed by file /vendor/apex/com.android.hardware.drm.clearkey.apex
[   96.818885] apexd-unmount-all: Found "/apex/com.android.art@370399999" backed by file /system/apex/com.android.art.apex
[   96.819402] apexd-unmount-all: Found "/apex/com.android.devicelock@1" backed by file /system/apex/com.android.devicelock.apex
[   96.819775] apexd-unmount-all: Found "/apex/com.android.uprobestats@370399999" backed by file /system/apex/com.android.uprobestats.apex
[   96.820151] apexd-unmount-all: Found "/apex/com.android.permission@370399999" backed by file /system/apex/com.android.permission.apex
[   96.820593] apexd-unmount-all: Found "/apex/com.android.vndk.v32@1" backed by file /system_ext/apex/com.android.vndk.v32.apex
[   96.820988] apexd-unmount-all: Found "/apex/com.android.rkpd@370399999" backed by file /system/apex/com.android.rkpd.apex
[   96.821409] apexd-unmount-all: Found "/apex/com.android.runtime@1" backed by file /system/apex/com.android.runtime.apex
[   96.821804] apexd-unmount-all: Found "/apex/com.google.cf.oemlock@1" backed by file /vendor/apex/com.google.cf.oemlock.apex
[   96.822221] apexd-unmount-all: Found "/apex/com.android.hardware.gatekeeper@1" backed by file /vendor/apex/com.android.hardware.gatekeeper.nonsecure.apex
[   96.822733] apexd-unmount-all: Found "/apex/com.android.tzdata@370399999" backed by file /system/apex/com.android.tzdata.apex
[   96.823172] apexd-unmount-all: Found "/apex/com.android.hardware.secure_element@1" backed by file /vendor/apex/com.android.hardware.secure_element.apex
[   96.824174] apexd-unmount-all: Found "/apex/com.google.cf.light@1" backed by file /vendor/apex/com.google.cf.light.apex
[   96.824576] apexd-unmount-all: Found "/apex/com.android.mediaprovider@370399999" backed by file /system/apex/com.android.mediaprovider.apex
[   96.824971] apexd-unmount-all: Found "/apex/com.google.cf.wifi@1" backed by file /vendor/apex/com.google.cf.wifi.apex
[   96.825330] apexd-unmount-all: Found "/apex/com.google.cf.gralloc@1" backed by file /vendor/apex/com.google.cf.gralloc.apex
[   96.825697] apexd-unmount-all: Found "/apex/com.android.adservices@370399999" backed by file /system/apex/com.android.adservices.apex
[   96.826142] apexd-unmount-all: Found "/apex/com.android.hardware.input.processor@1" backed by file /vendor/apex/com.android.hardware.input.processor.apex
[   96.826687] apexd-unmount-all: Found "/apex/com.android.hardware.dumpstate@1" backed by file /vendor/apex/com.android.hardware.dumpstate.apex
[   96.827118] apexd-unmount-all: Found "/apex/com.android.hardware.authsecret@1" backed by file /vendor/apex/com.android.hardware.authsecret.apex
[   96.827572] apexd-unmount-all: Found "/apex/com.android.hardware.ir@1" backed by file /vendor/apex/com.google.cf.ir.apex
[   96.828001] apexd-unmount-all: Found "/apex/com.android.hardware.memtrack@1" backed by file /vendor/apex/com.android.hardware.memtrack.apex
[   96.828470] apexd-unmount-all: Found "/apex/com.android.profiling@370399999" backed by file /system/apex/com.android.profiling.apex
[   96.828877] apexd-unmount-all: Found "/apex/com.android.vndk.v33@1" backed by file /system_ext/apex/com.android.vndk.v33.apex
[   96.829329] apexd-unmount-all: 87 packages restored.
[   96.829520] apexd-unmount-all: Unmounting /system/apex/com.android.adbd.apex mounted on /apex/com.android.adbd@370399999
[   96.831486] apexd-unmount-all: Unmounting /system/apex/com.android.adservices.apex mounted on /apex/com.android.adservices@370399999
[   96.832588] apexd-unmount-all: Unmounting /system/apex/com.android.apex.cts.shim.apex mounted on /apex/com.android.apex.cts.shim@1
[   96.833747] apexd-unmount-all: Unmounting /system/apex/com.android.appsearch.apex mounted on /apex/com.android.appsearch@370399999
[   96.834945] apexd-unmount-all: Unmounting /system/apex/com.android.art.apex mounted on /apex/com.android.art@370399999
[   96.836239] apexd-unmount-all: Unmounting /system/apex/com.android.bt.apex mounted on /apex/com.android.bt@370399999
[   96.837285] apexd-unmount-all: Unmounting /system/apex/com.android.cellbroadcast.apex mounted on /apex/com.android.cellbroadcast@370399999
[   96.838516] apexd-unmount-all: Unmounting /system_ext/apex/com.android.compos.apex mounted on /apex/com.android.compos@370399999
[   96.841662] apexd-unmount-all: Unmounting /system/apex/com.android.configinfrastructure.apex mounted on /apex/com.android.configinfrastructure@370399999
[   96.842929] apexd-unmount-all: Unmounting /system/apex/com.android.conscrypt.apex mounted on /apex/com.android.conscrypt@370399999
[   96.844094] apexd-unmount-all: Unmounting /system/apex/com.android.crashrecovery.apex mounted on /apex/com.android.crashrecovery@370399999
[   96.845288] apexd-unmount-all: Unmounting /system/apex/com.android.devicelock.apex mounted on /apex/com.android.devicelock@1
[   96.846594] apexd-unmount-all: Unmounting /system/apex/com.android.extservices.apex mounted on /apex/com.android.extservices@370399999
[   96.847820] apexd-unmount-all: Unmounting /vendor/apex/com.android.hardware.audio.apex mounted on /apex/com.android.hardware.audio@1
[   96.849223] apexd-unmount-all: Unmounting /vendor/apex/com.android.hardware.authsecret.apex mounted on /apex/com.android.hardware.authsecret@1
[   96.850487] apexd-unmount-all: Unmounting /system_ext/apex/com.android.hardware.biometrics.face.virtual.apex mounted on /apex/com.android.hardware.biometrics.face.virtual@2
[   96.851872] apexd-unmount-all: Unmounting /system_ext/apex/com.android.hardware.biometrics.fingerprint.virtual.apex mounted on /apex/com.android.hardware.biometrics.fingerprint.virtual@1
[   96.853156] apexd-unmount-all: Unmounting /vendor/apex/com.android.hardware.boot.apex mounted on /apex/com.android.hardware.boot@1
[   96.854458] apexd-unmount-all: Unmounting /vendor/apex/com.android.hardware.cas.apex mounted on /apex/com.android.hardware.cas@1
[   96.855654] apexd-unmount-all: Unmounting /vendor/apex/com.android.hardware.contexthub.apex mounted on /apex/com.android.hardware.contexthub@1
[   96.856829] apexd-unmount-all: Unmounting /vendor/apex/com.android.hardware.drm.clearkey.apex mounted on /apex/com.android.hardware.drm.clearkey@1
[   96.857983] apexd-unmount-all: Unmounting /vendor/apex/com.android.hardware.dumpstate.apex mounted on /apex/com.android.hardware.dumpstate@1
[   96.859175] apexd-unmount-all: Unmounting /vendor/apex/com.android.hardware.gatekeeper.nonsecure.apex mounted on /apex/com.android.hardware.gatekeeper@1
[   96.860487] apexd-unmount-all: Unmounting /vendor/apex/com.android.hardware.gnss.apex mounted on /apex/com.android.hardware.gnss@1
[   96.861550] apexd-unmount-all: Unmounting /vendor/apex/com.android.hardware.graphics.composer.ranchu.apex mounted on /apex/com.android.hardware.graphics.composer@1
[   96.862904] apexd-unmount-all: Unmounting /vendor/apex/com.android.hardware.input.processor.apex mounted on /apex/com.android.hardware.input.processor@1
[   96.864001] apexd-unmount-all: Unmounting /vendor/apex/com.google.cf.ir.apex mounted on /apex/com.android.hardware.ir@1
[   96.865167] apexd-unmount-all: Unmounting /vendor/apex/com.android.hardware.keymint.rust_nonsecure.apex mounted on /apex/com.android.hardware.keymint@1
[   96.866308] apexd-unmount-all: Unmounting /vendor/apex/com.android.hardware.memtrack.apex mounted on /apex/com.android.hardware.memtrack@1
[   96.867385] apexd-unmount-all: Unmounting /vendor/apex/com.android.hardware.net.nlinterceptor.apex mounted on /apex/com.android.hardware.net.nlinterceptor@1
[   96.868651] apexd-unmount-all: Unmounting /vendor/apex/com.android.hardware.neuralnetworks.apex mounted on /apex/com.android.hardware.neuralnetworks@1
[   96.869736] apexd-unmount-all: Unmounting /vendor/apex/com.android.hardware.power.apex mounted on /apex/com.android.hardware.power@1
[   96.871011] apexd-unmount-all: Unmounting /vendor/apex/com.android.hardware.rebootescrow.apex mounted on /apex/com.android.hardware.rebootescrow@1
[   96.872155] apexd-unmount-all: Unmounting /vendor/apex/com.android.hardware.secure_element.apex mounted on /apex/com.android.hardware.secure_element@1
[   96.875919] apexd-unmount-all: Unmounting /vendor/apex/com.android.hardware.security.authgraph.apex mounted on /apex/com.android.hardware.security.authgraph@1
[   96.877957] apexd-unmount-all: Unmounting /vendor/apex/com.android.hardware.security.secretkeeper.apex mounted on /apex/com.android.hardware.security.secretkeeper@1
[   96.880600] apexd-unmount-all: Unmounting /vendor/apex/com.android.hardware.tetheroffload.apex mounted on /apex/com.android.hardware.tetheroffload@1
[   96.882855] apexd-unmount-all: Unmounting /vendor/apex/com.android.hardware.thermal.apex mounted on /apex/com.android.hardware.thermal@1
[   96.884076] apexd-unmount-all: Unmounting /vendor/apex/com.android.hardware.threadnetwork.apex mounted on /apex/com.android.hardware.threadnetwork@1
[   96.886094] apexd-unmount-all: Unmounting /vendor/apex/com.android.hardware.usb.apex mounted on /apex/com.android.hardware.usb@1
[   96.891357] apexd-unmount-all: Unmounting /vendor/apex/com.android.hardware.uwb.apex mounted on /apex/com.android.hardware.uwb@1
[   96.895857] apexd-unmount-all: Unmounting /vendor/apex/com.android.hardware.vibrator.apex mounted on /apex/com.android.hardware.vibrator@1
[   96.897090] EXT4-fs unmount: 25 callbacks suppressed
[   96.897109] EXT4-fs (loop10): unmounting filesystem 7d1522e1-9dfa-5edb-a43e-98e3a4d20250.
[   96.897978] apexd-unmount-all: Unmounting /vendor/apex/com.android.hardware.wifi.apex mounted on /apex/com.android.hardware.wifi@1
[   96.899879] EXT4-fs (loop16): unmounting filesystem 7d1522e1-9dfa-5edb-a43e-98e3a4d20250.
[   96.901389] apexd-unmount-all: Unmounting /system/apex/com.android.healthfitness.apex mounted on /apex/com.android.healthfitness@370399999
[   96.902365] EXT4-fs (loop78): unmounting filesystem 7d1522e1-9dfa-5edb-a43e-98e3a4d20250.
[   96.903787] apexd-unmount-all: Unmounting /system/apex/com.android.i18n.apex mounted on /apex/com.android.i18n@1
[   96.904941] EXT4-fs (loop76): unmounting filesystem 7d1522e1-9dfa-5edb-a43e-98e3a4d20250.
[   96.905471] apexd-unmount-all: Unmounting /system/apex/com.android.ipsec.apex mounted on /apex/com.android.ipsec@370399999
[   96.906486] EXT4-fs (loop79): unmounting filesystem 7d1522e1-9dfa-5edb-a43e-98e3a4d20250.
[   96.909149] apexd-unmount-all: Unmounting /system/apex/com.android.media.apex mounted on /apex/com.android.media@370399999
[   96.912748] apexd-unmount-all: Unmounting /system/apex/com.android.media.swcodec.apex mounted on /apex/com.android.media.swcodec@370399999
[   96.914126] apexd-unmount-all: Unmounting /system/apex/com.android.mediaprovider.apex mounted on /apex/com.android.mediaprovider@370399999
[   96.916101] apexd-unmount-all: Unmounting /system/apex/com.android.neuralnetworks.apex mounted on /apex/com.android.neuralnetworks@370399999
[   96.916513] EXT4-fs (loop77): unmounting filesystem 7d1522e1-9dfa-5edb-a43e-98e3a4d20250.
[   96.917944] apexd-unmount-all: Unmounting /system/apex/com.android.nfcservices.apex mounted on /apex/com.android.nfcservices@370399999
[   96.918006] EXT4-fs (loop13): unmounting filesystem 7d1522e1-9dfa-5edb-a43e-98e3a4d20250.
[   96.922425] apexd-unmount-all: Unmounting /system/apex/com.android.npumanager.apex mounted on /apex/com.android.npumanager@370399999
[   96.924010] apexd-unmount-all: Unmounting /system/apex/com.android.ondevicepersonalization.apex mounted on /apex/com.android.ondevicepersonalization@370399999
[   96.924353] EXT4-fs (loop51): unmounting filesystem 7d1522e1-9dfa-5edb-a43e-98e3a4d20250.
[   96.930711] apexd-unmount-all: Unmounting /system/apex/com.android.os.statsd.apex mounted on /apex/com.android.os.statsd@370399999
[   96.932594] apexd-unmount-all: Unmounting /system/apex/com.android.permission.apex mounted on /apex/com.android.permission@370399999
[   96.937908] apexd-unmount-all: Unmounting /system/apex/com.android.profiling.apex mounted on /apex/com.android.profiling@370399999
[   96.939440] apexd-unmount-all: Unmounting /system/apex/com.android.resolv.apex mounted on /apex/com.android.resolv@370399999
[   96.941247] apexd-unmount-all: Unmounting /system/apex/com.android.rkpd.apex mounted on /apex/com.android.rkpd@370399999
[   96.942766] apexd-unmount-all: Unmounting /system/apex/com.android.runtime.apex mounted on /apex/com.android.runtime@1
[   96.944300] apexd-unmount-all: Unmounting /system/apex/com.android.scheduling.apex mounted on /apex/com.android.scheduling@370399999
[   96.945710] apexd-unmount-all: Unmounting /system/apex/com.android.sdkext.apex mounted on /apex/com.android.sdkext@370399999
[   96.946636] EXT4-fs (loop43): unmounting filesystem 7d1522e1-9dfa-5edb-a43e-98e3a4d20250.
[   96.947689] apexd-unmount-all: Unmounting /system/apex/com.android.telephonycore.apex mounted on /apex/com.android.telephonycore@370399999
[   96.951707] EXT4-fs (loop70): unmounting filesystem 7d1522e1-9dfa-5edb-a43e-98e3a4d20250.
[   96.952402] EXT4-fs (loop25): unmounting filesystem 7d1522e1-9dfa-5edb-a43e-98e3a4d20250.
[   96.954739] apexd-unmount-all: Unmounting /system/apex/com.android.tethering.apex mounted on /apex/com.android.tethering@370399999
[   96.957544] apexd-unmount-all: Unmounting /system/apex/com.android.tzdata.apex mounted on /apex/com.android.tzdata@370399999
[   96.958997] apexd-unmount-all: Unmounting /system/apex/com.android.uprobestats.apex mounted on /apex/com.android.uprobestats@370399999
[   96.960986] apexd-unmount-all: Unmounting /system/apex/com.android.uwb.apex mounted on /apex/com.android.uwb@370399999
[   96.962665] apexd-unmount-all: Unmounting /system/apex/com.android.virt.apex mounted on /apex/com.android.virt@370399999
[   96.963747] EXT4-fs (loop60): unmounting filesystem 7d1522e1-9dfa-5edb-a43e-98e3a4d20250.
[   96.969028] EXT4-fs (loop86): unmounting filesystem 7d1522e1-9dfa-5edb-a43e-98e3a4d20250.
[   96.972856] apexd-unmount-all: Unmounting /system_ext/apex/com.android.vndk.v31.apex mounted on /apex/com.android.vndk.v31@1
[   96.973829] EXT4-fs (loop81): unmounting filesystem 7d1522e1-9dfa-5edb-a43e-98e3a4d20250.
[   96.975162] EXT4-fs (loop15): unmounting filesystem 7d1522e1-9dfa-5edb-a43e-98e3a4d20250.
[   96.975616] apexd-unmount-all: Unmounting /system_ext/apex/com.android.vndk.v32.apex mounted on /apex/com.android.vndk.v32@1
[   96.977693] EXT4-fs (loop20): unmounting filesystem 7d1522e1-9dfa-5edb-a43e-98e3a4d20250.
[   96.978062] apexd-unmount-all: Unmounting /system_ext/apex/com.android.vndk.v33.apex mounted on /apex/com.android.vndk.v33@1
[   96.979991] apexd-unmount-all: Unmounting /system_ext/apex/com.android.vndk.v34.apex mounted on /apex/com.android.vndk.v34@1
[   96.980240] EXT4-fs (loop47): unmounting filesystem 7d1522e1-9dfa-5edb-a43e-98e3a4d20250.
[   96.982926] apexd-unmount-all: Unmounting /system/apex/com.android.webapp.apex mounted on /apex/com.android.webapp@370399999
[   96.984668] apexd-unmount-all: Unmounting /system/apex/com.android.wifi.apex mounted on /apex/com.android.wifi@370399999
[   96.986019] apexd-unmount-all: Unmounting /vendor/apex/com.google.cf.bt.apex mounted on /apex/com.google.cf.bt@1
[   96.987007] EXT4-fs (loop53): unmounting filesystem 7d1522e1-9dfa-5edb-a43e-98e3a4d20250.
[   96.989212] EXT4-fs (loop11): unmounting filesystem 7d1522e1-9dfa-5edb-a43e-98e3a4d20250.
[   96.992145] EXT4-fs (loop83): unmounting filesystem 7d1522e1-9dfa-5edb-a43e-98e3a4d20250.
[   96.995123] apexd-unmount-all: Unmounting /vendor/apex/com.google.cf.confirmationui.apex mounted on /apex/com.google.cf.confirmationui@1
[   96.997536] apexd-unmount-all: Unmounting /vendor/apex/com.google.cf.gralloc.apex mounted on /apex/com.google.cf.gralloc@1
[   96.999901] apexd-unmount-all: Unmounting /vendor/apex/com.google.cf.health.apex mounted on /apex/com.google.cf.health@1
[   97.003925] apexd-unmount-all: Unmounting /vendor/apex/com.google.cf.identity.apex mounted on /apex/com.google.cf.identity@1
[   97.006208] EXT4-fs (loop62): unmounting filesystem 7d1522e1-9dfa-5edb-a43e-98e3a4d20250.
[   97.007314] EXT4-fs (loop39): unmounting filesystem 7d1522e1-9dfa-5edb-a43e-98e3a4d20250.
[   97.008394] EXT4-fs (loop30): unmounting filesystem 7d1522e1-9dfa-5edb-a43e-98e3a4d20250.
[   97.009654] EXT4-fs (loop5): unmounting filesystem 7d1522e1-9dfa-5edb-a43e-98e3a4d20250.
[   97.009733] EXT4-fs (loop19): unmounting filesystem 7d1522e1-9dfa-5edb-a43e-98e3a4d20250.
[   97.010981] apexd-unmount-all: Unmounting /vendor/apex/com.google.cf.input.config.apex mounted on /apex/com.google.cf.input.config@1
[   97.011857] EXT4-fs (loop64): unmounting filesystem 7d1522e1-9dfa-5edb-a43e-98e3a4d20250.
[   97.013350] EXT4-fs (loop4): unmounting filesystem 7d1522e1-9dfa-5edb-a43e-98e3a4d20250.
[   97.014595] apexd-unmount-all: Unmounting /vendor/apex/com.google.cf.light.apex mounted on /apex/com.google.cf.light@1
[   97.015911] apexd-unmount-all: Unmounting /vendor/apex/com.google.cf.nfc.apex mounted on /apex/com.google.cf.nfc@1
[   97.021386] EXT4-fs (loop33): unmounting filesystem 7d1522e1-9dfa-5edb-a43e-98e3a4d20250.
[   97.022233] apexd-unmount-all: Unmounting /vendor/apex/com.google.cf.oemlock.apex mounted on /apex/com.google.cf.oemlock@1
[   97.023373] EXT4-fs (loop54): unmounting filesystem 7d1522e1-9dfa-5edb-a43e-98e3a4d20250.
[   97.024421] apexd-unmount-all: Unmounting /vendor/apex/com.google.cf.rild.apex mounted on /apex/com.google.cf.rild@1
[   97.025042] EXT4-fs (loop24): unmounting filesystem 7d1522e1-9dfa-5edb-a43e-98e3a4d20250.
[   97.028108] EXT4-fs (loop38): unmounting filesystem 7d1522e1-9dfa-5edb-a43e-98e3a4d20250.
[   97.029649] apexd-unmount-all: Unmounting /vendor/apex/com.google.cf.vulkan.apex mounted on /apex/com.google.cf.vulkan@1
[   97.032052] EXT4-fs (loop18): unmounting filesystem 7d1522e1-9dfa-5edb-a43e-98e3a4d20250.
[   97.033834] EXT4-fs (loop0): unmounting filesystem 7d1522e1-9dfa-5edb-a43e-98e3a4d20250.
[   97.034986] EXT4-fs (loop34): unmounting filesystem 7d1522e1-9dfa-5edb-a43e-98e3a4d20250.
[   97.036397] apexd-unmount-all: Unmounting /vendor/apex/com.google.cf.wifi.apex mounted on /apex/com.google.cf.wifi@1
[   97.038997] EXT4-fs (loop52): unmounting filesystem 7d1522e1-9dfa-5edb-a43e-98e3a4d20250.
[   97.040058] apexd-unmount-all: Unmounting /vendor/apex/com.google.cf.wpa_supplicant.apex mounted on /apex/com.google.cf.wpa_supplicant@1
[   97.042526] EXT4-fs (loop45): unmounting filesystem 7d1522e1-9dfa-5edb-a43e-98e3a4d20250.
[   97.044193] apexd-unmount-all: Unmounting /vendor/apex/com.google.emulated.camera.provider.hal.apex mounted on /apex/com.google.emulated.camera.provider.hal@1
[   97.045727] EXT4-fs (loop74): unmounting filesystem 7d1522e1-9dfa-5edb-a43e-98e3a4d20250.
[   97.048564] EXT4-fs (loop69): unmounting filesystem 7d1522e1-9dfa-5edb-a43e-98e3a4d20250.
[   97.055063] EXT4-fs (loop57): unmounting filesystem 7d1522e1-9dfa-5edb-a43e-98e3a4d20250.
[   97.058768] init: Shutdown service: ueventd
[   97.058993] init: Sending SIGTERM to service 'ueventd' (pid 103) process group...
[   97.059635] libprocessgroup: Still waiting on process(es) to exit for cgroup /sys/fs/cgroup/system/uid_0/pid_103 after 0 ms
[   97.060060] libprocessgroup: Unable to remove cgroup /sys/fs/cgroup/system/uid_0/pid_103: Device or resource busy
[   97.061006] init: Shutdown service: console
[   97.061213] init: Shutdown service: blank_screen
[   97.061483] init: Shutdown service: bootanim
[   97.063420] init: Shutdown service: logd
[   97.063608] init: Shutdown service: servicemanager
[   97.063815] init: Sending SIGTERM to service 'servicemanager' (pid 397) process group...
[   97.064176] EXT4-fs (loop2): unmounting filesystem 7d1522e1-9dfa-5edb-a43e-98e3a4d20250.
[   97.064915] EXT4-fs (loop75): unmounting filesystem 7d1522e1-9dfa-5edb-a43e-98e3a4d20250.
[   97.065763] libprocessgroup: Still waiting on process(es) to exit for cgroup /sys/fs/cgroup/system/uid_1000/pid_397 after 0 ms
[   97.066320] libprocessgroup: Unable to remove cgroup /sys/fs/cgroup/system/uid_1000/pid_397: Device or resource busy
[   97.066380] EXT4-fs (loop37): unmounting filesystem 7d1522e1-9dfa-5edb-a43e-98e3a4d20250.
[   97.068217] EXT4-fs (loop40): unmounting filesystem 7d1522e1-9dfa-5edb-a43e-98e3a4d20250.
[   97.068897] init: Shutdown service: surfaceflinger
[   97.069143] init: Shutdown service: tombstoned
[   97.069420] init: Shutdown service: vold
[   97.069598] init: Shutdown service: hwservicemanager
[   97.069884] EXT4-fs (loop31): unmounting filesystem 7d1522e1-9dfa-5edb-a43e-98e3a4d20250.
[   97.071768] EXT4-fs (loop85): unmounting filesystem 7d1522e1-9dfa-5edb-a43e-98e3a4d20250.
[   97.072624] init: Sending SIGTERM to service 'hwservicemanager' (pid 3890) process group...
[   97.072758] EXT4-fs (loop63): unmounting filesystem 7d1522e1-9dfa-5edb-a43e-98e3a4d20250.
[   97.073735] EXT4-fs (loop6): unmounting filesystem 7d1522e1-9dfa-5edb-a43e-98e3a4d20250.
[   97.074625] libprocessgroup: Still waiting on process(es) to exit for cgroup /sys/fs/cgroup/system/uid_1000/pid_3890 after 0 ms
[   97.076365] libprocessgroup: Unable to remove cgroup /sys/fs/cgroup/system/uid_1000/pid_3890: Device or resource busy
[   97.079358] init: Shutdown service: adbd
[   97.079585] init: Shutdown service: vendor.hwcomposer-3
[   97.079799] init: Shutdown service: vendor.graphics.allocator
[   97.080056] init: Shutdown service: vendor.light-cuttlefish
[   97.080206] EXT4-fs (loop71): unmounting filesystem 7d1522e1-9dfa-5edb-a43e-98e3a4d20250.
[   97.080476] init: Sending SIGTERM to service 'vendor.light-cuttlefish' (pid 672) process group...
[   97.080966] EXT4-fs (loop46): unmounting filesystem 7d1522e1-9dfa-5edb-a43e-98e3a4d20250.
[   97.082768] EXT4-fs (loop12): unmounting filesystem 7d1522e1-9dfa-5edb-a43e-98e3a4d20250.
[   97.085526] libprocessgroup: Removed cgroup /sys/fs/cgroup/system/uid_9999/pid_672
[   97.086241] init: Remaining userspace processes except init: 
[   97.089194] EXT4-fs (loop26): unmounting filesystem 7d1522e1-9dfa-5edb-a43e-98e3a4d20250.
[   97.093425] init: pid: 103 name: (ueventd) ppid: 1 pgrp: 103 state: Z
[   97.094076] EXT4-fs (loop27): unmounting filesystem 7d1522e1-9dfa-5edb-a43e-98e3a4d20250.
[   97.096889] init: pid: 397 name: (servicemanager) ppid: 1 pgrp: 397 state: Z
[   97.098763] init: pid: 672 name: (android.hardwar) ppid: 1 pgrp: 672 state: Z
[   97.099195] init: pid: 832 name: (system_server) ppid: 1 pgrp: 596 state: Z
[   97.100655] EXT4-fs (loop82): unmounting filesystem 7d1522e1-9dfa-5edb-a43e-98e3a4d20250.
[   97.101195] init: pid: 3890 name: (hwservicemanage) ppid: 1 pgrp: 3890 state: Z
[   97.101558] EXT4-fs (loop67): unmounting filesystem 7d1522e1-9dfa-5edb-a43e-98e3a4d20250.
[   97.103176] EXT4-fs (loop28): unmounting filesystem 7d1522e1-9dfa-5edb-a43e-98e3a4d20250.
[   97.103883] sysrq: Terminate All Tasks
[   97.104145] init: Service 'ueventd' (pid 103) received SIGTERM
[   97.104514] init: Sending SIGKILL to service 'ueventd' (pid 103) process group...
[   97.108326] libprocessgroup: Removed cgroup /sys/fs/cgroup/system/uid_0/pid_103
[   97.109411] init: Service 'servicemanager' (pid 397) received SIGTERM
[   97.110656] init: Sending SIGKILL to service 'servicemanager' (pid 397) process group...
[   97.110763] EXT4-fs (loop36): unmounting filesystem 7d1522e1-9dfa-5edb-a43e-98e3a4d20250.
[   97.111580] libprocessgroup: Removed cgroup /sys/fs/cgroup/system/uid_1000/pid_397
[   97.111666] EXT4-fs (loop49): unmounting filesystem 7d1522e1-9dfa-5edb-a43e-98e3a4d20250.
[   97.112418] init: Service 'vendor.light-cuttlefish' (pid 672) received SIGTERM
[   97.113214] init: Sending SIGKILL to service 'vendor.light-cuttlefish' (pid 672) process group...
[   97.113333] EXT4-fs (loop41): unmounting filesystem 7d1522e1-9dfa-5edb-a43e-98e3a4d20250.
[   97.114017] libprocessgroup: Failed to write 1 to /sys/fs/cgroup/system/uid_9999/pid_672/cgroup.kill: No such file or directory
[   97.115743] EXT4-fs (loop8): unmounting filesystem 7d1522e1-9dfa-5edb-a43e-98e3a4d20250.
[   97.116332] init: Service 'hwservicemanager' (pid 3890) received SIGTERM
[   97.117462] init: Sending SIGKILL to service 'hwservicemanager' (pid 3890) process group...
[   97.118119] EXT4-fs (loop17): unmounting filesystem 7d1522e1-9dfa-5edb-a43e-98e3a4d20250.
[   97.118128] libprocessgroup: Removed cgroup /sys/fs/cgroup/system/uid_1000/pid_3890
[   97.119896] init: Unmounting /dev/block/dm-17:/data_mirror/data_ce/null/0 opts rw,lazytime,seclabel,nosuid,nodev,noatime,background_gc=on,nogc_merge,discard,discard_unit=block,user_xattr,inline_xattr,acl,inline_data,inline_dentry,flush_merge,barrier,extent_cache,mode=adaptive,active_logs=6,reserve_root=32768,reserve_node=0,resuid=0,resgid=0,usrquota,grpquota,prjquota,inlinecrypt,alloc_mode=reuse,checkpoint_merge,fsync_mode=posix,compress_algorithm=lz4,compress_log_size=2,compress_mode=fs,memory=normal,errors=continue,lookup_mode=perf
[   97.123690] init: Umounted /dev/block/dm-17:/data_mirror/data_ce/null/0 opts rw,lazytime,seclabel,nosuid,nodev,noatime,background_gc=on,nogc_merge,discard,discard_unit=block,user_xattr,inline_xattr,acl,inline_data,inline_dentry,flush_merge,barrier,extent_cache,mode=adaptive,active_logs=6,reserve_root=32768,reserve_node=0,resuid=0,resgid=0,usrquota,grpquota,prjquota,inlinecrypt,alloc_mode=reuse,checkpoint_merge,fsync_mode=posix,compress_algorithm=lz4,compress_log_size=2,compress_mode=fs,memory=normal,errors=continue,lookup_mode=perf
[   97.126078] EXT4-fs (loop72): unmounting filesystem 7d1522e1-9dfa-5edb-a43e-98e3a4d20250.
[   97.126444] init: Unmounting /dev/block/dm-17:/data/user/0 opts rw,lazytime,seclabel,nosuid,nodev,noatime,background_gc=on,nogc_merge,discard,discard_unit=block,user_xattr,inline_xattr,acl,inline_data,inline_dentry,flush_merge,barrier,extent_cache,mode=adaptive,active_logs=6,reserve_root=32768,reserve_node=0,resuid=0,resgid=0,usrquota,grpquota,prjquota,inlinecrypt,alloc_mode=reuse,checkpoint_merge,fsync_mode=posix,compress_algorithm=lz4,compress_log_size=2,compress_mode=fs,memory=normal,errors=continue,lookup_mode=perf
[   97.128427] init: Cannot umount /dev/block/dm-17:/data/user/0 opts rw,lazytime,seclabel,nosuid,nodev,noatime,background_gc=on,nogc_merge,discard,discard_unit=block,user_xattr,inline_xattr,acl,inline_data,inline_dentry,flush_merge,barrier,extent_cache,mode=adaptive,active_logs=6,reserve_root=32768,reserve_node=0,resuid=0,resgid=0,usrquota,grpquota,prjquota,inlinecrypt,alloc_mode=reuse,checkpoint_merge,fsync_mode=posix,compress_algorithm=lz4,compress_log_size=2,compress_mode=fs,memory=normal,errors=continue,lookup_mode=perf: Invalid argument
[   97.130735] EXT4-fs (loop66): unmounting filesystem 7d1522e1-9dfa-5edb-a43e-98e3a4d20250.
[   97.131430] init: Unmounting /dev/block/dm-17:/data_mirror/ref_profiles opts rw,lazytime,seclabel,nosuid,nodev,noatime,background_gc=on,nogc_merge,discard,discard_unit=block,user_xattr,inline_xattr,acl,inline_data,inline_dentry,flush_merge,barrier,extent_cache,mode=adaptive,active_logs=6,reserve_root=32768,reserve_node=0,resuid=0,resgid=0,usrquota,grpquota,prjquota,inlinecrypt,alloc_mode=reuse,checkpoint_merge,fsync_mode=posix,compress_algorithm=lz4,compress_log_size=2,compress_mode=fs,memory=normal,errors=continue,lookup_mode=perf
[   97.138293] init: Umounted /dev/block/dm-17:/data_mirror/ref_profiles opts rw,lazytime,seclabel,nosuid,nodev,noatime,background_gc=on,nogc_merge,discard,discard_unit=block,user_xattr,inline_xattr,acl,inline_data,inline_dentry,flush_merge,barrier,extent_cache,mode=adaptive,active_logs=6,reserve_root=32768,reserve_node=0,resuid=0,resgid=0,usrquota,grpquota,prjquota,inlinecrypt,alloc_mode=reuse,checkpoint_merge,fsync_mode=posix,compress_algorithm=lz4,compress_log_size=2,compress_mode=fs,memory=normal,errors=continue,lookup_mode=perf
[   97.139033] EXT4-fs (loop55): unmounting filesystem 7d1522e1-9dfa-5edb-a43e-98e3a4d20250.
[   97.140589] init: Unmounting /dev/block/dm-17:/data_mirror/cur_profiles opts rw,lazytime,seclabel,nosuid,nodev,noatime,background_gc=on,nogc_merge,discard,discard_unit=block,user_xattr,inline_xattr,acl,inline_data,inline_dentry,flush_merge,barrier,extent_cache,mode=adaptive,active_logs=6,reserve_root=32768,reserve_node=0,resuid=0,resgid=0,usrquota,grpquota,prjquota,inlinecrypt,alloc_mode=reuse,checkpoint_merge,fsync_mode=posix,compress_algorithm=lz4,compress_log_size=2,compress_mode=fs,memory=normal,errors=continue,lookup_mode=perf
[   97.148294] init: Umounted /dev/block/dm-17:/data_mirror/cur_profiles opts rw,lazytime,seclabel,nosuid,nodev,noatime,background_gc=on,nogc_merge,discard,discard_unit=block,user_xattr,inline_xattr,acl,inline_data,inline_dentry,flush_merge,barrier,extent_cache,mode=adaptive,active_logs=6,reserve_root=32768,reserve_node=0,resuid=0,resgid=0,usrquota,grpquota,prjquota,inlinecrypt,alloc_mode=reuse,checkpoint_merge,fsync_mode=posix,compress_algorithm=lz4,compress_log_size=2,compress_mode=fs,memory=normal,errors=continue,lookup_mode=perf
[   97.149671] init: Unmounting /dev/block/dm-17:/data_mirror/storage_area opts rw,lazytime,seclabel,nosuid,nodev,noatime,background_gc=on,nogc_merge,discard,discard_unit=block,user_xattr,inline_xattr,acl,inline_data,inline_dentry,flush_merge,barrier,extent_cache,mode=adaptive,active_logs=6,reserve_root=32768,reserve_node=0,resuid=0,resgid=0,usrquota,grpquota,prjquota,inlinecrypt,alloc_mode=reuse,checkpoint_merge,fsync_mode=posix,compress_algorithm=lz4,compress_log_size=2,compress_mode=fs,memory=normal,errors=continue,lookup_mode=perf
[   97.152232] init: Umounted /dev/block/dm-17:/data_mirror/storage_area opts rw,lazytime,seclabel,nosuid,nodev,noatime,background_gc=on,nogc_merge,discard,discard_unit=block,user_xattr,inline_xattr,acl,inline_data,inline_dentry,flush_merge,barrier,extent_cache,mode=adaptive,active_logs=6,reserve_root=32768,reserve_node=0,resuid=0,resgid=0,usrquota,grpquota,prjquota,inlinecrypt,alloc_mode=reuse,checkpoint_merge,fsync_mode=posix,compress_algorithm=lz4,compress_log_size=2,compress_mode=fs,memory=normal,errors=continue,lookup_mode=perf
[   97.153941] init: Unmounting /dev/block/dm-17:/data_mirror/misc_de/null opts rw,lazytime,seclabel,nosuid,nodev,noatime,background_gc=on,nogc_merge,discard,discard_unit=block,user_xattr,inline_xattr,acl,inline_data,inline_dentry,flush_merge,barrier,extent_cache,mode=adaptive,active_logs=6,reserve_root=32768,reserve_node=0,resuid=0,resgid=0,usrquota,grpquota,prjquota,inlinecrypt,alloc_mode=reuse,checkpoint_merge,fsync_mode=posix,compress_algorithm=lz4,compress_log_size=2,compress_mode=fs,memory=normal,errors=continue,lookup_mode=perf
[   97.156469] init: Umounted /dev/block/dm-17:/data_mirror/misc_de/null opts rw,lazytime,seclabel,nosuid,nodev,noatime,background_gc=on,nogc_merge,discard,discard_unit=block,user_xattr,inline_xattr,acl,inline_data,inline_dentry,flush_merge,barrier,extent_cache,mode=adaptive,active_logs=6,reserve_root=32768,reserve_node=0,resuid=0,resgid=0,usrquota,grpquota,prjquota,inlinecrypt,alloc_mode=reuse,checkpoint_merge,fsync_mode=posix,compress_algorithm=lz4,compress_log_size=2,compress_mode=fs,memory=normal,errors=continue,lookup_mode=perf
[   97.157555] EXT4-fs (loop44): unmounting filesystem 7d1522e1-9dfa-5edb-a43e-98e3a4d20250.
[   97.159160] init: Unmounting /dev/block/dm-17:/data_mirror/misc_ce/null opts rw,lazytime,seclabel,nosuid,nodev,noatime,background_gc=on,nogc_merge,discard,discard_unit=block,user_xattr,inline_xattr,acl,inline_data,inline_dentry,flush_merge,barrier,extent_cache,mode=adaptive,active_logs=6,reserve_root=32768,reserve_node=0,resuid=0,resgid=0,usrquota,grpquota,prjquota,inlinecrypt,alloc_mode=reuse,checkpoint_merge,fsync_mode=posix,compress_algorithm=lz4,compress_log_size=2,compress_mode=fs,memory=normal,errors=continue,lookup_mode=perf
[   97.164409] init: Umounted /dev/block/dm-17:/data_mirror/misc_ce/null opts rw,lazytime,seclabel,nosuid,nodev,noatime,background_gc=on,nogc_merge,discard,discard_unit=block,user_xattr,inline_xattr,acl,inline_data,inline_dentry,flush_merge,barrier,extent_cache,mode=adaptive,active_logs=6,reserve_root=32768,reserve_node=0,resuid=0,resgid=0,usrquota,grpquota,prjquota,inlinecrypt,alloc_mode=reuse,checkpoint_merge,fsync_mode=posix,compress_algorithm=lz4,compress_log_size=2,compress_mode=fs,memory=normal,errors=continue,lookup_mode=perf
[   97.166063] init: Unmounting /dev/block/dm-17:/data_mirror/data_de/null opts rw,lazytime,seclabel,nosuid,nodev,noatime,background_gc=on,nogc_merge,discard,discard_unit=block,user_xattr,inline_xattr,acl,inline_data,inline_dentry,flush_merge,barrier,extent_cache,mode=adaptive,active_logs=6,reserve_root=32768,reserve_node=0,resuid=0,resgid=0,usrquota,grpquota,prjquota,inlinecrypt,alloc_mode=reuse,checkpoint_merge,fsync_mode=posix,compress_algorithm=lz4,compress_log_size=2,compress_mode=fs,memory=normal,errors=continue,lookup_mode=perf
[   97.168059] init: Umounted /dev/block/dm-17:/data_mirror/data_de/null opts rw,lazytime,seclabel,nosuid,nodev,noatime,background_gc=on,nogc_merge,discard,discard_unit=block,user_xattr,inline_xattr,acl,inline_data,inline_dentry,flush_merge,barrier,extent_cache,mode=adaptive,active_logs=6,reserve_root=32768,reserve_node=0,resuid=0,resgid=0,usrquota,grpquota,prjquota,inlinecrypt,alloc_mode=reuse,checkpoint_merge,fsync_mode=posix,compress_algorithm=lz4,compress_log_size=2,compress_mode=fs,memory=normal,errors=continue,lookup_mode=perf
[   97.170708] init: Unmounting /dev/block/dm-17:/data_mirror/data_ce/null opts rw,lazytime,seclabel,nosuid,nodev,noatime,background_gc=on,nogc_merge,discard,discard_unit=block,user_xattr,inline_xattr,acl,inline_data,inline_dentry,flush_merge,barrier,extent_cache,mode=adaptive,active_logs=6,reserve_root=32768,reserve_node=0,resuid=0,resgid=0,usrquota,grpquota,prjquota,inlinecrypt,alloc_mode=reuse,checkpoint_merge,fsync_mode=posix,compress_algorithm=lz4,compress_log_size=2,compress_mode=fs,memory=normal,errors=continue,lookup_mode=perf
[   97.173049] init: Umounted /dev/block/dm-17:/data_mirror/data_ce/null opts rw,lazytime,seclabel,nosuid,nodev,noatime,background_gc=on,nogc_merge,discard,discard_unit=block,user_xattr,inline_xattr,acl,inline_data,inline_dentry,flush_merge,barrier,extent_cache,mode=adaptive,active_logs=6,reserve_root=32768,reserve_node=0,resuid=0,resgid=0,usrquota,grpquota,prjquota,inlinecrypt,alloc_mode=reuse,checkpoint_merge,fsync_mode=posix,compress_algorithm=lz4,compress_log_size=2,compress_mode=fs,memory=normal,errors=continue,lookup_mode=perf
[   97.174776] init: Unmounting /dev/block/dm-17:/data opts rw,lazytime,seclabel,nosuid,nodev,noatime,background_gc=on,nogc_merge,discard,discard_unit=block,user_xattr,inline_xattr,acl,inline_data,inline_dentry,flush_merge,barrier,extent_cache,mode=adaptive,active_logs=6,reserve_root=32768,reserve_node=0,resuid=0,resgid=0,usrquota,grpquota,prjquota,inlinecrypt,alloc_mode=reuse,checkpoint_merge,fsync_mode=posix,compress_algorithm=lz4,compress_log_size=2,compress_mode=fs,memory=normal,errors=continue,lookup_mode=perf
[   97.176251] init: Umounted /dev/block/dm-17:/data opts rw,lazytime,seclabel,nosuid,nodev,noatime,background_gc=on,nogc_merge,discard,discard_unit=block,user_xattr,inline_xattr,acl,inline_data,inline_dentry,flush_merge,barrier,extent_cache,mode=adaptive,active_logs=6,reserve_root=32768,reserve_node=0,resuid=0,resgid=0,usrquota,grpquota,prjquota,inlinecrypt,alloc_mode=reuse,checkpoint_merge,fsync_mode=posix,compress_algorithm=lz4,compress_log_size=2,compress_mode=fs,memory=normal,errors=continue,lookup_mode=perf
[   97.178047] init: Unmounting /dev/block/vda6:/metadata opts rw,seclabel,nosuid,nodev,noatime
[   97.178352] init: Umounted /dev/block/vda6:/metadata opts rw,seclabel,nosuid,nodev,noatime
[   97.178819] init: sync() after umount...
[   97.188481] init: sync() after umount took9ms
[   97.289371] init: powerctl_shutdown_time_ms:5344:0
[   97.289658] init: Reboot ending, jumping to kernel
[   97.320244] ACPI: PM: Preparing to enter system sleep state S5
[   97.322144] kvm: exiting hardware virtualization
[   97.322589] reboot: Restarting system with command 'recovery'
[   97.323091] reboot: machine restart

U-Boot SPL 2024.04-g3fe964757589-ab15108624 (Mar 27 2026 - 21:26:21 +0000)
Trying to boot from SPI
Jumping to 64-bit U-Boot: Note many features are missing


U-Boot 2024.04-g3fe964757589-ab15108624 (Mar 27 2026 - 21:26:21 +0000)

DRAM:  4 GiB
Core:  8 devices, 8 uclasses, devicetree: separate
Net:         eth_initialize() No ethernet found.
qfw_write_smbios_tables() No QEMU firmware device
qfw_evt_write_smbios_tables() Falling back to U-Boot generated SMBIOS tables
Driver                    uid uclass               Devices
----------------------------------------------------------
blk_partition             083 partition            virtio-blk#24:1          
                                                   virtio-blk#24:2          
                                                   virtio-blk#24:3          
                                                   virtio-blk#24:4          
                                                   virtio-blk#24:5          
                                                   virtio-blk#24:6          
                                                   virtio-blk#24:7          
                                                   virtio-blk#24:8          
                                                   virtio-blk#24:9          
                                                   virtio-blk#24:10         
                                                   virtio-blk#24:11         
                                                   virtio-blk#24:12         
                                                   virtio-blk#24:13         
                                                   virtio-blk#24:14         
                                                   virtio-blk#24:15         
                                                   virtio-blk#24:16         
                                                   virtio-blk#24:17         
                                                   virtio-blk#24:18         
                                                   virtio-blk#24:19         
                                                   virtio-blk#25:1          
                                                   virtio-blk#25:2          
                                                   virtio-blk#25:3          
                                                   virtio-blk#25:4          
                                                   virtio-blk#26:1          
bootmeth_qfw              026 <no uclass>          
cpu_bus                   109 <no uclass>          
cpu_qemu                  031 <no uclass>          
cpu_x86                   031 <no uclass>          
efi_blk                   022 blk                  <none>
EFI block driver          038 efi                  <none>
syscon                    117 syscon               <none>
motorola_mc146818         104 rtc                  rtc                      
ns16550_serial            108 serial               serial                   
pci_bridge_drv            085 pci                  pci_0:2.1                
pci_generic_drv           087 pci_generic          pci_0:0.0                
                                                   pci_0:1.7                
pci_x86                   085 pci                  pci                      
qfw_bootdev               025 <no uclass>          
qfw_pio                   096 qfw                  qfw_pio                  
root_driver               000 root                 root_driver              
sysinfo_smbios            118 sysinfo              smbios                   
vidconsole0               131 vidconsole0          <none>
virtio-blk                022 blk                  virtio-blk#24            
                                                   virtio-blk#25            
                                                   virtio-blk#26            
virtio_bootdev            025 <no uclass>          
virtio-console            108 serial               virtio-console#0         
                                                   virtio-console#8         
                                                   virtio-console#9         
                                                   virtio-console#10        
                                                   virtio-console#11        
                                                   virtio-console#12        
                                                   virtio-console#13        
                                                   virtio-console#14        
                                                   virtio-console#15        
                                                   virtio-console#16        
                                                   virtio-console#17        
                                                   virtio-console#18        
                                                   virtio-console#19        
                                                   virtio-console#20        
                                                   virtio-console#21        
                                                   virtio-console#22        
                                                   virtio-console#23        
                                                   virtio-console#27        
                                                   virtio-console#28        
                                                   virtio-console#29        
virtio-console-port       108 serial               <none>
virtio-net                040 ethernet             virtio-net#1             
                                                   virtio-net#2             
virtio-pci.m              133 virtio               virtio-pci.m#0           
                                                   virtio-pci.m#1           
                                                   virtio-pci.m#2           
                                                   virtio-pci.m#3           
                                                   virtio-pci.m#4           
                                                   virtio-pci.m#5           
                                                   virtio-pci.m#6           
                                                   virtio-pci.m#7           
                                                   virtio-pci.m#8           
                                                   virtio-pci.m#9           
                                                   virtio-pci.m#10          
                                                   virtio-pci.m#11          
                                                   virtio-pci.m#12          
                                                   virtio-pci.m#13          
                                                   virtio-pci.m#14          
                                                   virtio-pci.m#15          
                                                   virtio-pci.m#16          
                                                   virtio-pci.m#17          
                                                   virtio-pci.m#18          
                                                   virtio-pci.m#19          
                                                   virtio-pci.m#20          
                                                   virtio-pci.m#21          
                                                   virtio-pci.m#22          
                                                   virtio-pci.m#23          
                                                   virtio-pci.m#24          
                                                   virtio-pci.m#25          
                                                   virtio-pci.m#26          
                                                   virtio-pci.m#27          
                                                   virtio-pci.m#28          
                                                   virtio-pci.m#29          
                                                   virtio-pci.m#30          
                                                   virtio-pci.m#31          
                                                   virtio-pci.m#32          
                                                   virtio-pci.m#33          
                                                   virtio-pci.m#34          
                                                   virtio-pci.m#35          
                                                   virtio-pci.m#36          
virtio-rng                103 rng                  virtio-rng#32            
x86_reset                 119 sysreset             reset                    
x86_tsc_timer             122 timer                tsc-timer                
## Android Verified Boot 2.0 version 1.2.0
Writing 8 bytes to virtio-console#17 console
Reading 8 bytes from virtio-console#17 console
Writing 8 bytes to virtio-console#17 console
Reading 8 bytes from virtio-console#17 console
Verification passed successfully
Imported supplementary environment
CPU 65537:
Reg Valid Write-type   Base   ||        Mask   ||        Size   ||       
0   Y     Back         00000000fff00000 0000000ffff00000 0000000000100000
1   N     Uncacheable  0000000000000000 0000000000000000 0000001000000000
2   N     Uncacheable  0000000000000000 0000000000000000 0000001000000000
3   N     Uncacheable  0000000000000000 0000000000000000 0000001000000000
4   N     Uncacheable  0000000000000000 0000000000000000 0000001000000000
5   N     Uncacheable  0000000000000000 0000000000000000 0000001000000000
6   N     Uncacheable  0000000000000000 0000000000000000 0000001000000000
7   N     Uncacheable  0000000000000000 0000000000000000 0000001000000000
ANDROID: reboot reason: "recovery"
## Android Verified Boot 2.0 version 1.2.0
Writing 8 bytes to virtio-console#17 console
Reading 8 bytes from virtio-console#17 console
Writing 8 bytes to virtio-console#17 console
Reading 8 bytes from virtio-console#17 console
Verification passed successfully
## Android Verified Boot 2.0 version 1.2.0
Writing 8 bytes to virtio-console#17 console
Reading 8 bytes from virtio-console#17 console
Writing 8 bytes to virtio-console#17 console
Reading 8 bytes from virtio-console#17 console
Verification passed successfully
ANDROID: Loading ramdisk from "init_boot_a", partition 4.
ANDROID: Loading kernel from "boot_a", partition 1.
ANDROID: Loading vendor ramdisk from "vendor_boot_a", partition 18.
Booting kernel at 0x02400000 with fdt at <NULL> ramdisk 0x0e400000 (0x015058f6 bytes)...


Valid Boot Flag
Magic signature found
Linux kernel version 6.12.74-android16-6-g3ec022196c4e-ab15076761 (kleaf@build-host) #1 SMP PREEMPT Tue Mar 24 05:36:21 UTC 2026
Building boot_params at 0x00090000
Loading bzImage at address 100000 (22881280 bytes)
Initial RAM disk at linear address 0x0e400000, size 22042870 bytes
Kernel command line: " printk.devkmsg=on audit=1 panic=-1 8250.nr_uarts=1 binder.impl=rust cma=0 firmware_class.path=/vendor/etc/ loop.max_part=7 init=/init bootconfig panic=-1 console=hvc0 earlycon=uart8250,io,0x3f8 ramoops.mem_address=0x138000000 ramoops.mem_size=0x200000"
Kernel loaded at 00100000, setup_base=0000000000090000

Starting kernel ...

[    0.000000] Linux version 6.12.74-android16-6-g3ec022196c4e-ab15076761 (kleaf@build-host) (Android (14043575, +pgo, +bolt, +lto, +mlgo, based on r536225) clang version 19.0.1 (https://android.googlesource.com/toolchain/llvm-project b3a530ec6537146650e42be89f1089e9a3588460), LLD 19.0.1) #1 SMP PREEMPT Tue Mar 24 05:36:21 UTC 2026
[    0.000000] Command line:  printk.devkmsg=on audit=1 panic=-1 8250.nr_uarts=1 binder.impl=rust cma=0 firmware_class.path=/vendor/etc/ loop.max_part=7 init=/init bootconfig panic=-1 console=hvc0 earlycon=uart8250,io,0x3f8 ramoops.mem_address=0x138000000 ramoops.mem_size=0x200000
[    0.000000] [Firmware Bug]: TSC doesn't count with P0 frequency!
[    0.000000] BIOS-provided physical RAM map:
[    0.000000] BIOS-e820: [mem 0x0000000000000000-0x000000000009ffff] usable
[    0.000000] BIOS-e820: [mem 0x00000000000a0000-0x00000000000fffff] reserved
[    0.000000] BIOS-e820: [mem 0x0000000000100000-0x00000000ced69fff] usable
[    0.000000] BIOS-e820: [mem 0x00000000ced6a000-0x00000000cfffffff] reserved
[    0.000000] BIOS-e820: [mem 0x00000000e0000000-0x00000000efffffff] reserved
[    0.000000] BIOS-e820: [mem 0x0000000100000000-0x000000012fffffff] usable
[    0.000000] earlycon: uart8250 at I/O port 0x3f8 (options '')
[    0.000000] printk: legacy bootconsole [uart8250] enabled
[    0.000000] NX (Execute Disable) protection: active
[    0.000000] APIC: Static calls initialized
[    0.000000] SMBIOS 3.2.0 present.
[    0.000000] DMI: ChromiumOS crosvm, BIOS 0 
[    0.000000] DMI: Memory slots populated: 0/0
[    0.000000] Hypervisor detected: KVM
[    0.000000] last_pfn = 0xced6a max_arch_pfn = 0x400000000
[    0.000000] kvm-clock: Using msrs 4b564d01 and 4b564d00
[    0.000002] kvm-clock: using sched offset of 1690964418 cycles
[    0.002015] clocksource: kvm-clock: mask: 0xffffffffffffffff max_cycles: 0x1cd42e4dffb, max_idle_ns: 881590591483 ns
[    0.008355] tsc: Detected 2445.428 MHz processor
[    0.010550] last_pfn = 0x130000 max_arch_pfn = 0x400000000
[    0.012833] MTRR map: 6 entries (3 fixed + 3 variable; max 19), built from 8 variable MTRRs
[    0.016019] x86/PAT: Configuration [0-7]: WB  WC  UC- UC  WB  WP  UC- WT  
[    0.018811] mtrr: your BIOS has configured an incorrect mask, fixing it.
[    0.021360] last_pfn = 0xced6a max_arch_pfn = 0x400000000
[    0.023483] found SMP MP-table at [mem 0x0009fff0-0x0009ffff]
[    0.025704] Using GB pages for direct mapping
[    0.027605] RAMDISK: [mem 0x0e400000-0x0f905fff]
[    0.029379] ACPI: Early table checksum verification disabled
[    0.031497] ACPI: RSDP 0x00000000000E0000 000024 (v02 CROSVM)
[    0.033712] ACPI: XSDT 0x00000000000E0C00 00003C (v01 CROSVM CROSVMDT 00000001 CROS 00000000)
[    0.037003] ACPI: FACP 0x00000000000E09C0 000114 (v06 CROSVM CROSVMDT 00000001 CROS 00000000)
[    0.040272] ACPI: DSDT 0x00000000000E0080 00091E (v06 CROSVM CROSVMDT 00000001 CROS 00000000)
[    0.043480] ACPI: FACS 0x00000000000E0040 000040
[    0.045201] ACPI: APIC 0x00000000000E0B00 000070 (v05 CROSVM CROSVMDT 00000001 CROS 00000000)
[    0.048531] ACPI: MCFG 0x00000000000E0B80 00003C (v01 CROSVM CROSVMDT 00000001 CROS 00000000)
[    0.051786] ACPI: Reserving FACP table memory at [mem 0xe09c0-0xe0ad3]
[    0.054261] ACPI: Reserving DSDT table memory at [mem 0xe0080-0xe099d]
[    0.056685] ACPI: Reserving FACS table memory at [mem 0xe0040-0xe007f]
[    0.059139] ACPI: Reserving APIC table memory at [mem 0xe0b00-0xe0b6f]
[    0.061667] ACPI: Reserving MCFG table memory at [mem 0xe0b80-0xe0bbb]
[    0.064358] Zone ranges:
[    0.065320]   DMA32    [mem 0x0000000000001000-0x00000000ffffffff]
[    0.067613]   Normal   [mem 0x0000000100000000-0x000000012fffffff]
[    0.069913] Movable zone start for each node
[    0.071540] Early memory node ranges
[    0.072922]   node   0: [mem 0x0000000000001000-0x000000000009ffff]
[    0.075343]   node   0: [mem 0x0000000000100000-0x00000000ced69fff]
[    0.077697]   node   0: [mem 0x0000000100000000-0x000000012fffffff]
[    0.080027] Initmem setup node 0 [mem 0x0000000000001000-0x000000012fffffff]
[    0.082812] On node 0, zone DMA32: 1 pages in unavailable ranges
[    0.226752] On node 0, zone DMA32: 96 pages in unavailable ranges
[    0.262953] On node 0, zone Normal: 4758 pages in unavailable ranges
[    0.269298] IOAPIC[0]: apic_id 0, version 17, address 0xfec00000, GSI 0-23
[    0.271950] ACPI: INT_SRC_OVR (bus 0 bus_irq 9 global_irq 9 low level)
[    0.274480] ACPI: INT_SRC_OVR (bus 0 bus_irq 10 global_irq 10 low level)
[    0.277035] ACPI: INT_SRC_OVR (bus 0 bus_irq 11 global_irq 11 low level)
[    0.279603] ACPI: INT_SRC_OVR (bus 0 bus_irq 12 global_irq 12 low level)
[    0.282160] ACPI: Using ACPI (MADT) for SMP configuration information
[    0.284650] TSC deadline timer available
[    0.286170] CPU topo: Max. logical packages:   2
[    0.287943] CPU topo: Max. logical dies:       2
[    0.289740] CPU topo: Max. dies per package:   1
[    0.291514] CPU topo: Max. threads per core:   1
[    0.293274] CPU topo: Num. cores per package:     1
[    0.295146] CPU topo: Num. threads per package:   1
[    0.297060] CPU topo: Allowing 2 present CPUs plus 0 hotplug CPUs
[    0.299420] kvm-guest: APIC: eoi() replaced with kvm_guest_apic_eoi_write()
[    0.302133] kvm-guest: KVM setup pv remote TLB flush
[    0.304070] kvm-guest: setup PV sched yield
[    0.305578] PM: hibernation: Registered nosave memory: [mem 0x00000000-0x00000fff]
[    0.307053] PM: hibernation: Registered nosave memory: [mem 0x000a0000-0x000fffff]
[    0.309200] PM: hibernation: Registered nosave memory: [mem 0xced6a000-0xffffffff]
[    0.311053] [mem 0xd0000000-0xdfffffff] available for PCI devices
[    0.312856] Booting paravirtualized kernel on KVM
[    0.314296] clocksource: refined-jiffies: mask: 0xffffffff max_cycles: 0xffffffff, max_idle_ns: 7645519600211568 ns
[    0.317914] Load bootconfig: 2663 bytes 130 nodes
[    0.318893] setup_percpu: NR_CPUS:32 nr_cpumask_bits:2 nr_cpu_ids:2 nr_node_ids:1
[    0.326469] percpu: Embedded 106 pages/cpu s271384 r131072 d31720 u1048576
[    0.328724] Kernel command line: vmw_vsock_virtio_transport_common.virtio_transport_max_vsock_pkt_buf_size=16384 console=ttynull stack_depot_disable=on cgroup_disable=pressure bootconfig  printk.devkmsg=on audit=1 panic=-1 8250.nr_uarts=1 binder.impl=rust cma=0 firmware_class.path=/vendor/etc/ loop.max_part=7 init=/init bootconfig panic=-1 console=hvc0 earlycon=uart8250,io,0x3f8 ramoops.mem_address=0x138000000 ramoops.mem_size=0x200000
[    0.340263] cgroup: Disabling pressure control group feature
[    0.341425] audit: enabled (after initialization)
[    0.343001] random: crng init done
[    0.344023] printk: log buffer data + meta data: 131072 + 458752 = 589824 bytes
[    0.357623] Dentry cache hash table entries: 524288 (order: 10, 4194304 bytes, linear)
[    0.365684] Inode-cache hash table entries: 262144 (order: 9, 2097152 bytes, linear)
[    0.368117] Built 1 zonelists, mobility grouping on.  Total pages: 1043721
[    0.371971] mem auto-init: stack:all(zero), heap alloc:on, heap free:off
[    0.374101] stackdepot: disabled
[    0.375108] software IO TLB: area num 2.
[    0.565813] SLUB: HWalign=64, Order=0-3, MinObjects=0, CPUs=2, Nodes=1
[    0.568156] rcu: Preemptible hierarchical RCU implementation.
[    0.570482] rcu: 	RCU event tracing is enabled.
[    0.572234] rcu: 	RCU restricting CPUs from NR_CPUS=32 to nr_cpu_ids=2.
[    0.574829] rcu: 	RCU priority boosting: priority 1 delay 500 ms.
[    0.577122] 	Trampoline variant of Tasks RCU enabled.
[    0.579127] 	Tracing variant of Tasks RCU enabled.
[    0.580891] rcu: RCU calculated value of scheduler-enlistment delay is 25 jiffies.
[    0.583813] rcu: Adjusting geometry for rcu_fanout_leaf=16, nr_cpu_ids=2
[    0.586473] RCU Tasks: Setting shift to 1 and lim to 1 rcu_task_cb_adjust=1 rcu_task_cpu_ids=2.
[    0.589739] RCU Tasks Trace: Setting shift to 1 and lim to 1 rcu_task_cb_adjust=1 rcu_task_cpu_ids=2.
[    0.595835] NR_IRQS: 4352, nr_irqs: 440, preallocated irqs: 16
[    0.598361] rcu: 	Offload RCU callbacks from CPUs: 0-1.
[    0.600320] rcu: srcu_init: Setting srcu_struct sizes based on contention.
[    0.603087] kfence: initialized - using 524288 bytes for 63 objects at 0x(____ptrval____)-0x(____ptrval____)
[    0.607363] ACPI: Core revision 20240827
[    0.608856] APIC: Switch to symmetric I/O mode setup
[    0.611367] x2apic enabled
[    0.613100] APIC: Switched APIC routing to: physical x2apic
[    0.615269] kvm-guest: APIC: send_IPI_mask() replaced with kvm_send_ipi_mask()
[    0.618078] kvm-guest: APIC: send_IPI_mask_allbutself() replaced with kvm_send_ipi_mask_allbutself()
[    0.621574] kvm-guest: setup PV IPIs
[    0.625709] clocksource: tsc-early: mask: 0xffffffffffffffff max_cycles: 0x233fd98c0cf, max_idle_ns: 440795209930 ns
[    0.629724] Calibrating delay loop (skipped) preset value.. 4890.85 BogoMIPS (lpj=9781712)
[    0.633718] x86/cpu: User Mode Instruction Prevention (UMIP) activated
[    0.633718] Last level iTLB entries: 4KB 512, 2MB 512, 4MB 256
[    0.633718] Last level dTLB entries: 4KB 2048, 2MB 2048, 4MB 1024, 1GB 0
[    0.633718] Spectre V1 : Mitigation: usercopy/swapgs barriers and __user pointer sanitization
[    0.633718] Spectre V2 : Mitigation: Retpolines
[    0.633718] Spectre V2 : Spectre v2 / SpectreRSB: Filling RSB on context switch and VMEXIT
[    0.633718] Speculative Store Bypass: Vulnerable
[    0.633718] Speculative Return Stack Overflow: IBPB-extending microcode not applied!
[    0.633718] Speculative Return Stack Overflow: WARNING: See https://kernel.org/doc/html/latest/admin-guide/hw-vuln/srso.html for mitigation options.
[    0.633718] active return thunk: srso_alias_return_thunk
[    0.633718] Speculative Return Stack Overflow: Vulnerable: Safe RET, no microcode
[    0.633718] x86/fpu: Supporting XSAVE feature 0x001: 'x87 floating point registers'
[    0.633718] x86/fpu: Supporting XSAVE feature 0x002: 'SSE registers'
[    0.633718] x86/fpu: Supporting XSAVE feature 0x004: 'AVX registers'
[    0.633718] x86/fpu: xstate_offset[2]:  576, xstate_sizes[2]:  256
[    0.633718] x86/fpu: Enabled xstate features 0x7, context size is 832 bytes, using 'compacted' format.
[    0.633718] SMP alternatives: Using kCFI
[    0.633718] Freeing SMP alternatives memory: 56K
[    0.633718] pid_max: default: 32768 minimum: 301
[    0.633718] LSM: initializing lsm=capability,landlock,safesetid,selinux,bpf
[    0.633718] landlock: Up and running.
[    0.633718] SELinux:  Initializing.
[    0.633718] LSM support for eBPF active
[    0.633718] Mount-cache hash table entries: 8192 (order: 4, 65536 bytes, linear)
[    0.633718] Mountpoint-cache hash table entries: 8192 (order: 4, 65536 bytes, linear)
[    0.633718] smpboot: CPU0: AMD EPYC 7763 64-Core Processor (family: 0x19, model: 0x1, stepping: 0x1)
[    0.635034] Performance Events: PMU not available due to virtualization, using software events only.
[    0.641854] signal: max sigframe size: 1776
[    0.643520] rcu: Hierarchical SRCU implementation.
[    0.645397] rcu: 	Max phase no-delay instances is 1000.
[    0.646261] Timer migration: 1 hierarchy levels; 8 children per group; 1 crossnode level
[    0.652631] dyndbg: Ignore empty _ddebug table in a CONFIG_DYNAMIC_DEBUG_CORE build
[    0.654224] smp: Bringing up secondary CPUs ...
[    0.656833] smpboot: x86: Booting SMP configuration:
[    0.657747] .... node  #0, CPUs:      #1
[    0.661856] smp: Brought up 1 node, 2 CPUs
[    0.665733] smpboot: Total of 2 processors activated (9781.71 BogoMIPS)
[    0.669883] Memory: 3959180K/4174884K available (22528K kernel code, 2444K rwdata, 16884K rodata, 3244K init, 2276K bss, 210888K reserved, 0K cma-reserved)
[    0.674753] x86/mm: Memory block size: 128MB
[    0.678211] clocksource: jiffies: mask: 0xffffffff max_cycles: 0xffffffff, max_idle_ns: 7645041785100000 ns
[    0.681818] futex hash table entries: 512 (order: 3, 32768 bytes, linear)
[    0.692434] NET: Registered PF_NETLINK/PF_ROUTE protocol family
[    0.694193] audit: initializing netlink subsys (enabled)
[    0.696675] audit: type=2000 audit(1790859924.097:1): state=initialized audit_enabled=1 res=1
[    0.696675] ramoops: using module parameters
[    0.710906] pstore: Using crash dump compression: deflate
[    0.713143] printk: legacy console [ramoops-1] enabled
[    0.713937] pstore: Registered ramoops as persistent store backend
[    0.716644] ramoops: using 0x200000@0x138000000, ecc: 0
[    0.718072] thermal_sys: Registered thermal governor 'bang_bang'
[    0.718075] thermal_sys: Registered thermal governor 'step_wise'
[    0.720675] thermal_sys: Registered thermal governor 'user_space'
[    0.721756] cpuidle: using governor menu
[    0.727651] PCI: ECAM [mem 0xf4000000-0xf7ffffff] (base 0xf4000000) for domain 0000 [bus 00-3f]
[    0.729738] PCI: not using ECAM ([mem 0xf4000000-0xf7ffffff] not reserved)
[    0.732755] PCI: Using configuration type 1 for base access
[    0.733733] PCI: Using configuration type 1 for extended access
[    0.736492] mtrr: your CPUs had inconsistent fixed MTRR settings
[    0.737733] mtrr: your CPUs had inconsistent variable MTRR settings
[    0.740509] mtrr: your CPUs had inconsistent MTRRdefType settings
[    0.741737] mtrr: probably your BIOS does not setup all CPUs.
[    0.744250] mtrr: corrected configuration.
[    0.745882] kprobes: kprobe jump-optimization is enabled. All kprobes are optimized if possible.
[    0.751204] cryptd: max_cpu_qlen set to 1000
[    0.754194] ACPI: Added _OSI(Module Device)
[    0.755964] ACPI: Added _OSI(Processor Device)
[    0.757703] ACPI: Added _OSI(Processor Aggregator Device)
[    0.758607] ACPI: 1 ACPI AML tables successfully acquired and loaded
[    0.763367] ACPI: Interpreter enabled
[    0.764813] ACPI: PM: (supports S0 S1 S5)
[    0.765738] ACPI: Using IOAPIC for interrupt routing
[    0.767830] PCI: ECAM [mem 0xf4000000-0xf7ffffff] (base 0xf4000000) for domain 0000 [bus 00-3f]
[    0.769840] PCI: ECAM [mem 0xf4000000-0xf7ffffff] reserved as ACPI motherboard resource
[    0.773103] PCI: Using host bridge windows from ACPI; if necessary, use "pci=nocrs" and report a bug
[    0.773736] PCI: Using E820 reservations for host bridge windows
[    0.779569] ACPI: PCI Root Bridge [PC00] (domain 0000 [bus 00-3f])
[    0.781745] acpi PNP0A08:00: _OSC: OS supports [ExtendedConfig ASPM ClockPM Segments MSI HPX-Type3]
[    0.785451] acpi PNP0A08:00: _OSC: OS now controls [PCIeHotplug PME PCIeCapability LTR]
[    0.786129] PCI host bridge to bus 0000:00
[    0.787779] pci_bus 0000:00: root bus resource [mem 0xd0000000-0xf7ffffff window]
[    0.789737] pci_bus 0000:00: root bus resource [mem 0x138200000-0x3fffffffffff window]
[    0.792550] pci_bus 0000:00: root bus resource [bus 00-3f]
[    0.793887] pci 0000:00:00.0: [8086:1237] type 00 class 0x060000 conventional PCI endpoint
[    0.799002] pci 0000:00:01.0: [1af4:1043] type 00 class 0x078000 conventional PCI endpoint
[    0.802115] pci 0000:00:01.0: BAR 0 [mem 0xd0808000-0xd080ffff]
[    0.806791] pci 0000:00:01.0: PME# supported from D0 D3hot D3cold
[    0.810597] pci 0000:00:01.1: [1af4:1041] type 00 class 0x028000 conventional PCI endpoint
[    0.814041] pci 0000:00:01.1: BAR 0 [mem 0xd08e0000-0xd08e7fff]
[    0.818897] pci 0000:00:01.1: PME# supported from D0 D3hot D3cold
[    0.822936] pci 0000:00:01.2: [1af4:1041] type 00 class 0x028000 conventional PCI endpoint
[    0.826037] pci 0000:00:01.2: BAR 0 [mem 0xd08e8000-0xd08effff]
[    0.830781] pci 0000:00:01.2: PME# supported from D0 D3hot D3cold
[    0.834548] pci 0000:00:01.3: [1af4:1052] type 00 class 0x098000 conventional PCI endpoint
[    0.838052] pci 0000:00:01.3: BAR 0 [mem 0xd0908000-0xd090ffff]
[    0.842986] pci 0000:00:01.3: PME# supported from D0 D3hot D3cold
[    0.846833] pci 0000:00:01.4: [1af4:1052] type 00 class 0x098000 conventional PCI endpoint
[    0.850066] pci 0000:00:01.4: BAR 0 [mem 0xd0910000-0xd0917fff]
[    0.854785] pci 0000:00:01.4: PME# supported from D0 D3hot D3cold
[    0.858656] pci 0000:00:01.5: [1af4:1052] type 00 class 0x098000 conventional PCI endpoint
[    0.862040] pci 0000:00:01.5: BAR 0 [mem 0xd0918000-0xd091ffff]
[    0.866854] pci 0000:00:01.5: PME# supported from D0 D3hot D3cold
[    0.870775] pci 0000:00:01.6: [1af4:1052] type 00 class 0x098000 conventional PCI endpoint
[    0.874045] pci 0000:00:01.6: BAR 0 [mem 0xd0920000-0xd0927fff]
[    0.878809] pci 0000:00:01.6: PME# supported from D0 D3hot D3cold
[    0.882368] pci 0000:00:01.7: [1b36:0011] type 00 class 0xffff00 conventional PCI endpoint
[    0.886018] pci 0000:00:01.7: BAR 0 [mem 0xd0928000-0xd092800f]
[    0.890521] pci 0000:00:02.0: [1af4:1050] type 00 class 0x038000 conventional PCI endpoint
[    0.894027] pci 0000:00:02.0: BAR 0 [mem 0xd0800000-0xd0807fff]
[    0.897074] pci 0000:00:02.0: BAR 2 [mem 0x200000000-0x3ffffffff 64bit pref]
[    0.899609] pci 0000:00:02.0: PME# supported from D0 D3hot D3cold
[    0.902918] pci 0000:00:02.1: [8086:3420] type 01 class 0x060400 PCIe Root Port
[    0.906358] pci 0000:00:02.1: PCI bridge to [bus 01]
[    0.909733] pci 0000:00:02.1: PME# supported from D0 D3hot D3cold
[    0.913625] pci 0000:00:03.0: [1af4:1043] type 00 class 0x078000 conventional PCI endpoint
[    0.914039] pci 0000:00:03.0: BAR 0 [mem 0xd0810000-0xd0817fff]
[    0.918838] pci 0000:00:03.0: PME# supported from D0 D3hot D3cold
[    0.922578] pci 0000:00:04.0: [1af4:1043] type 00 class 0x078000 conventional PCI endpoint
[    0.926109] pci 0000:00:04.0: BAR 0 [mem 0xd0818000-0xd081ffff]
[    0.930841] pci 0000:00:04.0: PME# supported from D0 D3hot D3cold
[    0.934779] pci 0000:00:05.0: [1af4:1043] type 00 class 0x078000 conventional PCI endpoint
[    0.938041] pci 0000:00:05.0: BAR 0 [mem 0xd0820000-0xd0827fff]
[    0.942782] pci 0000:00:05.0: PME# supported from D0 D3hot D3cold
[    0.946670] pci 0000:00:06.0: [1af4:1043] type 00 class 0x078000 conventional PCI endpoint
[    0.950044] pci 0000:00:06.0: BAR 0 [mem 0xd0828000-0xd082ffff]
[    0.954871] pci 0000:00:06.0: PME# supported from D0 D3hot D3cold
[    0.958793] pci 0000:00:07.0: [1af4:1043] type 00 class 0x078000 conventional PCI endpoint
[    0.962022] pci 0000:00:07.0: BAR 0 [mem 0xd0830000-0xd0837fff]
[    0.966801] pci 0000:00:07.0: PME# supported from D0 D3hot D3cold
[    0.970611] pci 0000:00:08.0: [1af4:1043] type 00 class 0x078000 conventional PCI endpoint
[    0.974034] pci 0000:00:08.0: BAR 0 [mem 0xd0838000-0xd083ffff]
[    0.978762] pci 0000:00:08.0: PME# supported from D0 D3hot D3cold
[    0.982692] pci 0000:00:09.0: [1af4:1043] type 00 class 0x078000 conventional PCI endpoint
[    0.986039] pci 0000:00:09.0: BAR 0 [mem 0xd0840000-0xd0847fff]
[    0.990782] pci 0000:00:09.0: PME# supported from D0 D3hot D3cold
[    0.994637] pci 0000:00:0a.0: [1af4:1043] type 00 class 0x078000 conventional PCI endpoint
[    0.998023] pci 0000:00:0a.0: BAR 0 [mem 0xd0848000-0xd084ffff]
[    1.002885] pci 0000:00:0a.0: PME# supported from D0 D3hot D3cold
[    1.006846] pci 0000:00:0b.0: [1af4:1043] type 00 class 0x078000 conventional PCI endpoint
[    1.010049] pci 0000:00:0b.0: BAR 0 [mem 0xd0850000-0xd0857fff]
[    1.014816] pci 0000:00:0b.0: PME# supported from D0 D3hot D3cold
[    1.018656] pci 0000:00:0c.0: [1af4:1043] type 00 class 0x078000 conventional PCI endpoint
[    1.022040] pci 0000:00:0c.0: BAR 0 [mem 0xd0858000-0xd085ffff]
[    1.026792] pci 0000:00:0c.0: PME# supported from D0 D3hot D3cold
[    1.030652] pci 0000:00:0d.0: [1af4:1043] type 00 class 0x078000 conventional PCI endpoint
[    1.034026] pci 0000:00:0d.0: BAR 0 [mem 0xd0860000-0xd0867fff]
[    1.039013] pci 0000:00:0d.0: PME# supported from D0 D3hot D3cold
[    1.042867] pci 0000:00:0e.0: [1af4:1043] type 00 class 0x078000 conventional PCI endpoint
[    1.046042] pci 0000:00:0e.0: BAR 0 [mem 0xd0868000-0xd086ffff]
[    1.050828] pci 0000:00:0e.0: PME# supported from D0 D3hot D3cold
[    1.054729] pci 0000:00:0f.0: [1af4:1043] type 00 class 0x078000 conventional PCI endpoint
[    1.058026] pci 0000:00:0f.0: BAR 0 [mem 0xd0870000-0xd0877fff]
[    1.062823] pci 0000:00:0f.0: PME# supported from D0 D3hot D3cold
[    1.066727] pci 0000:00:10.0: [1af4:1043] type 00 class 0x078000 conventional PCI endpoint
[    1.070054] pci 0000:00:10.0: BAR 0 [mem 0xd0878000-0xd087ffff]
[    1.074697] pci 0000:00:10.0: PME# supported from D0 D3hot D3cold
[    1.078666] pci 0000:00:11.0: [1af4:1043] type 00 class 0x078000 conventional PCI endpoint
[    1.082040] pci 0000:00:11.0: BAR 0 [mem 0xd0880000-0xd0887fff]
[    1.086856] pci 0000:00:11.0: PME# supported from D0 D3hot D3cold
[    1.090751] pci 0000:00:12.0: [1af4:1043] type 00 class 0x078000 conventional PCI endpoint
[    1.094040] pci 0000:00:12.0: BAR 0 [mem 0xd0888000-0xd088ffff]
[    1.098799] pci 0000:00:12.0: PME# supported from D0 D3hot D3cold
[    1.102623] pci 0000:00:13.0: [1af4:1042] type 00 class 0x018000 conventional PCI endpoint
[    1.106021] pci 0000:00:13.0: BAR 0 [mem 0xd08a8000-0xd08affff]
[    1.110948] pci 0000:00:13.0: PME# supported from D0 D3hot D3cold
[    1.114326] pci 0000:00:14.0: [1af4:1042] type 00 class 0x018000 conventional PCI endpoint
[    1.117495] pci 0000:00:14.0: BAR 0 [mem 0xd08b0000-0xd08b7fff]
[    1.119568] pci 0000:00:14.0: PME# supported from D0 D3hot D3cold
[    1.122723] pci 0000:00:15.0: [1af4:1042] type 00 class 0x018000 conventional PCI endpoint
[    1.125673] pci 0000:00:15.0: BAR 0 [mem 0xd08b8000-0xd08bffff]
[    1.127593] pci 0000:00:15.0: PME# supported from D0 D3hot D3cold
[    1.130744] pci 0000:00:16.0: [1af4:1043] type 00 class 0x078000 conventional PCI endpoint
[    1.133484] pci 0000:00:16.0: BAR 0 [mem 0xd0890000-0xd0897fff]
[    1.135597] pci 0000:00:16.0: PME# supported from D0 D3hot D3cold
[    1.138778] pci 0000:00:17.0: [1af4:1043] type 00 class 0x078000 conventional PCI endpoint
[    1.141986] pci 0000:00:17.0: BAR 0 [mem 0xd0898000-0xd089ffff]
[    1.145867] pci 0000:00:17.0: PME# supported from D0 D3hot D3cold
[    1.149131] pci 0000:00:18.0: [1af4:1043] type 00 class 0x078000 conventional PCI endpoint
[    1.150212] pci 0000:00:18.0: BAR 0 [mem 0xd08a0000-0xd08a7fff]
[    1.153444] pci 0000:00:18.0: PME# supported from D0 D3hot D3cold
[    1.154826] pci 0000:00:19.0: [1af4:105b] type 00 class 0x010800 conventional PCI endpoint
[    1.157824] pci 0000:00:19.0: BAR 0 [mem 0xd08c0000-0xd08c7fff]
[    1.161892] pci 0000:00:19.0: PME# supported from D0 D3hot D3cold
[    1.165212] pci 0000:00:1a.0: [1af4:105b] type 00 class 0x010800 conventional PCI endpoint
[    1.165994] pci 0000:00:1a.0: BAR 0 [mem 0xd08c8000-0xd08cffff]
[    1.170029] pci 0000:00:1a.0: PME# supported from D0 D3hot D3cold
[    1.173091] pci 0000:00:1b.0: [1af4:1044] type 00 class 0x088000 conventional PCI endpoint
[    1.174033] pci 0000:00:1b.0: BAR 0 [mem 0xd08d0000-0xd08d7fff]
[    1.178583] pci 0000:00:1b.0: PME# supported from D0 D3hot D3cold
[    1.182445] pci 0000:00:1c.0: [1af4:1045] type 00 class 0x088000 conventional PCI endpoint
[    1.185928] pci 0000:00:1c.0: BAR 0 [mem 0xd08d8000-0xd08dffff]
[    1.190343] pci 0000:00:1c.0: PME# supported from D0 D3hot D3cold
[    1.194185] pci 0000:00:1d.0: [1af4:1053] type 00 class 0x028000 conventional PCI endpoint
[    1.198079] pci 0000:00:1d.0: BAR 0 [mem 0xd08f0000-0xd08f7fff]
[    1.202891] pci 0000:00:1d.0: PME# supported from D0 D3hot D3cold
[    1.206297] pci 0000:00:1e.0: [1af4:1059] type 00 class 0x040100 conventional PCI endpoint
[    1.210073] pci 0000:00:1e.0: BAR 0 [mem 0xd08f8000-0xd08fffff]
[    1.214306] pci 0000:00:1e.0: PME# supported from D0 D3hot D3cold
[    1.217929] pci 0000:00:1f.0: [1af4:105d] type 00 class 0x0d8000 conventional PCI endpoint
[    1.220714] pci 0000:00:1f.0: BAR 0 [mem 0xd0900000-0xd0907fff]
[    1.223952] pci 0000:00:1f.0: PME# supported from D0 D3hot D3cold
[    1.226881] pci 0000:00:02.1: PCI bridge to [bus 01]
[    1.247958] iommu: Default domain type: Translated
[    1.249734] iommu: DMA domain TLB invalidation policy: lazy mode
[    1.252426] SCSI subsystem initialized
[    1.253787] ACPI: bus type USB registered
[    1.255356] usbcore: registered new interface driver usbfs
[    1.256993] usbcore: registered new interface driver hub
[    1.257747] usbcore: registered new device driver usb
[    1.259569] mc: Linux media interface: v0.10
[    1.261180] videodev: Linux video capture interface: v2.00
[    1.261781] EDAC MC: Ver: 3.0.0
[    1.264758] Advanced Linux Sound Architecture Driver Initialized.
[    1.266241] PCI: Using ACPI for IRQ routing
[    1.306288] vgaarb: loaded
[    1.307512] clocksource: Switched to clocksource kvm-clock
[    1.309603] VFS: Disk quotas dquot_6.6.0
[    1.311345] VFS: Dquot-cache hash table entries: 512 (order 0, 4096 bytes)
[    1.314236] pnp: PnP ACPI init
[    1.315679] system 00:00: [mem 0xf4000000-0xf7ffffff] has been reserved
[    1.318294] pnp: PnP ACPI: found 1 devices
[    1.320222] NET: Registered PF_INET protocol family
[    1.323922] IP idents hash table entries: 65536 (order: 7, 524288 bytes, linear)
[    1.364554] tcp_listen_portaddr_hash hash table entries: 2048 (order: 3, 32768 bytes, linear)
[    1.368081] Table-perturb hash table entries: 65536 (order: 6, 262144 bytes, linear)
[    1.371309] TCP established hash table entries: 32768 (order: 6, 262144 bytes, linear)
[    1.373684] TCP bind hash table entries: 32768 (order: 8, 1048576 bytes, linear)
[    1.376028] TCP: Hash tables configured (established 32768 bind 32768)
[    1.378395] UDP hash table entries: 2048 (order: 4, 65536 bytes, linear)
[    1.380697] UDP-Lite hash table entries: 2048 (order: 4, 65536 bytes, linear)
[    1.383323] NET: Registered PF_UNIX/PF_LOCAL protocol family
[    1.385216] NET: Registered PF_XDP protocol family
[    1.387133] pci 0000:00:02.1: bridge window [io  0x1000-0x0fff] to [bus 01] add_size 1000
[    1.390102] pci 0000:00:02.1: bridge window [mem 0x00100000-0x000fffff 64bit pref] to [bus 01] add_size 200000 add_align 100000
[    1.394114] pci 0000:00:02.1: bridge window [mem 0x00100000-0x000fffff] to [bus 01] add_size 200000 add_align 100000
[    1.397428] pci 0000:00:02.1: bridge window [mem 0xd0000000-0xd01fffff]: assigned
[    1.400079] pci 0000:00:02.1: bridge window [mem 0x138200000-0x1383fffff 64bit pref]: assigned
[    1.403290] pci 0000:00:02.1: bridge window [io  size 0x1000]: can't assign; no space
[    1.405430] pci 0000:00:02.1: bridge window [io  size 0x1000]: failed to assign
[    1.408037] pci 0000:00:02.1: bridge window [io  size 0x1000]: can't assign; no space
[    1.409793] pci 0000:00:02.1: bridge window [io  size 0x1000]: failed to assign
[    1.412655] pci 0000:00:02.1: PCI bridge to [bus 01]
[    1.414637] pci 0000:00:02.1:   bridge window [mem 0xd0000000-0xd01fffff]
[    1.417530] pci 0000:00:02.1:   bridge window [mem 0x138200000-0x1383fffff 64bit pref]
[    1.420476] pci_bus 0000:00: resource 4 [mem 0xd0000000-0xf7ffffff window]
[    1.422374] pci_bus 0000:00: resource 5 [mem 0x138200000-0x3fffffffffff window]
[    1.425080] pci_bus 0000:01: resource 1 [mem 0xd0000000-0xd01fffff]
[    1.427740] pci_bus 0000:01: resource 2 [mem 0x138200000-0x1383fffff 64bit pref]
[    1.430478] pci 0000:00:00.0: Limiting direct PCI/PCI transfers
[    1.434181] PCI: CLS 32 bytes, default 64
[    1.436050] PCI-DMA: Using software bounce buffering for IO (SWIOTLB)
[    1.438972] software IO TLB: mapped [mem 0x00000000cad6a000-0x00000000ced6a000] (64MB)
[    1.442210] Trying to unpack rootfs image as initramfs...
[    1.452892] kvm_intel: VMX not supported by CPU 0
[    1.455083] kvm_amd: TSC scaling supported
[    1.457911] kvm_amd: Nested Virtualization enabled
[    1.461145] kvm_amd: Nested Paging enabled
[    1.463674] kvm_amd: Virtual VMLOAD VMSAVE supported
[    1.466823] kvm_amd: PMU virtualization is disabled
[    1.515764] clocksource: tsc: mask: 0xffffffffffffffff max_cycles: 0x233fd98c0cf, max_idle_ns: 440795209930 ns
[    1.521603] clocksource: Switched to clocksource tsc
[    1.525006] platform rtc_cmos: registered platform RTC device (no PNP device found)
[    1.562030] Initialise system trusted keyrings
[    1.565302] workingset: timestamp_bits=46 max_order=20 bucket_order=0
[    1.569906] fuse: init (API version 7.41)
[    1.604157] Key type asymmetric registered
[    1.606379] Asymmetric key parser 'x509' registered
[    1.609608] Block layer SCSI generic (bsg) driver version 0.4 loaded (major 240)
[    1.614468] io scheduler mq-deadline registered
[    1.617187] io scheduler kyber registered
[    1.619744] io scheduler bfq registered
[    1.625317] pcieport 0000:00:02.1: PME: Signaling with IRQ 24
[    1.631181] pcieport 0000:00:02.1: pciehp: Slot #0 AttnBtn+ PwrCtrl- MRL- AttnInd+ PwrInd+ HotPlug+ Surprise+ Interlock- NoCompl- IbPresDis- LLActRep- (with Cmd Compl erratum)
[    1.642462] input: Power Button as /devices/LNXSYSTM:00/LNXPWRBN:00/input/input0
[    1.647069] ACPI: button: Power Button [PWRF]
[    1.649338] input: Sleep Button as /devices/LNXSYSTM:00/LNXSLPBN:00/input/input1
[    1.653793] ACPI: button: Sleep Button [SLPF]
[    1.656619] Serial: 8250/16550 driver, 1 ports, IRQ sharing disabled
[    1.660587] serial8250: ttyS0 at I/O 0x3f8 (irq = 4, base_baud = 115200) is a 16550A
[    1.665610] printk: legacy console [ttynull0] enabled
[    1.667644] ACPI: bus type drm_connector registered
[    1.676432] brd: module loaded
[    1.716270] loop: module loaded
[    1.719686] wireguard: WireGuard 1.0.0 loaded. See www.wireguard.com for information.
[    1.723733] wireguard: Copyright (C) 2015-2019 Jason A. Donenfeld <Jason@zx2c4.com>. All Rights Reserved.
[    1.729996] tun: Universal TUN/TAP device driver, 1.6
[    1.733467] usbcore: registered new interface driver uas
[    1.736609] usbcore: registered new interface driver usb-storage
[    1.739456] i8042: PNP: No PS/2 controller found.
[    1.741475] usbcore: registered new interface driver xpad
[    1.745915] rtc_cmos rtc_cmos: registered as rtc0
[    1.748929] rtc_cmos rtc_cmos: setting system clock to 2026-10-01T13:05:25 UTC (1790859925)
[    1.753190] rtc_cmos rtc_cmos: alarms up to one year, y3k, 114 bytes nvram
[    1.756212] gspca_main: v2.14.0 registered
[    1.758666] usbcore: registered new interface driver uvcvideo
[    1.760952] device-mapper: uevent: version 1.0.3
[    1.763297] device-mapper: ioctl: 4.48.0-ioctl (2023-03-01) initialised: dm-devel@lists.linux.dev
[    1.767630] amd_pstate: the _CPC object is not present in SBIOS or ACPI disabled
[    1.772093] sdhci: Secure Digital Host Controller Interface driver
[    1.774667] sdhci: Copyright(c) Pierre Ossman
[    1.776797] sdhci-pltfm: SDHCI platform and OF driver helper
[    1.779799] hid: raw HID events driver (C) Jiri Kosina
[    1.783828] usbcore: registered new interface driver usbhid
[    1.786149] usbhid: USB HID core driver
[    1.787765] ashmem: Using Rust implementation.
[    1.788514] usbcore: registered new interface driver snd-usb-audio
[    1.793707] GACT probability on
[    1.795214] Mirror/redirect action on
[    1.796653] netem: version 1.3
[    1.798373] u32 classifier
[    1.799841]     input device check on
[    1.801217]     Actions configured
[    1.809100] xt_time: kernel timezone is -0000
[    1.811360] ipip: IPv4 and MPLS over IPv4 tunneling driver
[    1.814183] gre: GRE over IPv4 demultiplexor driver
[    1.816483] ip_gre: GRE over IPv4 tunneling driver
[    1.820342] IPv4 over IPsec tunneling driver
[    1.823101] Initializing XFRM netlink socket
[    1.825026] IPsec XFRM device driver
[    1.826812] NET: Registered PF_INET6 protocol family
[    1.830643] Freeing initrd memory: 21524K
[    1.831334] Segment Routing with IPv6
[    1.833578] In-situ OAM (IOAM) with IPv6
[    1.834603] mip6: Mobile IPv6
[    1.835791] sit: IPv6, IPv4 and MPLS over IPv4 tunneling driver
[    1.837678] ip6_gre: GRE over IPv6 tunneling driver
[    1.839468] NET: Registered PF_PACKET protocol family
[    1.841393] NET: Registered PF_KEY protocol family
[    1.843309] NET: Registered PF_VSOCK protocol family
[    1.845483] IPI shorthand broadcast: enabled
[    1.847299] AES CTR mode by8 optimization enabled
[    1.852944] sched_clock: Marking stable (1824021868, 26691588)->(2078095785, -227382329)
[    1.855804] registered taskstats version 1
[    1.857742] Loading compiled-in X.509 certificates
[    1.860534] Loaded X.509 cert 'Build time autogenerated kernel key: 1f903e9cb0b04d1a09ab4a9ce65c9e71dbbb19bc'
[    1.868334] page_owner is disabled
[    1.869516] Key type .fscrypt registered
[    1.870889] Key type fscrypt-provisioning registered
[    1.878504] ALSA device list:
[    1.879877]   No soundcards found.
[    1.881837] Freeing unused kernel image (initmem) memory: 3244K
[    1.884496] Write protecting the kernel read-only data: 40960k
[    1.887259] Freeing unused kernel image (rodata/data gap) memory: 1548K
[    1.889132] Run /init as init process
[    1.892255] init: init first stage started!
[    1.894521] init: Loading module /lib/modules/failover.ko with args ''
[    1.896490] failover: module verification failed: signature and/or required key missing - tainting kernel
[    1.900709] init: Loaded kernel module /lib/modules/failover.ko
[    1.903088] init: Loading module /lib/modules/nd_virtio.ko with args ''
[    1.905808] init: Loaded kernel module /lib/modules/nd_virtio.ko
[    1.907301] init: Loading module /lib/modules/net_failover.ko with args ''
[    1.910182] init: Loaded kernel module /lib/modules/net_failover.ko
[    1.911833] init: Loading module /lib/modules/virtio_dma_buf.ko with args ''
[    1.914084] init: Loaded kernel module /lib/modules/virtio_dma_buf.ko
[    1.916617] init: Loading module /lib/modules/virtio-gpu.ko with args ''
[    1.920715] init: Loaded kernel module /lib/modules/virtio-gpu.ko
[    1.922642] init: Loading module /lib/modules/virtio_input.ko with args ''
[    1.925689] init: Loaded kernel module /lib/modules/virtio_input.ko
[    1.928182] init: Loading module /lib/modules/virtio_net.ko with args ''
[    1.932230] init: Loaded kernel module /lib/modules/virtio_net.ko
[    1.933953] init: Loading module /lib/modules/virtio-rng.ko with args ''
[    1.936906] init: Loaded kernel module /lib/modules/virtio-rng.ko
[    1.939322] init: Loading module /lib/modules/libarc4.ko with args ''
[    1.942973] init: Loaded kernel module /lib/modules/libarc4.ko
[    1.944594] init: Loading module /lib/modules/rfkill.ko with args ''
[    1.947516] init: Loaded kernel module /lib/modules/rfkill.ko
[    1.949606] init: Loading module /lib/modules/cfg80211.ko with args ''
[    1.984873] cfg80211: Loading compiled-in X.509 certificates for regulatory database
[    1.988454] Loaded X.509 cert 'sforshee: 00b28ddf47aef9cea7'
[    1.990438] Loaded X.509 cert 'wens: 61c038651aabdcf94bd0ac7ff06c7248db18c600'
[    1.992411] platform regulatory.0: Direct firmware load for regulatory.db failed with error -2
[    1.995382] cfg80211: failed to load regulatory.db
[    1.997521] init: Loaded kernel module /lib/modules/cfg80211.ko
[    2.000205] init: Loading module /lib/modules/mac80211.ko with args ''
[    2.031340] init: Loaded kernel module /lib/modules/mac80211.ko
[    2.033522] init: Loading module /lib/modules/mac80211_hwsim.ko with args 'radios=0'
[    2.037844] mac80211_hwsim: initializing netlink
[    2.039689] init: Loaded kernel module /lib/modules/mac80211_hwsim.ko
[    2.042571] init: Loading module /lib/modules/virtio_blk.ko with args ''
[    2.046739] init: Loaded kernel module /lib/modules/virtio_blk.ko
[    2.049381] init: Loading module /lib/modules/virtio_console.ko with args ''
[    2.053644] init: Loaded kernel module /lib/modules/virtio_console.ko
[    2.056572] init: Loading module /lib/modules/virtio_pci_modern_dev.ko with args ''
[    2.060814] init: Loaded kernel module /lib/modules/virtio_pci_modern_dev.ko
[    2.064017] init: Loading module /lib/modules/virtio_pci_legacy_dev.ko with args ''
[    2.068252] init: Loaded kernel module /lib/modules/virtio_pci_legacy_dev.ko
[    2.071458] init: Loading module /lib/modules/virtio_pci.ko with args ''
[    2.085100] printk: legacy console [hvc0] enabled
[    2.086963] printk: legacy bootconsole [uart8250] disabled
[    2.117328] input: Cuttlefish Vhost User Multitouch Touchscreen 0 as /devices/pci0000:00/0000:00:01.3/virtio3/input/input2
[    2.128073] input: Cuttlefish Vhost User Rotary 0 as /devices/pci0000:00/0000:00:01.4/virtio4/input/input3
[    2.139367] input: Cuttlefish Vhost User Keyboard 0 as /devices/pci0000:00/0000:00:01.5/virtio5/input/input4
[    2.149424] input: Cuttlefish Vhost User Switches 0 as /devices/pci0000:00/0000:00:01.6/virtio6/input/input5
[    2.153974] [drm] pci: virtio-gpu-pci detected at 0000:00:02.0
[    2.155332] [drm] Host memory window: 0x200000000 +0x200000000
[    2.155585] [drm] features: +virgl +edid +resource_blob +host_visible
[    2.155588] [drm] features: +context_init
[    2.158481] [drm] number of scanouts: 16
[    2.158684] [drm] number of cap sets: 2
[    2.159883] [drm] cap set 0: id 3, max-version 0, max-size 112
[    2.160166] [drm] cap set 1: id 9, max-version 0, max-size 16
[    2.162092] [drm] Initialized virtio_gpu 0.1.0 for 0000:00:02.0 on minor 0
[    2.294558] virtio_blk virtio24: 2/0/0 default/read/poll queues
[    2.298079] virtio_blk virtio24: [vda] 34247808 512-byte logical blocks (17.5 GB/16.3 GiB)
[    2.300664]  vda: vda1 vda2 vda3 vda4 vda5 vda6 vda7 vda8 vda9 vda10 vda11 vda12 vda13 vda14 vda15 vda16 vda17 vda18 vda19
[    2.303888] virtio_blk virtio25: 2/0/0 default/read/poll queues
[    2.307285] virtio_blk virtio25: [vdb] 2560 512-byte logical blocks (1.31 MB/1.25 MiB)
[    2.309519]  vdb: vdb1 vdb2 vdb3 vdb4
[    2.311760] virtio_blk virtio26: 2/0/0 default/read/poll queues
[    2.315070] virtio_blk virtio26: [vdc] 4194304 512-byte logical blocks (2.15 GB/2.00 GiB)
[    2.316130]  vdc: vdc1
[    2.849342] init: Loaded kernel module /lib/modules/virtio_pci.ko
[    2.849767] init: Loading module /lib/modules/vmw_vsock_virtio_transport.ko with args ''
[    2.858972] init: Loaded kernel module /lib/modules/vmw_vsock_virtio_transport.ko
[    2.859277] init: Loaded 19 modules from /lib/modules
[    2.859522] init: Loaded 19 kernel modules took 965 ms
[    2.860051] init: Copied ramdisk prop to /second_stage_resources/system/etc/ramdisk/build.prop
[    2.860331] init: First stage mount skipped (recovery mode)
[    2.860616] init: [libfstab] Using Android DT directory /proc/device-tree/firmware/android/
[    2.876691] init: [libfs_avb] Returning avb_handle with status: Success
[    2.890179] init: [libfstab] Using Android DT directory /proc/device-tree/firmware/android/
[    2.891745] init: DM_DEV_STATUS failed for system_ext_a: No such device or address
[    2.892036] init: Could not update logical partition
[    2.892247] init: DM_DEV_STATUS failed for system_ext_a: No such device or address
[    2.892493] init: Could not update logical partition
[    2.892709] init: DM_DEV_STATUS failed for product_a: No such device or address
[    2.892962] init: Could not update logical partition
[    2.893206] init: DM_DEV_STATUS failed for product_a: No such device or address
[    2.893419] init: Could not update logical partition
[    2.893564] init: Opening SELinux policy
[    2.893665] init: Opening SELinux policy from monolithic file /sepolicy
[    2.897580] init: Loading SELinux policy
[    2.928820] SELinux:  policy capability network_peer_controls=1
[    2.929126] SELinux:  policy capability open_perms=1
[    2.929303] SELinux:  policy capability extended_socket_class=1
[    2.929460] SELinux:  policy capability always_check_network=0
[    2.929661] SELinux:  policy capability cgroup_seclabel=0
[    2.929785] SELinux:  policy capability nnp_nosuid_transition=1
[    2.929966] SELinux:  policy capability genfs_seclabel_symlinks=0
[    2.930138] SELinux:  policy capability ioctl_skip_cloexec=0
[    2.930373] SELinux:  policy capability userspace_initial_context=0
[    2.930534] SELinux: policy capability memfd_class=1
[    2.930754] SELinux: policy capability genfs_seclabel_wildcard=0
[    2.930997] SELinux:  unknown policy capability 9
[    2.931135] SELinux:  unknown policy capability 12
[    2.936166] audit: type=1403 audit(1790859926.643:2): auid=4294967295 ses=4294967295 lsm=selinux res=1
[    2.938280] audit: type=1300 audit(1790859926.643:2): arch=c000003e syscall=1 success=yes exit=930777 a0=5 a1=7f29b3f1bc20 a2=e33d9 a3=0 items=0 ppid=0 pid=1 auid=4294967295 uid=0 gid=0 euid=0 suid=0 fsuid=0 egid=0 sgid=0 fsgid=0 tty=(none) ses=4294967295 comm="init" exe="/system/bin/init" subj=u:r:kernel:s0 key=(null)
[    2.940823] audit: type=1327 audit(1790859926.643:2): proctitle=2F73797374656D2F62696E2F696E69740073656C696E75785F7365747570
[    2.941307] audit: type=1404 audit(1790859926.683:3): enforcing=1 old_enforcing=0 auid=4294967295 ses=4294967295 enabled=1 old-enabled=1 lsm=selinux res=1
[    2.941723] audit: type=1300 audit(1790859926.683:3): arch=c000003e syscall=1 success=yes exit=1 a0=5 a1=7ffc51d21970 a2=1 a3=0 items=0 ppid=0 pid=1 auid=4294967295 uid=0 gid=0 euid=0 suid=0 fsuid=0 egid=0 sgid=0 fsgid=0 tty=(none) ses=4294967295 comm="init" exe="/system/bin/init" subj=u:r:kernel:s0 key=(null)
[    2.942517] audit: type=1327 audit(1790859926.683:3): proctitle=2F73797374656D2F62696E2F696E69740073656C696E75785F7365747570
[    2.944626] selinux: SELinux: Loaded file context from:
[    2.944915] selinux: 		/plat_file_contexts
[    2.945093] selinux: 		/system_ext_file_contexts
[    2.945353] selinux: 		/product_file_contexts
[    2.945601] selinux: 		/vendor_file_contexts
[    2.945880] selinux: 		/odm_file_contexts
[    2.957384] init: init second stage started!
[    2.973165] selinux: SELinux: Loaded file context from:
[    2.973446] selinux: 		/plat_file_contexts
[    2.973641] selinux: 		/system_ext_file_contexts
[    2.973915] selinux: 		/product_file_contexts
[    2.974167] selinux: 		/vendor_file_contexts
[    2.974391] selinux: 		/odm_file_contexts
[    3.010757] init: [libfstab] Using Android DT directory /proc/device-tree/firmware/android/
[    3.013528] init: Overriding previous property 'ro.build.display.id':'generic_system-userdebug 17 CP2A.260605.016 16373615 test-keys' with new value 'aosp_cf_x86_64_only_phone-userdebug 17 CP2A.260605.016 16373615 test-keys'
[    3.014509] init: Overriding previous property 'ro.build.flavor':'generic_system-userdebug' with new value 'aosp_cf_x86_64_only_phone-userdebug'
[    3.015246] init: Overriding previous property 'ro.build.description':'generic_system-userdebug 17 CP2A.260605.016 16373615 test-keys' with new value 'aosp_cf_x86_64_only_phone-userdebug 17 CP2A.260605.016 16373615 test-keys'
[    3.016429] init: Overriding previous property 'ro.config.notification_sound':'OnTheHunt.ogg' with new value 'pixiedust.ogg'
[    3.017032] init: Overriding previous property 'ro.com.android.dataroaming':'false' with new value 'true'
[    3.017741] init: Couldn't load property file '/system/build.prop': open() failed: No such file or directory
[    3.019383] init: Setting product property ro.product.brand to 'generic' (from ro.product.product.brand)
[    3.019837] init: Setting product property ro.product.device to 'vsoc_x86_64_only' (from ro.product.product.device)
[    3.020282] init: Setting product property ro.product.manufacturer to 'Google' (from ro.product.product.manufacturer)
[    3.020780] init: Setting product property ro.product.model to 'Cuttlefish x86_64 phone 64-bit only' (from ro.product.product.model)
[    3.021317] init: Setting product property ro.product.name to 'aosp_cf_x86_64_only_phone' (from ro.product.product.name)
[    3.021806] init: Setting property 'ro.build.fingerprint' to 'generic/aosp_cf_x86_64_only_phone/vsoc_x86_64_only:17/CP2A.260605.016/16373615:userdebug/test-keys'
[    3.022430] init: Setting property 'ro.product.cpu.abilist' to 'x86_64,arm64-v8a'
[    3.022889] init: Setting property 'ro.product.cpu.abilist32' to ''
[    3.023098] init: Setting property 'ro.product.cpu.abilist64' to 'x86_64,arm64-v8a'
[    3.023654] init: Running restorecon...
[    3.029179] init: Created socket '/dev/socket/property_service_for_system', mode 660, user 0, group 1000
[    3.029969] init: Created socket '/dev/socket/property_service', mode 666, user 0, group 0
[    3.031316] init: [libfs_mgr] vendor overlay: vndk version not defined
[    3.033155] init: SetupMountNamespaces done
[    3.036228] init: Forked subcontext for 'u:r:vendor_init:s0' with pid 75
[    3.036578] init: Parsing file /system/etc/init/hw/init.rc...
[    3.036965] init: Added '/init.recovery.cutf_cvm.rc' to import list
[    3.038594] init: Parsing file /init.recovery.cutf_cvm.rc...
[    3.039053] init: Parsing directory /system/etc/init...
[    3.039367] init: Parsing file /system/etc/init/android.hardware.boot-service.default_recovery.rc...
[    3.039823] init: Parsing file /system/etc/init/android.hardware.health-service.cuttlefish_recovery.rc...
[    3.040340] init: Parsing file /system/etc/init/servicemanager.recovery.rc...
[    3.040730] init: Parsing file /system/etc/init/snapuserd.rc...
[    3.041128] init: Parsing file /system_ext/etc/init...
[    3.041404] init: Unable to read config file '/system_ext/etc/init': open() failed: No such file or directory
[    3.041905] init: Parsing file /vendor/etc/init...
[    3.042174] init: Unable to read config file '/vendor/etc/init': open() failed: No such file or directory
[    3.042603] init: Parsing file /odm/etc/init...
[    3.042915] audit: type=1400 audit(1790859926.787:4): avc:  denied  { read } for  pid=75 comm="init" name="bin" dev="rootfs" ino=194 scontext=u:r:vendor_init:s0 tcontext=u:object_r:rootfs:s0 tclass=dir permissive=0
[    3.042928] init: Unable to read config file '/odm/etc/init': open() failed: No such file or directory
[    3.043399] audit: type=1300 audit(1790859926.787:4): arch=c000003e syscall=269 success=no exit=-13 a0=ffffff9c a1=7ffe47f19591 a2=4 a3=1000 items=0 ppid=1 pid=75 auid=4294967295 uid=0 gid=0 euid=0 suid=0 fsuid=0 egid=0 sgid=0 fsgid=0 tty=(none) ses=4294967295 comm="init" exe="/system/bin/init" subj=u:r:vendor_init:s0 key=(null)
[    3.043580] init: Parsing file /product/etc/init...
[    3.043596] init: Unable to read config file '/product/etc/init': open() failed: No such file or directory
[    3.044261] audit: type=1327 audit(1790859926.787:4): proctitle=2F73797374656D2F62696E2F696E697400737562636F6E7465787400753A723A76656E646F725F696E69743A7330003136
[    3.047135] init: processing action (SetupCgroups) from (<Builtin Action>:0)
[    3.048573] libprocessgroup: Using system/app isolation under: /sys/fs/cgroup
[    3.049922] init: processing action (early-init) from (/system/etc/init/hw/init.rc:3)
[    3.062546] init: starting service 'ueventd'...
[    3.066195] libprocessgroup: Created cgroup /sys/fs/cgroup/system/uid_0
[    3.067039] libprocessgroup: Created cgroup /sys/fs/cgroup/system/uid_0/pid_76
[    3.067935] libprocessgroup: Failed to read task profiles from /etc/task_profiles.json
[    3.068342] libprocessgroup: Loading /etc/task_profiles.json for [1] failed
[    3.068707] libprocessgroup: Failed to find NormalIoPriority process profile
[    3.069552] init: ... started service 'ueventd' has pid 76
[    3.075043] init: processing action (ConnectEarlyStageSnapuserd) from (<Builtin Action>:0)
[    3.077593] init: processing action (wait_for_coldboot_done) from (<Builtin Action>:0)
[    3.082589] ueventd: ueventd started!
[    3.086844] selinux: SELinux: Loaded file context from:
[    3.087077] selinux: 		/plat_file_contexts
[    3.087242] selinux: 		/system_ext_file_contexts
[    3.087427] selinux: 		/product_file_contexts
[    3.087622] selinux: 		/vendor_file_contexts
[    3.087810] selinux: 		/odm_file_contexts
[    3.088254] ueventd: Parsing file /system/etc/ueventd.rc...
[    3.088484] ueventd: Added '/vendor/etc/ueventd.rc' to import list
[    3.088747] ueventd: Added '/odm/etc/ueventd.rc' to import list
[    3.089278] ueventd: Parsing file /vendor/etc/ueventd.rc...
[    3.089521] ueventd: Unable to read config file '/vendor/etc/ueventd.rc': open() failed: No such file or directory
[    3.089915] ueventd: Parsing file /odm/etc/ueventd.rc...
[    3.090122] ueventd: Unable to read config file '/odm/etc/ueventd.rc': open() failed: No such file or directory
[    3.368079] init: Wait for property 'ro.cold_boot_done=true' took 290ms
[    3.370294] init: processing action (CheckTradeInModeStatus) from (<Builtin Action>:0)
[    3.370561] init: processing action (SetMmapRndBits) from (<Builtin Action>:0)
[    3.371103] init: processing action (KeychordInit) from (<Builtin Action>:0)
[    3.371327] ueventd: Coldboot took 0.28 seconds
[    3.372231] init: processing action (init) from (/system/etc/init/hw/init.rc:13)
[    3.373392] init: Command 'symlink /system/bin /bin' action=init (/system/etc/init/hw/init.rc:22) took 0ms and failed: symlink() failed: File exists
[    3.374054] init: Command 'symlink /system/etc /etc' action=init (/system/etc/init/hw/init.rc:23) took 0ms and failed: symlink() failed: File exists
[    3.376148] binder: Using C Binder even though binder.impl=rust is set.
[    3.376775] init: starting service 'servicemanager'...
[    3.378671] libprocessgroup: Created cgroup /sys/fs/cgroup/system/uid_0/pid_80
[    3.380631] libprocessgroup: Failed to find NormalIoPriority process profile
[    3.381270] init: ... started service 'servicemanager' has pid 80
[    3.381526] init: processing action (CopyRollbackLogs) from (<Builtin Action>:0)
[    3.381795] init: processing action (late-init) from (/system/etc/init/hw/init.rc:62)
[    3.382238] init: processing action (queue_property_triggers) from (<Builtin Action>:0)
[    3.382502] init: processing action (sys.usb.configfs=0 && fs) from (/system/etc/init/hw/init.rc:120)
[    3.384008] init: processing action (fs) from (/system/etc/init/hw/init.rc:127)
[    3.384706] init: Command 'mount functionfs adb /dev/usb-ffs/adb uid=2000,gid=2000' action=fs (/system/etc/init/hw/init.rc:130) took 0ms and failed: mount() failed: No such device
[    3.385599] init: Command 'mount functionfs fastboot /dev/usb-ffs/fastboot rmode=0770,fmode=0660,uid=1000,gid=1000' action=fs (/system/etc/init/hw/init.rc:132) took 0ms and failed: mount() failed: No such device
[    3.386274] init: processing action (firmware_mounts_complete) from (/system/etc/init/hw/init.rc:58)
[    3.387001] init: processing action (boot) from (/system/etc/init/hw/init.rc:50)
[    3.388224] init: service 'ueventd' requested start, but it is already running (flags: 36, pid: 76, started 322ms ago)
[    3.390244] init: Could not start service 'charger' as part of class 'default': Cannot find '/system/bin/charger': No such file or directory
[    3.390775] init: starting service 'recovery'...
[    3.391214] init: Created socket '/dev/socket/recovery', mode 422, user 1000, group 1000
[    3.395796] libprocessgroup: Created cgroup /sys/fs/cgroup/system/uid_0/pid_81
[    3.396945] libprocessgroup: Failed to find NormalIoPriority process profile
[    3.397733] servicemanager: Starting sm instance on /dev/binder
[    3.399105] init: ... started service 'recovery' has pid 81
[    3.399330] init: service 'servicemanager' requested start, but it is already running (flags: 132, pid: 80, started 20ms ago)
[    3.399774] init: starting service 'vendor.health-cuttlefish'...
[    3.400838] SELinux: Multiple same specifications for android.hardware.secure_element.ISecureElement/eSE1.
[    3.402645] SELinux: SELinux: Loaded service context from:
[    3.403089] SELinux: 		/plat_service_contexts
[    3.403406] SELinux: 		/system_ext_service_contexts
[    3.403774] SELinux: 		/product_service_contexts
[    3.404101] SELinux: 		/vendor_service_contexts
[    3.406115] libprocessgroup: Created cgroup /sys/fs/cgroup/system/uid_1000
[    3.407506] libprocessgroup: Created cgroup /sys/fs/cgroup/system/uid_1000/pid_82
[    3.408672] libprocessgroup: Failed to find NormalIoPriority process profile
[    3.409482] init: ... started service 'vendor.health-cuttlefish' has pid 82
[    3.409711] init: processing action (enable_property_trigger) from (<Builtin Action>:0)
[    3.409984] init: processing action (ro.debuggable=1) from (/init.recovery.cutf_cvm.rc:10)
[    3.410217] init: starting service 'console'...
[    3.411365] libprocessgroup: Created cgroup /sys/fs/cgroup/system/uid_0/pid_83
[    3.412394] libprocessgroup: Failed to find NormalIoPriority process profile
[    3.413681] init: ... started service 'console' has pid 83
[    3.423272] android.hardware.health-service.cuttlefish: Starting health HAL.
[    3.424448] healthd: Failed to lookup glob /sys/devices/platform/*gcdd/system_dev_stat: -3
[    3.424838] healthd: No battery devices found
[    3.425209] android.hardware.health-service.cuttlefish_recovery: default instance initializing with healthd_config...
[    3.427936] cutils-trace: Error opening trace file: No such file or directory (2)
[    3.428645] cutils-trace: Error opening trace file: No such file or directory (2)
[    3.429202] servicemanager: getRecoveryHalManifest: Reading VINTF information.
[    3.429803] servicemanager: getRecoveryHalManifest: Successfully processed VINTF information
[    3.430135] init: Service 'console' (pid 83) exited with status 0
[    3.430318] init: Sending SIGKILL to service 'console' (pid 83) process group...
[    3.430627] libprocessgroup: Removed cgroup /sys/fs/cgroup/system/uid_0/pid_83
[    3.431041] servicemanager: Caller(pid=82,uid=1000,sid=u:r:hal_health_default:s0) Found android.hardware.health.IHealth/default in recovery VINTF manifest.
[    3.431479] android.hardware.health-service.cuttlefish_recovery: default: Hal init done
[    3.431913] HealthLoop: failed to load BPF program /sys/fs/bpf/vendor/prog_filterPowerSupplyEvents_skfilter_power_supply: No such file or directory (expected - recovery mode).
[    3.433503] healthd: battery none chg=
[    3.439762] recovery: [libfstab] Using Android DT directory /proc/device-tree/firmware/android/
[    3.442174] recovery: Boot command: boot-recovery
[    3.442818] recovery: Writing BCB boot-recovery recovery
[    3.443074] recovery: 
[    3.445549] recovery: Failed to read max brightness: No such file or directory
[    3.446146] recovery: Screensaver disabled
[    3.446787] healthd: battery none chg=
[    3.481429] recovery: Failed to load bitmap cancel_wipe_data_text for locale en-US (error -1). Falling back to use default locale.
[    3.483268] recovery: Failed to load bitmap cancel_wipe_data_text for locale en-US (error -1)
[    3.483615] recovery: Failed to load bitmap factory_data_reset_text for locale en-US (error -1). Falling back to use default locale.
[    3.484092] recovery: Failed to load bitmap factory_data_reset_text for locale en-US (error -1)
[    3.484454] recovery: Failed to load bitmap try_again_text for locale en-US (error -1). Falling back to use default locale.
[    3.484824] recovery: Failed to load bitmap try_again_text for locale en-US (error -1)
[    3.485145] recovery: Failed to load bitmap wipe_data_confirmation_text for locale en-US (error -1). Falling back to use default locale.
[    3.485555] recovery: Failed to load bitmap wipe_data_confirmation_text for locale en-US (error -1)
[    3.485925] recovery: Failed to load bitmap wipe_data_menu_header_text for locale en-US (error -1). Falling back to use default locale.
[    3.486273] recovery: Failed to load bitmap wipe_data_menu_header_text for locale en-US (error -1)
[    3.584567] recovery: Starting recovery (pid 81) on Thu Oct  1 13:05:27 2026
[    3.586024] recovery: 
[    3.586167] recovery: locale is [en-US]
[    3.591132] init: processing action (sys.usb.config=none && sys.usb.configfs=0) from (/system/etc/init/hw/init.rc:140)
[    3.592698] init: processing action (sys.usb.config=adb) from (/system/etc/init/hw/init.rc:134)
[    3.593099] init: starting service 'adbd'...
[    3.593896] init: Created socket '/dev/socket/adbd', mode 660, user 1000, group 1000
[    3.595273] libprocessgroup: Created cgroup /sys/fs/cgroup/system/uid_0/pid_88
[    3.596485] libprocessgroup: Failed to find NormalIoPriority process profile
[    3.597150] init: ... started service 'adbd' has pid 88
[    3.598103] init: processing action (sys.usb.config=adb && sys.usb.configfs=0) from (/system/etc/init/hw/init.rc:146)
[    3.617175] recovery: Clearing BCB
[   10.698752] init: processing action (service.adb.root=1) from (/system/etc/init/hw/init.rc:102)
[   10.700088] init: Sending SIGKILL to service 'adbd' (pid 88) process group...
[   10.701155] libprocessgroup: Removed cgroup /sys/fs/cgroup/system/uid_0/pid_88
[   10.701896] init: Service 'adbd' (pid 88) exited with status 0
[   10.703268] init: Sending SIGKILL to service 'adbd' (pid 88) process group...
[   10.703551] libprocessgroup: Failed to write 1 to /sys/fs/cgroup/system/uid_0/pid_88/cgroup.kill: No such file or directory
[   10.704132] init: starting service 'adbd'...
[   10.704918] init: Created socket '/dev/socket/adbd', mode 660, user 1000, group 1000
[   10.706200] libprocessgroup: Created cgroup /sys/fs/cgroup/system/uid_0/pid_101
[   10.707112] libprocessgroup: Failed to find NormalIoPriority process profile
[   10.708709] init: ... started service 'adbd' has pid 101
