yes: standard output: Broken pipe
Auto-selecting single ABI x86_64
Do you wish to create a custom hardware profile? [no] lab.avd
lab.ini
emulator Android emulator version 37.2.12.0 (build_id 16428233) (CL:N/A)
* daemon not running; starting now at tcp:5037
* daemon started successfully
booted in 28s: google/sdk_gphone64_x86_64/emu64xa:15/AE3A.240806.043/12960925:userdebug/dev-keys
kernel 6.6.50-android15-8-g8adecb593e9b-ab12525588 -> kmi android15-6.6; tiann/KernelSU v3.3.0
total 16428
drwx------  2 runner runner     4096 Oct  3 00:39 .
drwxrwxrwt 16 root   root       4096 Oct  3 00:39 ..
-rw-r--r--  1 runner runner 10777987 Oct  3 00:39 KernelSU_v3.3.0_32601-release.apk
-rw-r--r--  1 runner runner  5713312 Oct  3 00:39 ksud-x86_64-linux-android
-rw-r--r--  1 runner runner   318824 Oct  3 00:39 lkm-x86_64-android15-6.6_kernelsu.ko
== manager installed (me.weishu.kernelsu, KernelSU_v3.3.0_32601-release.apk)
/tmp/tmp.JGIL8oeUEL/lkm-x86_64-android15-6.6_kernelsu.ko: 1 file pushed, 0 skipped. 8.1 MB/s (318824 bytes in 0.038s)
/tmp/tmp.JGIL8oeUEL/ksud-x86_64-linux-android: 1 file pushed, 0 skipped. 165.3 MB/s (5713312 bytes in 0.033s)
== ksud: ksud 3.3.0 (uapi: 2)
== ksud late-load: rc=0
== ksud insmod /data/adb/kernelsu.ko: Error: load module failed: /data/adb/kernelsu.ko

Caused by:
    0: init_module failed without vermagic mismatch
    1: File exists (os error 17)
rc=1
kernelsu              159744  0 
== lsmod: kernelsu              159744  1 
KernelSU_v3.3.0_32601-release.apk
ksud-aarch64-apple-darwin
ksud-aarch64-linux-android
ksud-aarch64-unknown-linux-musl
ksud-x86_64-apple-darwin
ksud-x86_64-linux-android
ksud-x86_64-pc-windows-gnu.exe
ksud-x86_64-unknown-linux-musl
ksuinit-aarch64
ksuinit-x86_64
lkm-aarch64-android12-5.10_kernelsu.ko
lkm-aarch64-android13-5.10_kernelsu.ko
lkm-aarch64-android13-5.15_kernelsu.ko
lkm-aarch64-android14-5.15_kernelsu.ko
lkm-aarch64-android14-6.1_kernelsu.ko
lkm-aarch64-android15-6.6_kernelsu.ko
lkm-aarch64-android16-6.12_kernelsu.ko
lkm-aarch64-android17-6.18_kernelsu.ko
lkm-x86_64-android12-5.10_kernelsu.ko
lkm-x86_64-android13-5.10_kernelsu.ko
lkm-x86_64-android13-5.15_kernelsu.ko
lkm-x86_64-android14-5.15_kernelsu.ko
lkm-x86_64-android14-6.1_kernelsu.ko
lkm-x86_64-android15-6.6_kernelsu.ko
lkm-x86_64-android16-6.12_kernelsu.ko
lkm-x86_64-android17-6.18_kernelsu.ko
== no metamodule asset in tiann/KernelSU v3.3.0
/home/runner/work/devicelab/devicelab/modules/probe/./: 2 files pushed, 0 skipped. 0.0 MB/s (1474 bytes in 0.043s)
== modules: [
  {
    "remove": "false",
    "enabled": "true",
    "version": "1",
    "author": "p0g-stack",
    "description": "Observation module for devicelab. Its WebUI page is driven over DevTools.",
    "versionCode": "1",
    "id": "devicelab_probe",
    "update": "false",
    "web": "true",
    "action": "false",
    "mount": "false",
    "name": "devicelab probe"
  }
]
SELinux: Loaded file context from:
		/system/etc/selinux/plat_file_contexts
		/system_ext/etc/selinux/system_ext_file_contexts
		/vendor/etc/selinux/vendor_file_contexts
== home text: text="LKM" text="Working [Jailbreak mode]" text="Version: 32601-2" text="Manager version" text="v3.3.0 (32601-2)" text="Kernel version" text="6.6.50-android15-8-g8adecb593e9b-ab12525588" text="Device model" text="Google sdk_gphone64_x86_64" text="Fingerprint" text="google/sdk_gphone64_x86_64/emu64xa:15/AE3A.240806.043/12960925:userdebug/dev-keys" text="Enforcing" text="KernelSU" text="Home" text="Superuser" text="1" text="Module" text="Settings" 
== manager activities: me.weishu.kernelsu/.magica.BootCompletedReceiver me.weishu.kernelsu/.ui.MainActivity me.weishu.kernelsu/androidx.core.content.FileProvider me.weishu.kernelsu/androidx.profileinstaller.ProfileInstallReceiver me.weishu.kernelsu/androidx.startup.InitializationProvider 
WebUI-X-v438-release-official.apk
WebUI-X-v438-release-spoofed.apk
== downloaded MMRLApp/WebUI-X-Portable v438 WebUI-X-v438-release-official.apk
Success
== installed com.dergoogler.mmrl.wx uid=10210     versionName=v438-release
== activities: com.dergoogler.mmrl.wx/.ui.activity.CrashHandlerActivity com.dergoogler.mmrl.wx/.ui.activity.MainActivity com.dergoogler.mmrl.wx/.ui.activity.modconf.ModConfActivity com.dergoogler.mmrl.wx/.ui.activity.webui.KsuWebUIActivity com.dergoogler.mmrl.wx/.ui.activity.webui.WebUIActivity com.dergoogler.mmrl.wx/.util.NonRootService com.dergoogler.mmrl.wx/androidx.core.content.FileProvider com.dergoogler.mmrl.wx/androidx.profileinstaller.ProfileInstallReceiver com.dergoogler.mmrl.wx/androidx.startup.InitializationProvider com.dergoogler.mmrl.wx/androidx.work.impl.background.systemalarm.ConstraintProxy com.dergoogler.mmrl.wx/androidx.work.impl.background.systemalarm.ConstraintProxyUpdateReceiver com.dergoogler.mmrl.wx/androidx.work.impl.background.systemalarm.RescheduleReceiver com.dergoogler.mmrl.wx/androidx.work.impl.diagnostics.DiagnosticsReceiver 
ui: tapped 'Superuser' at 120,584
ui: no node with 'com.dergoogler.mmrl.wx'
ui: tapped 160,152
ui: tapped 'com.dergoogler.mmrl.wx' at 160,130
[12,230][308,290] Superuser
[243,236][292,284] 
[12,302][308,358] App Profile | Default
[12,26][60,74] 
[260,26][308,74] Settings
ui: tapped switch 1 ('', was checked=false)
== ksud feature list: Available Features: ================================================================================ [ENABLED (1)] su_compat (ID=0)     SU Compatibility Mode - allows authorized apps to gain root via traditional 'su' command  [ENABLED (1)] kernel_umount (ID=1)     Kernel Umount - controls whether kernel automatically unmounts modules when not needed  [DISABLED] sulog (ID=2)     SU Log - streams kernel sulog events to userspace and persists them to disk  [DISABLED] adb_root (ID=3)     ADB Root - Enable adbd root  [DISABLED] selinux_hide (ID=4)     SELinux Hide - sanitize /sys/fs/selinux access results for app UIDs  [DISABLED] webview_zygote_umount (ID=5)     WebView Zygote Umount - unmount modules from WebView zygote and its isolated children  
== su_compat: Feature: su_compat (0) Description: SU Compatibility Mode - allows authorized apps to gain root via traditional 'su' command Value: 1 Status: enabled 
== root grant: ui; su as app uid 10210: su: failed to exec /system/bin/su: No such file or directory
ui: tapped 'KernelSU' at 160,265
[40,165][280,221] Magisk
[40,309][280,389] KernelSU Next
[40,405][280,461] APatch
[40,477][280,557] SukiSU Ultra
[40,573][280,629] Non-Root
[40,644][280,692] Continue with KernelSU
ui: tapped 'Continue with KernelSU' at 160,668
[16,104][304,330] devicelab probe | 1 (1) by p0g-stack | Updated on 3 October 2026 | Observation module for devicelab. Its WebUI page is d
[32,274][90,322] 
[153,274][288,322] Add Shortcut
[220,32][268,80] 
[268,32][316,80] 
[164,796][320,876] Settings
ui: no node with 'Continue with KernelSU'
ui: no node with 'Next'
ui: no node with 'Continue'
ui: no node with 'Grant'
ui: no node with 'Allow'
ui: no node with 'Get started'
ui: no node with 'Done'
ui: no node with 'OK'
ui: no node with 'Finish'
[16,104][304,330] devicelab probe | 1 (1) by p0g-stack | Updated on 3 October 2026 | Observation module for devicelab. Its WebUI page is d
[32,274][90,322] 
[153,274][288,322] Add Shortcut
[220,32][268,80] 
[268,32][316,80] 
[164,796][320,876] Settings
ui: no node with 'Continue with KernelSU'
ui: no node with 'Next'
ui: no node with 'Continue'
ui: no node with 'Grant'
ui: no node with 'Allow'
ui: no node with 'Get started'
ui: no node with 'Done'
ui: no node with 'OK'
ui: no node with 'Finish'
[16,104][304,330] devicelab probe | 1 (1) by p0g-stack | Updated on 3 October 2026 | Observation module for devicelab. Its WebUI page is d
[32,274][90,322] 
[153,274][288,322] Add Shortcut
[220,32][268,80] 
[268,32][316,80] 
[164,796][320,876] Settings
== WebUI X platform after onboarding: preferences.pb 
== devtools sockets: 
== metamodule releases backslashxx/mountify: 204 Latest 204 2026-08-25T05:14:18Z;203  203 2026-06-25T15:03:16Z;202  202 2026-06-23T03:45:32Z;
== metamodule candidate backslashxx/mountify mountify.zip: id=mountify version=v2.0.4 versionCode=204 metamodule=true 
== metamodule repo (given): backslashxx/mountify
== metamodule zip: mountify.zip sha256 dde361c444f6990b759890720487785402a391a61cf6530f960deb98e5ef864d
== metamodule module.prop: id=mountify name=mountify version=v2.0.4 versionCode=204 author=xx, KOWX712 metamodule=true description=Globally mounted modules via OverlayFS. updateJson=https://raw.githubusercontent.com/backslashxx/mountify/master/update.json 
/tmp/tmp.TYGvpd0hy9/rel/mountify.zip: 1 file pushed, 0 skipped. 328.6 MB/s (554873 bytes in 0.002s)
== install mountify.zip
[H[J[|]
[H[J[\]
[H[J[+] mountify
[+] SysReq test
[+] CONFIG_OVERLAY_FS
[+] overlay found in /proc/filesystems
[+] CONFIG_TMPFS_XATTR
[+] tmpfs extended attribute test passed
[!] using fresh config.sh
[+] moving modules.txt
[+] moving whiteouts.txt
[+] mountify will be installed in metamodule mode!
- Done
- Creating metamodule symlink
- Module installed successfully!
== soft-reboot: 
== after soft-reboot (43s): [
  {
    "action": "false",
    "id": "devicelab_probe",
    "enabled": "true",
    "author": "p0g-stack",
    "name": "devicelab probe",
    "version": "1",
    "versionCode": "1",
    "update": "false",
    "web": "true",
    "mount": "false",
    "remove": "false",
    "description": "Observation module for devicelab. Its WebUI page is driven over DevTools."
  },
  {
    "metamodule": "true",
    "name": "mountify",
    "description": "mode: auto 🤖 | fstype: tmpfs 🦾 | no modules mounted",
    "version": "v2.0.4",
    "id": "mountify",
    "updateJson": "https://raw.githubusercontent.com/backslashxx/mountify/master/update.json",
    "update": "false",
    "enabled": "true",
    "remove": "false",
    "author": "xx, KOWX712",
    "web": "true",
    "mount": "false",
    "action": "true",
    "versionCode": "204"
  }
]
total 32
drwxrwxrwx 4 root root 4096 2026-10-03 00:44 .
drwx------ 7 root root 4096 2026-10-03 00:44 ..
drwxr-xr-x 3 root root 4096 2026-10-03 00:40 devicelab_probe
drwxr-xr-x 5 root root 4096 2026-10-03 00:44 mountify
== metamodule active: lrwxrwxrwx 1 root root 26 2026-10-03 00:44 /data/adb/metamodule -> /data/adb/modules/mountify id=mountify name=mountify version=v2.0.4 versionCode=204 author=xx, KOWX712 metamodule=true description=mode: auto 🤖 | fstype: tmpfs 🦾 | no modules mounted updateJson=https://raw.githubusercontent.com/backslashxx/mountify/master/update.json 
inputs/modules/flutter_webui_counter-0.1.5.zip: 1 file pushed, 0 skipped. 447.2 MB/s (21434766 bytes in 0.046s)
== install flutter_webui_counter-0.1.5.zip
  inflating: webroot/fonts/notocoloremoji/v32/Yq6P-KqIXTD0t4D9z1ESnKM3-HpFabsE4tq3luCC7p-aXxcn.3.woff2
  inflating: webroot/fonts/notocoloremoji/v32/Yq6P-KqIXTD0t4D9z1ESnKM3-HpFabsE4tq3luCC7p-aXxcn.8.woff2
  inflating: webroot/fonts/notocoloremoji/v32/Yq6P-KqIXTD0t4D9z1ESnKM3-HpFabsE4tq3luCC7p-aXxcn.2.woff2
   creating: webroot/fonts/notosansmath/
   creating: webroot/fonts/notosansmath/v15/
  inflating: webroot/fonts/notosansmath/v15/7Aump_cpkSecTWaHRlH2hyV5UHkD-V048PW0.woff2
   creating: webroot/fonts/roboto/
   creating: webroot/fonts/roboto/v32/
  inflating: webroot/fonts/roboto/v32/KFOmCnqEu92Fr1Me4GZLCzYlKw.woff2
  inflating: webroot/.last_build_id
  inflating: webroot/config.json
  inflating: webroot/flutter_webui.js
  inflating: customize.sh
- Done
- Module installed successfully!
inputs/modules/counter-v1.0.0.zip: 1 file pushed, 0 skipped. 653.5 MB/s (6582359 bytes in 0.010s)
== install counter-v1.0.0.zip
  inflating: webroot/canvaskit/chromium/canvaskit.wasm
  inflating: webroot/config.json
  inflating: webroot/favicon.png
  inflating: webroot/flutter.js
  inflating: webroot/flutter_bootstrap.js
  inflating: webroot/icons/Icon-192.png
  inflating: webroot/icons/Icon-512.png
  inflating: webroot/icons/Icon-maskable-192.png
  inflating: webroot/icons/Icon-maskable-512.png
  inflating: webroot/index.html
  inflating: webroot/main.dart.js
  inflating: webroot/manifest.json
  inflating: webroot/version.json
- Done
- Module installed successfully!
inputs/modules/demo.zip: 1 file pushed, 0 skipped. 461.7 MB/s (28139859 bytes in 0.058s)
== install demo.zip
  inflating: webroot/pkg/.gitignore
  inflating: webroot/pkg/demo_native.js
  inflating: webroot/pkg/demo_native_bg.wasm
  inflating: webroot/pkg/package.json
  inflating: webroot/version.json
  inflating: webroot/workers/demo_service.web.g.dart.js
  inflating: webroot/workers/hello_service.web.g.dart.js
  inflating: webui_app_plane/app-install.sh
  inflating: webui_app_plane/app.apk
  inflating: webui_app_plane/arm64-v8a/webui_termux_api.aot
  inflating: webui_app_plane/termux-api
  inflating: webui_app_plane/x86_64/webui_termux_api.aot
  Installed com.webui.api.demo 1011
- Done
- Module installed successfully!
/home/runner/work/devicelab/devicelab/envdump.zip: 1 file pushed, 0 skipped. 21.8 MB/s (1766 bytes in 0.000s)
== install envdump.zip
 devicelab envdump 
 by p0g-stack 
*******************
*********************
 Powered by KernelSU 
*********************
Archive:  /data/local/tmp/m.zip
  inflating: customize.sh
- Extracting module files
Archive:  /data/local/tmp/m.zip
  inflating: module.prop
  inflating: customize.sh
- devicelab envdump: written /data/local/tmp/customize-env.txt
- Done
- Module installed successfully!
== soft-reboot: 
== after soft-reboot (43s): [
  {
    "version": "1",
    "update": "false",
    "web": "true",
    "remove": "false",
    "mount": "false",
    "author": "p0g-stack",
    "action": "false",
    "name": "devicelab probe",
    "versionCode": "1",
    "enabled": "true",
    "id": "devicelab_probe",
    "description": "Observation module for devicelab. Its WebUI page is driven over DevTools."
  },
  {
    "action": "true",
    "updateJson": "https://raw.githubusercontent.com/backslashxx/mountify/master/update.json",
    "author": "xx, KOWX712",
    "name": "mountify",
    "metamodule": "true",
    "description": "mode: auto 🤖 | fstype: tmpfs 🦾 | no modules mounted",
    "id": "mountify",
    "version": "v2.0.4",
    "update": "false",
    "versionCode": "204",
    "enabled": "true",
    "remove": "false",
    "web": "true",
    "mount": "false"
  },
  {
    "enabled": "true",
    "id": "flutter_webui_counter",
    "remove": "false",
    "name": "flutter-webui Counter",
    "action": "false",
    "versionCode": "6",
    "mount": "false",
    "version": "0.1.5",
    "update": "false",
    "author": "p0g-stack",
    "description": "Stock Flutter counter app on flutter-webui (devicelab bring-up build).",
    "web": "true"
  },
  {
    "web": "true",
    "author": "Yuv",
    "id": "counter",
    "remove": "false",
    "action": "false",
    "version": "v1.0.0",
    "update": "false",
    "versionCode": "1",
    "description": "A new Flutter project.",
    "name": "Counter",
    "enabled": "true",
    "mou
total 64
drwxrwxrwx 8 root root 4096 2026-10-03 00:45 .
drwx------ 7 root root 4096 2026-10-03 00:44 ..
drwxr-xr-x 3 root root 4096 2026-10-03 00:44 counter
drwxr-xr-x 6 root root 4096 2026-10-03 00:45 demo
drwxr-xr-x 2 root root 4096 2026-10-03 00:45 devicelab_envdump
drwxr-xr-x 3 root root 4096 2026-10-03 00:40 devicelab_probe
drwxr-xr-x 4 root root 4096 2026-10-03 00:44 flutter_webui_counter
drwxr-xr-x 5 root root 4096 2026-10-03 00:44 mountify
/home/runner/work/devicelab/devicelab/out/labserver: 1 file pushed, 0 skipped. 226.3 MB/s (7843260 bytes in 0.033s)
Starting: Intent { cmp=com.dergoogler.mmrl.wx/.ui.activity.webui.WebUIActivity (has extras) }
Status: ok
Activity: com.dergoogler.mmrl.wx/.ui.activity.webui.WebUIActivity
https://mui.kernelsu.org/index.html
opened: intent
{"check":"targets","result":[{"socket": "webview_devtools_remote_12766", "type": "page", "url": "https://mui.kernelsu.org/index.html", "title": "devicelab probe"}]}
{"check":"globals","result":{"url":"https://mui.kernelsu.org/index.html","socket":"webview_devtools_remote_12766","value":{"ua":"WebUI X/438 (Linux; Android 15; sdk_gphone64_x86_64; KernelSU/32601)","origin":"https://mui.kernelsu.org","href":"https://mui.kernelsu.org/index.html","globals":["$DeFile","$DeFileInputStream","$DeFileOutputStream","$devicelab_probe","$intent","$packageManager","$userManager","ksu","webui"],"ksu":["exec","execBool","fullScreen","mmrl","moduleInfo","spawn","toast","exec","execBool","fullScreen","mmrl","moduleInfo","spawn","toast"]}}}
{"check":"ksu-exec","result":{"url":"https://mui.kernelsu.org/index.html","socket":"webview_devtools_remote_12766","value":{"code":0,"out":"uid=0(root) gid=0(root) groups=0(root) context=u:r:ksu:s0\nu:r:ksu:s0\u0000","err":""}}}
{"check":"ws-loopback","result":{"url":"https://mui.kernelsu.org/index.html","socket":"webview_devtools_remote_12766","value":{"got":["{\"origin\":\"https://mui.kernelsu.org\",\"peerUid\":10210,\"remote\":\"127.0.0.1:56190\",\"serverUid\":0,\"t\":1790988355658,\"uidSource\":\"/proc/net/tcp\"}","hi"],"ms":15}}}
{"check":"fetch-loopback","result":{"url":"https://mui.kernelsu.org/index.html","socket":"webview_devtools_remote_12766","value":{"origin":"https://mui.kernelsu.org","peerUid":10210,"remote":"127.0.0.1:56204","serverUid":0,"t":1790988355789,"uidSource":"/proc/net/tcp"}}}
{"check":"webview-uid","result":["webview_zygote 1053 webview_zygote", "u0_a210      10210 com.dergoogler.mmrl.wx", "root             0 com.dergoogler.mmrl.wx:root:0", "root             0 com.dergoogler.mmrl.wx:root:0", "u0_a151      10151 com.google.android.webview:webview_service", "u0_i9000     99000 com.google.android.webview:sandboxed_process0:org.chromium.content.app.SandboxedProcessService0:0"]}
{"check":"while-home-heartbeat","result":{"url":"https://mui.kernelsu.org/index.html","socket":"webview_devtools_remote_12766","value":{"now":9762,"vis":"hidden"}}}
{"check":"lifecycle","result":{"url":"https://mui.kernelsu.org/index.html","socket":"webview_devtools_remote_12766","value":{"events":[{"type":"pageshow","t":101,"vis":"visible"},{"type":"visibilitychange","t":3628,"vis":"hidden"},{"type":"visibilitychange","t":12046,"vis":"visible"}],"gaps":[{"from":3599,"ms":8447,"vis":"visible"}],"slow":{"heldMs":3001,"sentAt":1790988358967,"resolvedAt":1790988358971,"vis":"hidden"}}}}
{"check":"dev-url","result":{"error":"no page target","sockets":["webview_devtools_remote_12766"],"targets":[{"socket":"webview_devtools_remote_12766","port":9300,"description":"{\"attached\":true,\"empty\":false,\"height\":640,\"never_attached\":false,\"screenX\":0,\"screenY\":0,\"visible\":false,\"width\":320}","devtoolsFrontendUrl":"https://chrome-devtools-frontend.appspot.com/serve_internal_file/@7741f71cbce3b7dfe3eb5890976d2596364b0733/inspector.html?ws=127.0.0.1:9300/devtools/page/D8C975A33B776F4F898B612B43059199","id":"D8C975A33B776F4F898B612B43059199","title":"devicelab probe","type":"page","url":"https://mui.kernelsu.org/index.html","webSocketDebuggerUrl":"ws://127.0.0.1:9300/devtools/page/D8C975A33B776F4F898B612B43059199"}]}}
Starting: Intent { cmp=com.dergoogler.mmrl.wx/.ui.activity.webui.WebUIActivity (has extras) }
Status: ok
Activity: com.dergoogler.mmrl.wx/.ui.activity.webui.WebUIActivity
https://mui.kernelsu.org/index.html
opened: intent
{"check":"targets","result":[{"type": "page", "url": "https://mui.kernelsu.org/index.html", "title": "Flutter Demo"}]}
{"check":"page","result":{"url":"https://mui.kernelsu.org/index.html","socket":"webview_devtools_remote_13259","value":{"href":"https://mui.kernelsu.org/index.html","title":"Flutter Demo","ready":"complete","flutter":true,"glass":true,"nav":{"dcl":115,"load":414},"paint":{"first-paint":1044,"first-contentful-paint":1920},"glassAt":"present","firstFrame":null,"insets":"24px","vv":[320,640,1]}}}
{"check":"java-exceptions","result":["10-03 00:46:15.531 13259 13259 E JavaScriptInterfaceImplementation.createNewWX(...): java.lang.NoSuchMethodException: com.dergoogler.mmrl.hybridwebui.interfaces.prebuilt.FileChooserInterface.<init> [class com.dergoogler.mmrl.webui.interfaces.WXOptions]", "10-03 00:46:15.531 13259 13259 E JavaScriptInterfaceImplementation.createNewWX(...): \tat java.lang.Class.getConstructor0(Class.java:3395)", "10-03 00:46:15.531 13259 13259 E JavaScriptInterfaceImplementation.createNewWX(...): \tat java.lang.Class.getDeclaredConstructor(Class.java:3077)", "10-03 00:46:15.531 13259 13259 E JavaScriptInterfaceImplementation.createNewWX(...): \tat com.dergoogler.mmrl.ext.JavaScriptInterfaceExtKt.createNewWX(JavaScriptInterfaceExt.kt:16)", "10-03 00:46:15.531 13259 13259 E JavaScriptInterfaceImplementation.createNewWX(...): \tat com.dergoogler.mmrl.webui.view.WebUIView.addJavascriptInterface(WebUIView.kt:267)", "10-03 00:46:15.531 13259 13259 E JavaScriptInterfaceImplementation.createNewWX(...): \tat com.dergoogler.mmrl.wx.ui.activity.webui.WebUIActivity.init$lambda$4$lambda$3$lambda$2(WebUIActivity.kt:219)", "10-03 00:46:15.531 13259 13259 E JavaScriptInterfaceImplementation.createNewWX(...): \tat com.dergoogler.mmrl.wx.ui.activity.webui.WebUIActivity.$r8$lambda$_nZAC8A9f41jkM28VFfiLo2SZbA(Unknown Source:0)", "10-03 00:46:15.531 13259 13259 E JavaScriptInterfaceImplementation.createNewWX(...): \tat com.dergoogler.mmrl.wx.ui.activity.webui.WebUIActivity$$ExternalSyntheticLambda2.invoke(D8$$SyntheticClass:0)", "10-03 00:46:15.531 13259 13259 E JavaScriptInterfaceImplementation.createNewWX(...): \tat com.dergoogler.mmrl.hybridwebui.HybridWebUI.setupDependencies(HybridWebUI.kt:106)", "10-03 00:46:15.531 13259 13259 E JavaScriptInterfaceImplementation.createNewWX(...): \tat com.dergoogler.mmrl.hybridwebui.HybridWebUI.onAttachedToWindow(HybridWebUI.kt:77)", "10-03 00:46:15.531 13259 13259 E JavaScriptInterfaceImplementation.createNewWX(...): \tat android.view.View.dispatchAttachedToWindow(View.java:22860)", "10-03 00:46:15.531 13259 13259 E JavaScriptInterfaceImplementation.createNewWX(...): \tat android.view.ViewGroup.dispatchAttachedToWindow(ViewGroup.java:3492)", "10-03 00:46:15.531 13259 13259 E JavaScriptInterfaceImplementation.createNewWX(...): \tat android.view.ViewGroup.dispatchAttachedToWindow(ViewGroup.java:3499)", "10-03 00:46:15.531 13259 13259 E JavaScriptInterfaceImplementation.createNewWX(...): \tat android.view.ViewGroup.dispatchAttachedToWindow(ViewGroup.java:3499)", "10-03 00:46:15.531 13259 13259 E JavaScriptInterfaceImplementation.createNewWX(...): \tat android.view.ViewGroup.dispatchAttachedToWindow(ViewGroup.java:3499)", "10-03 00:46:15.531 13259 13259 E JavaScriptInterfaceImplementation.createNewWX(...): \tat android.view.ViewGroup.dispatchAttachedToWindow(ViewGroup.java:3499)", "10-03 00:46:15.531 13259 13259 E JavaScriptInterfaceImplementation.createNewWX(...): \tat android.view.ViewGroup.dispatchAttachedToWindow(ViewGroup.java:3499)", "--", "10-03 00:46:23.913 11011 13422 W TapAndPay: java.lang.NullPointerException: NfcAdapter is null", "10-03 00:46:23.913 11011 13422 W TapAndPay: \tat android.nfc.cardemulation.CardEmulation.getInstance(CardEmulation.java:170)", "10-03 00:46:23.913 11011 13422 W TapAndPay: \tat dhwn.<init>(:com.google.android.gms@242335041@24.23.35 (190800-646585959):15)", "10-03 00:46:23.913 11011 13422 W TapAndPay: \tat com.google.android.gms.tapandpay.hce.task.TapAndPayAidRegistrationTaskOperation.a(:com.google.android.gms@242335041@24.23.35 (190800-646585959):50)", "10-03 00:46:23.913 11011 13422 W TapAndPay: \tat com.google.android.gms.tapandpay.gcmtask.TapAndPayGcmTaskChimeraService.a(:com.google.android.gms@242335041@24.23.35 (190800-646585959):32)", "10-03 00:46:23.913 11011 13422 W TapAndPay: \tat bpjj.call(:com.google.android.gms@242335041@24.23.35 (190800-646585959):32)", "10-03 00:46:23.913 11011 13422 W TapAndPay: \tat java.util.concurrent.FutureTask.run(FutureTask.java:264)", "10-03 00:46:23.913 11011 13422 W TapAndPay: \tat angs.c(:com.google.android.gms@242335041@24.23.35 (190800-646585959):50)", "10-03 00:46:23.913 11011 13422 W TapAndPay: \tat angs.run(:com.google.android.gms@242335041@24.23.35 (190800-646585959):76)", "10-03 00:46:23.913 11011 13422 W TapAndPay: \tat java.util.concurrent.ThreadPoolExecutor.runWorker(ThreadPoolExecutor.java:1145)", "10-03 00:46:23.913 11011 13422 W TapAndPay: \tat java.util.concurrent.ThreadPoolExecutor$Worker.run(ThreadPoolExecutor.java:644)", "10-03 00:46:23.913 11011 13422 W TapAndPay: \tat anmg.run(:com.google.android.gms@242335041@24.23.35 (190800-646585959):8)", "10-03 00:46:23.913 11011 13422 W TapAndPay: \tat java.lang.Thread.run(Thread.java:1012)"]}
{"check":"console-errors","result":["--------- beginning of main", "10-03 00:46:15.305 13259 13363 E chromium: [ERROR:simple_file_enumerator.cc(21)] opendir /data/user/0/com.dergoogler.mmrl.wx/cache/WebView/Default/HTTP Cache/Code Cache/js: No such file or directory (2)", "10-03 00:46:15.307 13259 13363 E chromium: [ERROR:simple_index_file.cc(614)] Could not reconstruct index from disk", "10-03 00:46:15.308 13259 13363 E chromium: [ERROR:simple_file_enumerator.cc(21)] opendir /data/user/0/com.dergoogler.mmrl.wx/cache/WebView/Default/HTTP Cache/Code Cache/wasm: No such file or directory (2)", "10-03 00:46:15.309 13259 13363 E chromium: [ERROR:simple_index_file.cc(614)] Could not reconstruct index from disk", "10-03 00:46:15.466 13349 13379 W chromium: [WARNING:runtime_features.cc(694)] SharedStorage for M118+ cannot be enabled in this configuration. Use --enable-features=SharedStorageAPI,SharedStorageAPIM118 in addition.", "10-03 00:46:15.626 13349 13379 I chromium: [INFO:viewport_data.cc(133)] E2E_Used ViewportFitCover", "10-03 00:46:15.694 13349 13379 I chromium: [INFO:viewport_data.cc(133)] E2E_Used ViewportFitCover", "10-03 00:46:15.746 13259 13259 I chromium: [INFO:CONSOLE(53)] \"Injecting <script> tag. Using callback.\", source:  (53)", "10-03 00:46:20.182 12479 13162 E chromium: [ERROR:ssl_client_socket_impl.cc(879)] handshake failed; returned -1, SSL error code 1, net_error -103"]}
{"check":"first-frame-warm","result":{"url":"https://mui.kernelsu.org/index.html","socket":"webview_devtools_remote_13259","value":{"firstFrameMs":390,"now":15051,"flutter":true,"resizes":[],"paint":{"first-paint":806,"first-contentful-paint":806},"calls":[[46,"at-preload","ksu:undefined webui:undefined"],[50,"ksu-defined"],[53,"wrap-failed","exec"],[53,"wrap-failed","spawn"],[54,"wrap-failed","moduleInfo"],[54,"wrap-failed","fullScreen"],[54,"wrap-failed","toast"]],"resources":[["/internal/insets.css",43,60,"link",0],["/flutter_webui.css",43,74,"link",0],["/flutter_webui.js",44,74,"script",0],["/flutter_bootstrap.js",44,73,"script",0],["/internal/assets/ext/require.js",44,64,"script",0],["/canvaskit/chromium/canvaskit.wasm",107,150,"fetch",0],["/canvaskit/chromium/canvaskit.js",107,121,"other",0],["/main.dart.js",107,139,"script",0],["/assets/FontManifest.json",318,332,"fetch",0],["/favicon.ico",332,335,"other",0],["/assets/fonts/MaterialIcons-Regular.otf",334,342,"fetch",0],["/assets/packages/cupertino_icons/assets/CupertinoIcons.ttf",334,341,"fetch",0],["/assets/fonts/fallback/Roboto-Regular.ttf",335,343,"fetch",0]],"marks":[["flutter_webui:register",344],["flutter_webui:registered",346],["flutter_webui:first-frame",390]],"measures":[],"fonts":[]}}}
{"check":"root-start","result":{"url":"https://mui.kernelsu.org/index.html","socket":"webview_devtools_remote_13259","value":{"code":0,"out":"","err":"","ms":90}}}
{"check":"session","result":{"url":"https://mui.kernelsu.org/index.html","socket":"webview_devtools_remote_13259","value":{"status":200,"ms":12,"protocol":1,"version":"0.1.0","port":40893,"pid":13485,"tokenLen":43}}}
{"check":"ws-hello","result":{"url":"https://mui.kernelsu.org/index.html","socket":"webview_devtools_remote_13259","value":{"first":"{\"op\":\"hello\",\"protocol\":1,\"version\":\"0.1.0\",\"pid\":13485,\"boot\":\"bbffa4a5-738b-49d4-b812-165e644a0996\",\"uid\":0,\"moduleDir\":\"/data/adb/modules/flutter_webui_counter\"}"}}}
{"check":"channel-process","result":"USER           UID LABEL                            PID NAME                       \nroot             0 u:r:ksu:s0                     13485 ld-linux-x86-64.so.2\nexe=/data/adb/modules/flutter_webui_counter/flutter_webui/x86_64/ld-linux-x86-64.so.2\n/data/adb/modules/flutter_webui_counter/flutter_webui/x86_64/ld-linux-x86-64.so.2 --library-path /data/adb/modules/flutter_webui_counter/flutter_webui/x86_64 /data/adb/modules/flutter_webui_counter/flutter_webui/x86_64/dartaotruntime /data/adb/modules/flutter_webui_counter/flutter_webui/x86_64/flutter_webui_root.aot serve --module-dir /data/adb/modules/flutter_webui_counter \narm64-v8a\nroot\nx86_64\n/data/adb/modules/flutter_webui_counter/flutter_webui/arm64-v8a:\ndartaotruntime\nflutter_webui_root.aot\nld-linux-aarch64.so.1\nlibc.so.6\nlibdl.so.2\nlibm.so.6\nlibpthread.so.0\n\n/data/adb/modules/flutter_webui_counter/flutter_webui/x86_64:\ndartaotruntime\nflutter_webui_root.aot\nld-linux-x86-64.so.2\nlibc.so.6\nlibdl.so.2\nlibm.so.6\nlibpthread.so.0"}
{"check":"root-log","result":"2026-10-03T00:46:47.414047 listening on 127.0.0.1:40893"}
{"check":"session-mode","result":"total 44\ndrwx--x--x 3 root root 4096 2026-10-03 00:46 .\ndrwxr-xr-x 7 root root 4096 2026-10-03 00:46 ..\n-rw------- 1 root root    0 2026-10-03 00:46 lock\ndrwx------ 2 root root 4096 2026-10-03 00:46 proc\n-rw------- 1 root root   56 2026-10-03 00:46 root.log\n-rw-r--r-- 1 root root  197 2026-10-03 00:46 session.json"}
{"check":"home-resume","result":{"url":"https://mui.kernelsu.org/index.html","socket":"webview_devtools_remote_13259","value":{"events":[["visibilitychange","hidden",15988],["visibilitychange","visible",23079]],"ticks":13,"vis":"visible","hasFocus":false}}}
{"check":"before-back","result":{"url":"https://mui.kernelsu.org/index.html","socket":"webview_devtools_remote_13259","value":{"historyLength":2,"historyState":"{\"flutter\":true}","href":"https://mui.kernelsu.org/index.html","typeofWebui":"object","typeofWebuiExit":"function","typeofKsuExit":"undefined","webuiKeys":["exit","getAdditionalConfig","getApplication","getCurrentApplication","getCurrentRootManager","isDebug","openFile","setRefreshing","setRefreshingEnabled","startActivity"],"wrapped":"not writable"}}}
{"check":"back-events","result":{"error":"no page target","sockets":[],"targets":[]}}
{"check":"back-console","result":["10-03 00:46:58.473 10548 10563 I ActivityManager: Killing 13349:com.google.android.webview:sandboxed_process0:org.chromium.content.app.SandboxedProcessService0:0/u0a210i1 (adj 0): isolated not needed"]}
{"check":"back-at-root","result":"topResumedActivity=ActivityRecord{bf5949e u0 com.google.android.apps.nexuslauncher/.NexusLauncherActivity t13}"}
Starting: Intent { cmp=com.dergoogler.mmrl.wx/.ui.activity.webui.WebUIActivity (has extras) }
Status: ok
Activity: com.dergoogler.mmrl.wx/.ui.activity.webui.WebUIActivity
https://mui.kernelsu.org/index.html
opened: intent
{"check":"targets","result":[{"type": "page", "url": "https://mui.kernelsu.org/index.html", "title": "Flutter Demo"}]}
{"check":"page","result":{"url":"https://mui.kernelsu.org/index.html","socket":"webview_devtools_remote_13609","value":{"href":"https://mui.kernelsu.org/index.html","title":"Flutter Demo","ready":"complete","flutter":true,"glass":true,"nav":{"dcl":85,"load":423},"paint":{"first-paint":1169,"first-contentful-paint":1169},"glassAt":"present","firstFrame":null,"insets":"24px","vv":[320,640,1]}}}
{"check":"java-exceptions","result":["10-03 00:47:03.213 13609 13609 E JavaScriptInterfaceImplementation.createNewWX(...): java.lang.NoSuchMethodException: com.dergoogler.mmrl.hybridwebui.interfaces.prebuilt.FileChooserInterface.<init> [class com.dergoogler.mmrl.webui.interfaces.WXOptions]", "10-03 00:47:03.213 13609 13609 E JavaScriptInterfaceImplementation.createNewWX(...): \tat java.lang.Class.getConstructor0(Class.java:3395)", "10-03 00:47:03.213 13609 13609 E JavaScriptInterfaceImplementation.createNewWX(...): \tat java.lang.Class.getDeclaredConstructor(Class.java:3077)", "10-03 00:47:03.213 13609 13609 E JavaScriptInterfaceImplementation.createNewWX(...): \tat com.dergoogler.mmrl.ext.JavaScriptInterfaceExtKt.createNewWX(JavaScriptInterfaceExt.kt:16)", "10-03 00:47:03.213 13609 13609 E JavaScriptInterfaceImplementation.createNewWX(...): \tat com.dergoogler.mmrl.webui.view.WebUIView.addJavascriptInterface(WebUIView.kt:267)", "10-03 00:47:03.213 13609 13609 E JavaScriptInterfaceImplementation.createNewWX(...): \tat com.dergoogler.mmrl.wx.ui.activity.webui.WebUIActivity.init$lambda$4$lambda$3$lambda$2(WebUIActivity.kt:219)", "10-03 00:47:03.213 13609 13609 E JavaScriptInterfaceImplementation.createNewWX(...): \tat com.dergoogler.mmrl.wx.ui.activity.webui.WebUIActivity.$r8$lambda$_nZAC8A9f41jkM28VFfiLo2SZbA(Unknown Source:0)", "10-03 00:47:03.213 13609 13609 E JavaScriptInterfaceImplementation.createNewWX(...): \tat com.dergoogler.mmrl.wx.ui.activity.webui.WebUIActivity$$ExternalSyntheticLambda2.invoke(D8$$SyntheticClass:0)", "10-03 00:47:03.213 13609 13609 E JavaScriptInterfaceImplementation.createNewWX(...): \tat com.dergoogler.mmrl.hybridwebui.HybridWebUI.setupDependencies(HybridWebUI.kt:106)", "10-03 00:47:03.213 13609 13609 E JavaScriptInterfaceImplementation.createNewWX(...): \tat com.dergoogler.mmrl.hybridwebui.HybridWebUI.onAttachedToWindow(HybridWebUI.kt:77)", "10-03 00:47:03.213 13609 13609 E JavaScriptInterfaceImplementation.createNewWX(...): \tat android.view.View.dispatchAttachedToWindow(View.java:22860)", "10-03 00:47:03.213 13609 13609 E JavaScriptInterfaceImplementation.createNewWX(...): \tat android.view.ViewGroup.dispatchAttachedToWindow(ViewGroup.java:3492)", "10-03 00:47:03.213 13609 13609 E JavaScriptInterfaceImplementation.createNewWX(...): \tat android.view.ViewGroup.dispatchAttachedToWindow(ViewGroup.java:3499)", "10-03 00:47:03.213 13609 13609 E JavaScriptInterfaceImplementation.createNewWX(...): \tat android.view.ViewGroup.dispatchAttachedToWindow(ViewGroup.java:3499)", "10-03 00:47:03.213 13609 13609 E JavaScriptInterfaceImplementation.createNewWX(...): \tat android.view.ViewGroup.dispatchAttachedToWindow(ViewGroup.java:3499)", "10-03 00:47:03.213 13609 13609 E JavaScriptInterfaceImplementation.createNewWX(...): \tat android.view.ViewGroup.dispatchAttachedToWindow(ViewGroup.java:3499)", "10-03 00:47:03.213 13609 13609 E JavaScriptInterfaceImplementation.createNewWX(...): \tat android.view.ViewGroup.dispatchAttachedToWindow(ViewGroup.java:3499)", "--", "10-03 00:47:18.749 11011 11777 I ChimeraSrvcProxy: NullBinder for android.net.action.RECOMMEND_NETWORKS triggering remote TransactionTooLargeException due to Service without Chimera impl", "10-03 00:47:18.749 11011 11777 W .gms.persistent: Large reply transaction of 1056768 bytes, interface descriptor , code 1", "10-03 00:47:19.060 13772 13772 W BpBinder: Linking to death on android.gui.ISurfaceComposer but there are no threads (yet?) listening to incoming transactions. See ProcessState::startThreadPool and ProcessState::setThreadPoolMaxThreadCount. Generally you should setup the binder threadpool before other initialization steps.", "10-03 00:47:19.060 13772 13772 W ProcessState: Extra binder thread started, but 0 threads requested. Do not use *startThreadPool when zero threads are requested.", "10-03 00:47:19.067   168   168 I hwservicemanager: getTransport: Cannot find entry android.hardware.graphics.mapper@4.0::IMapper/default in either framework or device VINTF manifest.", "10-03 00:47:19.068 13772 13773 I Gralloc4: mapper 4.x is not supported", "10-03 00:47:19.246     0     0 I servicemanager: Caller(pid=13772,uid=0,sid=u:r:su:s0) Could not find android.hardware.graphics.allocator.IAllocator/default in the VINTF manifest. No alternative instances declared in VINTF.", "10-03 00:47:19.320 13609 13609 W ThreadPoolForeg: type=1400 audit(0.0:301): avc:  denied  { getattr } for  path=\"/data/adb\" dev=\"dm-46\" ino=319489 scontext=u:r:untrusted_app:s0:c210,c256,c512,c768 tcontext=u:object_r:adb_data_file:s0 tclass=dir permissive=0 app=com.dergoogler.mmrl.wx", "10-03 00:47:19.320 13609 13609 W ThreadPoolForeg: type=1400 audit(0.0:302): avc:  denied  { getattr } for  path=\"/data/adb\" dev=\"dm-46\" ino=319489 scontext=u:r:untrusted_app:s0:c210,c256,c512,c768 tcontext=u:object_r:adb_data_file:s0 tclass=dir permissive=0 app=com.dergoogler.mmrl.wx", "10-03 00:47:19.320 13609 13609 W ThreadPoolForeg: type=1400 audit(0.0:303): avc:  denied  { getattr } for  path=\"/data/adb\" dev=\"dm-46\" ino=319489 scontext=u:r:untrusted_app:s0:c210,c256,c512,c768 tcontext=u:object_r:adb_data_file:s0 tclass=dir permissive=0 app=com.dergoogler.mmrl.wx", "10-03 00:47:19.324 13609 13609 W ThreadPoolForeg: type=1400 audit(0.0:304): avc:  denied  { getattr } for  path=\"/data/adb\" dev=\"dm-46\" ino=319489 scontext=u:r:untrusted_app:s0:c210,c256,c512,c768 tcontext=u:object_r:adb_data_file:s0 tclass=dir permissive=0 app=com.dergoogler.mmrl.wx"]}
{"check":"console-errors","result":["--------- beginning of main", "10-03 00:47:03.059 13609 13697 I chromium: [1003/004703.059322:INFO:variations_seed_loader.cc(66)] Failed to open file for reading.: No such file or directory (2)", "10-03 00:47:03.109 13609 13713 E chromium: [ERROR:simple_file_enumerator.cc(21)] opendir /data/user/0/com.dergoogler.mmrl.wx/cache/WebView/Default/HTTP Cache/Code Cache/js: No such file or directory (2)", "10-03 00:47:03.109 13609 13713 E chromium: [ERROR:simple_index_file.cc(614)] Could not reconstruct index from disk", "10-03 00:47:03.109 13609 13713 E chromium: [ERROR:simple_file_enumerator.cc(21)] opendir /data/user/0/com.dergoogler.mmrl.wx/cache/WebView/Default/HTTP Cache/Code Cache/wasm: No such file or directory (2)", "10-03 00:47:03.109 13609 13713 E chromium: [ERROR:simple_index_file.cc(614)] Could not reconstruct index from disk", "10-03 00:47:03.187 13701 13727 W chromium: [WARNING:runtime_features.cc(694)] SharedStorage for M118+ cannot be enabled in this configuration. Use --enable-features=SharedStorageAPI,SharedStorageAPIM118 in addition.", "10-03 00:47:03.380 13609 13609 I chromium: [INFO:CONSOLE(53)] \"Injecting <script> tag. Using callback.\", source:  (53)"]}
{"check":"first-frame-warm","result":{"url":"https://mui.kernelsu.org/index.html","socket":"webview_devtools_remote_13609","value":{"firstFrameMs":385,"now":15049,"flutter":true,"resizes":[],"paint":{"first-paint":803,"first-contentful-paint":803},"calls":[[38,"at-preload","ksu:undefined webui:undefined"],[43,"ksu-defined"],[46,"wrap-failed","exec"],[47,"wrap-failed","spawn"],[47,"wrap-failed","moduleInfo"],[47,"wrap-failed","fullScreen"],[47,"wrap-failed","toast"]],"resources":[["/flutter_bootstrap.js",34,61,"script",0],["/internal/assets/ext/require.js",35,49,"script",0],["/canvaskit/chromium/canvaskit.wasm",95,139,"fetch",0],["/canvaskit/chromium/canvaskit.js",95,104,"other",0],["/main.dart.js",95,121,"script",0],["/assets/FontManifest.json",315,330,"fetch",0],["/favicon.png",330,338,"other",0],["/assets/fonts/MaterialIcons-Regular.otf",332,340,"fetch",0],["/assets/packages/cupertino_icons/assets/CupertinoIcons.ttf",332,339,"fetch",0],["/assets/fonts/fallback/Roboto-Regular.ttf",332,341,"fetch",0],["/favicon.png",799,811,"other",0]],"marks":[],"measures":[],"fonts":[]}}}
Starting: Intent { cmp=com.dergoogler.mmrl.wx/.ui.activity.webui.WebUIActivity (has extras) }
Status: ok
Activity: com.dergoogler.mmrl.wx/.ui.activity.webui.WebUIActivity
https://mui.kernelsu.org/index.html
opened: intent
{"check":"targets","result":[{"type": "page", "url": "https://mui.kernelsu.org/index.html", "title": "Demo"}]}
{"check":"page","result":{"url":"https://mui.kernelsu.org/index.html","socket":"webview_devtools_remote_13819","value":{"href":"https://mui.kernelsu.org/index.html","title":"Demo","ready":"complete","flutter":true,"glass":true,"nav":{"dcl":227,"load":654},"paint":{"first-paint":1175,"first-contentful-paint":2142},"glassAt":"present","firstFrame":null,"insets":"24px","vv":[320,640,1]}}}
{"check":"java-exceptions","result":["10-03 00:47:34.884 11244 13812 E OneSearchSuggestProvider: \tat java.util.concurrent.ThreadPoolExecutor.runWorker(ThreadPoolExecutor.java:1145)", "10-03 00:47:34.884 11244 13812 E OneSearchSuggestProvider: \tat java.util.concurrent.ThreadPoolExecutor$Worker.run(ThreadPoolExecutor.java:644)", "10-03 00:47:34.884 11244 13812 E OneSearchSuggestProvider: \tat java.lang.Thread.run(Thread.java:1012)", "10-03 00:47:34.884 12982 12995 V WindowManagerShell:  try handler com.android.wm.shell.recents.RecentsTransitionHandler@3d1f1b8", "10-03 00:47:34.884 12982 12995 V ShellRecents: RecentsTransitionHandler.startAnimation: no controller found", "10-03 00:47:34.884 12982 12995 V WindowManagerShell:  try handler com.android.wm.shell.splitscreen.StageCoordinator@45a2b91", "10-03 00:47:34.884 12982 12995 V WindowManagerShell:  try handler com.android.wm.shell.transition.RemoteTransitionHandler@6d0eaf6", "--", "10-03 00:47:35.117 10548 10763 W WindowManager: Exception thrown during dispatchAppVisibility Window{8464c9e u0 com.dergoogler.mmrl.wx/com.dergoogler.mmrl.wx.ui.activity.webui.WebUIActivity EXITING}", "10-03 00:47:35.117 10548 10763 W WindowManager: android.os.DeadObjectException", "10-03 00:47:35.117 10548 10763 W WindowManager: \tat android.os.BinderProxy.transactNative(Native Method)", "10-03 00:47:35.117 10548 10763 W WindowManager: \tat android.os.BinderProxy.transact(BinderProxy.java:586)", "10-03 00:47:35.117 10548 10763 W WindowManager: \tat android.view.IWindow$Stub$Proxy.dispatchAppVisibility(IWindow.java:553)", "10-03 00:47:35.117 10548 10763 W WindowManager: \tat com.android.server.wm.WindowState.sendAppVisibilityToClients(WindowState.java:3253)", "10-03 00:47:35.117 10548 10763 W WindowManager: \tat com.android.server.wm.WindowContainer.sendAppVisibilityToClients(WindowContainer.java:1289)", "10-03 00:47:35.117 10548 10763 W WindowManager: \tat com.android.server.wm.WindowToken.setClientVisible(WindowToken.java:403)", "10-03 00:47:35.117 10548 10763 W WindowManager: \tat com.android.server.wm.ActivityRecord.setClientVisible(ActivityRecord.java:7166)", "10-03 00:47:35.117 10548 10763 W WindowManager: \tat com.android.server.wm.ActivityRecord.postApplyAnimation(ActivityRecord.java:5881)", "10-03 00:47:35.117 10548 10763 W WindowManager: \tat com.android.server.wm.ActivityRecord.commitVisibility(ActivityRecord.java:5823)", "10-03 00:47:35.117 10548 10763 W WindowManager: \tat com.android.server.wm.Transition.finishTransition(Transition.java:1286)", "10-03 00:47:35.117 10548 10763 W WindowManager: \tat com.android.server.wm.TransitionController.finishTransition(TransitionController.java:937)", "10-03 00:47:35.117 10548 10763 W WindowManager: \tat com.android.server.wm.WindowOrganizerController.finishTransition(WindowOrganizerController.java:494)", "--", "10-03 00:47:36.149 13819 13819 E JavaScriptInterfaceImplementation.createNewWX(...): java.lang.NoSuchMethodException: com.dergoogler.mmrl.hybridwebui.interfaces.prebuilt.FileChooserInterface.<init> [class com.dergoogler.mmrl.webui.interfaces.WXOptions]", "10-03 00:47:36.149 13819 13819 E JavaScriptInterfaceImplementation.createNewWX(...): \tat java.lang.Class.getConstructor0(Class.java:3395)", "10-03 00:47:36.149 13819 13819 E JavaScriptInterfaceImplementation.createNewWX(...): \tat java.lang.Class.getDeclaredConstructor(Class.java:3077)", "10-03 00:47:36.149 13819 13819 E JavaScriptInterfaceImplementation.createNewWX(...): \tat com.dergoogler.mmrl.ext.JavaScriptInterfaceExtKt.createNewWX(JavaScriptInterfaceExt.kt:16)", "10-03 00:47:36.149 13819 13819 E JavaScriptInterfaceImplementation.createNewWX(...): \tat com.dergoogler.mmrl.webui.view.WebUIView.addJavascriptInterface(WebUIView.kt:267)", "10-03 00:47:36.149 13819 13819 E JavaScriptInterfaceImplementation.createNewWX(...): \tat com.dergoogler.mmrl.wx.ui.activity.webui.WebUIActivity.init$lambda$4$lambda$3$lambda$2(WebUIActivity.kt:219)", "10-03 00:47:36.149 13819 13819 E JavaScriptInterfaceImplementation.createNewWX(...): \tat com.dergoogler.mmrl.wx.ui.activity.webui.WebUIActivity.$r8$lambda$_nZAC8A9f41jkM28VFfiLo2SZbA(Unknown Source:0)", "10-03 00:47:36.149 13819 13819 E JavaScriptInterfaceImplementation.createNewWX(...): \tat com.dergoogler.mmrl.wx.ui.activity.webui.WebUIActivity$$ExternalSyntheticLambda2.invoke(D8$$SyntheticClass:0)", "10-03 00:47:36.149 13819 13819 E JavaScriptInterfaceImplementation.createNewWX(...): \tat com.dergoogler.mmrl.hybridwebui.HybridWebUI.setupDependencies(HybridWebUI.kt:106)", "10-03 00:47:36.149 13819 13819 E JavaScriptInterfaceImplementation.createNewWX(...): \tat com.dergoogler.mmrl.hybridwebui.HybridWebUI.onAttachedToWindow(HybridWebUI.kt:77)", "10-03 00:47:36.149 13819 13819 E JavaScriptInterfaceImplementation.createNewWX(...): \tat android.view.View.dispatchAttachedToWindow(View.java:22860)", "10-03 00:47:36.149 13819 13819 E JavaScriptInterfaceImplementation.createNewWX(...): \tat android.view.ViewGroup.dispatchAttachedToWindow(ViewGroup.java:3492)", "10-03 00:47:36.149 13819 13819 E JavaScriptInterfaceImplementation.createNewWX(...): \tat android.view.ViewGroup.dispatchAttachedToWindow(ViewGroup.java:3499)", "10-03 00:47:36.149 13819 13819 E JavaScriptInterfaceImplementation.createNewWX(...): \tat android.view.ViewGroup.dispatchAttachedToWindow(ViewGroup.java:3499)", "10-03 00:47:36.149 13819 13819 E JavaScriptInterfaceImplementation.createNewWX(...): \tat android.view.ViewGroup.dispatchAttachedToWindow(ViewGroup.java:3499)", "10-03 00:47:36.149 13819 13819 E JavaScriptInterfaceImplementation.createNewWX(...): \tat android.view.ViewGroup.dispatchAttachedToWindow(ViewGroup.java:3499)", "10-03 00:47:36.149 13819 13819 E JavaScriptInterfaceImplementation.createNewWX(...): \tat android.view.ViewGroup.dispatchAttachedToWindow(ViewGroup.java:3499)"]}
{"check":"console-errors","result":["--------- beginning of main", "10-03 00:47:35.926 13819 13905 I chromium: [1003/004735.926439:INFO:variations_seed_loader.cc(66)] Failed to open file for reading.: No such file or directory (2)", "10-03 00:47:36.109 13910 13936 W chromium: [WARNING:runtime_features.cc(694)] SharedStorage for M118+ cannot be enabled in this configuration. Use --enable-features=SharedStorageAPI,SharedStorageAPIM118 in addition.", "10-03 00:47:36.286 13910 13936 I chromium: [INFO:viewport_data.cc(133)] E2E_Used ViewportFitCover", "10-03 00:47:36.434 13819 13819 I chromium: [INFO:CONSOLE(53)] \"Injecting <script> tag. Using callback.\", source:  (53)"]}
{"check":"first-frame-warm","result":{"url":"https://mui.kernelsu.org/index.html","socket":"webview_devtools_remote_13819","value":{"firstFrameMs":526,"now":15050,"flutter":true,"resizes":[],"paint":{"first-paint":1035,"first-contentful-paint":1035},"calls":[[36,"at-preload","ksu:undefined webui:undefined"],[69,"ksu-defined"],[72,"wrap-failed","exec"],[74,"wrap-failed","spawn"],[75,"wrap-failed","moduleInfo"],[77,"wrap-failed","fullScreen"],[81,"wrap-failed","toast"]],"resources":[["/internal/insets.css",32,65,"link",0],["/internal/colors.css",32,62,"link",0],["/flutter_webui.css",32,81,"link",0],["/flutter_webui.js",32,83,"script",0],["/flutter_bootstrap.js",33,83,"script",0],["/internal/assets/ext/require.js",33,83,"script",0],["/canvaskit/chromium/canvaskit.wasm",120,156,"fetch",0],["/canvaskit/chromium/canvaskit.js",120,137,"other",0],["/main.dart.js",121,173,"script",0],["/assets/FontManifest.json",390,401,"fetch",0],["/favicon.ico",400,404,"other",0],["/assets/fonts/MaterialIcons-Regular.otf",403,415,"fetch",0],["/assets/fonts/fallback/Roboto-Regular.ttf",403,413,"fetch",0],["/internal/colors.css",426,1032,"fetch",0],["/pkg/demo_native.js",1032,1136,"fetch",0]],"marks":[["flutter_webui:register",418],["flutter_webui:registered",419],["flutter_webui:register",421],["flutter_webui:registered",421],["flutter_webui:first-frame",526]],"measures":[],"fonts":[]}}}
{"url":"https://mui.kernelsu.org/index.html","socket":"webview_devtools_remote_13819","value":"semantics on"}
{"check":"home","result":{"url":"https://mui.kernelsu.org/index.html","socket":"webview_devtools_remote_13819","value":["Squadron","Process","native","net","Say hello","Count to 5","SHA-256","Demo pages\nOne page per thing the stack promises.","Places","Strategy","Rust","Lifecycle","Shell","Plugins"]}}
{"check":"colors-css","result":{"url":"https://mui.kernelsu.org/index.html","socket":"webview_devtools_remote_13819","value":{"status":200,"type":"text/css","body":":root {\n\t/* App Base Colors */\n\t--background: #faf8ffff;\n\t--error: #b3261eff;\n\t--errorContainer: #f9dedcff;\n\t--inverseOnSurface: #e3e2e9ff;\n\t--inversePrimary: #b2c5ffff;\n\t--inverseSurface: #121318ff;\n\t--onBackground: #1a1b21ff;\n\t--onError: #ffffffff;\n\t--onErrorContainer: #410e0bff;\n\t--onPrimary: #ffffffff;\n\t--onPrimaryContainer: #001849ff;\n\t--onSecondary: #ffffffff;\n\t--onSecondaryContainer: #151b2cff;\n\t--onSurface: #1a1b21ff;\n\t--onSurfaceVariant: #45464fff;\n\t--onTertiary: #ffffffff;\n\t--onTertiaryContainer: #2b122bff;\n\t--outline: #757780ff;\n\t--outlineVariant: #c5c6d0ff;\n\t--primary: #495d92ff;\n\t--primaryContainer: #dae2ffff;\n\t--scrim: #000000ff;\n\t--secondary: #585e71ff;\n\t--secondaryContainer: #dde2f9ff;\n\t--surface: #faf8ffff;\n\t--tonalSurface: #f1f0f9ff;\n\t--surfaceBright: #faf8ffff;\n\t--surfaceContainer: #eeedf4ff;\n\t--surfaceContainerHigh: #e8e7efff;\n\t--surfaceContainerHighest: #e3e2e9ff;\n\t--surfaceContainerLow: #f4f3faff;\n\t--surfaceContainerLowest: #ffffffff;\n\t--surfaceDim: #dad9e0ff;\n\t--surfaceTint: #495d92ff;\n\t--surfaceVariant: #e1e2ecff;\n\t--tertiary: #735471ff;\n\t--tertiaryContainer: #fed6f9ff;\n\t/* Filled Tonal Button Colors */\n\t--filledTonalButtonContainerColor: #dde2f9ff;\n\t--filledTonalButtonContentColor: #151b2cff;\n\t--filledTonalButtonDisabledContainerColor: #1a1b211f;\n\t--filledTonalButtonDisabledContentColor: #1a1b2161;\n\t/* Filled Card Colors */\n\t--filledCardContainerColor: #e3e2e9ff;\n\t--filledCardContentColor: #1a1b21ff;\n\t--filledCardDisabledContainerColor: #e2e2eaff;\n\t--"}}}
{"check":"wasm-at-home","result":{"url":"https://mui.kernelsu.org/index.html","socket":"webview_devtools_remote_13819","value":{"wasm":[{"name":"chromium/canvaskit.wasm","start":120,"dur":36}],"marks":[{"name":"flutter_webui:register","t":418},{"name":"flutter_webui:registered","t":419},{"name":"flutter_webui:register","t":421},{"name":"flutter_webui:registered","t":421},{"name":"flutter_webui:first-frame","t":526}],"measures":[],"now":18589}}}
{"check":"tap-places","result":{"url":"https://mui.kernelsu.org/index.html","socket":"webview_devtools_remote_13819","value":"tapped Places at 16,572 size 288x56 role button tappable"}}
{"check":"places","result":{"url":"https://mui.kernelsu.org/index.html","socket":"webview_devtools_remote_13819","value":["Back\nBack","One service, DemoService, opened in every place this build knows. Each place probes its own facts from inside; the page never guesses from the platform it was built for.","200k","1M","3M","Count primes in every place","Restart places","inline (the caller)\nkind: inline\nstart 270 ms, first facts() round trip 150 ms\nroot\ncheck: effective uid 0\nblock_devices\ncheck: a kernel-listed block device opens for reading\nusb.native\ncheck: /dev/bus/usb lists\nusb.web\ncheck: navigator.usb exists\nprocess.spawn\ncheck: a shell runs\nfs.persistent\ncheck: working dir writable, or storage persisted\nnet\ncheck: a non-loopback interface is up, or onLine\nnative\ncheck: null","worker (isolate or Web Worker)\nkind: web_worker\nstart 299 ms, first facts() round trip 32 ms\nroot\ncheck: effective uid 0\nblock_devices\ncheck: a kernel-listed block device opens for reading\nusb.native\ncheck: /dev/bus/usb lists\nusb.web\ncheck: navigator.usb exists\nprocess.spawn\ncheck: a shell runs\nfs.persistent\ncheck: working dir writable, or storage persisted\nnet\ncheck: a non-loopback interface is up, or onLine\nnative\ncheck: null","Places","Strategy","Rust","Lifecycle","Shell","Plugins"]}}
{"check":"places-scroll-1","result":{"url":"https://mui.kernelsu.org/index.html","socket":"webview_devtools_remote_13819","value":["Back\nBack","200k","1M","3M","Count primes in every place","Restart places","inline (the caller)\nkind: inline\nstart 270 ms, first facts() round trip 150 ms\nroot\ncheck: effective uid 0\nblock_devices\ncheck: a kernel-listed block device opens for reading\nusb.native\ncheck: /dev/bus/usb lists\nusb.web\ncheck: navigator.usb exists\nprocess.spawn\ncheck: a shell runs\nfs.persistent\ncheck: working dir writable, or storage persisted\nnet\ncheck: a non-loopback interface is up, or onLine\nnative\ncheck: null","worker (isolate or Web Worker)\nkind: web_worker\nstart 299 ms, first facts() round trip 32 ms\nroot\ncheck: effective uid 0\nblock_devices\ncheck: a kernel-listed block device opens for reading\nusb.native\ncheck: /dev/bus/usb lists\nusb.web\ncheck: navigator.usb exists\nprocess.spawn\ncheck: a shell runs\nfs.persistent\ncheck: working dir writable, or storage persisted\nnet\ncheck: a non-loopback interface is up, or onLine\nnative\ncheck: null","Places","Strategy","Rust","Lifecycle","Shell","Plugins"]}}
{"check":"places-scroll-2","result":{"url":"https://mui.kernelsu.org/index.html","socket":"webview_devtools_remote_13819","value":["Back\nBack","inline (the caller)\nkind: inline\nstart 270 ms, first facts() round trip 150 ms\nroot\ncheck: effective uid 0\nblock_devices\ncheck: a kernel-listed block device opens for reading\nusb.native\ncheck: /dev/bus/usb lists\nusb.web\ncheck: navigator.usb exists\nprocess.spawn\ncheck: a shell runs\nfs.persistent\ncheck: working dir writable, or storage persisted\nnet\ncheck: a non-loopback interface is up, or onLine\nnative\ncheck: null","worker (isolate or Web Worker)\nkind: web_worker\nstart 299 ms, first facts() round trip 32 ms\nroot\ncheck: effective uid 0\nblock_devices\ncheck: a kernel-listed block device opens for reading\nusb.native\ncheck: /dev/bus/usb lists\nusb.web\ncheck: navigator.usb exists\nprocess.spawn\ncheck: a shell runs\nfs.persistent\ncheck: working dir writable, or storage persisted\nnet\ncheck: a non-loopback interface is up, or onLine\nnative\ncheck: null","root process (the app CLI, serve mode)\nkind: process\nstart 350 ms, first facts() round trip 0 ms\nroot\ncheck: effective uid 0\nblock_devices\ncheck: a kernel-listed block device opens for reading\nusb.native\ncheck: /dev/bus/usb lists\nusb.web\ncheck: navigator.usb exists\nprocess.spawn\ncheck: a shell runs\nfs.persistent\ncheck: working dir writable, or storage persisted\nnet\ncheck: a non-loopback interface is up, or onLine\nnative\ncheck: null","Places","Strategy","Rust","Lifecycle","Shell","Plugins"]}}
{"check":"places-scroll-3","result":{"url":"https://mui.kernelsu.org/index.html","socket":"webview_devtools_remote_13819","value":["Back\nBack","worker (isolate or Web Worker)\nkind: web_worker\nstart 299 ms, first facts() round trip 32 ms\nroot\ncheck: effective uid 0\nblock_devices\ncheck: a kernel-listed block device opens for reading\nusb.native\ncheck: /dev/bus/usb lists\nusb.web\ncheck: navigator.usb exists\nprocess.spawn\ncheck: a shell runs\nfs.persistent\ncheck: working dir writable, or storage persisted\nnet\ncheck: a non-loopback interface is up, or onLine\nnative\ncheck: null","root process (the app CLI, serve mode)\nkind: process\nstart 350 ms, first facts() round trip 0 ms\nroot\ncheck: effective uid 0\nblock_devices\ncheck: a kernel-listed block device opens for reading\nusb.native\ncheck: /dev/bus/usb lists\nusb.web\ncheck: navigator.usb exists\nprocess.spawn\ncheck: a shell runs\nfs.persistent\ncheck: working dir writable, or storage persisted\nnet\ncheck: a non-loopback interface is up, or onLine\nnative\ncheck: null","Reference: one call and one stream per place\nsquadron_process doc/benchmark.md, a 4-vCPU VM. Not measured here; devicelab measures devices.\nCall: isolate 31 µs, Web Worker (dart2js) 120 µs, process 247 µs, process from the page 401 µs.\n64 KiB stream: isolate 3643 MiB/s, Web Worker 631 MiB/s, process link about 110 MiB/s.","Places","Strategy","Rust","Lifecycle","Shell","Plugins"]}}
{"check":"tap-strategy","result":{"url":"https://mui.kernelsu.org/index.html","socket":"webview_devtools_remote_13819","value":"tapped Strategy at 53,536 size 53x80 role tab tappable"}}
{"check":"strategy","result":{"url":"https://mui.kernelsu.org/index.html","socket":"webview_devtools_remote_13819","value":["Back\nBack","Objective: list the device's partitions. Strategies in preference order: on the device as root, then from a host over USB. The first one the place's facts allow runs; nothing reads kIsWeb or Platform.","Place","inline (the caller)","worker (isolate or Web Worker)","root process (the app CLI, serve mode)","Facts from inline (the caller)\nSwitch a fact off to see the fallback. You can only take facts away.\nroot\ncheck: effective uid 0\nblock_devices\ncheck: a kernel-listed block device opens for reading\nusb.native\ncheck: /dev/bus/usb lists\nusb.web\ncheck: navigator.usb exists\nprocess.spawn\ncheck: a shell runs\nfs.persistent\ncheck: working dir writable, or storage persisted\nnet\ncheck: a non-loopback interface is up, or onLine\nnative\ncheck: null","root","block_devices","usb.native","process.spawn","Places","Strategy","Rust","Lifecycle","Shell","Plugins"]}}
{"check":"tap-strategy-root","result":{"url":"https://mui.kernelsu.org/index.html","socket":"webview_devtools_remote_13819","value":"tapped root process at 24,358 size 272x48 role checkbox tappable"}}
{"check":"strategy-root","result":{"url":"https://mui.kernelsu.org/index.html","socket":"webview_devtools_remote_13819","value":["Back\nBack","Objective: list the device's partitions. Strategies in preference order: on the device as root, then from a host over USB. The first one the place's facts allow runs; nothing reads kIsWeb or Platform.","Place","inline (the caller)","worker (isolate or Web Worker)","root process (the app CLI, serve mode)","Facts from root process (the app CLI, serve mode)\nSwitch a fact off to see the fallback. You can only take facts away.\nroot\ncheck: effective uid 0\nblock_devices\ncheck: a kernel-listed block device opens for reading\nusb.native\ncheck: /dev/bus/usb lists\nusb.web\ncheck: navigator.usb exists\nprocess.spawn\ncheck: a shell runs\nfs.persistent\ncheck: working dir writable, or storage persisted\nnet\ncheck: a non-loopback interface is up, or onLine\nnative\ncheck: null","root","block_devices","usb.native","process.spawn","Places","Strategy","Rust","Lifecycle","Shell","Plugins"]}}
{"check":"strategy-root-scroll-1","result":{"url":"https://mui.kernelsu.org/index.html","socket":"webview_devtools_remote_13819","value":["Back\nBack","Place","inline (the caller)","worker (isolate or Web Worker)","root process (the app CLI, serve mode)","Facts from root process (the app CLI, serve mode)\nSwitch a fact off to see the fallback. You can only take facts away.\nroot\ncheck: effective uid 0\nblock_devices\ncheck: a kernel-listed block device opens for reading\nusb.native\ncheck: /dev/bus/usb lists\nusb.web\ncheck: navigator.usb exists\nprocess.spawn\ncheck: a shell runs\nfs.persistent\ncheck: working dir writable, or storage persisted\nnet\ncheck: a non-loopback interface is up, or onLine\nnative\ncheck: null","root","block_devices","usb.native","process.spawn","Chosen: on device (/proc/partitions as root)\non_device chosen","on device (/proc/partitions as root)\nneeds root + block_devices: has them","from host (fastboot getvar all)\nneeds usb.native + process.spawn: has them","Places","Strategy","Rust","Lifecycle","Shell","Plugins"]}}
{"check":"strategy-root-scroll-2","result":{"url":"https://mui.kernelsu.org/index.html","socket":"webview_devtools_remote_13819","value":["Back\nBack","Facts from root process (the app CLI, serve mode)\nSwitch a fact off to see the fallback. You can only take facts away.\nroot\ncheck: effective uid 0\nblock_devices\ncheck: a kernel-listed block device opens for reading\nusb.native\ncheck: /dev/bus/usb lists\nusb.web\ncheck: navigator.usb exists\nprocess.spawn\ncheck: a shell runs\nfs.persistent\ncheck: working dir writable, or storage persisted\nnet\ncheck: a non-loopback interface is up, or onLine\nnative\ncheck: null","process.spawn","Chosen: on device (/proc/partitions as root)\non_device chosen","on device (/proc/partitions as root)\nneeds root + block_devices: has them","from host (fastboot getvar all)\nneeds usb.native + process.spawn: has them","Run on_device in process","Log\nEvery run: objective, strategy, place and the facts it saw.\nNothing has run yet.","Places","Strategy","Rust","Lifecycle","Shell","Plugins"]}}
{"check":"tap-rust","result":{"url":"https://mui.kernelsu.org/index.html","socket":"webview_devtools_remote_13819","value":"tapped Rust at 107,536 size 53x80 role tab tappable"}}
{"check":"rust","result":{"url":"https://mui.kernelsu.org/index.html","socket":"webview_devtools_remote_13819","value":["Back\nBack","The demo crate (rust/) counts the primes below 1000000 with the same loop as page 1's Dart. The service loads it in its own place through flutter_rust_bridge, so each place runs its own build.","Run in every place","inline (the caller)","Run here","worker (isolate or Web Worker)","Run here","root process (the app CLI, serve mode)","Run here","Places","Strategy","Rust","Lifecycle","Shell","Plugins"]}}
{"check":"tap-rust-run","result":{"url":"https://mui.kernelsu.org/index.html","socket":"webview_devtools_remote_13819","value":"tapped Run in every place at 16,196 size 288x48 role button tappable"}}
{"check":"rust-ran","result":{"url":"https://mui.kernelsu.org/index.html","socket":"webview_devtools_remote_13819","value":["Back\nBack","The demo crate (rust/) counts the primes below 1000000 with the same loop as page 1's Dart. The service loads it in its own place through flutter_rust_bridge, so each place runs its own build.","Run in every place","inline (the caller)\nBuilt for: wasm32-unknown (single-threaded)\nLoad: 97 ms (once per place, on its first Rust call; on the web that fetches and instantiates the wasm)\nRust 148 ms, Dart 1233 ms (same count: 78498)","Run here","worker (isolate or Web Worker)\nBuilt for: wasm32-unknown (single-threaded)\nLoad: 57 ms (once per place, on its first Rust call; on the web that fetches and instantiates the wasm)\nRust 210 ms, Dart 246 ms (same count: 78498)","Run here","root process (the app CLI, serve mode)\nBuilt for: x86_64-android\nLoad: 0 ms (once per place, on its first Rust call; on the web that fetches and instantiates the wasm)\nRust 136 ms, Dart 148 ms (same count: 78498)","Places","Strategy","Rust","Lifecycle","Shell","Plugins"]}}
{"check":"wasm-after-rust","result":{"url":"https://mui.kernelsu.org/index.html","socket":"webview_devtools_remote_13819","value":{"wasm":[{"name":"chromium/canvaskit.wasm","start":120,"dur":36},{"name":"pkg/demo_native_bg.wasm","start":81792,"dur":40}],"marks":[{"name":"flutter_webui:register","t":418},{"name":"flutter_webui:registered","t":419},{"name":"flutter_webui:register","t":421},{"name":"flutter_webui:registered","t":421},{"name":"flutter_webui:first-frame","t":526}],"measures":[],"now":102842}}}
{"check":"tap-rust-run-2","result":{"url":"https://mui.kernelsu.org/index.html","socket":"webview_devtools_remote_13819","value":"tapped Run in every place at 16,196 size 288x48 role button tappable"}}
{"check":"rust-ran-2","result":{"url":"https://mui.kernelsu.org/index.html","socket":"webview_devtools_remote_13819","value":["Back\nBack","The demo crate (rust/) counts the primes below 1000000 with the same loop as page 1's Dart. The service loads it in its own place through flutter_rust_bridge, so each place runs its own build.","Run in every place","inline (the caller)\nBuilt for: wasm32-unknown (single-threaded)\nLoad: 0 ms (once per place, on its first Rust call; on the web that fetches and instantiates the wasm)\nRust 132 ms, Dart 1238 ms (same count: 78498)","Run here","worker (isolate or Web Worker)\nBuilt for: wasm32-unknown (single-threaded)\nLoad: 0 ms (once per place, on its first Rust call; on the web that fetches and instantiates the wasm)\nRust 140 ms, Dart 248 ms (same count: 78498)","Run here","root process (the app CLI, serve mode)\nBuilt for: x86_64-android\nLoad: 0 ms (once per place, on its first Rust call; on the web that fetches and instantiates the wasm)\nRust 134 ms, Dart 147 ms (same count: 78498)","Places","Strategy","Rust","Lifecycle","Shell","Plugins"]}}
{"check":"tap-lifecycle","result":{"url":"https://mui.kernelsu.org/index.html","socket":"webview_devtools_remote_13819","value":"tapped Lifecycle at 160,536 size 53x80 role tab tappable"}}
{"check":"tap-root-process","result":{"url":"https://mui.kernelsu.org/index.html","socket":"webview_devtools_remote_13819","value":"tapped root process at 24,390 size 272x48 role checkbox tappable"}}
{"check":"tap-start","result":{"url":"https://mui.kernelsu.org/index.html","socket":"webview_devtools_remote_13819","value":"tapped Start at 24,462 size 97x48 role button tappable"}}
{"check":"lifecycle-running","result":{"url":"https://mui.kernelsu.org/index.html","socket":"webview_devtools_remote_13819","value":["Back\nBack","Start a five-minute task, then switch away (Home, another app or tab) and come back: hidden keeps going. Close the app instead and reopen it: closed stops, and this page says where the task was when it ended.","Task\ntick every 500 ms, stamped with the place's own clock\nrunning in process: tick 17/600, longest gap 503 ms, app resumed 3","inline (the caller)","worker (isolate or Web Worker)","root process (the app CLI, serve mode)","Stop","Lifecycle\n00:50:03  started in process","Facts from root process (the app CLI, serve mode)\nroot\ncheck: effective uid 0\nblock_devices\ncheck: a kernel-listed block device opens for reading\nusb.native\ncheck: /dev/bus/usb lists\nusb.web\ncheck: navigator.usb exists\nprocess.spawn\ncheck: a shell runs\nfs.persistent\ncheck: working dir writable, or storage persisted\nnet\ncheck: a non-loopback interface is up, or onLine\nnative\ncheck: null","Places","Strategy","Rust","Lifecycle","Shell","Plugins"]}}
{"check":"lifecycle-after-home","result":{"url":"https://mui.kernelsu.org/index.html","socket":"webview_devtools_remote_13819","value":["Back\nBack","Start a five-minute task, then switch away (Home, another app or tab) and come back: hidden keeps going. Close the app instead and reopen it: closed stops, and this page says where the task was when it ended.","Task\ntick every 500 ms, stamped with the place's own clock\nrunning in process: tick 41/600, longest gap 503 ms, app resumed 7","inline (the caller)","worker (isolate or Web Worker)","root process (the app CLI, serve mode)","Stop","Lifecycle\n00:50:19  away 7.1 s: the place produced 15 ticks (on schedule: 14); longest gap 503 ms\n00:50:19  inactive -> resumed\n00:50:19  hidden -> inactive\n00:50:12  inactive -> hidden\n00:50:12  resumed -> inactive\n00:50:03  started in process","Places","Strategy","Rust","Lifecycle","Shell","Plugins"]}}
{"check":"root-process","result":"root             0 u:r:ksu:s0                     14060 dartaotruntime\nu0_a211      10211 u:r:untrusted_app_27:s0:c211,c256,c512,c768 14084 com.webui.api.demo\nroot             0 u:r:ksu:s0                     14129 dartaotruntime"}
/home/runner/work/devicelab/devicelab/out/sockprobe: 1 file pushed, 0 skipped. 195.1 MB/s (3501403 bytes in 0.017s)
{"check":"block-devices","result":"dm-0\ndm-1\ndm-11\ndm-13\ndm-14\ndm-16\ndm-17\ndm-18\ntotal 0\ndrwxr-xr-x 2 root root u:object_r:block_device:s0                140 2026-10-03 00:39 by-name\nbrw------- 1 root root u:object_r:dm_device:s0              254,   0 2026-10-03 00:39 dm-0\nbrw------- 1 root root u:object_r:dm_device:s0              254,   1 2026-10-03 00:39 dm-1\nbrw------- 1 root root u:object_r:dm_device:s0              254,  11 2026-10-03 00:39 dm-11\nbrw------- 1 root root u:object_r:dm_device:s0              254,  13 2026-10-03 00:39 dm-13\nbrw------- 1 root root u:object_r:dm_device:s0              254,  14 2026-10-03 00:39 dm-14\nbrw------- 1 root root u:object_r:dm_device:s0              254,  16 2026-10-03 00:39 dm-16\nbrw------- 1 root root u:object_r:dm_device:s0              254,  17 2026-10-03 00:39 dm-17\nbrw------- 1 root root u:object_r:dm_device:s0              254,  18 2026-10-03 00:39 dm-18\nbrw------- 1 root root u:object_r:dm_device:s0              254,  19 2026-10-03 00:39 dm-19\nbrw------- 1 root root u:object_r:dm_device:s0              254,   2 2026-10-03 00:39 dm-2\n-- su:\n0000000  \\0\n-- ksu:\n{\"error\":\"write /proc/thread-self/attr/current: operation not permitted\",\"op\":\"setcon\"}\n-- avc:"}
{"check":"back-1","result":{"url":"https://mui.kernelsu.org/index.html","socket":"webview_devtools_remote_13819","value":["Squadron","Process","native","net","Say hello","Count to 5","SHA-256","Demo pages\nOne page per thing the stack promises.","Places","Strategy","Rust","Lifecycle","Shell","Plugins"]}}
{"check":"back-1-top","result":"topResumedActivity=ActivityRecord{fc703cf u0 com.dergoogler.mmrl.wx/.ui.activity.webui.WebUIActivity t21}"}
{"check":"back-2-top","result":"topResumedActivity=ActivityRecord{bf5949e u0 com.google.android.apps.nexuslauncher/.NexusLauncherActivity t13}"}
{"check":"back-3-top","result":"topResumedActivity=ActivityRecord{bf5949e u0 com.google.android.apps.nexuslauncher/.NexusLauncherActivity t13}"}
{"check":"open","result":"opened: intent"}
{"check":"tap-places","result":{"url":"https://mui.kernelsu.org/index.html","socket":"webview_devtools_remote_14481","value":"tapped Places at 16,572 size 288x56 role button tappable"}}
{"check":"places","result":{"url":"https://mui.kernelsu.org/index.html","socket":"webview_devtools_remote_14481","value":["Back\nBack","One service, DemoService, opened in every place this build knows. Each place probes its own facts from inside; the page never guesses from the platform it was built for.","200k","1M","3M","Count primes in every place","Restart places","inline (the caller)\nkind: inline\nstart 612 ms, first facts() round trip 248 ms\nroot\ncheck: effective uid 0\nblock_devices\ncheck: a kernel-listed block device opens for reading\nusb.native\ncheck: /dev/bus/usb lists\nusb.web\ncheck: navigator.usb exists\nprocess.spawn\ncheck: a shell runs\nfs.persistent\ncheck: working dir writable, or storage persisted\nnet\ncheck: a non-loopback interface is up, or onLine\nnative\ncheck: null","worker (isolate or Web Worker)\nkind: web_worker\nstart 328 ms, first facts() round trip 46 ms\nroot\ncheck: effective uid 0\nblock_devices\ncheck: a kernel-listed block device opens for reading\nusb.native\ncheck: /dev/bus/usb lists\nusb.web\ncheck: navigator.usb exists\nprocess.spawn\ncheck: a shell runs\nfs.persistent\ncheck: working dir writable, or storage persisted\nnet\ncheck: a non-loopback interface is up, or onLine\nnative\ncheck: null","Places","Strategy","Rust","Lifecycle","Shell","Plugins"]}}
{"check":"root-process","result":"pid 14698 uid 0 ctx u:r:ksu:s0 cwd /data/adb/demo\n/system/bin/sh -c trap : TERM INT HUP USR1 USR2; exec 0</dev/null; \"$@\" >>\"$FLUTTER_WEBUI_LOG\" 2>&1; c=$?; (umask 077 && echo $c >\"$FLUTTER_WEBUI_EXIT.tmp\"); mv \"$FLUTTER_WEBUI_EXIT.tmp\" \"$FLUTTER_WEBUI_EXIT\" sh /data/adb/modules/demo/bin/demo serve --session-file /data/adb/modules/demo/run/demo.place.json --launch-id 4e5af165c7ce50df \npid 14699 uid 0 ctx u:r:ksu:s0 cwd /data/adb/demo\n/data/adb/modules/demo/bin/x86_64/dartaotruntime /data/adb/modules/demo/bin/x86_64/demo.aot serve --session-file /data/adb/modules/demo/run/demo.place.json --launch-id 4e5af165c7ce50df \npid 14724 uid 0 ctx u:r:su:s0 cwd /\n/system/bin/sh -c for p in $(pgrep -f 'serve --session-file'); do echo \"pid $p uid $(stat -c %u /proc/$p) ctx $(cat /proc/$p/attr/current | tr -d '\\0') cwd $(readlink /proc/$p/cwd)\"; tr '\\0' ' ' </proc/$p/cmdline; echo; done"}
{"check":"root-cwd","result":"/data/adb/demo"}
{"check":"cli-facts-datadir","result":"{\n  \"root\": true,\n  \"block_devices\": true,\n  \"usb.native\": true,\n  \"usb.web\": false,\n  \"process.spawn\": true,\n  \"fs.persistent\": true,\n  \"net\": true,\n  \"native\": true\n}"}
{"check":"cli-facts-slash","result":"\"root\": true,\n  \"fs.persistent\": false,"}
{"check":"page-persisted","result":{"url":"https://mui.kernelsu.org/index.html","socket":"webview_devtools_remote_14481","value":{"persisted":false}}}
{"check":"worker-persisted","result":{"url":"https://mui.kernelsu.org/index.html","socket":"webview_devtools_remote_14481","value":{"error":"SecurityError: Failed to construct 'Worker': Access to the script at 'blob:https://mui.kernelsu.org/fd3b5c7d-28b7-42fc-9ba7-4175448b8e27' is denied by the document's Content Security Policy."}}}
{"check":"sys-dark","night":"yes","color_mode":"","opened":"opened: intent","result":{"url":"https://mui.kernelsu.org/index.html","socket":"webview_devtools_remote_14827","value":{"dark":true,"primary":"#b2c5ffff","background":"#121318ff","cssBytes":1545}}}
{"check":"sys-light","night":"no","color_mode":"","opened":"opened: intent","result":{"url":"https://mui.kernelsu.org/index.html","socket":"webview_devtools_remote_15038","value":{"dark":false,"primary":"#495d92ff","background":"#faf8ffff","cssBytes":1545}}}
/home/runner/work/devicelab/devicelab/out/sockprobe: 1 file pushed, 0 skipped. 247.7 MB/s (3501403 bytes in 0.013s)
{"check":"ksud-version","result":"ksud 3.3.0 (uapi: 2)\nmanage module configuration\n\nUsage: ksud module config [OPTIONS] <COMMAND>"}
{"check":"root-script","result":"-rwxr-xr-x 1 root root 1921 2026-10-03 00:45 /data/adb/modules/demo/flutter_webui/root\n#!/system/bin/sh\n# flutter-webui root channel launcher. Lives at <moddir>/flutter_webui/root.\n# Usage: sh root start    find or start the channel; prints its session as one\n#                         JSON line (port, token), or exits non-zero\n#        sh root serve    run the channel (started detached by `start`)\n# Needs `ksud module config` (KernelSU or KernelSU Next v3.0.0+).\n# SPDX-License-Identifier: LGPL-3.0-or-later WITH LGPL-3.0-linking-exception\n\ndir=${0%/*}\ncase \"$dir\" in /*) ;; *) dir=$(cd \"$dir\" && pwd) ;; esac\nmoddir=${dir%/*}\nid=${moddir##*/}\nrun=$dir/run\n\ncase \"$(uname -m)\" in\n  aarch64 | arm64) abi=arm64-v8a ;;\n  x86_64) abi=x86_64 ;;\n  *) echo \"flutter_webui: unsupported CPU $(uname -m)\" >&2; exit 1 ;;\nesac\n\n# Root shells can start with an empty environment, and the Dart VM needs a\n# writable TMPDIR: the module's temporary directory, which `start` empties on\n# the first start of each boot.\nexport TMPDIR=\"${FLUTTER_WEBUI_DATA:-/data/adb/$id}/tmp\"\n(umask 077 && mkdir -p \"$TMPDIR\" \"$run\")\n\nchannel() {\n  rt=$dir/$abi\n  # A linux (glibc) runtime ships its loader and libraries next to it; an\n  # Android-built runtime runs directly."}
{"check":"layout-before","result":"total 48\ndrwxr-xr-x 5 root root 4096 2026-10-03 00:48 .\ndrwxr-xr-x 7 root root 4096 2026-10-03 00:48 ..\ndrwxr-xr-x 2 root root 4096 2026-10-03 00:45 arm64-v8a\n-rwxr-xr-x 1 root root 1921 2026-10-03 00:45 root\ndrwx------ 3 root root 4096 2026-10-03 00:48 run\ndrwxr-xr-x 2 root root 4096 2026-10-03 00:45 x86_64\n-- run:\n700 root:root /data/adb/modules/demo/flutter_webui/run\n/data/adb/modules/demo/flutter_webui/run:\ntotal 44\ndrwx------ 3 root root 4096 2026-10-03 00:48 .\ndrwxr-xr-x 5 root root 4096 2026-10-03 00:48 ..\n-rw------- 1 root root    6 2026-10-03 00:48 lock\ndrwx------ 2 root root 4096 2026-10-03 00:51 proc\n-rw------- 1 root root   56 2026-10-03 00:48 root.log\n-rw------- 1 root root    0 2026-10-03 00:48 start.lock\n\n/data/adb/modules/demo/flutter_webui/run/proc:\ntotal 56\ndrwx------ 2 root root 4096 2026-10-03 00:51 .\ndrwx------ 3 root root 4096 2026-10-03 00:48 ..\n-rw-r--r-- 1 root root   36 2026-10-03 00:48 .boot\n-rw------- 1 root root    2 2026-10-03 00:50 1790988492940329-0.exit\n-rw------- 1 root root  215 2026-10-03 00:48 1790988492940329-0.log\n-rw------- 1 root root    2 2026-10-03 00:51 1790988647155742-1.exit\n-rw------- 1 root root  215 2026-10-03 00:50 1790988647155742-1.log\n-- webroot/.run:\nls: /data/adb/modules/demo/webroot/.run: No such file or directory"}
{"check":"config-before","result":"webui.session={\"protocol\":1,\"version\":\"0.2.2\",\"port\":43513,\"token\":\"JJ9_723sdUa0Q3yBYKRylMB96Gq3aQcNRJSiMdDO-IQ\",\"pid\":14060,\"boot\":\"bbffa4a5-738b-49d4-b812-165e644a0996\",\"started\":\"2026-10-03T00:48:12.362896Z\"}\nwebui.boot=bbffa4a5-738b-49d4-b812-165e644a0996\n-- list:\nwebui.boot=bbffa4a5-738b-49d4-b812-165e644a0996\nwebui.installed=1\nwebui.session={\"protocol\":1,\"version\":\"0.2.2\",\"port\":43513,\"token\":\"JJ9_723sdUa0Q3yBYKRylMB96Gq3aQcNRJSiMdDO-IQ\",\"pid\":14060,\"boot\":\"bbffa4a5-738b-49d4-b812-165e644a0996\",\"started\":\"2026-10-03T00:48:12.362896Z\"}"}
{"check":"config-after-boot","result":"webui.session=Error: Key 'webui.session' not found\nwebui.boot=Error: Key 'webui.boot' not found\n-- list:\nwebui.installed=1"}
{"check":"tmp-after-boot","result":"total 24\ndrwx------ 2 root root 4096 2026-10-03 00:51 .\ndrwx------ 3 root root 4096 2026-10-03 00:51 ..\n-rw-rw-rw- 1 root root    4 2026-10-03 00:51 lab-marker"}
{"check":"start-1","result":"# via adb root (0 u:r:su:s0)\n{\"protocol\":1,\"version\":\"0.2.2\",\"port\":41085,\"token\":\"5CYle8b4GzwDpnldFVQhJC1wI3inu-hnOMMd2wO3BMQ\",\"pid\":17724,\"boot\":\"bbffa4a5-738b-49d4-b812-165e644a0996\",\"started\":\"2026-10-03T00:52:20.801101Z\"}\nexit=0"}
{"check":"tmp-after-start-1","result":"total 16\ndrwx------ 2 root root 4096 2026-10-03 00:52 .\ndrwx------ 3 root root 4096 2026-10-03 00:51 .."}
{"check":"config-after-start-1","result":"webui.session={\"protocol\":1,\"version\":\"0.2.2\",\"port\":41085,\"token\":\"5CYle8b4GzwDpnldFVQhJC1wI3inu-hnOMMd2wO3BMQ\",\"pid\":17724,\"boot\":\"bbffa4a5-738b-49d4-b812-165e644a0996\",\"started\":\"2026-10-03T00:52:20.801101Z\"}\nwebui.boot=bbffa4a5-738b-49d4-b812-165e644a0996\n-- list:\nwebui.session={\"protocol\":1,\"version\":\"0.2.2\",\"port\":41085,\"token\":\"5CYle8b4GzwDpnldFVQhJC1wI3inu-hnOMMd2wO3BMQ\",\"pid\":17724,\"boot\":\"bbffa4a5-738b-49d4-b812-165e644a0996\",\"started\":\"2026-10-03T00:52:20.801101Z\"}\nwebui.installed=1\nwebui.boot=bbffa4a5-738b-49d4-b812-165e644a0996"}
{"check":"layout-after-start-1","result":"total 48\ndrwxr-xr-x 5 root root 4096 2026-10-03 00:48 .\ndrwxr-xr-x 7 root root 4096 2026-10-03 00:48 ..\ndrwxr-xr-x 2 root root 4096 2026-10-03 00:45 arm64-v8a\n-rwxr-xr-x 1 root root 1921 2026-10-03 00:45 root\ndrwx------ 3 root root 4096 2026-10-03 00:48 run\ndrwxr-xr-x 2 root root 4096 2026-10-03 00:45 x86_64\n-- run:\n700 root:root /data/adb/modules/demo/flutter_webui/run\n/data/adb/modules/demo/flutter_webui/run:\ntotal 44\ndrwx------ 3 root root 4096 2026-10-03 00:48 .\ndrwxr-xr-x 5 root root 4096 2026-10-03 00:48 ..\n-rw------- 1 root root    6 2026-10-03 00:52 lock\ndrwx------ 2 root root 4096 2026-10-03 00:51 proc\n-rw------- 1 root root   56 2026-10-03 00:52 root.log\n-rw------- 1 root root    0 2026-10-03 00:48 start.lock\n\n/data/adb/modules/demo/flutter_webui/run/proc:\ntotal 56\ndrwx------ 2 root root 4096 2026-10-03 00:51 .\ndrwx------ 3 root root 4096 2026-10-03 00:48 ..\n-rw-r--r-- 1 root root   36 2026-10-03 00:48 .boot\n-rw------- 1 root root    2 2026-10-03 00:50 1790988492940329-0.exit\n-rw------- 1 root root  215 2026-10-03 00:48 1790988492940329-0.log\n-rw------- 1 root root    2 2026-10-03 00:51 1790988647155742-1.exit\n-rw------- 1 root root  215 2026-10-03 00:50 1790988647155742-1.log\n-- webroot/.run:\nls: /data/adb/modules/demo/webroot/.run: No such file or directory"}
{"check":"start-2","result":"# via adb root (0 u:r:su:s0)\n{\"protocol\":1,\"version\":\"0.2.2\",\"port\":41085,\"token\":\"5CYle8b4GzwDpnldFVQhJC1wI3inu-hnOMMd2wO3BMQ\",\"pid\":17724,\"boot\":\"bbffa4a5-738b-49d4-b812-165e644a0996\",\"started\":\"2026-10-03T00:52:20.801101Z\"}\nexit=0"}
{"check":"same-pid","result":{"first":"17724","second":"17724","same":true}}
{"check":"delete-session","result":"exit=0"}
{"check":"start-3","result":"# via adb root (0 u:r:su:s0)\n{\"protocol\":1,\"version\":\"0.2.2\",\"port\":38601,\"token\":\"b04-Ytoh2FTzkQ56soSZ4OzFPgzquNur8ZYxDuHrLT0\",\"pid\":17846,\"boot\":\"bbffa4a5-738b-49d4-b812-165e644a0996\",\"started\":\"2026-10-03T00:52:21.330914Z\"}\nexit=0"}
{"check":"replaced","result":{"old":"17724","new":"17846","new_pid":true,"old_alive":"no"}}
{"check":"procs","result":"u0_a211      17749 15398 u:r:untrusted_app_27:s0:c211,c256,c512,c768 com.webui.api.demo com.webui.api.demo\nroot         17846     1 u:r:su:s0                      dartaotruntime              dartaotruntime /data/adb/modules/demo/flutter_webui/x86_64/flutter_webui_root.aot serve --module-dir /data/adb/modules/demo --module-id demo --run-dir /data/adb/modules/demo/flutter_webui/run --temp-dir /data/adb/demo/tmp --announce"}
{"check":"root-log","result":"2026-10-03T00:52:21.336744 listening on 127.0.0.1:38601"}
{"check":"config-end","result":"webui.session={\"protocol\":1,\"version\":\"0.2.2\",\"port\":38601,\"token\":\"b04-Ytoh2FTzkQ56soSZ4OzFPgzquNur8ZYxDuHrLT0\",\"pid\":17846,\"boot\":\"bbffa4a5-738b-49d4-b812-165e644a0996\",\"started\":\"2026-10-03T00:52:21.330914Z\"}\nwebui.boot=bbffa4a5-738b-49d4-b812-165e644a0996\n-- list:\nwebui.boot=bbffa4a5-738b-49d4-b812-165e644a0996\nwebui.session={\"protocol\":1,\"version\":\"0.2.2\",\"port\":38601,\"token\":\"b04-Ytoh2FTzkQ56soSZ4OzFPgzquNur8ZYxDuHrLT0\",\"pid\":17846,\"boot\":\"bbffa4a5-738b-49d4-b812-165e644a0996\",\"started\":\"2026-10-03T00:52:21.330914Z\"}\nwebui.installed=1"}
{"check":"open","result":"opened: intent"}
{"check":"page-uid","result":["Say hello"]}
{"check":"hello-tap","result":{"url":"https://mui.kernelsu.org/index.html","socket":"webview_devtools_remote_17915","value":"tapped Say hello at 32,364 size 105x48 role button tappable"}}
{"check":"hello","result":["Say hello"]}
{"check":"page-session","result":"{\"protocol\":1,\"version\":\"0.2.2\",\"port\":38601,\"token\":\"b04-Ytoh2FTzkQ56soSZ4OzFPgzquNur8ZYxDuHrLT0\",\"pid\":17846,\"boot\":\"bbffa4a5-738b-49d4-b812-165e644a0996\",\"started\":\"2026-10-03T00:52:21.330914Z\"}"}
{"check":"page-hello","result":{"url":"https://mui.kernelsu.org/index.html","socket":"webview_devtools_remote_17915","value":"{\"op\":\"hello\",\"protocol\":1,\"version\":\"0.2.2\",\"pid\":17846,\"boot\":\"bbffa4a5-738b-49d4-b812-165e644a0996\",\"uid\":0,\"moduleDir\":\"/data/adb/modules/demo\"}"}}
{"check":"channel-process","result":"root         17846     1 u:r:su:s0                      dartaotruntime"}
{"check":"start-after-page","result":"# via adb root (0 u:r:su:s0)\n{\"protocol\":1,\"version\":\"0.2.2\",\"port\":38601,\"token\":\"b04-Ytoh2FTzkQ56soSZ4OzFPgzquNur8ZYxDuHrLT0\",\"pid\":17846,\"boot\":\"bbffa4a5-738b-49d4-b812-165e644a0996\",\"started\":\"2026-10-03T00:52:21.330914Z\"}\nexit=0"}
{"check":"layout-end","result":"total 48\ndrwxr-xr-x 5 root root 4096 2026-10-03 00:48 .\ndrwxr-xr-x 7 root root 4096 2026-10-03 00:48 ..\ndrwxr-xr-x 2 root root 4096 2026-10-03 00:45 arm64-v8a\n-rwxr-xr-x 1 root root 1921 2026-10-03 00:45 root\ndrwx------ 3 root root 4096 2026-10-03 00:48 run\ndrwxr-xr-x 2 root root 4096 2026-10-03 00:45 x86_64\n-- run:\n700 root:root /data/adb/modules/demo/flutter_webui/run\n/data/adb/modules/demo/flutter_webui/run:\ntotal 44\ndrwx------ 3 root root 4096 2026-10-03 00:48 .\ndrwxr-xr-x 5 root root 4096 2026-10-03 00:48 ..\n-rw------- 1 root root    6 2026-10-03 00:52 lock\ndrwx------ 2 root root 4096 2026-10-03 00:51 proc\n-rw------- 1 root root   56 2026-10-03 00:52 root.log\n-rw------- 1 root root    0 2026-10-03 00:48 start.lock\n\n/data/adb/modules/demo/flutter_webui/run/proc:\ntotal 56\ndrwx------ 2 root root 4096 2026-10-03 00:51 .\ndrwx------ 3 root root 4096 2026-10-03 00:48 ..\n-rw-r--r-- 1 root root   36 2026-10-03 00:48 .boot\n-rw------- 1 root root    2 2026-10-03 00:50 1790988492940329-0.exit\n-rw------- 1 root root  215 2026-10-03 00:48 1790988492940329-0.log\n-rw------- 1 root root    2 2026-10-03 00:51 1790988647155742-1.exit\n-rw------- 1 root root  215 2026-10-03 00:50 1790988647155742-1.log\n-- webroot/.run:\nls: /data/adb/modules/demo/webroot/.run: No such file or directory"}
{"check":"app","result":"package:/data/app/~~z9M2L803q-b4zTLPUtn7Sw==/com.webui.api.demo-duhuxsZAjqcFFB20Fh4sdg==/base.apk\nls: /product/app/WebuiApi_demo/: No such file or directory\n    codePath=/data/app/~~z9M2L803q-b4zTLPUtn7Sw==/com.webui.api.demo-duhuxsZAjqcFFB20Fh4sdg==\n    versionName=0.53.0-webui.9\n    privateFlags=[ PRIVATE_FLAG_ACTIVITIES_RESIZE_MODE_RESIZEABLE_VIA_SDK_VERSION PRIVATE_FLAG_REQUEST_LEGACY_EXTERNAL_STORAGE PRIVATE_FLAG_ALLOW_NATIVE_HEAP_POINTER_TAGGING ]\n    signatures=PackageSignatures{2903958 version:2, signatures:[33fe4edd], past signatures:[]}\n    pkgFlags=[ HAS_CODE ALLOW_CLEAR_USER_DATA ALLOW_BACKUP ]\n    requested permissions:\n    requested permissions:\n      android.permission.WRITE_SETTINGS\n      android.permission.POST_NOTIFICATIONS\n      android.permission.ACCESS_FINE_LOCATION\n      android.permission.MANAGE_EXTERNAL_STORAGE\n      android.permission.SYSTEM_ALERT_WINDOW\n      android.permission.NFC\n      android.permission.BODY_SENSORS\n      android.permission.FOREGROUND_SERVICE\n      android.permission.READ_MEDIA_VISUAL_USER_SELECTED\n      android.permission.RECEIVE_BOOT_COMPLETED\n      android.permission.FOREGROUND_SERVICE_SPECIAL_USE\n      android.permission.REQUEST_IGNORE_BATTERY_OPTIMIZATIONS"}
{"check":"app-user","result":"package:com.webui.api.demo\n    versionCode=1011 minSdk=24 targetSdk=28\n    installerPackageName=com.android.vending\n-- install log:"}
{"check":"mounts","result":"lrwxrwxrwx 1 root root 26 2026-10-03 00:44 /data/adb/metamodule -> /data/adb/modules/mountify\nCalendarGooglePrebuilt Camera2 Chrome Chrome-Stub Drive GoogleContacts GoogleTTS LatinIMEGooglePrebuilt LicenseChecker Maps MarkupGoogle_v2 ModuleMetadataGoogle NexusWallpapersStubPrebuilt2018 Photos PixelThemesStub PrebuiltDeskClockGoogle PrebuiltGmail PrebuiltGoogleAdservicesTvp PrebuiltGoogleTelemetryTvp SoundPickerPrebuilt TrichromeLibrary TrichromeLibrary-Stub WebViewGoogle WebViewGoogle-Stub YouTube YouTubeMusicPrebuilt talkback"}
{"check":"app-label","result":"2 activities found:\n  Activity #0:\n    priority=0 preferredOrder=0 match=0x108000 specificIndex=-1 isDefault=true\n    com.webui.api.demo/com.termux.api.apis.NfcAPI$NfcActivity\n  Activity #1:"}
{"check":"metamodule-log","result":"metamodule /data/adb/modules/mountify\ntotal 136\ndrwxr-xr-x 5 root root  4096 2026-10-03 00:44 .\ndrwxrwxrwx 8 root root  4096 2026-10-03 00:45 ..\n-rw-r--r-- 1 root root   867 2026-10-03 00:44 action.sh\n-rw-r--r-- 1 root root   784 2026-10-03 00:44 boot-completed.sh\n-rw-rw-rw- 1 root root    12 2026-10-03 00:51 count.sh\n-rw-r--r-- 1 root root    75 2026-10-03 00:44 ksud_has_nuke_ext4\ndrwxr-xr-x 2 root root  4096 2026-10-03 00:44 lkm\n-rw-r--r-- 1 root root  2656 2026-10-03 00:44 metainstall.sh\n-rw-r--r-- 1 root root 15133 2026-10-03 00:44 metamount.sh\n-rw-r--r-- 1 root root   247 2026-10-03 00:44 module.prop\n-rw-rw-rw- 1 root root     0 2026-10-03 00:51 mount_diff\n-rw-r--r-- 1 root root  2089 2026-10-03 00:44 service.sh\n-rw-r--r-- 1 root root   529 2026-10-03 00:44 uninstall.sh\ndrwxr-xr-x 4 root root  4096 2026-10-03 00:44 webroot\ndrwxr-xr-x 2 root root  4096 2026-10-03 00:44 whiteout\n-rwxr-xr-x 1 root root  2946 2026-10-03 00:44 whiteout_gen.sh\n== /data/adb/modules/mountify/lkm/list.txt\n125bb85c9ad2c1b3d3700684667ac651b5c08925159106f9ac1dd6cf3b525369  nuke-android12-5.10.ko\n7294872340c537d349c3935e5b374a65cddfb6f66e2561e9c7d9f3a3d128b871  nuke-android13-5.10.ko\n7e61addb283ca1ebe47c2587e9192f85f15a00dbea73efb664c98ea52cd92cd2  nuke-android13-5.15.ko\n63fedf354bf413e265e2426754806bb35077021f7af95ef395700cb20d300633  nuke-android14-5.15.ko\nc9ac358ea3cb3fa87aefd077a93a60a9cf6ab657a7076c975ee3cdbb502ded4f  nuke-android14-6.1.ko\n924e9436eb91e7dee0ebdcb69e9a7f9b130639a0380d15d7e040e708e001e551  nuke-android15-6.6.ko\ndfe6e27bd2216c1fbe0c29f234e8efaec566798ce6d2e6546ade725614fb54a0  nuke-android16-6.12.ko\nd224286e7a8dc76f012a2de41c95a607028b7e7a32e56c7d696422106b889f0e  nuke-android-4.14.ko\n== /data/adb/mountify/modules.txt\nAdreno_Gpu_Driver\nweebu-addon\nDisplayFeatures\nfake_service\nmountify_whiteouts\n\n== /data/adb/mountify/whiteouts.txt\n/system/vendor/bin/install-recovery.sh\n/system/vendor/bin/msm_irqbalance\n/system/bin/install-recovery.sh\n/system/system_ext/app/MatLog\n/system/system_ext/priv-app/AudioFX\n/system/product/app/PowerOffAlarm\n/system/product/app/Twelve\n/system/etc/nikgapps_logs_archive\n/system/etc/nikgapps_logs\n/system/bin/servicemanager\n/system/odm/etc/NOTICE.xml.gz\n\n== /data/adb/ksu/log/logcat.log\n10-03 00:52:02.588 16361 16652 I GmsDebugLogger: [83] 1 [tflite_dynamite]\n10-03 00:52:02.592 17302 17302 D CompatChangeReporter: Compat change id reported: 242716250; UID 10203; state: ENABLED\n10-03 00:52:02.599 16295 16878 V ClearcutMetricXmitter: Transmission is done.\n10-03 00:52:02.604 17302 17302 D nativeloader: Configuring clns-shared-7 for other apk /apex/com.android.rkpd/priv-app/rkpdapp.google@350820300/rkpdapp.google.apk. target_sdk_version=34, uses_libraries=, library_path=/apex/com.android.rkpd/priv-app/rkpdapp.google@350820300/lib/x86_64:/system/lib64:/system_ext/lib64, permitted_path=/data:/mnt/expand:/data/user/0/com.google.android.rkpdapp:/apex/com.android.rkpd/priv-app/rkpdapp.google@350820300:/system/lib64:/system_ext/lib64\n10-03 00:52:02.606 17302 17302 D nativeloader: InitApexLibraries:\n10-03 00:52:02.606 17302 17302 D nativeloader:   com_android_adservices: libhpke_jni.so:libtflite_support_classifiers_native.so\n10-03 00:52:02.606 17302 17302 D nativeloader:   com_android_appsearch: libicing.so\n10-03 00:52:02.606 17302 17302 D nativeloader:   com_android_art: libartservice.so\n10-03 00:52:02.606 17302 17302 D nativeloader:   com_android_btservices: libbluetooth_jni.so\n10-03 00:52:02.606 17302 17302 D nativeloader:   com_android_conscrypt: libjavacrypto.so\n10-03 00:52:02.606 17302 17302 D nativeloader:   com_android_mediaprovider: libpdfclient.so\n10-03 00:52:02.606 17302 17302 D nativeloader:   com_android_nfcservices: libnfc_nci_jni.so\n10-03 00:52:02.606 17302 17302 D nativeloader:   com_android_ondevicepersonalization: libfcp_cpp_dep_jni.so:libfcp_hpke_jni.so\n10-03 00:52:02.606 17302 17302 D nativeloader:   com_android_os_statsd: libstats_jni.so\n10-03 00:52:02.606 17302 17302 D nativeloader:   com_android_tethering: libandroid_net_connectivity_com_android_net_module_util_jni.so:libcrypto.so:libframework-connectivity-jni.so:libframework-connectivity-tiramisu-jni.so:libmainlinecronet.121.0.6167.71.so:libservice-connectivity.so:libservice-thread-jni.so:libssl.so\n10-03 00:52:02.606 17302 17302 D nativeloader:   com_android_uwb: libuwb_uci_jni_rust.so\n10-03 00:52:02.606 17302 17302 D nativeloader:   com_android_virt: libvirtualizationservice_jni.so:libvirtualmachine_jni.so\n10-03 00:52:02.615 17302 17302 V GraphicsEnvironment: Currently set values for:\n10-03 00:52:02.615 17302 17302 V GraphicsEnvironment:   angle_gl_driver_selection_pkgs=[]\n10-03 00:52:02.615 17302 17302 V GraphicsEnvironment:   angle_gl_driver_selection_values=[]\n10-03 00:52:02.615 17302 17302 V GraphicsEnvironment: Global.Settings values are invalid: number of packages: 0, number of values: 0\n10-03 00:52:02.615 17302 17302 V GraphicsEnvironment: Neither updatable production driver nor prerelease driver is supported.\n10-03 00:52:02.615 15476 16406 D CompatChangeReporter: Compat change id reported: 261072174; UID 10133; state: ENABLED\n10-03 00:52:02.619 15840 16056 V MmsProvider: accessRestricted=false\n10-03 00:52:02.624 17302 17302 D WM-WrkMgrInitializer: Initializing WorkManager with default configuration.\n== /data/adb/ksu/log/dmesg.log\n<6>[  764.312049] KernelSU: handle_setresuid from 0 to 10143\n<6>[  764.313146] KernelSU: handle umount for uid: 10143, pid: 16729\n<6>[  764.391286] KernelSU: handle_setresuid from 0 to 10094\n<6>[  764.392501] KernelSU: handle umount for uid: 10094, pid: 16745\n<14>[  764.807715] servicemanager: Caller(pid=15476,uid=1000,sid=u:r:system_server:s0) Could not find android.hardware.graphics.allocator.IAllocator/default in the VINTF manifest. No alternative instances declared in VINTF.\n<6>[  765.188024] KernelSU: handle_setresuid from 0 to 10138\n<6>[  765.189382] KernelSU: handle umount for uid: 10138, pid: 16858\n<6>[  765.470691] KernelSU: handle_setresuid from 0 to 1000\n<6>[  765.530476] wlan0: authenticate with 02:15:b2:00:00:01\n<6>[  765.534554] wlan0: No basic rates, using min rate instead\n<6>[  765.536000] wlan0: send auth to 02:15:b2:00:00:01 (try 1/3)\n<6>[  765.538296] wlan0: authenticated\n<6>[  765.546095] wlan0: associate with 02:15:b2:00:00:01 (try 1/3)\n<6>[  765.552595] wlan0: RX AssocResp from 02:15:b2:00:00:01 (capab=0x1 status=0 aid=1)\n<6>[  765.554923] wlan0: No basic rates, using min rate instead\n<6>[  765.556562] wlan0: associated\n<6>[  765.657218] KernelSU: handle_setresuid from 0 to 10157\n<6>[  765.666099] KernelSU: handle umount for uid: 10157, pid: 16906\n<14>[  765.888898] servicemanager: Notifying apexservice they don't (previously: do) have clients when we now have no record of a client\n<14>[  765.947220] AidlLazyServiceRegistrar: Process has 0 (of 1 available) client(s) in use after notification apexservice has clients: 0\n<14>[  765.951796] AidlLazyServiceRegistrar: Trying to shut down the service. No clients in use for any service in process.\n<14>[  765.960473] servicemanager: Caller(pid=16174,uid=0,sid=u:r:apexd:s0) Unregistering apexservice\n<14>[  765.974979] BpBinder: onLastStrongRef automatically unlinking death recipients: \n<14>[  765.987107] AidlLazyServiceRegistrar: Unregistered all clients and exiting\n<14>[  766.001248] ini== /data/adb/ksu/log/logcat.old.log\n10-03 00:45:32.735 11440 12143 W BugleRcs: \tat crzm.run(PG:3)\n10-03 00:45:32.735 11440 12143 W BugleRcs: \tat java.util.concurrent.ThreadPoolExecutor.runWorker(ThreadPoolExecutor.java:1145)\n10-03 00:45:32.735 11440 12143 W BugleRcs: \tat java.util.concurrent.ThreadPoolExecutor$Worker.run(ThreadPoolExecutor.java:644)\n10-03 00:45:32.735 11440 12143 W BugleRcs: \tat cryq.run(PG:6)\n10-03 00:45:32.735 11440 12143 W BugleRcs: \tat java.lang.Thread.run(Thread.java:1012)\n10-03 00:45:32.735 11440 12143 W BugleRcs: \tat csaw.run(PG:64)\n10-03 00:45:32.735 11440 12143 I BugleTransport: Retrieved RCS available simIds: []\n10-03 00:45:32.919     0     0 I KernelSU: handle_setresuid from 0 to 10189\n10-03 00:45:32.920     0     0 I KernelSU: handle umount for uid: 10189, pid: 12316\n10-03 00:45:32.736 11440 12092 I BugleTransport: Deregister all SIMs except for SIMs with subIds: [] from chat transport: SINGLE_REGISTRATION.\n10-03 00:45:32.742 12316 12316 I nect.controller: Using CollectorTypeCMC GC.\n10-03 00:45:32.927     0     0 I init    : Untracked pid 10341 exited with status 137\n10-03 00:45:32.928     0     0 I init    : Untracked pid 10341 did not have an associated service entry and will not be reaped\n10-03 00:45:32.749 12316 12316 W nect.controller: Unexpected CPU variant for x86: x86_64.\n10-03 00:45:32.749 12316 12316 W nect.controller: Known variants: atom, sandybridge, silvermont, goldmont, goldmont-plus, goldmont-without-sha-xsaves, tremont, kabylake, default\n10-03 00:45:32.751 12316 12316 E nect.controller: Not starting debugger since process cannot load the jdwp agent.\n10-03 00:45:32.753 12316 12316 D nativeloader: Load libframework-connectivity-tiramisu-jni.so using APEX ns com_android_tethering for caller /apex/com.android.tethering/javalib/framework-connectivity-t.jar: ok\n10-03 00:45:32.759 11440 12101 I BugleSimStateTracker: default call SIM: redacted-pii:sim_id[chars:20,last3:897], default sms SIM redacted-pii:sim_id[chars:20,last3:897]. default data SIM redacted-pii:sim_id[chars:20,last3:897].\n10-03 00:45:32.762 11440 11587 I BugleTransport: Deregister all SIMs except for SIMs with subIds: [] from chat transport: TACHYGRAM.\n10-03 00:45:32.767 10548 10563 I am_proc_bound: [0,12316,com.google.android.healthconnect.controller]\n10-03 00:45:32.775 11440 12141 I BugleTransport: Deregister all SIMs except for SIMs with subIds: [] from chat transport: DUAL_REGISTRATION.\n10-03 00:45:32.776 11440 12150 I RcsAvailabilityUpdaterL: updateAvailabilityForRcsProvisioningId. SimId: redacted-pii:sim_id[chars:20,last3:897], currentAvailability: 10, newAvailability: 10, hint: CSLIB_PHENOTYPE_UPDATE\n10-03 00:45:32.780 12316 12316 D ApplicationLoaders: Returning zygote-cached class loader: /system/framework/org.apache.http.legacy.jar\n10-03 00:45:32.780 12316 12316 D ApplicationLoaders: Returning zygote-cached class loader: /system_ext/framework/androidx.window.extensions.jar\n10-03 00:45:32.780 12316 12316 D ApplicationLoaders: Returning zygote-cached class loader: /system_ext/framework/androidx.window.sidecar.jar\n== /data/adb/ksu/log/dmesg.old.log\n<6>[  374.848272] KernelSU: handle_setresuid from 0 to 10143\n<6>[  374.849534] KernelSU: handle umount for uid: 10143, pid: 11817\n<6>[  375.060969] wlan0: authenticate with 02:15:b2:00:00:01\n<6>[  375.064626] wlan0: No basic rates, using min rate instead\n<6>[  375.065807] wlan0: send auth to 02:15:b2:00:00:01 (try 1/3)\n<6>[  375.081165] wlan0: authenticated\n<6>[  375.089259] KernelSU: handle_setresuid from 0 to 1000\n<6>[  375.090135] wlan0: associate with 02:15:b2:00:00:01 (try 1/3)\n<6>[  375.099658] wlan0: RX AssocResp from 02:15:b2:00:00:01 (capab=0x1 status=0 aid=1)\n<6>[  375.101476] wlan0: No basic rates, using min rate instead\n<6>[  375.102762] wlan0: associated\n<6>[  375.300238] KernelSU: handle_setresuid from 0 to 10176\n<6>[  375.302686] KernelSU: handle umount for uid: 10176, pid: 11858\n<14>[  375.890214] servicemanager: Notifying apexservice they don't (previously: do) have clients when we now have no record of a client\n<14>[  375.894310] AidlLazyServiceRegistrar: Process has 0 (of 1 available) client(s) in use after notification apexservice has clients: 0\n<14>[  375.899620] AidlLazyServiceRegistrar: Trying to shut down the service. No clients in use for any service in process.\n<14>[  375.904980] servicemanager: Caller(pid=11271,uid=0,sid=u:r:apexd:s0) Unregistering apexservice\n<14>[  375.907162] BpBinder: onLastStrongRef automatically unlinking death recipients: \n<14>[  375.909145] AidlLazyServiceRegistrar: Unregistered all clients and exiting\n<14>[  375.914170] init: Service 'apexd' (pid 11271) exited with status 0 oneshot service took 4.896000 seconds in background\n<14>[  375.933762] init: Sending signal 9 to service 'apexd' (pid 11271) process group...\n<14>[  375.939500] libprocessgroup: Removed cgroup /sys/fs/cgroup/uid_0/pid_11271\n<6>[  376.422497] KernelSU: handle_setresuid from 0 to 10165\n<6>[  376.423879] KernelSU: handle umount for uid: 10165, pid: 11937\n<36>[  376.955877] type=1400 audit(1790988329.012:110): avc:  denied  { read } for  comm=\"binder:11817_2\" name=\"u:object_r:system_adbd_prop:s0\" dev=\"tmpfs\" ino=318 scontext=u:r:gmscore_app:s0:c512,c768 tcontext=u:object_r:system_adbd_prop:s0 tclass=file permissive=0 app=com.goototal 80\ndrwxr-xr-x 7 root root 4096 2026-10-03 00:48 .\ndrwxrwxrwx 8 root root 4096 2026-10-03 00:45 ..\ndrwxr-xr-x 4 root root 4096 2026-10-03 00:45 bin\ndrwxr-xr-x 5 root root 4096 2026-10-03 00:48 flutter_webui\n-rw-r--r-- 1 root root  193 2026-10-03 00:45 module.prop\ndrwxr-xr-x 2 root root 4096 2026-10-03 00:51 run\n-rw-r--r-- 1 root root  290 2026-10-03 00:45 service.sh\n-rw-r--r-- 1 root root  317 2026-10-03 00:45 uninstall.sh\ndrwxr-xr-x 8 root root 4096 2026-10-03 00:45 webroot\n-- dmesg:\n[  740.606763] mountify/metamount: start!\n[  740.616858] mountify/metamount: stage1: mounting /mnt/vendor\n[  740.620247] mountify/metamount: stage2/tmpfs: mounting /mnt/vendor/mountify\n[  740.624567] mountify/metamount: module with name * not meant to be mounted\n[  740.652080] mountify/metamount: stage2: unmounting /mnt/vendor/mountify\n[  740.655701] mountify/metamount: stage1: unmounting /mnt/vendor\n[  740.659353] mountify/metamount: finished!\n[  742.227886] apexd: No block apex metadata partition found, not adding block apexes\n[  761.560784] apexd: No block apex metadata partition found, not adding block apexes\n[  761.864031] mountify/boot-completed: lifting single instance lock"}
{"check":"module-config","result":"manage module configuration\n\nUsage: ksud module config [OPTIONS] <COMMAND>\n\nCommands:\n  get     Get a config value\n  set     Set a config value\n  list    List all config entries\n  delete  Delete a config entry\n  clear   Clear all config entries\n  help    Print this message or the help of the given subcommand(s)\n\n-- files:\ntotal 32\ndrwxr-xr-x 2 root root 4096 2026-10-03 00:52 .\ndrwxr-xr-x 3 root root 4096 2026-10-03 00:45 ..\n-rw-r--r-- 1 root root   36 2026-10-03 00:45 persist.config\n-rw-rw-rw- 1 root root  284 2026-10-03 00:52 tmp.config\n== /data/adb/ksu/module_configs/demo/persist.config\nMUSK\u0001\u0000\u0000\u0000\u0001\u0000\u0000\u0000\u000f\u0000\u0000\u0000webui.installed\u0001\u0000\u0000\u00001\n== /data/adb/ksu/module_configs/demo/tmp.config\nMUSK\u0001\u0000\u0000\u0000\u0002\u0000\u0000\u0000\u0000\u0000\u0000webui.session\udcc5\u0000\u0000\u0000{\"protocol\":1,\"version\":\"0.2.2\",\"port\":38601,\"token\":\"b04-Ytoh2FTzkQ56soSZ4OzFPgzquNur8ZYxDuHrLT0\",\"pid\":17846,\"boot\":\"bbffa4a5-738b-49d4-b812-165e644a0996\",\"started\":\"2026-10-03T00:52:21.330914Z\"}\n\u0000\u0000\u0000webui.boot$\u0000\u0000\u0000bbffa4a5-738b-49d4-b812-165e644a0996\n-- ksud get:\n1\nwebui.boot=bbffa4a5-738b-49d4-b812-165e644a0996\nwebui.installed=1\nwebui.session={\"protocol\":1,\"version\":\"0.2.2\",\"port\":38601,\"token\":\"b04-Ytoh2FTzkQ56soSZ4OzFPgzquNur8ZYxDuHrLT0\",\"pid\":17846,\"boot\":\"bbffa4a5-738b-49d4-b812-165e644a0996\",\"started\":\"2026-10-03T00:52:21.330914Z\"}"}
{"check":"module-dirs","result":"/data/adb/demo:\ntotal 24\ndrwx------ 3 root root 4096 2026-10-03 00:51 .\ndrwx------ 8 root root 4096 2026-10-03 00:48 ..\ndrwx------ 2 root root 4096 2026-10-03 00:52 tmp\n\n/data/adb/demo/tmp:\ntotal 16\ndrwx------ 2 root root 4096 2026-10-03 00:52 .\ndrwx------ 3 root root 4096 2026-10-03 00:51 .."}
{"check":"open","result":"opened: intent"}
{"check":"tap-places","result":{"url":"https://mui.kernelsu.org/index.html","socket":"webview_devtools_remote_18302","value":"tapped Places at 16,572 size 288x56 role button tappable"}}
{"check":"tap-plugins","result":{"url":"https://mui.kernelsu.org/index.html","socket":"webview_devtools_remote_18302","value":"tapped Plugins at 267,536 size 53x80 role tab tappable"}}
{"check":"fgs-open","result":"* ServiceRecord{7484f4c u0 com.webui.api.demo/com.termux.api.RootHelperService c:com.android.shell}\n    isForeground=true foregroundId=32363 types=0x40000000 foregroundNoti=Notification(channel=root_helper shortcut=null contentView=null vibrate=null sound=null defaults=0 flags=ONGOING_EVENT|FOREGROUND_SERVICE color=0x00000000 vis=PRIVATE)\n-- notification:\n-- procs:\nu0_a211      17749 com.webui.api.demo\nroot         17846 dartaotruntime\nroot         18504 dartaotruntime"}
{"check":"plugins","result":The app calls share_plus, permission_handler, the clipboard, flutter_local_notifications and file_selector as on any platform. Running in a WebUI host, so their *_webui packages answer.
share_plus
On WebUI: share_plus_webui: Android's share sheet, opened by the module's own app
Share text
permission_handler
On WebUI: permission_handler_webui: Android's own permission dialog, for the module's own app
Camera: denied
flutter_local_notifications
On WebUI: flutter_local_notifications_webui: an Android notification from the module's own app, after permission_handler asks for it}
{"check":"tap-share","result":{"url":"https://mui.kernelsu.org/index.html","socket":"webview_devtools_remote_18302","value":"tapped Share text at 24,278 size 112x48 role button tappable"}}
{"check":"share-top","result":"com.android.intentresolver/.ChooserActivityLauncher"}
{"check":"app-process","result":"u0_a211      10211 u:r:untrusted_app_27:s0:c211,c256,c512,c768 17749 com.webui.api.demo"}
{"check":"app-mounts","result":"pid 17749\n135"}
{"check":"share-log","result":"10-03 00:53:15.526 18612 18612 D ChooserActivity: getDisplayResolveInfoCount() == 0\n10-03 00:53:15.526 18612 18612 I ResolverListAdapter: Add DisplayResolveInfo component: ComponentInfo{com.google.android.apps.docs/com.google.android.apps.docs.common.shareitem.UploadMenuActivity}, intent component: ComponentInfo{com.google.android.apps.docs/com.google.android.apps.docs.common.shareitem.UploadMenuActivity}\n10-03 00:53:15.526 18612 18612 I ResolverListAdapter: Add DisplayResolveInfo component: ComponentInfo{com.google.android.apps.messaging/com.google.android.apps.messaging.ui.conversationlist.ShareIntentActivity}, intent component: ComponentInfo{com.google.android.apps.messaging/com.google.android.apps.messaging.ui.conversationlist.ShareIntentActivity}\n10-03 00:53:15.528 15476 16406 D CoreBackPreview: Window{de81353 u0 com.android.intentresolver/com.android.intentresolver.ChooserActivityLauncher}: Setting back callback OnBackInvokedCallbackInfo{mCallback=android.window.IOnBackInvokedCallback$Stub$Proxy@431f189, mPriority=0, mIsAnimationCallback=false}\n10-03 00:53:16.048 18612 18612 D ChooserActivity: onListRebuilt(listAdapter.userHandle=UserHandle{0}, rebuildComplete=true)\n10-03 00:53:16.049 18612 18612 D ChooserActivity: app target loading time 547 ms\n10-03 00:53:16.068 15476 15495 I ActivityTaskManager: Displayed com.android.intentresolver/.ChooserActivityLauncher for user 0: +771ms\n10-03 00:53:16.069 15476 15495 V WindowManager: Sent Transition (#8) createdAt=10-03 00:53:15.281 via request=TransitionRequestInfo { type = OPEN, triggerTask = TaskInfo{userId=0 taskId=28 displayId=0 isRunning=true baseIntent=Intent { act=android.intent.action.CHOOSER flg=0x10800000 cmp=com.android.intentresolver/.ChooserActivityLauncher } baseActivity=ComponentInfo{com.android.intentresolver/com.android.intentresolver.ChooserActivity} topActivity=ComponentInfo{com.android.intentresolver/com.android.intentresolver.ChooserActivity} origActivity=ComponentInfo{com.android.intentresolver/com.android.intentresolver.ChooserActivityLauncher} realActivity=ComponentInfo{com.android.intentresolver/com.android.intentresolver.ChooserActivity} numActivities=1 lastActiveTime=843045 supportsMultiWindow=true resizeMode=1 isResizeable=true minWidth=-1 minHeight=-1 defaultMinSize=220 token=WCT{RemoteToken{bbf1d45 Task{98eb0e8 #28 type=standard A=10108:com.android.intentresolver}}} topActivityType=1 pictureInPictureParams=null shouldDockBigOverlays=false launchIntoPipHostTaskId=-1 lastParentTaskIdBeforePip=-1 displayCutoutSafeInsets=null topActivityInfo=ActivityInfo{3a8ac9a com.android.intentresolver.ChooserActivityLauncher} launchCookies=[] positionInParent=Point(0, 0) parentTaskId=-1 isFocused=false isVisible=false isVisibleRequested=false isSleeping=false locusId=null displayAreaFeatureId=1 isTopActivityTransparent=true appCompatTaskInfo=AppCompatTaskInfo { topActivityInSizeCompat=false topActivityEligibleForLetterboxEducation= falseisLetterboxEducationEnabled= true isLetterboxDoubleTapEnabled= false topActivityEligibleForUserAspectRatioButton= false topActivityBoundsLetterboxed= false isFromLetterboxDoubleTap= false topActivityLetterboxVerticalPosition= -1 topActivityLetterboxHorizontalPosition= -1 topActivityLetterboxWidth=320 topActivityLetterboxHeight=640 isUserFullscreenOverrideEnabled=false isSystemFullscreenOverrideEnabled=false cameraCompatTaskInfo=CameraCompatTaskInfo { cameraCompatControlState=hidden freeformCameraCompatMode=inactive}}}, pipTask = null, remoteTransition = null, displayChange = null, flags = 0, debugId = 8 }\n10-03 00:53:16.074 18612 18612 D ChooserActivity: onShortcutsLoaded for user: UserHandle{0}\n10-03 00:53:16.074 18612 18612 D ChooserActivity: stat to first shortcut time: 555 ms\n10-03 00:53:16.084 18612 18612 D ChooserActivity: onAppTargetsLoaded(listAdapter.userHandle=UserHandle{0})\n10-03 00:53:23.421 18663 18663 W app_process: ClassLoaderContext shared library size mismatch. Expected=2, found=0 (PCL[]{PCL[/system/framework/android.test.base.jar*724373495]#PCL[/system/framework/android.test.mock.jar*1452759902]} | PCL[])"}
{"check":"share-result","result":null}
{"check":"cam-deny-1-tap","result":{"error":"no reply after 60000 ms"}}
{"check":"cam-deny-1-top","result":"com.android.intentresolver/.ChooserActivityLauncher"}
{"check":"cam-deny-1-dialog","result":"Close app\nWait"}
{"check":"cam-deny-1-press","result":"ui: dismissed ANR dialog\nui: no node with 'Don'"}
{"check":"cam-deny-1-status","result":null}
{"check":"cam-deny-1-perm","result":"android.permission.CAMERA\n      android.permission.SET_WALLPAPER\n--\n        android.permission.CAMERA: granted=false, flags=[ USER_SENSITIVE_WHEN_GRANTED|USER_SENSITIVE_WHEN_DENIED]"}
{"check":"cam-deny-2-tap","result":{"error":"no reply after 60000 ms"}}
{"check":"cam-deny-2-top","result":"com.android.intentresolver/.ChooserActivityLauncher"}
{"check":"cam-deny-2-dialog","result":"Copy\nQuick Share\nChrome\nDrive | Copy to clipboard\nDrive\nMessages"}
{"check":"cam-deny-2-press","result":"ui: no node with 'Don'"}
{"check":"cam-deny-2-status","result":null}
{"check":"cam-deny-2-perm","result":"android.permission.CAMERA\n      android.permission.SET_WALLPAPER\n--\n        android.permission.CAMERA: granted=false, flags=[ USER_SENSITIVE_WHEN_GRANTED|USER_SENSITIVE_WHEN_DENIED]"}
{"check":"cam-after-deny-tap","result":{"error":"no reply after 60000 ms"}}
{"check":"cam-after-deny-top","result":"com.android.intentresolver/.ChooserActivityLauncher"}
{"check":"cam-after-deny-dialog","result":"Copy\nQuick Share\nChrome\nDrive | Copy to clipboard\nDrive\nMessages"}
{"check":"cam-after-deny-status","result":null}
{"check":"cam-after-deny-perm","result":"android.permission.CAMERA\n      android.permission.SET_WALLPAPER\n--\n        android.permission.CAMERA: granted=false, flags=[ USER_SENSITIVE_WHEN_GRANTED|USER_SENSITIVE_WHEN_DENIED]"}
{"check":"cam-grant-tap","result":{"error":"no reply after 60000 ms"}}
{"check":"cam-grant-top","result":"com.google.android.permissioncontroller/com.android.permissioncontroller.permission.ui.GrantPermissionsActivity"}
{"check":"cam-grant-dialog","result":"Allow Demo to take pictures and record video? | While using the app | Only this time | Don\u2019t allow\nAllow Demo to take pictures and record video? | While using the app | Only this time | Don\u2019t allow\nWhile using the app\nOnly this time\nDon\u2019t allow"}
{"check":"cam-grant-press","result":"ui: tapped 'While using the app' at 160,333"}
{"check":"cam-grant-status","result":permission_handler
On WebUI: permission_handler_webui: Android's own permission dialog, for the module's own app
Camera: granted}
{"check":"cam-grant-perm","result":"android.permission.CAMERA\n      android.permission.SET_WALLPAPER\n--\n        android.permission.CAMERA: granted=true, flags=[ USER_SET|USER_SENSITIVE_WHEN_GRANTED|USER_SENSITIVE_WHEN_DENIED]"}
{"check":"clipboard","result":"no Paste button on page 6"}
{"check":"pick-tap","result":{"url":"https://mui.kernelsu.org/index.html","socket":"webview_devtools_remote_18302","value":"tapped Pick a file at 24,222 size 109x48 role button tappable"}}
{"check":"pick-top","result":"com.google.android.documentsui/com.android.documentsui.picker.PickActivity"}
{"check":"picked","result":file_selector
On WebUI: file_selector_webui: the WebView's file chooser
Picked: /data/adb/demo/tmp/open-hmup5w54fk-0/lab-pick.txt
Pick a file}
{"check":"pick-files","result":"/data/adb/demo/tmp:\ntotal 24\ndrwx------ 3 root root u:object_r:adb_data_file:s0  4096 2026-10-03 01:03 .\ndrwx------ 3 root root u:object_r:adb_data_file:s0  4096 2026-10-03 00:52 ..\ndrwx------ 2 root root u:object_r:adb_data_file:s0  4096 2026-10-03 01:03 open-hmup5w54fk-0\n\n/data/adb/demo/tmp/open-hmup5w54fk-0:\ntotal 24\ndrwx------ 2 root root u:object_r:adb_data_file:s0  4096 2026-10-03 01:03 .\ndrwx------ 3 root root u:object_r:adb_data_file:s0  4096 2026-10-03 01:03 ..\n-rw------- 1 root root u:object_r:adb_data_file:s0     9 2026-10-03 01:03 lab-pick.txt"}
{"check":"app-settings","result":"Archive\nUninstall\nForce stop\nNotifications | Off\nPermissions | Camera\nStorage & cache | 7.20 MB used in internal storage\nNavigate up\nOpen"}
{"check":"fgs-home","result":"* ServiceRecord{7484f4c u0 com.webui.api.demo/com.termux.api.RootHelperService c:com.android.shell}\n    isForeground=true foregroundId=32363 types=0x40000000 foregroundNoti=Notification(channel=root_helper shortcut=null contentView=null vibrate=null sound=null defaults=0 flags=ONGOING_EVENT|FOREGROUND_SERVICE color=0x00000000 vis=PRIVATE)\n-- notification:\n-- procs:\nu0_a211      17749 com.webui.api.demo\nroot         17846 dartaotruntime\nroot         18504 dartaotruntime\nroot         19071 dartaotruntime\nroot         19077 dartaotruntime"}
{"check":"fgs-closed","result":"-- notification:\n-- procs:\nu0_a211      17749 com.webui.api.demo"}
{"check":"after-reboot","result":"package:/data/app/~~z9M2L803q-b4zTLPUtn7Sw==/com.webui.api.demo-duhuxsZAjqcFFB20Fh4sdg==/base.apk\n    codePath=/data/app/~~z9M2L803q-b4zTLPUtn7Sw==/com.webui.api.demo-duhuxsZAjqcFFB20Fh4sdg==\n    versionCode=1011 minSdk=24 targetSdk=28\n-- service.sh log:"}
/home/runner/work/devicelab/devicelab/checks/lib/lc_sample.sh: 1 file pushed, 0 skipped. 6.0 MB/s (1585 bytes in 0.000s)
{"check":"setup","result":"Enforcing\npackage:/data/app/~~z9M2L803q-b4zTLPUtn7Sw==/com.webui.api.demo-duhuxsZAjqcFFB20Fh4sdg==/base.apk\n    versionCode=1011 minSdk=24 targetSdk=28\n    versionName=0.53.0-webui.9\nFailed to write while dumping service package: Broken pipe\nksud 3.3.0 (uapi: 2)\n    versionName=v438-release\nFailed to write while dumping service package: Broken pipe"}
{"check":"rootlog-start","result":"4\n2026-10-03T00:52:21.336744 listening on 127.0.0.1:38601\n2026-10-03T01:04:50.634510 shutting down\n2026-10-03T01:04:50.658544 am stopservice --user 0 -n com.webui.api.demo/com.termux.api.RootHelperService: exit 255 Stopping service: Intent { cmp=com.webui.api.demo/com.termux.api.RootHelperService }\nService stopped"}
{"check":"open-home","result":"opened: intent"}
cut: Needs -CFfcb (see "cut --help")
{"check":"mark-home-opened","result":""}
{"check":"sample-home","result":"1609.62 ch= aot= port= conn=0 fgs=0 fg=0 notif=0 hold=0 app=\n1630.50 end ch= aot= port= conn=0 fgs=0 fg=0 notif=0 hold=0 app="}
cut: Needs -CFfcb (see "cut --help")
{"check":"mark-tap-places","result":""}
{"check":"tap-places","result":{"url":"https://mui.kernelsu.org/index.html","socket":"webview_devtools_remote_22413","value":"tapped Places at 16,572 size 288x56 role button tappable"}}
{"check":"sample-places","result":"1632.87 ch= aot= port= conn=0 fgs=0 fg=0 notif=0 hold=0 app=\n1635.27 ch=23093, aot= port=35957 conn=1 fgs=2 fg=0 notif=0 hold=1 app=23125\n1636.40 ch=23093, aot=23186, port=35957 conn=1 fgs=1 fg=1 notif=0 hold=2 app=23125\n1658.43 end ch=23093, aot=23186, port=35957 conn=1 fgs=1 fg=1 notif=0 hold=2 app=23125"}
{"check":"hold","result":"channel pid 23093\nu:r:ksu:s0\u0000\nUSER           PID  PPID LABEL                          ARGS                       \nroot         23093     1 u:r:ksu:s0                     dartaotruntime /data/adb/modules/demo/flutter_webui/x86_64/flutter_webui_root.aot serve --module-dir /data/adb/modules/demo --module-id demo --run-dir /data/adb/modules/demo/flutter_webui/run --temp-dir /data/adb/demo/tmp --announce\n-- /proc/net/unix:\nffff9163e259de80: 00000003 00000000 00000000 0001 03 179357 @com.webui.api.demo/hold\nffff91632cc62d00: 00000002 00000000 00010000 0001 01 179356 @com.webui.api.demo/hold\n-- channel fds -> sockets:\n3\n-- service:\n  * ServiceRecord{fe221f1 u0 com.webui.api.demo/com.termux.api.RootHelperService c:com.android.shell}\n    isForeground=true foregroundId=32363 types=0x40000000 foregroundNoti=Notification(channel=root_helper shortcut=null contentView=null vibrate=null sound=null defaults=0 flags=ONGOING_EVENT|FOREGROUND_SERVICE color=0x00000000 vis=PRIVATE)\n    startRequested=true delayedStop=false stopIfKilled=true callStart=true lastStartId=1"}
{"check":"rootlog-hold","result":"1\n2026-10-03T01:06:27.200450 listening on 127.0.0.1:35957"}
{"check":"avc-hold","result":""}
{"check":"procs","result":"u0_a210      22413 20023 u:r:untrusted_app:s0:c210,c256,c512,c768 com.dergoogler.mmrl.process.webui com.dergoogler.mmrl.process.webui\nroot         23093     1 u:r:ksu:s0                     dartaotruntime              dartaotruntime /data/adb/modules/demo/flutter_webui/x86_64/flutter_webui_root.aot serve --module-dir /data/adb/modules/demo --module-id demo --run-dir /data/adb/modules/demo/flutter_webui/run --temp-dir /data/adb/demo/tmp --announce\nu0_a211      23125 20023 u:r:untrusted_app_27:s0:c211,c256,c512,c768 com.webui.api.demo com.webui.api.demo\nroot         23181     1 u:r:ksu:s0                     sh                          sh -c trap : TERM INT HUP USR1 USR2; exec 0</dev/null; \"$@\" >>\"$FLUTTER_WEBUI_LOG\" 2>&1; c=$?; (umask 077 && echo $c >\"$FLUTTER_WEBUI_EXIT.tmp\"); mv \"$FLUTTER_WEBUI_EXIT.tmp\" \"$FLUTTER_WEBUI_EXIT\" sh /data/adb/modules/demo/bin/demo serve --session-file /data/adb/modules/demo/run/demo.place.json --launch-id 03b71a39c08325a8\nroot         23186 23181 u:r:ksu:s0                     dartaotruntime              dartaotruntime /data/adb/modules/demo/bin/x86_64/demo.aot serve --session-file /data/adb/modules/demo/run/demo.place.json --launch-id 03b71a39c08325a8"}
{"check":"notif-perm","result":"android.permission.POST_NOTIFICATIONS\n        android.permission.POST_NOTIFICATIONS: granted=false, flags=[ USER_SENSITIVE_WHEN_GRANTED|USER_SENSITIVE_WHEN_DENIED]\n-- appops:\nUid mode: POST_NOTIFICATION: ignore\nUid mode: COARSE_LOCATION: ignore\nFINE_LOCATION: ignore\nREAD_CONTACTS: ignore\nWRITE_CONTACTS: ignore\nREAD_CALL_LOG: ignore\nWRITE_CALL_LOG: ignore\nREAD_CALENDAR: ignore\nWRITE_CALENDAR: ignore\nPOST_NOTIFICATION: ignore\nCALL_PHONE: ignore\nREAD_SMS: ignore\nRECEIVE_SMS: ignore\nRECEIVE_MMS: ignore\nRECEIVE_WAP_PUSH: ignore\nSEND_SMS: ignore\nCAMERA: foreground\nRECORD_AUDIO: ignore\nREAD_PHONE_STATE: ignore\nADD_VOICEMAIL: ignore\nUSE_SIP: ignore\n-- targetSdk:\n    versionCode=1011 minSdk=24 targetSdk=28\nFailed to write while dumping service package: Broken pipe"}
{"check":"notif-importance","result":"AppSettings: com.webui.api.demo (10211) importance=NONE userSet=false\n      key='com.webui.api.demo',\n-- channels:"}
{"check":"notif-record","result":""}
{"check":"notif-shade","result":"content-desc=\"1:06\u202fAM\"\ncontent-desc=\"Battery charging, 100 percent.\"\ncontent-desc=\"Bluetooth.\"\ncontent-desc=\"Collapse\"\ncontent-desc=\"Do Not Disturb.\"\ncontent-desc=\"Expand\"\ncontent-desc=\"Flashlight\"\ncontent-desc=\"Internet,AndroidWifi\"\ncontent-desc=\"Manage\"\ncontent-desc=\"Phone three bars.\"\ncontent-desc=\"Wifi signal full.\"\ntext=\"100%\"\ntext=\"1:06\"\ntext=\"2\"\ntext=\"AT Translated Set 2 keyboard configured\"\ntext=\"Android System\"\ntext=\"Bluetooth\"\ntext=\"Bluetooth, On\"\ntext=\"Do Not Disturb\"\ntext=\"Do Not Disturb, Off\"\ntext=\"Flashlight\"\ntext=\"Flashlight, Off\"\ntext=\"Internet\"\ntext=\"Internet, AndroidWifi\"\ntext=\"Manage\"\ntext=\"Performance is impacted. To disable, check bootloader.\"\ntext=\"Platform Service is running\"\ntext=\"Sat, Oct 3\"\ntext=\"Serial console enabled\"\ntext=\"Silent\"\ntext=\"WebUI X\"\ntext=\"now\"\ntext=\"\u2022\""}
{"check":"notif-fgs-manager","result":"isForeground=true foregroundId=32363 types=0x40000000 foregroundNoti=Notification(channel=root_helper shortcut=null contentView=null vibrate=null sound=null defaults=0 flags=ONGOING_EVENT|FOREGROUND_SERVICE color=0x00000000 vis=PRIVATE)\n    mCurSchedGroup=2 setSchedGroup=2 systemNoUi=false\n    curProcState=4 mRepProcState=4 setProcState=4 lastStateTime=-30s981ms"}
{"check":"tap-plugins","result":{"url":"https://mui.kernelsu.org/index.html","socket":"webview_devtools_remote_22413","value":"tapped Plugins at 267,536 size 53x80 role tab tappable"}}
{"check":"notify","result":"no Show notification button on page 6"}
{"check":"tap-places-2","result":{"url":"https://mui.kernelsu.org/index.html","socket":"webview_devtools_remote_22413","value":"tapped Places at 0,536 size 53x80 role tab tappable"}}
cut: Needs -CFfcb (see "cut --help")
{"check":"mark-swipe-recents","result":""}
cut: Needs -CFfcb (see "cut --help")
{"check":"mark-swipe-done","result":""}
{"check":"swipe-tasks","result":"* Recent #0: Task{20337a6 #33 type=standard A=10210:com.dergoogler.mmrl.wx.WEBUI_X}\n  * Recent #1: Task{5748cd9 #32 type=home I=com.google.android.apps.nexuslauncher/.NexusLauncherActivity}\n  * Recent #2: Task{7ba6929 #5 type=home A=1000:com.android.settings.FallbackHome}\n  * Recent #3: Task{88f1e1d #31 type=undefined A=1000:com.android.settings}\n  * Recent #4: Task{78ad892 #12 type=undefined A=10210:com.dergoogler.mmrl.wx}\n  * Recent #5: Task{706e263 #10 type=undefined A=10209:me.weishu.kernelsu}\n    realActivity={com.dergoogler.mmrl.wx/com.dergoogler.mmrl.wx.ui.activity.webui.WebUIActivity}\n    realActivity={com.android.settings/com.android.settings.applications.InstalledAppDetailsTop}\n    realActivity={com.dergoogler.mmrl.wx/com.dergoogler.mmrl.wx.ui.activity.MainActivity}\n    realActivity={me.weishu.kernelsu/me.weishu.kernelsu.ui.MainActivity}\n22435"}
{"check":"sample-swipe","result":"1683.78 ch=23093, aot=23186, port=35957 conn=1 fgs=1 fg=1 notif=0 hold=2 app=23125\n1744.04 end ch=23093, aot=23186, port=35957 conn=1 fgs=1 fg=1 notif=0 hold=2 app=23125"}
{"check":"rootlog-swipe","result":"1\n2026-10-03T01:06:27.200450 listening on 127.0.0.1:35957"}
{"check":"avc-swipe","result":""}
{"check":"open-kill","result":"opened: intent"}
cut: Needs -CFfcb (see "cut --help")
{"check":"mark-kill-tap-places","result":""}
{"check":"kill-tap","result":{"url":"https://mui.kernelsu.org/index.html","socket":"webview_devtools_remote_25471","value":"tapped Places at 16,572 size 288x56 role button tappable"}}
{"check":"sample-kill-places","result":"1754.95 ch=23093, aot= port=35957 conn=0 fgs=1 fg=1 notif=0 hold=2 app=23125\n1757.36 ch=23093, aot= port=35957 conn=1 fgs=1 fg=1 notif=0 hold=2 app=23125\n1758.47 ch=23093, aot=25759, port=35957 conn=1 fgs=1 fg=1 notif=0 hold=2 app=23125\n1780.45 end ch=23093, aot=25759, port=35957 conn=1 fgs=1 fg=1 notif=0 hold=2 app=23125"}
cut: Needs -CFfcb (see "cut --help")
{"check":"mark-kill-force-stop","result":""}
{"check":"sample-kill","result":"1780.60 ch=23093, aot=25759, port=35957 conn=1 fgs=1 fg=1 notif=0 hold=2 app=23125\n1781.83 ch=23093, aot=25759, port=35957 conn=0 fgs=1 fg=1 notif=0 hold=2 app=23125\n1791.77 ch=23093, aot= port=35957 conn=0 fgs=1 fg=1 notif=0 hold=2 app=23125\n1811.63 ch=23093, aot= port=35957 conn=0 fgs=0 fg=0 notif=0 hold=0 app=23125\n1812.74 ch= aot= port=35957 conn=0 fgs=0 fg=0 notif=0 hold=0 app=23125\n1841.26 end ch= aot= port=35957 conn=0 fgs=0 fg=0 notif=0 hold=0 app=23125"}
{"check":"rootlog-kill","result":"4\n2026-10-03T01:06:27.200450 listening on 127.0.0.1:35957\n2026-10-03T01:09:23.777483 shutting down\n2026-10-03T01:09:23.806633 am stopservice --user 0 -n com.webui.api.demo/com.termux.api.RootHelperService: exit 255 Stopping service: Intent { cmp=com.webui.api.demo/com.termux.api.RootHelperService }\nService stopped"}
{"check":"open-close","result":"opened: intent"}
cut: Needs -CFfcb (see "cut --help")
{"check":"mark-close-tap-places","result":""}
{"check":"close-tap","result":{"url":"https://mui.kernelsu.org/index.html","socket":"webview_devtools_remote_27737","value":"tapped Places at 16,572 size 288x56 role button tappable"}}
{"check":"sample-close-places","result":"1851.63 ch= aot= port= conn=0 fgs=0 fg=0 notif=0 hold=0 app=23125\n1854.08 ch=27980, aot= port=39007 conn=1 fgs=1 fg=1 notif=0 hold=2 app=23125\n1855.20 ch=27980, aot=28060, port=39007 conn=1 fgs=1 fg=1 notif=0 hold=2 app=23125\n1877.15 end ch=27980, aot=28060, port=39007 conn=1 fgs=1 fg=1 notif=0 hold=2 app=23125"}
cut: Needs -CFfcb (see "cut --help")
{"check":"mark-close-back","result":""}
cut: Needs -CFfcb (see "cut --help")
{"check":"mark-close-closed-after-back-2","result":""}
{"check":"sample-close","result":"1877.29 ch=27980, aot=28060, port=39007 conn=1 fgs=1 fg=1 notif=0 hold=2 app=23125\n1880.69 ch=27980, aot=28060, port=39007 conn=0 fgs=1 fg=1 notif=0 hold=2 app=23125\n1889.53 ch=27980, aot= port=39007 conn=0 fgs=1 fg=1 notif=0 hold=2 app=23125\n1910.50 ch= aot= port=39007 conn=0 fgs=0 fg=0 notif=0 hold=0 app=23125\n2118.25 end ch= aot= port=39007 conn=0 fgs=0 fg=0 notif=0 hold=0 app=23125"}
{"check":"rootlog-close","result":"4\n2026-10-03T01:10:05.955031 listening on 127.0.0.1:39007\n2026-10-03T01:11:02.016554 shutting down\n2026-10-03T01:11:02.041749 am stopservice --user 0 -n com.webui.api.demo/com.termux.api.RootHelperService: exit 255 Stopping service: Intent { cmp=com.webui.api.demo/com.termux.api.RootHelperService }\nService stopped"}
{"check":"avc-close","result":""}
{"check":"open-sleep","result":"opened: intent"}
cut: Needs -CFfcb (see "cut --help")
{"check":"mark-sleep-tap-places","result":""}
{"check":"sleep-tap","result":{"url":"https://mui.kernelsu.org/index.html","socket":"webview_devtools_remote_1876","value":"tapped Places at 16,572 size 288x56 role button tappable"}}
{"check":"sample-sleep-places","result":"2128.73 ch= aot= port= conn=0 fgs=0 fg=0 notif=0 hold=0 app=23125\n2131.08 ch=2131, aot= port=39977 conn=1 fgs=1 fg=1 notif=0 hold=2 app=23125\n2132.19 ch=2131, aot=2213, port=39977 conn=1 fgs=1 fg=1 notif=0 hold=2 app=23125\n2154.13 end ch=2131, aot=2213, port=39977 conn=1 fgs=1 fg=1 notif=0 hold=2 app=23125"}
cut: Needs -CFfcb (see "cut --help")
{"check":"mark-sleep-back","result":""}
{"check":"sleep-close","result":"still on top:     topResumedActivity=ActivityRecord{2fa4c3f u0 com.dergoogler.mmrl.wx/.ui.activity.webui.WebUIActivity t39}"}
cut: Needs -CFfcb (see "cut --help")
{"check":"mark-sleep-screen-off","result":""}
{"check":"sample-sleep","result":"2154.27 ch=2131, aot=2213, port=39977 conn=1 fgs=1 fg=1 notif=0 hold=2 app=23125\n2394.26 end ch=2131, aot=2213, port=39977 conn=1 fgs=1 fg=1 notif=0 hold=2 app=23125"}
{"check":"rootlog-sleep","result":"1\n2026-10-03T01:14:43.087970 listening on 127.0.0.1:39977"}
{"check":"stopsvc","result":"Starting service: Intent { cmp=com.webui.api.demo/com.termux.api.RootHelperService }\nstart-exit=0\nStopping service: Intent { cmp=com.webui.api.demo/com.termux.api.RootHelperService }\nService stopped\nstop-up-exit=255\nStopping service: Intent { cmp=com.webui.api.demo/com.termux.api.RootHelperService }\nService not stopped: was not running.\nstop-down-exit=255"}
{"check":"stopsvc-rootlog","result":""}
Traceback (most recent call last):
  File "<stdin>", line 6, in <module>
ValueError: could not convert string to float: ''
