yes: standard output: Broken pipe
Auto-selecting single ABI x86_64
Do you wish to create a custom hardware profile? [no] lab.avd
lab.ini
emulator Android emulator version 37.2.12.0 (build_id 16428233) (CL:N/A)
* daemon not running; starting now at tcp:5037
* daemon started successfully
booted in 22s: google/sdk_gphone64_x86_64/emu64xa:15/AE3A.240806.043/12960925:userdebug/dev-keys
kernel 6.6.50-android15-8-g8adecb593e9b-ab12525588 -> kmi android15-6.6; KernelSU-Next/KernelSU-Next v3.4.0
total 28968
drwx------  2 runner runner     4096 Oct  3 01:24 .
drwxrwxrwt 16 root   root       4096 Oct  3 01:24 ..
-rw-r--r--  1 runner runner 11859167 Oct  3 01:24 KernelSU_Next_v3.4.0-spoofed_33294-release.apk
-rw-r--r--  1 runner runner 11857955 Oct  3 01:24 KernelSU_Next_v3.4.0_33294-release.apk
-rw-r--r--  1 runner runner  5583488 Oct  3 01:24 ksud-x86_64-linux-android
-rw-r--r--  1 runner runner   342200 Oct  3 01:24 x86_64-android15-6.6_kernelsu.ko
== manager installed (com.rifsxd.ksunext, KernelSU_Next_v3.4.0_33294-release.apk)
/tmp/tmp.NZ0qludzgh/x86_64-android15-6.6_kernelsu.ko: 1 file pushed, 0 skipped. 6.9 MB/s (342200 bytes in 0.047s)
/tmp/tmp.NZ0qludzgh/ksud-x86_64-linux-android: 1 file pushed, 0 skipped. 220.2 MB/s (5583488 bytes in 0.024s)
== ksud: ksud 3.4.0 (uapi: 4)
== ksud late-load: rc=0
== ksud insmod /data/adb/kernelsu.ko: Error: load module failed: /data/adb/kernelsu.ko

Caused by:
    0: init_module failed without vermagic mismatch
    1: File exists (os error 17)
rc=1
kernelsu              258048  0 
== lsmod: kernelsu              258048  0 
== ls: /data/adb/ksu/bin: No such file or directory
== total 356
== drwx------  2 root   root     4096 2026-10-03 01:24 .
== drwxrwx--x 51 system system   4096 2026-10-03 01:23 ..
== -rw-rw-rw-  1 root   root   342200 2026-10-03 01:24 kernelsu.ko
== restored /data/adb/ksud
aarch64-android12-5.10_kernelsu.ko
aarch64-android13-5.10_kernelsu.ko
aarch64-android13-5.15_kernelsu.ko
aarch64-android14-5.15_kernelsu.ko
aarch64-android14-6.1_kernelsu.ko
aarch64-android15-6.6_kernelsu.ko
aarch64-android16-6.12_kernelsu.ko
aarch64-android17-6.18_kernelsu.ko
KernelSU_Next_v3.4.0-spoofed_33294-release.apk
KernelSU_Next_v3.4.0_33294-release.apk
ksud-aarch64-apple-darwin
ksud-aarch64-linux-android
ksud-aarch64-unknown-linux-musl
ksud-x86_64-apple-darwin
ksud-x86_64-linux-android
ksud-x86_64-unknown-linux-musl
x86_64-android12-5.10_kernelsu.ko
x86_64-android13-5.10_kernelsu.ko
x86_64-android13-5.15_kernelsu.ko
x86_64-android14-5.15_kernelsu.ko
x86_64-android14-6.1_kernelsu.ko
x86_64-android15-6.6_kernelsu.ko
x86_64-android16-6.12_kernelsu.ko
x86_64-android17-6.18_kernelsu.ko
== no metamodule asset in KernelSU-Next/KernelSU-Next v3.4.0
/home/runner/work/devicelab/devicelab/modules/probe/./: 2 files pushed, 0 skipped. 0.0 MB/s (1474 bytes in 0.046s)
== modules: [
  {
    "update": "false",
    "name": "devicelab probe",
    "id": "devicelab_probe",
    "description": "Observation module for devicelab. Its WebUI page is driven over DevTools.",
    "version": "1",
    "author": "p0g-stack",
    "remove": "false",
    "mount": "false",
    "enabled": "true",
    "action": "false",
    "web": "true",
    "versionCode": "1"
  }
]
SELinux: Loaded file context from:
		/system/etc/selinux/plat_file_contexts
		/system_ext/etc/selinux/system_ext_file_contexts
		/vendor/etc/selinux/vendor_file_contexts
== home text: text="Working" text="LKM (GKI2)" text="Jailbreak mode" text="Version: v3.4.0 (33294-4)" text="Custom" text="Superuser" text="0" text="Module" text="1" text="Manager version" text="v3.4.0 (33294-4)" text="Hook mode" text="Tracepoint" text="Metamodule status" text="Not installed" text="Having trouble?" text="Encountered a bug or have feedback?" text="KernelSU-Next" 
== manager activities: com.rifsxd.ksunext/.FlashModule com.rifsxd.ksunext/.ui.MainActivity com.rifsxd.ksunext/androidx.core.content.FileProvider com.rifsxd.ksunext/androidx.profileinstaller.ProfileInstallReceiver com.rifsxd.ksunext/androidx.startup.InitializationProvider 
== metamodule releases backslashxx/mountify: 204 Latest 204 2026-08-25T05:14:18Z;203  203 2026-06-25T15:03:16Z;202  202 2026-06-23T03:45:32Z;
== metamodule candidate backslashxx/mountify mountify.zip: id=mountify version=v2.0.4 versionCode=204 metamodule=true 
== metamodule repo (given): backslashxx/mountify
== metamodule zip: mountify.zip sha256 dde361c444f6990b759890720487785402a391a61cf6530f960deb98e5ef864d
== metamodule module.prop: id=mountify name=mountify version=v2.0.4 versionCode=204 author=xx, KOWX712 metamodule=true description=Globally mounted modules via OverlayFS. updateJson=https://raw.githubusercontent.com/backslashxx/mountify/master/update.json 
/tmp/tmp.GvU2Lh5GNN/rel/mountify.zip: 1 file pushed, 0 skipped. 500.7 MB/s (554873 bytes in 0.001s)
== install mountify.zip
[H[J[|]
[H[J[\]
[H[J[+] mountify
[+] SysReq test
[+] CONFIG_OVERLAY_FS
[+] overlay found in /proc/filesystems
[+] CONFIG_TMPFS_XATTR
[+] tmpfs extended attribute test passed
[!] using fresh config.sh
[+] moving modules.txt
[+] moving whiteouts.txt
[+] mountify will be installed in metamodule mode!
- Done
- Creating metamodule symlink
- Module installed successfully!
== soft-reboot: 
== after soft-reboot (35s): [
  {
    "author": "p0g-stack",
    "versionCode": "1",
    "web": "true",
    "mount": "false",
    "update": "false",
    "id": "devicelab_probe",
    "version": "1",
    "action": "false",
    "remove": "false",
    "name": "devicelab probe",
    "description": "Observation module for devicelab. Its WebUI page is driven over DevTools.",
    "enabled": "true"
  },
  {
    "update": "false",
    "metamodule": "true",
    "name": "mountify",
    "remove": "false",
    "enabled": "true",
    "version": "v2.0.4",
    "web": "true",
    "action": "true",
    "mount": "false",
    "id": "mountify",
    "versionCode": "204",
    "author": "xx, KOWX712",
    "updateJson": "https://raw.githubusercontent.com/backslashxx/mountify/master/update.json",
    "description": "mode: auto 🤖 | fstype: tmpfs 🦾 | no modules mounted"
  }
]
total 32
drwxrwxrwx 4 root root 4096 2026-10-03 01:24 .
drwx------ 6 root root 4096 2026-10-03 01:24 ..
drwxr-xr-x 3 root root 4096 2026-10-03 01:24 devicelab_probe
drwxr-xr-x 5 root root 4096 2026-10-03 01:24 mountify
== metamodule active: lrwxrwxrwx 1 root root 26 2026-10-03 01:24 /data/adb/metamodule -> /data/adb/modules/mountify id=mountify name=mountify version=v2.0.4 versionCode=204 author=xx, KOWX712 metamodule=true description=mode: auto 🤖 | fstype: tmpfs 🦾 | no modules mounted updateJson=https://raw.githubusercontent.com/backslashxx/mountify/master/update.json 
inputs/modules/flutter_webui_counter-0.1.5.zip: 1 file pushed, 0 skipped. 414.4 MB/s (21434766 bytes in 0.049s)
== install flutter_webui_counter-0.1.5.zip
  inflating: webroot/fonts/notocoloremoji/v32/Yq6P-KqIXTD0t4D9z1ESnKM3-HpFabsE4tq3luCC7p-aXxcn.3.woff2
  inflating: webroot/fonts/notocoloremoji/v32/Yq6P-KqIXTD0t4D9z1ESnKM3-HpFabsE4tq3luCC7p-aXxcn.8.woff2
  inflating: webroot/fonts/notocoloremoji/v32/Yq6P-KqIXTD0t4D9z1ESnKM3-HpFabsE4tq3luCC7p-aXxcn.2.woff2
   creating: webroot/fonts/notosansmath/
   creating: webroot/fonts/notosansmath/v15/
  inflating: webroot/fonts/notosansmath/v15/7Aump_cpkSecTWaHRlH2hyV5UHkD-V048PW0.woff2
   creating: webroot/fonts/roboto/
   creating: webroot/fonts/roboto/v32/
  inflating: webroot/fonts/roboto/v32/KFOmCnqEu92Fr1Me4GZLCzYlKw.woff2
  inflating: webroot/.last_build_id
  inflating: webroot/config.json
  inflating: webroot/flutter_webui.js
  inflating: customize.sh
- Done
- Module installed successfully!
inputs/modules/counter-v1.0.0.zip: 1 file pushed, 0 skipped. 554.9 MB/s (6582359 bytes in 0.011s)
== install counter-v1.0.0.zip
  inflating: webroot/canvaskit/chromium/canvaskit.wasm
  inflating: webroot/config.json
  inflating: webroot/favicon.png
  inflating: webroot/flutter.js
  inflating: webroot/flutter_bootstrap.js
  inflating: webroot/icons/Icon-192.png
  inflating: webroot/icons/Icon-512.png
  inflating: webroot/icons/Icon-maskable-192.png
  inflating: webroot/icons/Icon-maskable-512.png
  inflating: webroot/index.html
  inflating: webroot/main.dart.js
  inflating: webroot/manifest.json
  inflating: webroot/version.json
- Done
- Module installed successfully!
inputs/modules/demo.zip: 1 file pushed, 0 skipped. 438.1 MB/s (28139859 bytes in 0.061s)
== install demo.zip
  inflating: webroot/pkg/.gitignore
  inflating: webroot/pkg/demo_native.js
  inflating: webroot/pkg/demo_native_bg.wasm
  inflating: webroot/pkg/package.json
  inflating: webroot/version.json
  inflating: webroot/workers/demo_service.web.g.dart.js
  inflating: webroot/workers/hello_service.web.g.dart.js
  inflating: webui_app_plane/app-install.sh
  inflating: webui_app_plane/app.apk
  inflating: webui_app_plane/arm64-v8a/webui_termux_api.aot
  inflating: webui_app_plane/termux-api
  inflating: webui_app_plane/x86_64/webui_termux_api.aot
  Installed com.webui.api.demo 1011
- Done
- Module installed successfully!
/home/runner/work/devicelab/devicelab/envdump.zip: 1 file pushed, 0 skipped. 25.3 MB/s (1766 bytes in 0.000s)
== install envdump.zip
 devicelab envdump 
 by p0g-stack 
*******************
**************************
 Powered by KernelSU-Next 
**************************
Archive:  /data/local/tmp/m.zip
  inflating: customize.sh
- Extracting module files
Archive:  /data/local/tmp/m.zip
  inflating: module.prop
  inflating: customize.sh
- devicelab envdump: written /data/local/tmp/customize-env.txt
- Done
- Module installed successfully!
== soft-reboot: 
== after soft-reboot (34s): [
  {
    "remove": "false",
    "name": "devicelab probe",
    "versionCode": "1",
    "author": "p0g-stack",
    "description": "Observation module for devicelab. Its WebUI page is driven over DevTools.",
    "version": "1",
    "update": "false",
    "web": "true",
    "id": "devicelab_probe",
    "mount": "false",
    "enabled": "true",
    "action": "false"
  },
  {
    "remove": "false",
    "action": "true",
    "author": "xx, KOWX712",
    "mount": "false",
    "metamodule": "true",
    "description": "mode: auto 🤖 | fstype: tmpfs 🦾 | no modules mounted",
    "id": "mountify",
    "version": "v2.0.4",
    "name": "mountify",
    "updateJson": "https://raw.githubusercontent.com/backslashxx/mountify/master/update.json",
    "update": "false",
    "versionCode": "204",
    "enabled": "true",
    "web": "true"
  },
  {
    "update": "false",
    "description": "Stock Flutter counter app on flutter-webui (devicelab bring-up build).",
    "web": "true",
    "action": "false",
    "versionCode": "6",
    "author": "p0g-stack",
    "remove": "false",
    "mount": "false",
    "version": "0.1.5",
    "id": "flutter_webui_counter",
    "name": "flutter-webui Counter",
    "enabled": "true"
  },
  {
    "version": "v1.0.0",
    "author": "Yuv",
    "description": "A new Flutter project.",
    "web": "true",
    "update": "false",
    "action": "false",
    "enabled": "true",
    "versionCode": "1",
    "id": "counter",
    "remove": "false",
    "name": "Counter",
    "mou
total 64
drwxrwxrwx 8 root root 4096 2026-10-03 01:25 .
drwx------ 6 root root 4096 2026-10-03 01:24 ..
drwxr-xr-x 3 root root 4096 2026-10-03 01:25 counter
drwxr-xr-x 6 root root 4096 2026-10-03 01:25 demo
drwxr-xr-x 2 root root 4096 2026-10-03 01:25 devicelab_envdump
drwxr-xr-x 3 root root 4096 2026-10-03 01:24 devicelab_probe
drwxr-xr-x 4 root root 4096 2026-10-03 01:25 flutter_webui_counter
drwxr-xr-x 5 root root 4096 2026-10-03 01:24 mountify
/home/runner/work/devicelab/devicelab/out/labserver: 1 file pushed, 0 skipped. 324.7 MB/s (7843260 bytes in 0.023s)
Starting: Intent { cmp=com.rifsxd.ksunext/.ui.webui.WebUIActivity (has extras) }
Status: ok
Activity: com.rifsxd.ksunext/.ui.webui.WebUIActivity
https://mui.kernelsu.org/index.html
opened: intent
{"check":"targets","result":[{"socket": "webview_devtools_remote_11311", "type": "page", "url": "https://mui.kernelsu.org/index.html", "title": "devicelab probe"}]}
{"check":"globals","result":{"url":"https://mui.kernelsu.org/index.html","socket":"webview_devtools_remote_11311","value":{"ua":"Mozilla/5.0 (Linux; Android 15; sdk_gphone64_x86_64 Build/AE3A.240806.043; wv) AppleWebKit/537.36 (KHTML, like Gecko) Version/4.0 Chrome/124.0.6367.219 Mobile Safari/537.36","origin":"https://mui.kernelsu.org","href":"https://mui.kernelsu.org/index.html","globals":["ksu"],"ksu":["cacheAllPackageIcons","copyFile","createShortcut","enableInsets","exec","fileOutputStream","fullScreen","getPackagesIcons","getPackagesInfo","listFile","listPackages","moduleInfo","moveFile","readFile","removeFile","spawn","toast","writeFile","cacheAllPackageIcons","copyFile","createShortcut","enableInsets","exec","fileOutputStream","fullScreen","getPackagesIcons","getPackagesInfo","listFile","listPackages","moduleInfo","moveFile","readFile","removeFile","spawn","toast","writeFile"]}}}
{"check":"ksu-exec","result":{"url":"https://mui.kernelsu.org/index.html","socket":"webview_devtools_remote_11311","value":{"code":0,"out":"uid=0(root) gid=0(root) groups=0(root) context=u:r:ksu:s0\nu:r:ksu:s0\u0000","err":""}}}
{"check":"ws-loopback","result":{"url":"https://mui.kernelsu.org/index.html","socket":"webview_devtools_remote_11311","value":{"got":["{\"origin\":\"https://mui.kernelsu.org\",\"peerUid\":10209,\"remote\":\"127.0.0.1:35558\",\"serverUid\":0,\"t\":1790990770633,\"uidSource\":\"/proc/net/tcp\"}","hi"],"ms":34}}}
{"check":"fetch-loopback","result":{"url":"https://mui.kernelsu.org/index.html","socket":"webview_devtools_remote_11311","value":{"origin":"https://mui.kernelsu.org","peerUid":10209,"remote":"127.0.0.1:35560","serverUid":0,"t":1790990770772,"uidSource":"/proc/net/tcp"}}}
{"check":"webview-uid","result":["webview_zygote 1053 webview_zygote", "u0_a209      10209 com.rifsxd.ksunext", "u0_a152      10152 com.google.android.webview:webview_service", "u0_i9000     99000 com.google.android.webview:sandboxed_process0:org.chromium.content.app.SandboxedProcessService0:0"]}
{"check":"while-home-heartbeat","result":{"url":"https://mui.kernelsu.org/index.html","socket":"webview_devtools_remote_11311","value":{"now":10614,"vis":"hidden"}}}
{"check":"lifecycle","result":{"url":"https://mui.kernelsu.org/index.html","socket":"webview_devtools_remote_11311","value":{"events":[{"type":"pageshow","t":176,"vis":"visible"},{"type":"visibilitychange","t":4955,"vis":"hidden"},{"type":"visibilitychange","t":12801,"vis":"visible"}],"gaps":[{"from":4924,"ms":1070,"vis":"hidden"},{"from":6993,"ms":1001,"vis":"hidden"},{"from":9993,"ms":1000,"vis":"hidden"},{"from":10993,"ms":1000,"vis":"hidden"}],"slow":{"heldMs":3002,"sentAt":1790990773941,"resolvedAt":1790990773944,"vis":"hidden"}}}}
{"check":"dev-url","result":{"url":"http://127.0.0.1:8090/index.html","socket":"webview_devtools_remote_11311","value":{"href":"http://127.0.0.1:8090/index.html","ksu":"object","webui":"undefined","globals":["ksu"],"exec":{"code":0,"out":"uid=0(root) gid=0(root) groups=0(root) context=u:r:ksu:s0","err":""}}}}
Starting: Intent { cmp=com.rifsxd.ksunext/.ui.webui.WebUIActivity (has extras) }
Status: ok
Activity: com.rifsxd.ksunext/.ui.webui.WebUIActivity
https://mui.kernelsu.org/index.html
opened: intent
{"check":"targets","result":[{"type": "page", "url": "https://mui.kernelsu.org/index.html", "title": "Flutter Demo"}]}
{"check":"page","result":{"url":"https://mui.kernelsu.org/index.html","socket":"webview_devtools_remote_11571","value":{"href":"https://mui.kernelsu.org/index.html","title":"Flutter Demo","ready":"complete","flutter":true,"glass":true,"nav":{"dcl":415,"load":728},"paint":{"first-paint":1390,"first-contentful-paint":1390},"glassAt":"present","firstFrame":null,"insets":"24px","vv":[320,640,1]}}}
{"check":"java-exceptions","result":["10-03 01:26:46.698  9937 11727 W PeoplePU: \tat com.google.android.gms.people.api.init.PeopleModuleInitIntentOperation.b(:com.google.android.gms@242335041@24.23.35 (190800-646585959):84)", "10-03 01:26:46.698  9937 11727 W PeoplePU: \tat ajjh.onHandleIntent(:com.google.android.gms@242335041@24.23.35 (190800-646585959):129)", "10-03 01:26:46.698  9937 11727 W PeoplePU: \tat com.google.android.chimera.IntentOperation.onHandleIntent(:com.google.android.gms@242335041@24.23.35 (190800-646585959):2)", "10-03 01:26:46.698  9937 11727 W PeoplePU: \tat ajom.onHandleIntent(:com.google.android.gms@242335041@24.23.35 (190800-646585959):8)", "10-03 01:26:46.698  9937 11727 W PeoplePU: \tat pkf.run(:com.google.android.gms@242335041@24.23.35 (190800-646585959):70)", "10-03 01:26:46.698  9937 11727 W PeoplePU: \tat pke.run(:com.google.android.gms@242335041@24.23.35 (190800-646585959):152)", "10-03 01:26:46.698  9937 11727 W PeoplePU: \tat emsz.run(:com.google.android.gms@242335041@24.23.35 (190800-646585959):21)", "10-03 01:26:46.698  9937 11727 W PeoplePU: \tat java.util.concurrent.ThreadPoolExecutor.runWorker(ThreadPoolExecutor.java:1145)", "--", "10-03 01:26:46.698  9937 11727 W PeoplePU: java.lang.IllegalArgumentException: Unknown component: ComponentInfo{com.google.android.syncadapters.contacts/com.google.android.syncadapters.contacts.ProxyGalProvider}", "10-03 01:26:46.698  9937 11727 W PeoplePU: \tat android.os.Parcel.createExceptionOrNull(Parcel.java:3246)", "10-03 01:26:46.698  9937 11727 W PeoplePU: \tat android.os.Parcel.createException(Parcel.java:3226)", "10-03 01:26:46.698  9937 11727 W PeoplePU: \tat android.os.Parcel.readException(Parcel.java:3209)", "10-03 01:26:46.698  9937 11727 W PeoplePU: \tat android.os.Parcel.readException(Parcel.java:3151)", "10-03 01:26:46.698  9937 11727 W PeoplePU: \tat android.content.pm.IPackageManager$Stub$Proxy.getComponentEnabledSetting(IPackageManager.java:6361)", "10-03 01:26:46.698  9937 11727 W PeoplePU: \tat android.app.ApplicationPackageManager.getComponentEnabledSetting(ApplicationPackageManager.java:3191)", "10-03 01:26:46.698  9937 11727 W PeoplePU: \tat cywf.a(:com.google.android.gms@242335041@24.23.35 (190800-646585959):4)", "10-03 01:26:46.698  9937 11727 W PeoplePU: \tat cxyx.a(:com.google.android.gms@242335041@24.23.35 (190800-646585959):11)", "10-03 01:26:46.698  9937 11727 W PeoplePU: \tat com.google.android.gms.people.api.init.PeopleModuleInitIntentOperation.b(:com.google.android.gms@242335041@24.23.35 (190800-646585959):93)", "10-03 01:26:46.698  9937 11727 W PeoplePU: \tat ajjh.onHandleIntent(:com.google.android.gms@242335041@24.23.35 (190800-646585959):129)", "10-03 01:26:46.698  9937 11727 W PeoplePU: \tat com.google.android.chimera.IntentOperation.onHandleIntent(:com.google.android.gms@242335041@24.23.35 (190800-646585959):2)", "10-03 01:26:46.698  9937 11727 W PeoplePU: \tat ajom.onHandleIntent(:com.google.android.gms@242335041@24.23.35 (190800-646585959):8)", "10-03 01:26:46.698  9937 11727 W PeoplePU: \tat pkf.run(:com.google.android.gms@242335041@24.23.35 (190800-646585959):70)", "10-03 01:26:46.698  9937 11727 W PeoplePU: \tat pke.run(:com.google.android.gms@242335041@24.23.35 (190800-646585959):152)", "10-03 01:26:46.698  9937 11727 W PeoplePU: \tat emsz.run(:com.google.android.gms@242335041@24.23.35 (190800-646585959):21)", "10-03 01:26:46.698  9937 11727 W PeoplePU: \tat java.util.concurrent.ThreadPoolExecutor.runWorker(ThreadPoolExecutor.java:1145)", "--", "10-03 01:26:46.721  9509 11517 W NetworkScheduler: java.lang.IllegalArgumentException: Only the following extra parameter types are supported: Integer, Long, Double, String, Boolean, and nested Bundles with the same restrictions.", "10-03 01:26:46.721  9509 11517 W NetworkScheduler: \tat bpky.f(:com.google.android.gms@242335041@24.23.35 (190800-646585959):69)", "10-03 01:26:46.721  9509 11517 W NetworkScheduler: \tat dcbg.d(:com.google.android.gms@242335041@24.23.35 (190800-646585959):510)", "10-03 01:26:46.721  9509 11517 W NetworkScheduler: \tat dbyt.n(:com.google.android.gms@242335041@24.23.35 (190800-646585959):29)", "10-03 01:26:46.721  9509 11517 W NetworkScheduler: \tat dbyt.u(:com.google.android.gms@242335041@24.23.35 (190800-646585959):360)", "10-03 01:26:46.721  9509 11517 W NetworkScheduler: \tat dbyt.h(:com.google.android.gms@242335041@24.23.35 (190800-646585959):51)", "10-03 01:26:46.721  9509 11517 W NetworkScheduler: \tat dbto.run(:com.google.android.gms@242335041@24.23.35 (190800-646585959):72)", "10-03 01:26:46.721  9509 11517 W NetworkScheduler: \tat angs.c(:com.google.android.gms@242335041@24.23.35 (190800-646585959):50)", "10-03 01:26:46.721  9509 11517 W NetworkScheduler: \tat angs.run(:com.google.android.gms@242335041@24.23.35 (190800-646585959):97)", "10-03 01:26:46.721  9509 11517 W NetworkScheduler: \tat java.util.concurrent.ThreadPoolExecutor.runWorker(ThreadPoolExecutor.java:1145)", "10-03 01:26:46.721  9509 11517 W NetworkScheduler: \tat java.util.concurrent.ThreadPoolExecutor$Worker.run(ThreadPoolExecutor.java:644)", "10-03 01:26:46.721  9509 11517 W NetworkScheduler: \tat anmg.run(:com.google.android.gms@242335041@24.23.35 (190800-646585959):8)", "10-03 01:26:46.721  9509 11517 W NetworkScheduler: \tat java.lang.Thread.run(Thread.java:1012)"]}
{"check":"console-errors","result":["--------- beginning of main", "10-03 01:26:29.462 11571 11614 W chromium: [WARNING:dns_config_service_android.cc(81)] Failed to read DnsConfig.", "10-03 01:26:29.599 11601 11619 W chromium: [WARNING:runtime_features.cc(694)] SharedStorage for M118+ cannot be enabled in this configuration. Use --enable-features=SharedStorageAPI,SharedStorageAPIM118 in addition.", "10-03 01:26:29.819 11601 11619 I chromium: [INFO:viewport_data.cc(133)] E2E_Used ViewportFitCover", "10-03 01:26:29.942 11571 11571 I chromium: [INFO:CONSOLE(3)] \"Injecting <script> tag. Using callback.\", source: https://mui.kernelsu.org/flutter_bootstrap.js (3)"]}
{"check":"first-frame-warm","result":{"url":"https://mui.kernelsu.org/index.html","socket":"webview_devtools_remote_11571","value":{"firstFrameMs":517,"now":15017,"flutter":true,"resizes":[],"paint":{"first-paint":828,"first-contentful-paint":828},"calls":[[53,"at-preload","ksu:undefined webui:undefined"],[58,"ksu-defined"],[60,"wrap-failed","exec"],[60,"wrap-failed","spawn"],[60,"wrap-failed","moduleInfo"],[60,"wrap-failed","fullScreen"],[60,"wrap-failed","toast"]],"resources":[["/internal/insets.css",47,55,"link",0],["/flutter_webui.css",47,83,"link",0],["/flutter_webui.js",47,72,"script",0],["/flutter_bootstrap.js",47,83,"script",0],["/canvaskit/chromium/canvaskit.wasm",124,205,"fetch",0],["/canvaskit/chromium/canvaskit.js",127,150,"other",0],["/main.dart.js",128,191,"script",0],["/assets/FontManifest.json",426,442,"fetch",0],["/favicon.ico",438,446,"other",0],["/assets/fonts/MaterialIcons-Regular.otf",443,456,"fetch",0],["/assets/packages/cupertino_icons/assets/CupertinoIcons.ttf",443,456,"fetch",0],["/assets/fonts/fallback/Roboto-Regular.ttf",443,467,"fetch",0]],"marks":[["flutter_webui:register",470],["flutter_webui:registered",471],["flutter_webui:first-frame",517]],"measures":[],"fonts":[]}}}
{"check":"root-start","result":{"url":"https://mui.kernelsu.org/index.html","socket":"webview_devtools_remote_11571","value":{"code":0,"out":"","err":"","ms":89}}}
{"check":"session","result":{"url":"https://mui.kernelsu.org/index.html","socket":"webview_devtools_remote_11571","value":{"status":200,"ms":19,"protocol":1,"version":"0.1.0","port":38881,"pid":11798,"tokenLen":43}}}
{"check":"ws-hello","result":{"url":"https://mui.kernelsu.org/index.html","socket":"webview_devtools_remote_11571","value":{"first":"{\"op\":\"hello\",\"protocol\":1,\"version\":\"0.1.0\",\"pid\":11798,\"boot\":\"5aba81ec-fa09-46a6-9cbc-ba368951fd73\",\"uid\":0,\"moduleDir\":\"/data/adb/modules/flutter_webui_counter\"}"}}}
{"check":"channel-process","result":"USER           UID LABEL                            PID NAME                       \nroot             0 u:r:ksu:s0                     11798 ld-linux-x86-64.so.2\nexe=/data/adb/modules/flutter_webui_counter/flutter_webui/x86_64/ld-linux-x86-64.so.2\n/data/adb/modules/flutter_webui_counter/flutter_webui/x86_64/ld-linux-x86-64.so.2 --library-path /data/adb/modules/flutter_webui_counter/flutter_webui/x86_64 /data/adb/modules/flutter_webui_counter/flutter_webui/x86_64/dartaotruntime /data/adb/modules/flutter_webui_counter/flutter_webui/x86_64/flutter_webui_root.aot serve --module-dir /data/adb/modules/flutter_webui_counter \narm64-v8a\nroot\nx86_64\n/data/adb/modules/flutter_webui_counter/flutter_webui/arm64-v8a:\ndartaotruntime\nflutter_webui_root.aot\nld-linux-aarch64.so.1\nlibc.so.6\nlibdl.so.2\nlibm.so.6\nlibpthread.so.0\n\n/data/adb/modules/flutter_webui_counter/flutter_webui/x86_64:\ndartaotruntime\nflutter_webui_root.aot\nld-linux-x86-64.so.2\nlibc.so.6\nlibdl.so.2\nlibm.so.6\nlibpthread.so.0"}
{"check":"root-log","result":"2026-10-03T01:27:02.507617 listening on 127.0.0.1:38881"}
{"check":"session-mode","result":"total 44\ndrwx--x--x 3 root root 4096 2026-10-03 01:27 .\ndrwxr-xr-x 7 root root 4096 2026-10-03 01:27 ..\n-rw------- 1 root root    0 2026-10-03 01:27 lock\ndrwx------ 2 root root 4096 2026-10-03 01:27 proc\n-rw------- 1 root root   56 2026-10-03 01:27 root.log\n-rw-r--r-- 1 root root  197 2026-10-03 01:27 session.json"}
{"check":"home-resume","result":{"url":"https://mui.kernelsu.org/index.html","socket":"webview_devtools_remote_11571","value":{"events":[["visibilitychange","hidden",16260],["visibilitychange","visible",22948]],"ticks":21,"vis":"visible","hasFocus":false}}}
{"check":"before-back","result":{"url":"https://mui.kernelsu.org/index.html","socket":"webview_devtools_remote_11571","value":{"historyLength":2,"historyState":"{\"flutter\":true}","href":"https://mui.kernelsu.org/index.html","typeofWebui":"undefined","typeofWebuiExit":"undefined","typeofKsuExit":"undefined","webuiKeys":null,"wrapped":"no webui.exit"}}}
{"check":"back-events","result":{"error":"no page target","sockets":["webview_devtools_remote_11571"],"targets":[]}}
{"check":"back-console","result":["10-03 01:27:13.914 11571 11571 E chromium: [ERROR:aw_browser_terminator.cc(154)] Renderer process (11601) crash detected (code -1).", "10-03 01:27:13.916  9045  9957 I ActivityManager: Killing 11601:com.google.android.webview:sandboxed_process0:org.chromium.content.app.SandboxedProcessService0:0/u0a209i1 (adj 0): isolated not needed"]}
{"check":"back-at-root","result":"topResumedActivity=ActivityRecord{c596e20 u0 com.google.android.apps.nexuslauncher/.NexusLauncherActivity t6}"}
Starting: Intent { cmp=com.rifsxd.ksunext/.ui.webui.WebUIActivity (has extras) }
Status: ok
Activity: com.rifsxd.ksunext/.ui.webui.WebUIActivity
https://mui.kernelsu.org/index.html
opened: intent
{"check":"targets","result":[{"type": "page", "url": "https://mui.kernelsu.org/index.html", "title": "Flutter Demo"}]}
{"check":"page","result":{"url":"https://mui.kernelsu.org/index.html","socket":"webview_devtools_remote_11924","value":{"href":"https://mui.kernelsu.org/index.html","title":"Flutter Demo","ready":"complete","flutter":true,"glass":true,"nav":{"dcl":191,"load":600},"paint":{"first-paint":1302,"first-contentful-paint":1302},"glassAt":"present","firstFrame":null,"insets":null,"vv":[320,592,1]}}}
{"check":"java-exceptions","result":["10-03 01:27:22.154  9509 10261 W .gms.persistent: Large reply transaction of 1056768 bytes, interface descriptor , code 1", "10-03 01:27:22.156  9863 10358 I BugleRcsEngine: handleMessage processing message:[NOTIFY_UPTIME_IGNORE_STATE_CHANGED] with [non-null]:RcsEngineImpl reference [CONTEXT log_prefix=\"RcsEngineImpl[DUAL_REG]:[79b00e9d-7efd]>Handler\" thread_id=62 ]", "10-03 01:27:22.156  9863 10115 I BugleRcsEngine: Connected state: [1], networkType: [WIFI] [CONTEXT thread_id=56 ]", "10-03 01:27:22.157  9045 10205 D OomAdjuster: Not killing cached processes", "10-03 01:27:22.588  9045  9193 D InetDiagMessage: Destroyed 0 sockets, proto=IPPROTO_TCP, family=AF_INET, states=14", "10-03 01:27:22.588  9045  9193 D InetDiagMessage: Destroyed 0 sockets, proto=IPPROTO_TCP, family=AF_INET6, states=14", "10-03 01:27:22.588  9045  9193 D InetDiagMessage: Destroyed live tcp sockets for uids={10152} in 1ms", "10-03 01:27:22.589  9045  9193 D InetDiagMessage: Destroyed 0 sockets, proto=IPPROTO_TCP, family=AF_INET, states=14", "10-03 01:27:22.589  9045  9193 D InetDiagMessage: Destroyed 0 sockets, proto=IPPROTO_TCP, family=AF_INET6, states=14", "10-03 01:27:22.589  9045  9193 D InetDiagMessage: Destroyed live tcp sockets for uids={20152} in 1ms", "10-03 01:27:23.118 11924 12062 D ProfileInstaller: Skipping profile installation for com.rifsxd.ksunext", "10-03 01:27:24.965 12065 12065 W BpBinder: Linking to death on android.gui.ISurfaceComposer but there are no threads (yet?) listening to incoming transactions. See ProcessState::startThreadPool and ProcessState::setThreadPoolMaxThreadCount. Generally you should setup the binder threadpool before other initialization steps.", "--", "10-03 01:27:25.160  9509  9992 I ChimeraSrvcProxy: NullBinder for android.net.action.RECOMMEND_NETWORKS triggering remote TransactionTooLargeException due to Service without Chimera impl", "10-03 01:27:25.160  9509  9992 W .gms.persistent: Large reply transaction of 1056768 bytes, interface descriptor , code 1", "10-03 01:27:25.161  9863 10115 I BugleRcsEngine: Connected state: [1], networkType: [WIFI] [CONTEXT thread_id=56 ]", "10-03 01:27:25.267  9913 11260 I BugleRcsEngine: delay time out, reset attempts 1 and process SIM event [CONTEXT thread_id=108 ]", "10-03 01:27:25.267  9913 11260 I BugleRcsEngine: process intent: android.intent.action.SIM_STATE_CHANGED [CONTEXT log_prefix=\"(Sim)\" thread_id=108 ]", "10-03 01:27:25.270  9913 11260 I BugleRcsEngine: Processing an intent [CONTEXT log_prefix=\"(Sim)\" thread_id=108 ]", "10-03 01:27:25.270  9913 11260 I BugleRcsEngine: Ignoring duplicate SIM state: LOADED [CONTEXT log_prefix=\"(Sim)\" thread_id=108 ]", "10-03 01:27:27.597 11924 11931 W .rifsxd.ksunext: ApkAssets: Deleting an ApkAssets object '<empty> and /data/app/~~LUUGtkoh8niEOcdOiYZGKA==/com.google.android.webview-D6HEZ7WAGeEZXHfW6caNww==/WebViewGoogle.apk' with 2 weak references", "10-03 01:27:27.598 11924 11931 W .rifsxd.ksunext: ApkAssets: Deleting an ApkAssets object '<empty> and /product/app/YouTube/YouTube.apk' with 1 weak references", "10-03 01:27:27.598  9045  9135 D ActivityManager: freezing 11344 com.google.android.webview:webview_service", "10-03 01:27:27.598 11924 11931 W .rifsxd.ksunext: ApkAssets: Deleting an ApkAssets object '<empty> and /product/overlay/DisplayCutoutEmulationCorner/DisplayCutoutEmulationCornerOverlay.apk' with 1 weak references", "10-03 01:27:27.598 11924 11931 W .rifsxd.ksunext: ApkAssets: Deleting an ApkAssets object '<empty> and /apex/com.android.extservices/priv-app/GoogleExtServices@350820300/GoogleExtServices.apk' with 1 weak references", "10-03 01:27:27.598 11924 11931 W .rifsxd.ksunext: ApkAssets: Deleting an ApkAssets object '<empty> and /product/overlay/DisplayCutoutEmulationDouble/DisplayCutoutEmulationDoubleOverlay.apk' with 1 weak references", "--", "10-03 01:27:31.170  9509 10261 I ChimeraSrvcProxy: NullBinder for android.net.action.RECOMMEND_NETWORKS triggering remote TransactionTooLargeException due to Service without Chimera impl", "10-03 01:27:31.170  9509 10261 W .gms.persistent: Large reply transaction of 1056768 bytes, interface descriptor , code 1", "10-03 01:27:32.585  9937  9937 D BoundBrokerSvc: onUnbind: Intent { act=com.google.android.gms.safetynet.service.START pkg=com.google.android.gms }", "10-03 01:27:32.607  8970  8970 I netd    : tetherGetStats() -> {[]} <0.64ms>", "10-03 01:27:32.803     0     0 I init    : Untracked pid 11798 exited with status 0", "10-03 01:27:32.803     0     0 I init    : Untracked pid 11798 did not have an associated service entry and will not be reaped", "10-03 01:27:32.957  9277  9358 D EGL_emulation: app_time_stats: avg=1591.14ms min=9.18ms max=15778.17ms count=10", "10-03 01:27:34.076 12070 12070 W BpBinder: Linking to death on android.gui.ISurfaceComposer but there are no threads (yet?) listening to incoming transactions. See ProcessState::startThreadPool and ProcessState::setThreadPoolMaxThreadCount. Generally you should setup the binder threadpool before other initialization steps.", "10-03 01:27:34.076 12070 12070 W ProcessState: Extra binder thread started, but 0 threads requested. Do not use *startThreadPool when zero threads are requested.", "10-03 01:27:34.082   166   166 I hwservicemanager: getTransport: Cannot find entry android.hardware.graphics.mapper@4.0::IMapper/default in either framework or device VINTF manifest.", "10-03 01:27:34.082 12070 12071 I Gralloc4: mapper 4.x is not supported", "10-03 01:27:34.231     0     0 I servicemanager: Caller(pid=12070,uid=0,sid=u:r:su:s0) Could not find android.hardware.graphics.allocator.IAllocator/default in the VINTF manifest. No alternative instances declared in VINTF.", "10-03 01:27:34.312 11924 11924 W ThreadPoolForeg: type=1400 audit(0.0:210): avc:  denied  { getattr } for  path=\"/data/adb\" dev=\"dm-46\" ino=319489 scontext=u:r:untrusted_app:s0:c209,c256,c512,c768 tcontext=u:object_r:adb_data_file:s0 tclass=dir permissive=0 app=com.rifsxd.ksunext"]}
{"check":"console-errors","result":["--------- beginning of main", "10-03 01:27:17.211 11924 11950 I chromium: [1003/012717.211345:INFO:variations_seed_loader.cc(66)] Failed to open file for reading.: No such file or directory (2)", "10-03 01:27:17.277 11924 11956 W chromium: [WARNING:dns_config_service_android.cc(81)] Failed to read DnsConfig.", "10-03 01:27:17.298 11924 11956 E chromium: [ERROR:simple_file_enumerator.cc(21)] opendir /data/user/0/com.rifsxd.ksunext/cache/WebView/Default/HTTP Cache/Code Cache/js: No such file or directory (2)", "10-03 01:27:17.298 11924 11956 E chromium: [ERROR:simple_index_file.cc(614)] Could not reconstruct index from disk", "10-03 01:27:17.404 11954 11980 W chromium: [WARNING:runtime_features.cc(694)] SharedStorage for M118+ cannot be enabled in this configuration. Use --enable-features=SharedStorageAPI,SharedStorageAPIM118 in addition.", "10-03 01:27:17.661 11924 11924 I chromium: [INFO:CONSOLE(1)] \"Injecting <script> tag. Using callback.\", source: https://mui.kernelsu.org/flutter_bootstrap.js (1)"]}
{"check":"first-frame-warm","result":{"url":"https://mui.kernelsu.org/index.html","socket":"webview_devtools_remote_11924","value":{"firstFrameMs":313,"now":15052,"flutter":true,"resizes":[],"paint":{"first-paint":611,"first-contentful-paint":611},"calls":[[34,"at-preload","ksu:undefined webui:undefined"],[37,"ksu-defined"],[42,"wrap-failed","exec"],[47,"wrap-failed","spawn"],[47,"wrap-failed","moduleInfo"],[57,"wrap-failed","fullScreen"],[57,"wrap-failed","toast"]],"resources":[["/flutter_bootstrap.js",32,58,"script",0],["/canvaskit/chromium/canvaskit.wasm",80,121,"fetch",0],["/canvaskit/chromium/canvaskit.js",80,93,"other",0],["/main.dart.js",81,107,"script",0],["/assets/FontManifest.json",246,258,"fetch",0],["/favicon.png",252,261,"other",0],["/assets/fonts/MaterialIcons-Regular.otf",258,269,"fetch",0],["/assets/packages/cupertino_icons/assets/CupertinoIcons.ttf",259,271,"fetch",0],["/assets/fonts/fallback/Roboto-Regular.ttf",259,272,"fetch",0],["/favicon.png",608,647,"other",0]],"marks":[],"measures":[],"fonts":[]}}}
Starting: Intent { cmp=com.rifsxd.ksunext/.ui.webui.WebUIActivity (has extras) }
Status: ok
Activity: com.rifsxd.ksunext/.ui.webui.WebUIActivity
https://mui.kernelsu.org/index.html
opened: intent
{"check":"targets","result":[{"type": "page", "url": "https://mui.kernelsu.org/index.html", "title": "Demo"}]}
{"check":"page","result":{"url":"https://mui.kernelsu.org/index.html","socket":"webview_devtools_remote_12150","value":{"href":"https://mui.kernelsu.org/index.html","title":"Demo","ready":"complete","flutter":true,"glass":true,"nav":{"dcl":260,"load":724},"paint":{"first-paint":1091,"first-contentful-paint":1775},"glassAt":"present","firstFrame":null,"insets":"24px","vv":[320,640,1]}}}
{"check":"java-exceptions","result":["10-03 01:27:49.845  9710 12142 E OneSearchSuggestProvider: io.grpc.StatusRuntimeException: UNIMPLEMENTED: bindService(Intent { act=grpc.io.action.BIND cmp=com.google.android.googlequicksearchbox/com.google.android.apps.search.googleapp.search.suggest.plugins.onesearch.server.OneSearchSuggestService }) returned false", "10-03 01:27:49.845  9710 12142 E OneSearchSuggestProvider: \tat k3.e.a(go/retraceme 31f9979659277bb965985aff1272c33e3c3c9e755b77166d20a2465454178f2c:77)", "10-03 01:27:49.845  9710 12142 E OneSearchSuggestProvider: \tat i3.l.b(go/retraceme 31f9979659277bb965985aff1272c33e3c3c9e755b77166d20a2465454178f2c:43)", "10-03 01:27:49.845  9710 12142 E OneSearchSuggestProvider: \tat i3.l.a(go/retraceme 31f9979659277bb965985aff1272c33e3c3c9e755b77166d20a2465454178f2c:27)", "10-03 01:27:49.845  9710 12142 E OneSearchSuggestProvider: \tat i3.z.run(go/retraceme 31f9979659277bb965985aff1272c33e3c3c9e755b77166d20a2465454178f2c:7)", "10-03 01:27:49.845  9710 12142 E OneSearchSuggestProvider: \tat i3.m2.run(go/retraceme 31f9979659277bb965985aff1272c33e3c3c9e755b77166d20a2465454178f2c:19)", "10-03 01:27:49.845  9710 12142 E OneSearchSuggestProvider: \tat java.util.concurrent.ThreadPoolExecutor.runWorker(ThreadPoolExecutor.java:1145)", "10-03 01:27:49.845  9710 12142 E OneSearchSuggestProvider: \tat java.util.concurrent.ThreadPoolExecutor$Worker.run(ThreadPoolExecutor.java:644)", "10-03 01:27:49.845  9710 12142 E OneSearchSuggestProvider: \tat java.lang.Thread.run(Thread.java:1012)", "10-03 01:27:49.848  9277  9358 D EGL_emulation: app_time_stats: avg=16890.61ms min=16890.61ms max=16890.61ms count=1", "10-03 01:27:49.857  9710  9710 D SearchTargetUtil: query= size=0", "10-03 01:27:49.858  9045  9154 I ImeTracker: com.google.android.apps.nexuslauncher:ef16205c: onRequestHide at ORIGIN_SERVER reason HIDE_UNSPECIFIED_WINDOW fromUser false", "10-03 01:27:49.860  9045  9154 I ImeTracker: com.google.android.apps.nexuslauncher:ef16205c: onCancelled at PHASE_SERVER_SHOULD_HIDE", "--", "10-03 01:27:50.018  9045  9965 W WindowManager: Exception thrown during dispatchAppVisibility Window{814c54e u0 com.rifsxd.ksunext/com.rifsxd.ksunext.ui.webui.WebUIActivity EXITING}", "10-03 01:27:50.018  9045  9965 W WindowManager: android.os.DeadObjectException", "10-03 01:27:50.018  9045  9965 W WindowManager: \tat android.os.BinderProxy.transactNative(Native Method)", "10-03 01:27:50.018  9045  9965 W WindowManager: \tat android.os.BinderProxy.transact(BinderProxy.java:586)", "10-03 01:27:50.018  9045  9965 W WindowManager: \tat android.view.IWindow$Stub$Proxy.dispatchAppVisibility(IWindow.java:553)", "10-03 01:27:50.018  9045  9965 W WindowManager: \tat com.android.server.wm.WindowState.sendAppVisibilityToClients(WindowState.java:3253)", "10-03 01:27:50.018  9045  9965 W WindowManager: \tat com.android.server.wm.WindowContainer.sendAppVisibilityToClients(WindowContainer.java:1289)", "10-03 01:27:50.018  9045  9965 W WindowManager: \tat com.android.server.wm.WindowToken.setClientVisible(WindowToken.java:403)", "10-03 01:27:50.018  9045  9965 W WindowManager: \tat com.android.server.wm.ActivityRecord.setClientVisible(ActivityRecord.java:7166)", "10-03 01:27:50.018  9045  9965 W WindowManager: \tat com.android.server.wm.ActivityRecord.postApplyAnimation(ActivityRecord.java:5881)", "10-03 01:27:50.018  9045  9965 W WindowManager: \tat com.android.server.wm.ActivityRecord.commitVisibility(ActivityRecord.java:5823)", "10-03 01:27:50.018  9045  9965 W WindowManager: \tat com.android.server.wm.Transition.finishTransition(Transition.java:1286)", "10-03 01:27:50.018  9045  9965 W WindowManager: \tat com.android.server.wm.TransitionController.finishTransition(TransitionController.java:937)", "10-03 01:27:50.018  9045  9965 W WindowManager: \tat com.android.server.wm.WindowOrganizerController.finishTransition(WindowOrganizerController.java:494)", "--", "10-03 01:27:51.030 12150 12185 E SuFilePathHandler: java.io.FileNotFoundException: No such file or directory: /data/adb/modules/demo/webroot/favicon.ico", "10-03 01:27:51.030 12150 12185 E SuFilePathHandler: \tat r8.f.a(r8-map-id-711a9e1fe37a5a3d329dda399a83172f9d848bb8ab697f7cabb76790b2f728d1:147)", "10-03 01:27:51.030 12150 12185 E SuFilePathHandler: \tat p8.i.shouldInterceptRequest(r8-map-id-711a9e1fe37a5a3d329dda399a83172f9d848bb8ab697f7cabb76790b2f728d1:2520)", "10-03 01:27:51.040 12150 12150 W ThreadPoolForeg: type=1400 audit(0.0:268): avc:  denied  { getattr } for  path=\"/data/adb\" dev=\"dm-46\" ino=319489 scontext=u:r:untrusted_app:s0:c209,c256,c512,c768 tcontext=u:object_r:adb_data_file:s0 tclass=dir permissive=0 app=com.rifsxd.ksunext", "10-03 01:27:51.040 12150 12150 W ThreadPoolForeg: type=1400 audit(0.0:269): avc:  denied  { getattr } for  path=\"/data/adb\" dev=\"dm-46\" ino=319489 scontext=u:r:untrusted_app:s0:c209,c256,c512,c768 tcontext=u:object_r:adb_data_file:s0 tclass=dir permissive=0 app=com.rifsxd.ksunext", "10-03 01:27:51.507 12150 12165 D EGL_emulation: app_time_stats: avg=142.65ms min=0.89ms max=807.04ms count=7", "10-03 01:27:51.729 12276 12276 W BpBinder: Linking to death on android.gui.ISurfaceComposer but there are no threads (yet?) listening to incoming transactions. See ProcessState::startThreadPool and ProcessState::setThreadPoolMaxThreadCount. Generally you should setup the binder threadpool before other initialization steps.", "10-03 01:27:51.730 12276 12276 W ProcessState: Extra binder thread started, but 0 threads requested. Do not use *startThreadPool when zero threads are requested.", "10-03 01:27:51.784   166   166 I hwservicemanager: getTransport: Cannot find entry android.hardware.graphics.mapper@4.0::IMapper/default in either framework or device VINTF manifest.", "10-03 01:27:51.784 12276 12277 I Gralloc4: mapper 4.x is not supported", "10-03 01:27:51.929     0     0 I servicemanager: Caller(pid=12276,uid=0,sid=u:r:su:s0) Could not find android.hardware.graphics.allocator.IAllocator/default in the VINTF manifest. No alternative instances declared in VINTF."]}
{"check":"console-errors","result":["--------- beginning of main", "10-03 01:27:50.146 12150 12176 I chromium: [1003/012750.146207:INFO:variations_seed_loader.cc(66)] Failed to open file for reading.: No such file or directory (2)", "10-03 01:27:50.211 12150 12185 W chromium: [WARNING:dns_config_service_android.cc(81)] Failed to read DnsConfig.", "10-03 01:27:50.326 12180 12201 W chromium: [WARNING:runtime_features.cc(694)] SharedStorage for M118+ cannot be enabled in this configuration. Use --enable-features=SharedStorageAPI,SharedStorageAPIM118 in addition.", "10-03 01:27:50.548 12180 12201 I chromium: [INFO:viewport_data.cc(133)] E2E_Used ViewportFitCover", "10-03 01:27:50.627 12150 12150 I chromium: [INFO:CONSOLE(3)] \"Injecting <script> tag. Using callback.\", source: https://mui.kernelsu.org/flutter_bootstrap.js (3)"]}
{"check":"first-frame-warm","result":{"url":"https://mui.kernelsu.org/index.html","socket":"webview_devtools_remote_12150","value":{"firstFrameMs":448,"now":15049,"flutter":true,"resizes":[],"paint":{"first-paint":805,"first-contentful-paint":805},"calls":[[72,"at-preload","ksu:undefined webui:undefined"],[75,"ksu-defined"],[75,"wrap-failed","exec"],[80,"wrap-failed","spawn"],[80,"wrap-failed","moduleInfo"],[86,"wrap-failed","fullScreen"],[87,"wrap-failed","toast"]],"resources":[["/internal/insets.css",69,73,"link",0],["/internal/colors.css",69,73,"link",0],["/flutter_webui.css",70,95,"link",0],["/flutter_webui.js",70,94,"script",0],["/flutter_bootstrap.js",70,97,"script",0],["/canvaskit/chromium/canvaskit.wasm",120,159,"fetch",0],["/canvaskit/chromium/canvaskit.js",121,134,"other",0],["/main.dart.js",121,154,"script",0],["/assets/FontManifest.json",340,353,"fetch",0],["/favicon.ico",350,359,"other",0],["/assets/fonts/MaterialIcons-Regular.otf",353,367,"fetch",0],["/assets/fonts/fallback/Roboto-Regular.ttf",354,368,"fetch",0],["/internal/colors.css",380,801,"fetch",0],["/pkg/demo_native.js",801,857,"fetch",0]],"marks":[["flutter_webui:register",371],["flutter_webui:registered",371],["flutter_webui:register",375],["flutter_webui:registered",375],["flutter_webui:first-frame",448]],"measures":[],"fonts":[]}}}
{"url":"https://mui.kernelsu.org/index.html","socket":"webview_devtools_remote_12150","value":"semantics on"}
{"check":"home","result":{"url":"https://mui.kernelsu.org/index.html","socket":"webview_devtools_remote_12150","value":["Squadron","Process","native","net","Say hello","Count to 5","SHA-256","Demo pages\nOne page per thing the stack promises.","Places","Strategy","Rust","Lifecycle","Shell","Plugins"]}}
{"check":"colors-css","result":{"url":"https://mui.kernelsu.org/index.html","socket":"webview_devtools_remote_12150","value":{"status":200,"type":"text/css","body":":root {\n  --primary: #495D92;\n  --onPrimary: #FFFFFF;\n  --primaryContainer: #DAE2FF;\n  --onPrimaryContainer: #001849;\n  --inversePrimary: #B2C5FF;\n  --secondary: #585E71;\n  --onSecondary: #FFFFFF;\n  --secondaryContainer: #DDE2F9;\n  --onSecondaryContainer: #151B2C;\n  --tertiary: #735471;\n  --onTertiary: #FFFFFF;\n  --tertiaryContainer: #FED6F9;\n  --onTertiaryContainer: #2B122B;\n  --background: #FAF8FF;\n  --onBackground: #1A1B21;\n  --surface: #FAF8FF;\n  --tonalSurface: #F1F0F9;\n  --onSurface: #1A1B21;\n  --surfaceVariant: #E1E2EC;\n  --onSurfaceVariant: #45464F;\n  --surfaceTint: #495D92;\n  --inverseSurface: #121318;\n  --inverseOnSurface: #E3E2E9;\n  --error: #B3261E;\n  --onError: #FFFFFF;\n  --errorContainer: #F9DEDC;\n  --onErrorContainer: #410E0B;\n  --outline: #757780;\n  --outlineVariant: #C5C6D0;\n  --scrim: #000000;\n  --surfaceBright: #FAF8FF;\n  --surfaceDim: #DAD9E0;\n  --surfaceContainer: #EEEDF4;\n  --surfaceContainerHigh: #E8E7EF;\n  --surfaceContainerHighest: #E3E2E9;\n  --surfaceContainerLow: #F4F3FA;\n  --surfaceContainerLowest: #FFFFFF;\n  --filledTonalButtonContentColor: #001849;\n  --filledTonalButtonContainerColor: #DDE2F9;\n  --filledTonalButtonDisabledContentColor: #45464F;\n  --filledTonalButtonDisabledContainerColor: #E1E2EC;\n  --filledCardContentColor: #001849;\n  --filledCardContainerColor: #DAE2FF;\n  --filledCardDisabledContentColor: #45464F;\n  --filledCardDisabledContainerColor: #E1E2EC;\n}\n"}}}
{"check":"wasm-at-home","result":{"url":"https://mui.kernelsu.org/index.html","socket":"webview_devtools_remote_12150","value":{"wasm":[{"name":"chromium/canvaskit.wasm","start":120,"dur":39}],"marks":[{"name":"flutter_webui:register","t":371},{"name":"flutter_webui:registered","t":371},{"name":"flutter_webui:register","t":375},{"name":"flutter_webui:registered","t":375},{"name":"flutter_webui:first-frame","t":448}],"measures":[],"now":18512}}}
{"check":"tap-places","result":{"url":"https://mui.kernelsu.org/index.html","socket":"webview_devtools_remote_12150","value":"tapped Places at 16,572 size 288x56 role button tappable"}}
{"check":"places","result":{"url":"https://mui.kernelsu.org/index.html","socket":"webview_devtools_remote_12150","value":["Back\nBack","One service, DemoService, opened in every place this build knows. Each place probes its own facts from inside; the page never guesses from the platform it was built for.","200k","1M","3M","Count primes in every place","Restart places","inline (the caller)\nkind: inline\nstart 404 ms, first facts() round trip 87 ms\nroot\ncheck: effective uid 0\nblock_devices\ncheck: a kernel-listed block device opens for reading\nusb.native\ncheck: /dev/bus/usb lists\nusb.web\ncheck: navigator.usb exists\nprocess.spawn\ncheck: a shell runs\nfs.persistent\ncheck: working dir writable, or storage persisted\nnet\ncheck: a non-loopback interface is up, or onLine\nnative\ncheck: null","worker (isolate or Web Worker)\nkind: web_worker\nstart 174 ms, first facts() round trip 47 ms\nroot\ncheck: effective uid 0\nblock_devices\ncheck: a kernel-listed block device opens for reading\nusb.native\ncheck: /dev/bus/usb lists\nusb.web\ncheck: navigator.usb exists\nprocess.spawn\ncheck: a shell runs\nfs.persistent\ncheck: working dir writable, or storage persisted\nnet\ncheck: a non-loopback interface is up, or onLine\nnative\ncheck: null","Places","Strategy","Rust","Lifecycle","Shell","Plugins"]}}
{"check":"places-scroll-1","result":{"url":"https://mui.kernelsu.org/index.html","socket":"webview_devtools_remote_12150","value":["Back\nBack","200k","1M","3M","Count primes in every place","Restart places","inline (the caller)\nkind: inline\nstart 404 ms, first facts() round trip 87 ms\nroot\ncheck: effective uid 0\nblock_devices\ncheck: a kernel-listed block device opens for reading\nusb.native\ncheck: /dev/bus/usb lists\nusb.web\ncheck: navigator.usb exists\nprocess.spawn\ncheck: a shell runs\nfs.persistent\ncheck: working dir writable, or storage persisted\nnet\ncheck: a non-loopback interface is up, or onLine\nnative\ncheck: null","worker (isolate or Web Worker)\nkind: web_worker\nstart 174 ms, first facts() round trip 47 ms\nroot\ncheck: effective uid 0\nblock_devices\ncheck: a kernel-listed block device opens for reading\nusb.native\ncheck: /dev/bus/usb lists\nusb.web\ncheck: navigator.usb exists\nprocess.spawn\ncheck: a shell runs\nfs.persistent\ncheck: working dir writable, or storage persisted\nnet\ncheck: a non-loopback interface is up, or onLine\nnative\ncheck: null","root process (the app CLI, serve mode)\nkind: process\nstart 139 ms, first facts() round trip 0 ms\nroot\ncheck: effective uid 0\nblock_devices\ncheck: a kernel-listed block device opens for reading\nusb.native\ncheck: /dev/bus/usb lists\nusb.web\ncheck: navigator.usb exists\nprocess.spawn\ncheck: a shell runs\nfs.persistent\ncheck: working dir writable, or storage persisted\nnet\ncheck: a non-loopback interface is up, or onLine\nnative\ncheck: null","Places","Strategy","Rust","Lifecycle","Shell","Plugins"]}}
{"check":"places-scroll-2","result":{"url":"https://mui.kernelsu.org/index.html","socket":"webview_devtools_remote_12150","value":["Back\nBack","inline (the caller)\nkind: inline\nstart 404 ms, first facts() round trip 87 ms\nroot\ncheck: effective uid 0\nblock_devices\ncheck: a kernel-listed block device opens for reading\nusb.native\ncheck: /dev/bus/usb lists\nusb.web\ncheck: navigator.usb exists\nprocess.spawn\ncheck: a shell runs\nfs.persistent\ncheck: working dir writable, or storage persisted\nnet\ncheck: a non-loopback interface is up, or onLine\nnative\ncheck: null","worker (isolate or Web Worker)\nkind: web_worker\nstart 174 ms, first facts() round trip 47 ms\nroot\ncheck: effective uid 0\nblock_devices\ncheck: a kernel-listed block device opens for reading\nusb.native\ncheck: /dev/bus/usb lists\nusb.web\ncheck: navigator.usb exists\nprocess.spawn\ncheck: a shell runs\nfs.persistent\ncheck: working dir writable, or storage persisted\nnet\ncheck: a non-loopback interface is up, or onLine\nnative\ncheck: null","root process (the app CLI, serve mode)\nkind: process\nstart 139 ms, first facts() round trip 0 ms\nroot\ncheck: effective uid 0\nblock_devices\ncheck: a kernel-listed block device opens for reading\nusb.native\ncheck: /dev/bus/usb lists\nusb.web\ncheck: navigator.usb exists\nprocess.spawn\ncheck: a shell runs\nfs.persistent\ncheck: working dir writable, or storage persisted\nnet\ncheck: a non-loopback interface is up, or onLine\nnative\ncheck: null","Places","Strategy","Rust","Lifecycle","Shell","Plugins"]}}
{"check":"places-scroll-3","result":{"url":"https://mui.kernelsu.org/index.html","socket":"webview_devtools_remote_12150","value":["Back\nBack","worker (isolate or Web Worker)\nkind: web_worker\nstart 174 ms, first facts() round trip 47 ms\nroot\ncheck: effective uid 0\nblock_devices\ncheck: a kernel-listed block device opens for reading\nusb.native\ncheck: /dev/bus/usb lists\nusb.web\ncheck: navigator.usb exists\nprocess.spawn\ncheck: a shell runs\nfs.persistent\ncheck: working dir writable, or storage persisted\nnet\ncheck: a non-loopback interface is up, or onLine\nnative\ncheck: null","root process (the app CLI, serve mode)\nkind: process\nstart 139 ms, first facts() round trip 0 ms\nroot\ncheck: effective uid 0\nblock_devices\ncheck: a kernel-listed block device opens for reading\nusb.native\ncheck: /dev/bus/usb lists\nusb.web\ncheck: navigator.usb exists\nprocess.spawn\ncheck: a shell runs\nfs.persistent\ncheck: working dir writable, or storage persisted\nnet\ncheck: a non-loopback interface is up, or onLine\nnative\ncheck: null","Reference: one call and one stream per place\nsquadron_process doc/benchmark.md, a 4-vCPU VM. Not measured here; devicelab measures devices.\nCall: isolate 31 µs, Web Worker (dart2js) 120 µs, process 247 µs, process from the page 401 µs.\n64 KiB stream: isolate 3643 MiB/s, Web Worker 631 MiB/s, process link about 110 MiB/s.","Places","Strategy","Rust","Lifecycle","Shell","Plugins"]}}
{"check":"tap-strategy","result":{"url":"https://mui.kernelsu.org/index.html","socket":"webview_devtools_remote_12150","value":"tapped Strategy at 53,536 size 53x80 role tab tappable"}}
{"check":"strategy","result":{"url":"https://mui.kernelsu.org/index.html","socket":"webview_devtools_remote_12150","value":["Back\nBack","Objective: list the device's partitions. Strategies in preference order: on the device as root, then from a host over USB. The first one the place's facts allow runs; nothing reads kIsWeb or Platform.","Place","inline (the caller)","worker (isolate or Web Worker)","root process (the app CLI, serve mode)","Facts from inline (the caller)\nSwitch a fact off to see the fallback. You can only take facts away.\nroot\ncheck: effective uid 0\nblock_devices\ncheck: a kernel-listed block device opens for reading\nusb.native\ncheck: /dev/bus/usb lists\nusb.web\ncheck: navigator.usb exists\nprocess.spawn\ncheck: a shell runs\nfs.persistent\ncheck: working dir writable, or storage persisted\nnet\ncheck: a non-loopback interface is up, or onLine\nnative\ncheck: null","root","block_devices","usb.native","process.spawn","Places","Strategy","Rust","Lifecycle","Shell","Plugins"]}}
{"check":"tap-strategy-root","result":{"url":"https://mui.kernelsu.org/index.html","socket":"webview_devtools_remote_12150","value":"tapped root process at 24,358 size 272x48 role checkbox tappable"}}
{"check":"strategy-root","result":{"url":"https://mui.kernelsu.org/index.html","socket":"webview_devtools_remote_12150","value":["Back\nBack","Objective: list the device's partitions. Strategies in preference order: on the device as root, then from a host over USB. The first one the place's facts allow runs; nothing reads kIsWeb or Platform.","Place","inline (the caller)","worker (isolate or Web Worker)","root process (the app CLI, serve mode)","Facts from root process (the app CLI, serve mode)\nSwitch a fact off to see the fallback. You can only take facts away.\nroot\ncheck: effective uid 0\nblock_devices\ncheck: a kernel-listed block device opens for reading\nusb.native\ncheck: /dev/bus/usb lists\nusb.web\ncheck: navigator.usb exists\nprocess.spawn\ncheck: a shell runs\nfs.persistent\ncheck: working dir writable, or storage persisted\nnet\ncheck: a non-loopback interface is up, or onLine\nnative\ncheck: null","root","block_devices","usb.native","process.spawn","Places","Strategy","Rust","Lifecycle","Shell","Plugins"]}}
{"check":"strategy-root-scroll-1","result":{"url":"https://mui.kernelsu.org/index.html","socket":"webview_devtools_remote_12150","value":["Back\nBack","Objective: list the device's partitions. Strategies in preference order: on the device as root, then from a host over USB. The first one the place's facts allow runs; nothing reads kIsWeb or Platform.","Place","inline (the caller)","worker (isolate or Web Worker)","root process (the app CLI, serve mode)","Facts from root process (the app CLI, serve mode)\nSwitch a fact off to see the fallback. You can only take facts away.\nroot\ncheck: effective uid 0\nblock_devices\ncheck: a kernel-listed block device opens for reading\nusb.native\ncheck: /dev/bus/usb lists\nusb.web\ncheck: navigator.usb exists\nprocess.spawn\ncheck: a shell runs\nfs.persistent\ncheck: working dir writable, or storage persisted\nnet\ncheck: a non-loopback interface is up, or onLine\nnative\ncheck: null","root","block_devices","usb.native","process.spawn","Chosen: on device (/proc/partitions as root)\non_device chosen","on device (/proc/partitions as root)\nneeds root + block_devices: has them","Places","Strategy","Rust","Lifecycle","Shell","Plugins"]}}
{"check":"strategy-root-scroll-2","result":{"url":"https://mui.kernelsu.org/index.html","socket":"webview_devtools_remote_12150","value":["Back\nBack","Facts from root process (the app CLI, serve mode)\nSwitch a fact off to see the fallback. You can only take facts away.\nroot\ncheck: effective uid 0\nblock_devices\ncheck: a kernel-listed block device opens for reading\nusb.native\ncheck: /dev/bus/usb lists\nusb.web\ncheck: navigator.usb exists\nprocess.spawn\ncheck: a shell runs\nfs.persistent\ncheck: working dir writable, or storage persisted\nnet\ncheck: a non-loopback interface is up, or onLine\nnative\ncheck: null","root","block_devices","usb.native","process.spawn","Chosen: on device (/proc/partitions as root)\non_device chosen","on device (/proc/partitions as root)\nneeds root + block_devices: has them","from host (fastboot getvar all)\nneeds usb.native + process.spawn: has them","Run on_device in process","Log\nEvery run: objective, strategy, place and the facts it saw.\nNothing has run yet.","Places","Strategy","Rust","Lifecycle","Shell","Plugins"]}}
{"check":"tap-rust","result":{"url":"https://mui.kernelsu.org/index.html","socket":"webview_devtools_remote_12150","value":"tapped Rust at 107,536 size 53x80 role tab tappable"}}
{"check":"rust","result":{"url":"https://mui.kernelsu.org/index.html","socket":"webview_devtools_remote_12150","value":["Back\nBack","The demo crate (rust/) counts the primes below 1000000 with the same loop as page 1's Dart. The service loads it in its own place through flutter_rust_bridge, so each place runs its own build.","Run in every place","inline (the caller)","Run here","worker (isolate or Web Worker)","Run here","root process (the app CLI, serve mode)","Run here","Places","Strategy","Rust","Lifecycle","Shell","Plugins"]}}
{"check":"tap-rust-run","result":{"url":"https://mui.kernelsu.org/index.html","socket":"webview_devtools_remote_12150","value":"tapped Run in every place at 16,196 size 288x48 role button tappable"}}
{"check":"rust-ran","result":{"url":"https://mui.kernelsu.org/index.html","socket":"webview_devtools_remote_12150","value":["Back\nBack","The demo crate (rust/) counts the primes below 1000000 with the same loop as page 1's Dart. The service loads it in its own place through flutter_rust_bridge, so each place runs its own build.","Run in every place","inline (the caller)\nBuilt for: wasm32-unknown (single-threaded)\nLoad: 82 ms (once per place, on its first Rust call; on the web that fetches and instantiates the wasm)\nRust 111 ms, Dart 893 ms (same count: 78498)","Run here","worker (isolate or Web Worker)\nBuilt for: wasm32-unknown (single-threaded)\nLoad: 50 ms (once per place, on its first Rust call; on the web that fetches and instantiates the wasm)\nRust 149 ms, Dart 205 ms (same count: 78498)","Run here","root process (the app CLI, serve mode)\nBuilt for: x86_64-android\nLoad: 0 ms (once per place, on its first Rust call; on the web that fetches and instantiates the wasm)\nRust 116 ms, Dart 110 ms (same count: 78498)","Places","Strategy","Rust","Lifecycle","Shell","Plugins"]}}
{"check":"wasm-after-rust","result":{"url":"https://mui.kernelsu.org/index.html","socket":"webview_devtools_remote_12150","value":{"wasm":[{"name":"chromium/canvaskit.wasm","start":120,"dur":39},{"name":"pkg/demo_native_bg.wasm","start":81050,"dur":25}],"marks":[{"name":"flutter_webui:register","t":371},{"name":"flutter_webui:registered","t":371},{"name":"flutter_webui:register","t":375},{"name":"flutter_webui:registered","t":375},{"name":"flutter_webui:first-frame","t":448}],"measures":[],"now":102010}}}
{"check":"tap-rust-run-2","result":{"url":"https://mui.kernelsu.org/index.html","socket":"webview_devtools_remote_12150","value":"tapped Run in every place at 16,196 size 288x48 role button tappable"}}
{"check":"rust-ran-2","result":{"url":"https://mui.kernelsu.org/index.html","socket":"webview_devtools_remote_12150","value":["Back\nBack","The demo crate (rust/) counts the primes below 1000000 with the same loop as page 1's Dart. The service loads it in its own place through flutter_rust_bridge, so each place runs its own build.","Run in every place","inline (the caller)\nBuilt for: wasm32-unknown (single-threaded)\nLoad: 0 ms (once per place, on its first Rust call; on the web that fetches and instantiates the wasm)\nRust 110 ms, Dart 902 ms (same count: 78498)","Run here","worker (isolate or Web Worker)\nBuilt for: wasm32-unknown (single-threaded)\nLoad: 0 ms (once per place, on its first Rust call; on the web that fetches and instantiates the wasm)\nRust 123 ms, Dart 190 ms (same count: 78498)","Run here","root process (the app CLI, serve mode)\nBuilt for: x86_64-android\nLoad: 0 ms (once per place, on its first Rust call; on the web that fetches and instantiates the wasm)\nRust 106 ms, Dart 110 ms (same count: 78498)","Places","Strategy","Rust","Lifecycle","Shell","Plugins"]}}
{"check":"tap-lifecycle","result":{"url":"https://mui.kernelsu.org/index.html","socket":"webview_devtools_remote_12150","value":"tapped Lifecycle at 160,536 size 53x80 role tab tappable"}}
{"check":"tap-root-process","result":{"url":"https://mui.kernelsu.org/index.html","socket":"webview_devtools_remote_12150","value":"tapped root process at 24,390 size 272x48 role checkbox tappable"}}
{"check":"tap-start","result":{"url":"https://mui.kernelsu.org/index.html","socket":"webview_devtools_remote_12150","value":"tapped Start at 24,462 size 97x48 role button tappable"}}
{"check":"lifecycle-running","result":{"url":"https://mui.kernelsu.org/index.html","socket":"webview_devtools_remote_12150","value":["Back\nBack","Start a five-minute task, then switch away (Home, another app or tab) and come back: hidden keeps going. Close the app instead and reopen it: closed stops, and this page says where the task was when it ended.","Task\ntick every 500 ms, stamped with the place's own clock\nrunning in process: tick 17/600, longest gap 503 ms, app resumed 3","inline (the caller)","worker (isolate or Web Worker)","root process (the app CLI, serve mode)","Stop","Lifecycle\n01:30:16  started in process","Facts from root process (the app CLI, serve mode)\nroot\ncheck: effective uid 0\nblock_devices\ncheck: a kernel-listed block device opens for reading\nusb.native\ncheck: /dev/bus/usb lists\nusb.web\ncheck: navigator.usb exists\nprocess.spawn\ncheck: a shell runs\nfs.persistent\ncheck: working dir writable, or storage persisted\nnet\ncheck: a non-loopback interface is up, or onLine\nnative\ncheck: null","Places","Strategy","Rust","Lifecycle","Shell","Plugins"]}}
{"check":"lifecycle-after-home","result":{"url":"https://mui.kernelsu.org/index.html","socket":"webview_devtools_remote_12150","value":["Back\nBack","Start a five-minute task, then switch away (Home, another app or tab) and come back: hidden keeps going. Close the app instead and reopen it: closed stops, and this page says where the task was when it ended.","Task\ntick every 500 ms, stamped with the place's own clock\nrunning in process: tick 41/600, longest gap 503 ms, app resumed 7","inline (the caller)","worker (isolate or Web Worker)","root process (the app CLI, serve mode)","Stop","Lifecycle\n01:30:32  away 6.7 s: the place produced 14 ticks (on schedule: 13); longest gap 503 ms\n01:30:32  inactive -> resumed\n01:30:32  hidden -> inactive\n01:30:26  inactive -> hidden\n01:30:26  resumed -> inactive\n01:30:16  started in process","Places","Strategy","Rust","Lifecycle","Shell","Plugins"]}}
{"check":"root-process","result":"root             0 u:r:ksu:s0                     12364 dartaotruntime\nu0_a210      10210 u:r:untrusted_app_27:s0:c210,c256,c512,c768 12388 com.webui.api.demo\nroot             0 u:r:ksu:s0                     12431 dartaotruntime"}
/home/runner/work/devicelab/devicelab/out/sockprobe: 1 file pushed, 0 skipped. 340.2 MB/s (3501403 bytes in 0.010s)
{"check":"block-devices","result":"dm-0\ndm-1\ndm-11\ndm-13\ndm-14\ndm-16\ndm-17\ndm-18\ntotal 0\ndrwxr-xr-x 2 root root u:object_r:block_device:s0                140 2026-10-03 01:23 by-name\nbrw------- 1 root root u:object_r:dm_device:s0              254,   0 2026-10-03 01:23 dm-0\nbrw------- 1 root root u:object_r:dm_device:s0              254,   1 2026-10-03 01:23 dm-1\nbrw------- 1 root root u:object_r:dm_device:s0              254,  11 2026-10-03 01:23 dm-11\nbrw------- 1 root root u:object_r:dm_device:s0              254,  13 2026-10-03 01:23 dm-13\nbrw------- 1 root root u:object_r:dm_device:s0              254,  14 2026-10-03 01:23 dm-14\nbrw------- 1 root root u:object_r:dm_device:s0              254,  16 2026-10-03 01:23 dm-16\nbrw------- 1 root root u:object_r:dm_device:s0              254,  17 2026-10-03 01:23 dm-17\nbrw------- 1 root root u:object_r:dm_device:s0              254,  18 2026-10-03 01:23 dm-18\nbrw------- 1 root root u:object_r:dm_device:s0              254,  19 2026-10-03 01:23 dm-19\nbrw------- 1 root root u:object_r:dm_device:s0              254,   2 2026-10-03 01:23 dm-2\n-- su:\n0000000  \\0\n-- ksu:\n{\"error\":\"write /proc/thread-self/attr/current: operation not permitted\",\"op\":\"setcon\"}\n-- avc:"}
{"check":"back-1","result":{"url":"https://mui.kernelsu.org/index.html","socket":"webview_devtools_remote_12150","value":["Squadron","Process","native","net","Say hello","Count to 5","SHA-256","Demo pages\nOne page per thing the stack promises.","Places","Strategy","Rust","Lifecycle","Shell","Plugins"]}}
{"check":"back-1-top","result":"topResumedActivity=ActivityRecord{7f17bd7 u0 com.rifsxd.ksunext/.ui.webui.WebUIActivity t12}"}
{"check":"back-2-top","result":"topResumedActivity=ActivityRecord{7f17bd7 u0 com.rifsxd.ksunext/.ui.webui.WebUIActivity t12}"}
{"check":"back-3-top","result":"topResumedActivity=ActivityRecord{c596e20 u0 com.google.android.apps.nexuslauncher/.NexusLauncherActivity t6}"}
{"check":"open","result":"opened: intent"}
{"check":"tap-places","result":{"url":"https://mui.kernelsu.org/index.html","socket":"webview_devtools_remote_12849","value":"tapped Places at 16,572 size 288x56 role button tappable"}}
{"check":"places","result":{"url":"https://mui.kernelsu.org/index.html","socket":"webview_devtools_remote_12849","value":["Back\nBack","One service, DemoService, opened in every place this build knows. Each place probes its own facts from inside; the page never guesses from the platform it was built for.","200k","1M","3M","Count primes in every place","Restart places","inline (the caller)\nkind: inline\nstart 459 ms, first facts() round trip 130 ms\nroot\ncheck: effective uid 0\nblock_devices\ncheck: a kernel-listed block device opens for reading\nusb.native\ncheck: /dev/bus/usb lists\nusb.web\ncheck: navigator.usb exists\nprocess.spawn\ncheck: a shell runs\nfs.persistent\ncheck: working dir writable, or storage persisted\nnet\ncheck: a non-loopback interface is up, or onLine\nnative\ncheck: null","worker (isolate or Web Worker)\nkind: web_worker\nstart 264 ms, first facts() round trip 45 ms\nroot\ncheck: effective uid 0\nblock_devices\ncheck: a kernel-listed block device opens for reading\nusb.native\ncheck: /dev/bus/usb lists\nusb.web\ncheck: navigator.usb exists\nprocess.spawn\ncheck: a shell runs\nfs.persistent\ncheck: working dir writable, or storage persisted\nnet\ncheck: a non-loopback interface is up, or onLine\nnative\ncheck: null","Places","Strategy","Rust","Lifecycle","Shell","Plugins"]}}
{"check":"root-process","result":"pid 13047 uid 0 ctx u:r:ksu:s0 cwd /data/adb/demo\n/system/bin/sh -c trap : TERM INT HUP USR1 USR2; exec 0</dev/null; \"$@\" >>\"$FLUTTER_WEBUI_LOG\" 2>&1; c=$?; (umask 077 && echo $c >\"$FLUTTER_WEBUI_EXIT.tmp\"); mv \"$FLUTTER_WEBUI_EXIT.tmp\" \"$FLUTTER_WEBUI_EXIT\" sh /data/adb/modules/demo/bin/demo serve --session-file /data/adb/modules/demo/run/demo.place.json --launch-id eb4237eea1f06f47 \npid 13049 uid 0 ctx u:r:ksu:s0 cwd /data/adb/demo\n/data/adb/modules/demo/bin/x86_64/dartaotruntime /data/adb/modules/demo/bin/x86_64/demo.aot serve --session-file /data/adb/modules/demo/run/demo.place.json --launch-id eb4237eea1f06f47 \npid 13071 uid 0 ctx u:r:su:s0 cwd /\n/system/bin/sh -c for p in $(pgrep -f 'serve --session-file'); do echo \"pid $p uid $(stat -c %u /proc/$p) ctx $(cat /proc/$p/attr/current | tr -d '\\0') cwd $(readlink /proc/$p/cwd)\"; tr '\\0' ' ' </proc/$p/cmdline; echo; done"}
{"check":"root-cwd","result":"/data/adb/demo"}
{"check":"cli-facts-datadir","result":"{\n  \"root\": true,\n  \"block_devices\": true,\n  \"usb.native\": true,\n  \"usb.web\": false,\n  \"process.spawn\": true,\n  \"fs.persistent\": true,\n  \"net\": true,\n  \"native\": true\n}"}
{"check":"cli-facts-slash","result":"\"root\": true,\n  \"fs.persistent\": false,"}
{"check":"page-persisted","result":{"url":"https://mui.kernelsu.org/index.html","socket":"webview_devtools_remote_12849","value":{"persisted":false}}}
{"check":"worker-persisted","result":{"url":"https://mui.kernelsu.org/index.html","socket":"webview_devtools_remote_12849","value":{"persisted":false}}}
{"check":"sys-dark","night":"yes","color_mode":"","opened":"opened: intent","result":{"url":"https://mui.kernelsu.org/index.html","socket":"webview_devtools_remote_13183","value":{"dark":true,"primary":"#B2C5FF","background":"#121318","cssBytes":1417}}}
{"check":"sys-light","night":"no","color_mode":"","opened":"opened: intent","result":{"url":"https://mui.kernelsu.org/index.html","socket":"webview_devtools_remote_13374","value":{"dark":false,"primary":"#495D92","background":"#FAF8FF","cssBytes":1417}}}
/home/runner/work/devicelab/devicelab/out/sockprobe: 1 file pushed, 0 skipped. 318.9 MB/s (3501403 bytes in 0.010s)
{"check":"ksud-version","result":"ksud 3.4.0 (uapi: 4)\nmanage module configuration\n\nUsage: ksud module config [OPTIONS] <COMMAND>"}
{"check":"root-script","result":"-rwxr-xr-x 1 root root 1921 2026-10-03 01:25 /data/adb/modules/demo/flutter_webui/root\n#!/system/bin/sh\n# flutter-webui root channel launcher. Lives at <moddir>/flutter_webui/root.\n# Usage: sh root start    find or start the channel; prints its session as one\n#                         JSON line (port, token), or exits non-zero\n#        sh root serve    run the channel (started detached by `start`)\n# Needs `ksud module config` (KernelSU or KernelSU Next v3.0.0+).\n# SPDX-License-Identifier: LGPL-3.0-or-later WITH LGPL-3.0-linking-exception\n\ndir=${0%/*}\ncase \"$dir\" in /*) ;; *) dir=$(cd \"$dir\" && pwd) ;; esac\nmoddir=${dir%/*}\nid=${moddir##*/}\nrun=$dir/run\n\ncase \"$(uname -m)\" in\n  aarch64 | arm64) abi=arm64-v8a ;;\n  x86_64) abi=x86_64 ;;\n  *) echo \"flutter_webui: unsupported CPU $(uname -m)\" >&2; exit 1 ;;\nesac\n\n# Root shells can start with an empty environment, and the Dart VM needs a\n# writable TMPDIR: the module's temporary directory, which `start` empties on\n# the first start of each boot.\nexport TMPDIR=\"${FLUTTER_WEBUI_DATA:-/data/adb/$id}/tmp\"\n(umask 077 && mkdir -p \"$TMPDIR\" \"$run\")\n\nchannel() {\n  rt=$dir/$abi\n  # A linux (glibc) runtime ships its loader and libraries next to it; an\n  # Android-built runtime runs directly."}
{"check":"layout-before","result":"total 48\ndrwxr-xr-x 5 root root 4096 2026-10-03 01:28 .\ndrwxr-xr-x 7 root root 4096 2026-10-03 01:28 ..\ndrwxr-xr-x 2 root root 4096 2026-10-03 01:25 arm64-v8a\n-rwxr-xr-x 1 root root 1921 2026-10-03 01:25 root\ndrwx------ 3 root root 4096 2026-10-03 01:28 run\ndrwxr-xr-x 2 root root 4096 2026-10-03 01:25 x86_64\n-- run:\n700 root:root /data/adb/modules/demo/flutter_webui/run\n/data/adb/modules/demo/flutter_webui/run:\ntotal 44\ndrwx------ 3 root root 4096 2026-10-03 01:28 .\ndrwxr-xr-x 5 root root 4096 2026-10-03 01:28 ..\n-rw------- 1 root root    6 2026-10-03 01:28 lock\ndrwx------ 2 root root 4096 2026-10-03 01:31 proc\n-rw------- 1 root root   56 2026-10-03 01:28 root.log\n-rw------- 1 root root    0 2026-10-03 01:28 start.lock\n\n/data/adb/modules/demo/flutter_webui/run/proc:\ntotal 56\ndrwx------ 2 root root 4096 2026-10-03 01:31 .\ndrwx------ 3 root root 4096 2026-10-03 01:28 ..\n-rw------- 1 root root   36 2026-10-03 01:28 .boot\n-rw------- 1 root root    2 2026-10-03 01:30 1790990907595188-0.exit\n-rw------- 1 root root  215 2026-10-03 01:28 1790990907595188-0.log\n-rw------- 1 root root    2 2026-10-03 01:31 1790991060034411-1.exit\n-rw------- 1 root root  215 2026-10-03 01:31 1790991060034411-1.log\n-- webroot/.run:\nls: /data/adb/modules/demo/webroot/.run: No such file or directory"}
{"check":"config-before","result":"webui.session={\"protocol\":1,\"version\":\"0.2.2\",\"port\":37863,\"token\":\"A0j_IFOvzqtKd-8nvDqJ3VjUWclB00ucvQtq_k0T4yo\",\"pid\":12364,\"boot\":\"5aba81ec-fa09-46a6-9cbc-ba368951fd73\",\"started\":\"2026-10-03T01:28:27.079651Z\"}\nwebui.boot=5aba81ec-fa09-46a6-9cbc-ba368951fd73\n-- list:\nwebui.installed=1\nwebui.session={\"protocol\":1,\"version\":\"0.2.2\",\"port\":37863,\"token\":\"A0j_IFOvzqtKd-8nvDqJ3VjUWclB00ucvQtq_k0T4yo\",\"pid\":12364,\"boot\":\"5aba81ec-fa09-46a6-9cbc-ba368951fd73\",\"started\":\"2026-10-03T01:28:27.079651Z\"}\nwebui.boot=5aba81ec-fa09-46a6-9cbc-ba368951fd73"}
{"check":"config-after-boot","result":"webui.session=Error: Key 'webui.session' not found\nwebui.boot=Error: Key 'webui.boot' not found\n-- list:\nwebui.installed=1"}
{"check":"tmp-after-boot","result":"total 24\ndrwx------ 2 root root 4096 2026-10-03 01:31 .\ndrwx------ 3 root root 4096 2026-10-03 01:31 ..\n-rw-rw-rw- 1 root root    4 2026-10-03 01:31 lab-marker"}
{"check":"start-1","result":"# via adb root (0 u:r:su:s0)\n{\"protocol\":1,\"version\":\"0.2.2\",\"port\":40227,\"token\":\"fORb1D7OPnmdYbfi-WdmSAMe3SGS6ui3OSpd_v3Xyoo\",\"pid\":15969,\"boot\":\"5aba81ec-fa09-46a6-9cbc-ba368951fd73\",\"started\":\"2026-10-03T01:32:24.430250Z\"}\nexit=0"}
{"check":"tmp-after-start-1","result":"total 16\ndrwx------ 2 root root 4096 2026-10-03 01:32 .\ndrwx------ 3 root root 4096 2026-10-03 01:31 .."}
{"check":"config-after-start-1","result":"webui.session={\"protocol\":1,\"version\":\"0.2.2\",\"port\":40227,\"token\":\"fORb1D7OPnmdYbfi-WdmSAMe3SGS6ui3OSpd_v3Xyoo\",\"pid\":15969,\"boot\":\"5aba81ec-fa09-46a6-9cbc-ba368951fd73\",\"started\":\"2026-10-03T01:32:24.430250Z\"}\nwebui.boot=5aba81ec-fa09-46a6-9cbc-ba368951fd73\n-- list:\nwebui.installed=1\nwebui.session={\"protocol\":1,\"version\":\"0.2.2\",\"port\":40227,\"token\":\"fORb1D7OPnmdYbfi-WdmSAMe3SGS6ui3OSpd_v3Xyoo\",\"pid\":15969,\"boot\":\"5aba81ec-fa09-46a6-9cbc-ba368951fd73\",\"started\":\"2026-10-03T01:32:24.430250Z\"}\nwebui.boot=5aba81ec-fa09-46a6-9cbc-ba368951fd73"}
{"check":"layout-after-start-1","result":"total 48\ndrwxr-xr-x 5 root root 4096 2026-10-03 01:28 .\ndrwxr-xr-x 7 root root 4096 2026-10-03 01:28 ..\ndrwxr-xr-x 2 root root 4096 2026-10-03 01:25 arm64-v8a\n-rwxr-xr-x 1 root root 1921 2026-10-03 01:25 root\ndrwx------ 3 root root 4096 2026-10-03 01:28 run\ndrwxr-xr-x 2 root root 4096 2026-10-03 01:25 x86_64\n-- run:\n700 root:root /data/adb/modules/demo/flutter_webui/run\n/data/adb/modules/demo/flutter_webui/run:\ntotal 44\ndrwx------ 3 root root 4096 2026-10-03 01:28 .\ndrwxr-xr-x 5 root root 4096 2026-10-03 01:28 ..\n-rw------- 1 root root    6 2026-10-03 01:32 lock\ndrwx------ 2 root root 4096 2026-10-03 01:31 proc\n-rw------- 1 root root   56 2026-10-03 01:32 root.log\n-rw------- 1 root root    0 2026-10-03 01:28 start.lock\n\n/data/adb/modules/demo/flutter_webui/run/proc:\ntotal 56\ndrwx------ 2 root root 4096 2026-10-03 01:31 .\ndrwx------ 3 root root 4096 2026-10-03 01:28 ..\n-rw------- 1 root root   36 2026-10-03 01:28 .boot\n-rw------- 1 root root    2 2026-10-03 01:30 1790990907595188-0.exit\n-rw------- 1 root root  215 2026-10-03 01:28 1790990907595188-0.log\n-rw------- 1 root root    2 2026-10-03 01:31 1790991060034411-1.exit\n-rw------- 1 root root  215 2026-10-03 01:31 1790991060034411-1.log\n-- webroot/.run:\nls: /data/adb/modules/demo/webroot/.run: No such file or directory"}
{"check":"start-2","result":"# via adb root (0 u:r:su:s0)\n{\"protocol\":1,\"version\":\"0.2.2\",\"port\":40227,\"token\":\"fORb1D7OPnmdYbfi-WdmSAMe3SGS6ui3OSpd_v3Xyoo\",\"pid\":15969,\"boot\":\"5aba81ec-fa09-46a6-9cbc-ba368951fd73\",\"started\":\"2026-10-03T01:32:24.430250Z\"}\nexit=0"}
{"check":"same-pid","result":{"first":"15969","second":"15969","same":true}}
{"check":"delete-session","result":"exit=0"}
{"check":"start-3","result":"# via adb root (0 u:r:su:s0)\n{\"protocol\":1,\"version\":\"0.2.2\",\"port\":38365,\"token\":\"zQ8xiNStSrOmui9CfsLo1B5kPzGSmpQrBeTZ1N3JtrA\",\"pid\":16090,\"boot\":\"5aba81ec-fa09-46a6-9cbc-ba368951fd73\",\"started\":\"2026-10-03T01:32:24.877020Z\"}\nexit=0"}
{"check":"replaced","result":{"old":"15969","new":"16090","new_pid":true,"old_alive":"no"}}
{"check":"procs","result":"u0_a210      15993 13702 u:r:untrusted_app_27:s0:c210,c256,c512,c768 com.webui.api.demo com.webui.api.demo\nroot         16090     1 u:r:su:s0                      dartaotruntime              dartaotruntime /data/adb/modules/demo/flutter_webui/x86_64/flutter_webui_root.aot serve --module-dir /data/adb/modules/demo --module-id demo --run-dir /data/adb/modules/demo/flutter_webui/run --temp-dir /data/adb/demo/tmp --announce"}
{"check":"root-log","result":"2026-10-03T01:32:24.882454 listening on 127.0.0.1:38365"}
{"check":"config-end","result":"webui.session={\"protocol\":1,\"version\":\"0.2.2\",\"port\":38365,\"token\":\"zQ8xiNStSrOmui9CfsLo1B5kPzGSmpQrBeTZ1N3JtrA\",\"pid\":16090,\"boot\":\"5aba81ec-fa09-46a6-9cbc-ba368951fd73\",\"started\":\"2026-10-03T01:32:24.877020Z\"}\nwebui.boot=5aba81ec-fa09-46a6-9cbc-ba368951fd73\n-- list:\nwebui.session={\"protocol\":1,\"version\":\"0.2.2\",\"port\":38365,\"token\":\"zQ8xiNStSrOmui9CfsLo1B5kPzGSmpQrBeTZ1N3JtrA\",\"pid\":16090,\"boot\":\"5aba81ec-fa09-46a6-9cbc-ba368951fd73\",\"started\":\"2026-10-03T01:32:24.877020Z\"}\nwebui.boot=5aba81ec-fa09-46a6-9cbc-ba368951fd73\nwebui.installed=1"}
{"check":"open","result":"opened: intent"}
{"check":"page-uid","result":["Say hello"]}
{"check":"hello-tap","result":{"url":"https://mui.kernelsu.org/index.html","socket":"webview_devtools_remote_16159","value":"tapped Say hello at 32,364 size 105x48 role button tappable"}}
{"check":"hello","result":["Say hello"]}
{"check":"page-session","result":"{\"protocol\":1,\"version\":\"0.2.2\",\"port\":38365,\"token\":\"zQ8xiNStSrOmui9CfsLo1B5kPzGSmpQrBeTZ1N3JtrA\",\"pid\":16090,\"boot\":\"5aba81ec-fa09-46a6-9cbc-ba368951fd73\",\"started\":\"2026-10-03T01:32:24.877020Z\"}"}
{"check":"page-hello","result":{"url":"https://mui.kernelsu.org/index.html","socket":"webview_devtools_remote_16159","value":"{\"op\":\"hello\",\"protocol\":1,\"version\":\"0.2.2\",\"pid\":16090,\"boot\":\"5aba81ec-fa09-46a6-9cbc-ba368951fd73\",\"uid\":0,\"moduleDir\":\"/data/adb/modules/demo\"}"}}
{"check":"channel-process","result":"root         16090     1 u:r:su:s0                      dartaotruntime"}
{"check":"start-after-page","result":"# via adb root (0 u:r:su:s0)\n{\"protocol\":1,\"version\":\"0.2.2\",\"port\":38365,\"token\":\"zQ8xiNStSrOmui9CfsLo1B5kPzGSmpQrBeTZ1N3JtrA\",\"pid\":16090,\"boot\":\"5aba81ec-fa09-46a6-9cbc-ba368951fd73\",\"started\":\"2026-10-03T01:32:24.877020Z\"}\nexit=0"}
{"check":"layout-end","result":"total 48\ndrwxr-xr-x 5 root root 4096 2026-10-03 01:28 .\ndrwxr-xr-x 7 root root 4096 2026-10-03 01:28 ..\ndrwxr-xr-x 2 root root 4096 2026-10-03 01:25 arm64-v8a\n-rwxr-xr-x 1 root root 1921 2026-10-03 01:25 root\ndrwx------ 3 root root 4096 2026-10-03 01:28 run\ndrwxr-xr-x 2 root root 4096 2026-10-03 01:25 x86_64\n-- run:\n700 root:root /data/adb/modules/demo/flutter_webui/run\n/data/adb/modules/demo/flutter_webui/run:\ntotal 44\ndrwx------ 3 root root 4096 2026-10-03 01:28 .\ndrwxr-xr-x 5 root root 4096 2026-10-03 01:28 ..\n-rw------- 1 root root    6 2026-10-03 01:32 lock\ndrwx------ 2 root root 4096 2026-10-03 01:31 proc\n-rw------- 1 root root   56 2026-10-03 01:32 root.log\n-rw------- 1 root root    0 2026-10-03 01:28 start.lock\n\n/data/adb/modules/demo/flutter_webui/run/proc:\ntotal 56\ndrwx------ 2 root root 4096 2026-10-03 01:31 .\ndrwx------ 3 root root 4096 2026-10-03 01:28 ..\n-rw------- 1 root root   36 2026-10-03 01:28 .boot\n-rw------- 1 root root    2 2026-10-03 01:30 1790990907595188-0.exit\n-rw------- 1 root root  215 2026-10-03 01:28 1790990907595188-0.log\n-rw------- 1 root root    2 2026-10-03 01:31 1790991060034411-1.exit\n-rw------- 1 root root  215 2026-10-03 01:31 1790991060034411-1.log\n-- webroot/.run:\nls: /data/adb/modules/demo/webroot/.run: No such file or directory"}
{"check":"app","result":"package:/data/app/~~j2zc7LCfkEowwX3sFXlTkQ==/com.webui.api.demo-VugF9nrrTyhmhM9zJ-25cg==/base.apk\nls: /product/app/WebuiApi_demo/: No such file or directory\n    codePath=/data/app/~~j2zc7LCfkEowwX3sFXlTkQ==/com.webui.api.demo-VugF9nrrTyhmhM9zJ-25cg==\n    versionName=0.53.0-webui.9\n    privateFlags=[ PRIVATE_FLAG_ACTIVITIES_RESIZE_MODE_RESIZEABLE_VIA_SDK_VERSION PRIVATE_FLAG_REQUEST_LEGACY_EXTERNAL_STORAGE PRIVATE_FLAG_ALLOW_NATIVE_HEAP_POINTER_TAGGING ]\n    signatures=PackageSignatures{652241 version:2, signatures:[33fe4edd], past signatures:[]}\n    pkgFlags=[ HAS_CODE ALLOW_CLEAR_USER_DATA ALLOW_BACKUP ]\n    requested permissions:\n    requested permissions:\n      android.permission.WRITE_SETTINGS\n      android.permission.POST_NOTIFICATIONS\n      android.permission.ACCESS_FINE_LOCATION\n      android.permission.MANAGE_EXTERNAL_STORAGE\n      android.permission.SYSTEM_ALERT_WINDOW\n      android.permission.NFC\n      android.permission.BODY_SENSORS\n      android.permission.FOREGROUND_SERVICE\n      android.permission.READ_MEDIA_VISUAL_USER_SELECTED\n      android.permission.RECEIVE_BOOT_COMPLETED\n      android.permission.FOREGROUND_SERVICE_SPECIAL_USE\n      android.permission.REQUEST_IGNORE_BATTERY_OPTIMIZATIONS"}
{"check":"app-user","result":"package:com.webui.api.demo\n    versionCode=1011 minSdk=24 targetSdk=28\n    installerPackageName=com.android.vending\n-- install log:"}
{"check":"mounts","result":"lrwxrwxrwx 1 root root 26 2026-10-03 01:24 /data/adb/metamodule -> /data/adb/modules/mountify\nCalendarGooglePrebuilt Camera2 Chrome Chrome-Stub Drive GoogleContacts GoogleTTS LatinIMEGooglePrebuilt LicenseChecker Maps MarkupGoogle_v2 ModuleMetadataGoogle NexusWallpapersStubPrebuilt2018 Photos PixelThemesStub PrebuiltDeskClockGoogle PrebuiltGmail PrebuiltGoogleAdservicesTvp PrebuiltGoogleTelemetryTvp SoundPickerPrebuilt TrichromeLibrary TrichromeLibrary-Stub WebViewGoogle WebViewGoogle-Stub YouTube YouTubeMusicPrebuilt talkback"}
{"check":"app-label","result":"2 activities found:\n  Activity #0:\n    priority=0 preferredOrder=0 match=0x108000 specificIndex=-1 isDefault=true\n    com.webui.api.demo/com.termux.api.apis.NfcAPI$NfcActivity\n  Activity #1:"}
{"check":"metamodule-log","result":"metamodule /data/adb/modules/mountify\ntotal 136\ndrwxr-xr-x 5 root root  4096 2026-10-03 01:24 .\ndrwxrwxrwx 8 root root  4096 2026-10-03 01:25 ..\n-rw-r--r-- 1 root root   867 2026-10-03 01:24 action.sh\n-rw-r--r-- 1 root root   784 2026-10-03 01:24 boot-completed.sh\n-rw-rw-rw- 1 root root    12 2026-10-03 01:31 count.sh\n-rw-r--r-- 1 root root    75 2026-10-03 01:24 ksud_has_nuke_ext4\ndrwxr-xr-x 2 root root  4096 2026-10-03 01:24 lkm\n-rw-r--r-- 1 root root  2656 2026-10-03 01:24 metainstall.sh\n-rw-r--r-- 1 root root 15133 2026-10-03 01:24 metamount.sh\n-rw-r--r-- 1 root root   247 2026-10-03 01:24 module.prop\n-rw-rw-rw- 1 root root     0 2026-10-03 01:31 mount_diff\n-rw-r--r-- 1 root root  2089 2026-10-03 01:24 service.sh\n-rw-r--r-- 1 root root   529 2026-10-03 01:24 uninstall.sh\ndrwxr-xr-x 4 root root  4096 2026-10-03 01:24 webroot\ndrwxr-xr-x 2 root root  4096 2026-10-03 01:24 whiteout\n-rwxr-xr-x 1 root root  2946 2026-10-03 01:24 whiteout_gen.sh\n== /data/adb/modules/mountify/lkm/list.txt\n125bb85c9ad2c1b3d3700684667ac651b5c08925159106f9ac1dd6cf3b525369  nuke-android12-5.10.ko\n7294872340c537d349c3935e5b374a65cddfb6f66e2561e9c7d9f3a3d128b871  nuke-android13-5.10.ko\n7e61addb283ca1ebe47c2587e9192f85f15a00dbea73efb664c98ea52cd92cd2  nuke-android13-5.15.ko\n63fedf354bf413e265e2426754806bb35077021f7af95ef395700cb20d300633  nuke-android14-5.15.ko\nc9ac358ea3cb3fa87aefd077a93a60a9cf6ab657a7076c975ee3cdbb502ded4f  nuke-android14-6.1.ko\n924e9436eb91e7dee0ebdcb69e9a7f9b130639a0380d15d7e040e708e001e551  nuke-android15-6.6.ko\ndfe6e27bd2216c1fbe0c29f234e8efaec566798ce6d2e6546ade725614fb54a0  nuke-android16-6.12.ko\nd224286e7a8dc76f012a2de41c95a607028b7e7a32e56c7d696422106b889f0e  nuke-android-4.14.ko\n== /data/adb/mountify/modules.txt\nAdreno_Gpu_Driver\nweebu-addon\nDisplayFeatures\nfake_service\nmountify_whiteouts\n\n== /data/adb/mountify/whiteouts.txt\n/system/vendor/bin/install-recovery.sh\n/system/vendor/bin/msm_irqbalance\n/system/bin/install-recovery.sh\n/system/system_ext/app/MatLog\n/system/system_ext/priv-app/AudioFX\n/system/product/app/PowerOffAlarm\n/system/product/app/Twelve\n/system/etc/nikgapps_logs_archive\n/system/etc/nikgapps_logs\n/system/bin/servicemanager\n/system/odm/etc/NOTICE.xml.gz\n\n== /data/adb/ksu/log/logcat.log\n10-03 01:32:13.912 14604 14655 I BugleRcsEngine: stopAllRcsTransportsExcept: ignoring stopping the RcsEngine. RcsEngine is still running [CONTEXT log_prefix=\"RcsEngineProxyImpl:[73d40ae9-821f]\" thread_id=39 ]\n10-03 01:32:13.912 14770 14956 I RcsClientLib: Disconnecting RcsEngineLifecycleServiceV2\n10-03 01:32:13.917 14770 15239 I WM-WorkerWrapper: Worker result SUCCESS for Work [ id=058f104e-5bba-47f4-8c40-a36bf8477870, tags={ com.google.android.apps.messaging.shared.datamodel.workqueue.WorkQueueWorkerShim,data_upgrade- } ]\n10-03 01:32:13.948 13778 14179 D ShortcutService: Getting shortcuts for launcher= com.google.android.asuser=0 pkg=com.google.android.gms\n10-03 01:32:14.144 13778 13871 D ActivityManager: freezing 15658 com.android.chrome\n10-03 01:32:14.144 13778 13871 I am_freeze: [15658,com.android.chrome]\n10-03 01:32:14.145 13778 13927 D InetDiagMessage: Destroyed 0 sockets, proto=IPPROTO_TCP, family=AF_INET, states=14\n10-03 01:32:14.146 13778 13927 D InetDiagMessage: Destroyed 0 sockets, proto=IPPROTO_TCP, family=AF_INET6, states=14\n10-03 01:32:14.146 13778 13927 D InetDiagMessage: Destroyed live tcp sockets for uids={10146} in 2ms\n10-03 01:32:14.161 13778 13871 I am_compact: [15658,com.android.chrome,ANON,136136,81140,53924,0,-12800,-6784,-6016,6016,17,SOME,0,905,19,3584,-1556]\n10-03 01:32:14.605 14230 14652 I NearbyConnections: Client 0p:com.google.android.gms.nearby.sharing disconnecting\n10-03 01:32:14.605 14230 14652 I Nearby  : Successfully shutdown executor ClientBridge.alarmExecutor. [CONTEXT service_id=49 ]\n10-03 01:32:14.606 14230 14699 I NearbyConnections: Because they unbound from our service, all state for client 193436660 will now be cleaned up.\n10-03 01:32:14.607 14707 14707 D BoundBrokerSvc: onUnbind: Intent { act=com.google.android.mobstore.service.START pkg=com.google.android.gms }\n10-03 01:32:14.607 14230 14699 I Nearby  : Successfully shutdown executor AnalyticsRecorder.analyticsExecutor. [CONTEXT service_id=49 ]\n10-03 01:32:14.608 14230 14699 I Nearby  : Successfully shutdown executor AnalyticsRecorder.analyticsExecutor. [CONTEXT service_id=49 ]\n10-03 01:32:14.608 14230 14699 I Nearby  : Successfully shutdown executor AnalyticsRecorder.analyticsExecutor. [CONTEXT service_id=49 ]\n10-03 01:32:14.608 14230 14699 I Nearby  : Successfully shutdown executor PayloadManager.streamPayloadExecutor. [CONTEXT service_id=49 ]\n10-03 01:32:14.608 14230 14699 I Nearby  : Successfully shutdown executor PayloadManager.filePayloadExecutor. [CONTEXT service_id=49 ]\n10-03 01:32:14.608 14230 14699 I Nearby  : Successfully shutdown executor PayloadManager.bytesPayloadExecutor. [CONTEXT service_id=49 ]\n10-03 01:32:14.608 14230 14699 I Nearby  : Successfully shutdown executor ClientProxy.endpointRotationAlarmExecutor. [CONTEXT service_id=49 ]\n10-03 01:32:14.609 14230 14699 I Nearby  : Successfully shutdown executor AnalyticsRecorder.analyticsExecutor. [CONTEXT service_id=49 ]\n10-03 01:32:15.027   189 14041 I keystore2: system/security/keystore2/watchdog/src/lib.rs:319 - Watchdog thread idle -> terminating. Have a great day.\n10-03 01:32:15.149 13778 14179 W ActivityManager: Unable to start service Intent { act=grpc.io.action.BIND cmp=com.google.android.googlequicksearchbox/com.google.android.apps.search.googleapp.search.suggest.plugins.onesearch.server.OneSearchSuggestService } U=0: not found\n10-03 01:32:15.149 13778 14179 W ActivityManager: Unbind failed: could not find connection for android.os.BinderProxy@a4a460d\n== /data/adb/ksu/log/dmesg.log\n<36>[  508.447579] type=1400 audit(1790991122.744:534): avc:  denied  { read } for  comm=\"binder:14933_3\" name=\"u:object_r:adbd_prop:s0\" dev=\"tmpfs\" ino=63 scontext=u:r:gmscore_app:s0:c512,c768 tcontext=u:object_r:adbd_prop:s0 tclass=file permissive=0 app=com.google.android.gms\n<6>[  508.456779] KernelSU: handle_setresuid from 0 to 10196\n<6>[  508.457707] KernelSU: handle umount for uid: 10196, pid: 15538\n<6>[  508.563421] KernelSU: handle_setresuid from 0 to 10100\n<6>[  508.564340] KernelSU: handle umount for uid: 10100, pid: 15554\n<6>[  508.636231] KernelSU: handle_setresuid from 0 to 10131\n<6>[  508.637240] KernelSU: handle umount for uid: 10131, pid: 15570\n<6>[  508.737370] KernelSU: handle_setresuid from 0 to 10140\n<6>[  508.738219] KernelSU: handle umount for uid: 10140, pid: 15589\n<6>[  509.231237] KernelSU: handle_setresuid from 0 to 10146\n<6>[  509.232070] KernelSU: handle umount for uid: 10146, pid: 15658\n<11>[  509.323423] SELinux: avc:  denied  { find } for pid=14127 uid=1000 name=vendor.google.wireless_charger.IWirelessCharger/default scontext=u:r:system_app:s0 tcontext=u:object_r:default_android_service:s0 tclass=service_manager permissive=0\n<14>[  509.353048] servicemanager: Caller(pid=189,uid=1017,sid=u:r:keystore:s0) Found android.hardware.security.keymint.IRemotelyProvisionedComponent/default in device VINTF manifest.\n<6>[  509.362784] binder_alloc: 14230: binder_alloc_buf size 1056768 failed, no address space\n<6>[  509.364308] binder_alloc: allocated: 568 (num: 1 largest: 568), free: 1039816 (num: 2 largest: 1039216)\n<4>[  509.366072] binder_debug: 57 callbacks suppressed\n<6>[  509.366075] binder: cannot allocate buffer: no space left\n<14>[  509.367291] servicemanager: Caller(pid=15189,uid=10192,sid=u:r:rkpdapp:s0:c192,c256,c512,c768) Found android.hardware.security.keymint.IRemotelyProvisionedComponent/default in device VINTF manifest.\n<6>[  509.369538] binder: 14707:15317 transaction call to 14230:0 failed 729726/29201/-28, size 1056768-0 line 3544\n<14>[  509.378219] servicemanager: Caller(pid=189,uid=1017,sid=u:r:keystore:s0) Found android.hardware.security.keymint.IRemotelyProvisionedComponent/default in device VINTF manifest.\n<36>[  509.545969] type=1400 audit(1790991123.864:535): avc:  denied  { read } for  comm=\"binder:14933_3\" name=\"u:object_r:system_adbd_prop:s0\" dev=\"tmpfs\" ino=318 scontext=u:r:gmscore_app:s0:c512,c768 tcontext=u:object_r:system_adbd_prop:s0 tclass=file permissive=0 app=com.google.android.gms\n<36>[  509.552787] type=1400 audit(1790991123.864:536): avc:  denied  { read } for  comm=\"binder:14933_3\" name=\"u:object_r:adbd_prop:s0\" dev=\"tmpfs\" ino=63 scontext=u:r:gmscore_app:s0:c512,c768 tcontext=u:object_r:adbd_prop:s0 tclass=file permissive=0 app=com.google.android.gms\n<6>[  510.352975] KernelSU: handle_setresuid from 0 to 10143\n<6>[  510.353930] KernelSU: handle umount for uid: 10143, pid: 15760\n<6>[  510.355167] KernelSU: handle_setresu== /data/adb/ksu/log/logcat.old.log\n10-03 01:25:56.328  9509 10054 I Nearby  : Successfully shutdown executor AnalyticsRecorder.analyticsExecutor. [CONTEXT service_id=49 ]\n10-03 01:25:56.328  9509 10054 I Nearby  : Successfully shutdown executor AnalyticsRecorder.analyticsExecutor. [CONTEXT service_id=49 ]\n10-03 01:25:56.328  9509 10054 I Nearby  : Successfully shutdown executor PayloadManager.streamPayloadExecutor. [CONTEXT service_id=49 ]\n10-03 01:25:56.328  9509 10054 I Nearby  : Successfully shutdown executor PayloadManager.filePayloadExecutor. [CONTEXT service_id=49 ]\n10-03 01:25:56.328  9509 10054 I Nearby  : Successfully shutdown executor PayloadManager.bytesPayloadExecutor. [CONTEXT service_id=49 ]\n10-03 01:25:56.328  9509 10054 I Nearby  : Successfully shutdown executor ClientProxy.endpointRotationAlarmExecutor. [CONTEXT service_id=49 ]\n10-03 01:25:56.329  9509 10054 I Nearby  : Successfully shutdown executor AnalyticsRecorder.analyticsExecutor. [CONTEXT service_id=49 ]\n10-03 01:25:56.519  9913 10367 E MDD     : DownloadProgressMonitor: Can't find file group for uri: android://com.google.android.apps.messaging/files/datadownload/shared/public/datadownloadfile_1790990676006\n10-03 01:25:56.519  9913 10360 E MDD     : DownloadProgressMonitor: Can't find file group for uri: android://com.google.android.apps.messaging/files/datadownload/shared/public/datadownloadfile_1790990676007\n10-03 01:25:56.523  9913 10544 D dasx    : Starting download: https://fonts.gstatic.com/s/e/notoemoji/16.0/1f40e/lottie.json\n10-03 01:25:56.523  9913 10544 V dasx    : Is http uri, downloading (uri: https://fonts.gstatic.com/s/e/notoemoji/16.0/1f40e/lottie.json)\n10-03 01:25:56.523  9913 10293 D dasx    : Starting download: https://fonts.gstatic.com/s/e/notoemoji/16.0/1facf/lottie.json\n10-03 01:25:56.523  9913 10293 V dasx    : Is http uri, downloading (uri: https://fonts.gstatic.com/s/e/notoemoji/16.0/1facf/lottie.json)\n10-03 01:25:56.546  9913 10293 E MDD     : DownloadProgressMonitor: Can't find file group for uri: android://com.google.android.apps.messaging/files/datadownload/shared/public/datadownloadfile_1790990676009\n10-03 01:25:56.546  9913 10544 E MDD     : DownloadProgressMonitor: Can't find file group for uri: android://com.google.android.apps.messaging/files/datadownload/shared/public/datadownloadfile_1790990676008\n10-03 01:25:56.550  9913 10367 D dasx    : Starting download: https://fonts.gstatic.com/s/e/notoemoji/16.0/1f402/lottie.json\n10-03 01:25:56.550  9913 10367 V dasx    : Is http uri, downloading (uri: https://fonts.gstatic.com/s/e/notoemoji/16.0/1f402/lottie.json)\n10-03 01:25:56.550  9913 10360 D dasx    : Starting download: https://fonts.gstatic.com/s/e/notoemoji/16.0/1f410/lottie.json\n10-03 01:25:56.550  9913 10360 V dasx    : Is http uri, downloading (uri: https://fonts.gstatic.com/s/e/notoemoji/16.0/1f410/lottie.json)\n10-03 01:25:56.575  9913 10360 E MDD     : DownloadProgressMonitor: Can't find file group for uri: android://com.google.android.apps.messaging/files/datadownload/shared/public/datadownloadfile_1790990676011\n10-03 01:25:56.578  9913 10367 E MDD     : DownloadProgressMonitor: Can't find file group for uri: android://com.google.android.apps.messaging/files/datadownload/shared/public/datadownloadfile_1790990676010\n10-03 01:25:56.581  9913 10544 D dasx    : Starting download: https://fonts.gstatic.com/s/e/notoemoji/16.0/1f998/lottie.json\n10-03 01:25:56.581  9913 10544 V dasx    : Is http uri, downloading (uri: https://fonts.gstatic.com/s/e/notoemoji/16.0/1f998/lottie.json)\n10-03 01:25:56.583  9913 10367 D dasx    : Starting download: https://fonts.gstatic.com/s/e/notoemoji/16.0/1f405/lottie.json\n10-03 01:25:56.583  9913 10367 V dasx    : Is http uri, downloading (uri: https://fonts.gstatic.com/s/e/notoemoji/16.0/1f405/lottie.json)\n== /data/adb/ksu/log/dmesg.old.log\n<14>[  130.460091] init: Sending signal 9 to service 'vendor.drm-clearkey-service' (pid 10729) process group...\n<14>[  130.461443] BpBinder: onLastStrongRef automatically unlinking death recipients: \n<14>[  130.462280] libprocessgroup: Removed cgroup /sys/fs/cgroup/uid_1013/pid_10729\n<14>[  130.467125] AidlLazyServiceRegistrar: Unregistered all clients and exiting\n<14>[  130.473383] init: Service 'apexd' (pid 9746) exited with status 0 oneshot service took 6.168000 seconds in background\n<14>[  130.475049] init: Sending signal 9 to service 'apexd' (pid 9746) process group...\n<14>[  130.476397] libprocessgroup: Removed cgroup /sys/fs/cgroup/uid_0/pid_9746\n<6>[  130.643426] KernelSU: handle_setresuid from 0 to 10197\n<6>[  130.644705] KernelSU: handle umount for uid: 10197, pid: 10855\n<6>[  130.801384] KernelSU: handle_setresuid from 0 to 10190\n<6>[  130.802848] KernelSU: handle umount for uid: 10190, pid: 10871\n<6>[  130.980024] KernelSU: handle_setresuid from 0 to 10196\n<6>[  130.980962] KernelSU: handle umount for uid: 10196, pid: 10885\n<6>[  131.057885] KernelSU: handle_setresuid from 0 to 10100\n<6>[  131.058693] KernelSU: handle umount for uid: 10100, pid: 10896\n<6>[  131.271297] KernelSU: handle_setresuid from 0 to 10131\n<6>[  131.272153] KernelSU: handle umount for uid: 10131, pid: 10911\n<6>[  131.420349] KernelSU: handle_setresuid from 0 to 10140\n<6>[  131.421173] KernelSU: handle umount for uid: 10140, pid: 10943\n<14>[  131.821242] servicemanager: Caller(pid=189,uid=1017,sid=u:r:keystore:s0) Found android.hardware.security.keymint.IRemotelyProvisionedComponent/default in device VINTF manifest.\n<14>[  131.843676] servicemanager: Caller(pid=10507,uid=10192,sid=u:r:rkpdapp:s0:c192,c256,c512,c768) Found android.hardware.security.keymint.IRemotelyProvisionedComponent/default in device VINTF manifest.\n<14>[  131.859487] servicemanager: Caller(pid=189,uid=1017,sid=u:r:keystore:s0) Found android.hardware.security.keymint.IRemotelyProvisionedComponent/default in device VINTF manifest.\n<11>[  131.876537] SELinux: avc:  denied  { find } for pid=9410 uid=1000 name=vendor.google.wireless_charger.IWirelessCharger/default scontext=u:r:system_app:s0 tcontext=u:object_r:default_android_service:s0 tclass=service_manager permissive=0\n<36>[  132.008403] type=1400 audit(1790990746.328:76): avc:  denied  { read } for  comm=\"binder:10241_4\" name=\"u:object_r:system_adbd_prop:s0\" dev=\"tmpfs\" ino=318 scontext=u:r:gmscore_app:s0:c512,c768 tcontext=u:object_r:system_adbd_prop:s0 tclass=file permissive=0 app=com.google.android.gms\n<36>[  132.022925] type=1400 audit(1790990746.328:77): avc:  denied  { retotal 80\ndrwxr-xr-x 7 root root 4096 2026-10-03 01:28 .\ndrwxrwxrwx 8 root root 4096 2026-10-03 01:25 ..\ndrwxr-xr-x 4 root root 4096 2026-10-03 01:25 bin\ndrwxr-xr-x 5 root root 4096 2026-10-03 01:28 flutter_webui\n-rw-r--r-- 1 root root  193 2026-10-03 01:25 module.prop\ndrwx------ 2 root root 4096 2026-10-03 01:31 run\n-rw-r--r-- 1 root root  290 2026-10-03 01:25 service.sh\n-rw-r--r-- 1 root root  317 2026-10-03 01:25 uninstall.sh\ndrwxr-xr-x 8 root root 4096 2026-10-03 01:25 webroot\n-- dmesg:\n[  491.060797] mountify/metamount: start!\n[  491.072137] mountify/metamount: stage1: mounting /mnt/vendor\n[  491.075628] mountify/metamount: stage2/tmpfs: mounting /mnt/vendor/mountify\n[  491.079826] mountify/metamount: module with name * not meant to be mounted\n[  491.103903] mountify/metamount: stage2: unmounting /mnt/vendor/mountify\n[  491.109068] mountify/metamount: stage1: unmounting /mnt/vendor\n[  491.112979] mountify/metamount: finished!\n[  492.383986] apexd: No block apex metadata partition found, not adding block apexes\n[  502.898343] apexd: No block apex metadata partition found, not adding block apexes\n[  503.090079] mountify/boot-completed: lifting single instance lock"}
{"check":"module-config","result":"manage module configuration\n\nUsage: ksud module config [OPTIONS] <COMMAND>\n\nCommands:\n  get     Get a config value\n  set     Set a config value\n  list    List all config entries\n  delete  Delete a config entry\n  clear   Clear all config entries\n  help    Print this message or the help of the given subcommand(s)\n\n-- files:\ntotal 32\ndrwxr-xr-x 2 root root 4096 2026-10-03 01:32 .\ndrwxr-xr-x 3 root root 4096 2026-10-03 01:25 ..\n-rw-r--r-- 1 root root   36 2026-10-03 01:25 persist.config\n-rw-rw-rw- 1 root root  284 2026-10-03 01:32 tmp.config\n== /data/adb/ksu/module_configs/demo/persist.config\nMUSK\u0001\u0000\u0000\u0000\u0001\u0000\u0000\u0000\u000f\u0000\u0000\u0000webui.installed\u0001\u0000\u0000\u00001\n== /data/adb/ksu/module_configs/demo/tmp.config\nMUSK\u0001\u0000\u0000\u0000\u0002\u0000\u0000\u0000\n\u0000\u0000\u0000webui.boot$\u0000\u0000\u00005aba81ec-fa09-46a6-9cbc-ba368951fd73\u0000\u0000\u0000webui.session\udcc5\u0000\u0000\u0000{\"protocol\":1,\"version\":\"0.2.2\",\"port\":38365,\"token\":\"zQ8xiNStSrOmui9CfsLo1B5kPzGSmpQrBeTZ1N3JtrA\",\"pid\":16090,\"boot\":\"5aba81ec-fa09-46a6-9cbc-ba368951fd73\",\"started\":\"2026-10-03T01:32:24.877020Z\"}\n-- ksud get:\n1\nwebui.session={\"protocol\":1,\"version\":\"0.2.2\",\"port\":38365,\"token\":\"zQ8xiNStSrOmui9CfsLo1B5kPzGSmpQrBeTZ1N3JtrA\",\"pid\":16090,\"boot\":\"5aba81ec-fa09-46a6-9cbc-ba368951fd73\",\"started\":\"2026-10-03T01:32:24.877020Z\"}\nwebui.boot=5aba81ec-fa09-46a6-9cbc-ba368951fd73\nwebui.installed=1"}
{"check":"module-dirs","result":"/data/adb/demo:\ntotal 24\ndrwx------ 3 root root 4096 2026-10-03 01:31 .\ndrwx------ 7 root root 4096 2026-10-03 01:28 ..\ndrwx------ 2 root root 4096 2026-10-03 01:32 tmp\n\n/data/adb/demo/tmp:\ntotal 16\ndrwx------ 2 root root 4096 2026-10-03 01:32 .\ndrwx------ 3 root root 4096 2026-10-03 01:31 .."}
{"check":"open","result":"opened: intent"}
{"check":"tap-places","result":{"url":"https://mui.kernelsu.org/index.html","socket":"webview_devtools_remote_16514","value":"tapped Places at 16,572 size 288x56 role button tappable"}}
{"check":"tap-plugins","result":{"url":"https://mui.kernelsu.org/index.html","socket":"webview_devtools_remote_16514","value":"tapped Plugins at 267,536 size 53x80 role tab tappable"}}
{"check":"fgs-open","result":"* ServiceRecord{1bbd9c7 u0 com.webui.api.demo/com.termux.api.RootHelperService c:com.android.shell}\n    isForeground=true foregroundId=32363 types=0x40000000 foregroundNoti=Notification(channel=root_helper shortcut=null contentView=null vibrate=null sound=null defaults=0 flags=ONGOING_EVENT|FOREGROUND_SERVICE color=0x00000000 vis=PRIVATE)\n-- notification:\n-- procs:\nu0_a210      15993 com.webui.api.demo\nroot         16090 dartaotruntime\nroot         16706 dartaotruntime"}
{"check":"plugins","result":The app calls share_plus, permission_handler, the clipboard, flutter_local_notifications and file_selector as on any platform. Running in a WebUI host, so their *_webui packages answer.
share_plus
On WebUI: share_plus_webui: Android's share sheet, opened by the module's own app
Share text
permission_handler
On WebUI: permission_handler_webui: Android's own permission dialog, for the module's own app
Camera: denied
flutter_local_notifications
On WebUI: flutter_local_notifications_webui: an Android notification from the module's own app, after permission_handler asks for it}
{"check":"tap-share","result":{"url":"https://mui.kernelsu.org/index.html","socket":"webview_devtools_remote_16514","value":"tapped Share text at 24,278 size 112x48 role button tappable"}}
{"check":"share-top","result":"com.android.intentresolver/.ChooserActivityLauncher"}
{"check":"app-process","result":"u0_a210      10210 u:r:untrusted_app_27:s0:c210,c256,c512,c768 15993 com.webui.api.demo"}
{"check":"app-mounts","result":"pid 15993\n135"}
{"check":"share-log","result":"10-03 01:33:18.444 16817 16817 I ResolverListAdapter: Add DisplayResolveInfo component: ComponentInfo{com.google.android.apps.docs/com.google.android.apps.docs.common.shareitem.UploadMenuActivity}, intent component: ComponentInfo{com.google.android.apps.docs/com.google.android.apps.docs.common.shareitem.UploadMenuActivity}\n10-03 01:33:18.444 16817 16817 I ResolverListAdapter: Add DisplayResolveInfo component: ComponentInfo{com.google.android.apps.messaging/com.google.android.apps.messaging.ui.conversationlist.ShareIntentActivity}, intent component: ComponentInfo{com.google.android.apps.messaging/com.google.android.apps.messaging.ui.conversationlist.ShareIntentActivity}\n10-03 01:33:18.445 13778 14663 D CoreBackPreview: Window{88f3ed1 u0 com.android.intentresolver/com.android.intentresolver.ChooserActivityLauncher}: Setting back callback OnBackInvokedCallbackInfo{mCallback=android.window.IOnBackInvokedCallback$Stub$Proxy@4a89437, mPriority=0, mIsAnimationCallback=false}\n10-03 01:33:18.772 16817 16817 D ChooserActivity: onListRebuilt(listAdapter.userHandle=UserHandle{0}, rebuildComplete=true)\n10-03 01:33:18.773 16817 16817 D ChooserActivity: app target loading time 385 ms\n10-03 01:33:18.783 13778 13798 I ActivityTaskManager: Displayed com.android.intentresolver/.ChooserActivityLauncher for user 0: +576ms\n10-03 01:33:18.783 13778 13798 V WindowManager: Sent Transition (#7) createdAt=10-03 01:33:18.201 via request=TransitionRequestInfo { type = OPEN, triggerTask = TaskInfo{userId=0 taskId=19 displayId=0 isRunning=true baseIntent=Intent { act=android.intent.action.CHOOSER flg=0x10800000 cmp=com.android.intentresolver/.ChooserActivityLauncher } baseActivity=ComponentInfo{com.android.intentresolver/com.android.intentresolver.ChooserActivity} topActivity=ComponentInfo{com.android.intentresolver/com.android.intentresolver.ChooserActivity} origActivity=ComponentInfo{com.android.intentresolver/com.android.intentresolver.ChooserActivityLauncher} realActivity=ComponentInfo{com.android.intentresolver/com.android.intentresolver.ChooserActivity} numActivities=1 lastActiveTime=583730 supportsMultiWindow=true resizeMode=1 isResizeable=true minWidth=-1 minHeight=-1 defaultMinSize=220 token=WCT{RemoteToken{c6fd32f Task{9a14105 #19 type=standard A=10107:com.android.intentresolver}}} topActivityType=1 pictureInPictureParams=null shouldDockBigOverlays=false launchIntoPipHostTaskId=-1 lastParentTaskIdBeforePip=-1 displayCutoutSafeInsets=null topActivityInfo=ActivityInfo{34f6d3c com.android.intentresolver.ChooserActivityLauncher} launchCookies=[] positionInParent=Point(0, 0) parentTaskId=-1 isFocused=false isVisible=false isVisibleRequested=false isSleeping=false locusId=null displayAreaFeatureId=1 isTopActivityTransparent=true appCompatTaskInfo=AppCompatTaskInfo { topActivityInSizeCompat=false topActivityEligibleForLetterboxEducation= falseisLetterboxEducationEnabled= true isLetterboxDoubleTapEnabled= false topActivityEligibleForUserAspectRatioButton= false topActivityBoundsLetterboxed= false isFromLetterboxDoubleTap= false topActivityLetterboxVerticalPosition= -1 topActivityLetterboxHorizontalPosition= -1 topActivityLetterboxWidth=320 topActivityLetterboxHeight=640 isUserFullscreenOverrideEnabled=false isSystemFullscreenOverrideEnabled=false cameraCompatTaskInfo=CameraCompatTaskInfo { cameraCompatControlState=hidden freeformCameraCompatMode=inactive}}}, pipTask = null, remoteTransition = null, displayChange = null, flags = 0, debugId = 7 }\n10-03 01:33:18.794 16817 16817 D ChooserActivity: onShortcutsLoaded for user: UserHandle{0}\n10-03 01:33:18.795 16817 16817 D ChooserActivity: stat to first shortcut time: 369 ms\n10-03 01:33:18.795 16817 16817 D ChooserActivity: onAppTargetsLoaded(listAdapter.userHandle=UserHandle{0})\n10-03 01:33:26.379 16866 16866 W app_process: ClassLoaderContext shared library size mismatch. Expected=2, found=0 (PCL[]{PCL[/system/framework/android.test.base.jar*724373495]#PCL[/system/framework/android.test.mock.jar*1452759902]} | PCL[])\n10-03 01:33:27.425 16866 16866 I AccessibilityNodeInfoDumper: Skipping invisible child: android.view.accessibility.AccessibilityNodeInfo@ce61; boundsInParent: Rect(0, 0 - 0, 0); boundsInScreen: Rect(160, 366 - 160, 366); boundsInWindow: Rect(160, 366 - 160, 366); packageName: com.android.intentresolver; className: androidx.recyclerview.widget.RecyclerView; text: null; error: null; maxTextLength: -1; stateDescription: null; contentDescription: null; tooltipText: null; containerTitle: null; viewIdResName: android:id/chooser_action_row; uniqueId: null; checkable: false; checked: false; focusable: true; focused: false; selected: false; clickable: false; longClickable: false; contextClickable: false; enabled: true; password: false; scrollable: false; granularScrollingSupported: false; importantForAccessibility: true; visible: false; actions: [AccessibilityAction: ACTION_FOCUS - null, AccessibilityAction: ACTION_SELECT - null, AccessibilityAction: ACTION_CLEAR_SELECTION - null, AccessibilityAction: ACTION_ACCESSIBILITY_FOCUS - null, AccessibilityAction: ACTION_SHOW_ON_SCREEN - null]; isTextSelectable: false"}
{"check":"share-result","result":share_plus
On WebUI: share_plus_webui: Android's share sheet, opened by the module's own app
Share result: unavailable}
{"check":"cam-deny-1-tap","result":{"url":"https://mui.kernelsu.org/index.html","socket":"webview_devtools_remote_16514","value":"tapped Request camera at 24,490 size 150x46 role button tappable"}}
{"check":"cam-deny-1-top","result":"com.google.android.permissioncontroller/com.android.permissioncontroller.permission.ui.GrantPermissionsActivity"}
{"check":"cam-deny-1-dialog","result":"Allow Demo to take pictures and record video? | While using the app | Only this time | Don\u2019t allow\nAllow Demo to take pictures and record video? | While using the app | Only this time | Don\u2019t allow\nWhile using the app\nOnly this time\nDon\u2019t allow"}
{"check":"cam-deny-1-press","result":"ui: tapped 'Don' at 160,453"}
{"check":"cam-deny-1-status","result":permission_handler
On WebUI: permission_handler_webui: Android's own permission dialog, for the module's own app
Camera: denied}
{"check":"cam-deny-1-perm","result":"android.permission.CAMERA\n      android.permission.SET_WALLPAPER\n--\n        android.permission.CAMERA: granted=false, flags=[ USER_SET|USER_SENSITIVE_WHEN_GRANTED|USER_SENSITIVE_WHEN_DENIED]"}
{"check":"cam-deny-2-tap","result":{"url":"https://mui.kernelsu.org/index.html","socket":"webview_devtools_remote_16514","value":"tapped Request camera at 24,490 size 150x46 role button tappable"}}
{"check":"cam-deny-2-top","result":"com.google.android.permissioncontroller/com.android.permissioncontroller.permission.ui.GrantPermissionsActivity"}
{"check":"cam-deny-2-dialog","result":"Allow Demo to take pictures and record video? | While using the app | Only this time | Don\u2019t allow\nAllow Demo to take pictures and record video? | While using the app | Only this time | Don\u2019t allow\nWhile using the app\nOnly this time\nDon\u2019t allow"}
{"check":"cam-deny-2-press","result":"ui: tapped 'Don' at 160,453"}
{"check":"cam-deny-2-status","result":permission_handler
On WebUI: permission_handler_webui: Android's own permission dialog, for the module's own app
Camera: permanentlyDenied}
{"check":"cam-deny-2-perm","result":"android.permission.CAMERA\n      android.permission.SET_WALLPAPER\n--\n        android.permission.CAMERA: granted=false, flags=[ USER_SET|USER_FIXED|USER_SENSITIVE_WHEN_GRANTED|USER_SENSITIVE_WHEN_DENIED]"}
{"check":"cam-after-deny-tap","result":{"url":"https://mui.kernelsu.org/index.html","socket":"webview_devtools_remote_16514","value":"tapped Request camera at 24,490 size 150x46 role button tappable"}}
{"check":"cam-after-deny-top","result":"com.rifsxd.ksunext/.ui.webui.WebUIActivity"}
{"check":"cam-after-deny-dialog","result":"Back Back\nShare text\nRequest camera\nCopy text\nPaste\nPlaces\nStrategy\nRust\nLifecycle\nShell\nPlugins"}
{"check":"cam-after-deny-status","result":permission_handler
On WebUI: permission_handler_webui: Android's own permission dialog, for the module's own app
Camera: permanentlyDenied}
{"check":"cam-after-deny-perm","result":"android.permission.CAMERA\n      android.permission.SET_WALLPAPER\n--\n        android.permission.CAMERA: granted=false, flags=[ USER_SET|USER_FIXED|USER_SENSITIVE_WHEN_GRANTED|USER_SENSITIVE_WHEN_DENIED]"}
{"check":"cam-grant-tap","result":{"url":"https://mui.kernelsu.org/index.html","socket":"webview_devtools_remote_16514","value":"tapped Request camera at 24,490 size 150x46 role button tappable"}}
{"check":"cam-grant-top","result":"com.google.android.permissioncontroller/com.android.permissioncontroller.permission.ui.GrantPermissionsActivity"}
{"check":"cam-grant-dialog","result":"Allow Demo to take pictures and record video? | While using the app | Only this time | Don\u2019t allow\nAllow Demo to take pictures and record video? | While using the app | Only this time | Don\u2019t allow\nWhile using the app\nOnly this time\nDon\u2019t allow"}
{"check":"cam-grant-press","result":"ui: tapped 'While using the app' at 160,333"}
{"check":"cam-grant-status","result":permission_handler
On WebUI: permission_handler_webui: Android's own permission dialog, for the module's own app
Camera: granted}
{"check":"cam-grant-perm","result":"android.permission.CAMERA\n      android.permission.SET_WALLPAPER\n--\n        android.permission.CAMERA: granted=true, flags=[ USER_SET|USER_SENSITIVE_WHEN_GRANTED|USER_SENSITIVE_WHEN_DENIED]"}
{"check":"clipboard","result":"no Paste button on page 6"}
{"check":"pick-tap","result":{"url":"https://mui.kernelsu.org/index.html","socket":"webview_devtools_remote_16514","value":"tapped Pick a file at 24,222 size 109x48 role button tappable"}}
{"check":"pick-top","result":"com.google.android.documentsui/com.android.documentsui.picker.PickActivity"}
{"check":"picked","result":file_selector
On WebUI: file_selector_webui: the WebView's file chooser
Picked: /data/adb/demo/tmp/open-hmuq1ijebc-0/lab-pick.txt
Pick a file}
{"check":"pick-files","result":"/data/adb/demo/tmp:\ntotal 24\ndrwx------ 3 root root u:object_r:adb_data_file:s0  4096 2026-10-03 01:35 .\ndrwx------ 3 root root u:object_r:adb_data_file:s0  4096 2026-10-03 01:33 ..\ndrwx------ 2 root root u:object_r:adb_data_file:s0  4096 2026-10-03 01:35 open-hmuq1ijebc-0\n\n/data/adb/demo/tmp/open-hmuq1ijebc-0:\ntotal 24\ndrwx------ 2 root root u:object_r:adb_data_file:s0  4096 2026-10-03 01:35 .\ndrwx------ 3 root root u:object_r:adb_data_file:s0  4096 2026-10-03 01:35 ..\n-rw------- 1 root root u:object_r:adb_data_file:s0     9 2026-10-03 01:35 lab-pick.txt"}
{"check":"app-settings","result":"Archive\nUninstall\nForce stop\nNotifications | Off\nPermissions | Camera\nStorage & cache | 7.20 MB used in internal storage\nNavigate up\nOpen"}
{"check":"fgs-home","result":"* ServiceRecord{1bbd9c7 u0 com.webui.api.demo/com.termux.api.RootHelperService c:com.android.shell}\n    isForeground=true foregroundId=32363 types=0x40000000 foregroundNoti=Notification(channel=root_helper shortcut=null contentView=null vibrate=null sound=null defaults=0 flags=ONGOING_EVENT|FOREGROUND_SERVICE color=0x00000000 vis=PRIVATE)\n-- notification:\n-- procs:\nu0_a210      15993 com.webui.api.demo\nroot         16090 dartaotruntime\nroot         16706 dartaotruntime"}
{"check":"fgs-closed","result":"-- notification:\n-- procs:\nu0_a210      15993 com.webui.api.demo"}
{"check":"after-reboot","result":"package:/data/app/~~j2zc7LCfkEowwX3sFXlTkQ==/com.webui.api.demo-VugF9nrrTyhmhM9zJ-25cg==/base.apk\n    codePath=/data/app/~~j2zc7LCfkEowwX3sFXlTkQ==/com.webui.api.demo-VugF9nrrTyhmhM9zJ-25cg==\n    versionCode=1011 minSdk=24 targetSdk=28\n-- service.sh log:"}
{"check":"uninstall","result":""}
{"check":"after-uninstall","result":"ls: /data/adb/modules/demo: No such file or directory\nls: /data/adb/demo: No such file or directory\nls: /data/adb/ksu/module_configs/demo: No such file or directory\nls: /product/app/WebuiApi_demo: No such file or directory"}
