yes: standard output: Broken pipe
Auto-selecting single ABI x86_64
Do you wish to create a custom hardware profile? [no] lab.avd
lab.ini
emulator Android emulator version 37.2.12.0 (build_id 16428233) (CL:N/A)
* daemon not running; starting now at tcp:5037
* daemon started successfully
booted in 26s: google/sdk_gphone64_x86_64/emu64xa:15/AE3A.240806.043/12960925:userdebug/dev-keys
kernel 6.6.50-android15-8-g8adecb593e9b-ab12525588 -> kmi android15-6.6; tiann/KernelSU v3.3.0
total 16428
drwx------  2 runner runner     4096 Oct  5 09:19 .
drwxrwxrwt 16 root   root       4096 Oct  5 09:19 ..
-rw-r--r--  1 runner runner 10777987 Oct  5 09:19 KernelSU_v3.3.0_32601-release.apk
-rw-r--r--  1 runner runner  5713312 Oct  5 09:19 ksud-x86_64-linux-android
-rw-r--r--  1 runner runner   318824 Oct  5 09:19 lkm-x86_64-android15-6.6_kernelsu.ko
== manager installed (me.weishu.kernelsu, KernelSU_v3.3.0_32601-release.apk)
/tmp/tmp.rjOsNd81E1/lkm-x86_64-android15-6.6_kernelsu.ko: 1 file pushed, 0 skipped. 9.4 MB/s (318824 bytes in 0.032s)
/tmp/tmp.rjOsNd81E1/ksud-x86_64-linux-android: 1 file pushed, 0 skipped. 179.2 MB/s (5713312 bytes in 0.030s)
== ksud: ksud 3.3.0 (uapi: 2)
== ksud late-load: rc=0
== ksud insmod /data/adb/kernelsu.ko: Error: load module failed: /data/adb/kernelsu.ko

Caused by:
    0: init_module failed without vermagic mismatch
    1: File exists (os error 17)
rc=1
kernelsu              159744  0 
== lsmod: kernelsu              159744  1 
KernelSU_v3.3.0_32601-release.apk
ksud-aarch64-apple-darwin
ksud-aarch64-linux-android
ksud-aarch64-unknown-linux-musl
ksud-x86_64-apple-darwin
ksud-x86_64-linux-android
ksud-x86_64-pc-windows-gnu.exe
ksud-x86_64-unknown-linux-musl
ksuinit-aarch64
ksuinit-x86_64
lkm-aarch64-android12-5.10_kernelsu.ko
lkm-aarch64-android13-5.10_kernelsu.ko
lkm-aarch64-android13-5.15_kernelsu.ko
lkm-aarch64-android14-5.15_kernelsu.ko
lkm-aarch64-android14-6.1_kernelsu.ko
lkm-aarch64-android15-6.6_kernelsu.ko
lkm-aarch64-android16-6.12_kernelsu.ko
lkm-aarch64-android17-6.18_kernelsu.ko
lkm-x86_64-android12-5.10_kernelsu.ko
lkm-x86_64-android13-5.10_kernelsu.ko
lkm-x86_64-android13-5.15_kernelsu.ko
lkm-x86_64-android14-5.15_kernelsu.ko
lkm-x86_64-android14-6.1_kernelsu.ko
lkm-x86_64-android15-6.6_kernelsu.ko
lkm-x86_64-android16-6.12_kernelsu.ko
lkm-x86_64-android17-6.18_kernelsu.ko
== no metamodule asset in tiann/KernelSU v3.3.0
/home/runner/work/devicelab/devicelab/modules/probe/./: 2 files pushed, 0 skipped. 0.0 MB/s (1474 bytes in 0.050s)
== modules: [
  {
    "remove": "false",
    "name": "devicelab probe",
    "enabled": "true",
    "update": "false",
    "web": "true",
    "description": "Observation module for devicelab. Its WebUI page is driven over DevTools.",
    "version": "1",
    "author": "p0g-stack",
    "action": "false",
    "id": "devicelab_probe",
    "mount": "false",
    "versionCode": "1"
  }
]
SELinux: Loaded file context from:
		/system/etc/selinux/plat_file_contexts
		/system_ext/etc/selinux/system_ext_file_contexts
		/vendor/etc/selinux/vendor_file_contexts
== home text: text="LKM" text="Working [Jailbreak mode]" text="Version: 32601-2" text="Manager version" text="v3.3.0 (32601-2)" text="Kernel version" text="6.6.50-android15-8-g8adecb593e9b-ab12525588" text="Device model" text="Google sdk_gphone64_x86_64" text="Fingerprint" text="google/sdk_gphone64_x86_64/emu64xa:15/AE3A.240806.043/12960925:userdebug/dev-keys" text="Enforcing" text="KernelSU" text="Home" text="Superuser" text="1" text="Module" text="Settings" 
== manager activities: me.weishu.kernelsu/.magica.BootCompletedReceiver me.weishu.kernelsu/.ui.MainActivity me.weishu.kernelsu/androidx.core.content.FileProvider me.weishu.kernelsu/androidx.profileinstaller.ProfileInstallReceiver me.weishu.kernelsu/androidx.startup.InitializationProvider 
WebUI-X-v438-release-official.apk
WebUI-X-v438-release-spoofed.apk
== downloaded MMRLApp/WebUI-X-Portable v438 WebUI-X-v438-release-official.apk sha256 7d44dcad3ae8039c63920c547116d262c282d5f43dbcf09fcf0babfce29bd1ca
Success
== installed com.dergoogler.mmrl.wx uid=10210     versionName=v438-release
== activities: com.dergoogler.mmrl.wx/.ui.activity.CrashHandlerActivity com.dergoogler.mmrl.wx/.ui.activity.MainActivity com.dergoogler.mmrl.wx/.ui.activity.modconf.ModConfActivity com.dergoogler.mmrl.wx/.ui.activity.webui.KsuWebUIActivity com.dergoogler.mmrl.wx/.ui.activity.webui.WebUIActivity com.dergoogler.mmrl.wx/.util.NonRootService com.dergoogler.mmrl.wx/androidx.core.content.FileProvider com.dergoogler.mmrl.wx/androidx.profileinstaller.ProfileInstallReceiver com.dergoogler.mmrl.wx/androidx.startup.InitializationProvider com.dergoogler.mmrl.wx/androidx.work.impl.background.systemalarm.ConstraintProxy com.dergoogler.mmrl.wx/androidx.work.impl.background.systemalarm.ConstraintProxyUpdateReceiver com.dergoogler.mmrl.wx/androidx.work.impl.background.systemalarm.RescheduleReceiver com.dergoogler.mmrl.wx/androidx.work.impl.diagnostics.DiagnosticsReceiver 
ui: tapped 'Superuser' at 120,584
ui: no node with 'com.dergoogler.mmrl.wx'
ui: tapped 160,152
ui: tapped 'com.dergoogler.mmrl.wx' at 160,130
[12,230][308,290] Superuser
[243,236][292,284] 
[12,302][308,358] App Profile | Default
[12,26][60,74] 
[260,26][308,74] Settings
ui: tapped switch 1 ('', was checked=false)
== ksud feature list: Available Features: ================================================================================ [ENABLED (1)] su_compat (ID=0)     SU Compatibility Mode - allows authorized apps to gain root via traditional 'su' command  [ENABLED (1)] kernel_umount (ID=1)     Kernel Umount - controls whether kernel automatically unmounts modules when not needed  [DISABLED] sulog (ID=2)     SU Log - streams kernel sulog events to userspace and persists them to disk  [DISABLED] adb_root (ID=3)     ADB Root - Enable adbd root  [DISABLED] selinux_hide (ID=4)     SELinux Hide - sanitize /sys/fs/selinux access results for app UIDs  [DISABLED] webview_zygote_umount (ID=5)     WebView Zygote Umount - unmount modules from WebView zygote and its isolated children  
== su_compat: Feature: su_compat (0) Description: SU Compatibility Mode - allows authorized apps to gain root via traditional 'su' command Value: 1 Status: enabled 
== root grant: ui; su as app uid 10210: su: failed to exec /system/bin/su: No such file or directory
ui: tapped 'KernelSU' at 160,265
[40,165][280,221] Magisk
[40,309][280,389] KernelSU Next
[40,405][280,461] APatch
[40,477][280,557] SukiSU Ultra
[40,573][280,629] Non-Root
[40,644][280,692] Continue with KernelSU
ui: tapped 'Continue with KernelSU' at 160,668
[16,104][304,330] devicelab probe | 1 (1) by p0g-stack | Updated on 5 October 2026 | Observation module for devicelab. Its WebUI page is d
[32,274][90,322] 
[153,274][288,322] Add Shortcut
[220,32][268,80] 
[268,32][316,80] 
[164,796][320,876] Settings
ui: no node with 'Continue with KernelSU'
ui: no node with 'Next'
ui: no node with 'Continue'
ui: no node with 'Grant'
ui: no node with 'Allow'
ui: no node with 'Get started'
ui: no node with 'Done'
ui: no node with 'OK'
ui: no node with 'Finish'
[16,104][304,330] devicelab probe | 1 (1) by p0g-stack | Updated on 5 October 2026 | Observation module for devicelab. Its WebUI page is d
[32,274][90,322] 
[153,274][288,322] Add Shortcut
[220,32][268,80] 
[268,32][316,80] 
[164,796][320,876] Settings
ui: no node with 'Continue with KernelSU'
ui: no node with 'Next'
ui: no node with 'Continue'
ui: no node with 'Grant'
ui: no node with 'Allow'
ui: no node with 'Get started'
ui: no node with 'Done'
ui: no node with 'OK'
ui: no node with 'Finish'
[16,104][304,330] devicelab probe | 1 (1) by p0g-stack | Updated on 5 October 2026 | Observation module for devicelab. Its WebUI page is d
[32,274][90,322] 
[153,274][288,322] Add Shortcut
[220,32][268,80] 
[268,32][316,80] 
[164,796][320,876] Settings
== WebUI X platform after onboarding: preferences.pb 
== devtools sockets: 
inputs/modules/flutter_webui_counter-0.1.5.zip: 1 file pushed, 0 skipped. 499.5 MB/s (21434766 bytes in 0.041s)
== install flutter_webui_counter-0.1.5.zip
  inflating: webroot/fonts/notocoloremoji/v32/Yq6P-KqIXTD0t4D9z1ESnKM3-HpFabsE4tq3luCC7p-aXxcn.3.woff2
  inflating: webroot/fonts/notocoloremoji/v32/Yq6P-KqIXTD0t4D9z1ESnKM3-HpFabsE4tq3luCC7p-aXxcn.8.woff2
  inflating: webroot/fonts/notocoloremoji/v32/Yq6P-KqIXTD0t4D9z1ESnKM3-HpFabsE4tq3luCC7p-aXxcn.2.woff2
   creating: webroot/fonts/notosansmath/
   creating: webroot/fonts/notosansmath/v15/
  inflating: webroot/fonts/notosansmath/v15/7Aump_cpkSecTWaHRlH2hyV5UHkD-V048PW0.woff2
   creating: webroot/fonts/roboto/
   creating: webroot/fonts/roboto/v32/
  inflating: webroot/fonts/roboto/v32/KFOmCnqEu92Fr1Me4GZLCzYlKw.woff2
  inflating: webroot/.last_build_id
  inflating: webroot/config.json
  inflating: webroot/flutter_webui.js
  inflating: customize.sh
- Done
- Module installed successfully!
inputs/modules/counter-v1.0.0.zip: 1 file pushed, 0 skipped. 454.7 MB/s (6582359 bytes in 0.014s)
== install counter-v1.0.0.zip
  inflating: webroot/canvaskit/chromium/canvaskit.wasm
  inflating: webroot/config.json
  inflating: webroot/favicon.png
  inflating: webroot/flutter.js
  inflating: webroot/flutter_bootstrap.js
  inflating: webroot/icons/Icon-192.png
  inflating: webroot/icons/Icon-512.png
  inflating: webroot/icons/Icon-maskable-192.png
  inflating: webroot/icons/Icon-maskable-512.png
  inflating: webroot/index.html
  inflating: webroot/main.dart.js
  inflating: webroot/manifest.json
  inflating: webroot/version.json
- Done
- Module installed successfully!
inputs/modules/demo.zip: 1 file pushed, 0 skipped. 446.8 MB/s (19826903 bytes in 0.042s)
== install demo.zip
  inflating: webroot/pkg/.gitignore
  inflating: webroot/pkg/demo_native.js
  inflating: webroot/pkg/demo_native_bg.wasm
  inflating: webroot/pkg/package.json
  inflating: webroot/version.json
  inflating: webroot/workers/demo_service.web.g.dart.js
  inflating: webroot/workers/hello_service.web.g.dart.js
  inflating: webui_app_plane/app-install.sh
  inflating: webui_app_plane/app.apk
  inflating: webui_app_plane/arm64-v8a/webui_termux_api.aot
  inflating: webui_app_plane/termux-api
  inflating: webui_app_plane/x86_64/webui_termux_api.aot
  Installed com.webui.api.demo 1011
- Done
- Module installed successfully!
/home/runner/work/devicelab/devicelab/envdump.zip: 1 file pushed, 0 skipped. 29.6 MB/s (1766 bytes in 0.000s)
== install envdump.zip
 devicelab envdump 
 by p0g-stack 
*******************
*********************
 Powered by KernelSU 
*********************
Archive:  /data/local/tmp/m.zip
  inflating: customize.sh
- Extracting module files
Archive:  /data/local/tmp/m.zip
  inflating: module.prop
  inflating: customize.sh
- devicelab envdump: written /data/local/tmp/customize-env.txt
- Done
- Module installed successfully!
== soft-reboot: 
== after soft-reboot (37s): [
  {
    "name": "devicelab probe",
    "description": "Observation module for devicelab. Its WebUI page is driven over DevTools.",
    "enabled": "true",
    "action": "false",
    "mount": "false",
    "id": "devicelab_probe",
    "versionCode": "1",
    "update": "false",
    "remove": "false",
    "version": "1",
    "web": "true",
    "author": "p0g-stack"
  },
  {
    "name": "flutter-webui Counter",
    "id": "flutter_webui_counter",
    "web": "true",
    "version": "0.1.5",
    "enabled": "true",
    "versionCode": "6",
    "update": "false",
    "remove": "false",
    "action": "false",
    "mount": "false",
    "description": "Stock Flutter counter app on flutter-webui (devicelab bring-up build).",
    "author": "p0g-stack"
  },
  {
    "author": "Yuv",
    "versionCode": "1",
    "enabled": "true",
    "mount": "false",
    "version": "v1.0.0",
    "web": "true",
    "remove": "false",
    "update": "false",
    "name": "Counter",
    "description": "A new Flutter project.",
    "action": "false",
    "id": "counter"
  },
  {
    "id": "demo",
    "web": "true",
    "update": "false",
    "mount": "false",
    "author": "",
    "action": "false",
    "versionCode": "59",
    "version": "v0.1.59",
    "webuiIcon": "icons/Icon-maskable-512.png",
    "name": "Demo",
    "updateJson": "https://github.com/p0g-stack/demo/releases/latest/download/update.json",
    "enabled": "true",
    "remove": "false",
    "description": "The demo GUI. Flutter on top of the core."
  
total 56
drwxrwxrwx 7 root root 4096 2026-10-05 09:23 .
drwx------ 6 root root 4096 2026-10-05 09:23 ..
drwxr-xr-x 3 root root 4096 2026-10-05 09:23 counter
drwxr-xr-x 6 root root 4096 2026-10-05 09:23 demo
drwxr-xr-x 2 root root 4096 2026-10-05 09:23 devicelab_envdump
drwxr-xr-x 3 root root 4096 2026-10-05 09:19 devicelab_probe
drwxr-xr-x 4 root root 4096 2026-10-05 09:23 flutter_webui_counter
/home/runner/work/devicelab/devicelab/out/labserver: 1 file pushed, 0 skipped. 290.6 MB/s (7843260 bytes in 0.026s)
Starting: Intent { cmp=com.dergoogler.mmrl.wx/.ui.webui.WebUIActivity (has extras) }
Error type 3
Error: Activity class {com.dergoogler.mmrl.wx/com.dergoogler.mmrl.wx.ui.webui.WebUIActivity} does not exist.








Starting: Intent { cmp=com.dergoogler.mmrl.wx/.ui.activity.webui.WebUIActivity (has extras) }
Status: ok
Activity: com.dergoogler.mmrl.wx/.ui.activity.webui.WebUIActivity
https://mui.kernelsu.org/index.html
opened: intent
{"check":"targets","result":[{"socket": "webview_devtools_remote_9694", "type": "page", "url": "https://mui.kernelsu.org/index.html", "title": "devicelab probe"}]}
{"check":"globals","result":{"url":"https://mui.kernelsu.org/index.html","socket":"webview_devtools_remote_9694","value":{"ua":"WebUI X/438 (Linux; Android 15; sdk_gphone64_x86_64; KernelSU/32601)","origin":"https://mui.kernelsu.org","href":"https://mui.kernelsu.org/index.html","globals":["$DeFile","$DeFileInputStream","$DeFileOutputStream","$devicelab_probe","$intent","$packageManager","$userManager","ksu","webui"],"ksu":["exec","execBool","fullScreen","mmrl","moduleInfo","spawn","toast","exec","execBool","fullScreen","mmrl","moduleInfo","spawn","toast"]}}}
{"check":"ksu-exec","result":{"url":"https://mui.kernelsu.org/index.html","socket":"webview_devtools_remote_9694","value":{"code":0,"out":"uid=0(root) gid=0(root) groups=0(root) context=u:r:ksu:s0\nu:r:ksu:s0\u0000","err":""}}}
{"check":"ws-loopback","result":{"url":"https://mui.kernelsu.org/index.html","socket":"webview_devtools_remote_9694","value":{"got":["{\"origin\":\"https://mui.kernelsu.org\",\"peerUid\":10210,\"remote\":\"127.0.0.1:48476\",\"serverUid\":0,\"t\":1791192270797,\"uidSource\":\"/proc/net/tcp\"}","hi"],"ms":30}}}
{"check":"fetch-loopback","result":{"url":"https://mui.kernelsu.org/index.html","socket":"webview_devtools_remote_9694","value":{"origin":"https://mui.kernelsu.org","peerUid":10210,"remote":"127.0.0.1:48482","serverUid":0,"t":1791192270928,"uidSource":"/proc/net/tcp"}}}
{"check":"webview-uid","result":["webview_zygote 1053 webview_zygote", "u0_a210      10210 com.dergoogler.mmrl.wx", "root             0 com.dergoogler.mmrl.wx:root:0", "root             0 com.dergoogler.mmrl.wx:root:0", "u0_a152      10152 com.google.android.webview:webview_service", "u0_i9000     99000 com.google.android.webview:sandboxed_process0:org.chromium.content.app.SandboxedProcessService0:0", "u0_a152      10152 com.google.android.webview:webview_apk"]}
{"check":"while-home-heartbeat","result":{"url":"https://mui.kernelsu.org/index.html","socket":"webview_devtools_remote_9694","value":{"now":9728,"vis":"hidden"}}}
{"check":"lifecycle","result":{"url":"https://mui.kernelsu.org/index.html","socket":"webview_devtools_remote_9694","value":{"events":[{"type":"pageshow","t":77,"vis":"visible"},{"type":"visibilitychange","t":3592,"vis":"hidden"},{"type":"visibilitychange","t":11910,"vis":"visible"}],"gaps":[{"from":3576,"ms":8316,"vis":"hidden"}],"slow":{"heldMs":3002,"sentAt":1791192274119,"resolvedAt":1791192274123,"vis":"hidden"}}}}
{"check":"dev-url","result":{"error":"no page target","sockets":["webview_devtools_remote_9694"],"targets":[{"socket":"webview_devtools_remote_9694","port":9300,"description":"{\"attached\":true,\"empty\":false,\"height\":640,\"never_attached\":false,\"screenX\":0,\"screenY\":0,\"visible\":false,\"width\":320}","devtoolsFrontendUrl":"https://chrome-devtools-frontend.appspot.com/serve_internal_file/@7741f71cbce3b7dfe3eb5890976d2596364b0733/inspector.html?ws=127.0.0.1:9300/devtools/page/CF3C4EC96EC126080690664A2646EEFA","id":"CF3C4EC96EC126080690664A2646EEFA","title":"devicelab probe","type":"page","url":"https://mui.kernelsu.org/index.html","webSocketDebuggerUrl":"ws://127.0.0.1:9300/devtools/page/CF3C4EC96EC126080690664A2646EEFA"}]}}
Starting: Intent { cmp=com.dergoogler.mmrl.wx/.ui.webui.WebUIActivity (has extras) }
Error type 3
Error: Activity class {com.dergoogler.mmrl.wx/com.dergoogler.mmrl.wx.ui.webui.WebUIActivity} does not exist.








Starting: Intent { cmp=com.dergoogler.mmrl.wx/.ui.activity.webui.WebUIActivity (has extras) }
Status: ok
Activity: com.dergoogler.mmrl.wx/.ui.activity.webui.WebUIActivity
https://mui.kernelsu.org/index.html
opened: intent
{"check":"targets","result":[{"type": "page", "url": "https://mui.kernelsu.org/index.html", "title": "Flutter Demo"}]}
{"check":"page","result":{"url":"https://mui.kernelsu.org/index.html","socket":"webview_devtools_remote_10290","value":{"href":"https://mui.kernelsu.org/index.html","title":"Flutter Demo","ready":"complete","flutter":true,"glass":true,"nav":{"dcl":117,"load":415},"paint":{"first-paint":1074,"first-contentful-paint":1074},"glassAt":"present","firstFrame":null,"insets":"24px","vv":[320,640,1]}}}
{"check":"java-exceptions","result":["10-05 09:24:59.946  7797  8874 W .gms.persistent: Large reply transaction of 1056768 bytes, interface descriptor , code 1", "10-05 09:25:00.015  8139  8293 I AiAiEcho: Predicting[0]:  [CONTEXT sampling_count=5 ]", "10-05 09:25:00.016  8139  8293 I AiAiEcho: EchoTargets: ", "10-05 09:25:00.016  8139  8293 I AiAiEcho: Filtered by AiAi flag check: ", "10-05 09:25:00.016  8139  8293 I AiAiEcho: [CONTEXT ratelimit_period=\"10 SECONDS\" ]", "10-05 09:25:00.016  8139  8293 I AiAiEcho: Ranked targets strategy: SORT, count: 0, ranking metadata:  [CONTEXT ratelimit_period=\"10 SECONDS\" ]", "10-05 09:25:00.017  8139  8293 I AiAiEcho: #remoteViewsTwiddler: feature disabled.", "10-05 09:25:00.020  8139  8293 I AiAiEcho: Predicting[0]:  [CONTEXT sampling_count=5 ]", "10-05 09:25:00.020  8139  8293 I AiAiEcho: EchoTargets: ", "10-05 09:25:00.020  8139  8293 I AiAiEcho: Filtered by AiAi flag check: ", "10-05 09:25:00.020  8139  8293 I AiAiEcho: [CONTEXT ratelimit_period=\"10 SECONDS\" ]", "10-05 09:25:00.020  8139  8293 I AiAiEcho: Ranked targets strategy: SORT, count: 0, ranking metadata:  [CONTEXT ratelimit_period=\"10 SECONDS\" ]", "--", "10-05 09:25:05.944  7797  9499 I ChimeraSrvcProxy: NullBinder for android.net.action.RECOMMEND_NETWORKS triggering remote TransactionTooLargeException due to Service without Chimera impl", "10-05 09:25:05.944  7797  9499 W .gms.persistent: Large reply transaction of 1056768 bytes, interface descriptor , code 1", "10-05 09:25:05.946  8186  8492 I BugleRcsEngine: Connected state: [1], networkType: [WIFI] [CONTEXT thread_id=56 ]", "10-05 09:25:05.947  8186  8717 I BugleRcsEngine: handleMessage processing message:[NOTIFY_UPTIME_IGNORE_STATE_CHANGED] with [non-null]:RcsEngineImpl reference [CONTEXT log_prefix=\"RcsEngineImpl[DUAL_REG]:[16a5a99f-c690]>Handler\" thread_id=62 ]", "10-05 09:25:06.219  7353  7445 D ActivityManager: freezing 7849 com.google.android.permissioncontroller", "10-05 09:25:06.220  7353  7501 D InetDiagMessage: Destroyed 0 sockets, proto=IPPROTO_TCP, family=AF_INET, states=14", "10-05 09:25:06.220  7353  7501 D InetDiagMessage: Destroyed 0 sockets, proto=IPPROTO_TCP, family=AF_INET6, states=14", "10-05 09:25:06.220  7353  7501 D InetDiagMessage: Destroyed live tcp sockets for uids={10193} in 1ms", "10-05 09:25:06.802  7353  9247 D WifiNl80211Manager: Scan result ready event", "10-05 09:25:06.803  7353  9247 D WifiNative: Scan result ready event", "10-05 09:25:06.805  7353  7494 I HalDevMgr: bestIfaceCreationProposal is null, requestIface=STA, existingIface=[name=wlan0 type=STA]", "10-05 09:25:06.848  7353  7364 I BpBinder: onLastStrongRef automatically unlinking death recipients: ", "10-05 09:25:06.851  7353  7365 W system_server: ApkAssets: Deleting an ApkAssets object '<empty> and /product/app/LatinIMEGooglePrebuilt/LatinIMEGooglePrebuilt.apk' with 1 weak references", "--", "10-05 09:25:08.946  7797  9499 I ChimeraSrvcProxy: NullBinder for android.net.action.RECOMMEND_NETWORKS triggering remote TransactionTooLargeException due to Service without Chimera impl", "10-05 09:25:08.947  7797  9499 W .gms.persistent: Large reply transaction of 1056768 bytes, interface descriptor , code 1", "10-05 09:25:09.999  8139  8628 I IPCThreadState: oneway function results for code 2 on binder at 0x7501052ad740 will be dropped but finished with status UNKNOWN_TRANSACTION", "10-05 09:25:09.999  7353  7566 D OomAdjuster: Not killing cached processes", "10-05 09:25:10.031  7281  7281 I netd    : tetherGetStats() -> {[]} <0.46ms>", "10-05 09:25:10.921 10093 10095 I AidlLazyServiceRegistrar: Process has 0 (of 1 available) client(s) in use after notification artd has clients: 0", "10-05 09:25:10.921 10093 10095 I AidlLazyServiceRegistrar: Trying to shut down the service. No clients in use for any service in process.", "10-05 09:25:11.059     0     0 I servicemanager: Notifying artd they don't (previously: do) have clients when we now have no record of a client", "10-05 09:25:11.061     0     0 I servicemanager: Caller(pid=10093,uid=1082,sid=u:r:artd:s0) Unregistering artd", "10-05 09:25:11.062     0     0 I BpBinder: onLastStrongRef automatically unlinking death recipients:", "10-05 09:25:10.924 10093 10095 I AidlLazyServiceRegistrar: Unregistered all clients and exiting", "10-05 09:25:11.065     0     0 I init    : Service 'artd' (pid 10093) exited with status 0 oneshot service took 21.927000 seconds in background", "10-05 09:25:11.067     0     0 I init    : Sending signal 9 to service 'artd' (pid 10093) process group..."]}
{"check":"console-errors","result":["--------- beginning of main", "10-05 09:24:55.609  9251 10019 W chromium: [WARNING:ev_root_ca_metadata.cc(119)] Not implemented", "10-05 09:24:55.735  9251 10019 W chromium: [WARNING:ev_root_ca_metadata.cc(119)] Not implemented", "10-05 09:24:55.772  9251  9251 W chromium: [WARNING:controller_impl.cc(1191)] Background download complete, client: 6, completion type: 0, file size:5154", "10-05 09:24:55.863  9251  9251 W chromium: [WARNING:controller_impl.cc(1191)] Background download complete, client: 6, completion type: 0, file size:45147", "10-05 09:24:55.909 10147 10157 I chromium: [INFO:child_process_service.cc(70)] ChildProcessService: Exiting child process.", "10-05 09:24:56.040 10164 10175 I chromium: [INFO:child_process_service.cc(70)] ChildProcessService: Exiting child process.", "10-05 09:24:56.069  9251  9251 W chromium: [WARNING:controller_impl.cc(1191)] Background download complete, client: 6, completion type: 0, file size:609005", "10-05 09:24:56.072  9251  9251 W chromium: [WARNING:controller_impl.cc(1191)] Background download complete, client: 6, completion type: 0, file size:2200227", "10-05 09:24:56.152  9251  9251 W chromium: [WARNING:controller_impl.cc(1191)] Background download complete, client: 6, completion type: 0, file size:24028", "10-05 09:24:56.166  9251  9251 W chromium: [WARNING:controller_impl.cc(1191)] Background download complete, client: 6, completion type: 0, file size:214315", "10-05 09:24:56.180 10182 10203 I chromium: [INFO:child_process_service.cc(70)] ChildProcessService: Exiting child process.", "10-05 09:24:56.184 10192 10210 I chromium: [INFO:child_process_service.cc(70)] ChildProcessService: Exiting child process.", "10-05 09:24:56.219 10217 10236 I chromium: [INFO:child_process_service.cc(70)] ChildProcessService: Exiting child process.", "10-05 09:24:56.245 10226 10244 I chromium: [INFO:child_process_service.cc(70)] ChildProcessService: Exiting child process.", "10-05 09:24:58.637 10290 10379 E chromium: [1005/092458.637510:ERROR:variations_seed_loader.cc(37)] Seed missing signature.", "10-05 09:24:58.637 10290 10379 I chromium: [1005/092458.637895:INFO:variations_seed_loader.cc(66)] Failed to open file for reading.: No such file or directory (2)", "10-05 09:24:58.800 10390 10414 W chromium: [WARNING:runtime_features.cc(694)] SharedStorage for M118+ cannot be enabled in this configuration. Use --enable-features=SharedStorageAPI,SharedStorageAPIM118 in addition.", "10-05 09:24:58.800 10390 10414 W chromium: [WARNING:runtime_features.cc(730)] AttributionReportingCrossAppWeb cannot be enabled in this configuration. Use --enable-features=ConversionMeasurement,AttributionReportingCrossAppWeb in addition.", "10-05 09:24:58.947 10390 10414 I chromium: [INFO:viewport_data.cc(133)] E2E_Used ViewportFitCover", "10-05 09:24:58.989 10290 10290 I chromium: [INFO:CONSOLE(53)] \"Injecting <script> tag. Using callback.\", source:  (53)"]}
{"check":"first-frame-warm","result":{"url":"https://mui.kernelsu.org/index.html","socket":"webview_devtools_remote_10290","value":{"firstFrameMs":388,"now":15058,"flutter":true,"resizes":[],"paint":{"first-paint":713,"first-contentful-paint":713},"calls":[[49,"at-preload","ksu:undefined webui:undefined"],[51,"ksu-defined"],[59,"wrap-failed","exec"],[63,"wrap-failed","spawn"],[66,"wrap-failed","moduleInfo"],[67,"wrap-failed","fullScreen"],[68,"wrap-failed","toast"]],"resources":[["/internal/insets.css",45,70,"link",0],["/flutter_webui.css",46,70,"link",0],["/flutter_webui.js",46,75,"script",0],["/flutter_bootstrap.js",46,76,"script",0],["/internal/assets/ext/require.js",46,70,"script",0],["/canvaskit/chromium/canvaskit.wasm",99,132,"fetch",0],["/canvaskit/chromium/canvaskit.js",99,108,"other",0],["/main.dart.js",100,132,"script",0],["/assets/FontManifest.json",330,338,"fetch",0],["/favicon.ico",336,339,"other",0],["/assets/fonts/MaterialIcons-Regular.otf",338,344,"fetch",0],["/assets/packages/cupertino_icons/assets/CupertinoIcons.ttf",338,344,"fetch",0],["/assets/fonts/fallback/Roboto-Regular.ttf",339,345,"fetch",0]],"marks":[["flutter_webui:register",347],["flutter_webui:registered",349],["flutter_webui:first-frame",388]],"measures":[],"fonts":[]}}}
{"check":"root-start","result":{"url":"https://mui.kernelsu.org/index.html","socket":"webview_devtools_remote_10290","value":{"code":0,"out":"","err":"","ms":96}}}
{"check":"session","result":{"url":"https://mui.kernelsu.org/index.html","socket":"webview_devtools_remote_10290","value":{"status":200,"ms":123,"protocol":1,"version":"0.1.0","port":41253,"pid":10485,"tokenLen":43}}}
{"check":"ws-hello","result":{"url":"https://mui.kernelsu.org/index.html","socket":"webview_devtools_remote_10290","value":{"first":"{\"op\":\"hello\",\"protocol\":1,\"version\":\"0.1.0\",\"pid\":10485,\"boot\":\"837095c0-df97-47f9-a02a-c8b8792327d9\",\"uid\":0,\"moduleDir\":\"/data/adb/modules/flutter_webui_counter\"}"}}}
{"check":"channel-process","result":"USER           UID LABEL                            PID NAME                       \nroot             0 u:r:ksu:s0                     10485 ld-linux-x86-64.so.2\nexe=/data/adb/modules/flutter_webui_counter/flutter_webui/x86_64/ld-linux-x86-64.so.2\n/data/adb/modules/flutter_webui_counter/flutter_webui/x86_64/ld-linux-x86-64.so.2 --library-path /data/adb/modules/flutter_webui_counter/flutter_webui/x86_64 /data/adb/modules/flutter_webui_counter/flutter_webui/x86_64/dartaotruntime /data/adb/modules/flutter_webui_counter/flutter_webui/x86_64/flutter_webui_root.aot serve --module-dir /data/adb/modules/flutter_webui_counter \narm64-v8a\nroot\nx86_64\n/data/adb/modules/flutter_webui_counter/flutter_webui/arm64-v8a:\ndartaotruntime\nflutter_webui_root.aot\nld-linux-aarch64.so.1\nlibc.so.6\nlibdl.so.2\nlibm.so.6\nlibpthread.so.0\n\n/data/adb/modules/flutter_webui_counter/flutter_webui/x86_64:\ndartaotruntime\nflutter_webui_root.aot\nld-linux-x86-64.so.2\nlibc.so.6\nlibdl.so.2\nlibm.so.6\nlibpthread.so.0"}
{"check":"root-log","result":"2026-10-05T09:25:30.601481 listening on 127.0.0.1:41253"}
{"check":"session-mode","result":"total 44\ndrwx--x--x 3 root root 4096 2026-10-05 09:25 .\ndrwxr-xr-x 7 root root 4096 2026-10-05 09:25 ..\n-rw------- 1 root root    0 2026-10-05 09:25 lock\ndrwx------ 2 root root 4096 2026-10-05 09:25 proc\n-rw------- 1 root root   56 2026-10-05 09:25 root.log\n-rw-r--r-- 1 root root  197 2026-10-05 09:25 session.json"}
{"check":"home-resume","result":{"url":"https://mui.kernelsu.org/index.html","socket":"webview_devtools_remote_10290","value":{"events":[["visibilitychange","hidden",16037],["visibilitychange","visible",23144]],"ticks":13,"vis":"visible","hasFocus":false}}}
{"check":"before-back","result":{"url":"https://mui.kernelsu.org/index.html","socket":"webview_devtools_remote_10290","value":{"historyLength":1,"historyState":"{\"flutter\":true}","href":"https://mui.kernelsu.org/index.html","typeofWebui":"object","typeofWebuiExit":"function","typeofKsuExit":"undefined","webuiKeys":["exit","getAdditionalConfig","getApplication","getCurrentApplication","getCurrentRootManager","isDebug","openFile","setRefreshing","setRefreshingEnabled","startActivity"],"wrapped":"not writable"}}}
{"check":"back-events","result":{"error":"no page target","sockets":[],"targets":[]}}
{"check":"back-console","result":["10-05 09:25:41.593  7353  7445 D ActivityManager: freezing 10033 com.android.chrome:sandboxed_process0:org.chromium.content.app.SandboxedProcessService0:0", "10-05 09:25:41.688  7353  8235 I ActivityManager: Killing 10390:com.google.android.webview:sandboxed_process0:org.chromium.content.app.SandboxedProcessService0:0/u0a210i1 (adj 0): isolated not needed"]}
{"check":"back-at-root","result":"topResumedActivity=ActivityRecord{9a4bae4 u0 com.google.android.apps.nexuslauncher/.NexusLauncherActivity t13}"}
Starting: Intent { cmp=com.dergoogler.mmrl.wx/.ui.webui.WebUIActivity (has extras) }
Error type 3
Error: Activity class {com.dergoogler.mmrl.wx/com.dergoogler.mmrl.wx.ui.webui.WebUIActivity} does not exist.








Starting: Intent { cmp=com.dergoogler.mmrl.wx/.ui.activity.webui.WebUIActivity (has extras) }
Status: ok
Activity: com.dergoogler.mmrl.wx/.ui.activity.webui.WebUIActivity
https://mui.kernelsu.org/index.html
opened: intent
{"check":"targets","result":[{"type": "page", "url": "https://mui.kernelsu.org/index.html", "title": "Flutter Demo"}]}
{"check":"page","result":{"url":"https://mui.kernelsu.org/index.html","socket":"webview_devtools_remote_10630","value":{"href":"https://mui.kernelsu.org/index.html","title":"Flutter Demo","ready":"complete","flutter":true,"glass":true,"nav":{"dcl":93,"load":415},"paint":{"first-paint":1133,"first-contentful-paint":1133},"glassAt":"present","firstFrame":null,"insets":"24px","vv":[320,640,1]}}}
{"check":"java-exceptions","result":["10-05 09:25:57.036  7797  8465 W .gms.persistent: Large reply transaction of 1056768 bytes, interface descriptor , code 1", "10-05 09:25:57.301 10793 10793 W BpBinder: Linking to death on android.gui.ISurfaceComposer but there are no threads (yet?) listening to incoming transactions. See ProcessState::startThreadPool and ProcessState::setThreadPoolMaxThreadCount. Generally you should setup the binder threadpool before other initialization steps.", "10-05 09:25:57.301 10793 10793 W ProcessState: Extra binder thread started, but 0 threads requested. Do not use *startThreadPool when zero threads are requested.", "10-05 09:25:57.308   167   167 I hwservicemanager: getTransport: Cannot find entry android.hardware.graphics.mapper@4.0::IMapper/default in either framework or device VINTF manifest.", "10-05 09:25:57.308 10793 10794 I Gralloc4: mapper 4.x is not supported", "10-05 09:25:57.444     0     0 I servicemanager: Caller(pid=10793,uid=0,sid=u:r:su:s0) Could not find android.hardware.graphics.allocator.IAllocator/default in the VINTF manifest. No alternative instances declared in VINTF.", "10-05 09:25:59.055 10650 10795 D ProfileInstaller: Skipping profile installation for com.dergoogler.mmrl.wx", "10-05 09:25:59.786  7353  7501 D InetDiagMessage: Destroyed 0 sockets, proto=IPPROTO_TCP, family=AF_INET, states=14", "10-05 09:25:59.787  7353  7501 D InetDiagMessage: Destroyed 0 sockets, proto=IPPROTO_TCP, family=AF_INET6, states=14", "10-05 09:25:59.787  7353  7501 D InetDiagMessage: Destroyed live tcp sockets for uids={10152} in 1ms", "10-05 09:25:59.787  7353  7501 D InetDiagMessage: Destroyed 0 sockets, proto=IPPROTO_TCP, family=AF_INET, states=14", "10-05 09:25:59.787  7353  7501 D InetDiagMessage: Destroyed 0 sockets, proto=IPPROTO_TCP, family=AF_INET6, states=14", "--", "10-05 09:26:00.041  7797  8874 I ChimeraSrvcProxy: NullBinder for android.net.action.RECOMMEND_NETWORKS triggering remote TransactionTooLargeException due to Service without Chimera impl", "10-05 09:26:00.041  7797  8874 W .gms.persistent: Large reply transaction of 1056768 bytes, interface descriptor , code 1", "10-05 09:26:00.732  7353  7386 D OomAdjuster: Not killing cached processes", "10-05 09:26:00.970     0     0 I init    : Untracked pid 10485 exited with status 0", "10-05 09:26:00.970     0     0 I init    : Untracked pid 10485 did not have an associated service entry and will not be reaped", "10-05 09:26:01.414 10799 10799 W BpBinder: Linking to death on android.gui.ISurfaceComposer but there are no threads (yet?) listening to incoming transactions. See ProcessState::startThreadPool and ProcessState::setThreadPoolMaxThreadCount. Generally you should setup the binder threadpool before other initialization steps.", "10-05 09:26:01.415 10799 10799 W ProcessState: Extra binder thread started, but 0 threads requested. Do not use *startThreadPool when zero threads are requested.", "10-05 09:26:01.421   167   167 I hwservicemanager: getTransport: Cannot find entry android.hardware.graphics.mapper@4.0::IMapper/default in either framework or device VINTF manifest.", "10-05 09:26:01.421 10799 10800 I Gralloc4: mapper 4.x is not supported", "10-05 09:26:01.558     0     0 I servicemanager: Caller(pid=10799,uid=0,sid=u:r:su:s0) Could not find android.hardware.graphics.allocator.IAllocator/default in the VINTF manifest. No alternative instances declared in VINTF.", "10-05 09:26:03.042  8276  8276 W JobService: onNetworkChanged() not implemented in androidx.work.impl.background.systemjob.SystemJobService. Must override in a subclass.", "10-05 09:26:03.045  7353  7501 W IPCThreadState: Sending oneway calls to frozen process.", "10-05 09:26:03.046  7353  7501 W IPCThreadState: Sending oneway calls to frozen process.", "--", "10-05 09:26:03.046  7797  8874 I ChimeraSrvcProxy: NullBinder for android.net.action.RECOMMEND_NETWORKS triggering remote TransactionTooLargeException due to Service without Chimera impl", "10-05 09:26:03.046  7797  8874 W .gms.persistent: Large reply transaction of 1056768 bytes, interface descriptor , code 1", "10-05 09:26:03.047  8186  8492 I BugleRcsEngine: Connected state: [1], networkType: [WIFI] [CONTEXT thread_id=56 ]", "10-05 09:26:03.047  8186  8717 I BugleRcsEngine: handleMessage processing message:[NOTIFY_UPTIME_IGNORE_STATE_CHANGED] with [non-null]:RcsEngineImpl reference [CONTEXT log_prefix=\"RcsEngineImpl[DUAL_REG]:[16a5a99f-c690]>Handler\" thread_id=62 ]", "10-05 09:26:03.579  8276  8276 I BugleDataModel: ActionExecutorImpl: Starting ActionService", "10-05 09:26:03.584  8276  8276 I BugleDataModel: ActionExecutorImpl: ACTION_EXECUTE_QUEUED_CountryCodeDetectorAction", "10-05 09:26:03.584  8276 10801 I BugleDataModel: ExecuteActionRunnable: running action CountryCodeDetectorAction", "10-05 09:26:03.584  8276  8276 I BugleDataModel: ActionExecutorImpl: ACTION_EXECUTE_QUEUED_SelfParticipantsRefreshAction", "10-05 09:26:03.585  8276 10801 I BugleDataModel: ActionExecutorImpl: ACTION_BACKGROUND_QUEUED_CountryCodeDetectorAction", "10-05 09:26:03.585  8276 10801 I BugleDataModel: ExecuteActionRunnable: running action SelfParticipantsRefreshAction", "10-05 09:26:03.588  8276 10801 I BugleDataModel: ActionExecutorImpl: ACTION_BACKGROUND_QUEUED_SelfParticipantsRefreshAction", "10-05 09:26:03.590  8276 10802 I Bugle   : CountryCodeDetector: updateSmsNetworkCountry from default subscription network country. detected country: us", "10-05 09:26:03.590  8276 10802 I BugleDataModel: ActionExecutorImpl: ACTION_RESPONSE_QUEUED_CountryCodeDetectorAction"]}
{"check":"console-errors","result":["--------- beginning of main", "10-05 09:25:54.530 10630 10721 E chromium: [1005/092554.529925:ERROR:variations_seed_loader.cc(37)] Seed missing signature.", "10-05 09:25:54.530 10630 10721 I chromium: [1005/092554.530229:INFO:variations_seed_loader.cc(66)] Failed to open file for reading.: No such file or directory (2)", "10-05 09:25:54.667 10728 10758 W chromium: [WARNING:runtime_features.cc(694)] SharedStorage for M118+ cannot be enabled in this configuration. Use --enable-features=SharedStorageAPI,SharedStorageAPIM118 in addition.", "10-05 09:25:54.667 10728 10758 W chromium: [WARNING:runtime_features.cc(730)] AttributionReportingCrossAppWeb cannot be enabled in this configuration. Use --enable-features=ConversionMeasurement,AttributionReportingCrossAppWeb in addition.", "10-05 09:25:54.839 10630 10630 I chromium: [INFO:CONSOLE(53)] \"Injecting <script> tag. Using callback.\", source:  (53)"]}
{"check":"first-frame-warm","result":{"url":"https://mui.kernelsu.org/index.html","socket":"webview_devtools_remote_10630","value":{"firstFrameMs":362,"now":15052,"flutter":true,"resizes":[],"paint":{"first-paint":695,"first-contentful-paint":695},"calls":[[39,"at-preload","ksu:undefined webui:undefined"],[42,"ksu-defined"],[45,"wrap-failed","exec"],[45,"wrap-failed","spawn"],[45,"wrap-failed","moduleInfo"],[46,"wrap-failed","fullScreen"],[47,"wrap-failed","toast"]],"resources":[["/flutter_bootstrap.js",36,69,"script",0],["/internal/assets/ext/require.js",36,62,"script",0],["/canvaskit/chromium/canvaskit.wasm",101,143,"fetch",0],["/canvaskit/chromium/canvaskit.js",102,109,"other",0],["/main.dart.js",102,140,"script",0],["/assets/FontManifest.json",304,311,"fetch",0],["/assets/fonts/MaterialIcons-Regular.otf",313,321,"fetch",0],["/assets/packages/cupertino_icons/assets/CupertinoIcons.ttf",314,321,"fetch",0],["/assets/fonts/fallback/Roboto-Regular.ttf",314,322,"fetch",0],["/favicon.png",315,322,"other",0],["/favicon.png",692,706,"other",0]],"marks":[],"measures":[],"fonts":[]}}}
{"check":"host-version","result":"versionCode=438 minSdk=26 targetSdk=36\n    versionName=v438-release\nFailed to write while dumping service package: Broken pipe"}
{"check":"module-config","result":"{\n  \"title\": \"Demo\",\n  \"backInterceptor\": \"native\",\n  \"exitConfirm\": false,\n  \"killShellWhenBackground\": false,\n  \"pullToRefresh\": false,\n  \"permissions\": [\n    \"kernelsu.permission.SHELL\"\n  ]\n}"}
{"check":"host-config-before","result":"ls: /data/adb/.config/demo: No such file or directory\ncat: /data/adb/.config/demo/config.webroot.json: No such file or directory"}
{"check":"open","result":"opened: intent"}
{"check":"open-uptime","result":"470.88"}
{"check":"t1","result":{"uptime":"481.36","overlay":"","page":["Shell"],"root":"host-config-written|"}}
{"check":"t2","result":{"uptime":"485.77","overlay":"","page":["Shell"],"root":"host-config-written|"}}
{"check":"t3","result":{"uptime":"489.72","overlay":"","page":["Shell"],"root":"host-config-written|"}}
{"check":"t4","result":{"uptime":"493.66","overlay":"","page":["Shell"],"root":"host-config-written|"}}
{"check":"t5","result":{"uptime":"497.59","overlay":"","page":["Shell"],"root":"host-config-written|"}}
{"check":"t6","result":{"uptime":"501.54","overlay":"","page":["Shell"],"root":"host-config-written|"}}
{"check":"t7","result":{"uptime":"505.47","overlay":"","page":["Shell"],"root":"host-config-written|"}}
{"check":"t8","result":{"uptime":"509.41","overlay":"","page":["Shell"],"root":"host-config-written|"}}
{"check":"t9","result":{"uptime":"513.35","overlay":"","page":["Shell"],"root":"host-config-written|"}}
{"check":"t10","result":{"uptime":"517.30","overlay":"","page":["Shell"],"root":"host-config-written|"}}
{"check":"t11","result":{"uptime":"521.25","overlay":"","page":["Shell"],"root":"host-config-written|"}}
{"check":"t12","result":{"uptime":"525.19","overlay":"","page":["Shell"],"root":"host-config-written|"}}
{"check":"t13","result":{"uptime":"529.13","overlay":"","page":["Shell"],"root":"host-config-written|"}}
{"check":"t14","result":{"uptime":"533.07","overlay":"","page":["Shell"],"root":"host-config-written|"}}
{"check":"t15","result":{"uptime":"537.00","overlay":"","page":["Shell"],"root":"host-config-written|"}}
{"check":"t16","result":{"uptime":"540.94","overlay":"","page":["Shell"],"root":"host-config-written|"}}
{"check":"t17","result":{"uptime":"544.88","overlay":"","page":["Shell"],"root":"host-config-written|"}}
{"check":"t18","result":{"uptime":"548.82","overlay":"","page":["Shell"],"root":"host-config-written|"}}
{"check":"t19","result":{"uptime":"552.75","overlay":"","page":["Shell"],"root":"host-config-written|"}}
{"check":"t20","result":{"uptime":"556.69","overlay":"","page":["Shell"],"root":"host-config-written|"}}
{"check":"root-log","result":"cat: /data/adb/modules/demo/flutter_webui/run/root.log: No such file or directory"}
{"check":"host-config-after","result":"total 40\ndrwxr-xr-x 4 root root 4096 2026-10-05 09:26 .\ndrwxr-xr-x 6 root root 4096 2026-10-05 09:26 ..\n-rw-r--r-- 1 root root    2 2026-10-05 09:26 config.webroot.json\ndrwxr-xr-x 4 root root 4096 2026-10-05 09:26 js\ndrwxr-xr-x 2 root root 4096 2026-10-05 09:26 style\n{}"}
{"check":"process-tap","result":{"url":"https://mui.kernelsu.org/index.html","socket":"webview_devtools_remote_10903","value":"tapped Process at 160,96 size 144x48 role button tappable"}}
{"check":"hello-tap","result":{"url":"https://mui.kernelsu.org/index.html","socket":"webview_devtools_remote_10903","value":"tapped Say hello at 16,144 size 288x496 role null"}}
{"check":"hello-t1","result":{"uptime":"563.51","since_tap":".84","page":[],"overlay":""}}
{"check":"hello-t2","result":{"uptime":"567.43","since_tap":"4.76","page":[],"overlay":""}}
{"check":"hello-t3","result":{"uptime":"571.34","since_tap":"8.67","page":[],"overlay":""}}
{"check":"hello-t4","result":{"uptime":"575.25","since_tap":"12.58","page":[],"overlay":""}}
{"check":"hello-t5","result":{"uptime":"579.15","since_tap":"16.48","page":[],"overlay":""}}
{"check":"hello-t6","result":{"uptime":"583.05","since_tap":"20.38","page":[],"overlay":""}}
{"check":"hello-t7","result":{"uptime":"586.96","since_tap":"24.29","page":[],"overlay":""}}
{"check":"hello-t8","result":{"uptime":"590.86","since_tap":"28.19","page":[],"overlay":""}}
{"check":"hello-t9","result":{"uptime":"594.76","since_tap":"32.09","page":[],"overlay":""}}
{"check":"hello-t10","result":{"uptime":"598.66","since_tap":"35.99","page":[],"overlay":""}}
{"check":"hello-t11","result":{"uptime":"602.57","since_tap":"39.90","page":[],"overlay":""}}
{"check":"hello-t12","result":{"uptime":"606.47","since_tap":"43.80","page":[],"overlay":""}}
{"check":"hello-t13","result":{"uptime":"610.37","since_tap":"47.70","page":[],"overlay":""}}
{"check":"hello-t14","result":{"uptime":"614.28","since_tap":"51.61","page":[],"overlay":""}}
{"check":"hello-t15","result":{"uptime":"618.19","since_tap":"55.52","page":[],"overlay":""}}
{"check":"hello-t16","result":{"uptime":"622.10","since_tap":"59.43","page":[],"overlay":""}}
{"check":"hello-t17","result":{"uptime":"625.99","since_tap":"63.32","page":[],"overlay":""}}
{"check":"hello-t18","result":{"uptime":"629.91","since_tap":"67.24","page":[],"overlay":""}}
{"check":"hello-t19","result":{"uptime":"633.81","since_tap":"71.14","page":[],"overlay":""}}
{"check":"hello-t20","result":{"uptime":"637.72","since_tap":"75.05","page":[],"overlay":""}}
{"check":"hello-all-text","result":{"url":"https://mui.kernelsu.org/index.html","socket":"webview_devtools_remote_10903","value":["Squadron","Process","Say hello","Count to 5","SHA-256","Demo pages\nOne page per thing the stack promises."]}}
{"check":"exec-probe","result":{"url":"https://mui.kernelsu.org/index.html","socket":"webview_devtools_remote_10903","value":{"callback":true,"code":0,"out":"uid=0(root) gid=0(root) groups=0(root) context=u:r:ksu:s0","ms":66}}}
{"check":"host-extras","result":{"url":"https://mui.kernelsu.org/index.html","socket":"webview_devtools_remote_10903","value":{"typeof webui.createShortcut":"undefined","typeof webui.hasShortcut":"undefined","typeof ksu.listPackages":"undefined","typeof ksu.getPackagesInfo":"undefined","typeof ksu.listUserPackages":"undefined","typeof ksu.exit":"undefined","typeof webui.exit":"function","icon":"error"}}}
{"check":"module-icon","result":"webuiIcon=icons/Icon-maskable-512.png\n-rw-r--r-- 1 root root 20998 2026-10-05 09:23 /data/adb/modules/demo/webroot/icons/Icon-maskable-512.png"}
{"check":"open","result":"opened: intent"}
{"check":"state-before","result":{"url":"https://mui.kernelsu.org/index.html","socket":"webview_devtools_remote_12277","value":{"createShortcut":"undefined","hasShortcut":"undefined"}}}
{"check":"create","result":{"url":"https://mui.kernelsu.org/index.html","socket":"webview_devtools_remote_12277","value":"unsupported"}}
{"check":"dialog","result":"[0,0][320,640]"}
{"check":"accept","result":"ui: no node with 'Add'"}
{"check":"logcat","result":""}
{"check":"pinned","result":""}
{"check":"home-tap","result":"ui: no node with 'Demo'"}
{"check":"from-shortcut-top","result":"topResumedActivity=ActivityRecord{9a4bae4 u0 com.google.android.apps.nexuslauncher/.NexusLauncherActivity t13}"}
{"check":"state-from-shortcut","result":{"error":"no page target","sockets":[],"targets":[]}}
{"check":"page","result":{"error":"no page target","sockets":[],"targets":[]}}
Starting: Intent { cmp=com.dergoogler.mmrl.wx/.ui.webui.WebUIActivity (has extras) }
Error type 3
Error: Activity class {com.dergoogler.mmrl.wx/com.dergoogler.mmrl.wx.ui.webui.WebUIActivity} does not exist.








Starting: Intent { cmp=com.dergoogler.mmrl.wx/.ui.activity.webui.WebUIActivity (has extras) }
Status: ok
Activity: com.dergoogler.mmrl.wx/.ui.activity.webui.WebUIActivity
https://mui.kernelsu.org/index.html
opened: intent
{"check":"targets","result":[{"type": "page", "url": "https://mui.kernelsu.org/index.html", "title": "Demo"}]}
{"check":"page","result":{"url":"https://mui.kernelsu.org/index.html","socket":"webview_devtools_remote_12703","value":{"href":"https://mui.kernelsu.org/index.html","title":"Demo","ready":"complete","flutter":true,"glass":true,"nav":{"dcl":200,"load":551},"paint":{"first-paint":958,"first-contentful-paint":1663},"glassAt":"present","firstFrame":null,"insets":"24px","vv":[320,640,1]}}}
{"check":"java-exceptions","result":["10-05 09:30:32.466 12703 12703 E JavaScriptInterfaceImplementation.createNewWX(...): \tat com.dergoogler.mmrl.wx.ui.activity.webui.WebUIActivity.init$lambda$4$lambda$3$lambda$2(WebUIActivity.kt:219)", "10-05 09:30:32.466 12703 12703 E JavaScriptInterfaceImplementation.createNewWX(...): \tat com.dergoogler.mmrl.wx.ui.activity.webui.WebUIActivity.$r8$lambda$_nZAC8A9f41jkM28VFfiLo2SZbA(Unknown Source:0)", "10-05 09:30:32.466 12703 12703 E JavaScriptInterfaceImplementation.createNewWX(...): \tat com.dergoogler.mmrl.wx.ui.activity.webui.WebUIActivity$$ExternalSyntheticLambda2.invoke(D8$$SyntheticClass:0)", "10-05 09:30:32.466 12703 12703 E JavaScriptInterfaceImplementation.createNewWX(...): \tat com.dergoogler.mmrl.hybridwebui.HybridWebUI.setupDependencies(HybridWebUI.kt:106)", "10-05 09:30:32.466 12703 12703 E JavaScriptInterfaceImplementation.createNewWX(...): \tat com.dergoogler.mmrl.hybridwebui.HybridWebUI.onAttachedToWindow(HybridWebUI.kt:77)", "10-05 09:30:32.466 12703 12703 E JavaScriptInterfaceImplementation.createNewWX(...): \tat android.view.View.dispatchAttachedToWindow(View.java:22860)", "10-05 09:30:32.466 12703 12703 E JavaScriptInterfaceImplementation.createNewWX(...): \tat android.view.ViewGroup.dispatchAttachedToWindow(ViewGroup.java:3492)", "10-05 09:30:32.466 12703 12703 E JavaScriptInterfaceImplementation.createNewWX(...): \tat android.view.ViewGroup.dispatchAttachedToWindow(ViewGroup.java:3499)", "10-05 09:30:32.466 12703 12703 E JavaScriptInterfaceImplementation.createNewWX(...): \tat android.view.ViewGroup.dispatchAttachedToWindow(ViewGroup.java:3499)", "10-05 09:30:32.466 12703 12703 E JavaScriptInterfaceImplementation.createNewWX(...): \tat android.view.ViewGroup.dispatchAttachedToWindow(ViewGroup.java:3499)", "10-05 09:30:32.466 12703 12703 E JavaScriptInterfaceImplementation.createNewWX(...): \tat android.view.ViewGroup.dispatchAttachedToWindow(ViewGroup.java:3499)", "10-05 09:30:32.466 12703 12703 E JavaScriptInterfaceImplementation.createNewWX(...): \tat android.view.ViewGroup.dispatchAttachedToWindow(ViewGroup.java:3499)", "--", "10-05 09:30:32.535  7797 12848 W FontLog : java.lang.IllegalStateException: Cannot perform this operation because the connection pool has been closed.", "10-05 09:30:32.535  7797 12848 W FontLog : \tat android.database.sqlite.SQLiteConnectionPool.throwIfClosedLocked(SQLiteConnectionPool.java:1103)", "10-05 09:30:32.535  7797 12848 W FontLog : \tat android.database.sqlite.SQLiteConnectionPool.waitForConnection(SQLiteConnectionPool.java:794)", "10-05 09:30:32.535  7797 12848 W FontLog : \tat android.database.sqlite.SQLiteConnectionPool.acquireConnection(SQLiteConnectionPool.java:399)", "10-05 09:30:32.535  7797 12848 W FontLog : \tat android.database.sqlite.SQLiteSession.acquireConnection(SQLiteSession.java:920)", "10-05 09:30:32.535  7797 12848 W FontLog : \tat android.database.sqlite.SQLiteSession.executeForChangedRowCount(SQLiteSession.java:778)", "10-05 09:30:32.535  7797 12848 W FontLog : \tat android.database.sqlite.SQLiteStatement.executeUpdateDelete(SQLiteStatement.java:67)", "10-05 09:30:32.535  7797 12848 W FontLog : \tat android.database.sqlite.SQLiteDatabase.executeSql(SQLiteDatabase.java:2207)", "10-05 09:30:32.535  7797 12848 W FontLog : \tat android.database.sqlite.SQLiteDatabase.execSQL(SQLiteDatabase.java:2183)", "10-05 09:30:32.535  7797 12848 W FontLog : \tat bbkg.run(:com.google.android.gms@242335041@24.23.35 (190800-646585959):57)", "10-05 09:30:32.535  7797 12848 W FontLog : \tat angs.c(:com.google.android.gms@242335041@24.23.35 (190800-646585959):50)", "10-05 09:30:32.535  7797 12848 W FontLog : \tat angs.run(:com.google.android.gms@242335041@24.23.35 (190800-646585959):76)", "10-05 09:30:32.535  7797 12848 W FontLog : \tat java.util.concurrent.ThreadPoolExecutor.runWorker(ThreadPoolExecutor.java:1145)", "--", "10-05 09:30:36.474  7797  8844 I ChimeraSrvcProxy: NullBinder for android.net.action.RECOMMEND_NETWORKS triggering remote TransactionTooLargeException due to Service without Chimera impl", "10-05 09:30:36.474  7797  8844 W .gms.persistent: Large reply transaction of 1056768 bytes, interface descriptor , code 1", "10-05 09:30:36.476  7353  8251 D OomAdjuster: Not killing cached processes", "10-05 09:30:37.111 12723 12864 D ProfileInstaller: Skipping profile installation for com.dergoogler.mmrl.wx", "10-05 09:30:37.532  7353  7501 D InetDiagMessage: Destroyed 0 sockets, proto=IPPROTO_TCP, family=AF_INET, states=14", "10-05 09:30:37.533  7353  7501 D InetDiagMessage: Destroyed 0 sockets, proto=IPPROTO_TCP, family=AF_INET6, states=14", "10-05 09:30:37.533  7353  7501 D InetDiagMessage: Destroyed live tcp sockets for uids={10152} in 1ms", "10-05 09:30:37.533  7353  7501 D InetDiagMessage: Destroyed 0 sockets, proto=IPPROTO_TCP, family=AF_INET, states=14", "10-05 09:30:37.533  7353  7501 D InetDiagMessage: Destroyed 0 sockets, proto=IPPROTO_TCP, family=AF_INET6, states=14", "10-05 09:30:37.533  7353  7501 D InetDiagMessage: Destroyed live tcp sockets for uids={20152} in 1ms", "10-05 09:30:39.374 12867 12867 W BpBinder: Linking to death on android.gui.ISurfaceComposer but there are no threads (yet?) listening to incoming transactions. See ProcessState::startThreadPool and ProcessState::setThreadPoolMaxThreadCount. Generally you should setup the binder threadpool before other initialization steps.", "10-05 09:30:39.374 12867 12867 W ProcessState: Extra binder thread started, but 0 threads requested. Do not use *startThreadPool when zero threads are requested.", "10-05 09:30:39.382   167   167 I hwservicemanager: getTransport: Cannot find entry android.hardware.graphics.mapper@4.0::IMapper/default in either framework or device VINTF manifest."]}
{"check":"console-errors","result":["--------- beginning of main", "10-05 09:30:32.292 12703 12793 E chromium: [1005/093032.291742:ERROR:variations_seed_loader.cc(37)] Seed missing signature.", "10-05 09:30:32.292 12703 12793 I chromium: [1005/093032.292137:INFO:variations_seed_loader.cc(66)] Failed to open file for reading.: No such file or directory (2)", "10-05 09:30:32.444 12798 12831 W chromium: [WARNING:runtime_features.cc(694)] SharedStorage for M118+ cannot be enabled in this configuration. Use --enable-features=SharedStorageAPI,SharedStorageAPIM118 in addition.", "10-05 09:30:32.444 12798 12831 W chromium: [WARNING:runtime_features.cc(730)] AttributionReportingCrossAppWeb cannot be enabled in this configuration. Use --enable-features=ConversionMeasurement,AttributionReportingCrossAppWeb in addition.", "10-05 09:30:32.553 12798 12831 I chromium: [INFO:viewport_data.cc(133)] E2E_Used ViewportFitCover", "10-05 09:30:32.593 12798 12831 I chromium: [INFO:viewport_data.cc(133)] E2E_Used ViewportFitCover", "10-05 09:30:32.697 12703 12703 I chromium: [INFO:CONSOLE(53)] \"Injecting <script> tag. Using callback.\", source:  (53)"]}
{"check":"first-frame-warm","result":{"url":"https://mui.kernelsu.org/index.html","socket":"webview_devtools_remote_12703","value":{"firstFrameMs":467,"now":15053,"flutter":true,"resizes":[],"paint":{"first-paint":874,"first-contentful-paint":874},"calls":[[79,"at-preload","ksu:undefined webui:undefined"],[85,"ksu-defined"],[90,"wrap-failed","exec"],[91,"wrap-failed","spawn"],[91,"wrap-failed","moduleInfo"],[95,"wrap-failed","fullScreen"],[95,"wrap-failed","toast"]],"resources":[["/internal/insets.css",62,96,"link",0],["/internal/colors.css",62,96,"link",0],["/flutter_webui.css",62,97,"link",0],["/flutter_webui.js",62,100,"script",0],["/flutter_bootstrap.js",62,97,"script",0],["/internal/assets/ext/require.js",75,97,"script",0],["/canvaskit/chromium/canvaskit.wasm",122,161,"fetch",0],["/canvaskit/chromium/canvaskit.js",123,132,"other",0],["/main.dart.js",123,153,"script",0],["/assets/FontManifest.json",357,365,"fetch",0],["/favicon.ico",364,368,"other",0],["/assets/fonts/MaterialIcons-Regular.otf",367,376,"fetch",0],["/assets/fonts/fallback/Roboto-Regular.ttf",367,373,"fetch",0],["/internal/colors.css",387,468,"fetch",0],["/pkg/demo_native.js",849,928,"fetch",0]],"marks":[["flutter_webui:register",380],["flutter_webui:registered",380],["flutter_webui:register",383],["flutter_webui:registered",383],["flutter_webui:first-frame",468]],"measures":[],"fonts":[]}}}
{"url":"https://mui.kernelsu.org/index.html","socket":"webview_devtools_remote_12703","value":"semantics on"}
{"check":"home","result":{"url":"https://mui.kernelsu.org/index.html","socket":"webview_devtools_remote_12703","value":["Squadron","Process","native","net","Say hello","Count to 5","SHA-256","Demo pages\nOne page per thing the stack promises.","Places","Strategy","Rust","Lifecycle","Shell","Plugins"]}}
{"check":"colors-css","result":{"url":"https://mui.kernelsu.org/index.html","socket":"webview_devtools_remote_12703","value":{"status":200,"type":"text/css","body":":root {\n\t/* App Base Colors */\n\t--background: #faf8ffff;\n\t--error: #b3261eff;\n\t--errorContainer: #f9dedcff;\n\t--inverseOnSurface: #e3e2e9ff;\n\t--inversePrimary: #b2c5ffff;\n\t--inverseSurface: #121318ff;\n\t--onBackground: #1a1b21ff;\n\t--onError: #ffffffff;\n\t--onErrorContainer: #410e0bff;\n\t--onPrimary: #ffffffff;\n\t--onPrimaryContainer: #001849ff;\n\t--onSecondary: #ffffffff;\n\t--onSecondaryContainer: #151b2cff;\n\t--onSurface: #1a1b21ff;\n\t--onSurfaceVariant: #45464fff;\n\t--onTertiary: #ffffffff;\n\t--onTertiaryContainer: #2b122bff;\n\t--outline: #757780ff;\n\t--outlineVariant: #c5c6d0ff;\n\t--primary: #495d92ff;\n\t--primaryContainer: #dae2ffff;\n\t--scrim: #000000ff;\n\t--secondary: #585e71ff;\n\t--secondaryContainer: #dde2f9ff;\n\t--surface: #faf8ffff;\n\t--tonalSurface: #f1f0f9ff;\n\t--surfaceBright: #faf8ffff;\n\t--surfaceContainer: #eeedf4ff;\n\t--surfaceContainerHigh: #e8e7efff;\n\t--surfaceContainerHighest: #e3e2e9ff;\n\t--surfaceContainerLow: #f4f3faff;\n\t--surfaceContainerLowest: #ffffffff;\n\t--surfaceDim: #dad9e0ff;\n\t--surfaceTint: #495d92ff;\n\t--surfaceVariant: #e1e2ecff;\n\t--tertiary: #735471ff;\n\t--tertiaryContainer: #fed6f9ff;\n\t/* Filled Tonal Button Colors */\n\t--filledTonalButtonContainerColor: #dde2f9ff;\n\t--filledTonalButtonContentColor: #151b2cff;\n\t--filledTonalButtonDisabledContainerColor: #1a1b211f;\n\t--filledTonalButtonDisabledContentColor: #1a1b2161;\n\t/* Filled Card Colors */\n\t--filledCardContainerColor: #e3e2e9ff;\n\t--filledCardContentColor: #1a1b21ff;\n\t--filledCardDisabledContainerColor: #e2e2eaff;\n\t--"}}}
{"check":"wasm-at-home","result":{"url":"https://mui.kernelsu.org/index.html","socket":"webview_devtools_remote_12703","value":{"wasm":[{"name":"chromium/canvaskit.wasm","start":122,"dur":39}],"marks":[{"name":"flutter_webui:register","t":380},{"name":"flutter_webui:registered","t":380},{"name":"flutter_webui:register","t":383},{"name":"flutter_webui:registered","t":383},{"name":"flutter_webui:first-frame","t":468}],"measures":[],"now":18536}}}
{"check":"tap-places","result":{"url":"https://mui.kernelsu.org/index.html","socket":"webview_devtools_remote_12703","value":"tapped Places at 16,572 size 288x56 role button tappable"}}
{"check":"places","result":{"url":"https://mui.kernelsu.org/index.html","socket":"webview_devtools_remote_12703","value":["Back\nBack","One service, DemoService, opened in every place this build knows. Each place probes its own facts from inside; the page never guesses from the platform it was built for.","200k","1M","3M","Count primes in every place","Restart places","inline (the caller)\nkind: inline\nstart 229 ms, first facts() round trip 129 ms\nroot\ncheck: effective uid 0\nblock_devices\ncheck: a kernel-listed block device opens for reading\nusb.native\ncheck: /dev/bus/usb lists\nusb.web\ncheck: navigator.usb exists\nprocess.spawn\ncheck: a shell runs\nfs.persistent\ncheck: working dir writable, or storage persisted\nnet\ncheck: a non-loopback interface is up, or onLine\nnative\ncheck: null","worker (isolate or Web Worker)\nkind: web_worker\nstart 223 ms, first facts() round trip 47 ms\nroot\ncheck: effective uid 0\nblock_devices\ncheck: a kernel-listed block device opens for reading\nusb.native\ncheck: /dev/bus/usb lists\nusb.web\ncheck: navigator.usb exists\nprocess.spawn\ncheck: a shell runs\nfs.persistent\ncheck: working dir writable, or storage persisted\nnet\ncheck: a non-loopback interface is up, or onLine\nnative\ncheck: null","Places","Strategy","Rust","Lifecycle","Shell","Plugins"]}}
{"check":"places-scroll-1","result":{"url":"https://mui.kernelsu.org/index.html","socket":"webview_devtools_remote_12703","value":["Back\nBack","Count primes in every place","Restart places","inline (the caller)\nkind: inline\nstart 229 ms, first facts() round trip 129 ms\nroot\ncheck: effective uid 0\nblock_devices\ncheck: a kernel-listed block device opens for reading\nusb.native\ncheck: /dev/bus/usb lists\nusb.web\ncheck: navigator.usb exists\nprocess.spawn\ncheck: a shell runs\nfs.persistent\ncheck: working dir writable, or storage persisted\nnet\ncheck: a non-loopback interface is up, or onLine\nnative\ncheck: null","worker (isolate or Web Worker)\nkind: web_worker\nstart 223 ms, first facts() round trip 47 ms\nroot\ncheck: effective uid 0\nblock_devices\ncheck: a kernel-listed block device opens for reading\nusb.native\ncheck: /dev/bus/usb lists\nusb.web\ncheck: navigator.usb exists\nprocess.spawn\ncheck: a shell runs\nfs.persistent\ncheck: working dir writable, or storage persisted\nnet\ncheck: a non-loopback interface is up, or onLine\nnative\ncheck: null","root process (the app CLI, serve mode)\nkind: process\nstart 313 ms, first facts() round trip 0 ms\nroot\ncheck: effective uid 0\nblock_devices\ncheck: a kernel-listed block device opens for reading\nusb.native\ncheck: /dev/bus/usb lists\nusb.web\ncheck: navigator.usb exists\nprocess.spawn\ncheck: a shell runs\nfs.persistent\ncheck: working dir writable, or storage persisted\nnet\ncheck: a non-loopback interface is up, or onLine\nnative\ncheck: null","Places","Strategy","Rust","Lifecycle","Shell","Plugins"]}}
{"check":"places-scroll-2","result":{"url":"https://mui.kernelsu.org/index.html","socket":"webview_devtools_remote_12703","value":["Back\nBack","inline (the caller)\nkind: inline\nstart 229 ms, first facts() round trip 129 ms\nroot\ncheck: effective uid 0\nblock_devices\ncheck: a kernel-listed block device opens for reading\nusb.native\ncheck: /dev/bus/usb lists\nusb.web\ncheck: navigator.usb exists\nprocess.spawn\ncheck: a shell runs\nfs.persistent\ncheck: working dir writable, or storage persisted\nnet\ncheck: a non-loopback interface is up, or onLine\nnative\ncheck: null","worker (isolate or Web Worker)\nkind: web_worker\nstart 223 ms, first facts() round trip 47 ms\nroot\ncheck: effective uid 0\nblock_devices\ncheck: a kernel-listed block device opens for reading\nusb.native\ncheck: /dev/bus/usb lists\nusb.web\ncheck: navigator.usb exists\nprocess.spawn\ncheck: a shell runs\nfs.persistent\ncheck: working dir writable, or storage persisted\nnet\ncheck: a non-loopback interface is up, or onLine\nnative\ncheck: null","root process (the app CLI, serve mode)\nkind: process\nstart 313 ms, first facts() round trip 0 ms\nroot\ncheck: effective uid 0\nblock_devices\ncheck: a kernel-listed block device opens for reading\nusb.native\ncheck: /dev/bus/usb lists\nusb.web\ncheck: navigator.usb exists\nprocess.spawn\ncheck: a shell runs\nfs.persistent\ncheck: working dir writable, or storage persisted\nnet\ncheck: a non-loopback interface is up, or onLine\nnative\ncheck: null","Reference: one call and one stream per place\nsquadron_process doc/benchmark.md, a 4-vCPU VM. Not measured here; devicelab measures devices.\nCall: isolate 31 µs, Web Worker (dart2js) 120 µs, process 247 µs, process from the page 401 µs.\n64 KiB stream: isolate 3643 MiB/s, Web Worker 631 MiB/s, process link about 110 MiB/s.","Places","Strategy","Rust","Lifecycle","Shell","Plugins"]}}
{"check":"places-scroll-3","result":{"url":"https://mui.kernelsu.org/index.html","socket":"webview_devtools_remote_12703","value":["Back\nBack","worker (isolate or Web Worker)\nkind: web_worker\nstart 223 ms, first facts() round trip 47 ms\nroot\ncheck: effective uid 0\nblock_devices\ncheck: a kernel-listed block device opens for reading\nusb.native\ncheck: /dev/bus/usb lists\nusb.web\ncheck: navigator.usb exists\nprocess.spawn\ncheck: a shell runs\nfs.persistent\ncheck: working dir writable, or storage persisted\nnet\ncheck: a non-loopback interface is up, or onLine\nnative\ncheck: null","root process (the app CLI, serve mode)\nkind: process\nstart 313 ms, first facts() round trip 0 ms\nroot\ncheck: effective uid 0\nblock_devices\ncheck: a kernel-listed block device opens for reading\nusb.native\ncheck: /dev/bus/usb lists\nusb.web\ncheck: navigator.usb exists\nprocess.spawn\ncheck: a shell runs\nfs.persistent\ncheck: working dir writable, or storage persisted\nnet\ncheck: a non-loopback interface is up, or onLine\nnative\ncheck: null","Reference: one call and one stream per place\nsquadron_process doc/benchmark.md, a 4-vCPU VM. Not measured here; devicelab measures devices.\nCall: isolate 31 µs, Web Worker (dart2js) 120 µs, process 247 µs, process from the page 401 µs.\n64 KiB stream: isolate 3643 MiB/s, Web Worker 631 MiB/s, process link about 110 MiB/s.","Places","Strategy","Rust","Lifecycle","Shell","Plugins"]}}
{"check":"tap-strategy","result":{"url":"https://mui.kernelsu.org/index.html","socket":"webview_devtools_remote_12703","value":"tapped Strategy at 53,536 size 53x80 role tab tappable"}}
{"check":"strategy","result":{"url":"https://mui.kernelsu.org/index.html","socket":"webview_devtools_remote_12703","value":["Back\nBack","Objective: list the device's partitions. Strategies in preference order: on the device as root, then from a host over USB. The first one the place's facts allow runs; nothing reads kIsWeb or Platform.","Place","inline (the caller)","worker (isolate or Web Worker)","root process (the app CLI, serve mode)","Facts from inline (the caller)\nSwitch a fact off to see the fallback. You can only take facts away.\nroot\ncheck: effective uid 0\nblock_devices\ncheck: a kernel-listed block device opens for reading\nusb.native\ncheck: /dev/bus/usb lists\nusb.web\ncheck: navigator.usb exists\nprocess.spawn\ncheck: a shell runs\nfs.persistent\ncheck: working dir writable, or storage persisted\nnet\ncheck: a non-loopback interface is up, or onLine\nnative\ncheck: null","root","block_devices","usb.native","process.spawn","Places","Strategy","Rust","Lifecycle","Shell","Plugins"]}}
{"check":"tap-strategy-root","result":{"url":"https://mui.kernelsu.org/index.html","socket":"webview_devtools_remote_12703","value":"tapped root process at 24,358 size 272x48 role checkbox tappable"}}
{"check":"strategy-root","result":{"url":"https://mui.kernelsu.org/index.html","socket":"webview_devtools_remote_12703","value":["Back\nBack","Objective: list the device's partitions. Strategies in preference order: on the device as root, then from a host over USB. The first one the place's facts allow runs; nothing reads kIsWeb or Platform.","Place","inline (the caller)","worker (isolate or Web Worker)","root process (the app CLI, serve mode)","Facts from root process (the app CLI, serve mode)\nSwitch a fact off to see the fallback. You can only take facts away.\nroot\ncheck: effective uid 0\nblock_devices\ncheck: a kernel-listed block device opens for reading\nusb.native\ncheck: /dev/bus/usb lists\nusb.web\ncheck: navigator.usb exists\nprocess.spawn\ncheck: a shell runs\nfs.persistent\ncheck: working dir writable, or storage persisted\nnet\ncheck: a non-loopback interface is up, or onLine\nnative\ncheck: null","root","block_devices","usb.native","process.spawn","Places","Strategy","Rust","Lifecycle","Shell","Plugins"]}}
{"check":"strategy-root-scroll-1","result":{"url":"https://mui.kernelsu.org/index.html","socket":"webview_devtools_remote_12703","value":["Back\nBack","Place","inline (the caller)","worker (isolate or Web Worker)","root process (the app CLI, serve mode)","Facts from root process (the app CLI, serve mode)\nSwitch a fact off to see the fallback. You can only take facts away.\nroot\ncheck: effective uid 0\nblock_devices\ncheck: a kernel-listed block device opens for reading\nusb.native\ncheck: /dev/bus/usb lists\nusb.web\ncheck: navigator.usb exists\nprocess.spawn\ncheck: a shell runs\nfs.persistent\ncheck: working dir writable, or storage persisted\nnet\ncheck: a non-loopback interface is up, or onLine\nnative\ncheck: null","root","block_devices","usb.native","process.spawn","Chosen: on device (/proc/partitions as root)\non_device chosen","on device (/proc/partitions as root)\nneeds root + block_devices: has them","Places","Strategy","Rust","Lifecycle","Shell","Plugins"]}}
{"check":"strategy-root-scroll-2","result":{"url":"https://mui.kernelsu.org/index.html","socket":"webview_devtools_remote_12703","value":["Back\nBack","Facts from root process (the app CLI, serve mode)\nSwitch a fact off to see the fallback. You can only take facts away.\nroot\ncheck: effective uid 0\nblock_devices\ncheck: a kernel-listed block device opens for reading\nusb.native\ncheck: /dev/bus/usb lists\nusb.web\ncheck: navigator.usb exists\nprocess.spawn\ncheck: a shell runs\nfs.persistent\ncheck: working dir writable, or storage persisted\nnet\ncheck: a non-loopback interface is up, or onLine\nnative\ncheck: null","usb.native","process.spawn","Chosen: on device (/proc/partitions as root)\non_device chosen","on device (/proc/partitions as root)\nneeds root + block_devices: has them","from host (fastboot getvar all)\nneeds usb.native + process.spawn: has them","Run on_device in process","Log\nEvery run: objective, strategy, place and the facts it saw.\nNothing has run yet.","Places","Strategy","Rust","Lifecycle","Shell","Plugins"]}}
{"check":"tap-rust","result":{"url":"https://mui.kernelsu.org/index.html","socket":"webview_devtools_remote_12703","value":"tapped Rust at 107,536 size 53x80 role tab tappable"}}
{"check":"rust","result":{"url":"https://mui.kernelsu.org/index.html","socket":"webview_devtools_remote_12703","value":["Back\nBack","The demo crate (rust/) counts the primes below 1000000 with the same loop as page 1's Dart. The service loads it in its own place through flutter_rust_bridge, so each place runs its own build.","Run in every place","inline (the caller)","Run here","worker (isolate or Web Worker)","Run here","root process (the app CLI, serve mode)","Run here","Places","Strategy","Rust","Lifecycle","Shell","Plugins"]}}
{"check":"tap-rust-run","result":{"url":"https://mui.kernelsu.org/index.html","socket":"webview_devtools_remote_12703","value":"tapped Run in every place at 16,196 size 288x48 role button tappable"}}
{"check":"rust-ran","result":{"url":"https://mui.kernelsu.org/index.html","socket":"webview_devtools_remote_12703","value":["Back\nBack","The demo crate (rust/) counts the primes below 1000000 with the same loop as page 1's Dart. The service loads it in its own place through flutter_rust_bridge, so each place runs its own build.","Run in every place","inline (the caller)\nBuilt for: wasm32-unknown (single-threaded)\nLoad: 121 ms (once per place, on its first Rust call; on the web that fetches and instantiates the wasm)\nRust 134 ms, Dart 1043 ms (same count: 78498)","Run here","worker (isolate or Web Worker)\nBuilt for: wasm32-unknown (single-threaded)\nLoad: 26 ms (once per place, on its first Rust call; on the web that fetches and instantiates the wasm)\nRust 164 ms, Dart 264 ms (same count: 78498)","Run here","root process (the app CLI, serve mode)\nBuilt for: x86_64-android\nLoad: 0 ms (once per place, on its first Rust call; on the web that fetches and instantiates the wasm)\nRust 125 ms, Dart 131 ms (same count: 78498)","Places","Strategy","Rust","Lifecycle","Shell","Plugins"]}}
{"check":"wasm-after-rust","result":{"url":"https://mui.kernelsu.org/index.html","socket":"webview_devtools_remote_12703","value":{"wasm":[{"name":"chromium/canvaskit.wasm","start":122,"dur":39},{"name":"pkg/demo_native_bg.wasm","start":81429,"dur":44}],"marks":[{"name":"flutter_webui:register","t":380},{"name":"flutter_webui:registered","t":380},{"name":"flutter_webui:register","t":383},{"name":"flutter_webui:registered","t":383},{"name":"flutter_webui:first-frame","t":468}],"measures":[],"now":102422}}}
{"check":"tap-rust-run-2","result":{"url":"https://mui.kernelsu.org/index.html","socket":"webview_devtools_remote_12703","value":"tapped Run in every place at 16,196 size 288x48 role button tappable"}}
{"check":"rust-ran-2","result":{"url":"https://mui.kernelsu.org/index.html","socket":"webview_devtools_remote_12703","value":["Back\nBack","The demo crate (rust/) counts the primes below 1000000 with the same loop as page 1's Dart. The service loads it in its own place through flutter_rust_bridge, so each place runs its own build.","Run in every place","inline (the caller)\nBuilt for: wasm32-unknown (single-threaded)\nLoad: 0 ms (once per place, on its first Rust call; on the web that fetches and instantiates the wasm)\nRust 121 ms, Dart 1062 ms (same count: 78498)","Run here","worker (isolate or Web Worker)\nBuilt for: wasm32-unknown (single-threaded)\nLoad: 1 ms (once per place, on its first Rust call; on the web that fetches and instantiates the wasm)\nRust 132 ms, Dart 233 ms (same count: 78498)","Run here","root process (the app CLI, serve mode)\nBuilt for: x86_64-android\nLoad: 0 ms (once per place, on its first Rust call; on the web that fetches and instantiates the wasm)\nRust 127 ms, Dart 132 ms (same count: 78498)","Places","Strategy","Rust","Lifecycle","Shell","Plugins"]}}
{"check":"tap-lifecycle","result":{"url":"https://mui.kernelsu.org/index.html","socket":"webview_devtools_remote_12703","value":"tapped Lifecycle at 160,536 size 53x80 role tab tappable"}}
{"check":"tap-root-process","result":{"url":"https://mui.kernelsu.org/index.html","socket":"webview_devtools_remote_12703","value":"tapped root process at 24,390 size 272x48 role checkbox tappable"}}
{"check":"tap-start","result":{"url":"https://mui.kernelsu.org/index.html","socket":"webview_devtools_remote_12703","value":"tapped Start at 24,462 size 97x48 role button tappable"}}
{"check":"lifecycle-running","result":{"url":"https://mui.kernelsu.org/index.html","socket":"webview_devtools_remote_12703","value":["Back\nBack","Start a five-minute task, then switch away (Home, another app or tab) and come back: hidden keeps going. Close the app instead and reopen it: closed stops, and this page says where the task was when it ended.","Task\ntick every 500 ms, stamped with the place's own clock\nrunning in process: tick 17/600, longest gap 505 ms, app resumed 3","inline (the caller)","worker (isolate or Web Worker)","root process (the app CLI, serve mode)","Stop","Lifecycle\n09:32:58  started in process","Facts from root process (the app CLI, serve mode)\nroot\ncheck: effective uid 0\nblock_devices\ncheck: a kernel-listed block device opens for reading\nusb.native\ncheck: /dev/bus/usb lists\nusb.web\ncheck: navigator.usb exists\nprocess.spawn\ncheck: a shell runs\nfs.persistent\ncheck: working dir writable, or storage persisted\nnet\ncheck: a non-loopback interface is up, or onLine\nnative\ncheck: null","Places","Strategy","Rust","Lifecycle","Shell","Plugins"]}}
{"check":"lifecycle-after-home","result":{"url":"https://mui.kernelsu.org/index.html","socket":"webview_devtools_remote_12703","value":["Back\nBack","Start a five-minute task, then switch away (Home, another app or tab) and come back: hidden keeps going. Close the app instead and reopen it: closed stops, and this page says where the task was when it ended.","Task\ntick every 500 ms, stamped with the place's own clock\nrunning in process: tick 41/600, longest gap 505 ms, app resumed 7","inline (the caller)","worker (isolate or Web Worker)","root process (the app CLI, serve mode)","Stop","Lifecycle\n09:33:14  away 7.1 s: the place produced 15 ticks (on schedule: 14); longest gap 505 ms\n09:33:14  inactive -> resumed\n09:33:14  hidden -> inactive\n09:33:07  inactive -> hidden\n09:33:07  resumed -> inactive\n09:32:58  started in process","Places","Strategy","Rust","Lifecycle","Shell","Plugins"]}}
{"check":"root-process","result":"u0_a211      10211 u:r:untrusted_app_27:s0:c211,c256,c512,c768 11656 com.webui.api.demo\nroot             0 u:r:ksu:s0                     12928 dartaotruntime\nroot             0 u:r:ksu:s0                     12974 dartaotruntime"}
/home/runner/work/devicelab/devicelab/out/sockprobe: 1 file pushed, 0 skipped. 253.1 MB/s (3501403 bytes in 0.013s)
{"check":"block-devices","result":"dm-0\ndm-1\ndm-11\ndm-13\ndm-14\ndm-16\ndm-17\ndm-18\ntotal 0\ndrwxr-xr-x 2 root root u:object_r:block_device:s0                140 2026-10-05 09:18 by-name\nbrw------- 1 root root u:object_r:dm_device:s0              254,   0 2026-10-05 09:18 dm-0\nbrw------- 1 root root u:object_r:dm_device:s0              254,   1 2026-10-05 09:18 dm-1\nbrw------- 1 root root u:object_r:dm_device:s0              254,  11 2026-10-05 09:18 dm-11\nbrw------- 1 root root u:object_r:dm_device:s0              254,  13 2026-10-05 09:18 dm-13\nbrw------- 1 root root u:object_r:dm_device:s0              254,  14 2026-10-05 09:18 dm-14\nbrw------- 1 root root u:object_r:dm_device:s0              254,  16 2026-10-05 09:18 dm-16\nbrw------- 1 root root u:object_r:dm_device:s0              254,  17 2026-10-05 09:18 dm-17\nbrw------- 1 root root u:object_r:dm_device:s0              254,  18 2026-10-05 09:18 dm-18\nbrw------- 1 root root u:object_r:dm_device:s0              254,  19 2026-10-05 09:18 dm-19\nbrw------- 1 root root u:object_r:dm_device:s0              254,   2 2026-10-05 09:18 dm-2\n-- su:\n0000000  \\0\n-- ksu:\n{\"error\":\"write /proc/thread-self/attr/current: operation not permitted\",\"op\":\"setcon\"}\n-- avc:"}
{"check":"back-1","result":{"url":"https://mui.kernelsu.org/index.html","socket":"webview_devtools_remote_12703","value":["Squadron","Process","native","net","Say hello","Count to 5","SHA-256","Demo pages\nOne page per thing the stack promises.","Places","Strategy","Rust","Lifecycle","Shell","Plugins"]}}
{"check":"back-1-top","result":"topResumedActivity=ActivityRecord{6d88fee u0 com.dergoogler.mmrl.wx/.ui.activity.webui.WebUIActivity t20}"}
{"check":"back-2-top","result":"topResumedActivity=ActivityRecord{9a4bae4 u0 com.google.android.apps.nexuslauncher/.NexusLauncherActivity t13}"}
{"check":"back-3-top","result":"topResumedActivity=ActivityRecord{9a4bae4 u0 com.google.android.apps.nexuslauncher/.NexusLauncherActivity t13}"}
{"check":"open","result":"opened: intent"}
{"check":"tap-places","result":{"url":"https://mui.kernelsu.org/index.html","socket":"webview_devtools_remote_13342","value":"tapped Places at 16,572 size 288x56 role button tappable"}}
{"check":"places","result":{"url":"https://mui.kernelsu.org/index.html","socket":"webview_devtools_remote_13342","value":["Back\nBack","One service, DemoService, opened in every place this build knows. Each place probes its own facts from inside; the page never guesses from the platform it was built for.","200k","1M","3M","Count primes in every place","Restart places","inline (the caller)\nkind: inline\nstart 455 ms, first facts() round trip 171 ms\nroot\ncheck: effective uid 0\nblock_devices\ncheck: a kernel-listed block device opens for reading\nusb.native\ncheck: /dev/bus/usb lists\nusb.web\ncheck: navigator.usb exists\nprocess.spawn\ncheck: a shell runs\nfs.persistent\ncheck: working dir writable, or storage persisted\nnet\ncheck: a non-loopback interface is up, or onLine\nnative\ncheck: null","worker (isolate or Web Worker)\nkind: web_worker\nstart 310 ms, first facts() round trip 105 ms\nroot\ncheck: effective uid 0\nblock_devices\ncheck: a kernel-listed block device opens for reading\nusb.native\ncheck: /dev/bus/usb lists\nusb.web\ncheck: navigator.usb exists\nprocess.spawn\ncheck: a shell runs\nfs.persistent\ncheck: working dir writable, or storage persisted\nnet\ncheck: a non-loopback interface is up, or onLine\nnative\ncheck: null","Places","Strategy","Rust","Lifecycle","Shell","Plugins"]}}
{"check":"root-process","result":"pid 13551 uid 0 ctx u:r:ksu:s0 cwd /data/adb/demo\n/system/bin/sh -c trap : TERM INT HUP USR1 USR2; exec 0</dev/null; \"$@\" >>\"$FLUTTER_WEBUI_LOG\" 2>&1; c=$?; (umask 077 && echo $c >\"$FLUTTER_WEBUI_EXIT.tmp\"); mv \"$FLUTTER_WEBUI_EXIT.tmp\" \"$FLUTTER_WEBUI_EXIT\" sh /data/adb/modules/demo/bin/demo serve --session-file /data/adb/modules/demo/run/demo.place.json --launch-id 8c8ad671ed89f5e5 \npid 13552 uid 0 ctx u:r:ksu:s0 cwd /data/adb/demo\n/data/adb/modules/demo/bin/x86_64/dartaotruntime /data/adb/modules/demo/bin/x86_64/demo.aot serve --session-file /data/adb/modules/demo/run/demo.place.json --launch-id 8c8ad671ed89f5e5 \npid 13592 uid 0 ctx u:r:su:s0 cwd /\n/system/bin/sh -c for p in $(pgrep -f 'serve --session-file'); do echo \"pid $p uid $(stat -c %u /proc/$p) ctx $(cat /proc/$p/attr/current | tr -d '\\0') cwd $(readlink /proc/$p/cwd)\"; tr '\\0' ' ' </proc/$p/cmdline; echo; done"}
{"check":"root-cwd","result":"/data/adb/demo"}
{"check":"cli-facts-datadir","result":"{\n  \"root\": true,\n  \"block_devices\": true,\n  \"usb.native\": true,\n  \"usb.web\": false,\n  \"process.spawn\": true,\n  \"fs.persistent\": true,\n  \"net\": true,\n  \"native\": true\n}"}
{"check":"cli-facts-slash","result":"\"root\": true,\n  \"fs.persistent\": false,"}
{"check":"page-persisted","result":{"url":"https://mui.kernelsu.org/index.html","socket":"webview_devtools_remote_13342","value":{"persisted":false}}}
{"check":"worker-persisted","result":{"url":"https://mui.kernelsu.org/index.html","socket":"webview_devtools_remote_13342","value":{"error":"SecurityError: Failed to construct 'Worker': Access to the script at 'blob:https://mui.kernelsu.org/25e6bbd5-8286-4c44-b17f-8565e4440ff6' is denied by the document's Content Security Policy."}}}
{"check":"open-home","result":"opened: intent"}
{"check":"home-only","result":"channel= place=13872 fgs=0"}
{"check":"normal-tap-places","result":{"url":"https://mui.kernelsu.org/index.html","socket":"webview_devtools_remote_13715","value":"tapped Places at 16,572 size 288x56 role button tappable"}}
{"check":"normal-channel-up-after","result":"0 s (pid 13904)"}
{"check":"normal-state-open","result":"port=37137 conns=2 channel=13904 place=13959 fgs=1"}
{"check":"normal-closed","result":"09:34:41 top: com.google.android.apps.nexuslauncher/.NexusLauncherActivity"}
{"check":"normal-after-close","result":{"conn_dropped_s":"0","channel_exit_s":"29","place_exit_s":">240","fgs_gone_s":"29"}}
{"check":"normal-root-log","result":"2026-10-05T09:34:31.125050 cgroup before: 4:memory:/apps 3:cpuset:/top-app 2:cpu:/top-app 1:blkio:/ 0::/\n2026-10-05T09:34:31.125146 cgroup after: 4:memory:/apps 3:cpuset:/top-app 2:cpu:/top-app 1:blkio:/ 0::/\n2026-10-05T09:34:31.193294 listening on 127.0.0.1:37137\n2026-10-05T09:35:09.382853 shutting down\n2026-10-05T09:35:09.412534 am stopservice --user 0 -n com.webui.api.demo/com.termux.api.RootHelperService: exit 255 Stopping service: Intent { cmp=com.webui.api.demo/com.termux.api.RootHelperService }\nService stopped"}
{"check":"reopen","result":"opened: intent"}
{"check":"screenoff-tap-places","result":{"url":"https://mui.kernelsu.org/index.html","socket":"webview_devtools_remote_14569","value":"tapped Places at 16,572 size 288x56 role button tappable"}}
{"check":"screenoff-channel-up-after","result":"0 s (pid 14735)"}
{"check":"screenoff-state-open","result":"port=42821 conns=2 channel=14754 place=14796 fgs=1"}
{"check":"screenoff-closed","result":"09:39:10 top: com.google.android.apps.nexuslauncher/.NexusLauncherActivity"}
{"check":"screenoff-after-close","result":{"conn_dropped_s":"0","channel_exit_s":"29","place_exit_s":">240","fgs_gone_s":"29"}}
{"check":"screenoff-root-log","result":"2026-10-05T09:39:00.531258 cgroup before: 4:memory:/apps 3:cpuset:/top-app 2:cpu:/top-app 1:blkio:/ 0::/\n2026-10-05T09:39:00.531383 cgroup after: 4:memory:/apps 3:cpuset:/top-app 2:cpu:/top-app 1:blkio:/ 0::/\n2026-10-05T09:39:00.615780 listening on 127.0.0.1:42821\n2026-10-05T09:39:38.585116 shutting down\n2026-10-05T09:39:38.613414 am stopservice --user 0 -n com.webui.api.demo/com.termux.api.RootHelperService: exit 255 Stopping service: Intent { cmp=com.webui.api.demo/com.termux.api.RootHelperService }\nService stopped"}
{"check":"stopservice","result":"Starting service: Intent { cmp=com.webui.api.demo/com.termux.api.RootHelperService }\nStopping service: Intent { cmp=com.webui.api.demo/com.termux.api.RootHelperService }\nService stopped\nexit=255\n0"}
{"check":"sys-dark","night":"yes","color_mode":"","opened":"opened: intent","result":{"url":"https://mui.kernelsu.org/index.html","socket":"webview_devtools_remote_15511","value":{"dark":true,"primary":"#b2c5ffff","background":"#121318ff","cssBytes":1545}}}
{"check":"sys-light","night":"no","color_mode":"","opened":"opened: intent","result":{"url":"https://mui.kernelsu.org/index.html","socket":"webview_devtools_remote_15762","value":{"dark":false,"primary":"#495d92ff","background":"#faf8ffff","cssBytes":1545}}}
/home/runner/work/devicelab/devicelab/out/sockprobe: 1 file pushed, 0 skipped. 298.6 MB/s (3501403 bytes in 0.011s)
{"check":"ksud-version","result":"ksud 3.3.0 (uapi: 2)\nmanage module configuration\n\nUsage: ksud module config [OPTIONS] <COMMAND>"}
{"check":"root-script","result":"-rwxr-xr-x 1 root root 1921 2026-10-05 09:23 /data/adb/modules/demo/flutter_webui/root\n#!/system/bin/sh\n# flutter-webui root channel launcher. Lives at <moddir>/flutter_webui/root.\n# Usage: sh root start    find or start the channel; prints its session as one\n#                         JSON line (port, token), or exits non-zero\n#        sh root serve    run the channel (started detached by `start`)\n# Needs `ksud module config` (KernelSU or KernelSU Next v3.0.0+).\n# SPDX-License-Identifier: LGPL-3.0-or-later WITH LGPL-3.0-linking-exception\n\ndir=${0%/*}\ncase \"$dir\" in /*) ;; *) dir=$(cd \"$dir\" && pwd) ;; esac\nmoddir=${dir%/*}\nid=${moddir##*/}\nrun=$dir/run\n\ncase \"$(uname -m)\" in\n  aarch64 | arm64) abi=arm64-v8a ;;\n  x86_64) abi=x86_64 ;;\n  *) echo \"flutter_webui: unsupported CPU $(uname -m)\" >&2; exit 1 ;;\nesac\n\n# Root shells can start with an empty environment, and the Dart VM needs a\n# writable TMPDIR: the module's temporary directory, which `start` empties on\n# the first start of each boot.\nexport TMPDIR=\"${FLUTTER_WEBUI_DATA:-/data/adb/$id}/tmp\"\n(umask 077 && mkdir -p \"$TMPDIR\" \"$run\")\n\nchannel() {\n  rt=$dir/$abi\n  # A linux (glibc) runtime ships its loader and libraries next to it; an\n  # Android-built runtime runs directly."}
{"check":"layout-before","result":"total 48\ndrwxr-xr-x 5 root root 4096 2026-10-05 09:27 .\ndrwxr-xr-x 7 root root 4096 2026-10-05 09:27 ..\ndrwxr-xr-x 2 root root 4096 2026-10-05 09:23 arm64-v8a\n-rwxr-xr-x 1 root root 1921 2026-10-05 09:23 root\ndrwx------ 3 root root 4096 2026-10-05 09:27 run\ndrwxr-xr-x 2 root root 4096 2026-10-05 09:23 x86_64\n-- run:\n700 root:root /data/adb/modules/demo/flutter_webui/run\n/data/adb/modules/demo/flutter_webui/run:\ntotal 44\ndrwx------ 3 root root 4096 2026-10-05 09:27 .\ndrwxr-xr-x 5 root root 4096 2026-10-05 09:27 ..\n-rw------- 1 root root    6 2026-10-05 09:39 lock\ndrwx------ 2 root root 4096 2026-10-05 09:39 proc\n-rw------- 1 root root  523 2026-10-05 09:39 root.log\n-rw------- 1 root root    0 2026-10-05 09:27 start.lock\n\n/data/adb/modules/demo/flutter_webui/run/proc:\ntotal 104\ndrwx------ 2 root root 4096 2026-10-05 09:39 .\ndrwx------ 3 root root 4096 2026-10-05 09:27 ..\n-rw-r--r-- 1 root root   36 2026-10-05 09:27 .boot\n-rw------- 1 root root    2 2026-10-05 09:28 1791192477679555-0.exit\n-rw------- 1 root root  215 2026-10-05 09:27 1791192477679555-0.log\n-rw------- 1 root root    2 2026-10-05 09:33 1791192668991771-0.exit\n-rw------- 1 root root  215 2026-10-05 09:31 1791192668991771-0.log\n-rw------- 1 root root    2 2026-10-05 09:34 1791192830711140-1.exit\n-rw------- 1 root root  215 2026-10-05 09:33 1791192830711140-1.log\n-- webroot/.run:\nls: /data/adb/modules/demo/webroot/.run: No such file or directory"}
{"check":"config-before","result":"webui.session=Error: Key 'webui.session' not found\nwebui.boot=837095c0-df97-47f9-a02a-c8b8792327d9\n-- list:\nwebui.installed=1\nwebui.boot=837095c0-df97-47f9-a02a-c8b8792327d9"}
{"check":"config-after-boot","result":"webui.session=Error: Key 'webui.session' not found\nwebui.boot=Error: Key 'webui.boot' not found\n-- list:\nwebui.installed=1"}
{"check":"tmp-after-boot","result":"total 24\ndrwx------ 2 root root 4096 2026-10-05 09:44 .\ndrwx------ 3 root root 4096 2026-10-05 09:39 ..\n-rw-rw-rw- 1 root root    4 2026-10-05 09:44 lab-marker"}
{"check":"start-1","result":"# via adb root (0 u:r:su:s0)\n{\"protocol\":1,\"version\":\"0.2.3\",\"port\":33649,\"token\":\"uNrzqnVtggG_7UAgcZmGOGNYkwrEFlq8VePA4pkq8kQ\",\"pid\":18212,\"boot\":\"837095c0-df97-47f9-a02a-c8b8792327d9\",\"started\":\"2026-10-05T09:44:41.079481Z\"}\nexit=0"}
{"check":"tmp-after-start-1","result":"total 16\ndrwx------ 2 root root 4096 2026-10-05 09:44 .\ndrwx------ 3 root root 4096 2026-10-05 09:39 .."}
{"check":"config-after-start-1","result":"webui.session={\"protocol\":1,\"version\":\"0.2.3\",\"port\":33649,\"token\":\"uNrzqnVtggG_7UAgcZmGOGNYkwrEFlq8VePA4pkq8kQ\",\"pid\":18212,\"boot\":\"837095c0-df97-47f9-a02a-c8b8792327d9\",\"started\":\"2026-10-05T09:44:41.079481Z\"}\nwebui.boot=837095c0-df97-47f9-a02a-c8b8792327d9\n-- list:\nwebui.installed=1\nwebui.boot=837095c0-df97-47f9-a02a-c8b8792327d9\nwebui.session={\"protocol\":1,\"version\":\"0.2.3\",\"port\":33649,\"token\":\"uNrzqnVtggG_7UAgcZmGOGNYkwrEFlq8VePA4pkq8kQ\",\"pid\":18212,\"boot\":\"837095c0-df97-47f9-a02a-c8b8792327d9\",\"started\":\"2026-10-05T09:44:41.079481Z\"}"}
{"check":"layout-after-start-1","result":"total 48\ndrwxr-xr-x 5 root root 4096 2026-10-05 09:27 .\ndrwxr-xr-x 7 root root 4096 2026-10-05 09:27 ..\ndrwxr-xr-x 2 root root 4096 2026-10-05 09:23 arm64-v8a\n-rwxr-xr-x 1 root root 1921 2026-10-05 09:23 root\ndrwx------ 3 root root 4096 2026-10-05 09:27 run\ndrwxr-xr-x 2 root root 4096 2026-10-05 09:23 x86_64\n-- run:\n700 root:root /data/adb/modules/demo/flutter_webui/run\n/data/adb/modules/demo/flutter_webui/run:\ntotal 44\ndrwx------ 3 root root 4096 2026-10-05 09:27 .\ndrwxr-xr-x 5 root root 4096 2026-10-05 09:27 ..\n-rw------- 1 root root    6 2026-10-05 09:44 lock\ndrwx------ 2 root root 4096 2026-10-05 09:39 proc\n-rw------- 1 root root  243 2026-10-05 09:44 root.log\n-rw------- 1 root root    0 2026-10-05 09:27 start.lock\n\n/data/adb/modules/demo/flutter_webui/run/proc:\ntotal 104\ndrwx------ 2 root root 4096 2026-10-05 09:39 .\ndrwx------ 3 root root 4096 2026-10-05 09:27 ..\n-rw-r--r-- 1 root root   36 2026-10-05 09:27 .boot\n-rw------- 1 root root    2 2026-10-05 09:28 1791192477679555-0.exit\n-rw------- 1 root root  215 2026-10-05 09:27 1791192477679555-0.log\n-rw------- 1 root root    2 2026-10-05 09:33 1791192668991771-0.exit\n-rw------- 1 root root  215 2026-10-05 09:31 1791192668991771-0.log\n-rw------- 1 root root    2 2026-10-05 09:34 1791192830711140-1.exit\n-rw------- 1 root root  215 2026-10-05 09:33 1791192830711140-1.log\n-- webroot/.run:\nls: /data/adb/modules/demo/webroot/.run: No such file or directory"}
{"check":"start-2","result":"# via adb root (0 u:r:su:s0)\n{\"protocol\":1,\"version\":\"0.2.3\",\"port\":33649,\"token\":\"uNrzqnVtggG_7UAgcZmGOGNYkwrEFlq8VePA4pkq8kQ\",\"pid\":18212,\"boot\":\"837095c0-df97-47f9-a02a-c8b8792327d9\",\"started\":\"2026-10-05T09:44:41.079481Z\"}\nexit=0"}
{"check":"same-pid","result":{"first":"18212","second":"18212","same":true}}
{"check":"delete-session","result":"exit=0"}
{"check":"start-3","result":"# via adb root (0 u:r:su:s0)\n{\"protocol\":1,\"version\":\"0.2.3\",\"port\":41315,\"token\":\"CqZk9th60WcecY5kK89a334t7cgSofIA0ukAq_tXKKw\",\"pid\":18334,\"boot\":\"837095c0-df97-47f9-a02a-c8b8792327d9\",\"started\":\"2026-10-05T09:44:41.603199Z\"}\nexit=0"}
{"check":"replaced","result":{"old":"18212","new":"18334","new_pid":true,"old_alive":"no"}}
{"check":"procs","result":"u0_a211      18236 15981 u:r:untrusted_app_27:s0:c211,c256,c512,c768 com.webui.api.demo com.webui.api.demo\nroot         18334     1 u:r:su:s0                      dartaotruntime              dartaotruntime /data/adb/modules/demo/flutter_webui/x86_64/flutter_webui_root.aot serve --module-dir /data/adb/modules/demo --module-id demo --run-dir /data/adb/modules/demo/flutter_webui/run --temp-dir /data/adb/demo/tmp --announce"}
{"check":"root-log","result":"2026-10-05T09:44:41.589897 cgroup before: 4:memory:/ 3:cpuset:/ 2:cpu:/ 1:blkio:/ 0::/uid_0/pid_2093\n2026-10-05T09:44:41.589957 cgroup after: 4:memory:/ 3:cpuset:/ 2:cpu:/ 1:blkio:/ 0::/\n2026-10-05T09:44:41.610173 listening on 127.0.0.1:41315"}
{"check":"config-end","result":"webui.session={\"protocol\":1,\"version\":\"0.2.3\",\"port\":41315,\"token\":\"CqZk9th60WcecY5kK89a334t7cgSofIA0ukAq_tXKKw\",\"pid\":18334,\"boot\":\"837095c0-df97-47f9-a02a-c8b8792327d9\",\"started\":\"2026-10-05T09:44:41.603199Z\"}\nwebui.boot=837095c0-df97-47f9-a02a-c8b8792327d9\n-- list:\nwebui.boot=837095c0-df97-47f9-a02a-c8b8792327d9\nwebui.installed=1\nwebui.session={\"protocol\":1,\"version\":\"0.2.3\",\"port\":41315,\"token\":\"CqZk9th60WcecY5kK89a334t7cgSofIA0ukAq_tXKKw\",\"pid\":18334,\"boot\":\"837095c0-df97-47f9-a02a-c8b8792327d9\",\"started\":\"2026-10-05T09:44:41.603199Z\"}"}
{"check":"open","result":"opened: intent"}
{"check":"page-uid","result":["Say hello"]}
{"check":"hello-tap","result":{"url":"https://mui.kernelsu.org/index.html","socket":"webview_devtools_remote_18427","value":"tapped Say hello at 32,364 size 105x48 role button tappable"}}
{"check":"hello","result":["Say hello"]}
{"check":"page-session","result":"{\"protocol\":1,\"version\":\"0.2.3\",\"port\":44229,\"token\":\"xh09-XaXj-ROjZHU0_hEhaR9j1ATifs4gXMM0nuNNuI\",\"pid\":18662,\"boot\":\"837095c0-df97-47f9-a02a-c8b8792327d9\",\"started\":\"2026-10-05T09:45:12.188819Z\"}"}
{"check":"page-hello","result":{"url":"https://mui.kernelsu.org/index.html","socket":"webview_devtools_remote_18427","value":"{\"op\":\"hello\",\"protocol\":1,\"version\":\"0.2.3\",\"pid\":18662,\"boot\":\"837095c0-df97-47f9-a02a-c8b8792327d9\",\"uid\":0,\"moduleDir\":\"/data/adb/modules/demo\"}"}}
{"check":"channel-process","result":"root         18662     1 u:r:su:s0                      dartaotruntime"}
{"check":"start-after-page","result":"# via adb root (0 u:r:su:s0)\n{\"protocol\":1,\"version\":\"0.2.3\",\"port\":44229,\"token\":\"xh09-XaXj-ROjZHU0_hEhaR9j1ATifs4gXMM0nuNNuI\",\"pid\":18662,\"boot\":\"837095c0-df97-47f9-a02a-c8b8792327d9\",\"started\":\"2026-10-05T09:45:12.188819Z\"}\nexit=0"}
{"check":"layout-end","result":"total 48\ndrwxr-xr-x 5 root root 4096 2026-10-05 09:27 .\ndrwxr-xr-x 7 root root 4096 2026-10-05 09:27 ..\ndrwxr-xr-x 2 root root 4096 2026-10-05 09:23 arm64-v8a\n-rwxr-xr-x 1 root root 1921 2026-10-05 09:23 root\ndrwx------ 3 root root 4096 2026-10-05 09:27 run\ndrwxr-xr-x 2 root root 4096 2026-10-05 09:23 x86_64\n-- run:\n700 root:root /data/adb/modules/demo/flutter_webui/run\n/data/adb/modules/demo/flutter_webui/run:\ntotal 44\ndrwx------ 3 root root 4096 2026-10-05 09:27 .\ndrwxr-xr-x 5 root root 4096 2026-10-05 09:27 ..\n-rw------- 1 root root    6 2026-10-05 09:45 lock\ndrwx------ 2 root root 4096 2026-10-05 09:39 proc\n-rw------- 1 root root  243 2026-10-05 09:45 root.log\n-rw------- 1 root root    0 2026-10-05 09:27 start.lock\n\n/data/adb/modules/demo/flutter_webui/run/proc:\ntotal 104\ndrwx------ 2 root root 4096 2026-10-05 09:39 .\ndrwx------ 3 root root 4096 2026-10-05 09:27 ..\n-rw-r--r-- 1 root root   36 2026-10-05 09:27 .boot\n-rw------- 1 root root    2 2026-10-05 09:28 1791192477679555-0.exit\n-rw------- 1 root root  215 2026-10-05 09:27 1791192477679555-0.log\n-rw------- 1 root root    2 2026-10-05 09:33 1791192668991771-0.exit\n-rw------- 1 root root  215 2026-10-05 09:31 1791192668991771-0.log\n-rw------- 1 root root    2 2026-10-05 09:34 1791192830711140-1.exit\n-rw------- 1 root root  215 2026-10-05 09:33 1791192830711140-1.log\n-- webroot/.run:\nls: /data/adb/modules/demo/webroot/.run: No such file or directory"}
{"check":"app","result":"package:/data/app/~~1OvpPAPT0g4rRlzLicA-cg==/com.webui.api.demo-6dAIjyuBV4O3D6OFz_zhnQ==/base.apk\nls: /product/app/WebuiApi_demo/: No such file or directory\n    codePath=/data/app/~~1OvpPAPT0g4rRlzLicA-cg==/com.webui.api.demo-6dAIjyuBV4O3D6OFz_zhnQ==\n    versionName=0.53.0-webui.9\n    privateFlags=[ PRIVATE_FLAG_ACTIVITIES_RESIZE_MODE_RESIZEABLE_VIA_SDK_VERSION PRIVATE_FLAG_REQUEST_LEGACY_EXTERNAL_STORAGE PRIVATE_FLAG_ALLOW_NATIVE_HEAP_POINTER_TAGGING ]\n    signatures=PackageSignatures{fa89684 version:2, signatures:[33fe4edd], past signatures:[]}\n    pkgFlags=[ HAS_CODE ALLOW_CLEAR_USER_DATA ALLOW_BACKUP ]\n    requested permissions:\n    requested permissions:\n      android.permission.WRITE_SETTINGS\n      android.permission.POST_NOTIFICATIONS\n      android.permission.ACCESS_FINE_LOCATION\n      android.permission.MANAGE_EXTERNAL_STORAGE\n      android.permission.SYSTEM_ALERT_WINDOW\n      android.permission.NFC\n      android.permission.BODY_SENSORS\n      android.permission.FOREGROUND_SERVICE\n      android.permission.READ_MEDIA_VISUAL_USER_SELECTED\n      android.permission.RECEIVE_BOOT_COMPLETED\n      android.permission.FOREGROUND_SERVICE_SPECIAL_USE\n      android.permission.REQUEST_IGNORE_BATTERY_OPTIMIZATIONS"}
{"check":"app-user","result":"package:com.webui.api.demo\n    versionCode=1011 minSdk=24 targetSdk=28\n    installerPackageName=com.android.vending\n-- install log:"}
{"check":"mounts","result":"ls: /data/adb/metamodule: No such file or directory\nCalendarGooglePrebuilt Camera2 Chrome Chrome-Stub Drive GoogleContacts GoogleTTS LatinIMEGooglePrebuilt LicenseChecker Maps MarkupGoogle_v2 ModuleMetadataGoogle NexusWallpapersStubPrebuilt2018 Photos PixelThemesStub PrebuiltDeskClockGoogle PrebuiltGmail PrebuiltGoogleAdservicesTvp PrebuiltGoogleTelemetryTvp SoundPickerPrebuilt TrichromeLibrary TrichromeLibrary-Stub WebViewGoogle WebViewGoogle-Stub YouTube YouTubeMusicPrebuilt talkback"}
{"check":"app-label","result":"2 activities found:\n  Activity #0:\n    priority=0 preferredOrder=0 match=0x108000 specificIndex=-1 isDefault=true\n    com.webui.api.demo/com.termux.api.apis.NfcAPI$NfcActivity\n  Activity #1:"}
{"check":"metamodule-log","result":"metamodule \ntotal 104\ndrwxr-xr-x  30 root   root       4096 2025-01-23 17:36 .\ndrwxr-xr-x  30 root   root       4096 2025-01-23 17:36 ..\ndrwxr-xr-x   2 root   root       4096 2025-01-23 17:21 acct\n-rw-r--r--   1 root   root        723 2025-01-23 17:21 adb_keys\ndrwxr-xr-x  82 root   root       1680 2026-10-05 09:18 apex\nlrw-r--r--   1 root   root         11 2025-01-23 17:21 bin -> /system/bin\ndrwxr-xr-x   9 root   root        220 2026-10-05 09:18 bootstrap-apex\nlrw-r--r--   1 root   root         50 2025-01-23 17:21 bugreports -> /data/user_de/0/com.android.shell/files/bugreports\ndrwxrwx---   2 system cache      4096 2025-01-23 17:21 cache\ndrwxr-xr-x   3 root   root          0 2026-10-05 09:18 config\nlrw-r--r--   1 root   root         17 2025-01-23 17:21 d -> /sys/kernel/debug\ndrwxrwx--x  51 system system     4096 2026-10-05 09:44 data\ndrwx------   9 root   system      180 2026-10-05 09:18 data_mirror\ndrwxr-xr-x   2 root   root       4096 2025-01-23 17:21 debug_ramdisk\ndrwxr-xr-x  21 root   root       2780 2026-10-05 09:23 dev\nlrw-r--r--   1 root   root         11 2025-01-23 17:21 etc -> /system/etc\nlrwxr-x---   1 root   shell        16 2025-01-23 17:21 init -> /system/bin/init\n-rwxr-x---   1 root   shell       468 2025-01-23 17:21 init.environ.rc\ndrwxr-xr-x  19 root   root        420 2026-10-05 09:18 linkerconfig\n== /data/adb/ksu/log/logcat.log\n10-05 09:44:31.605 16745 16756 W SP      : File ref is being finalized but wasn't closed, file: transformer_latin_tflite_20231010_zip[9]\n10-05 09:44:31.605 16745 16756 W SP      : File ref is being finalized but wasn't closed, file: en_us_20230613_compact_fst_zip[9]\n10-05 09:44:31.605 16745 16756 W SP      : File ref is being finalized but wasn't closed, file: transformer_latin_tflite_20231010_zip[9]\n10-05 09:44:31.605 16745 16756 W SP      : File ref is being finalized but wasn't closed, file: scribe_latin_20231123_tflite_zip[9]\n10-05 09:44:31.605 16745 16756 W SP      : File ref is being finalized but wasn't closed, file: qrnn_en_us_reco_20231010_fst_20230613_recospec_zip[9]\n10-05 09:44:31.605 16745 16756 W SP      : File ref is being finalized but wasn't closed, file: transformer_latin_conf_tflite_20231010_zip[9]\n10-05 09:44:31.605 16745 16756 W SP      : File ref is being finalized but wasn't closed, file: pack_mapping_v1_lstm_20231127[6]\n10-05 09:44:31.605 16745 16756 W SP      : File ref is being finalized but wasn't closed, file: transformer_latin_seg_tflite_20231010_zip[9]\n10-05 09:44:31.605 16745 16756 W SP      : File ref is being finalized but wasn't closed, file: scribe_latin_20231123_recospec_zip[9]\n10-05 09:44:31.605 16745 16756 W SP      : File ref is being finalized but wasn't closed, file: en_us_20230613_compact_fst_zip[9]\n10-05 09:44:31.605 16745 16756 W SP      : File ref is being finalized but wasn't closed, file: transformer_latin_tflite_20231010_zip[9]\n10-05 09:44:31.605 16745 16756 W SP      : File ref is being finalized but wasn't closed, file: scribe_latin_20231123_tflite_zip[9]\n10-05 09:44:31.605 16745 16756 W SP      : File ref is being finalized but wasn't closed, file: qrnn_en_us_reco_20231010_fst_20230613_recospec_zip[9]\n10-05 09:44:31.605 16745 16756 W SP      : File ref is being finalized but wasn't closed, file: transformer_latin_conf_tflite_20231010_zip[9]\n10-05 09:44:31.605 16745 16756 W SP      : File ref is being finalized but wasn't closed, file: pack_mapping_v1_lstm_20231127[6]\n10-05 09:44:31.605 16745 16756 W SP      : File ref is being finalized but wasn't closed, file: transformer_latin_seg_tflite_20231010_zip[9]\n10-05 09:44:31.605 16745 16756 W SP      : File ref is being finalized but wasn't closed, file: scribe_latin_20231123_recospec_zip[9]\n10-05 09:44:31.605 16745 16756 W SP      : File ref is being finalized but wasn't closed, file: en_us_20230613_compact_fst_zip[9]\n10-05 09:44:31.605 16745 16756 W SP      : File ref is being finalized but wasn't closed, file: scribe_latin_20231123_recospec_zip[9]\n10-05 09:44:31.605 16745 16756 W SP      : File ref is being finalized but wasn't closed, file: scribe_latin_20231123_tflite_zip[9]\n10-05 09:44:31.605 16745 16756 W SP      : File ref is being finalized but wasn't closed, file: qrnn_en_us_reco_20231010_fst_20230613_recospec_zip[9]\n10-05 09:44:31.605 16745 16756 W SP      : File ref is being finalized but wasn't closed, file: transformer_latin_conf_tflite_20231010_zip[9]\n10-05 09:44:31.605 16745 16756 W SP      : File ref is being finalized but wasn't closed, file: transformer_latin_seg_tflite_20231010_zip[9]\n10-05 09:44:31.605 16745 16756 W SP      : File ref is being finalized but wasn't closed, file: transformer_latin_tflite_20231010_zip[9]\n10-05 09:44:31.605 16745 16756 W SP      : File ref is being finalized but wasn't closed, file: en_us_20230613_compact_fst_zip[9]\n== /data/adb/ksu/log/dmesg.log\n<6>[ 1546.770704] KernelSU: handle_setresuid from 0 to 10132\n<6>[ 1546.870032] KernelSU: handle_setresuid from 0 to 10203\n<6>[ 1546.949647] KernelSU: handle_setresuid from 0 to 10142\n<14>[ 1546.964413] servicemanager: Caller(pid=17803,uid=10203,sid=u:r:rkpdapp:s0:c203,c256,c512,c768) Found android.hardware.security.keymint.IRemotelyProvisionedComponent/default in device VINTF manifest.\n<14>[ 1546.968310] servicemanager: Caller(pid=17803,uid=10203,sid=u:r:rkpdapp:s0:c203,c256,c512,c768) Since 'android.hardware.drm.IDrmFactory/clearkey' could not be found trying to start it as a lazy AIDL service. (if it's not configured to be a lazy service, it may be stuck starting or still starting).\n<14>[ 1546.974018] init: starting service 'vendor.drm-clearkey-service'...\n<6>[ 1546.978125] KernelSU: hook_manager: unmark 17843 exec /vendor/bin/hw/android.hardware.drm-service-lazy.clearkey\n<14>[ 1546.979831] init: ... started service 'vendor.drm-clearkey-service' has pid 17843\n<14>[ 1546.981044] init: Control message: Processed ctl.interface_start for 'aidl/android.hardware.drm.IDrmFactory/clearkey' from pid: 165 (/system/bin/servicemanager)\n<14>[ 1546.996737] servicemanager: Caller(pid=17843,uid=1013,sid=u:r:hal_drm_clearkey_aidl:s0) Found android.hardware.drm.IDrmFactory/clearkey in device VINTF manifest.\n<14>[ 1546.999656] servicemanager: Notifying android.hardware.drm.IDrmFactory/clearkey they do (previously: don't) have clients when service is guaranteed to be in use\n<14>[ 1547.002158] BpBinder: onLastStrongRef automatically unlinking death recipients: \n<11>[ 1547.259560] SELinux: avc:  denied  { find } for pid=16413 uid=1000 name=vendor.google.wireless_charger.IWirelessCharger/default scontext=u:r:system_app:s0 tcontext=u:object_r:default_android_service:s0 tclass=service_manager permissive=0\n<6>[ 1547.455775] KernelSU: handle_setresuid from 0 to 10145\n<6>[ 1547.567798] binder_alloc: 16500: binder_alloc_buf size 1056768 failed, no address space\n<6>[ 1547.569046] binder_alloc: allocated: 0 (num: 0 largest: 0), free: 1040384 (num: 1 largest: 1040384)\n<4>[ 1547.574336] binder_debug: 1419 callbacks suppressed\n<6>[ 1547.574339] binder: cannot allocate buffer: no space left\n<6>[ 1547.575193] binder: 17050:17217 transaction call to 16500:0 failed 822347/29201/-28, size 1056768-0 line 3544\n<36>[ 1547.608601] type=1400 audit(1791193462.936:1077): avc:  denied  { read } for  comm=\"binder:17239_4\" name=\"u:object_r:system_adbd_prop:s0\" dev=\"tmpfs\" ino=318 scontext=u:r:gmscore_app:s0:c512,c768 tcontext=u:object_r:system_adbd_prop:s0 tclass=file permissive=0 app=com.google.android.gms\n<36>[ 1547.621383] type=1400 audit(1791193462.948:1078): avc:  denied  { read } for  comm=\"binder:17239_4\" name=\"u:object_r:adbd_prop:s0\" dev=\"tmpfs\" ino=63 scontext=u:r:gmscore_app:s0:c512,c768 tcontext=u:object_r:adbd_prop:s0 tclass=file permissive=0 app=com.google.android.gms\n<6>[ 1548.150984] KernelSU: handle_setresuid from 0 to 10165\n<6>[ 1548.155760] KernelSU: handle_setresuid from 0 to 10140\n<14>[ 1550.588822] servicemanager: Notifying android.hardware.drm.IDrmFactory/clearkey they don't (previously: do) have clients when we now have no record of a client\n<14>[ 1550.5910== /data/adb/ksu/log/logcat.old.log\n10-05 09:24:03.281  8276  9589 I BugleRcsEngine: transitionViaMessage, srcState=ReadyState, destState = RequestWithImsiState [99a3d7eb-1a6b-45cc-94be-e59c09ebdce8] [CONTEXT log_prefix=\"(PEv2-SM216763555-DefaultCallSmsData-1-8c9)\" thread_id=87 ]\n10-05 09:24:03.282  8148  8228 I MediaProvider: Changed PhotoPickerUserSelectActivity component state to STATE_ENABLED ( 1 )\n10-05 09:24:03.283  8276  9589 I BugleRcsEngine: ReadyState: Transition to request with imsi [99a3d7eb-1a6b-45cc-94be-e59c09ebdce8] [CONTEXT log_prefix=\"(PEv2-SM216763555-DefaultCallSmsData-1-8c9)\" thread_id=87 ]\n10-05 09:24:03.283  8276  9589 I BugleRcsEngine: transitionTo: destState=RequestWithImsiState [99a3d7eb-1a6b-45cc-94be-e59c09ebdce8] [CONTEXT log_prefix=\"(PEv2-SM216763555-DefaultCallSmsData-1-8c9)\" thread_id=87 ]\n10-05 09:24:03.283  8276  9589 I BugleRcsEngine: onTransitionRequested ReadyState [99a3d7eb-1a6b-45cc-94be-e59c09ebdce8] [CONTEXT log_prefix=\"(PEv2-SM216763555-DefaultCallSmsData-1-8c9)\" thread_id=87 ]\n10-05 09:24:03.283  8276  9589 I BugleRcsEngine: Exit ReadyState [99a3d7eb-1a6b-45cc-94be-e59c09ebdce8] [CONTEXT log_prefix=\"(PEv2-SM216763555-DefaultCallSmsData-1-8c9)\" thread_id=87 ]\n10-05 09:24:03.284  8276  9589 W BugleRcsEngine: Unable to send diagnostic log [CONTEXT thread_id=87 ]\n10-05 09:24:03.285  8276  9589 I BugleRcsEngine: Enter RequestWithImsiState [99a3d7eb-1a6b-45cc-94be-e59c09ebdce8] [CONTEXT log_prefix=\"(PEv2-SM216763555-DefaultCallSmsData-1-8c9)\" thread_id=87 ]\n10-05 09:24:03.288  8148  8228 I MediaApplication: PhotoPickerSettingsActivity is now enabled\n10-05 09:24:03.291  7353  7445 I am_compact: [8182,com.android.printspooler,ANON,105364,53120,51604,0,-3200,0,-3200,3200,69,SOME,0,905,19,3096,-948]\n10-05 09:24:03.298  8276  8666 W BugleRcsEngine: Unable to send diagnostic log [CONTEXT thread_id=64 ]\n10-05 09:24:03.298  8276  9589 W BugleRcsEngine: Unable to send diagnostic log [CONTEXT thread_id=87 ]\n10-05 09:24:03.304  8276  9589 W BugleConnectivity: getNetworkState: NetworkStateMonitor not found for subId 1.\n10-05 09:24:03.305  8276  9589 I BugleConnectivity: HasReadPrivilegedPhoneState: true\n10-05 09:24:03.308  7705  7943 D Phone-0 : isImsCapabilityAvailable, capability=8, regTech=0, isAvailable=false\n10-05 09:24:03.309  7705  7943 D Phone-0 : isImsCapabilityAvailable, capability=8, regTech=1, isAvailable=false\n10-05 09:24:03.309  7705  7943 D Phone-0 : isImsCapabilityAvailable, capability=8, regTech=2, isAvailable=false\n10-05 09:24:03.309  7705  7943 D Phone-0 : isImsCapabilityAvailable, capability=8, regTech=3, isAvailable=false\n10-05 09:24:03.313  8276  9589 I BugleRcsEngine: Using config server URL from biuf [CONTEXT log_prefix=\"ProvisioningServerUtil\" thread_id=87 ]\n10-05 09:24:03.315  8276  9589 I BugleRcsEngine: No RCS Configuration was found in Bugle for simID: redacted-pii:sim_id[chars:20,last3:897] [CONTEXT log_prefix=\"ProvisioningEngineDataRetriever\" thread_id=87 ]\n10-05 09:24:03.338  8276  9589 I BugleRcsEngine: No RCS Configuration was found in Bugle for simID: redacted-pii:sim_id[chars:20,last3:897] [CONTEXT log_prefix=\"ProvisioningEngineDataRetriever\" thread_id=87 ]\n10-05 09:24:03.339  8276  9589 W BugleRcsEngine: Could not retrieve MSISDN from configuration. Configuration is empty. [99a3d7eb-1a6b-45cc-94be-e59c09ebdce8] [CONTEXT log_prefix=\"(PEv2-SM216763555-DefaultCallSmsData-1-8c9)\" thread_id=87 ]\n10-05 09:24:03.341  8276  9589 W BugleRcsEngine: Skipping adding Tachyon identity key to request. Null/empty RCS msisdn from configuration for sim ID: redacted-pii:sim_id[chars:20,last3:897]. [99a3d7eb-1a6b-45cc-94be-e59c09ebdce8] [CONTEXT log_prefix=\"(PEv2-SM216763555-DefaultCallSmsData-1-8c9)\" thread_id=87 ]\n10-05 09:24:03.348  8276  8666 W BugleRcsEngine: Unable to send diagnostic log [CONTEXT thread_id=64 ]\n10-05 09:24:03.355  8436  8452 I .android.as.oss: Background concurrent mark compact GC freed 9196KB AllocSpace bytes, 0(0B) LOS objects, 49% free, 12MB/25MB, paused 408us,6.150ms total 46.677ms\n== /data/adb/ksu/log/dmesg.old.log\n<6>[  318.640897] KernelSU: handle_setresuid from 0 to 10132\n<6>[  318.775470] KernelSU: handle_setresuid from 0 to 10203\n<6>[  318.858034] KernelSU: handle_setresuid from 0 to 10142\n<14>[  318.940211] servicemanager: Caller(pid=9161,uid=10203,sid=u:r:rkpdapp:s0:c203,c256,c512,c768) Found android.hardware.security.keymint.IRemotelyProvisionedComponent/default in device VINTF manifest.\n<14>[  318.975779] servicemanager: Caller(pid=9161,uid=10203,sid=u:r:rkpdapp:s0:c203,c256,c512,c768) Since 'android.hardware.drm.IDrmFactory/clearkey' could not be found trying to start it as a lazy AIDL service. (if it's not configured to be a lazy service, it may be stuck starting or still starting).\n<14>[  318.984179] init: starting service 'vendor.drm-clearkey-service'...\n<6>[  319.011749] KernelSU: hook_manager: unmark 9213 exec /vendor/bin/hw/android.hardware.drm-service-lazy.clearkey\n<14>[  319.011758] init: ... started service 'vendor.drm-clearkey-service' has pid 9213\n<14>[  319.017757] init: Control message: Processed ctl.interface_start for 'aidl/android.hardware.drm.IDrmFactory/clearkey' from pid: 165 (/system/bin/servicemanager)\n<14>[  319.042260] servicemanager: Caller(pid=9213,uid=1013,sid=u:r:hal_drm_clearkey_aidl:s0) Found android.hardware.drm.IDrmFactory/clearkey in device VINTF manifest.\n<14>[  319.047960] BpBinder: onLastStrongRef automatically unlinking death recipients: \n<14>[  319.050693] servicemanager: Notifying android.hardware.drm.IDrmFactory/clearkey they do (previously: don't) have clients when service is guaranteed to be in use\n<11>[  319.382424] SELinux: avc:  denied  { find } for pid=7709 uid=1000 name=vendor.google.wireless_charger.IWirelessCharger/default scontext=u:r:system_app:s0 tcontext=u:object_r:default_android_service:s0 tclass=service_manager permissive=0\n<6>[  320.303920] KernelSU: handle_setresuid from 0 to 10145\n<14>[  320.588796] servicemanager: Notifying android.hardware.drm.IDrmFactory/clearkey they don't (previously: do) have clients when we now have no record of a client\n<14>[  320.601964] servicemanager: Caller(pid=9213,uid=1013,sid=u:r:hal_drm_clearkey_aidl:s0) Unregistering android.hardware.drm.IDrmFactory/clearkey\n<14>[  320.610852] BpBinder: onLastStrongRef automatically unlinking death recipients: \n<14>[  320.615232] init: Service 'vendor.drm-clearkey-service' (pid 9213) exited with status 0 oneshot service took 1.627000 seconds in background\n<14>[  320.617882] init: Sending signal 9 to service 'vendor.drm-clearkey-service' (pid 9213) process group...\n<14>[  320.623119] libprocessgroup: Removed cgroup /sys/fs/cgroup/uid_1013/pid_9213\n<6>[  320.780136] binder_alloc: 7797: binder_alloc_buf size 1056768 failed, no address space\n<6>[  320.781856] binder_alloc: allocated: 4304 (num: 3 largest: 3552), free: 1036080 (num: 2 largest: 1035552)\n<4>[  320.796190] binder_debug: 2208 callbacks suppressed\n<6>[  320.796217] binder: cannot allocate buffer: no space left\n<6>[ == /data/adb/modules/demo/webui_app_plane/app-install.log\n== /data/adb/ksu/log/logcat.log\n10-05 09:44:31.605 16745 16756 W SP      : File ref is being finalized but wasn't closed, file: transformer_latin_tflite_20231010_zip[9]\n10-05 09:44:31.605 16745 16756 W SP      : File ref is being finalized but wasn't closed, file: en_us_20230613_compact_fst_zip[9]\n10-05 09:44:31.605 16745 16756 W SP      : File ref is being finalized but wasn't closed, file: transformer_latin_tflite_20231010_zip[9]\n10-05 09:44:31.605 16745 16756 W SP      : File ref is being finalized but wasn't closed, file: scribe_latin_20231123_tflite_zip[9]\n10-05 09:44:31.605 16745 16756 W SP      : File ref is being finalized but wasn't closed, file: qrnn_en_us_reco_20231010_fst_20230613_recospec_zip[9]\n10-05 09:44:31.605 16745 16756 W SP      : File ref is being finalized but wasn't closed, file: transformer_latin_conf_tflite_20231010_zip[9]\n10-05 09:44:31.605 16745 16756 W SP      : File ref is being finalized but wasn't closed, file: pack_mapping_v1_lstm_20231127[6]\n10-05 09:44:31.605 16745 16756 W SP      : File ref is being finalized but wasn't closed, file: transformer_latin_seg_tflite_20231010_zip[9]\n10-05 09:44:31.605 16745 16756 W SP      : File ref is being finalized but wasn't closed, file: scribe_latin_20231123_recospec_zip[9]\n10-05 09:44:31.605 16745 16756 W SP      : File ref is being finalized but wasn't closed, file: en_us_20230613_compact_fst_zip[9]\n10-05 09:44:31.605 16745 16756 W SP      : File ref is being finalized but wasn't closed, file: transformer_latin_tflite_20231010_zip[9]\n10-05 09:44:31.605 16745 16756 W SP      : File ref is being finalized but wasn't closed, file: scribe_latin_20231123_tflite_zip[9]\n10-05 09:44:31.605 16745 16756 W SP      : File ref is being finalized but wasn't closed, file: qrnn_en_us_reco_20231010_fst_20230613_recospec_zip[9]\n10-05 09:44:31.605 16745 16756 W SP      : File ref is being finalized but wasn't closed, file: transformer_latin_conf_tflite_20231010_zip[9]\n10-05 09:44:31.605 16745 16756 W SP      : File ref is being finalized but wasn't closed, file: pack_mapping_v1_lstm_20231127[6]\n10-05 09:44:31.605 16745 16756 W SP      : File ref is being finalized but wasn't closed, file: transformer_latin_seg_tflite_20231010_zip[9]\n10-05 09:44:31.605 16745 16756 W SP      : File ref is being finalized but wasn't closed, file: scribe_latin_20231123_recospec_zip[9]\n10-05 09:44:31.605 16745 16756 W SP      : File ref is being finalized but wasn't closed, file: en_us_20230613_compact_fst_zip[9]\n10-05 09:44:31.605 16745 16756 W SP      : File ref is being finalized but wasn't closed, file: scribe_latin_20231123_recospec_zip[9]\n10-05 09:44:31.605 16745 16756 W SP      : File ref is being finalized but wasn't closed, file: scribe_latin_20231123_tflite_zip[9]\n10-05 09:44:31.605 16745 16756 W SP      : File ref is being finalized but wasn't closed, file: qrnn_en_us_reco_20231010_fst_20230613_recospec_zip[9]\n10-05 09:44:31.605 16745 16756 W SP      : File ref is being finalized but wasn't closed, file: transformer_latin_conf_tflite_20231010_zip[9]\n10-05 09:44:31.605 16745 16756 W SP      : File ref is being finalized but wasn't closed, file: transformer_latin_seg_tflite_20231010_zip[9]\n10-05 09:44:31.605 16745 16756 W SP      : File ref is being finalized but wasn't closed, file: transformer_latin_tflite_20231010_zip[9]\n10-05 09:44:31.605 16745 16756 W SP      : File ref is being finalized but wasn't closed, file: en_us_20230613_compact_fst_zip[9]\n== /data/adb/ksu/log/dmesg.log\n<6>[ 1546.770704] KernelSU: handle_setresuid from 0 to 10132\n<6>[ 1546.870032] KernelSU: handle_setresuid from 0 to 10203\n<6>[ 1546.949647] KernelSU: handle_setresuid from 0 to 10142\n<14>[ 1546.964413] servicemanager: Caller(pid=17803,uid=10203,sid=u:r:rkpdapp:s0:c203,c256,c512,c768) Found android.hardware.security.keymint.IRemotelyProvisionedComponent/default in device VINTF manifest.\n<14>[ 1546.968310] servicemanager: Caller(pid=17803,uid=10203,sid=u:r:rkpdapp:s0:c203,c256,c512,c768) Since 'android.hardware.drm.IDrmFactory/clearkey' could not be found trying to start it as a lazy AIDL service. (if it's not configured to be a lazy service, it may be stuck starting or still starting).\n<14>[ 1546.974018] init: starting service 'vendor.drm-clearkey-service'...\n<6>[ 1546.978125] KernelSU: hook_manager: unmark 17843 exec /vendor/bin/hw/android.hardware.drm-service-lazy.clearkey\n<14>[ 1546.979831] init: ... started service 'vendor.drm-clearkey-service' has pid 17843\n<14>[ 1546.981044] init: Control message: Processed ctl.interface_start for 'aidl/android.hardware.drm.IDrmFactory/clearkey' from pid: 165 (/system/bin/servicemanager)\n<14>[ 1546.996737] servicemanager: Caller(pid=17843,uid=1013,sid=u:r:hal_drm_clearkey_aidl:s0) Found android.hardware.drm.IDrmFactory/clearkey in device VINTF manifest.\n<14>[ 1546.999656] servicemanager: Notifying android.hardware.drm.IDrmFactory/clearkey they do (previously: don't) have clients when service is guaranteed to be in use\n<14>[ 1547.002158] BpBinder: onLastStrongRef automatically unlinking death recipients: \n<11>[ 1547.259560] SELinux: avc:  denied  { find } for pid=16413 uid=1000 name=vendor.google.wireless_charger.IWirelessCharger/default scontext=u:r:system_app:s0 tcontext=u:object_r:default_android_service:s0 tclass=service_manager permissive=0\n<6>[ 1547.455775] KernelSU: handle_setresuid from 0 to 10145\n<6>[ 1547.567798] binder_alloc: 16500: binder_alloc_buf size 1056768 failed, no address space\n<6>[ 1547.569046] binder_alloc: allocated: 0 (num: 0 largest: 0), free: 1040384 (num: 1 largest: 1040384)\n<4>[ 1547.574336] binder_debug: 1419 callbacks suppressed\n<6>[ 1547.574339] binder: cannot allocate buffer: no space left\n<6>[ 1547.575193] binder: 17050:17217 transaction call to 16500:0 failed 822347/29201/-28, size 1056768-0 line 3544\n<36>[ 1547.608601] type=1400 audit(1791193462.936:1077): avc:  denied  { read } for  comm=\"binder:17239_4\" name=\"u:object_r:system_adbd_prop:s0\" dev=\"tmpfs\" ino=318 scontext=u:r:gmscore_app:s0:c512,c768 tcontext=u:object_r:system_adbd_prop:s0 tclass=file permissive=0 app=com.google.android.gms\n<36>[ 1547.621383] type=1400 audit(1791193462.948:1078): avc:  denied  { read } for  comm=\"binder:17239_4\" name=\"u:object_r:adbd_prop:s0\" dev=\"tmpfs\" ino=63 scontext=u:r:gmscore_app:s0:c512,c768 tcontext=u:object_r:adbd_prop:s0 tclass=file permissive=0 app=com.google.android.gms\n<6>[ 1548.150984] KernelSU: handle_setresuid from 0 to 10165\n<6>[ 1548.155760] KernelSU: handle_setresuid from 0 to 10140\n<14>[ 1550.588822] servicemanager: Notifying android.hardware.drm.IDrmFactory/clearkey they don't (previously: do) have clients when we now have no record of a client\n<14>[ 1550.5910== /data/adb/ksu/log/logcat.old.log\n10-05 09:24:03.281  8276  9589 I BugleRcsEngine: transitionViaMessage, srcState=ReadyState, destState = RequestWithImsiState [99a3d7eb-1a6b-45cc-94be-e59c09ebdce8] [CONTEXT log_prefix=\"(PEv2-SM216763555-DefaultCallSmsData-1-8c9)\" thread_id=87 ]\n10-05 09:24:03.282  8148  8228 I MediaProvider: Changed PhotoPickerUserSelectActivity component state to STATE_ENABLED ( 1 )\n10-05 09:24:03.283  8276  9589 I BugleRcsEngine: ReadyState: Transition to request with imsi [99a3d7eb-1a6b-45cc-94be-e59c09ebdce8] [CONTEXT log_prefix=\"(PEv2-SM216763555-DefaultCallSmsData-1-8c9)\" thread_id=87 ]\n10-05 09:24:03.283  8276  9589 I BugleRcsEngine: transitionTo: destState=RequestWithImsiState [99a3d7eb-1a6b-45cc-94be-e59c09ebdce8] [CONTEXT log_prefix=\"(PEv2-SM216763555-DefaultCallSmsData-1-8c9)\" thread_id=87 ]\n10-05 09:24:03.283  8276  9589 I BugleRcsEngine: onTransitionRequested ReadyState [99a3d7eb-1a6b-45cc-94be-e59c09ebdce8] [CONTEXT log_prefix=\"(PEv2-SM216763555-DefaultCallSmsData-1-8c9)\" thread_id=87 ]\n10-05 09:24:03.283  8276  9589 I BugleRcsEngine: Exit ReadyState [99a3d7eb-1a6b-45cc-94be-e59c09ebdce8] [CONTEXT log_prefix=\"(PEv2-SM216763555-DefaultCallSmsData-1-8c9)\" thread_id=87 ]\n10-05 09:24:03.284  8276  9589 W BugleRcsEngine: Unable to send diagnostic log [CONTEXT thread_id=87 ]\n10-05 09:24:03.285  8276  9589 I BugleRcsEngine: Enter RequestWithImsiState [99a3d7eb-1a6b-45cc-94be-e59c09ebdce8] [CONTEXT log_prefix=\"(PEv2-SM216763555-DefaultCallSmsData-1-8c9)\" thread_id=87 ]\n10-05 09:24:03.288  8148  8228 I MediaApplication: PhotoPickerSettingsActivity is now enabled\n10-05 09:24:03.291  7353  7445 I am_compact: [8182,com.android.printspooler,ANON,105364,53120,51604,0,-3200,0,-3200,3200,69,SOME,0,905,19,3096,-948]\n10-05 09:24:03.298  8276  8666 W BugleRcsEngine: Unable to send diagnostic log [CONTEXT thread_id=64 ]\n10-05 09:24:03.298  8276  9589 W BugleRcsEngine: Unable to send diagnostic log [CONTEXT thread_id=87 ]\n10-05 09:24:03.304  8276  9589 W BugleConnectivity: getNetworkState: NetworkStateMonitor not found for subId 1.\n10-05 09:24:03.305  8276  9589 I BugleConnectivity: HasReadPrivilegedPhoneState: true\n10-05 09:24:03.308  7705  7943 D Phone-0 : isImsCapabilityAvailable, capability=8, regTech=0, isAvailable=false\n10-05 09:24:03.309  7705  7943 D Phone-0 : isImsCapabilityAvailable, capability=8, regTech=1, isAvailable=false\n10-05 09:24:03.309  7705  7943 D Phone-0 : isImsCapabilityAvailable, capability=8, regTech=2, isAvailable=false\n10-05 09:24:03.309  7705  7943 D Phone-0 : isImsCapabilityAvailable, capability=8, regTech=3, isAvailable=false\n10-05 09:24:03.313  8276  9589 I BugleRcsEngine: Using config server URL from biuf [CONTEXT log_prefix=\"ProvisioningServerUtil\" thread_id=87 ]\n10-05 09:24:03.315  8276  9589 I BugleRcsEngine: No RCS Configuration was found in Bugle for simID: redacted-pii:sim_id[chars:20,last3:897] [CONTEXT log_prefix=\"ProvisioningEngineDataRetriever\" thread_id=87 ]\n10-05 09:24:03.338  8276  9589 I BugleRcsEngine: No RCS Configuration was found in Bugle for simID: redacted-pii:sim_id[chars:20,last3:897] [CONTEXT log_prefix=\"ProvisioningEngineDataRetriever\" thread_id=87 ]\n10-05 09:24:03.339  8276  9589 W BugleRcsEngine: Could not retrieve MSISDN from configuration. Configuration is empty. [99a3d7eb-1a6b-45cc-94be-e59c09ebdce8] [CONTEXT log_prefix=\"(PEv2-SM216763555-DefaultCallSmsData-1-8c9)\" thread_id=87 ]\n10-05 09:24:03.341  8276  9589 W BugleRcsEngine: Skipping adding Tachyon identity key to request. Null/empty RCS msisdn from configuration for sim ID: redacted-pii:sim_id[chars:20,last3:897]. [99a3d7eb-1a6b-45cc-94be-e59c09ebdce8] [CONTEXT log_prefix=\"(PEv2-SM216763555-DefaultCallSmsData-1-8c9)\" thread_id=87 ]\n10-05 09:24:03.348  8276  8666 W BugleRcsEngine: Unable to send diagnostic log [CONTEXT thread_id=64 ]\n10-05 09:24:03.355  8436  8452 I .android.as.oss: Background concurrent mark compact GC freed 9196KB AllocSpace bytes, 0(0B) LOS objects, 49% free, 12MB/25MB, paused 408us,6.150ms total 46.677ms\ntotal 80\ndrwxr-xr-x 7 root root 4096 2026-10-05 09:27 .\ndrwxrwxrwx 7 root root 4096 2026-10-05 09:23 ..\ndrwxr-xr-x 4 root root 4096 2026-10-05 09:23 bin\ndrwxr-xr-x 5 root root 4096 2026-10-05 09:27 flutter_webui\n-rw-r--r-- 1 root root  231 2026-10-05 09:23 module.prop\ndrwxr-xr-x 2 root root 4096 2026-10-05 09:39 run\n-rw-r--r-- 1 root root  290 2026-10-05 09:23 service.sh\n-rw-r--r-- 1 root root  317 2026-10-05 09:23 uninstall.sh\ndrwxr-xr-x 8 root root 4096 2026-10-05 09:23 webroot\n-- dmesg:\n[ 1527.688478] apexd: No block apex metadata partition found, not adding block apexes\n[ 1540.127238] apexd: No block apex metadata partition found, not adding block apexes"}
{"check":"module-config","result":"manage module configuration\n\nUsage: ksud module config [OPTIONS] <COMMAND>\n\nCommands:\n  get     Get a config value\n  set     Set a config value\n  list    List all config entries\n  delete  Delete a config entry\n  clear   Clear all config entries\n  help    Print this message or the help of the given subcommand(s)\n\n-- files:\ntotal 32\ndrwxr-xr-x 2 root root 4096 2026-10-05 09:45 .\ndrwxr-xr-x 3 root root 4096 2026-10-05 09:23 ..\n-rw-r--r-- 1 root root   36 2026-10-05 09:23 persist.config\n-rw-rw-rw- 1 root root  284 2026-10-05 09:45 tmp.config\n== /data/adb/ksu/module_configs/demo/persist.config\nMUSK\u0001\u0000\u0000\u0000\u0001\u0000\u0000\u0000\u000f\u0000\u0000\u0000webui.installed\u0001\u0000\u0000\u00001\n== /data/adb/ksu/module_configs/demo/tmp.config\nMUSK\u0001\u0000\u0000\u0000\u0002\u0000\u0000\u0000\u0000\u0000\u0000webui.session\udcc5\u0000\u0000\u0000{\"protocol\":1,\"version\":\"0.2.3\",\"port\":44229,\"token\":\"xh09-XaXj-ROjZHU0_hEhaR9j1ATifs4gXMM0nuNNuI\",\"pid\":18662,\"boot\":\"837095c0-df97-47f9-a02a-c8b8792327d9\",\"started\":\"2026-10-05T09:45:12.188819Z\"}\n\u0000\u0000\u0000webui.boot$\u0000\u0000\u0000837095c0-df97-47f9-a02a-c8b8792327d9\n-- ksud get:\n1\nwebui.session={\"protocol\":1,\"version\":\"0.2.3\",\"port\":44229,\"token\":\"xh09-XaXj-ROjZHU0_hEhaR9j1ATifs4gXMM0nuNNuI\",\"pid\":18662,\"boot\":\"837095c0-df97-47f9-a02a-c8b8792327d9\",\"started\":\"2026-10-05T09:45:12.188819Z\"}\nwebui.boot=837095c0-df97-47f9-a02a-c8b8792327d9\nwebui.installed=1"}
{"check":"module-dirs","result":"/data/adb/demo:\ntotal 24\ndrwx------ 3 root root 4096 2026-10-05 09:39 .\ndrwx------ 7 root root 4096 2026-10-05 09:27 ..\ndrwx------ 2 root root 4096 2026-10-05 09:44 tmp\n\n/data/adb/demo/tmp:\ntotal 16\ndrwx------ 2 root root 4096 2026-10-05 09:44 .\ndrwx------ 3 root root 4096 2026-10-05 09:39 .."}
{"check":"open","result":"opened: intent"}
{"check":"tap-places","result":{"url":"https://mui.kernelsu.org/index.html","socket":"webview_devtools_remote_18872","value":"tapped Places at 16,572 size 288x56 role button tappable"}}
{"check":"tap-plugins","result":{"url":"https://mui.kernelsu.org/index.html","socket":"webview_devtools_remote_18872","value":"tapped Plugins at 267,536 size 53x80 role tab tappable"}}
{"check":"fgs-open","result":"* ServiceRecord{885e5cb u0 com.webui.api.demo/com.termux.api.RootHelperService c:com.android.shell}\n    isForeground=true foregroundId=32363 types=0x40000000 foregroundNoti=Notification(channel=root_helper shortcut=null contentView=null vibrate=null sound=null defaults=0 flags=ONGOING_EVENT|FOREGROUND_SERVICE color=0x00000000 vis=PRIVATE)\n-- posted:\n-- procs:\nu0_a211      18236 com.webui.api.demo\nroot         18662 dartaotruntime\nroot         19107 dartaotruntime"}
{"check":"notif-settings","result":"android.permission.POST_NOTIFICATIONS\n        android.permission.POST_NOTIFICATIONS: granted=false, flags=[ USER_SENSITIVE_WHEN_GRANTED|USER_SENSITIVE_WHEN_DENIED]\n-- appops:\nUid mode: POST_NOTIFICATION: ignore\n-- importance:\n      AppSettings: com.webui.api.demo (10211) importance=NONE userSet=false\n        NotificationChannel{mId='root_helper', mName=Dem..., mDescription=, mImportance=2, mBypassDnd=false, mLockscreenVisibility=-1000, mSound=null, mLights=false, mLightColor=0, mVibrationPattern=null, mVibrationEffect=null, mUserLockedFields=0, mUserVisibleTaskShown=true, mVibrationEnabled=false, mShowBadge=false, mDeleted=false, mDeletedTimeMs=-1, mGroup='null', mAudioAttributes=AudioAttributes: usage=USAGE_NOTIFICATION content=CONTENT_TYPE_SONIFICATION flags=0x800 tags= bundle=null, mBlockableSystem=false, mAllowBubbles=-1, mImportanceLockedDefaultApp=false, mOriginalImp=1, mParent=null, mConversationId=null, mDemoted=false, mImportantConvo=false, mLastNotificationUpdateTimeMs=0}\n      AppSettings: com.android.systemui.emulation.pixel_3 (10024)\n      AppSettings: com.google.android.printservice.recommendation (10119)\n      AppSettings: com.google.android.server.deviceconfig.resources (10199)\n      AppSettings: com.android.credentialmanager (10106)\n      AppSettings: com.webui.api.demo (10211) importance=NONE userSet=false"}
{"check":"root-hold-open","result":"-- avc:"}
{"check":"plugins","result":The app calls share_plus, permission_handler, the clipboard, flutter_local_notifications and file_selector as on any platform. Running in a WebUI host, so their *_webui packages answer.
share_plus
On WebUI: share_plus_webui: Android's share sheet, opened by the module's own app
Share text
permission_handler
On WebUI: permission_handler_webui: Android's own permission dialog, for the module's own app
Camera: denied
flutter_local_notifications
On WebUI: flutter_local_notifications_webui: an Android notification from the module's own app, after permission_handler asks for it}
{"check":"tap-share","result":{"url":"https://mui.kernelsu.org/index.html","socket":"webview_devtools_remote_18872","value":"tapped Share text at 24,278 size 112x48 role button tappable"}}
{"check":"share-top","result":"com.android.intentresolver/.ChooserActivityLauncher"}
{"check":"app-process","result":"u0_a211      10211 u:r:untrusted_app_27:s0:c211,c256,c512,c768 18236 com.webui.api.demo"}
{"check":"app-mounts","result":"pid 18236\n135"}
{"check":"share-log","result":"10-05 09:45:57.193 19243 19243 I ResolverListAdapter: Add DisplayResolveInfo component: ComponentInfo{com.google.android.apps.docs/com.google.android.apps.docs.common.shareitem.UploadMenuActivity}, intent component: ComponentInfo{com.google.android.apps.docs/com.google.android.apps.docs.common.shareitem.UploadMenuActivity}\n10-05 09:45:57.193 19243 19243 I ResolverListAdapter: Add DisplayResolveInfo component: ComponentInfo{com.google.android.apps.messaging/com.google.android.apps.messaging.ui.conversationlist.ShareIntentActivity}, intent component: ComponentInfo{com.google.android.apps.messaging/com.google.android.apps.messaging.ui.conversationlist.ShareIntentActivity}\n10-05 09:45:57.199 16041 16060 D CoreBackPreview: Window{751fba9 u0 com.android.intentresolver/com.android.intentresolver.ChooserActivityLauncher}: Setting back callback OnBackInvokedCallbackInfo{mCallback=android.window.IOnBackInvokedCallback$Stub$Proxy@8d1f8cf, mPriority=0, mIsAnimationCallback=false}\n10-05 09:45:57.559 19243 19243 D ChooserActivity: onListRebuilt(listAdapter.userHandle=UserHandle{0}, rebuildComplete=true)\n10-05 09:45:57.561 19243 19243 D ChooserActivity: app target loading time 389 ms\n10-05 09:45:57.569 16041 16065 I ActivityTaskManager: Displayed com.android.intentresolver/.ChooserActivityLauncher for user 0: +509ms\n10-05 09:45:57.569 16041 16065 V WindowManager: Sent Transition (#8) createdAt=10-05 09:45:57.055 via request=TransitionRequestInfo { type = OPEN, triggerTask = TaskInfo{userId=0 taskId=29 displayId=0 isRunning=true baseIntent=Intent { act=android.intent.action.CHOOSER flg=0x10800000 cmp=com.android.intentresolver/.ChooserActivityLauncher } baseActivity=ComponentInfo{com.android.intentresolver/com.android.intentresolver.ChooserActivity} topActivity=ComponentInfo{com.android.intentresolver/com.android.intentresolver.ChooserActivity} origActivity=ComponentInfo{com.android.intentresolver/com.android.intentresolver.ChooserActivityLauncher} realActivity=ComponentInfo{com.android.intentresolver/com.android.intentresolver.ChooserActivity} numActivities=1 lastActiveTime=1641588 supportsMultiWindow=true resizeMode=1 isResizeable=true minWidth=-1 minHeight=-1 defaultMinSize=220 token=WCT{RemoteToken{39e32c7 Task{837034 #29 type=standard A=10105:com.android.intentresolver}}} topActivityType=1 pictureInPictureParams=null shouldDockBigOverlays=false launchIntoPipHostTaskId=-1 lastParentTaskIdBeforePip=-1 displayCutoutSafeInsets=null topActivityInfo=ActivityInfo{abe70f4 com.android.intentresolver.ChooserActivityLauncher} launchCookies=[] positionInParent=Point(0, 0) parentTaskId=-1 isFocused=false isVisible=false isVisibleRequested=false isSleeping=false locusId=null displayAreaFeatureId=1 isTopActivityTransparent=true appCompatTaskInfo=AppCompatTaskInfo { topActivityInSizeCompat=false topActivityEligibleForLetterboxEducation= falseisLetterboxEducationEnabled= true isLetterboxDoubleTapEnabled= false topActivityEligibleForUserAspectRatioButton= false topActivityBoundsLetterboxed= false isFromLetterboxDoubleTap= false topActivityLetterboxVerticalPosition= -1 topActivityLetterboxHorizontalPosition= -1 topActivityLetterboxWidth=320 topActivityLetterboxHeight=640 isUserFullscreenOverrideEnabled=false isSystemFullscreenOverrideEnabled=false cameraCompatTaskInfo=CameraCompatTaskInfo { cameraCompatControlState=hidden freeformCameraCompatMode=inactive}}}, pipTask = null, remoteTransition = null, displayChange = null, flags = 0, debugId = 8 }\n10-05 09:45:57.576 19243 19243 D ChooserActivity: onShortcutsLoaded for user: UserHandle{0}\n10-05 09:45:57.576 19243 19243 D ChooserActivity: stat to first shortcut time: 391 ms\n10-05 09:45:57.737 19243 19243 D ChooserActivity: onAppTargetsLoaded(listAdapter.userHandle=UserHandle{0})\n10-05 09:46:05.193 19293 19293 W app_process: ClassLoaderContext shared library size mismatch. Expected=2, found=0 (PCL[]{PCL[/system/framework/android.test.base.jar*724373495]#PCL[/system/framework/android.test.mock.jar*1452759902]} | PCL[])\n10-05 09:46:06.235 19293 19293 I AccessibilityNodeInfoDumper: Skipping invisible child: android.view.accessibility.AccessibilityNodeInfo@ce6b; boundsInParent: Rect(0, 0 - 0, 0); boundsInScreen: Rect(160, 366 - 160, 366); boundsInWindow: Rect(160, 366 - 160, 366); packageName: com.android.intentresolver; className: androidx.recyclerview.widget.RecyclerView; text: null; error: null; maxTextLength: -1; stateDescription: null; contentDescription: null; tooltipText: null; containerTitle: null; viewIdResName: android:id/chooser_action_row; uniqueId: null; checkable: false; checked: false; focusable: true; focused: false; selected: false; clickable: false; longClickable: false; contextClickable: false; enabled: true; password: false; scrollable: false; granularScrollingSupported: false; importantForAccessibility: true; visible: false; actions: [AccessibilityAction: ACTION_FOCUS - null, AccessibilityAction: ACTION_SELECT - null, AccessibilityAction: ACTION_CLEAR_SELECTION - null, AccessibilityAction: ACTION_ACCESSIBILITY_FOCUS - null, AccessibilityAction: ACTION_SHOW_ON_SCREEN - null]; isTextSelectable: false"}
{"check":"share-result","result":share_plus
On WebUI: share_plus_webui: Android's share sheet, opened by the module's own app
Share result: unavailable}
{"check":"cam-deny-1-tap","result":{"url":"https://mui.kernelsu.org/index.html","socket":"webview_devtools_remote_18872","value":"tapped Request camera at 24,490 size 150x46 role button tappable"}}
{"check":"cam-deny-1-top","result":"com.google.android.permissioncontroller/com.android.permissioncontroller.permission.ui.GrantPermissionsActivity"}
{"check":"cam-deny-1-dialog","result":"Allow Demo to take pictures and record video? | While using the app | Only this time | Don\u2019t allow\nAllow Demo to take pictures and record video? | While using the app | Only this time | Don\u2019t allow\nWhile using the app\nOnly this time\nDon\u2019t allow"}
{"check":"cam-deny-1-press","result":"ui: tapped 'Don' at 160,453"}
{"check":"cam-deny-1-status","result":permission_handler
On WebUI: permission_handler_webui: Android's own permission dialog, for the module's own app
Camera: denied}
{"check":"cam-deny-1-perm","result":"android.permission.CAMERA\n      android.permission.SET_WALLPAPER\n--\n        android.permission.CAMERA: granted=false, flags=[ USER_SET|USER_SENSITIVE_WHEN_GRANTED|USER_SENSITIVE_WHEN_DENIED]"}
{"check":"cam-deny-2-tap","result":{"url":"https://mui.kernelsu.org/index.html","socket":"webview_devtools_remote_18872","value":"tapped Request camera at 24,490 size 150x46 role button tappable"}}
{"check":"cam-deny-2-top","result":"com.google.android.permissioncontroller/com.android.permissioncontroller.permission.ui.GrantPermissionsActivity"}
{"check":"cam-deny-2-dialog","result":"Allow Demo to take pictures and record video? | While using the app | Only this time | Don\u2019t allow\nAllow Demo to take pictures and record video? | While using the app | Only this time | Don\u2019t allow\nWhile using the app\nOnly this time\nDon\u2019t allow"}
{"check":"cam-deny-2-press","result":"ui: tapped 'Don' at 160,453"}
{"check":"cam-deny-2-status","result":permission_handler
On WebUI: permission_handler_webui: Android's own permission dialog, for the module's own app
Camera: permanentlyDenied}
{"check":"cam-deny-2-perm","result":"android.permission.CAMERA\n      android.permission.SET_WALLPAPER\n--\n        android.permission.CAMERA: granted=false, flags=[ USER_SET|USER_FIXED|USER_SENSITIVE_WHEN_GRANTED|USER_SENSITIVE_WHEN_DENIED]"}
{"check":"cam-after-deny-tap","result":{"url":"https://mui.kernelsu.org/index.html","socket":"webview_devtools_remote_18872","value":"tapped Request camera at 24,490 size 150x46 role button tappable"}}
{"check":"cam-after-deny-top","result":"com.dergoogler.mmrl.wx/.ui.activity.webui.WebUIActivity"}
{"check":"cam-after-deny-dialog","result":"Back Back\nShare text\nRequest camera\nCopy text\nPaste\nPlaces\nStrategy\nRust\nLifecycle\nShell\nPlugins"}
{"check":"cam-after-deny-status","result":permission_handler
On WebUI: permission_handler_webui: Android's own permission dialog, for the module's own app
Camera: permanentlyDenied}
{"check":"cam-after-deny-perm","result":"android.permission.CAMERA\n      android.permission.SET_WALLPAPER\n--\n        android.permission.CAMERA: granted=false, flags=[ USER_SET|USER_FIXED|USER_SENSITIVE_WHEN_GRANTED|USER_SENSITIVE_WHEN_DENIED]"}
{"check":"cam-grant-tap","result":{"url":"https://mui.kernelsu.org/index.html","socket":"webview_devtools_remote_18872","value":"tapped Request camera at 24,490 size 150x46 role button tappable"}}
{"check":"cam-grant-top","result":"com.google.android.permissioncontroller/com.android.permissioncontroller.permission.ui.GrantPermissionsActivity"}
{"check":"cam-grant-dialog","result":"Allow Demo to take pictures and record video? | While using the app | Only this time | Don\u2019t allow\nAllow Demo to take pictures and record video? | While using the app | Only this time | Don\u2019t allow\nWhile using the app\nOnly this time\nDon\u2019t allow"}
{"check":"cam-grant-press","result":"ui: tapped 'While using the app' at 160,333"}
{"check":"cam-grant-status","result":permission_handler
On WebUI: permission_handler_webui: Android's own permission dialog, for the module's own app
Camera: granted}
{"check":"cam-grant-perm","result":"android.permission.CAMERA\n      android.permission.SET_WALLPAPER\n--\n        android.permission.CAMERA: granted=true, flags=[ USER_SET|USER_SENSITIVE_WHEN_GRANTED|USER_SENSITIVE_WHEN_DENIED]"}
{"check":"clip-listen","result":{"url":"https://mui.kernelsu.org/index.html","socket":"webview_devtools_remote_18872","value":"listening"}}
{"check":"clip-paste-tap","result":{"url":"https://mui.kernelsu.org/index.html","socket":"webview_devtools_remote_18872","value":"tapped Paste at 139,382 size 84x48 role button tappable"}}
{"check":"clip-paste-top","result":"com.dergoogler.mmrl.wx/.ui.activity.webui.WebUIActivity"}
{"check":"clip-pasted","result":The app calls share_plus, permission_handler, the clipboard, flutter_local_notifications and file_selector as on any platform. Running in a WebUI host, so their *_webui packages answer.
Clipboard (flutter/services)
On WebUI: clipboard_webui: Android's clipboard, through the module's own app
Pasted: lab-clip-14830
Paste}
{"check":"clip-blips","result":{"url":"https://mui.kernelsu.org/index.html","socket":"webview_devtools_remote_18872","value":"[[158984,\"visibility hidden\"],[158985,\"{\\\"type\\\":\\\"WX_ON_PAUSE\\\"}\"],[159045,\"visibility visible\"],[159046,\"{\\\"type\\\":\\\"WX_ON_RESUME\\\"}\"]]"}}
{"check":"clip-process","result":"u0_a211      u:r:untrusted_app_27:s0:c211,c256,c512,c768 com.webui.api.demo"}
{"check":"clip-copy-tap","result":{"url":"https://mui.kernelsu.org/index.html","socket":"webview_devtools_remote_18872","value":"tapped Copy text at 24,382 size 107x48 role button tappable"}}
{"check":"clip-copied","result":The app calls share_plus, permission_handler, the clipboard, flutter_local_notifications and file_selector as on any platform. Running in a WebUI host, so their *_webui packages answer.
Clipboard (flutter/services)
On WebUI: clipboard_webui: Android's clipboard, through the module's own app
Copy: copied
Pasted: lab-clip-14830
Copy text}
{"check":"clip-ext-paste","result":"text=\"\" text=\"\" text=\"\" text=\"\" text=\"\""}
{"check":"pick-tap","result":{"url":"https://mui.kernelsu.org/index.html","socket":"webview_devtools_remote_18872","value":"tapped Pick a file at 24,371 size 109x48 role button tappable"}}
{"check":"pick-top","result":"com.google.android.documentsui/com.android.documentsui.picker.PickActivity"}
{"check":"picked","result":file_selector
On WebUI: file_selector_webui: the WebView's file chooser
Picked: /data/adb/demo/tmp/open-hmxb1ixlp4-0/lab-pick.txt
Pick a file}
{"check":"pick-files","result":"/data/adb/demo/tmp:\ntotal 24\ndrwx------ 3 root root u:object_r:adb_data_file:s0  4096 2026-10-05 09:49 .\ndrwx------ 3 root root u:object_r:adb_data_file:s0  4096 2026-10-05 09:45 ..\ndrwx------ 2 root root u:object_r:adb_data_file:s0  4096 2026-10-05 09:49 open-hmxb1ixlp4-0\n\n/data/adb/demo/tmp/open-hmxb1ixlp4-0:\ntotal 24\ndrwx------ 2 root root u:object_r:adb_data_file:s0  4096 2026-10-05 09:49 .\ndrwx------ 3 root root u:object_r:adb_data_file:s0  4096 2026-10-05 09:49 ..\n-rw------- 1 root root u:object_r:adb_data_file:s0     9 2026-10-05 09:49 lab-pick.txt"}
{"check":"app-settings","result":"Archive\nUninstall\nForce stop\nNotifications | Off\nPermissions | Camera\nStorage & cache | 7.20 MB used in internal storage\nNavigate up\nOpen"}
{"check":"fgs-home","result":"* ServiceRecord{885e5cb u0 com.webui.api.demo/com.termux.api.RootHelperService c:com.android.shell}\n    isForeground=true foregroundId=32363 types=0x40000000 foregroundNoti=Notification(channel=root_helper shortcut=null contentView=null vibrate=null sound=null defaults=0 flags=ONGOING_EVENT|FOREGROUND_SERVICE color=0x00000000 vis=PRIVATE)\n-- posted:\n-- procs:\nu0_a211      18236 com.webui.api.demo\nroot         18662 dartaotruntime\nroot         19107 dartaotruntime"}
{"check":"fgs-before-close","result":"* ServiceRecord{885e5cb u0 com.webui.api.demo/com.termux.api.RootHelperService c:com.android.shell}\n    isForeground=true foregroundId=32363 types=0x40000000 foregroundNoti=Notification(channel=root_helper shortcut=null contentView=null vibrate=null sound=null defaults=0 flags=ONGOING_EVENT|FOREGROUND_SERVICE color=0x00000000 vis=PRIVATE)\n-- posted:\n-- procs:\nu0_a211      18236 com.webui.api.demo\nroot         18662 dartaotruntime\nroot         19107 dartaotruntime"}
{"check":"fgs-gone-after","result":"31 s"}
{"check":"fgs-closed","result":"-- posted:\n-- procs:\nu0_a211      18236 com.webui.api.demo"}
{"check":"channel-gone-after","result":"36 s"}
{"check":"root-hold-end","result":"2026-10-05T09:50:44.136196 am stopservice --user 0 -n com.webui.api.demo/com.termux.api.RootHelperService: exit 255 Stopping service: Intent { cmp=com.webui.api.demo/com.termux.api.RootHelperService }\n-- avc:"}
{"check":"after-reboot","result":"package:/data/app/~~1OvpPAPT0g4rRlzLicA-cg==/com.webui.api.demo-6dAIjyuBV4O3D6OFz_zhnQ==/base.apk\n    codePath=/data/app/~~1OvpPAPT0g4rRlzLicA-cg==/com.webui.api.demo-6dAIjyuBV4O3D6OFz_zhnQ==\n    versionCode=1011 minSdk=24 targetSdk=28\n-- service.sh log:"}
{"check":"uninstall","result":""}
{"check":"after-uninstall","result":"ls: /data/adb/modules/demo: No such file or directory\nls: /data/adb/demo: No such file or directory\nls: /data/adb/ksu/module_configs/demo: No such file or directory\nls: /product/app/WebuiApi_demo: No such file or directory"}
