assemble_cvd(6072)  D 10-07 06:44:48  6072  6072 assemble_cvd.cc:616] received flags: --enable_sandbox=false --webrtc_device_id=cvd_1-1-1 --cpus=2 --daemon=true --num_instances=1 --report_anonymous_usage_stats=n --gpu_mode=gfxstream_guest_angle_host_swiftshader --memory_mb=4096
assemble_cvd(6072)  D 10-07 06:44:48  6072  6072 fetcher_config.cpp:127] Adjusting cvd_file paths to directory: /mnt/cf
assemble_cvd(6072)  D 10-07 06:44:48  6072  6072 fetcher_config.cpp:230] Could not find file ending in initramfs.img
assemble_cvd(6072)  D 10-07 06:44:48  6072  6072 fetcher_config.cpp:230] Could not find file ending in kernel
assemble_cvd(6072)  D 10-07 06:44:48  6072  6072 config_flag.cpp:206] Reading --config option from: /var/tmp/cvd/1001/1791355487963379/artifacts/0/android-info.txt
assemble_cvd(6072)  D 10-07 06:44:48  6072  6072 config_flag.cpp:151] Launching CVD using --config='phone'
assemble_cvd(6072)  D 10-07 06:44:48  6072  6072 assemble_cvd.cc:697] AndroidBuilds(1 builds, 1 distinct)
assemble_cvd(6072)  D 10-07 06:44:48  6072  6072 command.cc:323] Started (pid: 6075): /var/tmp/cvd/1001/1791355487963379/artifacts/host_tools/bin/extract-ikconfig
assemble_cvd(6072)  D 10-07 06:44:48  6072  6072 command.cc:325] /mnt/cf/boot.img
assemble_cvd(6072)  D 10-07 06:44:48  6072  6072 managed_stdio.cc:153] Ran /var/tmp/cvd/1001/1791355487963379/artifacts/host_tools/bin/extract-ikconfig with stdout:
assemble_cvd(6072)  D 10-07 06:44:48  6072  6072 managed_stdio.cc:153] #
assemble_cvd(6072)  D 10-07 06:44:48  6072  6072 managed_stdio.cc:153] # Automatically generated file; DO NOT EDIT.
assemble_cvd(6072)  D 10-07 06:44:48  6072  6072 managed_stdio.cc:153] # Linux/x86_64 6.12.74 Kernel Configuration
assemble_cvd(6072)  D 10-07 06:44:48  6072  6072 managed_stdio.cc:153] #
assemble_cvd(6072)  D 10-07 06:44:48  6072  6072 managed_stdio.cc:153] CONFIG_CC_VERSION_TEXT="Android (14043575, +pgo, +bolt, +lto, +mlgo, based on r536225) clang version 19.0.1 (https://android.googlesource.com/toolchain/llvm-project b3a530ec6537146650e42be89f1089e9a3588460)"
assemble_cvd(6072)  D 10-07 06:44:48  6072  6072 managed_stdio.cc:153] CONFIG_GCC_VERSION=0
assemble_cvd(6072)  D 10-07 06:44:48  6072  6072 managed_stdio.cc:153] CONFIG_CC_IS_CLANG=y
assemble_cvd(6072)  D 10-07 06:44:48  6072  6072 managed_stdio.cc:153] CONFIG_CLANG_VERSION=190001
assemble_cvd(6072)  D 10-07 06:44:48  6072  6072 managed_stdio.cc:153] CONFIG_AS_IS_LLVM=y
assemble_cvd(6072)  D 10-07 06:44:48  6072  6072 managed_stdio.cc:153] CONFIG_AS_VERSION=190001
assemble_cvd(6072)  D 10-07 06:44:48  6072  6072 managed_stdio.cc:153] CONFIG_LD_VERSION=0
assemble_cvd(6072)  D 10-07 06:44:48  6072  6072 managed_stdio.cc:153] CONFIG_LD_IS_LLD=y
assemble_cvd(6072)  D 10-07 06:44:48  6072  6072 managed_stdio.cc:153] CONFIG_LLD_VERSION=190001
assemble_cvd(6072)  D 10-07 06:44:48  6072  6072 managed_stdio.cc:153] CONFIG_RUSTC_VERSION=108200
assemble_cvd(6072)  D 10-07 06:44:48  6072  6072 managed_stdio.cc:153] CONFIG_RUST_IS_AVAILABLE=y
assemble_cvd(6072)  D 10-07 06:44:48  6072  6072 managed_stdio.cc:153] CONFIG_RUSTC_LLVM_VERSION=190001
assemble_cvd(6072)  D 10-07 06:44:48  6072  6072 managed_stdio.cc:153] CONFIG_RUSTC_LLVM_MAJOR_VERSION=19
assemble_cvd(6072)  D 10-07 06:44:48  6072  6072 managed_stdio.cc:153] CONFIG_RUSTC_CLANG_LLVM_COMPATIBLE=y
assemble_cvd(6072)  D 10-07 06:44:48  6072  6072 managed_stdio.cc:153] CONFIG_CC_CAN_LINK=y
assemble_cvd(6072)  D 10-07 06:44:48  6072  6072 managed_stdio.cc:153] CONFIG_CC_CAN_LINK_STATIC=y
assemble_cvd(6072)  D 10-07 06:44:48  6072  6072 managed_stdio.cc:153] CONFIG_CC_HAS_ASM_GOTO_OUTPUT=y
assemble_cvd(6072)  D 10-07 06:44:48  6072  6072 managed_stdio.cc:153] CONFIG_CC_HAS_ASM_GOTO_TIED_OUTPUT=y
assemble_cvd(6072)  D 10-07 06:44:48  6072  6072 managed_stdio.cc:153] CONFIG_TOOLS_SUPPORT_RELR=y
assemble_cvd(6072)  D 10-07 06:44:48  6072  6072 managed_stdio.cc:153] CONFIG_CC_HAS_ASM_INLINE=y
assemble_cvd(6072)  D 10-07 06:44:48  6072  6072 managed_stdio.cc:153] CONFIG_CC_HAS_NO_PROFILE_FN_ATTR=y
assemble_cvd(6072)  D 10-07 06:44:48  6072  6072 managed_stdio.cc:153] CONFIG_PAHOLE_VERSION=125
assemble_cvd(6072)  D 10-07 06:44:48  6072  6072 managed_stdio.cc:153] CONFIG_IRQ_WORK=y
assemble_cvd(6072)  D 10-07 06:44:48  6072  6072 managed_stdio.cc:153] CONFIG_BUILDTIME_TABLE_SORT=y
assemble_cvd(6072)  D 10-07 06:44:48  6072  6072 managed_stdio.cc:153] CONFIG_THREAD_INFO_IN_TASK=y
assemble_cvd(6072)  D 10-07 06:44:48  6072  6072 managed_stdio.cc:153] 
assemble_cvd(6072)  D 10-07 06:44:48  6072  6072 managed_stdio.cc:153] #
assemble_cvd(6072)  D 10-07 06:44:48  6072  6072 managed_stdio.cc:153] # General setup
assemble_cvd(6072)  D 10-07 06:44:48  6072  6072 managed_stdio.cc:153] #
assemble_cvd(6072)  D 10-07 06:44:48  6072  6072 managed_stdio.cc:153] CONFIG_INIT_ENV_ARG_LIMIT=32
assemble_cvd(6072)  D 10-07 06:44:48  6072  6072 managed_stdio.cc:153] # CONFIG_COMPILE_TEST is not set
assemble_cvd(6072)  D 10-07 06:44:48  6072  6072 managed_stdio.cc:153] CONFIG_WERROR=y
assemble_cvd(6072)  D 10-07 06:44:48  6072  6072 managed_stdio.cc:153] # CONFIG_UAPI_HEADER_TEST is not set
assemble_cvd(6072)  D 10-07 06:44:48  6072  6072 managed_stdio.cc:153] CONFIG_LOCALVERSION=""
assemble_cvd(6072)  D 10-07 06:44:48  6072  6072 managed_stdio.cc:153] CONFIG_LOCALVERSION_AUTO=y
assemble_cvd(6072)  D 10-07 06:44:48  6072  6072 managed_stdio.cc:153] CONFIG_BUILD_SALT=""
assemble_cvd(6072)  D 10-07 06:44:48  6072  6072 managed_stdio.cc:153] CONFIG_HAVE_KERNEL_GZIP=y
assemble_cvd(6072)  D 10-07 06:44:48  6072  6072 managed_stdio.cc:153] CONFIG_HAVE_KERNEL_BZIP2=y
assemble_cvd(6072)  D 10-07 06:44:48  6072  6072 managed_stdio.cc:153] CONFIG_HAVE_KERNEL_LZMA=y
assemble_cvd(6072)  D 10-07 06:44:48  6072  6072 managed_stdio.cc:153] CONFIG_HAVE_KERNEL_XZ=y
assemble_cvd(6072)  D 10-07 06:44:48  6072  6072 managed_stdio.cc:153] CONFIG_HAVE_KERNEL_LZO=y
assemble_cvd(6072)  D 10-07 06:44:48  6072  6072 managed_stdio.cc:153] CONFIG_HAVE_KERNEL_LZ4=y
assemble_cvd(6072)  D 10-07 06:44:48  6072  6072 managed_stdio.cc:153] CONFIG_HAVE_KERNEL_ZSTD=y
assemble_cvd(6072)  D 10-07 06:44:48  6072  6072 managed_stdio.cc:153] # CONFIG_KERNEL_GZIP is not set
assemble_cvd(6072)  D 10-07 06:44:48  6072  6072 managed_stdio.cc:153] # CONFIG_KERNEL_BZIP2 is not set
assemble_cvd(6072)  D 10-07 06:44:48  6072  6072 managed_stdio.cc:153] # CONFIG_KERNEL_LZMA is not set
assemble_cvd(6072)  D 10-07 06:44:48  6072  6072 managed_stdio.cc:153] # CONFIG_KERNEL_XZ is not set
assemble_cvd(6072)  D 10-07 06:44:48  6072  6072 managed_stdio.cc:153] # CONFIG_KERNEL_LZO is not set
assemble_cvd(6072)  D 10-07 06:44:48  6072  6072 managed_stdio.cc:153] CONFIG_KERNEL_LZ4=y
assemble_cvd(6072)  D 10-07 06:44:48  6072  6072 managed_stdio.cc:153] # CONFIG_KERNEL_ZSTD is not set
assemble_cvd(6072)  D 10-07 06:44:48  6072  6072 managed_stdio.cc:153] CONFIG_DEFAULT_INIT=""
assemble_cvd(6072)  D 10-07 06:44:48  6072  6072 managed_stdio.cc:153] CONFIG_DEFAULT_HOSTNAME="(none)"
assemble_cvd(6072)  D 10-07 06:44:48  6072  6072 managed_stdio.cc:153] # CONFIG_SYSVIPC is not set
assemble_cvd(6072)  D 10-07 06:44:48  6072  6072 managed_stdio.cc:153] # CONFIG_POSIX_MQUEUE is not set
assemble_cvd(6072)  D 10-07 06:44:48  6072  6072 managed_stdio.cc:153] # CONFIG_WATCH_QUEUE is not set
assemble_cvd(6072)  D 10-07 06:44:48  6072  6072 managed_stdio.cc:153] CONFIG_CROSS_MEMORY_ATTACH=y
assemble_cvd(6072)  D 10-07 06:44:48  6072  6072 managed_stdio.cc:153] # CONFIG_USELIB is not set
assemble_cvd(6072)  D 10-07 06:44:48  6072  6072 managed_stdio.cc:153] CONFIG_AUDIT=y
assemble_cvd(6072)  D 10-07 06:44:48  6072  6072 managed_stdio.cc:153] CONFIG_HAVE_ARCH_AUDITSYSCALL=y
assemble_cvd(6072)  D 10-07 06:44:48  6072  6072 managed_stdio.cc:153] CONFIG_AUDITSYSCALL=y
assemble_cvd(6072)  D 10-07 06:44:48  6072  6072 managed_stdio.cc:153] 
assemble_cvd(6072)  D 10-07 06:44:48  6072  6072 managed_stdio.cc:153] #
assemble_cvd(6072)  D 10-07 06:44:48  6072  6072 managed_stdio.cc:153] # IRQ subsystem
assemble_cvd(6072)  D 10-07 06:44:48  6072  6072 managed_stdio.cc:153] #
assemble_cvd(6072)  D 10-07 06:44:48  6072  6072 managed_stdio.cc:153] CONFIG_GENERIC_IRQ_PROBE=y
assemble_cvd(6072)  D 10-07 06:44:48  6072  6072 managed_stdio.cc:153] CONFIG_GENERIC_IRQ_SHOW=y
assemble_cvd(6072)  D 10-07 06:44:48  6072  6072 managed_stdio.cc:153] CONFIG_GENERIC_IRQ_EFFECTIVE_AFF_MASK=y
assemble_cvd(6072)  D 10-07 06:44:48  6072  6072 managed_stdio.cc:153] CONFIG_GENERIC_PENDING_IRQ=y
assemble_cvd(6072)  D 10-07 06:44:48  6072  6072 managed_stdio.cc:153] CONFIG_GENERIC_IRQ_MIGRATION=y
assemble_cvd(6072)  D 10-07 06:44:48  6072  6072 managed_stdio.cc:153] CONFIG_HARDIRQS_SW_RESEND=y
assemble_cvd(6072)  D 10-07 06:44:48  6072  6072 managed_stdio.cc:153] CONFIG_GENERIC_IRQ_CHIP=y
assemble_cvd(6072)  D 10-07 06:44:48  6072  6072 managed_stdio.cc:153] CONFIG_IRQ_DOMAIN=y
assemble_cvd(6072)  D 10-07 06:44:48  6072  6072 managed_stdio.cc:153] CONFIG_IRQ_DOMAIN_HIERARCHY=y
assemble_cvd(6072)  D 10-07 06:44:48  6072  6072 managed_stdio.cc:153] CONFIG_IRQ_FASTEOI_HIERARCHY_HANDLERS=y
assemble_cvd(6072)  D 10-07 06:44:48  6072  6072 managed_stdio.cc:153] CONFIG_GENERIC_MSI_IRQ=y
assemble_cvd(6072)  D 10-07 06:44:48  6072  6072 managed_stdio.cc:153] CONFIG_IRQ_MSI_IOMMU=y
assemble_cvd(6072)  D 10-07 06:44:48  6072  6072 managed_stdio.cc:153] CONFIG_GENERIC_IRQ_MATRIX_ALLOCATOR=y
assemble_cvd(6072)  D 10-07 06:44:48  6072  6072 managed_stdio.cc:153] CONFIG_GENERIC_IRQ_RESERVATION_MODE=y
assemble_cvd(6072)  D 10-07 06:44:48  6072  6072 managed_stdio.cc:153] CONFIG_GENERIC_IRQ_STAT_SNAPSHOT=y
assemble_cvd(6072)  D 10-07 06:44:48  6072  6072 managed_stdio.cc:153] CONFIG_IRQ_FORCED_THREADING=y
assemble_cvd(6072)  D 10-07 06:44:48  6072  6072 managed_stdio.cc:153] CONFIG_SPARSE_IRQ=y
assemble_cvd(6072)  D 10-07 06:44:48  6072  6072 managed_stdio.cc:153] # CONFIG_GENERIC_IRQ_DEBUGFS is not set
assemble_cvd(6072)  D 10-07 06:44:48  6072  6072 managed_stdio.cc:153] # end of IRQ subsystem
assemble_cvd(6072)  D 10-07 06:44:48  6072  6072 managed_stdio.cc:153] 
assemble_cvd(6072)  D 10-07 06:44:48  6072  6072 managed_stdio.cc:153] CONFIG_CLOCKSOURCE_WATCHDOG=y
assemble_cvd(6072)  D 10-07 06:44:48  6072  6072 managed_stdio.cc:153] CONFIG_ARCH_CLOCKSOURCE_INIT=y
assemble_cvd(6072)  D 10-07 06:44:48  6072  6072 managed_stdio.cc:153] CONFIG_GENERIC_TIME_VSYSCALL=y
assemble_cvd(6072)  D 10-07 06:44:48  6072  6072 managed_stdio.cc:153] CONFIG_GENERIC_CLOCKEVENTS=y
assemble_cvd(6072)  D 10-07 06:44:48  6072  6072 managed_stdio.cc:153] CONFIG_GENERIC_CLOCKEVENTS_BROADCAST=y
assemble_cvd(6072)  D 10-07 06:44:48  6072  6072 managed_stdio.cc:153] CONFIG_GENERIC_CLOCKEVENTS_BROADCAST_IDLE=y
assemble_cvd(6072)  D 10-07 06:44:48  6072  6072 managed_stdio.cc:153] CONFIG_GENERIC_CLOCKEVENTS_MIN_ADJUST=y
assemble_cvd(6072)  D 10-07 06:44:48  6072  6072 managed_stdio.cc:153] CONFIG_GENERIC_CMOS_UPDATE=y
assemble_cvd(6072)  D 10-07 06:44:48  6072  6072 managed_stdio.cc:153] CONFIG_HAVE_POSIX_CPU_TIMERS_TASK_WORK=y
assemble_cvd(6072)  D 10-07 06:44:48  6072  6072 managed_stdio.cc:153] CONFIG_POSIX_CPU_TIMERS_TASK_WORK=y
assemble_cvd(6072)  D 10-07 06:44:48  6072  6072 managed_stdio.cc:153] CONFIG_TIME_KUNIT_TEST=m
assemble_cvd(6072)  D 10-07 06:44:48  6072  6072 managed_stdio.cc:153] CONFIG_CONTEXT_TRACKING=y
assemble_cvd(6072)  D 10-07 06:44:48  6072  6072 managed_stdio.cc:153] CONFIG_CONTEXT_TRACKING_IDLE=y
assemble_cvd(6072)  D 10-07 06:44:48  6072  6072 managed_stdio.cc:153] 
assemble_cvd(6072)  D 10-07 06:44:48  6072  6072 managed_stdio.cc:153] #
assemble_cvd(6072)  D 10-07 06:44:48  6072  6072 managed_stdio.cc:153] # Timers subsystem
assemble_cvd(6072)  D 10-07 06:44:48  6072  6072 managed_stdio.cc:153] #
assemble_cvd(6072)  D 10-07 06:44:48  6072  6072 managed_stdio.cc:153] CONFIG_TICK_ONESHOT=y
assemble_cvd(6072)  D 10-07 06:44:48  6072  6072 managed_stdio.cc:153] CONFIG_NO_HZ_COMMON=y
assemble_cvd(6072)  D 10-07 06:44:48  6072  6072 managed_stdio.cc:153] # CONFIG_HZ_PERIODIC is not set
assemble_cvd(6072)  D 10-07 06:44:48  6072  6072 managed_stdio.cc:153] CONFIG_NO_HZ_IDLE=y
assemble_cvd(6072)  D 10-07 06:44:48  6072  6072 managed_stdio.cc:153] # CONFIG_NO_HZ_FULL is not set
assemble_cvd(6072)  D 10-07 06:44:48  6072  6072 managed_stdio.cc:153] CONFIG_NO_HZ=y
assemble_cvd(6072)  D 10-07 06:44:48  6072  6072 managed_stdio.cc:153] CONFIG_HIGH_RES_TIMERS=y
assemble_cvd(6072)  D 10-07 06:44:48  6072  6072 managed_stdio.cc:153] CONFIG_CLOCKSOURCE_WATCHDOG_MAX_SKEW_US=125
assemble_cvd(6072)  D 10-07 06:44:48  6072  6072 managed_stdio.cc:153] # end of Timers subsystem
assemble_cvd(6072)  D 10-07 06:44:48  6072  6072 managed_stdio.cc:153] 
assemble_cvd(6072)  D 10-07 06:44:48  6072  6072 managed_stdio.cc:153] CONFIG_BPF=y
assemble_cvd(6072)  D 10-07 06:44:48  6072  6072 managed_stdio.cc:153] CONFIG_HAVE_EBPF_JIT=y
assemble_cvd(6072)  D 10-07 06:44:48  6072  6072 managed_stdio.cc:153] CONFIG_ARCH_WANT_DEFAULT_BPF_JIT=y
assemble_cvd(6072)  D 10-07 06:44:48  6072  6072 managed_stdio.cc:153] 
assemble_cvd(6072)  D 10-07 06:44:48  6072  6072 managed_stdio.cc:153] #
assemble_cvd(6072)  D 10-07 06:44:48  6072  6072 managed_stdio.cc:153] # BPF subsystem
assemble_cvd(6072)  D 10-07 06:44:48  6072  6072 managed_stdio.cc:153] #
assemble_cvd(6072)  D 10-07 06:44:48  6072  6072 managed_stdio.cc:153] CONFIG_BPF_SYSCALL=y
assemble_cvd(6072)  D 10-07 06:44:48  6072  6072 managed_stdio.cc:153] CONFIG_BPF_JIT=y
assemble_cvd(6072)  D 10-07 06:44:48  6072  6072 managed_stdio.cc:153] CONFIG_BPF_JIT_ALWAYS_ON=y
assemble_cvd(6072)  D 10-07 06:44:48  6072  6072 managed_stdio.cc:153] CONFIG_BPF_JIT_DEFAULT_ON=y
assemble_cvd(6072)  D 10-07 06:44:48  6072  6072 managed_stdio.cc:153] # CONFIG_BPF_UNPRIV_DEFAULT_OFF is not set
assemble_cvd(6072)  D 10-07 06:44:48  6072  6072 managed_stdio.cc:153] # CONFIG_BPF_PRELOAD is not set
assemble_cvd(6072)  D 10-07 06:44:48  6072  6072 managed_stdio.cc:153] CONFIG_BPF_LSM=y
assemble_cvd(6072)  D 10-07 06:44:48  6072  6072 managed_stdio.cc:153] # end of BPF subsystem
assemble_cvd(6072)  D 10-07 06:44:48  6072  6072 managed_stdio.cc:153] 
assemble_cvd(6072)  D 10-07 06:44:48  6072  6072 managed_stdio.cc:153] CONFIG_PREEMPT_BUILD=y
assemble_cvd(6072)  D 10-07 06:44:48  6072  6072 managed_stdio.cc:153] # CONFIG_PREEMPT_NONE is not set
assemble_cvd(6072)  D 10-07 06:44:48  6072  6072 managed_stdio.cc:153] # CONFIG_PREEMPT_VOLUNTARY is not set
assemble_cvd(6072)  D 10-07 06:44:48  6072  6072 managed_stdio.cc:153] CONFIG_PREEMPT=y
assemble_cvd(6072)  D 10-07 06:44:48  6072  6072 managed_stdio.cc:153] # CONFIG_PREEMPT_RT is not set
assemble_cvd(6072)  D 10-07 06:44:48  6072  6072 managed_stdio.cc:153] CONFIG_PREEMPT_COUNT=y
assemble_cvd(6072)  D 10-07 06:44:48  6072  6072 managed_stdio.cc:153] CONFIG_PREEMPTION=y
assemble_cvd(6072)  D 10-07 06:44:48  6072  6072 managed_stdio.cc:153] # CONFIG_PREEMPT_DYNAMIC is not set
assemble_cvd(6072)  D 10-07 06:44:48  6072  6072 managed_stdio.cc:153] # CONFIG_SCHED_CORE is not set
assemble_cvd(6072)  D 10-07 06:44:48  6072  6072 managed_stdio.cc:153] CONFIG_SCHED_CLASS_EXT=y
assemble_cvd(6072)  D 10-07 06:44:48  6072  6072 managed_stdio.cc:153] 
assemble_cvd(6072)  D 10-07 06:44:48  6072  6072 managed_stdio.cc:153] #
assemble_cvd(6072)  D 10-07 06:44:48  6072  6072 managed_stdio.cc:153] # CPU/Task time and stats accounting
assemble_cvd(6072)  D 10-07 06:44:48  6072  6072 managed_stdio.cc:153] #
assemble_cvd(6072)  D 10-07 06:44:48  6072  6072 managed_stdio.cc:153] CONFIG_TICK_CPU_ACCOUNTING=y
assemble_cvd(6072)  D 10-07 06:44:48  6072  6072 managed_stdio.cc:153] # CONFIG_VIRT_CPU_ACCOUNTING_GEN is not set
assemble_cvd(6072)  D 10-07 06:44:48  6072  6072 managed_stdio.cc:153] CONFIG_IRQ_TIME_ACCOUNTING=y
assemble_cvd(6072)  D 10-07 06:44:48  6072  6072 managed_stdio.cc:153] CONFIG_HAVE_SCHED_AVG_IRQ=y
assemble_cvd(6072)  D 10-07 06:44:48  6072  6072 managed_stdio.cc:153] # CONFIG_BSD_PROCESS_ACCT is not set
assemble_cvd(6072)  D 10-07 06:44:48  6072  6072 managed_stdio.cc:153] CONFIG_TASKSTATS=y
assemble_cvd(6072)  D 10-07 06:44:48  6072  6072 managed_stdio.cc:153] CONFIG_TASK_DELAY_ACCT=y
assemble_cvd(6072)  D 10-07 06:44:48  6072  6072 managed_stdio.cc:153] CONFIG_TASK_XACCT=y
assemble_cvd(6072)  D 10-07 06:44:48  6072  6072 managed_stdio.cc:153] CONFIG_TASK_IO_ACCOUNTING=y
assemble_cvd(6072)  D 10-07 06:44:48  6072  6072 managed_stdio.cc:153] CONFIG_PSI=y
assemble_cvd(6072)  D 10-07 06:44:48  6072  6072 managed_stdio.cc:153] # CONFIG_PSI_DEFAULT_DISABLED is not set
assemble_cvd(6072)  D 10-07 06:44:48  6072  6072 managed_stdio.cc:153] # end of CPU/Task time and stats accounting
assemble_cvd(6072)  D 10-07 06:44:48  6072  6072 managed_stdio.cc:153] 
assemble_cvd(6072)  D 10-07 06:44:48  6072  6072 managed_stdio.cc:153] CONFIG_CPU_ISOLATION=y
assemble_cvd(6072)  D 10-07 06:44:48  6072  6072 managed_stdio.cc:153] 
assemble_cvd(6072)  D 10-07 06:44:48  6072  6072 managed_stdio.cc:153] #
assemble_cvd(6072)  D 10-07 06:44:48  6072  6072 managed_stdio.cc:153] # RCU Subsystem
assemble_cvd(6072)  D 10-07 06:44:48  6072  6072 managed_stdio.cc:153] #
assemble_cvd(6072)  D 10-07 06:44:48  6072  6072 managed_stdio.cc:153] CONFIG_TREE_RCU=y
assemble_cvd(6072)  D 10-07 06:44:48  6072  6072 managed_stdio.cc:153] CONFIG_PREEMPT_RCU=y
assemble_cvd(6072)  D 10-07 06:44:48  6072  6072 managed_stdio.cc:153] CONFIG_RCU_EXPERT=y
assemble_cvd(6072)  D 10-07 06:44:48  6072  6072 managed_stdio.cc:153] CONFIG_TREE_SRCU=y
assemble_cvd(6072)  D 10-07 06:44:48  6072  6072 managed_stdio.cc:153] CONFIG_TASKS_RCU_GENERIC=y
assemble_cvd(6072)  D 10-07 06:44:48  6072  6072 managed_stdio.cc:153] # CONFIG_FORCE_TASKS_RCU is not set
assemble_cvd(6072)  D 10-07 06:44:48  6072  6072 managed_stdio.cc:153] CONFIG_NEED_TASKS_RCU=y
assemble_cvd(6072)  D 10-07 06:44:48  6072  6072 managed_stdio.cc:153] CONFIG_TASKS_RCU=y
assemble_cvd(6072)  D 10-07 06:44:48  6072  6072 managed_stdio.cc:153] # CONFIG_FORCE_TASKS_RUDE_RCU is not set
assemble_cvd(6072)  D 10-07 06:44:48  6072  6072 managed_stdio.cc:153] # CONFIG_FORCE_TASKS_TRACE_RCU is not set
assemble_cvd(6072)  D 10-07 06:44:48  6072  6072 managed_stdio.cc:153] CONFIG_TASKS_TRACE_RCU=y
assemble_cvd(6072)  D 10-07 06:44:48  6072  6072 managed_stdio.cc:153] CONFIG_RCU_STALL_COMMON=y
assemble_cvd(6072)  D 10-07 06:44:48  6072  6072 managed_stdio.cc:153] CONFIG_RCU_NEED_SEGCBLIST=y
assemble_cvd(6072)  D 10-07 06:44:48  6072  6072 managed_stdio.cc:153] CONFIG_RCU_FANOUT=64
assemble_cvd(6072)  D 10-07 06:44:48  6072  6072 managed_stdio.cc:153] CONFIG_RCU_FANOUT_LEAF=16
assemble_cvd(6072)  D 10-07 06:44:48  6072  6072 managed_stdio.cc:153] CONFIG_RCU_BOOST=y
assemble_cvd(6072)  D 10-07 06:44:48  6072  6072 managed_stdio.cc:153] CONFIG_RCU_BOOST_DELAY=500
assemble_cvd(6072)  D 10-07 06:44:48  6072  6072 managed_stdio.cc:153] CONFIG_RCU_EXP_KTHREAD=y
assemble_cvd(6072)  D 10-07 06:44:48  6072  6072 managed_stdio.cc:153] CONFIG_RCU_NOCB_CPU=y
assemble_cvd(6072)  D 10-07 06:44:48  6072  6072 managed_stdio.cc:153] CONFIG_RCU_NOCB_CPU_DEFAULT_ALL=y
assemble_cvd(6072)  D 10-07 06:44:48  6072  6072 managed_stdio.cc:153] # CONFIG_RCU_NOCB_CPU_CB_BOOST is not set
assemble_cvd(6072)  D 10-07 06:44:48  6072  6072 managed_stdio.cc:153] # CONFIG_TASKS_TRACE_RCU_READ_MB is not set
assemble_cvd(6072)  D 10-07 06:44:48  6072  6072 managed_stdio.cc:153] CONFIG_RCU_LAZY=y
assemble_cvd(6072)  D 10-07 06:44:48  6072  6072 managed_stdio.cc:153] # CONFIG_RCU_LAZY_DEFAULT_OFF is not set
assemble_cvd(6072)  D 10-07 06:44:48  6072  6072 managed_stdio.cc:153] # CONFIG_RCU_DOUBLE_CHECK_CB_TIME is not set
assemble_cvd(6072)  D 10-07 06:44:48  6072  6072 managed_stdio.cc:153] CONFIG_RCU_BOOT_END_DELAY=20000
assemble_cvd(6072)  D 10-07 06:44:48  6072  6072 managed_stdio.cc:153] # end of RCU Subsystem
assemble_cvd(6072)  D 10-07 06:44:48  6072  6072 managed_stdio.cc:153] 
assemble_cvd(6072)  D 10-07 06:44:48  6072  6072 managed_stdio.cc:153] CONFIG_IKCONFIG=y
assemble_cvd(6072)  D 10-07 06:44:48  6072  6072 managed_stdio.cc:153] CONFIG_IKCONFIG_PROC=y
assemble_cvd(6072)  D 10-07 06:44:48  6072  6072 managed_stdio.cc:153] CONFIG_IKHEADERS=m
assemble_cvd(6072)  D 10-07 06:44:48  6072  6072 managed_stdio.cc:153] CONFIG_LOG_BUF_SHIFT=17
assemble_cvd(6072)  D 10-07 06:44:48  6072  6072 managed_stdio.cc:153] CONFIG_LOG_CPU_MAX_BUF_SHIFT=12
assemble_cvd(6072)  D 10-07 06:44:48  6072  6072 managed_stdio.cc:153] # CONFIG_PRINTK_INDEX is not set
assemble_cvd(6072)  D 10-07 06:44:48  6072  6072 managed_stdio.cc:153] CONFIG_HAVE_UNSTABLE_SCHED_CLOCK=y
assemble_cvd(6072)  D 10-07 06:44:48  6072  6072 managed_stdio.cc:153] 
assemble_cvd(6072)  D 10-07 06:44:48  6072  6072 managed_stdio.cc:153] #
assemble_cvd(6072)  D 10-07 06:44:48  6072  6072 managed_stdio.cc:153] # Scheduler features
assemble_cvd(6072)  D 10-07 06:44:48  6072  6072 managed_stdio.cc:153] #
assemble_cvd(6072)  D 10-07 06:44:48  6072  6072 managed_stdio.cc:153] CONFIG_UCLAMP_TASK=y
assemble_cvd(6072)  D 10-07 06:44:48  6072  6072 managed_stdio.cc:153] CONFIG_UCLAMP_BUCKETS_COUNT=20
assemble_cvd(6072)  D 10-07 06:44:48  6072  6072 managed_stdio.cc:153] CONFIG_SCHED_PROXY_EXEC=y
assemble_cvd(6072)  D 10-07 06:44:48  6072  6072 managed_stdio.cc:153] # end of Scheduler features
assemble_cvd(6072)  D 10-07 06:44:48  6072  6072 managed_stdio.cc:153] 
assemble_cvd(6072)  D 10-07 06:44:48  6072  6072 managed_stdio.cc:153] CONFIG_ARCH_SUPPORTS_NUMA_BALANCING=y
assemble_cvd(6072)  D 10-07 06:44:48  6072  6072 managed_stdio.cc:153] CONFIG_ARCH_WANT_BATCHED_UNMAP_TLB_FLUSH=y
assemble_cvd(6072)  D 10-07 06:44:48  6072  6072 managed_stdio.cc:153] CONFIG_CC_HAS_INT128=y
assemble_cvd(6072)  D 10-07 06:44:48  6072  6072 managed_stdio.cc:153] CONFIG_CC_IMPLICIT_FALLTHROUGH="-Wimplicit-fallthrough"
assemble_cvd(6072)  D 10-07 06:44:48  6072  6072 managed_stdio.cc:153] CONFIG_GCC10_NO_ARRAY_BOUNDS=y
assemble_cvd(6072)  D 10-07 06:44:48  6072  6072 managed_stdio.cc:153] CONFIG_GCC_NO_STRINGOP_OVERFLOW=y
assemble_cvd(6072)  D 10-07 06:44:48  6072  6072 managed_stdio.cc:153] CONFIG_ARCH_SUPPORTS_INT128=y
assemble_cvd(6072)  D 10-07 06:44:48  6072  6072 managed_stdio.cc:153] CONFIG_SLAB_OBJ_EXT=y
assemble_cvd(6072)  D 10-07 06:44:48  6072  6072 managed_stdio.cc:153] CONFIG_CGROUPS=y
assemble_cvd(6072)  D 10-07 06:44:48  6072  6072 managed_stdio.cc:153] CONFIG_PAGE_COUNTER=y
assemble_cvd(6072)  D 10-07 06:44:48  6072  6072 managed_stdio.cc:153] # CONFIG_CGROUP_FAVOR_DYNMODS is not set
assemble_cvd(6072)  D 10-07 06:44:48  6072  6072 managed_stdio.cc:153] CONFIG_MEMCG=y
assemble_cvd(6072)  D 10-07 06:44:48  6072  6072 managed_stdio.cc:153] CONFIG_MEMCG_V1=y
assemble_cvd(6072)  D 10-07 06:44:48  6072  6072 managed_stdio.cc:153] CONFIG_BLK_CGROUP=y
assemble_cvd(6072)  D 10-07 06:44:48  6072  6072 managed_stdio.cc:153] CONFIG_CGROUP_WRITEBACK=y
assemble_cvd(6072)  D 10-07 06:44:48  6072  6072 managed_stdio.cc:153] CONFIG_CGROUP_SCHED=y
assemble_cvd(6072)  D 10-07 06:44:48  6072  6072 managed_stdio.cc:153] CONFIG_GROUP_SCHED_WEIGHT=y
assemble_cvd(6072)  D 10-07 06:44:48  6072  6072 managed_stdio.cc:153] CONFIG_FAIR_GROUP_SCHED=y
assemble_cvd(6072)  D 10-07 06:44:48  6072  6072 managed_stdio.cc:153] CONFIG_CFS_BANDWIDTH=y
assemble_cvd(6072)  D 10-07 06:44:48  6072  6072 managed_stdio.cc:153] # CONFIG_RT_GROUP_SCHED is not set
assemble_cvd(6072)  D 10-07 06:44:48  6072  6072 managed_stdio.cc:153] CONFIG_EXT_GROUP_SCHED=y
assemble_cvd(6072)  D 10-07 06:44:48  6072  6072 managed_stdio.cc:153] CONFIG_UCLAMP_TASK_GROUP=y
assemble_cvd(6072)  D 10-07 06:44:48  6072  6072 managed_stdio.cc:153] # CONFIG_CGROUP_PIDS is not set
assemble_cvd(6072)  D 10-07 06:44:48  6072  6072 managed_stdio.cc:153] # CONFIG_CGROUP_RDMA is not set
assemble_cvd(6072)  D 10-07 06:44:48  6072  6072 managed_stdio.cc:153] CONFIG_CGROUP_FREEZER=y
assemble_cvd(6072)  D 10-07 06:44:48  6072  6072 managed_stdio.cc:153] CONFIG_CPUSETS=y
assemble_cvd(6072)  D 10-07 06:44:48  6072  6072 managed_stdio.cc:153] CONFIG_CPUSETS_V1=y
assemble_cvd(6072)  D 10-07 06:44:48  6072  6072 managed_stdio.cc:153] CONFIG_PROC_PID_CPUSET=y
assemble_cvd(6072)  D 10-07 06:44:48  6072  6072 managed_stdio.cc:153] # CONFIG_CGROUP_DEVICE is not set
assemble_cvd(6072)  D 10-07 06:44:48  6072  6072 managed_stdio.cc:153] CONFIG_CGROUP_CPUACCT=y
assemble_cvd(6072)  D 10-07 06:44:48  6072  6072 managed_stdio.cc:153] # CONFIG_CGROUP_PERF is not set
assemble_cvd(6072)  D 10-07 06:44:48  6072  6072 managed_stdio.cc:153] CONFIG_CGROUP_BPF=y
assemble_cvd(6072)  D 10-07 06:44:48  6072  6072 managed_stdio.cc:153] # CONFIG_CGROUP_MISC is not set
assemble_cvd(6072)  D 10-07 06:44:48  6072  6072 managed_stdio.cc:153] # CONFIG_CGROUP_DEBUG is not set
assemble_cvd(6072)  D 10-07 06:44:48  6072  6072 managed_stdio.cc:153] CONFIG_SOCK_CGROUP_DATA=y
assemble_cvd(6072)  D 10-07 06:44:48  6072  6072 managed_stdio.cc:153] CONFIG_NAMESPACES=y
assemble_cvd(6072)  D 10-07 06:44:48  6072  6072 managed_stdio.cc:153] CONFIG_UTS_NS=y
assemble_cvd(6072)  D 10-07 06:44:48  6072  6072 managed_stdio.cc:153] # CONFIG_TIME_NS is not set
assemble_cvd(6072)  D 10-07 06:44:48  6072  6072 managed_stdio.cc:153] # CONFIG_USER_NS is not set
assemble_cvd(6072)  D 10-07 06:44:48  6072  6072 managed_stdio.cc:153] # CONFIG_PID_NS is not set
assemble_cvd(6072)  D 10-07 06:44:48  6072  6072 managed_stdio.cc:153] CONFIG_NET_NS=y
assemble_cvd(6072)  D 10-07 06:44:48  6072  6072 managed_stdio.cc:153] # CONFIG_CHECKPOINT_RESTORE is not set
assemble_cvd(6072)  D 10-07 06:44:48  6072  6072 managed_stdio.cc:153] # CONFIG_SCHED_AUTOGROUP is not set
assemble_cvd(6072)  D 10-07 06:44:48  6072  6072 managed_stdio.cc:153] CONFIG_RT_SOFTIRQ_AWARE_SCHED=y
assemble_cvd(6072)  D 10-07 06:44:48  6072  6072 managed_stdio.cc:153] # CONFIG_RELAY is not set
assemble_cvd(6072)  D 10-07 06:44:48  6072  6072 managed_stdio.cc:153] CONFIG_BLK_DEV_INITRD=y
assemble_cvd(6072)  D 10-07 06:44:48  6072  6072 managed_stdio.cc:153] CONFIG_INITRAMFS_SOURCE=""
assemble_cvd(6072)  D 10-07 06:44:48  6072  6072 managed_stdio.cc:153] CONFIG_RD_GZIP=y
assemble_cvd(6072)  D 10-07 06:44:48  6072  6072 managed_stdio.cc:153] # CONFIG_RD_BZIP2 is not set
assemble_cvd(6072)  D 10-07 06:44:48  6072  6072 managed_stdio.cc:153] # CONFIG_RD_LZMA is not set
assemble_cvd(6072)  D 10-07 06:44:48  6072  6072 managed_stdio.cc:153] # CONFIG_RD_XZ is not set
assemble_cvd(6072)  D 10-07 06:44:48  6072  6072 managed_stdio.cc:153] # CONFIG_RD_LZO is not set
assemble_cvd(6072)  D 10-07 06:44:48  6072  6072 managed_stdio.cc:153] CONFIG_RD_LZ4=y
assemble_cvd(6072)  D 10-07 06:44:48  6072  6072 managed_stdio.cc:153] CONFIG_RD_ZSTD=y
assemble_cvd(6072)  D 10-07 06:44:48  6072  6072 managed_stdio.cc:153] CONFIG_BOOT_CONFIG=y
assemble_cvd(6072)  D 10-07 06:44:48  6072  6072 managed_stdio.cc:153] # CONFIG_BOOT_CONFIG_FORCE is not set
assemble_cvd(6072)  D 10-07 06:44:48  6072  6072 managed_stdio.cc:153] # CONFIG_BOOT_CONFIG_EMBED is not set
assemble_cvd(6072)  D 10-07 06:44:48  6072  6072 managed_stdio.cc:153] CONFIG_CMDLINE_LOG_WRAP_IDEAL_LEN=1021
assemble_cvd(6072)  D 10-07 06:44:48  6072  6072 managed_stdio.cc:153] CONFIG_INITRAMFS_PRESERVE_MTIME=y
assemble_cvd(6072)  D 10-07 06:44:48  6072  6072 managed_stdio.cc:153] CONFIG_CC_OPTIMIZE_FOR_PERFORMANCE=y
assemble_cvd(6072)  D 10-07 06:44:48  6072  6072 managed_stdio.cc:153] # CONFIG_CC_OPTIMIZE_FOR_SIZE is not set
assemble_cvd(6072)  D 10-07 06:44:48  6072  6072 managed_stdio.cc:153] CONFIG_LD_ORPHAN_WARN=y
assemble_cvd(6072)  D 10-07 06:44:48  6072  6072 managed_stdio.cc:153] CONFIG_LD_ORPHAN_WARN_LEVEL="error"
assemble_cvd(6072)  D 10-07 06:44:48  6072  6072 managed_stdio.cc:153] CONFIG_SYSCTL=y
assemble_cvd(6072)  D 10-07 06:44:48  6072  6072 managed_stdio.cc:153] CONFIG_HAVE_UID16=y
assemble_cvd(6072)  D 10-07 06:44:48  6072  6072 managed_stdio.cc:153] CONFIG_SYSCTL_EXCEPTION_TRACE=y
assemble_cvd(6072)  D 10-07 06:44:48  6072  6072 managed_stdio.cc:153] CONFIG_HAVE_PCSPKR_PLATFORM=y
assemble_cvd(6072)  D 10-07 06:44:48  6072  6072 managed_stdio.cc:153] CONFIG_EXPERT=y
assemble_cvd(6072)  D 10-07 06:44:48  6072  6072 managed_stdio.cc:153] # CONFIG_UID16 is not set
assemble_cvd(6072)  D 10-07 06:44:48  6072  6072 managed_stdio.cc:153] CONFIG_MULTIUSER=y
assemble_cvd(6072)  D 10-07 06:44:48  6072  6072 managed_stdio.cc:153] CONFIG_SGETMASK_SYSCALL=y
assemble_cvd(6072)  D 10-07 06:44:48  6072  6072 managed_stdio.cc:153] # CONFIG_SYSFS_SYSCALL is not set
assemble_cvd(6072)  D 10-07 06:44:48  6072  6072 managed_stdio.cc:153] # CONFIG_FHANDLE is not set
assemble_cvd(6072)  D 10-07 06:44:48  6072  6072 managed_stdio.cc:153] CONFIG_POSIX_TIMERS=y
assemble_cvd(6072)  D 10-07 06:44:48  6072  6072 managed_stdio.cc:153] CONFIG_PRINTK=y
assemble_cvd(6072)  D 10-07 06:44:48  6072  6072 managed_stdio.cc:153] CONFIG_BUG=y
assemble_cvd(6072)  D 10-07 06:44:48  6072  6072 managed_stdio.cc:153] CONFIG_ELF_CORE=y
assemble_cvd(6072)  D 10-07 06:44:48  6072  6072 managed_stdio.cc:153] # CONFIG_PCSPKR_PLATFORM is not set
assemble_cvd(6072)  D 10-07 06:44:48  6072  6072 managed_stdio.cc:153] # CONFIG_BASE_SMALL is not set
assemble_cvd(6072)  D 10-07 06:44:48  6072  6072 managed_stdio.cc:153] CONFIG_FUTEX=y
assemble_cvd(6072)  D 10-07 06:44:48  6072  6072 managed_stdio.cc:153] CONFIG_FUTEX_PI=y
assemble_cvd(6072)  D 10-07 06:44:48  6072  6072 managed_stdio.cc:153] CONFIG_EPOLL=y
assemble_cvd(6072)  D 10-07 06:44:48  6072  6072 managed_stdio.cc:153] CONFIG_SIGNALFD=y
assemble_cvd(6072)  D 10-07 06:44:48  6072  6072 managed_stdio.cc:153] CONFIG_TIMERFD=y
assemble_cvd(6072)  D 10-07 06:44:48  6072  6072 managed_stdio.cc:153] CONFIG_EVENTFD=y
assemble_cvd(6072)  D 10-07 06:44:48  6072  6072 managed_stdio.cc:153] CONFIG_SHMEM=y
assemble_cvd(6072)  D 10-07 06:44:48  6072  6072 managed_stdio.cc:153] CONFIG_AIO=y
assemble_cvd(6072)  D 10-07 06:44:48  6072  6072 managed_stdio.cc:153] CONFIG_IO_URING=y
assemble_cvd(6072)  D 10-07 06:44:48  6072  6072 managed_stdio.cc:153] CONFIG_ADVISE_SYSCALLS=y
assemble_cvd(6072)  D 10-07 06:44:48  6072  6072 managed_stdio.cc:153] CONFIG_MEMBARRIER=y
assemble_cvd(6072)  D 10-07 06:44:48  6072  6072 managed_stdio.cc:153] CONFIG_KCMP=y
assemble_cvd(6072)  D 10-07 06:44:48  6072  6072 managed_stdio.cc:153] # CONFIG_RSEQ is not set
assemble_cvd(6072)  D 10-07 06:44:48  6072  6072 managed_stdio.cc:153] CONFIG_CACHESTAT_SYSCALL=y
assemble_cvd(6072)  D 10-07 06:44:48  6072  6072 managed_stdio.cc:153] # CONFIG_PC104 is not set
assemble_cvd(6072)  D 10-07 06:44:48  6072  6072 managed_stdio.cc:153] CONFIG_KALLSYMS=y
assemble_cvd(6072)  D 10-07 06:44:48  6072  6072 managed_stdio.cc:153] # CONFIG_KALLSYMS_SELFTEST is not set
assemble_cvd(6072)  D 10-07 06:44:48  6072  6072 managed_stdio.cc:153] CONFIG_KALLSYMS_ALL=y
assemble_cvd(6072)  D 10-07 06:44:48  6072  6072 managed_stdio.cc:153] CONFIG_KALLSYMS_ABSOLUTE_PERCPU=y
assemble_cvd(6072)  D 10-07 06:44:48  6072  6072 managed_stdio.cc:153] CONFIG_ARCH_HAS_MEMBARRIER_SYNC_CORE=y
assemble_cvd(6072)  D 10-07 06:44:48  6072  6072 managed_stdio.cc:153] CONFIG_HAVE_PERF_EVENTS=y
assemble_cvd(6072)  D 10-07 06:44:48  6072  6072 managed_stdio.cc:153] CONFIG_GUEST_PERF_EVENTS=y
assemble_cvd(6072)  D 10-07 06:44:48  6072  6072 managed_stdio.cc:153] 
assemble_cvd(6072)  D 10-07 06:44:48  6072  6072 managed_stdio.cc:153] #
assemble_cvd(6072)  D 10-07 06:44:48  6072  6072 managed_stdio.cc:153] # Kernel Performance Events And Counters
assemble_cvd(6072)  D 10-07 06:44:48  6072  6072 managed_stdio.cc:153] #
assemble_cvd(6072)  D 10-07 06:44:48  6072  6072 managed_stdio.cc:153] CONFIG_PERF_EVENTS=y
assemble_cvd(6072)  D 10-07 06:44:48  6072  6072 managed_stdio.cc:153] # CONFIG_DEBUG_PERF_USE_VMALLOC is not set
assemble_cvd(6072)  D 10-07 06:44:48  6072  6072 managed_stdio.cc:153] # end of Kernel Performance Events And Counters
assemble_cvd(6072)  D 10-07 06:44:48  6072  6072 managed_stdio.cc:153] 
assemble_cvd(6072)  D 10-07 06:44:48  6072  6072 managed_stdio.cc:153] CONFIG_SYSTEM_DATA_VERIFICATION=y
assemble_cvd(6072)  D 10-07 06:44:48  6072  6072 managed_stdio.cc:153] CONFIG_PROFILING=y
assemble_cvd(6072)  D 10-07 06:44:48  6072  6072 managed_stdio.cc:153] CONFIG_RUST=y
assemble_cvd(6072)  D 10-07 06:44:48  6072  6072 managed_stdio.cc:153] CONFIG_RUSTC_VERSION_TEXT="rustc 1.82.0-dev (f6e511eec 2024-10-15) (Android Rust Toolchain version linux-12909517)"
assemble_cvd(6072)  D 10-07 06:44:48  6072  6072 managed_stdio.cc:153] CONFIG_BINDGEN_VERSION_TEXT="bindgen 0.69.5"
assemble_cvd(6072)  D 10-07 06:44:48  6072  6072 managed_stdio.cc:153] CONFIG_TRACEPOINTS=y
assemble_cvd(6072)  D 10-07 06:44:48  6072  6072 managed_stdio.cc:153] 
assemble_cvd(6072)  D 10-07 06:44:48  6072  6072 managed_stdio.cc:153] #
assemble_cvd(6072)  D 10-07 06:44:48  6072  6072 managed_stdio.cc:153] # Kexec and crash features
assemble_cvd(6072)  D 10-07 06:44:48  6072  6072 managed_stdio.cc:153] #
assemble_cvd(6072)  D 10-07 06:44:48  6072  6072 managed_stdio.cc:153] # CONFIG_KEXEC is not set
assemble_cvd(6072)  D 10-07 06:44:48  6072  6072 managed_stdio.cc:153] # CONFIG_KEXEC_FILE is not set
assemble_cvd(6072)  D 10-07 06:44:48  6072  6072 managed_stdio.cc:153] # end of Kexec and crash features
assemble_cvd(6072)  D 10-07 06:44:48  6072  6072 managed_stdio.cc:153] # end of General setup
assemble_cvd(6072)  D 10-07 06:44:48  6072  6072 managed_stdio.cc:153] 
assemble_cvd(6072)  D 10-07 06:44:48  6072  6072 managed_stdio.cc:153] CONFIG_64BIT=y
assemble_cvd(6072)  D 10-07 06:44:48  6072  6072 managed_stdio.cc:153] CONFIG_X86_64=y
assemble_cvd(6072)  D 10-07 06:44:48  6072  6072 managed_stdio.cc:153] CONFIG_X86=y
assemble_cvd(6072)  D 10-07 06:44:48  6072  6072 managed_stdio.cc:153] CONFIG_INSTRUCTION_DECODER=y
assemble_cvd(6072)  D 10-07 06:44:48  6072  6072 managed_stdio.cc:153] CONFIG_OUTPUT_FORMAT="elf64-x86-64"
assemble_cvd(6072)  D 10-07 06:44:48  6072  6072 managed_stdio.cc:153] CONFIG_LOCKDEP_SUPPORT=y
assemble_cvd(6072)  D 10-07 06:44:48  6072  6072 managed_stdio.cc:153] CONFIG_STACKTRACE_SUPPORT=y
assemble_cvd(6072)  D 10-07 06:44:48  6072  6072 managed_stdio.cc:153] CONFIG_MMU=y
assemble_cvd(6072)  D 10-07 06:44:48  6072  6072 managed_stdio.cc:153] CONFIG_ARCH_MMAP_RND_BITS_MIN=28
assemble_cvd(6072)  D 10-07 06:44:48  6072  6072 managed_stdio.cc:153] CONFIG_ARCH_MMAP_RND_BITS_MAX=32
assemble_cvd(6072)  D 10-07 06:44:48  6072  6072 managed_stdio.cc:153] CONFIG_ARCH_MMAP_RND_COMPAT_BITS_MIN=8
assemble_cvd(6072)  D 10-07 06:44:48  6072  6072 managed_stdio.cc:153] CONFIG_ARCH_MMAP_RND_COMPAT_BITS_MAX=16
assemble_cvd(6072)  D 10-07 06:44:48  6072  6072 managed_stdio.cc:153] CONFIG_GENERIC_ISA_DMA=y
assemble_cvd(6072)  D 10-07 06:44:48  6072  6072 managed_stdio.cc:153] CONFIG_GENERIC_BUG=y
assemble_cvd(6072)  D 10-07 06:44:48  6072  6072 managed_stdio.cc:153] CONFIG_GENERIC_BUG_RELATIVE_POINTERS=y
assemble_cvd(6072)  D 10-07 06:44:48  6072  6072 managed_stdio.cc:153] CONFIG_ARCH_MAY_HAVE_PC_FDC=y
assemble_cvd(6072)  D 10-07 06:44:48  6072  6072 managed_stdio.cc:153] CONFIG_GENERIC_CALIBRATE_DELAY=y
assemble_cvd(6072)  D 10-07 06:44:48  6072  6072 managed_stdio.cc:153] CONFIG_ARCH_HAS_CPU_RELAX=y
assemble_cvd(6072)  D 10-07 06:44:48  6072  6072 managed_stdio.cc:153] CONFIG_ARCH_HIBERNATION_POSSIBLE=y
assemble_cvd(6072)  D 10-07 06:44:48  6072  6072 managed_stdio.cc:153] CONFIG_ARCH_SUSPEND_POSSIBLE=y
assemble_cvd(6072)  D 10-07 06:44:48  6072  6072 managed_stdio.cc:153] CONFIG_AUDIT_ARCH=y
assemble_cvd(6072)  D 10-07 06:44:48  6072  6072 managed_stdio.cc:153] CONFIG_X86_64_SMP=y
assemble_cvd(6072)  D 10-07 06:44:48  6072  6072 managed_stdio.cc:153] CONFIG_ARCH_SUPPORTS_UPROBES=y
assemble_cvd(6072)  D 10-07 06:44:48  6072  6072 managed_stdio.cc:153] CONFIG_FIX_EARLYCON_MEM=y
assemble_cvd(6072)  D 10-07 06:44:48  6072  6072 managed_stdio.cc:153] CONFIG_PGTABLE_LEVELS=4
assemble_cvd(6072)  D 10-07 06:44:48  6072  6072 managed_stdio.cc:153] CONFIG_CC_HAS_SANE_STACKPROTECTOR=y
assemble_cvd(6072)  D 10-07 06:44:48  6072  6072 managed_stdio.cc:153] 
assemble_cvd(6072)  D 10-07 06:44:48  6072  6072 managed_stdio.cc:153] #
assemble_cvd(6072)  D 10-07 06:44:48  6072  6072 managed_stdio.cc:153] # Processor type and features
assemble_cvd(6072)  D 10-07 06:44:48  6072  6072 managed_stdio.cc:153] #
assemble_cvd(6072)  D 10-07 06:44:48  6072  6072 managed_stdio.cc:153] CONFIG_SMP=y
assemble_cvd(6072)  D 10-07 06:44:48  6072  6072 managed_stdio.cc:153] CONFIG_X86_X2APIC=y
assemble_cvd(6072)  D 10-07 06:44:48  6072  6072 managed_stdio.cc:153] CONFIG_X86_MPPARSE=y
assemble_cvd(6072)  D 10-07 06:44:48  6072  6072 managed_stdio.cc:153] # CONFIG_X86_CPU_RESCTRL is not set
assemble_cvd(6072)  D 10-07 06:44:48  6072  6072 managed_stdio.cc:153] # CONFIG_X86_FRED is not set
assemble_cvd(6072)  D 10-07 06:44:48  6072  6072 managed_stdio.cc:153] CONFIG_X86_EXTENDED_PLATFORM=y
assemble_cvd(6072)  D 10-07 06:44:48  6072  6072 managed_stdio.cc:153] # CONFIG_X86_VSMP is not set
assemble_cvd(6072)  D 10-07 06:44:48  6072  6072 managed_stdio.cc:153] # CONFIG_X86_GOLDFISH is not set
assemble_cvd(6072)  D 10-07 06:44:48  6072  6072 managed_stdio.cc:153] # CONFIG_X86_INTEL_MID is not set
assemble_cvd(6072)  D 10-07 06:44:48  6072  6072 managed_stdio.cc:153] # CONFIG_X86_INTEL_LPSS is not set
assemble_cvd(6072)  D 10-07 06:44:48  6072  6072 managed_stdio.cc:153] # CONFIG_X86_AMD_PLATFORM_DEVICE is not set
assemble_cvd(6072)  D 10-07 06:44:48  6072  6072 managed_stdio.cc:153] CONFIG_IOSF_MBI=y
assemble_cvd(6072)  D 10-07 06:44:48  6072  6072 managed_stdio.cc:153] # CONFIG_IOSF_MBI_DEBUG is not set
assemble_cvd(6072)  D 10-07 06:44:48  6072  6072 managed_stdio.cc:153] CONFIG_SCHED_OMIT_FRAME_POINTER=y
assemble_cvd(6072)  D 10-07 06:44:48  6072  6072 managed_stdio.cc:153] CONFIG_HYPERVISOR_GUEST=y
assemble_cvd(6072)  D 10-07 06:44:48  6072  6072 managed_stdio.cc:153] CONFIG_PARAVIRT=y
assemble_cvd(6072)  D 10-07 06:44:48  6072  6072 managed_stdio.cc:153] # CONFIG_PARAVIRT_DEBUG is not set
assemble_cvd(6072)  D 10-07 06:44:48  6072  6072 managed_stdio.cc:153] # CONFIG_PARAVIRT_SPINLOCKS is not set
assemble_cvd(6072)  D 10-07 06:44:48  6072  6072 managed_stdio.cc:153] CONFIG_X86_HV_CALLBACK_VECTOR=y
assemble_cvd(6072)  D 10-07 06:44:48  6072  6072 managed_stdio.cc:153] # CONFIG_XEN is not set
assemble_cvd(6072)  D 10-07 06:44:48  6072  6072 managed_stdio.cc:153] CONFIG_KVM_GUEST=y
assemble_cvd(6072)  D 10-07 06:44:48  6072  6072 managed_stdio.cc:153] CONFIG_ARCH_CPUIDLE_HALTPOLL=y
assemble_cvd(6072)  D 10-07 06:44:48  6072  6072 managed_stdio.cc:153] # CONFIG_PVH is not set
assemble_cvd(6072)  D 10-07 06:44:48  6072  6072 managed_stdio.cc:153] CONFIG_PARAVIRT_TIME_ACCOUNTING=y
assemble_cvd(6072)  D 10-07 06:44:48  6072  6072 managed_stdio.cc:153] CONFIG_PARAVIRT_CLOCK=y
assemble_cvd(6072)  D 10-07 06:44:48  6072  6072 managed_stdio.cc:153] # CONFIG_JAILHOUSE_GUEST is not set
assemble_cvd(6072)  D 10-07 06:44:48  6072  6072 managed_stdio.cc:153] # CONFIG_ACRN_GUEST is not set
assemble_cvd(6072)  D 10-07 06:44:48  6072  6072 managed_stdio.cc:153] # CONFIG_MK8 is not set
assemble_cvd(6072)  D 10-07 06:44:48  6072  6072 managed_stdio.cc:153] # CONFIG_MPSC is not set
assemble_cvd(6072)  D 10-07 06:44:48  6072  6072 managed_stdio.cc:153] # CONFIG_MCORE2 is not set
assemble_cvd(6072)  D 10-07 06:44:48  6072  6072 managed_stdio.cc:153] # CONFIG_MATOM is not set
assemble_cvd(6072)  D 10-07 06:44:48  6072  6072 managed_stdio.cc:153] CONFIG_GENERIC_CPU=y
assemble_cvd(6072)  D 10-07 06:44:48  6072  6072 managed_stdio.cc:153] CONFIG_X86_INTERNODE_CACHE_SHIFT=6
assemble_cvd(6072)  D 10-07 06:44:48  6072  6072 managed_stdio.cc:153] CONFIG_X86_L1_CACHE_SHIFT=6
assemble_cvd(6072)  D 10-07 06:44:48  6072  6072 managed_stdio.cc:153] CONFIG_X86_TSC=y
assemble_cvd(6072)  D 10-07 06:44:48  6072  6072 managed_stdio.cc:153] CONFIG_X86_HAVE_PAE=y
assemble_cvd(6072)  D 10-07 06:44:48  6072  6072 managed_stdio.cc:153] CONFIG_X86_CMPXCHG64=y
assemble_cvd(6072)  D 10-07 06:44:48  6072  6072 managed_stdio.cc:153] CONFIG_X86_CMOV=y
assemble_cvd(6072)  D 10-07 06:44:48  6072  6072 managed_stdio.cc:153] CONFIG_X86_MINIMUM_CPU_FAMILY=64
assemble_cvd(6072)  D 10-07 06:44:48  6072  6072 managed_stdio.cc:153] CONFIG_X86_DEBUGCTLMSR=y
assemble_cvd(6072)  D 10-07 06:44:48  6072  6072 managed_stdio.cc:153] CONFIG_IA32_FEAT_CTL=y
assemble_cvd(6072)  D 10-07 06:44:48  6072  6072 managed_stdio.cc:153] CONFIG_X86_VMX_FEATURE_NAMES=y
assemble_cvd(6072)  D 10-07 06:44:48  6072  6072 managed_stdio.cc:153] # CONFIG_PROCESSOR_SELECT is not set
assemble_cvd(6072)  D 10-07 06:44:48  6072  6072 managed_stdio.cc:153] CONFIG_CPU_SUP_INTEL=y
assemble_cvd(6072)  D 10-07 06:44:48  6072  6072 managed_stdio.cc:153] CONFIG_CPU_SUP_AMD=y
assemble_cvd(6072)  D 10-07 06:44:48  6072  6072 managed_stdio.cc:153] CONFIG_CPU_SUP_HYGON=y
assemble_cvd(6072)  D 10-07 06:44:48  6072  6072 managed_stdio.cc:153] CONFIG_CPU_SUP_CENTAUR=y
assemble_cvd(6072)  D 10-07 06:44:48  6072  6072 managed_stdio.cc:153] CONFIG_CPU_SUP_ZHAOXIN=y
assemble_cvd(6072)  D 10-07 06:44:48  6072  6072 managed_stdio.cc:153] CONFIG_HPET_TIMER=y
assemble_cvd(6072)  D 10-07 06:44:48  6072  6072 managed_stdio.cc:153] CONFIG_HPET_EMULATE_RTC=y
assemble_cvd(6072)  D 10-07 06:44:48  6072  6072 managed_stdio.cc:153] CONFIG_DMI=y
assemble_cvd(6072)  D 10-07 06:44:48  6072  6072 managed_stdio.cc:153] # CONFIG_GART_IOMMU is not set
assemble_cvd(6072)  D 10-07 06:44:48  6072  6072 managed_stdio.cc:153] # CONFIG_MAXSMP is not set
assemble_cvd(6072)  D 10-07 06:44:48  6072  6072 managed_stdio.cc:153] CONFIG_NR_CPUS_RANGE_BEGIN=2
assemble_cvd(6072)  D 10-07 06:44:48  6072  6072 managed_stdio.cc:153] CONFIG_NR_CPUS_RANGE_END=512
assemble_cvd(6072)  D 10-07 06:44:48  6072  6072 managed_stdio.cc:153] CONFIG_NR_CPUS_DEFAULT=64
assemble_cvd(6072)  D 10-07 06:44:48  6072  6072 managed_stdio.cc:153] CONFIG_NR_CPUS=32
assemble_cvd(6072)  D 10-07 06:44:48  6072  6072 managed_stdio.cc:153] CONFIG_SCHED_CLUSTER=y
assemble_cvd(6072)  D 10-07 06:44:48  6072  6072 managed_stdio.cc:153] CONFIG_SCHED_SMT=y
assemble_cvd(6072)  D 10-07 06:44:48  6072  6072 managed_stdio.cc:153] CONFIG_SCHED_MC=y
assemble_cvd(6072)  D 10-07 06:44:48  6072  6072 managed_stdio.cc:153] CONFIG_SCHED_MC_PRIO=y
assemble_cvd(6072)  D 10-07 06:44:48  6072  6072 managed_stdio.cc:153] CONFIG_X86_LOCAL_APIC=y
assemble_cvd(6072)  D 10-07 06:44:48  6072  6072 managed_stdio.cc:153] CONFIG_ACPI_MADT_WAKEUP=y
assemble_cvd(6072)  D 10-07 06:44:48  6072  6072 managed_stdio.cc:153] CONFIG_X86_IO_APIC=y
assemble_cvd(6072)  D 10-07 06:44:48  6072  6072 managed_stdio.cc:153] # CONFIG_X86_REROUTE_FOR_BROKEN_BOOT_IRQS is not set
assemble_cvd(6072)  D 10-07 06:44:48  6072  6072 managed_stdio.cc:153] # CONFIG_X86_MCE is not set
assemble_cvd(6072)  D 10-07 06:44:48  6072  6072 managed_stdio.cc:153] 
assemble_cvd(6072)  D 10-07 06:44:48  6072  6072 managed_stdio.cc:153] #
assemble_cvd(6072)  D 10-07 06:44:48  6072  6072 managed_stdio.cc:153] # Performance monitoring
assemble_cvd(6072)  D 10-07 06:44:48  6072  6072 managed_stdio.cc:153] #
assemble_cvd(6072)  D 10-07 06:44:48  6072  6072 managed_stdio.cc:153] CONFIG_PERF_EVENTS_INTEL_UNCORE=y
assemble_cvd(6072)  D 10-07 06:44:48  6072  6072 managed_stdio.cc:153] CONFIG_PERF_EVENTS_INTEL_RAPL=y
assemble_cvd(6072)  D 10-07 06:44:48  6072  6072 managed_stdio.cc:153] CONFIG_PERF_EVENTS_INTEL_CSTATE=y
assemble_cvd(6072)  D 10-07 06:44:48  6072  6072 managed_stdio.cc:153] # CONFIG_PERF_EVENTS_AMD_POWER is not set
assemble_cvd(6072)  D 10-07 06:44:48  6072  6072 managed_stdio.cc:153] CONFIG_PERF_EVENTS_AMD_UNCORE=y
assemble_cvd(6072)  D 10-07 06:44:48  6072  6072 managed_stdio.cc:153] # CONFIG_PERF_EVENTS_AMD_BRS is not set
assemble_cvd(6072)  D 10-07 06:44:48  6072  6072 managed_stdio.cc:153] # end of Performance monitoring
assemble_cvd(6072)  D 10-07 06:44:48  6072  6072 managed_stdio.cc:153] 
assemble_cvd(6072)  D 10-07 06:44:48  6072  6072 managed_stdio.cc:153] CONFIG_X86_16BIT=y
assemble_cvd(6072)  D 10-07 06:44:48  6072  6072 managed_stdio.cc:153] CONFIG_X86_ESPFIX64=y
assemble_cvd(6072)  D 10-07 06:44:48  6072  6072 managed_stdio.cc:153] CONFIG_X86_VSYSCALL_EMULATION=y
assemble_cvd(6072)  D 10-07 06:44:48  6072  6072 managed_stdio.cc:153] CONFIG_X86_IOPL_IOPERM=y
assemble_cvd(6072)  D 10-07 06:44:48  6072  6072 managed_stdio.cc:153] CONFIG_MICROCODE=y
assemble_cvd(6072)  D 10-07 06:44:48  6072  6072 managed_stdio.cc:153] # CONFIG_MICROCODE_LATE_LOADING is not set
assemble_cvd(6072)  D 10-07 06:44:48  6072  6072 managed_stdio.cc:153] # CONFIG_X86_MSR is not set
assemble_cvd(6072)  D 10-07 06:44:48  6072  6072 managed_stdio.cc:153] # CONFIG_X86_CPUID is not set
assemble_cvd(6072)  D 10-07 06:44:48  6072  6072 managed_stdio.cc:153] # CONFIG_X86_5LEVEL is not set
assemble_cvd(6072)  D 10-07 06:44:48  6072  6072 managed_stdio.cc:153] CONFIG_X86_DIRECT_GBPAGES=y
assemble_cvd(6072)  D 10-07 06:44:48  6072  6072 managed_stdio.cc:153] # CONFIG_X86_CPA_STATISTICS is not set
assemble_cvd(6072)  D 10-07 06:44:48  6072  6072 managed_stdio.cc:153] # CONFIG_NUMA is not set
assemble_cvd(6072)  D 10-07 06:44:48  6072  6072 managed_stdio.cc:153] CONFIG_ARCH_SPARSEMEM_ENABLE=y
assemble_cvd(6072)  D 10-07 06:44:48  6072  6072 managed_stdio.cc:153] CONFIG_ARCH_SPARSEMEM_DEFAULT=y
assemble_cvd(6072)  D 10-07 06:44:48  6072  6072 managed_stdio.cc:153] # CONFIG_ARCH_MEMORY_PROBE is not set
assemble_cvd(6072)  D 10-07 06:44:48  6072  6072 managed_stdio.cc:153] CONFIG_ILLEGAL_POINTER_VALUE=0xdead000000000000
assemble_cvd(6072)  D 10-07 06:44:48  6072  6072 managed_stdio.cc:153] # CONFIG_X86_PMEM_LEGACY is not set
assemble_cvd(6072)  D 10-07 06:44:48  6072  6072 managed_stdio.cc:153] # CONFIG_X86_CHECK_BIOS_CORRUPTION is not set
assemble_cvd(6072)  D 10-07 06:44:48  6072  6072 managed_stdio.cc:153] CONFIG_MTRR=y
assemble_cvd(6072)  D 10-07 06:44:48  6072  6072 managed_stdio.cc:153] # CONFIG_MTRR_SANITIZER is not set
assemble_cvd(6072)  D 10-07 06:44:48  6072  6072 managed_stdio.cc:153] CONFIG_X86_PAT=y
assemble_cvd(6072)  D 10-07 06:44:48  6072  6072 managed_stdio.cc:153] CONFIG_X86_UMIP=y
assemble_cvd(6072)  D 10-07 06:44:48  6072  6072 managed_stdio.cc:153] CONFIG_CC_HAS_IBT=y
assemble_cvd(6072)  D 10-07 06:44:48  6072  6072 managed_stdio.cc:153] CONFIG_X86_CET=y
assemble_cvd(6072)  D 10-07 06:44:48  6072  6072 managed_stdio.cc:153] CONFIG_X86_KERNEL_IBT=y
assemble_cvd(6072)  D 10-07 06:44:48  6072  6072 managed_stdio.cc:153] CONFIG_X86_INTEL_MEMORY_PROTECTION_KEYS=y
assemble_cvd(6072)  D 10-07 06:44:48  6072  6072 managed_stdio.cc:153] CONFIG_ARCH_PKEY_BITS=4
assemble_cvd(6072)  D 10-07 06:44:48  6072  6072 managed_stdio.cc:153] CONFIG_X86_INTEL_TSX_MODE_OFF=y
assemble_cvd(6072)  D 10-07 06:44:48  6072  6072 managed_stdio.cc:153] # CONFIG_X86_INTEL_TSX_MODE_ON is not set
assemble_cvd(6072)  D 10-07 06:44:48  6072  6072 managed_stdio.cc:153] # CONFIG_X86_INTEL_TSX_MODE_AUTO is not set
assemble_cvd(6072)  D 10-07 06:44:48  6072  6072 managed_stdio.cc:153] # CONFIG_X86_SGX is not set
assemble_cvd(6072)  D 10-07 06:44:48  6072  6072 managed_stdio.cc:153] # CONFIG_X86_USER_SHADOW_STACK is not set
assemble_cvd(6072)  D 10-07 06:44:48  6072  6072 managed_stdio.cc:153] CONFIG_EFI=y
assemble_cvd(6072)  D 10-07 06:44:48  6072  6072 managed_stdio.cc:153] # CONFIG_EFI_STUB is not set
assemble_cvd(6072)  D 10-07 06:44:48  6072  6072 managed_stdio.cc:153] # CONFIG_EFI_RUNTIME_MAP is not set
assemble_cvd(6072)  D 10-07 06:44:48  6072  6072 managed_stdio.cc:153] # CONFIG_HZ_100 is not set
assemble_cvd(6072)  D 10-07 06:44:48  6072  6072 managed_stdio.cc:153] CONFIG_HZ_250=y
assemble_cvd(6072)  D 10-07 06:44:48  6072  6072 managed_stdio.cc:153] # CONFIG_HZ_300 is not set
assemble_cvd(6072)  D 10-07 06:44:48  6072  6072 managed_stdio.cc:153] # CONFIG_HZ_1000 is not set
assemble_cvd(6072)  D 10-07 06:44:48  6072  6072 managed_stdio.cc:153] CONFIG_HZ=250
assemble_cvd(6072)  D 10-07 06:44:48  6072  6072 managed_stdio.cc:153] CONFIG_SCHED_HRTICK=y
assemble_cvd(6072)  D 10-07 06:44:48  6072  6072 managed_stdio.cc:153] CONFIG_ARCH_SUPPORTS_KEXEC=y
assemble_cvd(6072)  D 10-07 06:44:48  6072  6072 managed_stdio.cc:153] CONFIG_ARCH_SUPPORTS_KEXEC_FILE=y
assemble_cvd(6072)  D 10-07 06:44:48  6072  6072 managed_stdio.cc:153] CONFIG_ARCH_SUPPORTS_KEXEC_PURGATORY=y
assemble_cvd(6072)  D 10-07 06:44:48  6072  6072 managed_stdio.cc:153] CONFIG_ARCH_SUPPORTS_KEXEC_SIG=y
assemble_cvd(6072)  D 10-07 06:44:48  6072  6072 managed_stdio.cc:153] CONFIG_ARCH_SUPPORTS_KEXEC_SIG_FORCE=y
assemble_cvd(6072)  D 10-07 06:44:48  6072  6072 managed_stdio.cc:153] CONFIG_ARCH_SUPPORTS_KEXEC_BZIMAGE_VERIFY_SIG=y
assemble_cvd(6072)  D 10-07 06:44:48  6072  6072 managed_stdio.cc:153] CONFIG_ARCH_SUPPORTS_KEXEC_JUMP=y
assemble_cvd(6072)  D 10-07 06:44:48  6072  6072 managed_stdio.cc:153] CONFIG_ARCH_SUPPORTS_CRASH_DUMP=y
assemble_cvd(6072)  D 10-07 06:44:48  6072  6072 managed_stdio.cc:153] CONFIG_ARCH_DEFAULT_CRASH_DUMP=y
assemble_cvd(6072)  D 10-07 06:44:48  6072  6072 managed_stdio.cc:153] CONFIG_ARCH_SUPPORTS_CRASH_HOTPLUG=y
assemble_cvd(6072)  D 10-07 06:44:48  6072  6072 managed_stdio.cc:153] CONFIG_PHYSICAL_START=0x1000000
assemble_cvd(6072)  D 10-07 06:44:48  6072  6072 managed_stdio.cc:153] CONFIG_RELOCATABLE=y
assemble_cvd(6072)  D 10-07 06:44:48  6072  6072 managed_stdio.cc:153] CONFIG_RANDOMIZE_BASE=y
assemble_cvd(6072)  D 10-07 06:44:48  6072  6072 managed_stdio.cc:153] CONFIG_X86_NEED_RELOCS=y
assemble_cvd(6072)  D 10-07 06:44:48  6072  6072 managed_stdio.cc:153] CONFIG_PHYSICAL_ALIGN=0x200000
assemble_cvd(6072)  D 10-07 06:44:48  6072  6072 managed_stdio.cc:153] CONFIG_DYNAMIC_MEMORY_LAYOUT=y
assemble_cvd(6072)  D 10-07 06:44:48  6072  6072 managed_stdio.cc:153] CONFIG_RANDOMIZE_MEMORY=y
assemble_cvd(6072)  D 10-07 06:44:48  6072  6072 managed_stdio.cc:153] CONFIG_RANDOMIZE_MEMORY_PHYSICAL_PADDING=0xa
assemble_cvd(6072)  D 10-07 06:44:48  6072  6072 managed_stdio.cc:153] CONFIG_HOTPLUG_CPU=y
assemble_cvd(6072)  D 10-07 06:44:48  6072  6072 managed_stdio.cc:153] # CONFIG_COMPAT_VDSO is not set
assemble_cvd(6072)  D 10-07 06:44:48  6072  6072 managed_stdio.cc:153] CONFIG_LEGACY_VSYSCALL_XONLY=y
assemble_cvd(6072)  D 10-07 06:44:48  6072  6072 managed_stdio.cc:153] # CONFIG_LEGACY_VSYSCALL_NONE is not set
assemble_cvd(6072)  D 10-07 06:44:48  6072  6072 managed_stdio.cc:153] CONFIG_CMDLINE_BOOL=y
assemble_cvd(6072)  D 10-07 06:44:48  6072  6072 managed_stdio.cc:153] CONFIG_CMDLINE="console=ttynull stack_depot_disable=on cgroup_disable=pressure bootconfig"
assemble_cvd(6072)  D 10-07 06:44:48  6072  6072 managed_stdio.cc:153] # CONFIG_CMDLINE_OVERRIDE is not set
assemble_cvd(6072)  D 10-07 06:44:48  6072  6072 managed_stdio.cc:153] CONFIG_MODIFY_LDT_SYSCALL=y
assemble_cvd(6072)  D 10-07 06:44:48  6072  6072 managed_stdio.cc:153] # CONFIG_STRICT_SIGALTSTACK_SIZE is not set
assemble_cvd(6072)  D 10-07 06:44:48  6072  6072 managed_stdio.cc:153] CONFIG_HAVE_LIVEPATCH=y
assemble_cvd(6072)  D 10-07 06:44:48  6072  6072 managed_stdio.cc:153] # end of Processor type and features
assemble_cvd(6072)  D 10-07 06:44:48  6072  6072 managed_stdio.cc:153] 
assemble_cvd(6072)  D 10-07 06:44:48  6072  6072 managed_stdio.cc:153] CONFIG_CC_HAS_NAMED_AS_FIXED_SANITIZERS=y
assemble_cvd(6072)  D 10-07 06:44:48  6072  6072 managed_stdio.cc:153] CONFIG_CC_HAS_SLS=y
assemble_cvd(6072)  D 10-07 06:44:48  6072  6072 managed_stdio.cc:153] CONFIG_CC_HAS_RETURN_THUNK=y
assemble_cvd(6072)  D 10-07 06:44:48  6072  6072 managed_stdio.cc:153] CONFIG_CC_HAS_ENTRY_PADDING=y
assemble_cvd(6072)  D 10-07 06:44:48  6072  6072 managed_stdio.cc:153] CONFIG_FUNCTION_PADDING_CFI=11
assemble_cvd(6072)  D 10-07 06:44:48  6072  6072 managed_stdio.cc:153] CONFIG_FUNCTION_PADDING_BYTES=11
assemble_cvd(6072)  D 10-07 06:44:48  6072  6072 managed_stdio.cc:153] CONFIG_CALL_PADDING=y
assemble_cvd(6072)  D 10-07 06:44:48  6072  6072 managed_stdio.cc:153] CONFIG_FINEIBT=y
assemble_cvd(6072)  D 10-07 06:44:48  6072  6072 managed_stdio.cc:153] CONFIG_HAVE_CALL_THUNKS=y
assemble_cvd(6072)  D 10-07 06:44:48  6072  6072 managed_stdio.cc:153] CONFIG_CALL_THUNKS=y
assemble_cvd(6072)  D 10-07 06:44:48  6072  6072 managed_stdio.cc:153] CONFIG_CPU_MITIGATIONS=y
assemble_cvd(6072)  D 10-07 06:44:48  6072  6072 managed_stdio.cc:153] CONFIG_MITIGATION_PAGE_TABLE_ISOLATION=y
assemble_cvd(6072)  D 10-07 06:44:48  6072  6072 managed_stdio.cc:153] CONFIG_MITIGATION_RETPOLINE=y
assemble_cvd(6072)  D 10-07 06:44:48  6072  6072 managed_stdio.cc:153] CONFIG_MITIGATION_RETHUNK=y
assemble_cvd(6072)  D 10-07 06:44:48  6072  6072 managed_stdio.cc:153] CONFIG_MITIGATION_UNRET_ENTRY=y
assemble_cvd(6072)  D 10-07 06:44:48  6072  6072 managed_stdio.cc:153] CONFIG_MITIGATION_CALL_DEPTH_TRACKING=y
assemble_cvd(6072)  D 10-07 06:44:48  6072  6072 managed_stdio.cc:153] # CONFIG_CALL_THUNKS_DEBUG is not set
assemble_cvd(6072)  D 10-07 06:44:48  6072  6072 managed_stdio.cc:153] CONFIG_MITIGATION_IBPB_ENTRY=y
assemble_cvd(6072)  D 10-07 06:44:48  6072  6072 managed_stdio.cc:153] CONFIG_MITIGATION_IBRS_ENTRY=y
assemble_cvd(6072)  D 10-07 06:44:48  6072  6072 managed_stdio.cc:153] CONFIG_MITIGATION_SRSO=y
assemble_cvd(6072)  D 10-07 06:44:48  6072  6072 managed_stdio.cc:153] # CONFIG_MITIGATION_SLS is not set
assemble_cvd(6072)  D 10-07 06:44:48  6072  6072 managed_stdio.cc:153] CONFIG_MITIGATION_GDS=y
assemble_cvd(6072)  D 10-07 06:44:48  6072  6072 managed_stdio.cc:153] CONFIG_MITIGATION_RFDS=y
assemble_cvd(6072)  D 10-07 06:44:48  6072  6072 managed_stdio.cc:153] CONFIG_MITIGATION_SPECTRE_BHI=y
assemble_cvd(6072)  D 10-07 06:44:48  6072  6072 managed_stdio.cc:153] CONFIG_MITIGATION_MDS=y
assemble_cvd(6072)  D 10-07 06:44:48  6072  6072 managed_stdio.cc:153] CONFIG_MITIGATION_TAA=y
assemble_cvd(6072)  D 10-07 06:44:48  6072  6072 managed_stdio.cc:153] CONFIG_MITIGATION_MMIO_STALE_DATA=y
assemble_cvd(6072)  D 10-07 06:44:48  6072  6072 managed_stdio.cc:153] CONFIG_MITIGATION_L1TF=y
assemble_cvd(6072)  D 10-07 06:44:48  6072  6072 managed_stdio.cc:153] CONFIG_MITIGATION_RETBLEED=y
assemble_cvd(6072)  D 10-07 06:44:48  6072  6072 managed_stdio.cc:153] CONFIG_MITIGATION_SPECTRE_V1=y
assemble_cvd(6072)  D 10-07 06:44:48  6072  6072 managed_stdio.cc:153] CONFIG_MITIGATION_SPECTRE_V2=y
assemble_cvd(6072)  D 10-07 06:44:48  6072  6072 managed_stdio.cc:153] CONFIG_MITIGATION_SRBDS=y
assemble_cvd(6072)  D 10-07 06:44:48  6072  6072 managed_stdio.cc:153] CONFIG_MITIGATION_SSB=y
assemble_cvd(6072)  D 10-07 06:44:48  6072  6072 managed_stdio.cc:153] CONFIG_MITIGATION_ITS=y
assemble_cvd(6072)  D 10-07 06:44:48  6072  6072 managed_stdio.cc:153] CONFIG_MITIGATION_TSA=y
assemble_cvd(6072)  D 10-07 06:44:48  6072  6072 managed_stdio.cc:153] CONFIG_MITIGATION_VMSCAPE=y
assemble_cvd(6072)  D 10-07 06:44:48  6072  6072 managed_stdio.cc:153] CONFIG_ARCH_HAS_ADD_PAGES=y
assemble_cvd(6072)  D 10-07 06:44:48  6072  6072 managed_stdio.cc:153] 
assemble_cvd(6072)  D 10-07 06:44:48  6072  6072 managed_stdio.cc:153] #
assemble_cvd(6072)  D 10-07 06:44:48  6072  6072 managed_stdio.cc:153] # Power management and ACPI options
assemble_cvd(6072)  D 10-07 06:44:48  6072  6072 managed_stdio.cc:153] #
assemble_cvd(6072)  D 10-07 06:44:48  6072  6072 managed_stdio.cc:153] CONFIG_ARCH_HIBERNATION_HEADER=y
assemble_cvd(6072)  D 10-07 06:44:48  6072  6072 managed_stdio.cc:153] CONFIG_SUSPEND=y
assemble_cvd(6072)  D 10-07 06:44:48  6072  6072 managed_stdio.cc:153] CONFIG_SUSPEND_FREEZER=y
assemble_cvd(6072)  D 10-07 06:44:48  6072  6072 managed_stdio.cc:153] # CONFIG_SUSPEND_SKIP_SYNC is not set
assemble_cvd(6072)  D 10-07 06:44:48  6072  6072 managed_stdio.cc:153] CONFIG_HIBERNATE_CALLBACKS=y
assemble_cvd(6072)  D 10-07 06:44:48  6072  6072 managed_stdio.cc:153] CONFIG_HIBERNATION=y
assemble_cvd(6072)  D 10-07 06:44:48  6072  6072 managed_stdio.cc:153] CONFIG_HIBERNATION_SNAPSHOT_DEV=y
assemble_cvd(6072)  D 10-07 06:44:48  6072  6072 managed_stdio.cc:153] CONFIG_HIBERNATION_COMP_LZO=y
assemble_cvd(6072)  D 10-07 06:44:48  6072  6072 managed_stdio.cc:153] # CONFIG_HIBERNATION_COMP_LZ4 is not set
assemble_cvd(6072)  D 10-07 06:44:48  6072  6072 managed_stdio.cc:153] CONFIG_HIBERNATION_DEF_COMP="lzo"
assemble_cvd(6072)  D 10-07 06:44:48  6072  6072 managed_stdio.cc:153] CONFIG_PM_STD_PARTITION=""
assemble_cvd(6072)  D 10-07 06:44:48  6072  6072 managed_stdio.cc:153] CONFIG_PM_SLEE
assemble_cvd(6072)  D 10-07 06:44:48  6072  6072 managed_stdio.cc:154] Ran /var/tmp/cvd/1001/1791355487963379/artifacts/host_tools/bin/extract-ikconfig with stderr:
assemble_cvd(6072)  D 10-07 06:44:48  6072  6072 managed_stdio.cc:154] tail: error writing 'standard output': Broken pipe
assemble_cvd(6072)  D 10-07 06:44:48  6072  6072 managed_stdio.cc:154] tail: error writing 'standard output': Broken pipe
assemble_cvd(6072)  D 10-07 06:44:48  6072  6072 managed_stdio.cc:154] tail: error writing 'standard output': Broken pipe
assemble_cvd(6072)  D 10-07 06:44:48  6072  6072 managed_stdio.cc:154] tail: error writing 'standard output': Broken pipe
assemble_cvd(6072)  D 10-07 06:44:48  6072  6072 managed_stdio.cc:154] tail: error writing 'standard output': Broken pipe
assemble_cvd(6072)  D 10-07 06:44:48  6072  6072 managed_stdio.cc:154] tail: error writing 'standard output': Broken pipe
assemble_cvd(6072)  D 10-07 06:44:48  6072  6072 managed_stdio.cc:154] tail: error writing 'standard output': Broken pipe
assemble_cvd(6072)  D 10-07 06:44:48  6072  6072 managed_stdio.cc:154] tail: error writing 'standard output': Broken pipe
assemble_cvd(6072)  D 10-07 06:44:48  6072  6072 managed_stdio.cc:154] tail: error writing 'standard output': Broken pipe
assemble_cvd(6072)  D 10-07 06:44:48  6072  6072 managed_stdio.cc:154] tail: error writing 'standard output': Broken pipe
assemble_cvd(6072)  D 10-07 06:44:48  6072  6072 managed_stdio.cc:154] tail: error writing 'standard output': Broken pipe
assemble_cvd(6072)  D 10-07 06:44:48  6072  6072 managed_stdio.cc:154] tail: error writing 'standard output': Broken pipe
assemble_cvd(6072)  D 10-07 06:44:48  6072  6072 managed_stdio.cc:154] 
assemble_cvd(6072)  D 10-07 06:44:48  6072  6072 assemble_cvd.cc:717] Guest configs: {
assemble_cvd(6072)  D 10-07 06:44:48  6072  6072 assemble_cvd.cc:717]   GuestConfig {
assemble_cvd(6072)  D 10-07 06:44:48  6072  6072 assemble_cvd.cc:717]     target_arch: x86_64,
assemble_cvd(6072)  D 10-07 06:44:48  6072  6072 assemble_cvd.cc:717]     device_type: phone,
assemble_cvd(6072)  D 10-07 06:44:48  6072  6072 assemble_cvd.cc:717]     bootconfig_supported: 1,
assemble_cvd(6072)  D 10-07 06:44:48  6072  6072 assemble_cvd.cc:717]     hctr2_supported: 1,
assemble_cvd(6072)  D 10-07 06:44:48  6072  6072 assemble_cvd.cc:717]     android_version_number: "17",
assemble_cvd(6072)  D 10-07 06:44:48  6072  6072 assemble_cvd.cc:717]     gfxstream_supported: 1,
assemble_cvd(6072)  D 10-07 06:44:48  6072  6072 assemble_cvd.cc:717]     gfxstream_gl_program_binary_link_status_supported: 1,
assemble_cvd(6072)  D 10-07 06:44:48  6072  6072 assemble_cvd.cc:717]     vhost_user_vsock: 0,
assemble_cvd(6072)  D 10-07 06:44:48  6072  6072 assemble_cvd.cc:717]     supports_bgra_framebuffers: 0,
assemble_cvd(6072)  D 10-07 06:44:48  6072  6072 assemble_cvd.cc:717]     prefer_drm_virgl_when_supported: 0,
assemble_cvd(6072)  D 10-07 06:44:48  6072  6072 assemble_cvd.cc:717]     mouse_supported: 0,
assemble_cvd(6072)  D 10-07 06:44:48  6072  6072 assemble_cvd.cc:717]     gamepad_supported: 0,
assemble_cvd(6072)  D 10-07 06:44:48  6072  6072 assemble_cvd.cc:717]     ti50_emulator: "",
assemble_cvd(6072)  D 10-07 06:44:48  6072  6072 assemble_cvd.cc:717]     custom_keyboard_config: (absent),
assemble_cvd(6072)  D 10-07 06:44:48  6072  6072 assemble_cvd.cc:717]     domkey_mapping_config: (absent),
assemble_cvd(6072)  D 10-07 06:44:48  6072  6072 assemble_cvd.cc:717]     output_audio_streams_count: 1,
assemble_cvd(6072)  D 10-07 06:44:48  6072  6072 assemble_cvd.cc:717]     audio_settings: (absent),
assemble_cvd(6072)  D 10-07 06:44:48  6072  6072 assemble_cvd.cc:717]     enforce_mac80211_hwsim: (absent),
assemble_cvd(6072)  D 10-07 06:44:48  6072  6072 assemble_cvd.cc:717]     blank_data_image_mb: 0,
assemble_cvd(6072)  D 10-07 06:44:48  6072  6072 assemble_cvd.cc:717]     lights_server_enabled: 1
assemble_cvd(6072)  D 10-07 06:44:48  6072  6072 assemble_cvd.cc:717]   }
assemble_cvd(6072)  D 10-07 06:44:48  6072  6072 assemble_cvd.cc:717] }
assemble_cvd(6072)  I 10-07 06:44:48  6072  6072 flags.cc:1527] SetFlagDefaultsFromConfig: No flag defaults to override.
assemble_cvd(6072)  D 10-07 06:44:48  6072  6072 command.cc:323] Started (pid: 6157): /usr/lib/cuttlefish-common/bin/capability_query.py
assemble_cvd(6072)  D 10-07 06:44:48  6072  6072 command.cc:325] qemu_cli
assemble_cvd(6072)  D 10-07 06:44:48  6072  6072 flags.cc:684] rootcanal_instance_num: 0
assemble_cvd(6072)  D 10-07 06:44:48  6072  6072 flags.cc:685] launch rootcanal: true
assemble_cvd(6072)  D 10-07 06:44:48  6072  6072 flags.cc:694] casimir_instance_num: 0
assemble_cvd(6072)  D 10-07 06:44:48  6072  6072 flags.cc:695] launch casimir: true
assemble_cvd(6072)  D 10-07 06:44:48  6072  6072 flags.cc:699] netsim_instance_num: 0
assemble_cvd(6072)  D 10-07 06:44:48  6072  6072 flags.cc:721] launch pica: true
assemble_cvd(6072)  D 10-07 06:44:48  6072  6072 command.cc:323] Started (pid: 6160): /var/tmp/cvd/1001/1791355487963379/artifacts/host_tools/bin/graphics_detector
assemble_cvd(6072)  D 10-07 06:44:48  6072  6072 command.cc:325] /tmp/TemporaryFile-dPddzA
assemble_cvd(6072)  D 10-07 06:44:49  6072  6072 managed_stdio.cc:153] Ran /var/tmp/cvd/1001/1791355487963379/artifacts/host_tools/bin/graphics_detector with stdout:
assemble_cvd(6072)  D 10-07 06:44:49  6072  6072 managed_stdio.cc:153] 
assemble_cvd(6072)  D 10-07 06:44:49  6072  6072 managed_stdio.cc:154] Ran /var/tmp/cvd/1001/1791355487963379/artifacts/host_tools/bin/graphics_detector with stderr:
assemble_cvd(6072)  D 10-07 06:44:49  6072  6072 managed_stdio.cc:154] 
assemble_cvd(6072)  D 10-07 06:44:49  6072  6072 graphics_flags.cc:872] 
assemble_cvd(6072)  D 10-07 06:44:49  6072  6072 graphics_flags.cc:900] Host Graphics Availability:
assemble_cvd(6072)  D 10-07 06:44:49  6072  6072 graphics_flags.cc:903] egl {
assemble_cvd(6072)  D 10-07 06:44:49  6072  6072 graphics_flags.cc:903]   vendor: "Mesa Project"
assemble_cvd(6072)  D 10-07 06:44:49  6072  6072 graphics_flags.cc:903]   version: "1.5"
assemble_cvd(6072)  D 10-07 06:44:49  6072  6072 graphics_flags.cc:903]   extensions: "EGL_ANDROID_blob_cache EGL_ANDROID_native_fence_sync EGL_EXT_config_select_group EGL_EXT_create_context_robustness EGL_EXT_image_dma_buf_import EGL_EXT_image_dma_buf_import_modifiers EGL_EXT_query_reset_notification_strategy EGL_EXT_surface_compression EGL_KHR_cl_event2 EGL_KHR_config_attribs EGL_KHR_context_flush_control EGL_KHR_create_context EGL_KHR_create_context_no_error EGL_KHR_fence_sync EGL_KHR_get_all_proc_addresses EGL_KHR_gl_colorspace EGL_KHR_gl_renderbuffer_image EGL_KHR_gl_texture_2D_image EGL_KHR_gl_texture_3D_image EGL_KHR_gl_texture_cubemap_image EGL_KHR_image_base EGL_KHR_no_config_context EGL_KHR_reusable_sync EGL_KHR_surfaceless_context EGL_EXT_pixel_format_float EGL_KHR_wait_sync EGL_MESA_configless_context EGL_MESA_gl_interop EGL_MESA_image_dma_buf_export EGL_MESA_query_driver EGL_MESA_x11_native_visual_id "
assemble_cvd(6072)  D 10-07 06:44:49  6072  6072 graphics_flags.cc:903]   gles2_availability {
assemble_cvd(6072)  D 10-07 06:44:49  6072  6072 graphics_flags.cc:903]     vendor: "Mesa"
assemble_cvd(6072)  D 10-07 06:44:49  6072  6072 graphics_flags.cc:903]     version: "OpenGL ES 3.2 Mesa 25.2.8-0ubuntu0.24.04.4"
assemble_cvd(6072)  D 10-07 06:44:49  6072  6072 graphics_flags.cc:903]     renderer: "llvmpipe (LLVM 20.1.2, 256 bits)"
assemble_cvd(6072)  D 10-07 06:44:49  6072  6072 graphics_flags.cc:903]     extensions: "GL_EXT_blend_minmax GL_EXT_multi_draw_arrays GL_EXT_texture_filter_anisotropic GL_EXT_texture_compression_s3tc GL_EXT_texture_compression_dxt1 GL_EXT_texture_compression_rgtc GL_EXT_texture_format_BGRA8888 GL_OES_compressed_ETC1_RGB8_texture GL_OES_depth24 GL_OES_element_index_uint GL_OES_fbo_render_mipmap GL_OES_mapbuffer GL_OES_rgb8_rgba8 GL_OES_standard_derivatives GL_OES_stencil8 GL_OES_texture_3D GL_OES_texture_float GL_OES_texture_float_linear GL_OES_texture_half_float GL_OES_texture_half_float_linear GL_OES_texture_npot GL_OES_vertex_half_float GL_EXT_draw_instanced GL_EXT_texture_sRGB_decode GL_OES_EGL_image GL_OES_depth_texture GL_OES_packed_depth_stencil GL_EXT_texture_type_2_10_10_10_REV GL_NV_conditional_render GL_OES_get_program_binary GL_APPLE_texture_max_level GL_EXT_discard_framebuffer GL_EXT_read_format_bgra GL_EXT_texture_storage GL_NV_pack_subimage GL_NV_texture_barrier GL_EXT_frag_depth GL_NV_fbo_color_attachments GL_OES_EGL_image_external GL_OES_EGL_sync GL_OES_vertex_array_object GL_OES_viewport_array GL_ANGLE_pack_reverse_row_order GL_ANGLE_texture_compression_dxt3 GL_ANGLE_texture_compression_dxt5 GL_EXT_occlusion_query_boolean GL_EXT_robustness GL_EXT_texture_rg GL_EXT_unpack_subimage GL_NV_draw_buffers GL_NV_read_buffer GL_NV_read_depth GL_NV_read_depth_stencil GL_NV_read_stencil GL_APPLE_sync GL_EXT_draw_buffers GL_EXT_instanced_arrays GL_EXT_map_buffer_range GL_EXT_shadow_samplers GL_KHR_debug GL_KHR_robustness GL_KHR_texture_compression_astc_ldr GL_NV_generate_mipmap_sRGB GL_NV_pixel_buffer_object GL_OES_depth_texture_cube_map GL_OES_required_internalformat GL_OES_surfaceless_context GL_EXT_color_buffer_float GL_EXT_debug_label GL_EXT_sRGB_write_control GL_EXT_separate_shader_objects GL_EXT_shader_framebuffer_fetch GL_EXT_shader_group_vote GL_EXT_shader_implicit_conversions GL_EXT_shader_integer_mix GL_EXT_tessellation_point_size GL_EXT_tessellation_shader GL_ANDROID_extension_pack_es31a GL_ARM_shader_framebuffer_fetch_depth_stencil GL_EXT_base_instance GL_EXT_compressed_ETC1_RGB8_sub_texture GL_EXT_copy_image GL_EXT_draw_buffers_indexed GL_EXT_draw_elements_base_vertex GL_EXT_gpu_shader5 GL_EXT_multi_draw_indirect GL_EXT_polygon_offset_clamp GL_EXT_primitive_bounding_box GL_EXT_render_snorm GL_EXT_shader_io_blocks GL_EXT_texture_border_clamp GL_EXT_texture_buffer GL_EXT_texture_cube_map_array GL_EXT_texture_norm16 GL_EXT_texture_view GL_KHR_blend_equation_advanced GL_KHR_blend_equation_advanced_coherent GL_KHR_context_flush_control GL_KHR_robust_buffer_access_behavior GL_NV_image_formats GL_NV_shader_noperspective_interpolation GL_OES_copy_image GL_OES_draw_buffers_indexed GL_OES_draw_elements_base_vertex GL_OES_gpu_shader5 GL_OES_primitive_bounding_box GL_OES_sample_shading GL_OES_sample_variables GL_OES_shader_io_blocks GL_OES_shader_multisample_interpolation GL_OES_tessellation_point_size GL_OES_tessellation_shader GL_OES_texture_border_clamp GL_OES_texture_buffer GL_OES_texture_cube_map_array GL_OES_texture_stencil8 GL_OES_texture_storage_multisample_2d_array GL_OES_texture_view GL_EXT_blend_func_extended GL_EXT_buffer_storage GL_EXT_float_blend GL_EXT_geometry_point_size GL_EXT_geometry_shader GL_EXT_texture_filter_minmax GL_EXT_texture_sRGB_R8 GL_EXT_texture_sRGB_RG8 GL_KHR_no_error GL_KHR_texture_compression_astc_sliced_3d GL_OES_EGL_image_external_essl3 GL_OES_geometry_point_size GL_OES_geometry_shader GL_OES_shader_image_atomic GL_EXT_clear_texture GL_EXT_clip_cull_distance GL_EXT_conservative_depth GL_EXT_disjoint_timer_query GL_EXT_texture_compression_s3tc_srgb GL_MESA_shader_integer_functions GL_EXT_clip_control GL_EXT_color_buffer_half_float GL_EXT_memory_object GL_EXT_memory_object_fd GL_EXT_texture_compression_bptc GL_EXT_texture_mirror_clamp_to_edge GL_KHR_parallel_shader_compile GL_NV_alpha_to_coverage_dither_control GL_EXT_EGL_image_storage GL_EXT_shader_framebuffer_fetch_non_coherent GL_EXT_texture_shadow_lod GL_MESA_framebuffer_flip_y GL_OVR_multiview GL_OVR_multiview2 GL_EXT_depth_clamp GL_EXT_texture_query_lod GL_MESA_sampler_objects GL_EXT_EGL_image_storage_compression GL_EXT_texture_storage_compression GL_MESA_bgra GL_EXT_shader_clock "
assemble_cvd(6072)  D 10-07 06:44:49  6072  6072 graphics_flags.cc:903]   }
assemble_cvd(6072)  D 10-07 06:44:49  6072  6072 graphics_flags.cc:903]   gles3_availability {
assemble_cvd(6072)  D 10-07 06:44:49  6072  6072 graphics_flags.cc:903]     vendor: "Mesa"
assemble_cvd(6072)  D 10-07 06:44:49  6072  6072 graphics_flags.cc:903]     version: "OpenGL ES 3.2 Mesa 25.2.8-0ubuntu0.24.04.4"
assemble_cvd(6072)  D 10-07 06:44:49  6072  6072 graphics_flags.cc:903]     renderer: "llvmpipe (LLVM 20.1.2, 256 bits)"
assemble_cvd(6072)  D 10-07 06:44:49  6072  6072 graphics_flags.cc:903]     extensions: "GL_EXT_blend_minmax GL_EXT_multi_draw_arrays GL_EXT_texture_filter_anisotropic GL_EXT_texture_compression_s3tc GL_EXT_texture_compression_dxt1 GL_EXT_texture_compression_rgtc GL_EXT_texture_format_BGRA8888 GL_OES_compressed_ETC1_RGB8_texture GL_OES_depth24 GL_OES_element_index_uint GL_OES_fbo_render_mipmap GL_OES_mapbuffer GL_OES_rgb8_rgba8 GL_OES_standard_derivatives GL_OES_stencil8 GL_OES_texture_3D GL_OES_texture_float GL_OES_texture_float_linear GL_OES_texture_half_float GL_OES_texture_half_float_linear GL_OES_texture_npot GL_OES_vertex_half_float GL_EXT_draw_instanced GL_EXT_texture_sRGB_decode GL_OES_EGL_image GL_OES_depth_texture GL_OES_packed_depth_stencil GL_EXT_texture_type_2_10_10_10_REV GL_NV_conditional_render GL_OES_get_program_binary GL_APPLE_texture_max_level GL_EXT_discard_framebuffer GL_EXT_read_format_bgra GL_EXT_texture_storage GL_NV_pack_subimage GL_NV_texture_barrier GL_EXT_frag_depth GL_NV_fbo_color_attachments GL_OES_EGL_image_external GL_OES_EGL_sync GL_OES_vertex_array_object GL_OES_viewport_array GL_ANGLE_pack_reverse_row_order GL_ANGLE_texture_compression_dxt3 GL_ANGLE_texture_compression_dxt5 GL_EXT_occlusion_query_boolean GL_EXT_robustness GL_EXT_texture_rg GL_EXT_unpack_subimage GL_NV_draw_buffers GL_NV_read_buffer GL_NV_read_depth GL_NV_read_depth_stencil GL_NV_read_stencil GL_APPLE_sync GL_EXT_draw_buffers GL_EXT_instanced_arrays GL_EXT_map_buffer_range GL_EXT_shadow_samplers GL_KHR_debug GL_KHR_robustness GL_KHR_texture_compression_astc_ldr GL_NV_generate_mipmap_sRGB GL_NV_pixel_buffer_object GL_OES_depth_texture_cube_map GL_OES_required_internalformat GL_OES_surfaceless_context GL_EXT_color_buffer_float GL_EXT_debug_label GL_EXT_sRGB_write_control GL_EXT_separate_shader_objects GL_EXT_shader_framebuffer_fetch GL_EXT_shader_group_vote GL_EXT_shader_implicit_conversions GL_EXT_shader_integer_mix GL_EXT_tessellation_point_size GL_EXT_tessellation_shader GL_ANDROID_extension_pack_es31a GL_ARM_shader_framebuffer_fetch_depth_stencil GL_EXT_base_instance GL_EXT_compressed_ETC1_RGB8_sub_texture GL_EXT_copy_image GL_EXT_draw_buffers_indexed GL_EXT_draw_elements_base_vertex GL_EXT_gpu_shader5 GL_EXT_multi_draw_indirect GL_EXT_polygon_offset_clamp GL_EXT_primitive_bounding_box GL_EXT_render_snorm GL_EXT_shader_io_blocks GL_EXT_texture_border_clamp GL_EXT_texture_buffer GL_EXT_texture_cube_map_array GL_EXT_texture_norm16 GL_EXT_texture_view GL_KHR_blend_equation_advanced GL_KHR_blend_equation_advanced_coherent GL_KHR_context_flush_control GL_KHR_robust_buffer_access_behavior GL_NV_image_formats GL_NV_shader_noperspective_interpolation GL_OES_copy_image GL_OES_draw_buffers_indexed GL_OES_draw_elements_base_vertex GL_OES_gpu_shader5 GL_OES_primitive_bounding_box GL_OES_sample_shading GL_OES_sample_variables GL_OES_shader_io_blocks GL_OES_shader_multisample_interpolation GL_OES_tessellation_point_size GL_OES_tessellation_shader GL_OES_texture_border_clamp GL_OES_texture_buffer GL_OES_texture_cube_map_array GL_OES_texture_stencil8 GL_OES_texture_storage_multisample_2d_array GL_OES_texture_view GL_EXT_blend_func_extended GL_EXT_buffer_storage GL_EXT_float_blend GL_EXT_geometry_point_size GL_EXT_geometry_shader GL_EXT_texture_filter_minmax GL_EXT_texture_sRGB_R8 GL_EXT_texture_sRGB_RG8 GL_KHR_no_error GL_KHR_texture_compression_astc_sliced_3d GL_OES_EGL_image_external_essl3 GL_OES_geometry_point_size GL_OES_geometry_shader GL_OES_shader_image_atomic GL_EXT_clear_texture GL_EXT_clip_cull_distance GL_EXT_conservative_depth GL_EXT_disjoint_timer_query GL_EXT_texture_compression_s3tc_srgb GL_MESA_shader_integer_functions GL_EXT_clip_control GL_EXT_color_buffer_half_float GL_EXT_memory_object GL_EXT_memory_object_fd GL_EXT_texture_compression_bptc GL_EXT_texture_mirror_clamp_to_edge GL_KHR_parallel_shader_compile GL_NV_alpha_to_coverage_dither_control GL_EXT_EGL_image_storage GL_EXT_shader_framebuffer_fetch_non_coherent GL_EXT_texture_shadow_lod GL_MESA_framebuffer_flip_y GL_OVR_multiview GL_OVR_multiview2 GL_EXT_depth_clamp GL_EXT_texture_query_lod GL_MESA_sampler_objects GL_EXT_EGL_image_storage_compression GL_EXT_texture_storage_compression GL_MESA_bgra GL_EXT_shader_clock "
assemble_cvd(6072)  D 10-07 06:44:49  6072  6072 graphics_flags.cc:903]   }
assemble_cvd(6072)  D 10-07 06:44:49  6072  6072 graphics_flags.cc:903]   gles2_direct_availability {
assemble_cvd(6072)  D 10-07 06:44:49  6072  6072 graphics_flags.cc:903]     vendor: "Mesa"
assemble_cvd(6072)  D 10-07 06:44:49  6072  6072 graphics_flags.cc:903]     version: "OpenGL ES 3.2 Mesa 25.2.8-0ubuntu0.24.04.4"
assemble_cvd(6072)  D 10-07 06:44:49  6072  6072 graphics_flags.cc:903]     renderer: "llvmpipe (LLVM 20.1.2, 256 bits)"
assemble_cvd(6072)  D 10-07 06:44:49  6072  6072 graphics_flags.cc:903]     extensions: "GL_EXT_blend_minmax GL_EXT_multi_draw_arrays GL_EXT_texture_filter_anisotropic GL_EXT_texture_compression_s3tc GL_EXT_texture_compression_dxt1 GL_EXT_texture_compression_rgtc GL_EXT_texture_format_BGRA8888 GL_OES_compressed_ETC1_RGB8_texture GL_OES_depth24 GL_OES_element_index_uint GL_OES_fbo_render_mipmap GL_OES_mapbuffer GL_OES_rgb8_rgba8 GL_OES_standard_derivatives GL_OES_stencil8 GL_OES_texture_3D GL_OES_texture_float GL_OES_texture_float_linear GL_OES_texture_half_float GL_OES_texture_half_float_linear GL_OES_texture_npot GL_OES_vertex_half_float GL_EXT_draw_instanced GL_EXT_texture_sRGB_decode GL_OES_EGL_image GL_OES_depth_texture GL_OES_packed_depth_stencil GL_EXT_texture_type_2_10_10_10_REV GL_NV_conditional_render GL_OES_get_program_binary GL_APPLE_texture_max_level GL_EXT_discard_framebuffer GL_EXT_read_format_bgra GL_EXT_texture_storage GL_NV_pack_subimage GL_NV_texture_barrier GL_EXT_frag_depth GL_NV_fbo_color_attachments GL_OES_EGL_image_external GL_OES_EGL_sync GL_OES_vertex_array_object GL_OES_viewport_array GL_ANGLE_pack_reverse_row_order GL_ANGLE_texture_compression_dxt3 GL_ANGLE_texture_compression_dxt5 GL_EXT_occlusion_query_boolean GL_EXT_robustness GL_EXT_texture_rg GL_EXT_unpack_subimage GL_NV_draw_buffers GL_NV_read_buffer GL_NV_read_depth GL_NV_read_depth_stencil GL_NV_read_stencil GL_APPLE_sync GL_EXT_draw_buffers GL_EXT_instanced_arrays GL_EXT_map_buffer_range GL_EXT_shadow_samplers GL_KHR_debug GL_KHR_robustness GL_KHR_texture_compression_astc_ldr GL_NV_generate_mipmap_sRGB GL_NV_pixel_buffer_object GL_OES_depth_texture_cube_map GL_OES_required_internalformat GL_OES_surfaceless_context GL_EXT_color_buffer_float GL_EXT_debug_label GL_EXT_sRGB_write_control GL_EXT_separate_shader_objects GL_EXT_shader_framebuffer_fetch GL_EXT_shader_group_vote GL_EXT_shader_implicit_conversions GL_EXT_shader_integer_mix GL_EXT_tessellation_point_size GL_EXT_tessellation_shader GL_ANDROID_extension_pack_es31a GL_ARM_shader_framebuffer_fetch_depth_stencil GL_EXT_base_instance GL_EXT_compressed_ETC1_RGB8_sub_texture GL_EXT_copy_image GL_EXT_draw_buffers_indexed GL_EXT_draw_elements_base_vertex GL_EXT_gpu_shader5 GL_EXT_multi_draw_indirect GL_EXT_polygon_offset_clamp GL_EXT_primitive_bounding_box GL_EXT_render_snorm GL_EXT_shader_io_blocks GL_EXT_texture_border_clamp GL_EXT_texture_buffer GL_EXT_texture_cube_map_array GL_EXT_texture_norm16 GL_EXT_texture_view GL_KHR_blend_equation_advanced GL_KHR_blend_equation_advanced_coherent GL_KHR_context_flush_control GL_KHR_robust_buffer_access_behavior GL_NV_image_formats GL_NV_shader_noperspective_interpolation GL_OES_copy_image GL_OES_draw_buffers_indexed GL_OES_draw_elements_base_vertex GL_OES_gpu_shader5 GL_OES_primitive_bounding_box GL_OES_sample_shading GL_OES_sample_variables GL_OES_shader_io_blocks GL_OES_shader_multisample_interpolation GL_OES_tessellation_point_size GL_OES_tessellation_shader GL_OES_texture_border_clamp GL_OES_texture_buffer GL_OES_texture_cube_map_array GL_OES_texture_stencil8 GL_OES_texture_storage_multisample_2d_array GL_OES_texture_view GL_EXT_blend_func_extended GL_EXT_buffer_storage GL_EXT_float_blend GL_EXT_geometry_point_size GL_EXT_geometry_shader GL_EXT_texture_filter_minmax GL_EXT_texture_sRGB_R8 GL_EXT_texture_sRGB_RG8 GL_KHR_no_error GL_KHR_texture_compression_astc_sliced_3d GL_OES_EGL_image_external_essl3 GL_OES_geometry_point_size GL_OES_geometry_shader GL_OES_shader_image_atomic GL_EXT_clear_texture GL_EXT_clip_cull_distance GL_EXT_conservative_depth GL_EXT_disjoint_timer_query GL_EXT_texture_compression_s3tc_srgb GL_MESA_shader_integer_functions GL_EXT_clip_control GL_EXT_color_buffer_half_float GL_EXT_memory_object GL_EXT_memory_object_fd GL_EXT_texture_compression_bptc GL_EXT_texture_mirror_clamp_to_edge GL_KHR_parallel_shader_compile GL_NV_alpha_to_coverage_dither_control GL_EXT_EGL_image_storage GL_EXT_shader_framebuffer_fetch_non_coherent GL_EXT_texture_shadow_lod GL_MESA_framebuffer_flip_y GL_OVR_multiview GL_OVR_multiview2 GL_EXT_depth_clamp GL_EXT_texture_query_lod GL_MESA_sampler_objects GL_EXT_EGL_image_storage_compression GL_EXT_texture_storage_compression GL_MESA_bgra GL_EXT_shader_clock "
assemble_cvd(6072)  D 10-07 06:44:49  6072  6072 graphics_flags.cc:903]   }
assemble_cvd(6072)  D 10-07 06:44:49  6072  6072 graphics_flags.cc:903]   gles3_direct_availability {
assemble_cvd(6072)  D 10-07 06:44:49  6072  6072 graphics_flags.cc:903]     vendor: "Mesa"
assemble_cvd(6072)  D 10-07 06:44:49  6072  6072 graphics_flags.cc:903]     version: "OpenGL ES 3.2 Mesa 25.2.8-0ubuntu0.24.04.4"
assemble_cvd(6072)  D 10-07 06:44:49  6072  6072 graphics_flags.cc:903]     renderer: "llvmpipe (LLVM 20.1.2, 256 bits)"
assemble_cvd(6072)  D 10-07 06:44:49  6072  6072 graphics_flags.cc:903]     extensions: "GL_EXT_blend_minmax GL_EXT_multi_draw_arrays GL_EXT_texture_filter_anisotropic GL_EXT_texture_compression_s3tc GL_EXT_texture_compression_dxt1 GL_EXT_texture_compression_rgtc GL_EXT_texture_format_BGRA8888 GL_OES_compressed_ETC1_RGB8_texture GL_OES_depth24 GL_OES_element_index_uint GL_OES_fbo_render_mipmap GL_OES_mapbuffer GL_OES_rgb8_rgba8 GL_OES_standard_derivatives GL_OES_stencil8 GL_OES_texture_3D GL_OES_texture_float GL_OES_texture_float_linear GL_OES_texture_half_float GL_OES_texture_half_float_linear GL_OES_texture_npot GL_OES_vertex_half_float GL_EXT_draw_instanced GL_EXT_texture_sRGB_decode GL_OES_EGL_image GL_OES_depth_texture GL_OES_packed_depth_stencil GL_EXT_texture_type_2_10_10_10_REV GL_NV_conditional_render GL_OES_get_program_binary GL_APPLE_texture_max_level GL_EXT_discard_framebuffer GL_EXT_read_format_bgra GL_EXT_texture_storage GL_NV_pack_subimage GL_NV_texture_barrier GL_EXT_frag_depth GL_NV_fbo_color_attachments GL_OES_EGL_image_external GL_OES_EGL_sync GL_OES_vertex_array_object GL_OES_viewport_array GL_ANGLE_pack_reverse_row_order GL_ANGLE_texture_compression_dxt3 GL_ANGLE_texture_compression_dxt5 GL_EXT_occlusion_query_boolean GL_EXT_robustness GL_EXT_texture_rg GL_EXT_unpack_subimage GL_NV_draw_buffers GL_NV_read_buffer GL_NV_read_depth GL_NV_read_depth_stencil GL_NV_read_stencil GL_APPLE_sync GL_EXT_draw_buffers GL_EXT_instanced_arrays GL_EXT_map_buffer_range GL_EXT_shadow_samplers GL_KHR_debug GL_KHR_robustness GL_KHR_texture_compression_astc_ldr GL_NV_generate_mipmap_sRGB GL_NV_pixel_buffer_object GL_OES_depth_texture_cube_map GL_OES_required_internalformat GL_OES_surfaceless_context GL_EXT_color_buffer_float GL_EXT_debug_label GL_EXT_sRGB_write_control GL_EXT_separate_shader_objects GL_EXT_shader_framebuffer_fetch GL_EXT_shader_group_vote GL_EXT_shader_implicit_conversions GL_EXT_shader_integer_mix GL_EXT_tessellation_point_size GL_EXT_tessellation_shader GL_ANDROID_extension_pack_es31a GL_ARM_shader_framebuffer_fetch_depth_stencil GL_EXT_base_instance GL_EXT_compressed_ETC1_RGB8_sub_texture GL_EXT_copy_image GL_EXT_draw_buffers_indexed GL_EXT_draw_elements_base_vertex GL_EXT_gpu_shader5 GL_EXT_multi_draw_indirect GL_EXT_polygon_offset_clamp GL_EXT_primitive_bounding_box GL_EXT_render_snorm GL_EXT_shader_io_blocks GL_EXT_texture_border_clamp GL_EXT_texture_buffer GL_EXT_texture_cube_map_array GL_EXT_texture_norm16 GL_EXT_texture_view GL_KHR_blend_equation_advanced GL_KHR_blend_equation_advanced_coherent GL_KHR_context_flush_control GL_KHR_robust_buffer_access_behavior GL_NV_image_formats GL_NV_shader_noperspective_interpolation GL_OES_copy_image GL_OES_draw_buffers_indexed GL_OES_draw_elements_base_vertex GL_OES_gpu_shader5 GL_OES_primitive_bounding_box GL_OES_sample_shading GL_OES_sample_variables GL_OES_shader_io_blocks GL_OES_shader_multisample_interpolation GL_OES_tessellation_point_size GL_OES_tessellation_shader GL_OES_texture_border_clamp GL_OES_texture_buffer GL_OES_texture_cube_map_array GL_OES_texture_stencil8 GL_OES_texture_storage_multisample_2d_array GL_OES_texture_view GL_EXT_blend_func_extended GL_EXT_buffer_storage GL_EXT_float_blend GL_EXT_geometry_point_size GL_EXT_geometry_shader GL_EXT_texture_filter_minmax GL_EXT_texture_sRGB_R8 GL_EXT_texture_sRGB_RG8 GL_KHR_no_error GL_KHR_texture_compression_astc_sliced_3d GL_OES_EGL_image_external_essl3 GL_OES_geometry_point_size GL_OES_geometry_shader GL_OES_shader_image_atomic GL_EXT_clear_texture GL_EXT_clip_cull_distance GL_EXT_conservative_depth GL_EXT_disjoint_timer_query GL_EXT_texture_compression_s3tc_srgb GL_MESA_shader_integer_functions GL_EXT_clip_control GL_EXT_color_buffer_half_float GL_EXT_memory_object GL_EXT_memory_object_fd GL_EXT_texture_compression_bptc GL_EXT_texture_mirror_clamp_to_edge GL_KHR_parallel_shader_compile GL_NV_alpha_to_coverage_dither_control GL_EXT_EGL_image_storage GL_EXT_shader_framebuffer_fetch_non_coherent GL_EXT_texture_shadow_lod GL_MESA_framebuffer_flip_y GL_OVR_multiview GL_OVR_multiview2 GL_EXT_depth_clamp GL_EXT_texture_query_lod GL_MESA_sampler_objects GL_EXT_EGL_image_storage_compression GL_EXT_texture_storage_compression GL_MESA_bgra GL_EXT_shader_clock "
assemble_cvd(6072)  D 10-07 06:44:49  6072  6072 graphics_flags.cc:903]   }
assemble_cvd(6072)  D 10-07 06:44:49  6072  6072 graphics_flags.cc:903] }
assemble_cvd(6072)  D 10-07 06:44:49  6072  6072 graphics_flags.cc:903] vulkan {
assemble_cvd(6072)  D 10-07 06:44:49  6072  6072 graphics_flags.cc:903]   physical_devices {
assemble_cvd(6072)  D 10-07 06:44:49  6072  6072 graphics_flags.cc:903]     name: "llvmpipe (LLVM 20.1.2, 256 bits)"
assemble_cvd(6072)  D 10-07 06:44:49  6072  6072 graphics_flags.cc:903]     extensions: "VK_KHR_8bit_storage"
assemble_cvd(6072)  D 10-07 06:44:49  6072  6072 graphics_flags.cc:903]     extensions: "VK_KHR_16bit_storage"
assemble_cvd(6072)  D 10-07 06:44:49  6072  6072 graphics_flags.cc:903]     extensions: "VK_KHR_acceleration_structure"
assemble_cvd(6072)  D 10-07 06:44:49  6072  6072 graphics_flags.cc:903]     extensions: "VK_KHR_bind_memory2"
assemble_cvd(6072)  D 10-07 06:44:49  6072  6072 graphics_flags.cc:903]     extensions: "VK_KHR_buffer_device_address"
assemble_cvd(6072)  D 10-07 06:44:49  6072  6072 graphics_flags.cc:903]     extensions: "VK_KHR_compute_shader_derivatives"
assemble_cvd(6072)  D 10-07 06:44:49  6072  6072 graphics_flags.cc:903]     extensions: "VK_KHR_copy_commands2"
assemble_cvd(6072)  D 10-07 06:44:49  6072  6072 graphics_flags.cc:903]     extensions: "VK_KHR_create_renderpass2"
assemble_cvd(6072)  D 10-07 06:44:49  6072  6072 graphics_flags.cc:903]     extensions: "VK_KHR_dedicated_allocation"
assemble_cvd(6072)  D 10-07 06:44:49  6072  6072 graphics_flags.cc:903]     extensions: "VK_KHR_deferred_host_operations"
assemble_cvd(6072)  D 10-07 06:44:49  6072  6072 graphics_flags.cc:903]     extensions: "VK_KHR_depth_stencil_resolve"
assemble_cvd(6072)  D 10-07 06:44:49  6072  6072 graphics_flags.cc:903]     extensions: "VK_KHR_descriptor_update_template"
assemble_cvd(6072)  D 10-07 06:44:49  6072  6072 graphics_flags.cc:903]     extensions: "VK_KHR_device_group"
assemble_cvd(6072)  D 10-07 06:44:49  6072  6072 graphics_flags.cc:903]     extensions: "VK_KHR_draw_indirect_count"
assemble_cvd(6072)  D 10-07 06:44:49  6072  6072 graphics_flags.cc:903]     extensions: "VK_KHR_driver_properties"
assemble_cvd(6072)  D 10-07 06:44:49  6072  6072 graphics_flags.cc:903]     extensions: "VK_KHR_dynamic_rendering"
assemble_cvd(6072)  D 10-07 06:44:49  6072  6072 graphics_flags.cc:903]     extensions: "VK_KHR_dynamic_rendering_local_read"
assemble_cvd(6072)  D 10-07 06:44:49  6072  6072 graphics_flags.cc:903]     extensions: "VK_KHR_external_fence"
assemble_cvd(6072)  D 10-07 06:44:49  6072  6072 graphics_flags.cc:903]     extensions: "VK_KHR_external_fence_fd"
assemble_cvd(6072)  D 10-07 06:44:49  6072  6072 graphics_flags.cc:903]     extensions: "VK_KHR_external_memory"
assemble_cvd(6072)  D 10-07 06:44:49  6072  6072 graphics_flags.cc:903]     extensions: "VK_KHR_external_memory_fd"
assemble_cvd(6072)  D 10-07 06:44:49  6072  6072 graphics_flags.cc:903]     extensions: "VK_KHR_external_semaphore"
assemble_cvd(6072)  D 10-07 06:44:49  6072  6072 graphics_flags.cc:903]     extensions: "VK_KHR_external_semaphore_fd"
assemble_cvd(6072)  D 10-07 06:44:49  6072  6072 graphics_flags.cc:903]     extensions: "VK_KHR_format_feature_flags2"
assemble_cvd(6072)  D 10-07 06:44:49  6072  6072 graphics_flags.cc:903]     extensions: "VK_KHR_get_memory_requirements2"
assemble_cvd(6072)  D 10-07 06:44:49  6072  6072 graphics_flags.cc:903]     extensions: "VK_KHR_global_priority"
assemble_cvd(6072)  D 10-07 06:44:49  6072  6072 graphics_flags.cc:903]     extensions: "VK_KHR_image_format_list"
assemble_cvd(6072)  D 10-07 06:44:49  6072  6072 graphics_flags.cc:903]     extensions: "VK_KHR_imageless_framebuffer"
assemble_cvd(6072)  D 10-07 06:44:49  6072  6072 graphics_flags.cc:903]     extensions: "VK_KHR_incremental_present"
assemble_cvd(6072)  D 10-07 06:44:49  6072  6072 graphics_flags.cc:903]     extensions: "VK_KHR_index_type_uint8"
assemble_cvd(6072)  D 10-07 06:44:49  6072  6072 graphics_flags.cc:903]     extensions: "VK_KHR_line_rasterization"
assemble_cvd(6072)  D 10-07 06:44:49  6072  6072 graphics_flags.cc:903]     extensions: "VK_KHR_load_store_op_none"
assemble_cvd(6072)  D 10-07 06:44:49  6072  6072 graphics_flags.cc:903]     extensions: "VK_KHR_maintenance1"
assemble_cvd(6072)  D 10-07 06:44:49  6072  6072 graphics_flags.cc:903]     extensions: "VK_KHR_maintenance2"
assemble_cvd(6072)  D 10-07 06:44:49  6072  6072 graphics_flags.cc:903]     extensions: "VK_KHR_maintenance3"
assemble_cvd(6072)  D 10-07 06:44:49  6072  6072 graphics_flags.cc:903]     extensions: "VK_KHR_maintenance4"
assemble_cvd(6072)  D 10-07 06:44:49  6072  6072 graphics_flags.cc:903]     extensions: "VK_KHR_maintenance5"
assemble_cvd(6072)  D 10-07 06:44:49  6072  6072 graphics_flags.cc:903]     extensions: "VK_KHR_maintenance6"
assemble_cvd(6072)  D 10-07 06:44:49  6072  6072 graphics_flags.cc:903]     extensions: "VK_KHR_maintenance7"
assemble_cvd(6072)  D 10-07 06:44:49  6072  6072 graphics_flags.cc:903]     extensions: "VK_KHR_maintenance8"
assemble_cvd(6072)  D 10-07 06:44:49  6072  6072 graphics_flags.cc:903]     extensions: "VK_KHR_map_memory2"
assemble_cvd(6072)  D 10-07 06:44:49  6072  6072 graphics_flags.cc:903]     extensions: "VK_KHR_multiview"
assemble_cvd(6072)  D 10-07 06:44:49  6072  6072 graphics_flags.cc:903]     extensions: "VK_KHR_pipeline_library"
assemble_cvd(6072)  D 10-07 06:44:49  6072  6072 graphics_flags.cc:903]     extensions: "VK_KHR_push_descriptor"
assemble_cvd(6072)  D 10-07 06:44:49  6072  6072 graphics_flags.cc:903]     extensions: "VK_KHR_ray_query"
assemble_cvd(6072)  D 10-07 06:44:49  6072  6072 graphics_flags.cc:903]     extensions: "VK_KHR_ray_tracing_maintenance1"
assemble_cvd(6072)  D 10-07 06:44:49  6072  6072 graphics_flags.cc:903]     extensions: "VK_KHR_ray_tracing_pipeline"
assemble_cvd(6072)  D 10-07 06:44:49  6072  6072 graphics_flags.cc:903]     extensions: "VK_KHR_ray_tracing_position_fetch"
assemble_cvd(6072)  D 10-07 06:44:49  6072  6072 graphics_flags.cc:903]     extensions: "VK_KHR_relaxed_block_layout"
assemble_cvd(6072)  D 10-07 06:44:49  6072  6072 graphics_flags.cc:903]     extensions: "VK_KHR_sampler_mirror_clamp_to_edge"
assemble_cvd(6072)  D 10-07 06:44:49  6072  6072 graphics_flags.cc:903]     extensions: "VK_KHR_sampler_ycbcr_conversion"
assemble_cvd(6072)  D 10-07 06:44:49  6072  6072 graphics_flags.cc:903]     extensions: "VK_KHR_separate_depth_stencil_layouts"
assemble_cvd(6072)  D 10-07 06:44:49  6072  6072 graphics_flags.cc:903]     extensions: "VK_KHR_shader_atomic_int64"
assemble_cvd(6072)  D 10-07 06:44:49  6072  6072 graphics_flags.cc:903]     extensions: "VK_KHR_shader_clock"
assemble_cvd(6072)  D 10-07 06:44:49  6072  6072 graphics_flags.cc:903]     extensions: "VK_KHR_shader_draw_parameters"
assemble_cvd(6072)  D 10-07 06:44:49  6072  6072 graphics_flags.cc:903]     extensions: "VK_KHR_shader_expect_assume"
assemble_cvd(6072)  D 10-07 06:44:49  6072  6072 graphics_flags.cc:903]     extensions: "VK_KHR_shader_float16_int8"
assemble_cvd(6072)  D 10-07 06:44:49  6072  6072 graphics_flags.cc:903]     extensions: "VK_KHR_shader_float_controls"
assemble_cvd(6072)  D 10-07 06:44:49  6072  6072 graphics_flags.cc:903]     extensions: "VK_KHR_shader_float_controls2"
assemble_cvd(6072)  D 10-07 06:44:49  6072  6072 graphics_flags.cc:903]     extensions: "VK_KHR_shader_integer_dot_product"
assemble_cvd(6072)  D 10-07 06:44:49  6072  6072 graphics_flags.cc:903]     extensions: "VK_KHR_shader_maximal_reconvergence"
assemble_cvd(6072)  D 10-07 06:44:49  6072  6072 graphics_flags.cc:903]     extensions: "VK_KHR_shader_non_semantic_info"
assemble_cvd(6072)  D 10-07 06:44:49  6072  6072 graphics_flags.cc:903]     extensions: "VK_KHR_shader_quad_control"
assemble_cvd(6072)  D 10-07 06:44:49  6072  6072 graphics_flags.cc:903]     extensions: "VK_KHR_shader_relaxed_extended_instruction"
assemble_cvd(6072)  D 10-07 06:44:49  6072  6072 graphics_flags.cc:903]     extensions: "VK_KHR_shader_subgroup_extended_types"
assemble_cvd(6072)  D 10-07 06:44:49  6072  6072 graphics_flags.cc:903]     extensions: "VK_KHR_shader_subgroup_rotate"
assemble_cvd(6072)  D 10-07 06:44:49  6072  6072 graphics_flags.cc:903]     extensions: "VK_KHR_shader_terminate_invocation"
assemble_cvd(6072)  D 10-07 06:44:49  6072  6072 graphics_flags.cc:903]     extensions: "VK_KHR_spirv_1_4"
assemble_cvd(6072)  D 10-07 06:44:49  6072  6072 graphics_flags.cc:903]     extensions: "VK_KHR_storage_buffer_storage_class"
assemble_cvd(6072)  D 10-07 06:44:49  6072  6072 graphics_flags.cc:903]     extensions: "VK_KHR_swapchain"
assemble_cvd(6072)  D 10-07 06:44:49  6072  6072 graphics_flags.cc:903]     extensions: "VK_KHR_swapchain_mutable_format"
assemble_cvd(6072)  D 10-07 06:44:49  6072  6072 graphics_flags.cc:903]     extensions: "VK_KHR_synchronization2"
assemble_cvd(6072)  D 10-07 06:44:49  6072  6072 graphics_flags.cc:903]     extensions: "VK_KHR_timeline_semaphore"
assemble_cvd(6072)  D 10-07 06:44:49  6072  6072 graphics_flags.cc:903]     extensions: "VK_KHR_uniform_buffer_standard_layout"
assemble_cvd(6072)  D 10-07 06:44:49  6072  6072 graphics_flags.cc:903]     extensions: "VK_KHR_variable_pointers"
assemble_cvd(6072)  D 10-07 06:44:49  6072  6072 graphics_flags.cc:903]     extensions: "VK_KHR_vertex_attribute_divisor"
assemble_cvd(6072)  D 10-07 06:44:49  6072  6072 graphics_flags.cc:903]     extensions: "VK_KHR_vulkan_memory_model"
assemble_cvd(6072)  D 10-07 06:44:49  6072  6072 graphics_flags.cc:903]     extensions: "VK_KHR_workgroup_memory_explicit_layout"
assemble_cvd(6072)  D 10-07 06:44:49  6072  6072 graphics_flags.cc:903]     extensions: "VK_KHR_zero_initialize_workgroup_memory"
assemble_cvd(6072)  D 10-07 06:44:49  6072  6072 graphics_flags.cc:903]     extensions: "VK_EXT_4444_formats"
assemble_cvd(6072)  D 10-07 06:44:49  6072  6072 graphics_flags.cc:903]     extensions: "VK_EXT_attachment_feedback_loop_dynamic_state"
assemble_cvd(6072)  D 10-07 06:44:49  6072  6072 graphics_flags.cc:903]     extensions: "VK_EXT_attachment_feedback_loop_layout"
assemble_cvd(6072)  D 10-07 06:44:49  6072  6072 graphics_flags.cc:903]     extensions: "VK_EXT_border_color_swizzle"
assemble_cvd(6072)  D 10-07 06:44:49  6072  6072 graphics_flags.cc:903]     extensions: "VK_EXT_calibrated_timestamps"
assemble_cvd(6072)  D 10-07 06:44:49  6072  6072 graphics_flags.cc:903]     extensions: "VK_EXT_color_write_enable"
assemble_cvd(6072)  D 10-07 06:44:49  6072  6072 graphics_flags.cc:903]     extensions: "VK_EXT_conditional_rendering"
assemble_cvd(6072)  D 10-07 06:44:49  6072  6072 graphics_flags.cc:903]     extensions: "VK_EXT_custom_border_color"
assemble_cvd(6072)  D 10-07 06:44:49  6072  6072 graphics_flags.cc:903]     extensions: "VK_EXT_depth_bias_control"
assemble_cvd(6072)  D 10-07 06:44:49  6072  6072 graphics_flags.cc:903]     extensions: "VK_EXT_depth_clip_control"
assemble_cvd(6072)  D 10-07 06:44:49  6072  6072 graphics_flags.cc:903]     extensions: "VK_EXT_depth_clip_enable"
assemble_cvd(6072)  D 10-07 06:44:49  6072  6072 graphics_flags.cc:903]     extensions: "VK_EXT_depth_range_unrestricted"
assemble_cvd(6072)  D 10-07 06:44:49  6072  6072 graphics_flags.cc:903]     extensions: "VK_EXT_descriptor_buffer"
assemble_cvd(6072)  D 10-07 06:44:49  6072  6072 graphics_flags.cc:903]     extensions: "VK_EXT_descriptor_indexing"
assemble_cvd(6072)  D 10-07 06:44:49  6072  6072 graphics_flags.cc:903]     extensions: "VK_EXT_device_generated_commands"
assemble_cvd(6072)  D 10-07 06:44:49  6072  6072 graphics_flags.cc:903]     extensions: "VK_EXT_dynamic_rendering_unused_attachments"
assemble_cvd(6072)  D 10-07 06:44:49  6072  6072 graphics_flags.cc:903]     extensions: "VK_EXT_extended_dynamic_state"
assemble_cvd(6072)  D 10-07 06:44:49  6072  6072 graphics_flags.cc:903]     extensions: "VK_EXT_extended_dynamic_state2"
assemble_cvd(6072)  D 10-07 06:44:49  6072  6072 graphics_flags.cc:903]     extensions: "VK_EXT_extended_dynamic_state3"
assemble_cvd(6072)  D 10-07 06:44:49  6072  6072 graphics_flags.cc:903]     extensions: "VK_EXT_external_memory_dma_buf"
assemble_cvd(6072)  D 10-07 06:44:49  6072  6072 graphics_flags.cc:903]     extensions: "VK_EXT_external_memory_host"
assemble_cvd(6072)  D 10-07 06:44:49  6072  6072 graphics_flags.cc:903]     extensions: "VK_EXT_fragment_shader_interlock"
assemble_cvd(6072)  D 10-07 06:44:49  6072  6072 graphics_flags.cc:903]     extensions: "VK_EXT_graphics_pipeline_library"
assemble_cvd(6072)  D 10-07 06:44:49  6072  6072 graphics_flags.cc:903]     extensions: "VK_EXT_hdr_metadata"
assemble_cvd(6072)  D 10-07 06:44:49  6072  6072 graphics_flags.cc:903]     extensions: "VK_EXT_host_image_copy"
assemble_cvd(6072)  D 10-07 06:44:49  6072  6072 graphics_flags.cc:903]     extensions: "VK_EXT_host_query_reset"
assemble_cvd(6072)  D 10-07 06:44:49  6072  6072 graphics_flags.cc:903]     extensions: "VK_EXT_image_2d_view_of_3d"
assemble_cvd(6072)  D 10-07 06:44:49  6072  6072 graphics_flags.cc:903]     extensions: "VK_EXT_image_drm_format_modifier"
assemble_cvd(6072)  D 10-07 06:44:49  6072  6072 graphics_flags.cc:903]     extensions: "VK_EXT_image_robustness"
assemble_cvd(6072)  D 10-07 06:44:49  6072  6072 graphics_flags.cc:903]     extensions: "VK_EXT_image_sliced_view_of_3d"
assemble_cvd(6072)  D 10-07 06:44:49  6072  6072 graphics_flags.cc:903]     extensions: "VK_EXT_index_type_uint8"
assemble_cvd(6072)  D 10-07 06:44:49  6072  6072 graphics_flags.cc:903]     extensions: "VK_EXT_inline_uniform_block"
assemble_cvd(6072)  D 10-07 06:44:49  6072  6072 graphics_flags.cc:903]     extensions: "VK_EXT_legacy_vertex_attributes"
assemble_cvd(6072)  D 10-07 06:44:49  6072  6072 graphics_flags.cc:903]     extensions: "VK_EXT_line_rasterization"
assemble_cvd(6072)  D 10-07 06:44:49  6072  6072 graphics_flags.cc:903]     extensions: "VK_EXT_load_store_op_none"
assemble_cvd(6072)  D 10-07 06:44:49  6072  6072 graphics_flags.cc:903]     extensions: "VK_EXT_memory_budget"
assemble_cvd(6072)  D 10-07 06:44:49  6072  6072 graphics_flags.cc:903]     extensions: "VK_EXT_memory_priority"
assemble_cvd(6072)  D 10-07 06:44:49  6072  6072 graphics_flags.cc:903]     extensions: "VK_EXT_mesh_shader"
assemble_cvd(6072)  D 10-07 06:44:49  6072  6072 graphics_flags.cc:903]     extensions: "VK_EXT_multi_draw"
assemble_cvd(6072)  D 10-07 06:44:49  6072  6072 graphics_flags.cc:903]     extensions: "VK_EXT_multisampled_render_to_single_sampled"
assemble_cvd(6072)  D 10-07 06:44:49  6072  6072 graphics_flags.cc:903]     extensions: "VK_EXT_mutable_descriptor_type"
assemble_cvd(6072)  D 10-07 06:44:49  6072  6072 graphics_flags.cc:903]     extensions: "VK_EXT_nested_command_buffer"
assemble_cvd(6072)  D 10-07 06:44:49  6072  6072 graphics_flags.cc:903]     extensions: "VK_EXT_non_seamless_cube_map"
assemble_cvd(6072)  D 10-07 06:44:49  6072  6072 graphics_flags.cc:903]     extensions: "VK_EXT_pageable_device_local_memory"
assemble_cvd(6072)  D 10-07 06:44:49  6072  6072 graphics_flags.cc:903]     extensions: "VK_EXT_pipeline_creation_cache_control"
assemble_cvd(6072)  D 10-07 06:44:49  6072  6072 graphics_flags.cc:903]     extensions: "VK_EXT_pipeline_creation_feedback"
assemble_cvd(6072)  D 10-07 06:44:49  6072  6072 graphics_flags.cc:903]     extensions: "VK_EXT_pipeline_library_group_handles"
assemble_cvd(6072)  D 10-07 06:44:49  6072  6072 graphics_flags.cc:903]     extensions: "VK_EXT_pipeline_protected_access"
assemble_cvd(6072)  D 10-07 06:44:49  6072  6072 graphics_flags.cc:903]     extensions: "VK_EXT_pipeline_robustness"
assemble_cvd(6072)  D 10-07 06:44:49  6072  6072 graphics_flags.cc:903]     extensions: "VK_EXT_post_depth_coverage"
assemble_cvd(6072)  D 10-07 06:44:49  6072  6072 graphics_flags.cc:903]     extensions: "VK_EXT_primitive_topology_list_restart"
assemble_cvd(6072)  D 10-07 06:44:49  6072  6072 graphics_flags.cc:903]     extensions: "VK_EXT_primitives_generated_query"
assemble_cvd(6072)  D 10-07 06:44:49  6072  6072 graphics_flags.cc:903]     extensions: "VK_EXT_private_data"
assemble_cvd(6072)  D 10-07 06:44:49  6072  6072 graphics_flags.cc:903]     extensions: "VK_EXT_provoking_vertex"
assemble_cvd(6072)  D 10-07 06:44:49  6072  6072 graphics_flags.cc:903]     extensions: "VK_EXT_queue_family_foreign"
assemble_cvd(6072)  D 10-07 06:44:49  6072  6072 graphics_flags.cc:903]     extensions: "VK_EXT_rasterization_order_attachment_access"
assemble_cvd(6072)  D 10-07 06:44:49  6072  6072 graphics_flags.cc:903]     extensions: "VK_EXT_robustness2"
assemble_cvd(6072)  D 10-07 06:44:49  6072  6072 graphics_flags.cc:903]     extensions: "VK_EXT_sampler_filter_minmax"
assemble_cvd(6072)  D 10-07 06:44:49  6072  6072 graphics_flags.cc:903]     extensions: "VK_EXT_scalar_block_layout"
assemble_cvd(6072)  D 10-07 06:44:49  6072  6072 graphics_flags.cc:903]     extensions: "VK_EXT_separate_stencil_usage"
assemble_cvd(6072)  D 10-07 06:44:49  6072  6072 graphics_flags.cc:903]     extensions: "VK_EXT_shader_atomic_float"
assemble_cvd(6072)  D 10-07 06:44:49  6072  6072 graphics_flags.cc:903]     extensions: "VK_EXT_shader_atomic_float2"
assemble_cvd(6072)  D 10-07 06:44:49  6072  6072 graphics_flags.cc:903]     extensions: "VK_EXT_shader_demote_to_helper_invocation"
assemble_cvd(6072)  D 10-07 06:44:49  6072  6072 graphics_flags.cc:903]     extensions: "VK_EXT_shader_image_atomic_int64"
assemble_cvd(6072)  D 10-07 06:44:49  6072  6072 graphics_flags.cc:903]     extensions: "VK_EXT_shader_object"
assemble_cvd(6072)  D 10-07 06:44:49  6072  6072 graphics_flags.cc:903]     extensions: "VK_EXT_shader_replicated_composites"
assemble_cvd(6072)  D 10-07 06:44:49  6072  6072 graphics_flags.cc:903]     extensions: "VK_EXT_shader_stencil_export"
assemble_cvd(6072)  D 10-07 06:44:49  6072  6072 graphics_flags.cc:903]     extensions: "VK_EXT_shader_subgroup_ballot"
assemble_cvd(6072)  D 10-07 06:44:49  6072  6072 graphics_flags.cc:903]     extensions: "VK_EXT_shader_subgroup_vote"
assemble_cvd(6072)  D 10-07 06:44:49  6072  6072 graphics_flags.cc:903]     extensions: "VK_EXT_shader_viewport_index_layer"
assemble_cvd(6072)  D 10-07 06:44:49  6072  6072 graphics_flags.cc:903]     extensions: "VK_EXT_subgroup_size_control"
assemble_cvd(6072)  D 10-07 06:44:49  6072  6072 graphics_flags.cc:903]     extensions: "VK_EXT_swapchain_maintenance1"
assemble_cvd(6072)  D 10-07 06:44:49  6072  6072 graphics_flags.cc:903]     extensions: "VK_EXT_texel_buffer_alignment"
assemble_cvd(6072)  D 10-07 06:44:49  6072  6072 graphics_flags.cc:903]     extensions: "VK_EXT_tooling_info"
assemble_cvd(6072)  D 10-07 06:44:49  6072  6072 graphics_flags.cc:903]     extensions: "VK_EXT_transform_feedback"
assemble_cvd(6072)  D 10-07 06:44:49  6072  6072 graphics_flags.cc:903]     extensions: "VK_EXT_vertex_attribute_divisor"
assemble_cvd(6072)  D 10-07 06:44:49  6072  6072 graphics_flags.cc:903]     extensions: "VK_EXT_vertex_input_dynamic_state"
assemble_cvd(6072)  D 10-07 06:44:49  6072  6072 graphics_flags.cc:903]     extensions: "VK_EXT_ycbcr_2plane_444_formats"
assemble_cvd(6072)  D 10-07 06:44:49  6072  6072 graphics_flags.cc:903]     extensions: "VK_EXT_ycbcr_image_arrays"
assemble_cvd(6072)  D 10-07 06:44:49  6072  6072 graphics_flags.cc:903]     extensions: "VK_EXT_zero_initialize_device_memory"
assemble_cvd(6072)  D 10-07 06:44:49  6072  6072 graphics_flags.cc:903]     extensions: "VK_AMDX_shader_enqueue"
assemble_cvd(6072)  D 10-07 06:44:49  6072  6072 graphics_flags.cc:903]     extensions: "VK_ANDROID_external_memory_android_hardware_buffer"
assemble_cvd(6072)  D 10-07 06:44:49  6072  6072 graphics_flags.cc:903]     extensions: "VK_ARM_rasterization_order_attachment_access"
assemble_cvd(6072)  D 10-07 06:44:49  6072  6072 graphics_flags.cc:903]     extensions: "VK_GOOGLE_decorate_string"
assemble_cvd(6072)  D 10-07 06:44:49  6072  6072 graphics_flags.cc:903]     extensions: "VK_GOOGLE_hlsl_functionality1"
assemble_cvd(6072)  D 10-07 06:44:49  6072  6072 graphics_flags.cc:903]     type: TYPE_OTHER
assemble_cvd(6072)  D 10-07 06:44:49  6072  6072 graphics_flags.cc:903]     quirks {
assemble_cvd(6072)  D 10-07 06:44:49  6072  6072 graphics_flags.cc:903]       has_issue_with_precision_qualifiers_on_yuv_samplers: false
assemble_cvd(6072)  D 10-07 06:44:49  6072  6072 graphics_flags.cc:903]       external_memory_host_quirks {
assemble_cvd(6072)  D 10-07 06:44:49  6072  6072 graphics_flags.cc:903]         can_import_shm: true
assemble_cvd(6072)  D 10-07 06:44:49  6072  6072 graphics_flags.cc:903]       }
assemble_cvd(6072)  D 10-07 06:44:49  6072  6072 graphics_flags.cc:903]     }
assemble_cvd(6072)  D 10-07 06:44:49  6072  6072 graphics_flags.cc:903]     queue_families {
assemble_cvd(6072)  D 10-07 06:44:49  6072  6072 graphics_flags.cc:903]       supports_compute: true
assemble_cvd(6072)  D 10-07 06:44:49  6072  6072 graphics_flags.cc:903]       supports_graphics: true
assemble_cvd(6072)  D 10-07 06:44:49  6072  6072 graphics_flags.cc:903]       supports_transfer: true
assemble_cvd(6072)  D 10-07 06:44:49  6072  6072 graphics_flags.cc:903]       queue_count: 1
assemble_cvd(6072)  D 10-07 06:44:49  6072  6072 graphics_flags.cc:903]     }
assemble_cvd(6072)  D 10-07 06:44:49  6072  6072 graphics_flags.cc:903]   }
assemble_cvd(6072)  D 10-07 06:44:49  6072  6072 graphics_flags.cc:903] }
assemble_cvd(6072)  D 10-07 06:44:49  6072  6072 graphics_flags.cc:903] vulkan_loader_available: true
assemble_cvd(6072)  D 10-07 06:44:49  6072  6072 graphics_flags.cc:903] 
assemble_cvd(6072)  D 10-07 06:44:49  6072  6072 network_flags.cpp:60] Network config:
assemble_cvd(6072)  D 10-07 06:44:49  6072  6072 network_flags.cpp:61] ipaddr = 192.168.97.2
assemble_cvd(6072)  D 10-07 06:44:49  6072  6072 network_flags.cpp:62] gateway = 192.168.97.1
assemble_cvd(6072)  D 10-07 06:44:49  6072  6072 network_flags.cpp:63] dns = 8.8.8.8
assemble_cvd(6072)  D 10-07 06:44:49  6072  6072 network_flags.cpp:64] broadcast = 192.168.97.3
assemble_cvd(6072)  D 10-07 06:44:49  6072  6072 network_flags.cpp:65] prefix length = 30
assemble_cvd(6072)  D 10-07 06:44:49  6072  6072 graphics_flags.cc:546] Checking requirements for --gpu_mode=gfxstream_guest_angle_host_swiftshader
assemble_cvd(6072)  D 10-07 06:44:49  6072  6072 graphics_flags.cc:551]   1. PASSED: The guest supports Gfxstream.
assemble_cvd(6072)  D 10-07 06:44:49  6072  6072 graphics_flags.cc:551]   2. PASSED: The host is not ARM64.
assemble_cvd(6072)  D 10-07 06:44:49  6072  6072 graphics_flags.cc:551]   3. PASSED: The host has the Vulkan loader installed and available.
assemble_cvd(6072)  D 10-07 06:44:49  6072  6072 graphics_flags.cc:551]   4. PASSED: The instance is not using the system QEMU.
assemble_cvd(6072)  D 10-07 06:44:49  6072  6072 graphics_flags.cc:656] GPU vhost user auto mode: not needed. Not enabling vhost user gpu.
assemble_cvd(6072)  D 10-07 06:44:49  6072  6072 graphics_flags.cc:415] ANGLE features: 
assemble_cvd(6072)  D 10-07 06:44:49  6072  6072 graphics_flags.cc:415]  - prefer_linear_filtering_for_yuv: false
assemble_cvd(6072)  D 10-07 06:44:49  6072  6072 graphics_flags.cc:415]  - map_unspecified_color_space_to_pass_through: true
assemble_cvd(6072)  D 10-07 06:44:49  6072  6072 graphics_flags.cc:415]  - ignore_precision_qualifiers: false
assemble_cvd(6072)  D 10-07 06:44:49  6072  6072 graphics_flags.cc:415] 
assemble_cvd(6072)  D 10-07 06:44:49  6072  6072 disk_builder.cpp:176] Composite disk text config mismatch
assemble_cvd(6072)  D 10-07 06:44:49  6072  6072 assemble_cvd.cc:228] Trying to resume previous session, but base images have changed.  Wiping overlay files.
assemble_cvd(6072)  D 10-07 06:44:49  6072  6072 clean.cc:162] Prior dirs: /tmp/cf_avd_1001/cvd-1, /tmp/cf_env_1001/env-1, /var/tmp/cvd/1001/1791355487963379/home/cuttlefish/assembly, /var/tmp/cvd/1001/1791355487963379/home/cuttlefish/environments/env-1
assemble_cvd(6072)  D 10-07 06:44:49  6072  6072 clean.cc:163] Prior files: 
assemble_cvd(6072)  D 10-07 06:44:49  6072  6072 clean.cc:100] Checking if prior dirs or files are in use: 
assemble_cvd(6072)  D 10-07 06:44:49  6072  6072 clean.cc:102] /tmp/cf_avd_1001/cvd-1
assemble_cvd(6072)  D 10-07 06:44:49  6072  6072 clean.cc:102] /tmp/cf_env_1001/env-1
assemble_cvd(6072)  D 10-07 06:44:49  6072  6072 clean.cc:102] /var/tmp/cvd/1001/1791355487963379/home/cuttlefish/assembly
assemble_cvd(6072)  D 10-07 06:44:49  6072  6072 clean.cc:102] /var/tmp/cvd/1001/1791355487963379/home/cuttlefish/environments/env-1
assemble_cvd(6072)  D 10-07 06:44:49  6072  6072 clean.cc:62] Deleting: /var/tmp/cvd/1001/1791355487963379/home/cuttlefish/assembly/cuttlefish_config.json
assemble_cvd(6072)  D 10-07 06:44:49  6072  6072 clean.cc:62] Deleting: /var/tmp/cvd/1001/1791355487963379/home/cuttlefish/assembly/assemble_cvd.log
assemble_cvd(6072)  D 10-07 06:44:49  6072  6072 clean.cc:62] Deleting: /tmp/cf_avd_1001/cvd-1/grpc_socket/OpenwrtControlServer.sock
assemble_cvd(6072)  D 10-07 06:44:49  6072  6072 clean.cc:62] Deleting: /tmp/cf_avd_1001/cvd-1/grpc_socket/EchoServer.sock
assemble_cvd(6072)  D 10-07 06:44:49  6072  6072 clean.cc:62] Deleting: /tmp/cf_avd_1001/cvd-1/grpc_socket/WmediumdServer.sock
assemble_cvd(6072)  D 10-07 06:44:49  6072  6072 clean.cc:62] Deleting: /tmp/cf_avd_1001/cvd-1/grpc_socket/ScreenRecordingServer.sock
assemble_cvd(6072)  D 10-07 06:44:49  6072  6072 clean.cc:62] Deleting: /tmp/cf_avd_1001/cvd-1/grpc_socket/ControlEnvProxyServer.sock
assemble_cvd(6072)  D 10-07 06:44:49  6072  6072 clean.cc:62] Deleting: /tmp/cf_avd_1001/cvd-1/grpc_socket/CasimirControlServer.sock
assemble_cvd(6072)  D 10-07 06:44:49  6072  6072 clean.cc:62] Deleting: /tmp/cf_avd_1001/cvd-1/grpc_socket/GnssGrpcProxyServer.sock
assemble_cvd(6072)  D 10-07 06:44:49  6072  6072 clean.cc:62] Deleting: /tmp/cf_avd_1001/cvd-1/launcher_monitor.sock
assemble_cvd(6072)  D 10-07 06:44:49  6072  6072 clean.cc:62] Deleting: /tmp/cf_avd_1001/cvd-1/internal/frames.sock
assemble_cvd(6072)  D 10-07 06:44:49  6072  6072 clean.cc:62] Deleting: /tmp/cf_avd_1001/cvd-1/internal/audio_server.sock
assemble_cvd(6072)  D 10-07 06:44:49  6072  6072 clean.cc:62] Deleting: /tmp/cf_avd_1001/cvd-1/internal/keyboard.sock
assemble_cvd(6072)  D 10-07 06:44:49  6072  6072 clean.cc:62] Deleting: /tmp/cf_avd_1001/cvd-1/internal/confui_sign.sock
assemble_cvd(6072)  D 10-07 06:44:49  6072  6072 clean.cc:62] Deleting: /tmp/cf_avd_1001/cvd-1/internal/rotary.sock
assemble_cvd(6072)  D 10-07 06:44:49  6072  6072 clean.cc:62] Deleting: /tmp/cf_avd_1001/cvd-1/internal/touch_0.sock
assemble_cvd(6072)  D 10-07 06:44:49  6072  6072 clean.cc:62] Deleting: /tmp/cf_avd_1001/cvd-1/internal/switches.sock
assemble_cvd(6072)  D 10-07 06:44:49  6072  6072 clean.cc:62] Deleting: /var/tmp/cvd/1001/1791355487963379/home/cuttlefish/environments/env-1/wmediumd.cfg
assemble_cvd(6072)  D 10-07 06:44:49  6072  6072 clean.cc:62] Deleting: /tmp/cf_env_1001/env-1/casimir_nci.sock
assemble_cvd(6072)  D 10-07 06:44:49  6072  6072 clean.cc:62] Deleting: /tmp/cf_env_1001/env-1/casimir_rf.sock
assemble_cvd(6072)  D 10-07 06:44:49  6072  6072 clean.cc:62] Deleting: /tmp/cf_env_1001/env-1/wmediumd_api_server
assemble_cvd(6072)  D 10-07 06:44:49  6072  6072 clean.cc:62] Deleting: /tmp/cf_env_1001/env-1/vhost_user_mac80211
assemble_cvd(6072)  D 10-07 06:44:49  6072  6072 assemble_cvd.cc:460] Path for instance UDS: /tmp/cf_avd_1001
assemble_cvd(6072)  D 10-07 06:44:49  6072  6072 remove.cc:34] Removing file /var/tmp/cvd/1001/1791355487963379/home/cuttlefish_runtime.1
assemble_cvd(6072)  D 10-07 06:44:49  6072  6072 remove.cc:34] Removing file /var/tmp/cvd/1001/1791355487963379/home/cuttlefish_assembly
assemble_cvd(6072)  D 10-07 06:44:49  6072  6072 create_dynamic_disk_files.cc:119] Found image zip: BuildArchive
assemble_cvd(6072)  D 10-07 06:44:49  6072  6072 data_image.cpp:162] Creating /var/tmp/cvd/1001/1791355487963379/home/cuttlefish/instances/cvd-1/access-kregistry
assemble_cvd(6072)  D 10-07 06:44:49  6072  6072 data_image.cpp:162] Creating /var/tmp/cvd/1001/1791355487963379/home/cuttlefish/instances/cvd-1/internal/hwcomposer-pmem
assemble_cvd(6072)  D 10-07 06:44:49  6072  6072 data_image.cpp:162] Creating /var/tmp/cvd/1001/1791355487963379/home/cuttlefish/instances/cvd-1/pstore
assemble_cvd(6072)  D 10-07 06:44:49  6072  6072 command.cc:323] Started (pid: 6306): /var/tmp/cvd/1001/1791355487963379/artifacts/host_tools/bin/mkfs.fat
assemble_cvd(6072)  D 10-07 06:44:49  6072  6072 command.cc:325] -F
assemble_cvd(6072)  D 10-07 06:44:49  6072  6072 command.cc:325] 32
assemble_cvd(6072)  D 10-07 06:44:49  6072  6072 command.cc:325] -M
assemble_cvd(6072)  D 10-07 06:44:49  6072  6072 command.cc:325] 0xf8
assemble_cvd(6072)  D 10-07 06:44:49  6072  6072 command.cc:325] -h
assemble_cvd(6072)  D 10-07 06:44:49  6072  6072 command.cc:325] 0
assemble_cvd(6072)  D 10-07 06:44:49  6072  6072 command.cc:325] -s
assemble_cvd(6072)  D 10-07 06:44:49  6072  6072 command.cc:325] 8
assemble_cvd(6072)  D 10-07 06:44:49  6072  6072 command.cc:325] -g
assemble_cvd(6072)  D 10-07 06:44:49  6072  6072 command.cc:325] 255/63
assemble_cvd(6072)  D 10-07 06:44:49  6072  6072 command.cc:325] -S
assemble_cvd(6072)  D 10-07 06:44:49  6072  6072 command.cc:325] 512
assemble_cvd(6072)  D 10-07 06:44:49  6072  6072 command.cc:325] --offset=1048576
assemble_cvd(6072)  D 10-07 06:44:49  6072  6072 command.cc:325] /var/tmp/cvd/1001/1791355487963379/home/cuttlefish/instances/cvd-1/sdcard.img
assemble_cvd(6072)  D 10-07 06:44:49  6072  6072 data_image.cpp:207] /var/tmp/cvd/1001/1791355487963379/artifacts/0/userdata.img exists. Not creating it.
assemble_cvd(6072)  D 10-07 06:44:49  6072  6072 data_image.cpp:162] Creating /var/tmp/cvd/1001/1791355487963379/home/cuttlefish/instances/cvd-1/pflash.img
assemble_cvd(6072)  D 10-07 06:44:49  6072  6072 create_dynamic_disk_files.cc:164] Available space: 112389742592
assemble_cvd(6072)  D 10-07 06:44:49  6072  6072 create_dynamic_disk_files.cc:165] Sparse size of "/var/tmp/cvd/1001/1791355487963379/artifacts/0/userdata.img": 8589934592
assemble_cvd(6072)  D 10-07 06:44:49  6072  6072 create_dynamic_disk_files.cc:167] Disk size of "/var/tmp/cvd/1001/1791355487963379/artifacts/0/userdata.img": 44175360
assemble_cvd(6072)  D 10-07 06:44:49  6072  6072 data_image.cpp:162] Creating /var/tmp/cvd/1001/1791355487963379/home/cuttlefish/instances/cvd-1/metadata
assemble_cvd(6072)  D 10-07 06:44:49  6072  6072 data_image.cpp:162] Creating /var/tmp/cvd/1001/1791355487963379/home/cuttlefish/instances/cvd-1/misc
assemble_cvd(6072)  D 10-07 06:44:49  6072  6072 disk_builder.cpp:176] Composite disk text config mismatch
assemble_cvd(6072)  D 10-07 06:44:49  6072  6072 command.cc:323] Started (pid: 6307): /var/tmp/cvd/1001/1791355487963379/artifacts/host_tools/bin/avbtool.py
assemble_cvd(6072)  D 10-07 06:44:49  6072  6072 command.cc:325] add_hash_footer
assemble_cvd(6072)  D 10-07 06:44:49  6072  6072 command.cc:325] --algorithm
assemble_cvd(6072)  D 10-07 06:44:49  6072  6072 command.cc:325] SHA256_RSA4096
assemble_cvd(6072)  D 10-07 06:44:49  6072  6072 command.cc:325] --key
assemble_cvd(6072)  D 10-07 06:44:49  6072  6072 command.cc:325] /var/tmp/cvd/1001/1791355487963379/artifacts/host_tools/etc/cvd_avb_testkey_rsa4096.pem
assemble_cvd(6072)  D 10-07 06:44:49  6072  6072 command.cc:325] --image
assemble_cvd(6072)  D 10-07 06:44:49  6072  6072 command.cc:325] /var/tmp/cvd/1001/1791355487963379/home/cuttlefish/instances/cvd-1/uboot_env.img.tmp
assemble_cvd(6072)  D 10-07 06:44:49  6072  6072 command.cc:325] --partition_name
assemble_cvd(6072)  D 10-07 06:44:49  6072  6072 command.cc:325] uboot_env
assemble_cvd(6072)  D 10-07 06:44:49  6072  6072 command.cc:325] --partition_size
assemble_cvd(6072)  D 10-07 06:44:49  6072  6072 command.cc:325] 73728
assemble_cvd(6072)  D 10-07 06:44:49  6072  6072 boot_config.cc:199] Updated bootloader environment image.
assemble_cvd(6072)  D 10-07 06:44:49  6072  6072 data_image.cpp:162] Creating /var/tmp/cvd/1001/1791355487963379/home/cuttlefish/instances/cvd-1/internal/factory_reset_protected.img
assemble_cvd(6072)  D 10-07 06:44:49  6072  6072 data_image.cpp:162] Creating /var/tmp/cvd/1001/1791355487963379/home/cuttlefish/instances/cvd-1/internal/bootconfig
assemble_cvd(6072)  D 10-07 06:44:49  6072  6072 bootconfig_args.cpp:428] Parsing extra_bootconfig_args of size:0; Contents: 
assemble_cvd(6072)  D 10-07 06:44:49  6072  6072 generate_persistent_bootconfig.cpp:99] bootconfig size is 2102
assemble_cvd(6072)  D 10-07 06:44:49  6072  6072 generate_persistent_bootconfig.cpp:103] Bootconfig parameters from vendor boot image and config are androidboot.vendor.apex.com.google.emulated.camera.provider.hal=com.google.emulated.camera.provider.hal
assemble_cvd(6072)  D 10-07 06:44:49  6072  6072 generate_persistent_bootconfig.cpp:103] androidboot.wifi_impl=mac80211_hwsim_virtio
assemble_cvd(6072)  D 10-07 06:44:49  6072  6072 generate_persistent_bootconfig.cpp:103] androidboot.auto_eth_guest_addr=192.168.98.3
assemble_cvd(6072)  D 10-07 06:44:49  6072  6072 generate_persistent_bootconfig.cpp:103] androidboot.vhal_proxy_server_port=9300
assemble_cvd(6072)  D 10-07 06:44:49  6072  6072 generate_persistent_bootconfig.cpp:103] androidboot.vendor.apex.com.android.hardware.weaver=none
assemble_cvd(6072)  D 10-07 06:44:49  6072  6072 generate_persistent_bootconfig.cpp:103] androidboot.vendor.apex.com.android.hardware.strongbox=none
assemble_cvd(6072)  D 10-07 06:44:49  6072  6072 generate_persistent_bootconfig.cpp:103] androidboot.vendor.apex.com.android.hardware.secure_element=com.android.hardware.secure_element
assemble_cvd(6072)  D 10-07 06:44:49  6072  6072 generate_persistent_bootconfig.cpp:103] androidboot.vendor.apex.com.android.hardware.gatekeeper=com.android.hardware.gatekeeper.nonsecure
assemble_cvd(6072)  D 10-07 06:44:49  6072  6072 generate_persistent_bootconfig.cpp:103] androidboot.vendor.apex.com.android.hardware.keymint=com.android.hardware.keymint.rust_nonsecure
assemble_cvd(6072)  D 10-07 06:44:49  6072  6072 generate_persistent_bootconfig.cpp:103] androidboot.hw_timeout_multiplier=3
assemble_cvd(6072)  D 10-07 06:44:49  6072  6072 generate_persistent_bootconfig.cpp:103] androidboot.vendor.apex.com.android.hardware.graphics.composer=com.android.hardware.graphics.composer.ranchu
assemble_cvd(6072)  D 10-07 06:44:49  6072  6072 generate_persistent_bootconfig.cpp:103] androidboot.fstab_suffix=cf.f2fs.hctr2
assemble_cvd(6072)  D 10-07 06:44:49  6072  6072 generate_persistent_bootconfig.cpp:103] androidboot.hypervisor.protected_vm.supported=0
assemble_cvd(6072)  D 10-07 06:44:49  6072  6072 generate_persistent_bootconfig.cpp:103] androidboot.modem_simulator_ports=9600
assemble_cvd(6072)  D 10-07 06:44:49  6072  6072 generate_persistent_bootconfig.cpp:103] androidboot.vsock_lights_port=6900
assemble_cvd(6072)  D 10-07 06:44:49  6072  6072 generate_persistent_bootconfig.cpp:103] androidboot.lcd_density=280
assemble_cvd(6072)  D 10-07 06:44:49  6072  6072 generate_persistent_bootconfig.cpp:103] androidboot.vendor.audiocontrol.server.port=9410
assemble_cvd(6072)  D 10-07 06:44:49  6072  6072 generate_persistent_bootconfig.cpp:103] androidboot.enable_confirmationui=1
assemble_cvd(6072)  D 10-07 06:44:49  6072  6072 generate_persistent_bootconfig.cpp:103] androidboot.vendor.audiocontrol.server.cid=3
assemble_cvd(6072)  D 10-07 06:44:49  6072  6072 generate_persistent_bootconfig.cpp:103] androidboot.openthread_node_id=1
assemble_cvd(6072)  D 10-07 06:44:49  6072  6072 generate_persistent_bootconfig.cpp:103] androidboot.hypervisor.vm.supported=1
assemble_cvd(6072)  D 10-07 06:44:49  6072  6072 generate_persistent_bootconfig.cpp:103] androidboot.serialno=CUTTLEFISHCVD01
assemble_cvd(6072)  D 10-07 06:44:49  6072  6072 generate_persistent_bootconfig.cpp:103] androidboot.setupwizard_mode=DISABLED
assemble_cvd(6072)  D 10-07 06:44:49  6072  6072 generate_persistent_bootconfig.cpp:103] androidboot.ddr_size=4915MB
assemble_cvd(6072)  D 10-07 06:44:49  6072  6072 generate_persistent_bootconfig.cpp:103] androidboot.cpuvulkan.version=0
assemble_cvd(6072)  D 10-07 06:44:49  6072  6072 generate_persistent_bootconfig.cpp:103] androidboot.enable_bootanimation=1
assemble_cvd(6072)  D 10-07 06:44:49  6072  6072 generate_persistent_bootconfig.cpp:103] androidboot.hardware.hwcomposer.display_finder_mode=drm
assemble_cvd(6072)  D 10-07 06:44:49  6072  6072 generate_persistent_bootconfig.cpp:103] androidboot.vsock_lights_cid=3
assemble_cvd(6072)  D 10-07 06:44:49  6072  6072 generate_persistent_bootconfig.cpp:103] androidboot.hardware.gralloc=minigbm
assemble_cvd(6072)  D 10-07 06:44:49  6072  6072 generate_persistent_bootconfig.cpp:103] androidboot.hypervisor.version=cf-crosvm
assemble_cvd(6072)  D 10-07 06:44:49  6072  6072 generate_persistent_bootconfig.cpp:103] androidboot.hardware.vulkan=ranchu
assemble_cvd(6072)  D 10-07 06:44:49  6072  6072 generate_persistent_bootconfig.cpp:103] androidboot.hardware.angle_feature_overrides_enabled=mapUnspecifiedColorSpaceToPassThrough
assemble_cvd(6072)  D 10-07 06:44:49  6072  6072 generate_persistent_bootconfig.cpp:103] androidboot.hardware.egl=angle
assemble_cvd(6072)  D 10-07 06:44:49  6072  6072 generate_persistent_bootconfig.cpp:103] androidboot.boot_devices=pci0000:00/0000:00:13.0,pci0000:00/0000:00:14.0
assemble_cvd(6072)  D 10-07 06:44:49  6072  6072 generate_persistent_bootconfig.cpp:103] androidboot.opengles.version=196609
assemble_cvd(6072)  D 10-07 06:44:49  6072  6072 generate_persistent_bootconfig.cpp:103] androidboot.wifi_mac_prefix=5554
assemble_cvd(6072)  D 10-07 06:44:49  6072  6072 generate_persistent_bootconfig.cpp:103] androidboot.vsock_tombstone_port=6600
assemble_cvd(6072)  D 10-07 06:44:49  6072  6072 generate_persistent_bootconfig.cpp:103] androidboot.hardware.hwcomposer=ranchu
assemble_cvd(6072)  D 10-07 06:44:49  6072  6072 generate_persistent_bootconfig.cpp:103] androidboot.hardware.hwcomposer.display_framebuffer_format=rgba
assemble_cvd(6072)  D 10-07 06:44:49  6072  6072 generate_persistent_bootconfig.cpp:103] androidboot.hardware.gltransport=virtio-gpu-asg
assemble_cvd(6072)  D 10-07 06:44:49  6072  6072 generate_persistent_bootconfig.cpp:103] androidboot.hardware.angle_feature_overrides_disabled=exposeES32ForTesting
assemble_cvd(6072)  D 10-07 06:44:49  6072  6072 generate_persistent_bootconfig.cpp:103] androidboot.serialconsole=0
assemble_cvd(6072)  D 10-07 06:44:49  6072  6072 generate_persistent_bootconfig.cpp:103] 
assemble_cvd(6072)  D 10-07 06:44:49  6072  6072 command.cc:323] Started (pid: 6311): /var/tmp/cvd/1001/1791355487963379/artifacts/host_tools/bin/avbtool.py
assemble_cvd(6072)  D 10-07 06:44:49  6072  6072 command.cc:325] add_hash_footer
assemble_cvd(6072)  D 10-07 06:44:49  6072  6072 command.cc:325] --algorithm
assemble_cvd(6072)  D 10-07 06:44:49  6072  6072 command.cc:325] SHA256_RSA4096
assemble_cvd(6072)  D 10-07 06:44:49  6072  6072 command.cc:325] --key
assemble_cvd(6072)  D 10-07 06:44:49  6072  6072 command.cc:325] /var/tmp/cvd/1001/1791355487963379/artifacts/host_tools/etc/cvd_avb_testkey_rsa4096.pem
assemble_cvd(6072)  D 10-07 06:44:49  6072  6072 command.cc:325] --image
assemble_cvd(6072)  D 10-07 06:44:49  6072  6072 command.cc:325] /var/tmp/cvd/1001/1791355487963379/home/cuttlefish/instances/cvd-1/internal/bootconfig
assemble_cvd(6072)  D 10-07 06:44:49  6072  6072 command.cc:325] --partition_name
assemble_cvd(6072)  D 10-07 06:44:49  6072  6072 command.cc:325] bootconfig
assemble_cvd(6072)  D 10-07 06:44:49  6072  6072 command.cc:325] --partition_size
assemble_cvd(6072)  D 10-07 06:44:49  6072  6072 command.cc:325] 73728
assemble_cvd(6072)  D 10-07 06:44:49  6072  6072 command.cc:323] Started (pid: 6315): /var/tmp/cvd/1001/1791355487963379/artifacts/host_tools/bin/avbtool.py
assemble_cvd(6072)  D 10-07 06:44:49  6072  6072 command.cc:325] make_vbmeta_image
assemble_cvd(6072)  D 10-07 06:44:49  6072  6072 command.cc:325] --algorithm
assemble_cvd(6072)  D 10-07 06:44:49  6072  6072 command.cc:325] SHA256_RSA4096
assemble_cvd(6072)  D 10-07 06:44:49  6072  6072 command.cc:325] --key
assemble_cvd(6072)  D 10-07 06:44:49  6072  6072 command.cc:325] /var/tmp/cvd/1001/1791355487963379/artifacts/host_tools/etc/cvd_avb_testkey_rsa4096.pem
assemble_cvd(6072)  D 10-07 06:44:49  6072  6072 command.cc:325] --output
assemble_cvd(6072)  D 10-07 06:44:49  6072  6072 command.cc:325] /var/tmp/cvd/1001/1791355487963379/home/cuttlefish/instances/cvd-1/persistent_vbmeta.img
assemble_cvd(6072)  D 10-07 06:44:49  6072  6072 command.cc:325] --chain_partition
assemble_cvd(6072)  D 10-07 06:44:49  6072  6072 command.cc:325] uboot_env:1:/var/tmp/cvd/1001/1791355487963379/artifacts/host_tools/etc/cvd_rsa4096.avbpubkey
assemble_cvd(6072)  D 10-07 06:44:49  6072  6072 command.cc:325] --chain_partition
assemble_cvd(6072)  D 10-07 06:44:49  6072  6072 command.cc:325] bootconfig:2:/var/tmp/cvd/1001/1791355487963379/artifacts/host_tools/etc/cvd_rsa4096.avbpubkey
assemble_cvd(6072)  D 10-07 06:44:49  6072  6072 disk_builder.cpp:176] Composite disk text config mismatch
assemble_cvd(6072)  D 10-07 06:44:49  6072  6072 disk_builder.cpp:176] Composite disk text config mismatch
assemble_cvd(6072)  D 10-07 06:44:49  6072  6072 data_image.cpp:162] Creating /var/tmp/cvd/1001/1791355487963379/home/cuttlefish/instances/cvd-1/access-kregistry
assemble_cvd(6072)  D 10-07 06:44:49  6072  6072 data_image.cpp:162] Creating /var/tmp/cvd/1001/1791355487963379/home/cuttlefish/instances/cvd-1/internal/hwcomposer-pmem
assemble_cvd(6072)  D 10-07 06:44:49  6072  6072 data_image.cpp:162] Creating /var/tmp/cvd/1001/1791355487963379/home/cuttlefish/instances/cvd-1/pstore
assemble_cvd(6072)  D 10-07 06:44:49  6072  6072 disk_builder.cpp:249] No prior overlay
assemble_cvd(6072)  D 10-07 06:44:49  6072  6072 command.cc:323] Started (pid: 6321): /var/tmp/cvd/1001/1791355487963379/artifacts/host_tools/bin/crosvm
assemble_cvd(6072)  D 10-07 06:44:49  6072  6072 command.cc:325] create_qcow2
assemble_cvd(6072)  D 10-07 06:44:49  6072  6072 command.cc:325] --backing-file
assemble_cvd(6072)  D 10-07 06:44:49  6072  6072 command.cc:325] /var/tmp/cvd/1001/1791355487963379/home/cuttlefish/instances/cvd-1/os_composite.img
assemble_cvd(6072)  D 10-07 06:44:49  6072  6072 command.cc:325] /var/tmp/cvd/1001/1791355487963379/home/cuttlefish/instances/cvd-1/overlay.img
assemble_cvd(6072)  D 10-07 06:44:49  6072  6072 managed_stdio.cc:153] Ran /var/tmp/cvd/1001/1791355487963379/artifacts/host_tools/bin/crosvm with stdout:
assemble_cvd(6072)  D 10-07 06:44:49  6072  6072 managed_stdio.cc:153] 
assemble_cvd(6072)  D 10-07 06:44:49  6072  6072 managed_stdio.cc:154] Ran /var/tmp/cvd/1001/1791355487963379/artifacts/host_tools/bin/crosvm with stderr:
assemble_cvd(6072)  D 10-07 06:44:49  6072  6072 managed_stdio.cc:154] [2026-10-07T06:44:49.496650084+00:00 INFO  disk] disk size 1706
assemble_cvd(6072)  D 10-07 06:44:49  6072  6072 managed_stdio.cc:154] [2026-10-07T06:44:49.496757905+00:00 INFO  disk] disk size 20480
assemble_cvd(6072)  D 10-07 06:44:49  6072  6072 managed_stdio.cc:154] [2026-10-07T06:44:49.496789173+00:00 INFO  disk] disk size 67108864
assemble_cvd(6072)  D 10-07 06:44:49  6072  6072 managed_stdio.cc:154] [2026-10-07T06:44:49.496812867+00:00 INFO  disk] disk size 67108864
assemble_cvd(6072)  D 10-07 06:44:49  6072  6072 managed_stdio.cc:154] [2026-10-07T06:44:49.496837153+00:00 INFO  disk] disk size 1048576
assemble_cvd(6072)  D 10-07 06:44:49  6072  6072 managed_stdio.cc:154] [2026-10-07T06:44:49.496860075+00:00 INFO  disk] disk size 8388608
assemble_cvd(6072)  D 10-07 06:44:49  6072  6072 managed_stdio.cc:154] [2026-10-07T06:44:49.496881135+00:00 INFO  disk] disk size 8388608
assemble_cvd(6072)  D 10-07 06:44:49  6072  6072 managed_stdio.cc:154] [2026-10-07T06:44:49.496903336+00:00 INFO  disk] disk size 67108864
assemble_cvd(6072)  D 10-07 06:44:49  6072  6072 managed_stdio.cc:154] [2026-10-07T06:44:49.496925708+00:00 INFO  disk] disk size 1048576
assemble_cvd(6072)  D 10-07 06:44:49  6072  6072 managed_stdio.cc:154] [2026-10-07T06:44:49.496946637+00:00 INFO  disk] disk size 8589934592
assemble_cvd(6072)  D 10-07 06:44:49  6072  6072 managed_stdio.cc:154] [2026-10-07T06:44:49.496968969+00:00 INFO  disk] disk size 8589934592
assemble_cvd(6072)  D 10-07 06:44:49  6072  6072 managed_stdio.cc:154] [2026-10-07T06:44:49.496990950+00:00 INFO  disk] disk size 65536
assemble_cvd(6072)  D 10-07 06:44:49  6072  6072 managed_stdio.cc:154] [2026-10-07T06:44:49.497011849+00:00 INFO  disk] disk size 65536
assemble_cvd(6072)  D 10-07 06:44:49  6072  6072 managed_stdio.cc:154] [2026-10-07T06:44:49.497033569+00:00 INFO  disk] disk size 65536
assemble_cvd(6072)  D 10-07 06:44:49  6072  6072 managed_stdio.cc:154] [2026-10-07T06:44:49.497051603+00:00 INFO  disk] disk size 65536
assemble_cvd(6072)  D 10-07 06:44:49  6072  6072 managed_stdio.cc:154] [2026-10-07T06:44:49.497072712+00:00 INFO  disk] disk size 65536
assemble_cvd(6072)  D 10-07 06:44:49  6072  6072 managed_stdio.cc:154] [2026-10-07T06:44:49.497089874+00:00 INFO  disk] disk size 65536
assemble_cvd(6072)  D 10-07 06:44:49  6072  6072 managed_stdio.cc:154] [2026-10-07T06:44:49.497108730+00:00 INFO  disk] disk size 65536
assemble_cvd(6072)  D 10-07 06:44:49  6072  6072 managed_stdio.cc:154] [2026-10-07T06:44:49.497132314+00:00 INFO  disk] disk size 65536
assemble_cvd(6072)  D 10-07 06:44:49  6072  6072 managed_stdio.cc:154] [2026-10-07T06:44:49.497157320+00:00 INFO  disk] disk size 33863680
assemble_cvd(6072)  D 10-07 06:44:49  6072  6072 managed_stdio.cc:154] [2026-10-07T06:44:49.497177227+00:00 INFO  disk] disk size 20480
assemble_cvd(6072)  D 10-07 06:44:49  6072  6072 managed_stdio.cc:154] [2026-10-07T06:44:49.497195512+00:00 INFO  disk] disk size 33863680
assemble_cvd(6072)  D 10-07 06:44:49  6072  6072 managed_stdio.cc:154] [2026-10-07T06:44:49.497213916+00:00 INFO  disk] disk size 20480
assemble_cvd(6072)  D 10-07 06:44:49  6072  6072 managed_stdio.cc:154] [2026-10-07T06:44:49.497232591+00:00 INFO  disk] disk size 77824
assemble_cvd(6072)  D 10-07 06:44:49  6072  6072 managed_stdio.cc:154] [2026-10-07T06:44:49.497399873+00:00 INFO  disk] disk size 20480
assemble_cvd(6072)  D 10-07 06:44:49  6072  6072 managed_stdio.cc:154] [2026-10-07T06:44:49.497427244+00:00 INFO  disk] disk size 67108864
assemble_cvd(6072)  D 10-07 06:44:49  6072  6072 managed_stdio.cc:154] [2026-10-07T06:44:49.497447832+00:00 INFO  disk] disk size 67108864
assemble_cvd(6072)  D 10-07 06:44:49  6072  6072 managed_stdio.cc:154] [2026-10-07T06:44:49.497464724+00:00 INFO  disk] disk size 1048576
assemble_cvd(6072)  D 10-07 06:44:49  6072  6072 managed_stdio.cc:154] [2026-10-07T06:44:49.497488258+00:00 INFO  disk] disk size 8388608
assemble_cvd(6072)  D 10-07 06:44:49  6072  6072 managed_stdio.cc:154] [2026-10-07T06:44:49.497520799+00:00 INFO  disk] disk size 8388608
assemble_cvd(6072)  D 10-07 06:44:49  6072  6072 managed_stdio.cc:154] [2026-10-07T06:44:49.497544212+00:00 INFO  disk] disk size 67108864
assemble_cvd(6072)  D 10-07 06:44:49  6072  6072 managed_stdio.cc:154] [2026-10-07T06:44:49.497566544+00:00 INFO  disk] disk size 1048576
assemble_cvd(6072)  D 10-07 06:44:49  6072  6072 managed_stdio.cc:154] [2026-10-07T06:44:49.497586661+00:00 INFO  disk] disk size 8589934592
assemble_cvd(6072)  D 10-07 06:44:49  6072  6072 managed_stdio.cc:154] [2026-10-07T06:44:49.497609634+00:00 INFO  disk] disk size 8589934592
assemble_cvd(6072)  D 10-07 06:44:49  6072  6072 managed_stdio.cc:154] [2026-10-07T06:44:49.497626826+00:00 INFO  disk] disk size 65536
assemble_cvd(6072)  D 10-07 06:44:49  6072  6072 managed_stdio.cc:154] [2026-10-07T06:44:49.497649949+00:00 INFO  disk] disk size 65536
assemble_cvd(6072)  D 10-07 06:44:49  6072  6072 managed_stdio.cc:154] [2026-10-07T06:44:49.497671369+00:00 INFO  disk] disk size 65536
assemble_cvd(6072)  D 10-07 06:44:49  6072  6072 managed_stdio.cc:154] [2026-10-07T06:44:49.497690585+00:00 INFO  disk] disk size 65536
assemble_cvd(6072)  D 10-07 06:44:49  6072  6072 managed_stdio.cc:154] [2026-10-07T06:44:49.497712185+00:00 INFO  disk] disk size 65536
assemble_cvd(6072)  D 10-07 06:44:49  6072  6072 managed_stdio.cc:154] [2026-10-07T06:44:49.497755657+00:00 INFO  disk] disk size 65536
assemble_cvd(6072)  D 10-07 06:44:49  6072  6072 managed_stdio.cc:154] [2026-10-07T06:44:49.497779932+00:00 INFO  disk] disk size 65536
assemble_cvd(6072)  D 10-07 06:44:49  6072  6072 managed_stdio.cc:154] [2026-10-07T06:44:49.497801532+00:00 INFO  disk] disk size 65536
assemble_cvd(6072)  D 10-07 06:44:49  6072  6072 managed_stdio.cc:154] [2026-10-07T06:44:49.497823463+00:00 INFO  disk] disk size 33863680
assemble_cvd(6072)  D 10-07 06:44:49  6072  6072 managed_stdio.cc:154] [2026-10-07T06:44:49.497842288+00:00 INFO  disk] disk size 20480
assemble_cvd(6072)  D 10-07 06:44:49  6072  6072 managed_stdio.cc:154] [2026-10-07T06:44:49.497864550+00:00 INFO  disk] disk size 33863680
assemble_cvd(6072)  D 10-07 06:44:49  6072  6072 managed_stdio.cc:154] [2026-10-07T06:44:49.497883044+00:00 INFO  disk] disk size 20480
assemble_cvd(6072)  D 10-07 06:44:49  6072  6072 managed_stdio.cc:154] [2026-10-07T06:44:49.497905987+00:00 INFO  disk] disk size 77824
assemble_cvd(6072)  D 10-07 06:44:49  6072  6072 managed_stdio.cc:154] [2026-10-07T06:44:49.499240571+00:00 INFO  crosvm__bin] exiting with success
assemble_cvd(6072)  D 10-07 06:44:49  6072  6072 managed_stdio.cc:154] 
assemble_cvd(6072)  D 10-07 06:44:49  6072  6072 disk_builder.cpp:249] No prior overlay
assemble_cvd(6072)  D 10-07 06:44:49  6072  6072 command.cc:323] Started (pid: 6324): /var/tmp/cvd/1001/1791355487963379/artifacts/host_tools/bin/crosvm
assemble_cvd(6072)  D 10-07 06:44:49  6072  6072 command.cc:325] create_qcow2
assemble_cvd(6072)  D 10-07 06:44:49  6072  6072 command.cc:325] --backing-file
assemble_cvd(6072)  D 10-07 06:44:49  6072  6072 command.cc:325] /var/tmp/cvd/1001/1791355487963379/home/cuttlefish/instances/cvd-1/ap_composite.img
assemble_cvd(6072)  D 10-07 06:44:49  6072  6072 command.cc:325] /var/tmp/cvd/1001/1791355487963379/home/cuttlefish/instances/cvd-1/ap_overlay.img
assemble_cvd(6072)  D 10-07 06:44:49  6072  6072 managed_stdio.cc:153] Ran /var/tmp/cvd/1001/1791355487963379/artifacts/host_tools/bin/crosvm with stdout:
assemble_cvd(6072)  D 10-07 06:44:49  6072  6072 managed_stdio.cc:153] 
assemble_cvd(6072)  D 10-07 06:44:49  6072  6072 managed_stdio.cc:154] Ran /var/tmp/cvd/1001/1791355487963379/artifacts/host_tools/bin/crosvm with stderr:
assemble_cvd(6072)  D 10-07 06:44:49  6072  6072 managed_stdio.cc:154] [2026-10-07T06:44:49.504875713+00:00 INFO  disk] disk size 327
assemble_cvd(6072)  D 10-07 06:44:49  6072  6072 managed_stdio.cc:154] [2026-10-07T06:44:49.504945643+00:00 INFO  disk] disk size 20480
assemble_cvd(6072)  D 10-07 06:44:49  6072  6072 managed_stdio.cc:154] [2026-10-07T06:44:49.504975579+00:00 INFO  disk] disk size 139067392
assemble_cvd(6072)  D 10-07 06:44:49  6072  6072 managed_stdio.cc:154] [2026-10-07T06:44:49.505001057+00:00 INFO  disk] disk size 45056
assemble_cvd(6072)  D 10-07 06:44:49  6072  6072 managed_stdio.cc:154] [2026-10-07T06:44:49.505103869+00:00 INFO  disk] disk size 20480
assemble_cvd(6072)  D 10-07 06:44:49  6072  6072 managed_stdio.cc:154] [2026-10-07T06:44:49.505133745+00:00 INFO  disk] disk size 139067392
assemble_cvd(6072)  D 10-07 06:44:49  6072  6072 managed_stdio.cc:154] [2026-10-07T06:44:49.505160014+00:00 INFO  disk] disk size 45056
assemble_cvd(6072)  D 10-07 06:44:49  6072  6072 managed_stdio.cc:154] [2026-10-07T06:44:49.506777001+00:00 INFO  crosvm__bin] exiting with success
assemble_cvd(6072)  D 10-07 06:44:49  6072  6072 managed_stdio.cc:154] 
run_cvd(6325)  D 10-07 06:44:49  6325  6325 command.cc:323] Started (pid: 6326): /usr/lib/cuttlefish-common/bin/capability_query.py
run_cvd(6325)  D 10-07 06:44:49  6325  6325 command.cc:325] qemu_cli
run_cvd(6325)  I 10-07 06:44:49  6325  6325 reporting.cpp:37]   Run `cvd logs` to report paths to device logs.
run_cvd(6325)  I 10-07 06:44:49  6325  6325 reporting.cpp:44]   Point your browser to https://localhost:8443 to interact with the device.
run_cvd(6325)  I 10-07 06:44:49  6325  6325 reporting.cpp:44]   Serial console is disabled; use -console=true to enable it.
run_cvd(6325)  I 10-07 06:44:49  6325  6325 reporting.cpp:44]   Launcher Build ID: 9bb9c72329cedcb436bb75afc05c24d73fbcdf5d
run_cvd(6325)  D 10-07 06:44:49  6325  6325 feature.cpp:52] Running setup for VirtualMachineManager
run_cvd(6325)  D 10-07 06:44:49  6325  6325 feature.cpp:52] Running setup for OpenWrt
run_cvd(6325)  D 10-07 06:44:49  6325  6325 feature.cpp:52] Running setup for cuttlefish::ValidateTapDevices
run_cvd(6325)  D 10-07 06:44:49  6325  6325 feature.cpp:52] Running setup for KernelLogMonitor
run_cvd(6325)  D 10-07 06:44:49  6325  6325 feature.cpp:52] Running setup for cuttlefish::SensorsSocketPair::Create
run_cvd(6325)  D 10-07 06:44:49  6325  6325 feature.cpp:52] Running setup for cuttlefish::SensorsSimulator
run_cvd(6325)  D 10-07 06:44:49  6325  6325 feature.cpp:52] Running setup for Netsim
run_cvd(6325)  D 10-07 06:44:49  6325  6325 feature.cpp:52] Running setup for cuttlefish::Casimir
run_cvd(6325)  D 10-07 06:44:49  6325  6325 feature.cpp:52] Running setup for OpenwrtControlServer
run_cvd(6325)  D 10-07 06:44:49  6325  6325 feature.cpp:52] Running setup for cuttlefish::EchoServer
run_cvd(6325)  D 10-07 06:44:49  6325  6325 feature.cpp:52] Running setup for cuttlefish::ConsoleForwarder
run_cvd(6325)  D 10-07 06:44:49  6325  6325 feature.cpp:52] Running setup for WebRtcController
run_cvd(6325)  D 10-07 06:44:49  6325  6325 webrtc_controller.cpp:49] Initializing the WebRTC command sockets.
run_cvd(6325)  D 10-07 06:44:49  6325  6325 feature.cpp:52] Running setup for VhostInputDevices
run_cvd(6325)  D 10-07 06:44:49  6325  6325 feature.cpp:52] Running setup for StreamerSockets
run_cvd(6325)  D 10-07 06:44:49  6325  6325 feature.cpp:52] Running setup for WebRtcServer
run_cvd(6325)  D 10-07 06:44:49  6325  6325 feature.cpp:52] Running setup for cuttlefish::GnssGrpcProxyServer
run_cvd(6325)  D 10-07 06:44:49  6325  6325 feature.cpp:52] Running setup for AdbConnector
run_cvd(6325)  D 10-07 06:44:49  6325  6325 feature.cpp:52] Running setup for cuttlefish::NfcConnector
run_cvd(6325)  D 10-07 06:44:49  6325  6325 feature.cpp:52] Running setup for cuttlefish::BluetoothConnector
run_cvd(6325)  D 10-07 06:44:49  6325  6325 feature.cpp:52] Running setup for cuttlefish::SnapshotControlFiles::Create
run_cvd(6325)  D 10-07 06:44:49  6325  6325 feature.cpp:52] Running setup for FastbootProxy
run_cvd(6325)  D 10-07 06:44:49  6325  6325 feature.cpp:52] Running setup for cuttlefish::SecureEnv
run_cvd(6325)  D 10-07 06:44:49  6325  6325 feature.cpp:52] Running setup for SocketVsockProxy
run_cvd(6325)  D 10-07 06:44:49  6325  6325 feature.cpp:52] Running setup for cuttlefish::ScreenRecordingServer
run_cvd(6325)  D 10-07 06:44:49  6325  6325 feature.cpp:52] Running setup for cuttlefish::ValidateHostConfiguration
run_cvd(6325)  D 10-07 06:44:49  6325  6325 feature.cpp:52] Running setup for cuttlefish::VhalProxyServer
run_cvd(6325)  D 10-07 06:44:49  6325  6325 feature.cpp:52] Running setup for cuttlefish::CasimirControlServer
run_cvd(6325)  D 10-07 06:44:49  6325  6325 feature.cpp:52] Running setup for ControlEnvProxyServer
run_cvd(6325)  D 10-07 06:44:49  6325  6325 feature.cpp:52] Running setup for cuttlefish::ModemSimulator
run_cvd(6325)  D 10-07 06:44:49  6325  6325 feature.cpp:52] Running setup for cuttlefish::(anonymous namespace)::ProcessLeader
run_cvd(6328)  D 10-07 06:44:49  6328  6328 feature.cpp:52] Running setup for CvdBootStateMachine
run_cvd(6328)  D 10-07 06:44:49  6328  6328 feature.cpp:52] Running setup for ServerLoop
run_cvd(6328)  I 10-07 06:44:49  6328  6330 boot_state_machine.cc:573] TimeoutThreadLoop: waiting for 10m
run_cvd(6328)  D 10-07 06:44:49  6328  6328 feature.cpp:52] Running setup for cuttlefish::UwbConnector
run_cvd(6328)  D 10-07 06:44:49  6328  6328 feature.cpp:52] Running setup for WmediumdServer
run_cvd(6328)  D 10-07 06:44:49  6328  6328 command.cc:323] Started (pid: 6331): /var/tmp/cvd/1001/1791355487963379/artifacts/host_tools/bin/wmediumd_gen_config
run_cvd(6328)  D 10-07 06:44:49  6328  6328 command.cc:325] -o/var/tmp/cvd/1001/1791355487963379/home/cuttlefish/environments/env-1/wmediumd.cfg
run_cvd(6328)  D 10-07 06:44:49  6328  6328 command.cc:325] -p5554
run_cvd(6328)  D 10-07 06:44:49  6328  6328 feature.cpp:52] Running setup for cuttlefish::ValidateHostKernel
run_cvd(6328)  D 10-07 06:44:49  6328  6328 validate.cpp:105] uts.sysname = "Linux"
run_cvd(6328)  D 10-07 06:44:49  6328  6328 validate.cpp:106] uts.nodename = "runnervmmprz5"
run_cvd(6328)  D 10-07 06:44:49  6328  6328 validate.cpp:107] uts.release = "6.17.0-1022-azure"
run_cvd(6328)  D 10-07 06:44:49  6328  6328 validate.cpp:108] uts.version = "#22-Ubuntu SMP Mon Jul 27 17:24:03 UTC 2026"
run_cvd(6328)  D 10-07 06:44:49  6328  6328 validate.cpp:109] uts.machine = "x86_64"
run_cvd(6328)  D 10-07 06:44:49  6328  6328 validate.cpp:111] uts.domainname = "(none)"
run_cvd(6328)  D 10-07 06:44:49  6328  6328 feature.cpp:52] Running setup for cuttlefish::TombstoneReceiver
run_cvd(6328)  D 10-07 06:44:49  6328  6328 tombstone_receiver.cpp:41] Setting up /var/tmp/cvd/1001/1791355487963379/home/cuttlefish/instances/cvd-1/tombstones
run_cvd(6328)  D 10-07 06:44:49  6328  6328 feature.cpp:52] Running setup for cuttlefish::Pica
run_cvd(6328)  D 10-07 06:44:49  6328  6328 feature.cpp:52] Running setup for cuttlefish::LogcatReceiver
run_cvd(6328)  D 10-07 06:44:49  6328  6328 feature.cpp:52] Running setup for cuttlefish::AutomotiveProxyService
run_cvd(6328)  D 10-07 06:44:49  6328  6328 open_wrt.cpp:96] Restart OpenWRT due to hostapd issue
run_cvd(6328)  D 10-07 06:44:49  6332  6332 process_monitor.cc:440] Monitoring subprocesses
run_cvd(6328)  D 10-07 06:44:49  6332  6332 process_monitor.cc:258] Starting monitored subprocesses
run_cvd(6328)  I 10-07 06:44:49  6332  6332 process_monitor.cc:260] Starting monitored subprocess: /var/tmp/cvd/1001/1791355487963379/artifacts/host_tools/bin/modem_simulator
run_cvd(6328)  D 10-07 06:44:49  6332  6332 command.cc:323] Started (pid: 6333): /var/tmp/cvd/1001/1791355487963379/artifacts/host_tools/bin/modem_simulator
run_cvd(6328)  D 10-07 06:44:49  6332  6332 command.cc:325] -sim_type=1
run_cvd(6328)  D 10-07 06:44:49  6332  6332 command.cc:325] -server_fds=103
run_cvd(6328)  I 10-07 06:44:49  6332  6332 process_monitor.cc:260] Starting monitored subprocess: /var/tmp/cvd/1001/1791355487963379/artifacts/host_tools/bin/tombstone_receiver
run_cvd(6328)  D 10-07 06:44:49  6332  6332 command.cc:323] Started (pid: 6334): /var/tmp/cvd/1001/1791355487963379/artifacts/host_tools/bin/tombstone_receiver
run_cvd(6328)  D 10-07 06:44:49  6332  6332 command.cc:325] -server_fd=108
run_cvd(6328)  D 10-07 06:44:49  6332  6332 command.cc:325] -tombstone_dir=/var/tmp/cvd/1001/1791355487963379/home/cuttlefish/instances/cvd-1/tombstones
run_cvd(6328)  I 10-07 06:44:49  6332  6332 process_monitor.cc:260] Starting monitored subprocess: /var/tmp/cvd/1001/1791355487963379/artifacts/host_tools/bin/cf_vhost_user_input
run_cvd(6328)  D 10-07 06:44:49  6332  6332 command.cc:323] Started (pid: 6335): /var/tmp/cvd/1001/1791355487963379/artifacts/host_tools/bin/cf_vhost_user_input
run_cvd(6328)  D 10-07 06:44:49  6332  6332 command.cc:325] --verbosity=DEBUG
run_cvd(6328)  D 10-07 06:44:49  6332  6332 command.cc:325] --socket-fd=111
run_cvd(6328)  D 10-07 06:44:49  6332  6332 command.cc:325] --device-config=/var/tmp/cvd/1001/1791355487963379/artifacts/host_tools/etc/default_input_devices/rotary_wheel.json
run_cvd(6328)  I 10-07 06:44:49  6332  6332 process_monitor.cc:260] Starting monitored subprocess: /var/tmp/cvd/1001/1791355487963379/artifacts/host_tools/bin/log_tee
modem_simulator(6333)  I 10-07 06:44:49  6333  6333 main.cpp:81] Start modem simulator, server_fds: 103, Sim type: normal
Start modem simulator, server_fds: 103, Sim type: normal
tombstone_receiver(6334)  D 10-07 06:44:49  6334  6334 main.cpp:89] Host is starting server on port 6600
log_tee(6336)  W 10-07 06:44:49  6336  6336 log_tee.cpp:88] Log tags unsupported with abseil logging: vhost_user_rotary
log_tee(6336)  D 10-07 06:44:49  6336  6336 log_tee.cpp:120] Starting to read from process vhost_user_rotary
log_tee(6336)  D 10-07 06:44:49  6336  6336 log_tee.cpp:185] [2026-10-07T06:44:49Z DEBUG cf_vhost_user_input::vio_input] Parsed device config: InputConfigFile { name: "Cuttlefish Vhost User Rotary 0", serial_name: "virtio-rotary-0", properties: {}, events: [InputConfigFileEvent { event_type: "EV_REL", event_type_code: 2, supported_events: {"REL_WHEEL": 8} }], axis_info: [] }
log_tee(6336)  D 10-07 06:44:49  6336  6336 log_tee.cpp:185] [2026-10-07T06:44:49Z DEBUG cf_vhost_user_input::vio_input] supporting event: 2
log_tee(6336)  D 10-07 06:44:49  6336  6336 log_tee.cpp:185] [2026-10-07T06:44:49Z INFO  cf_vhost_user_input] Created vhost-user daemon
run_cvd(6328)  D 10-07 06:44:49  6332  6332 command.cc:323] Started (pid: 6336): /var/tmp/cvd/1001/1791355487963379/artifacts/host_tools/bin/log_tee
run_cvd(6328)  D 10-07 06:44:49  6332  6332 command.cc:325] --process_name=vhost_user_rotary
run_cvd(6328)  D 10-07 06:44:49  6332  6332 command.cc:325] --log_fd_in=116
run_cvd(6328)  I 10-07 06:44:49  6332  6332 process_monitor.cc:260] Starting monitored subprocess: /var/tmp/cvd/1001/1791355487963379/artifacts/host_tools/bin/cf_vhost_user_input
run_cvd(6328)  D 10-07 06:44:49  6332  6332 command.cc:323] Started (pid: 6340): /var/tmp/cvd/1001/1791355487963379/artifacts/host_tools/bin/cf_vhost_user_input
run_cvd(6328)  D 10-07 06:44:49  6332  6332 command.cc:325] --verbosity=DEBUG
run_cvd(6328)  D 10-07 06:44:49  6332  6332 command.cc:325] --socket-fd=117
run_cvd(6328)  D 10-07 06:44:49  6332  6332 command.cc:325] --device-config=/var/tmp/cvd/1001/1791355487963379/artifacts/host_tools/etc/default_input_devices/keyboard.json
run_cvd(6328)  I 10-07 06:44:49  6332  6332 process_monitor.cc:260] Starting monitored subprocess: /var/tmp/cvd/1001/1791355487963379/artifacts/host_tools/bin/log_tee
run_cvd(6328)  D 10-07 06:44:49  6332  6332 command.cc:323] Started (pid: 6341): /var/tmp/cvd/1001/1791355487963379/artifacts/host_tools/bin/log_tee
run_cvd(6328)  D 10-07 06:44:49  6332  6332 command.cc:325] --process_name=vhost_user_keyboard
run_cvd(6328)  D 10-07 06:44:49  6332  6332 command.cc:325] --log_fd_in=122
run_cvd(6328)  I 10-07 06:44:49  6332  6332 process_monitor.cc:260] Starting monitored subprocess: /var/tmp/cvd/1001/1791355487963379/artifacts/host_tools/bin/cf_vhost_user_input
run_cvd(6328)  D 10-07 06:44:49  6332  6332 command.cc:323] Started (pid: 6342): /var/tmp/cvd/1001/1791355487963379/artifacts/host_tools/bin/cf_vhost_user_input
run_cvd(6328)  D 10-07 06:44:49  6332  6332 command.cc:325] --verbosity=DEBUG
run_cvd(6328)  D 10-07 06:44:49  6332  6332 command.cc:325] --socket-fd=123
run_cvd(6328)  D 10-07 06:44:49  6332  6332 command.cc:325] --device-config=/var/tmp/cvd/1001/1791355487963379/artifacts/host_tools/etc/default_input_devices/switches.json
run_cvd(6328)  I 10-07 06:44:49  6332  6332 process_monitor.cc:260] Starting monitored subprocess: /var/tmp/cvd/1001/1791355487963379/artifacts/host_tools/bin/log_tee
run_cvd(6328)  D 10-07 06:44:49  6332  6332 command.cc:323] Started (pid: 6343): /var/tmp/cvd/1001/1791355487963379/artifacts/host_tools/bin/log_tee
run_cvd(6328)  D 10-07 06:44:49  6332  6332 command.cc:325] --process_name=vhost_user_switches
run_cvd(6328)  D 10-07 06:44:49  6332  6332 command.cc:325] --log_fd_in=128
run_cvd(6328)  I 10-07 06:44:49  6332  6332 process_monitor.cc:260] Starting monitored subprocess: /var/tmp/cvd/1001/1791355487963379/artifacts/host_tools/bin/cf_vhost_user_input
run_cvd(6328)  D 10-07 06:44:49  6332  6332 command.cc:323] Started (pid: 6344): /var/tmp/cvd/1001/1791355487963379/artifacts/host_tools/bin/cf_vhost_user_input
run_cvd(6328)  D 10-07 06:44:49  6332  6332 command.cc:325] --verbosity=DEBUG
run_cvd(6328)  D 10-07 06:44:49  6332  6332 command.cc:325] --socket-fd=129
run_cvd(6328)  D 10-07 06:44:49  6332  6332 command.cc:325] --device-config=/var/tmp/cvd/1001/1791355487963379/home/cuttlefish/instances/cvd-1/internal/touchscreen_spec_0
run_cvd(6328)  I 10-07 06:44:49  6332  6332 process_monitor.cc:260] Starting monitored subprocess: /var/tmp/cvd/1001/1791355487963379/artifacts/host_tools/bin/log_tee
run_cvd(6328)  D 10-07 06:44:49  6332  6332 command.cc:323] Started (pid: 6345): /var/tmp/cvd/1001/1791355487963379/artifacts/host_tools/bin/log_tee
run_cvd(6328)  D 10-07 06:44:49  6332  6332 command.cc:325] --process_name=vhost_user_touchscreen_0
run_cvd(6328)  D 10-07 06:44:49  6332  6332 command.cc:325] --log_fd_in=134
run_cvd(6328)  I 10-07 06:44:49  6332  6332 process_monitor.cc:260] Starting monitored subprocess: /var/tmp/cvd/1001/1791355487963379/artifacts/host_tools/bin/log_tee
run_cvd(6328)  D 10-07 06:44:49  6332  6332 command.cc:323] Started (pid: 6347): /var/tmp/cvd/1001/1791355487963379/artifacts/host_tools/bin/log_tee
run_cvd(6328)  D 10-07 06:44:49  6332  6332 command.cc:325] --process_name=wmediumd
run_cvd(6328)  D 10-07 06:44:49  6332  6332 command.cc:325] --log_fd_in=138
run_cvd(6328)  I 10-07 06:44:49  6332  6332 process_monitor.cc:260] Starting monitored subprocess: /var/tmp/cvd/1001/1791355487963379/artifacts/host_tools/bin/wmediumd
log_tee(6341)  W 10-07 06:44:49  6341  6341 log_tee.cpp:88] Log tags unsupported with abseil logging: vhost_user_keyboard
log_tee(6341)  D 10-07 06:44:49  6341  6341 log_tee.cpp:120] Starting to read from process vhost_user_keyboard
run_cvd(6328)  D 10-07 06:44:49  6332  6332 command.cc:323] Started (pid: 6348): /var/tmp/cvd/1001/1791355487963379/artifacts/host_tools/bin/wmediumd
run_cvd(6328)  D 10-07 06:44:49  6332  6332 command.cc:325] -u/tmp/cf_env_1001/env-1/vhost_user_mac80211
run_cvd(6328)  D 10-07 06:44:49  6332  6332 command.cc:325] -a/tmp/cf_env_1001/env-1/wmediumd_api_server
run_cvd(6328)  D 10-07 06:44:49  6332  6332 command.cc:325] -c/var/tmp/cvd/1001/1791355487963379/home/cuttlefish/environments/env-1/wmediumd.cfg
run_cvd(6328)  D 10-07 06:44:49  6332  6332 command.cc:325] --grpc_uds_path=/tmp/cf_avd_1001/cvd-1/grpc_socket/WmediumdServer.sock
run_cvd(6328)  I 10-07 06:44:49  6332  6332 process_monitor.cc:260] Starting monitored subprocess: /var/tmp/cvd/1001/1791355487963379/artifacts/host_tools/bin/operator_proxy
log_tee(6341)  D 10-07 06:44:49  6341  6341 log_tee.cpp:185] [2026-10-07T06:44:49Z DEBUG cf_vhost_user_input::vio_input] Parsed device config: InputConfigFile { name: "Cuttlefish Vhost User Keyboard 0", serial_name: "virtio-keyboard-0", properties: {}, events: [InputConfigFileEvent { event_type: "EV_KEY", event_type_code: 1, supported_events: {"KEY_0": 11, "KEY_1": 2, "KEY_2": 3, "KEY_3": 4, "KEY_4": 5, "KEY_5": 6, "KEY_6": 7, "KEY_7": 8, "KEY_8": 9, "KEY_9": 10, "KEY_A": 30, "KEY_APOSTROPHE": 40, "KEY_B": 48, "KEY_BACK": 158, "KEY_BACKSLASH": 43, "KEY_BACKSPACE": 14, "KEY_C": 46, "KEY_CAPSLOCK": 58, "KEY_COMMA": 51, "KEY_D": 32, "KEY_DELETE": 111, "KEY_DOT": 52, "KEY_DOWN": 108, "KEY_E": 18, "KEY_END": 107, "KEY_ENTER": 28, "KEY_EQUAL": 13, "KEY_ESC": 1, "KEY_F": 33, "KEY_F1": 59, "KEY_F10": 68, "KEY_F11": 87, "KEY_F12": 88, "KEY_F2": 60, "KEY_F3": 61, "KEY_F4": 62, "KEY_F5": 63, "KEY_F6": 64, "KEY_F7": 65, "KEY_F8": 66, "KEY_F9": 67, "KEY_G": 34, "KEY_GRAVE": 41, "KEY_H": 35, "KEY_HOME": 102, "KEY_HOMEPAGE": 172, "KEY_I": 23, "KEY_INSERT": 110, "KEY_J": 36, "KEY_K": 37, "KEY_KP0": 82, "KEY_KP1": 79, "KEY_KP2": 80, "KEY_KP3": 81, "KEY_KP4": 75, "KEY_KP5": 76, "KEY_KP6": 77, "KEY_KP7": 71, "KEY_KP8": 72, "KEY_KP9": 73, "KEY_KPASTERISK": 55, "KEY_KPDOT": 83, "KEY_KPENTER": 96, "KEY_KPMINUS": 74, "KEY_KPPLUS": 78, "KEY_KPSLASH": 98, "KEY_L": 38, "KEY_LEFT": 105, "KEY_LEFTALT": 56, "KEY_LEFTBRACE": 26, "KEY_LEFTCTRL": 29, "KEY_LEFTSHIFT": 42, "KEY_M": 50, "KEY_MENU": 139, "KEY_MINUS": 12, "KEY_MUTE": 113, "KEY_N": 49, "KEY_NUMLOCK": 69, "KEY_O": 24, "KEY_P": 25, "KEY_PAGEDOWN": 109, "KEY_PAGEUP": 104, "KEY_PAUSE": 119, "KEY_POWER": 116, "KEY_PRINT": 210, "KEY_Q": 16, "KEY_R": 19, "KEY_RIGHT": 106, "KEY_RIGHTALT": 100, "KEY_RIGHTBRACE": 27, "KEY_RIGHTCTRL": 97, "KEY_RIGHTSHIFT": 54, "KEY_S": 31, "KEY_SCROLLLOCK": 70, "KEY_SEMICOLON": 39, "KEY_SLASH": 53, "KEY_SPACE": 57, "KEY_SYSRQ": 99, "KEY_T": 20, "KEY_TAB": 15, "KEY_U": 22, "KEY_UP": 103, "KEY_V": 47, "KEY_VOLUMEDOWN": 114, "KEY_VOLUMEUP": 115, "KEY_W": 17, "KEY_X": 45, "KEY_Y": 21, "KEY_Z": 44} }, InputConfigFileEvent { event_type: "EV_REP", event_type_code: 20, supported_events: {"REP_DELAY": 0, "REP_PERIOD": 1} }, InputConfigFileEvent { event_type: "EV_LED", event_type_code: 17, supported_events: {"LED_CAPSL": 1, "LED_NUML": 0, "LED_SCROLLL": 2} }], axis_info: [] }
log_tee(6341)  D 10-07 06:44:49  6341  6341 log_tee.cpp:185] [2026-10-07T06:44:49Z DEBUG cf_vhost_user_input::vio_input] supporting event: 1
log_tee(6341)  D 10-07 06:44:49  6341  6341 log_tee.cpp:185] [2026-10-07T06:44:49Z DEBUG cf_vhost_user_input::vio_input] supporting event: 20
log_tee(6341)  D 10-07 06:44:49  6341  6341 log_tee.cpp:185] [2026-10-07T06:44:49Z DEBUG cf_vhost_user_input::vio_input] supporting event: 17
log_tee(6341)  D 10-07 06:44:49  6341  6341 log_tee.cpp:185] [2026-10-07T06:44:49Z INFO  cf_vhost_user_input] Created vhost-user daemon
log_tee(6343)  W 10-07 06:44:49  6343  6343 log_tee.cpp:88] Log tags unsupported with abseil logging: vhost_user_switches
log_tee(6343)  D 10-07 06:44:49  6343  6343 log_tee.cpp:120] Starting to read from process vhost_user_switches
log_tee(6343)  D 10-07 06:44:49  6343  6343 log_tee.cpp:185] [2026-10-07T06:44:49Z DEBUG cf_vhost_user_input::vio_input] Parsed device config: InputConfigFile { name: "Cuttlefish Vhost User Switches 0", serial_name: "virtio-switches-0", properties: {}, events: [InputConfigFileEvent { event_type: "EV_SW", event_type_code: 5, supported_events: {"SW_CAMERA_LENS_COVER": 9, "SW_DOCK": 5, "SW_FRONT_PROXIMITY": 11, "SW_HEADPHONE_INSERT": 2, "SW_JACK_PHYSICAL_INS": 7, "SW_KEYPAD_SLIDE": 10, "SW_LID": 0, "SW_LINEIN_INSERT": 13, "SW_LINEOUT_INSERT": 6, "SW_MACHINE_COVER": 16, "SW_MICROPHONE_INSERT": 4, "SW_MUTE_DEVICE": 14, "SW_PEN_INSERTED": 15, "SW_RFKILL_ALL": 3, "SW_ROTATE_LOCK": 12, "SW_TABLET_MODE": 1, "SW_VIDEOOUT_INSERT": 8} }], axis_info: [] }
log_tee(6343)  D 10-07 06:44:49  6343  6343 log_tee.cpp:185] [2026-10-07T06:44:49Z DEBUG cf_vhost_user_input::vio_input] supporting event: 5
log_tee(6343)  D 10-07 06:44:49  6343  6343 log_tee.cpp:185] [2026-10-07T06:44:49Z INFO  cf_vhost_user_input] Created vhost-user daemon
log_tee(6347)  W 10-07 06:44:49  6347  6347 log_tee.cpp:88] Log tags unsupported with abseil logging: wmediumd
log_tee(6347)  D 10-07 06:44:49  6347  6347 log_tee.cpp:120] Starting to read from process wmediumd
log_tee(6345)  W 10-07 06:44:49  6345  6345 log_tee.cpp:88] Log tags unsupported with abseil logging: vhost_user_touchscreen_0
log_tee(6345)  D 10-07 06:44:49  6345  6345 log_tee.cpp:120] Starting to read from process vhost_user_touchscreen_0
run_cvd(6328)  D 10-07 06:44:49  6332  6332 command.cc:323] Started (pid: 6351): /var/tmp/cvd/1001/1791355487963379/artifacts/host_tools/bin/operator_proxy
run_cvd(6328)  D 10-07 06:44:49  6332  6332 command.cc:325] -server_port=8443
run_cvd(6328)  I 10-07 06:44:49  6332  6332 process_monitor.cc:260] Starting monitored subprocess: /var/tmp/cvd/1001/1791355487963379/artifacts/host_tools/bin/cuttlefish_example_action_server
log_tee(6345)  D 10-07 06:44:49  6345  6345 log_tee.cpp:185] [2026-10-07T06:44:49Z DEBUG cf_vhost_user_input::vio_input] Parsed device config: InputConfigFile { name: "Cuttlefish Vhost User Multitouch Touchscreen 0", serial_name: "virtio-touchscreen-0", properties: {"INPUT_PROP_DIRECT": 1}, events: [InputConfigFileEvent { event_type: "EV_KEY", event_type_code: 1, supported_events: {"BTN_TOUCH": 330} }, InputConfigFileEvent { event_type: "EV_ABS", event_type_code: 3, supported_events: {"ABS_MT_POSITION_X": 53, "ABS_MT_POSITION_Y": 54, "ABS_MT_SLOT": 47, "ABS_MT_TRACKING_ID": 57, "ABS_X": 0, "ABS_Y": 1} }], axis_info: [InputConfigFileAbsInfo { axis: "ABS_X", axis_code: 0, min: 0, max: 720, fuzz: 0, flat: 0 }, InputConfigFileAbsInfo { axis: "ABS_Y", axis_code: 1, min: 0, max: 1348, fuzz: 0, flat: 0 }, InputConfigFileAbsInfo { axis: "ABS_MT_POSITION_X", axis_code: 53, min: 0, max: 720, fuzz: 0, flat: 0 }, InputConfigFileAbsInfo { axis: "ABS_MT_POSITION_Y", axis_code: 54, min: 0, max: 1348, fuzz: 0, flat: 0 }, InputConfigFileAbsInfo { axis: "ABS_MT_SLOT", axis_code: 47, min: 0, max: 10, fuzz: 0, flat: 0 }, InputConfigFileAbsInfo { axis: "ABS_MT_TRACKING_ID", axis_code: 57, min: 0, max: 10, fuzz: 0, flat: 0 }] }
log_tee(6345)  D 10-07 06:44:49  6345  6345 log_tee.cpp:185] [2026-10-07T06:44:49Z DEBUG cf_vhost_user_input::vio_input] supporting event: 1
log_tee(6345)  D 10-07 06:44:49  6345  6345 log_tee.cpp:185] [2026-10-07T06:44:49Z DEBUG cf_vhost_user_input::vio_input] supporting event: 3
log_tee(6345)  D 10-07 06:44:49  6345  6345 log_tee.cpp:185] [2026-10-07T06:44:49Z INFO  cf_vhost_user_input] Created vhost-user daemon
run_cvd(6328)  D 10-07 06:44:49  6332  6332 command.cc:323] Started (pid: 6352): /var/tmp/cvd/1001/1791355487963379/artifacts/host_tools/bin/cuttlefish_example_action_server
run_cvd(6328)  D 10-07 06:44:49  6332  6332 command.cc:325] 151
run_cvd(6328)  I 10-07 06:44:49  6332  6332 process_monitor.cc:260] Starting monitored subprocess: /var/tmp/cvd/1001/1791355487963379/artifacts/host_tools/bin/webRTC
run_cvd(6328)  D 10-07 06:44:49  6332  6332 command.cc:323] Started (pid: 6353): /var/tmp/cvd/1001/1791355487963379/artifacts/host_tools/bin/webRTC
run_cvd(6328)  D 10-07 06:44:49  6332  6332 command.cc:325] --multitouch=true
run_cvd(6328)  D 10-07 06:44:49  6332  6332 command.cc:325] -touch_fds=139
run_cvd(6328)  D 10-07 06:44:49  6332  6332 command.cc:325] -rotary_fd=140
run_cvd(6328)  D 10-07 06:44:49  6332  6332 command.cc:325] -keyboard_fd=141
run_cvd(6328)  D 10-07 06:44:49  6332  6332 command.cc:325] -frame_server_fd=142
run_cvd(6328)  D 10-07 06:44:49  6332  6332 command.cc:325] --audio_server_fd=143
run_cvd(6328)  D 10-07 06:44:49  6332  6332 command.cc:325] --confui_in_fd=144
run_cvd(6328)  D 10-07 06:44:49  6332  6332 command.cc:325] --confui_out_fd=145
run_cvd(6328)  D 10-07 06:44:49  6332  6332 command.cc:325] -switches_fd=146
run_cvd(6328)  D 10-07 06:44:49  6332  6332 command.cc:325] --command_fd=147
run_cvd(6328)  D 10-07 06:44:49  6332  6332 command.cc:325] -kernel_log_events_fd=148
run_cvd(6328)  D 10-07 06:44:49  6332  6332 command.cc:325] -client_dir=/var/tmp/cvd/1001/1791355487963379/artifacts/host_tools/usr/share/webrtc/assets
run_cvd(6328)  D 10-07 06:44:49  6332  6332 command.cc:325] -action_servers=cuttlefish_example_action_server:152
run_cvd(6328)  D 10-07 06:44:49  6332  6332 command.cc:325] -sensors_fd=153
run_cvd(6328)  I 10-07 06:44:49  6332  6332 process_monitor.cc:260] Starting monitored subprocess: /var/tmp/cvd/1001/1791355487963379/artifacts/host_tools/bin/casimir_control_server
run_cvd(6328)  D 10-07 06:44:49  6332  6332 command.cc:323] Started (pid: 6354): /var/tmp/cvd/1001/1791355487963379/artifacts/host_tools/bin/casimir_control_server
run_cvd(6328)  D 10-07 06:44:49  6332  6332 command.cc:325] -grpc_uds_path=/tmp/cf_avd_1001/cvd-1/grpc_socket/CasimirControlServer.sock
run_cvd(6328)  D 10-07 06:44:49  6332  6332 command.cc:325] -casimir_rf_path=/tmp/cf_env_1001/env-1/casimir_rf.sock
run_cvd(6328)  I 10-07 06:44:49  6332  6332 process_monitor.cc:260] Starting monitored subprocess: /var/tmp/cvd/1001/1791355487963379/artifacts/host_tools/bin/screen_recording_server
run_cvd(6328)  D 10-07 06:44:49  6332  6332 command.cc:323] Started (pid: 6355): /var/tmp/cvd/1001/1791355487963379/artifacts/host_tools/bin/screen_recording_server
run_cvd(6328)  D 10-07 06:44:49  6332  6332 command.cc:325] -grpc_uds_path=/tmp/cf_avd_1001/cvd-1/grpc_socket/ScreenRecordingServer.sock
run_cvd(6328)  I 10-07 06:44:49  6332  6332 process_monitor.cc:260] Starting monitored subprocess: /var/tmp/cvd/1001/1791355487963379/artifacts/host_tools/bin/adb_connector
run_cvd(6328)  D 10-07 06:44:49  6332  6332 command.cc:323] Started (pid: 6356): /var/tmp/cvd/1001/1791355487963379/artifacts/host_tools/bin/adb_connector
run_cvd(6328)  D 10-07 06:44:49  6332  6332 command.cc:325] --addresses=127.0.0.1:6520
run_cvd(6328)  I 10-07 06:44:49  6332  6332 process_monitor.cc:260] Starting monitored subprocess: /var/tmp/cvd/1001/1791355487963379/artifacts/host_tools/bin/socket_vsock_proxy
WARNING: All log messages before absl::InitializeLog() is called are written to STDERR
I0000 00:00:1791355489.546686    6352 main.cpp:41] Connecting to WebRTC server...
I0000 00:00:1791355489.546816    6352 main.cpp:45] Connected
run_cvd(6328)  D 10-07 06:44:49  6332  6332 command.cc:323] Started (pid: 6357): /var/tmp/cvd/1001/1791355487963379/artifacts/host_tools/bin/socket_vsock_proxy
run_cvd(6328)  D 10-07 06:44:49  6332  6332 command.cc:325] --vhost_user_vsock=false
run_cvd(6328)  D 10-07 06:44:49  6332  6332 command.cc:325] --events_fd=154
run_cvd(6328)  D 10-07 06:44:49  6332  6332 command.cc:325] --start_event_id=5
run_cvd(6328)  D 10-07 06:44:49  6332  6332 command.cc:325] --stop_event_id=11
run_cvd(6328)  D 10-07 06:44:49  6332  6332 command.cc:325] --server_type=tcp
run_cvd(6328)  D 10-07 06:44:49  6332  6332 command.cc:325] --server_tcp_port=6520
run_cvd(6328)  D 10-07 06:44:49  6332  6332 command.cc:325] --client_type=vsock
run_cvd(6328)  D 10-07 06:44:49  6332  6332 command.cc:325] --client_vsock_port=5555
run_cvd(6328)  D 10-07 06:44:49  6332  6332 command.cc:325] --client_vsock_id=3
run_cvd(6328)  D 10-07 06:44:49  6332  6332 command.cc:325] --label=adb
run_cvd(6328)  I 10-07 06:44:49  6332  6332 process_monitor.cc:260] Starting monitored subprocess: /var/tmp/cvd/1001/1791355487963379/artifacts/host_tools/bin/socket_vsock_proxy
WARNING: All log messages before absl::InitializeLog() is called are written to STDERR
W0000 00:00:1791355489.547253    6353 nvenc_capabilities.cpp:37] NVENC capabilities: NVENC not available
I0000 00:00:1791355489.547279    6353 encoder_provider_registry.cpp:32] Encoder provider nvenc_av1 not available, skipping registration
I0000 00:00:1791355489.547291    6353 decoder_provider_registry.cpp:37] Registering decoder provider: builtin (priority=0)
I0000 00:00:1791355489.547301    6353 encoder_provider_registry.cpp:37] Registering encoder provider: builtin (priority=0)
run_cvd(6328)  D 10-07 06:44:49  6332  6332 command.cc:323] Started (pid: 6358): /var/tmp/cvd/1001/1791355487963379/artifacts/host_tools/bin/socket_vsock_proxy
run_cvd(6328)  D 10-07 06:44:49  6332  6332 command.cc:325] --events_fd=155
run_cvd(6328)  D 10-07 06:44:49  6332  6332 command.cc:325] --start_event_id=11
run_cvd(6328)  D 10-07 06:44:49  6332  6332 command.cc:325] --stop_event_id=5
run_cvd(6328)  D 10-07 06:44:49  6332  6332 command.cc:325] --server_type=tcp
run_cvd(6328)  D 10-07 06:44:49  6332  6332 command.cc:325] --server_tcp_port=6520
run_cvd(6328)  D 10-07 06:44:49  6332  6332 command.cc:325] --client_type=tcp
run_cvd(6328)  D 10-07 06:44:49  6332  6332 command.cc:325] --client_tcp_host=fe80::21a:11ff:fee1:cf00%cvd-ebr
run_cvd(6328)  D 10-07 06:44:49  6332  6332 command.cc:325] --client_tcp_port=5554
run_cvd(6328)  D 10-07 06:44:49  6332  6332 command.cc:325] --label=fastboot
run_cvd(6328)  I 10-07 06:44:49  6332  6332 process_monitor.cc:260] Starting monitored subprocess: /var/tmp/cvd/1001/1791355487963379/artifacts/host_tools/bin/tcp_connector
run_cvd(6328)  D 10-07 06:44:49  6332  6332 command.cc:323] Started (pid: 6359): /var/tmp/cvd/1001/1791355487963379/artifacts/host_tools/bin/tcp_connector
run_cvd(6328)  D 10-07 06:44:49  6332  6332 command.cc:325] -fifo_out=70
run_cvd(6328)  D 10-07 06:44:49  6332  6332 command.cc:325] -fifo_in=71
run_cvd(6328)  D 10-07 06:44:49  6332  6332 command.cc:325] -data_path=/tmp/cf_env_1001/env-1/casimir_nci.sock
run_cvd(6328)  D 10-07 06:44:49  6332  6332 command.cc:325] -buffer_size=1024
run_cvd(6328)  I 10-07 06:44:49  6332  6332 process_monitor.cc:260] Starting monitored subprocess: /var/tmp/cvd/1001/1791355487963379/artifacts/host_tools/bin/control_env_proxy_server
run_cvd(6328)  D 10-07 06:44:49  6332  6332 command.cc:323] Started (pid: 6361): /var/tmp/cvd/1001/1791355487963379/artifacts/host_tools/bin/control_env_proxy_server
run_cvd(6328)  D 10-07 06:44:49  6332  6332 command.cc:325] --grpc_uds_path=/tmp/cf_avd_1001/cvd-1/grpc_socket/ControlEnvProxyServer.sock
run_cvd(6328)  D 10-07 06:44:49  6332  6332 command.cc:325] --grpc_socket_path=/tmp/cf_avd_1001/cvd-1/grpc_socket
run_cvd(6328)  I 10-07 06:44:49  6332  6332 process_monitor.cc:260] Starting monitored subprocess: /var/tmp/cvd/1001/1791355487963379/artifacts/host_tools/bin/echo_server
run_cvd(6328)  D 10-07 06:44:49  6332  6332 command.cc:323] Started (pid: 6362): /var/tmp/cvd/1001/1791355487963379/artifacts/host_tools/bin/echo_server
run_cvd(6328)  D 10-07 06:44:49  6332  6332 command.cc:325] --grpc_uds_path=/tmp/cf_avd_1001/cvd-1/grpc_socket/EchoServer.sock
run_cvd(6328)  I 10-07 06:44:49  6332  6332 process_monitor.cc:260] Starting monitored subprocess: /var/tmp/cvd/1001/1791355487963379/artifacts/host_tools/bin/gnss_grpc_proxy
socket_vsock_proxy(6358)  W 10-07 06:44:49  6358  6358 socket_vsock_proxy.cpp:266] Log tags unsupported with abseil logging: fastboot
socket_vsock_proxy(6358)  D 10-07 06:44:49  6358  6358 socket_vsock_proxy.cpp:196] Start reading events to start/stop proxying
webRTC(6353)  I 10-07 06:44:49  6353  6363 wayland_server.cpp:78] WaylandServer running on socket 13
[2026/10/07 06:44:49:5509] N: lws_create_context: LWS: 4.3.0, NET CLI SRV H1 H2 WS ConMon IPv6-absent
run_cvd(6328)  D 10-07 06:44:49  6332  6332 command.cc:323] Started (pid: 6364): /var/tmp/cvd/1001/1791355487963379/artifacts/host_tools/bin/gnss_grpc_proxy
run_cvd(6328)  D 10-07 06:44:49  6332  6332 command.cc:325] --gnss_in_fd=64
run_cvd(6328)  D 10-07 06:44:49  6332  6332 command.cc:325] --gnss_out_fd=65
run_cvd(6328)  D 10-07 06:44:49  6332  6332 command.cc:325] --fixed_location_in_fd=66
run_cvd(6328)  D 10-07 06:44:49  6332  6332 command.cc:325] --fixed_location_out_fd=67
run_cvd(6328)  D 10-07 06:44:49  6332  6332 command.cc:325] --gnss_grpc_socket=/tmp/cf_avd_1001/cvd-1/grpc_socket/GnssGrpcProxyServer.sock
run_cvd(6328)  D 10-07 06:44:49  6332  6332 command.cc:325] --gnss_grpc_port=7200
run_cvd(6328)  I 10-07 06:44:49  6332  6332 process_monitor.cc:260] Starting monitored subprocess: /var/tmp/cvd/1001/1791355487963379/artifacts/host_tools/bin/logcat_receiver
[2026/10/07 06:44:49:5515] N: __lws_lc_tag:  ++ [wsi|0|pipe] (1)
[2026/10/07 06:44:49:5515] N: __lws_lc_tag:  ++ [vh|0|default|127.0.0.1|127.0.0.1|0] (1)
Server listening on unix:/tmp/cf_avd_1001/cvd-1/grpc_socket/CasimirControlServer.sock
run_cvd(6328)  D 10-07 06:44:49  6332  6332 command.cc:323] Started (pid: 6376): /var/tmp/cvd/1001/1791355487963379/artifacts/host_tools/bin/logcat_receiver
run_cvd(6328)  D 10-07 06:44:49  6332  6332 command.cc:325] -log_pipe_fd=110
run_cvd(6328)  I 10-07 06:44:49  6332  6332 process_monitor.cc:260] Starting monitored subprocess: /var/tmp/cvd/1001/1791355487963379/artifacts/host_tools/bin/kernel_log_monitor
run_cvd(6328)  D 10-07 06:44:49  6332  6332 command.cc:323] Started (pid: 6377): /var/tmp/cvd/1001/1791355487963379/artifacts/host_tools/bin/kernel_log_monitor
run_cvd(6328)  D 10-07 06:44:49  6332  6332 command.cc:325] -log_pipe_fd=156
run_cvd(6328)  D 10-07 06:44:49  6332  6332 command.cc:325] -subscriber_fds=157,158,159,160,161,162
run_cvd(6328)  I 10-07 06:44:49  6332  6332 process_monitor.cc:260] Starting monitored subprocess: /var/tmp/cvd/1001/1791355487963379/artifacts/host_tools/bin/openwrt_control_server
run_cvd(6328)  D 10-07 06:44:49  6332  6332 command.cc:323] Started (pid: 6378): /var/tmp/cvd/1001/1791355487963379/artifacts/host_tools/bin/openwrt_control_server
run_cvd(6328)  D 10-07 06:44:49  6332  6332 command.cc:325] --grpc_uds_path=/tmp/cf_avd_1001/cvd-1/grpc_socket/OpenwrtControlServer.sock
run_cvd(6328)  D 10-07 06:44:49  6332  6332 command.cc:325] --bridged_wifi_tap=0
run_cvd(6328)  D 10-07 06:44:49  6332  6332 command.cc:325] --webrtc_device_id=cvd_1-1-1
run_cvd(6328)  D 10-07 06:44:49  6332  6332 command.cc:325] --launcher_log_path=/var/tmp/cvd/1001/1791355487963379/home/cuttlefish/instances/cvd-1/logs/launcher.log
run_cvd(6328)  D 10-07 06:44:49  6332  6332 command.cc:325] --openwrt_log_path=/var/tmp/cvd/1001/1791355487963379/home/cuttlefish/instances/cvd-1/logs/crosvm_openwrt.log
run_cvd(6328)  I 10-07 06:44:49  6332  6332 process_monitor.cc:260] Starting monitored subprocess: /var/tmp/cvd/1001/1791355487963379/artifacts/host_tools/bin/log_tee
adb_connector(6356)  D 10-07 06:44:49  6356  6365 adb_connection_maintainer.cpp:223] Attempting to connect to device with address 127.0.0.1:6520
run_cvd(6328)  D 10-07 06:44:49  6332  6332 command.cc:323] Started (pid: 6379): /var/tmp/cvd/1001/1791355487963379/artifacts/host_tools/bin/log_tee
run_cvd(6328)  D 10-07 06:44:49  6332  6332 command.cc:325] --process_name=casimir
run_cvd(6328)  D 10-07 06:44:49  6332  6332 command.cc:325] --log_fd_in=41
run_cvd(6328)  I 10-07 06:44:49  6332  6332 process_monitor.cc:260] Starting monitored subprocess: /var/tmp/cvd/1001/1791355487963379/artifacts/host_tools/bin/process_restarter
run_cvd(6328)  D 10-07 06:44:49  6332  6332 command.cc:323] Started (pid: 6381): /var/tmp/cvd/1001/1791355487963379/artifacts/host_tools/bin/process_restarter
run_cvd(6328)  D 10-07 06:44:49  6332  6332 command.cc:325] -when_killed
run_cvd(6328)  D 10-07 06:44:49  6332  6332 command.cc:325] -when_dumped
run_cvd(6328)  D 10-07 06:44:49  6332  6332 command.cc:325] -when_exited_with_failure
run_cvd(6328)  D 10-07 06:44:49  6332  6332 command.cc:325] --
run_cvd(6328)  D 10-07 06:44:49  6332  6332 command.cc:325] /var/tmp/cvd/1001/1791355487963379/artifacts/host_tools/bin/casimir
run_cvd(6328)  D 10-07 06:44:49  6332  6332 command.cc:325] --nci-unix-fd
run_cvd(6328)  D 10-07 06:44:49  6332  6332 command.cc:325] 36
run_cvd(6328)  D 10-07 06:44:49  6332  6332 command.cc:325] --rf-unix-fd
run_cvd(6328)  D 10-07 06:44:49  6332  6332 command.cc:325] 37
run_cvd(6328)  I 10-07 06:44:49  6332  6332 process_monitor.cc:260] Starting monitored subprocess: /var/tmp/cvd/1001/1791355487963379/artifacts/host_tools/bin/netsimd
Server listening on unix:/tmp/cf_avd_1001/cvd-1/grpc_socket/ControlEnvProxyServer.sock
[2026/10/07 06:44:49:5557] N: [vh|0|default|127.0.0.1|127.0.0.1|0]: lws_socket_bind: source ads 127.0.0.1
[2026/10/07 06:44:49:5558] N: __lws_lc_tag:  ++ [wsi|1|listen|default|127.0.0.1|38661] (2)
run_cvd(6328)  D 10-07 06:44:49  6332  6332 command.cc:323] Started (pid: 6387): /var/tmp/cvd/1001/1791355487963379/artifacts/host_tools/bin/netsimd
run_cvd(6328)  D 10-07 06:44:49  6332  6332 command.cc:325] -s
run_cvd(6328)  D 10-07 06:44:49  6332  6332 command.cc:325] {"devices":[{"name":"0.0.0.0:6520","chips":[{"kind":"BLUETOOTH","fdIn":163,"fdOut":164},{"kind":"UWB","fdIn":165,"fdOut":166}],"device_info":{"name":"0.0.0.0:6520", "kind":"CUTTLEFISH"}}]}
run_cvd(6328)  D 10-07 06:44:49  6332  6332 command.cc:325] --hci_port=7300
run_cvd(6328)  D 10-07 06:44:49  6332  6332 command.cc:325] --instance_num=1
run_cvd(6328)  I 10-07 06:44:49  6332  6332 process_monitor.cc:260] Starting monitored subprocess: /var/tmp/cvd/1001/1791355487963379/artifacts/host_tools/bin/socket_vsock_proxy
run_cvd(6328)  D 10-07 06:44:49  6332  6332 command.cc:323] Started (pid: 6397): /var/tmp/cvd/1001/1791355487963379/artifacts/host_tools/bin/socket_vsock_proxy
run_cvd(6328)  D 10-07 06:44:49  6332  6332 command.cc:325] --server_type=vsock
run_cvd(6328)  D 10-07 06:44:49  6332  6332 command.cc:325] --server_vsock_port=7300
run_cvd(6328)  D 10-07 06:44:49  6332  6332 command.cc:325] --server_vsock_id=3
run_cvd(6328)  D 10-07 06:44:49  6332  6332 command.cc:325] --client_type=tcp
run_cvd(6328)  D 10-07 06:44:49  6332  6332 command.cc:325] --client_tcp_host=127.0.0.1
run_cvd(6328)  D 10-07 06:44:49  6332  6332 command.cc:325] --client_tcp_port=7300
gnss_grpc_proxy(6364)  D 10-07 06:44:49  6364  6364 gnss_grpc_proxy.cpp:470] Starting gnss grpc proxy server...
run_cvd(6328)  I 10-07 06:44:49  6332  6332 process_monitor.cc:260] Starting monitored subprocess: /var/tmp/cvd/1001/1791355487963379/artifacts/host_tools/bin/socket_vsock_proxy
run_cvd(6328)  D 10-07 06:44:49  6332  6332 command.cc:323] Started (pid: 6401): /var/tmp/cvd/1001/1791355487963379/artifacts/host_tools/bin/socket_vsock_proxy
run_cvd(6328)  D 10-07 06:44:49  6332  6332 command.cc:325] --server_type=vsock
run_cvd(6328)  D 10-07 06:44:49  6332  6332 command.cc:325] --server_vsock_port=7500
run_cvd(6328)  D 10-07 06:44:49  6332  6332 command.cc:325] --server_vsock_id=3
run_cvd(6328)  D 10-07 06:44:49  6332  6332 command.cc:325] --client_type=tcp
run_cvd(6328)  D 10-07 06:44:49  6332  6332 command.cc:325] --client_tcp_host=127.0.0.1
run_cvd(6328)  D 10-07 06:44:49  6332  6332 command.cc:325] --client_tcp_port=7500
run_cvd(6328)  I 10-07 06:44:49  6332  6332 process_monitor.cc:260] Starting monitored subprocess: /var/tmp/cvd/1001/1791355487963379/artifacts/host_tools/bin/secure_env
webRTC(6353)  I 10-07 06:44:49  6353  6353 lights_observer.cpp:68] Connection thread running
run_cvd(6328)  D 10-07 06:44:49  6332  6332 command.cc:323] Started (pid: 6403): /var/tmp/cvd/1001/1791355487963379/artifacts/host_tools/bin/secure_env
run_cvd(6328)  D 10-07 06:44:49  6332  6332 command.cc:325] -confui_server_fd=75
run_cvd(6328)  D 10-07 06:44:49  6332  6332 command.cc:325] -snapshot_control_fd=76
run_cvd(6328)  D 10-07 06:44:49  6332  6332 command.cc:325] --undefok=weaver_fd_out,weaver_fd_in,weaver_storage_path
run_cvd(6328)  D 10-07 06:44:49  6332  6332 command.cc:325] -keymaster_fd_out=89
webRTC(6353)  I 10-07 06:44:49  6353  6353 peer_connection_utils.cpp:79] PeerConnectionFactory: 1 encoder format(s), 3 decoder format(s)
run_cvd(6328)  D 10-07 06:44:49  6332  6332 command.cc:325] -keymaster_fd_in=90
run_cvd(6328)  D 10-07 06:44:49  6332  6332 command.cc:325] -gatekeeper_fd_out=91
run_cvd(6328)  D 10-07 06:44:49  6332  6332 command.cc:325] -gatekeeper_fd_in=92
run_cvd(6328)  D 10-07 06:44:49  6332  6332 command.cc:325] -oemlock_fd_out=93
run_cvd(6328)  D 10-07 06:44:49  6332  6332 command.cc:325] -oemlock_fd_in=94
run_cvd(6328)  D 10-07 06:44:49  6332  6332 command.cc:325] -keymint_fd_out=95
run_cvd(6328)  D 10-07 06:44:49  6332  6332 command.cc:325] -keymint_fd_in=96
run_cvd(6328)  D 10-07 06:44:49  6332  6332 command.cc:325] -jcardsim_fd_out=97
run_cvd(6328)  D 10-07 06:44:49  6332  6332 command.cc:325] -jcardsim_fd_in=98
run_cvd(6328)  D 10-07 06:44:49  6332  6332 command.cc:325] -weaver_fd_out=99
run_cvd(6328)  D 10-07 06:44:49  6332  6332 command.cc:325] -weaver_fd_in=100
run_cvd(6328)  D 10-07 06:44:49  6332  6332 command.cc:325] -weaver_storage_path=/var/tmp/cvd/1001/1791355487963379/home/cuttlefish/instances/cvd-1/internal/weaver_storage.json
run_cvd(6328)  D 10-07 06:44:49  6332  6332 command.cc:325] -keymint_impl=software
run_cvd(6328)  D 10-07 06:44:49  6332  6332 command.cc:325] -gatekeeper_impl=software
run_cvd(6328)  D 10-07 06:44:49  6332  6332 command.cc:325] -oemlock_impl=tpm
run_cvd(6328)  D 10-07 06:44:49  6332  6332 command.cc:325] -kernel_events_fd=101
run_cvd(6328)  D 10-07 06:44:49  6332  6332 command.cc:325] --enable_jcard_simulator=false
run_cvd(6328)  I 10-07 06:44:49  6332  6332 process_monitor.cc:260] Starting monitored subprocess: /var/tmp/cvd/1001/1791355487963379/artifacts/host_tools/bin/sensors_simulator
webRTC(6353)  E 10-07 06:44:49  6353  6402 vsock_connection.cpp:224] Failed to connect:NOT_FOUND: StrError(): No such device
run_cvd(6328)  D 10-07 06:44:49  6332  6332 command.cc:323] Started (pid: 6407): /var/tmp/cvd/1001/1791355487963379/artifacts/host_tools/bin/sensors_simulator
run_cvd(6328)  D 10-07 06:44:49  6332  6332 command.cc:325] --control_from_guest_fd=24
run_cvd(6328)  D 10-07 06:44:49  6332  6332 command.cc:325] --control_to_guest_fd=25
run_cvd(6328)  D 10-07 06:44:49  6332  6332 command.cc:325] --data_from_guest_fd=26
run_cvd(6328)  D 10-07 06:44:49  6332  6332 command.cc:325] --data_to_guest_fd=27
run_cvd(6328)  D 10-07 06:44:49  6332  6332 command.cc:325] --webrtc_fd=28
run_cvd(6328)  D 10-07 06:44:49  6332  6332 command.cc:325] -kernel_events_fd=29
run_cvd(6328)  D 10-07 06:44:49  6332  6332 command.cc:325] --device_type=1
run_cvd(6328)  I 10-07 06:44:49  6332  6332 process_monitor.cc:260] Starting monitored subprocess: /var/tmp/cvd/1001/1791355487963379/artifacts/host_tools/bin/log_tee
run_cvd(6328)  D 10-07 06:44:49  6332  6332 command.cc:323] Started (pid: 6409): /var/tmp/cvd/1001/1791355487963379/artifacts/host_tools/bin/log_tee
run_cvd(6328)  D 10-07 06:44:49  6332  6332 command.cc:325] --process_name=openwrt
run_cvd(6328)  D 10-07 06:44:49  6332  6332 command.cc:325] --log_fd_in=170
run_cvd(6328)  I 10-07 06:44:49  6332  6332 process_monitor.cc:260] Starting monitored subprocess: /var/tmp/cvd/1001/1791355487963379/artifacts/host_tools/bin/process_restarter
socket_vsock_proxy(6397)  W 10-07 06:44:49  6397  6397 socket_vsock_proxy.cpp:266] Log tags unsupported with abseil logging: socket_vsock_proxy
socket_vsock_proxy(6397)  D 10-07 06:44:49  6397  6397 socket_vsock_proxy.cpp:248] Starting proxy
process_restarter(6381)  D 10-07 06:44:49  6381  6381 command.cc:323] Started (pid: 6408): /var/tmp/cvd/1001/1791355487963379/artifacts/host_tools/bin/casimir
process_restarter(6381)  D 10-07 06:44:49  6381  6381 command.cc:325] --nci-unix-fd
process_restarter(6381)  D 10-07 06:44:49  6381  6381 command.cc:325] 36
process_restarter(6381)  D 10-07 06:44:49  6381  6381 command.cc:325] --rf-unix-fd
process_restarter(6381)  D 10-07 06:44:49  6381  6381 command.cc:325] 37
run_cvd(6328)  D 10-07 06:44:49  6332  6332 command.cc:323] Started (pid: 6411): /var/tmp/cvd/1001/1791355487963379/artifacts/host_tools/bin/process_restarter
run_cvd(6328)  D 10-07 06:44:49  6332  6332 command.cc:325] -when_exited_with_code=32
run_cvd(6328)  D 10-07 06:44:49  6332  6332 command.cc:325] -ignore_sigtstp
run_cvd(6328)  D 10-07 06:44:49  6332  6332 command.cc:325] --
run_cvd(6328)  D 10-07 06:44:49  6332  6332 command.cc:325] /var/tmp/cvd/1001/1791355487963379/artifacts/host_tools/bin/crosvm
run_cvd(6328)  D 10-07 06:44:49  6332  6332 command.cc:325] --extended-status
run_cvd(6328)  D 10-07 06:44:49  6332  6332 command.cc:325] run
run_cvd(6328)  D 10-07 06:44:49  6332  6332 command.cc:325] --socket=/tmp/cf_avd_1001/cvd-1/internal/ap_control.sock
run_cvd(6328)  D 10-07 06:44:49  6332  6332 command.cc:325] --no-usb
run_cvd(6328)  D 10-07 06:44:49  6332  6332 command.cc:325] --core-scheduling=false
run_cvd(6328)  D 10-07 06:44:49  6332  6332 command.cc:325] --vhost-user=mac80211-hwsim,socket=/tmp/cf_env_1001/env-1/vhost_user_mac80211
run_cvd(6328)  D 10-07 06:44:49  6332  6332 command.cc:325] --net=tap-name=cvd-wifiap-01
run_cvd(6328)  D 10-07 06:44:49  6332  6332 command.cc:325] --disable-sandbox
run_cvd(6328)  D 10-07 06:44:49  6332  6332 command.cc:325] --block=path=/var/tmp/cvd/1001/1791355487963379/home/cuttlefish/instances/cvd-1/ap_overlay.img
run_cvd(6328)  D 10-07 06:44:49  6332  6332 command.cc:325] --serial=hardware=serial,num=1,type=file,path=/var/tmp/cvd/1001/1791355487963379/home/cuttlefish/instances/cvd-1/logs/crosvm_openwrt_boot.log,earlycon=true
run_cvd(6328)  D 10-07 06:44:49  6332  6332 command.cc:325] --serial=hardware=virtio-console,num=1,type=file,path=/var/tmp/cvd/1001/1791355487963379/home/cuttlefish/instances/cvd-1/logs/crosvm_openwrt.log
run_cvd(6328)  D 10-07 06:44:49  6332  6332 command.cc:325] --params="root=/dev/vda1"
run_cvd(6328)  D 10-07 06:44:49  6332  6332 command.cc:325] --params=wan_broadcast=192.168.94.3
run_cvd(6328)  D 10-07 06:44:49  6332  6332 command.cc:325] --params=wan_gateway=192.168.94.1
run_cvd(6328)  D 10-07 06:44:49  6332  6332 command.cc:325] --params=wan_ipaddr=192.168.94.2
run_cvd(6328)  D 10-07 06:44:49  6332  6332 command.cc:325] --params=bridged_wifi_tap=false
run_cvd(6328)  D 10-07 06:44:49  6332  6332 command.cc:325] --params=webrtc_device_id=cvd_1-1-1
run_cvd(6328)  D 10-07 06:44:49  6332  6332 command.cc:325] /var/tmp/cvd/1001/1791355487963379/artifacts/host_tools/etc/openwrt/images/openwrt_kernel_x86_64
run_cvd(6328)  I 10-07 06:44:49  6332  6332 process_monitor.cc:260] Starting monitored subprocess: /var/tmp/cvd/1001/1791355487963379/artifacts/host_tools/bin/log_tee
run_cvd(6328)  D 10-07 06:44:49  6332  6332 command.cc:323] Started (pid: 6418): /var/tmp/cvd/1001/1791355487963379/artifacts/host_tools/bin/log_tee
run_cvd(6328)  D 10-07 06:44:49  6332  6332 command.cc:325] --process_name=crosvm
run_cvd(6328)  D 10-07 06:44:49  6332  6332 command.cc:325] --log_fd_in=172
Server listening on unix:/tmp/cf_avd_1001/cvd-1/grpc_socket/OpenwrtControlServer.sock
run_cvd(6328)  I 10-07 06:44:49  6332  6332 process_monitor.cc:260] Starting monitored subprocess: /var/tmp/cvd/1001/1791355487963379/artifacts/host_tools/bin/process_restarter
run_cvd(6328)  D 10-07 06:44:49  6332  6332 command.cc:323] Started (pid: 6420): /var/tmp/cvd/1001/1791355487963379/artifacts/host_tools/bin/process_restarter
run_cvd(6328)  D 10-07 06:44:49  6332  6332 command.cc:325] -when_exited_with_code=32
run_cvd(6328)  D 10-07 06:44:49  6332  6332 command.cc:325] -ignore_sigtstp
run_cvd(6328)  D 10-07 06:44:49  6332  6332 command.cc:325] --
run_cvd(6328)  D 10-07 06:44:49  6332  6332 command.cc:325] /var/tmp/cvd/1001/1791355487963379/artifacts/host_tools/bin/crosvm
run_cvd(6328)  D 10-07 06:44:49  6332  6332 command.cc:325] --extended-status
run_cvd(6328)  D 10-07 06:44:49  6332  6332 command.cc:325] run
run_cvd(6328)  D 10-07 06:44:49  6332  6332 command.cc:325] --socket=/tmp/cf_avd_1001/cvd-1/internal/crosvm_control.sock
run_cvd(6328)  D 10-07 06:44:49  6332  6332 command.cc:325] --no-smt
run_cvd(6328)  D 10-07 06:44:49  6332  6332 command.cc:325] --no-usb
run_cvd(6328)  D 10-07 06:44:49  6332  6332 command.cc:325] --core-scheduling=false
run_cvd(6328)  D 10-07 06:44:49  6332  6332 command.cc:325] --vhost-user-connect-timeout-ms=30000
run_cvd(6328)  D 10-07 06:44:49  6332  6332 command.cc:325] --vhost-user=mac80211-hwsim,socket=/tmp/cf_env_1001/env-1/vhost_user_mac80211
run_cvd(6328)  D 10-07 06:44:49  6332  6332 command.cc:325] --wayland-sock=/tmp/cf_avd_1001/cvd-1/internal/frames.sock
run_cvd(6328)  D 10-07 06:44:49  6332  6332 command.cc:325] --gpu=displays=[[mode=windowed[720,1348],dpi=[280,280],refresh-rate=60]],context-types=gfxstream-vulkan:gfxstream-composer,pci-address=00:02.0,egl=true,surfaceless=true,glx=false,gles=false,renderer-features="GlProgramBinaryLinkStatus:enabled,VulkanUseDedicatedAhbMemoryType:enabled"
run_cvd(6328)  D 10-07 06:44:49  6332  6332 command.cc:325] --pmem=path=/var/tmp/cvd/1001/1791355487963379/home/cuttlefish/instances/cvd-1/internal/hwcomposer-pmem
run_cvd(6328)  D 10-07 06:44:49  6332  6332 command.cc:325] --mem=4096
run_cvd(6328)  D 10-07 06:44:49  6332  6332 command.cc:325] --cpus=2
run_cvd(6328)  D 10-07 06:44:49  6332  6332 command.cc:325] --block=path=/var/tmp/cvd/1001/1791355487963379/home/cuttlefish/instances/cvd-1/overlay.img,pci-address=00:13.0
run_cvd(6328)  D 10-07 06:44:49  6332  6332 command.cc:325] --block=path=/var/tmp/cvd/1001/1791355487963379/home/cuttlefish/instances/cvd-1/persistent_composite.img,pci-address=00:14.0
run_cvd(6328)  D 10-07 06:44:49  6332  6332 command.cc:325] --block=path=/var/tmp/cvd/1001/1791355487963379/home/cuttlefish/instances/cvd-1/sdcard.img,pci-address=00:15.0
run_cvd(6328)  D 10-07 06:44:49  6332  6332 command.cc:325] --vhost-user=type=input,socket=/tmp/cf_avd_1001/cvd-1/internal/touch_0.sock,max-queue-size=256
run_cvd(6328)  D 10-07 06:44:49  6332  6332 command.cc:325] --vhost-user=type=input,socket=/tmp/cf_avd_1001/cvd-1/internal/rotary.sock,max-queue-size=256
run_cvd(6328)  D 10-07 06:44:49  6332  6332 command.cc:325] --vhost-user=type=input,socket=/tmp/cf_avd_1001/cvd-1/internal/keyboard.sock,max-queue-size=256
run_cvd(6328)  D 10-07 06:44:49  6332  6332 command.cc:325] --vhost-user=type=input,socket=/tmp/cf_avd_1001/cvd-1/internal/switches.sock,max-queue-size=256
run_cvd(6328)  D 10-07 06:44:49  6332  6332 command.cc:325] --net=tap-name=cvd-mtap-01,mac=00:1a:11:e0:cf:00,pci-address=00:01.1
run_cvd(6328)  D 10-07 06:44:49  6332  6332 command.cc:325] --net=tap-name=cvd-etap-01,mac=00:1a:11:e1:cf:00,pci-address=00:01.2
run_cvd(6328)  D 10-07 06:44:49  6332  6332 command.cc:325] --pmem=path=/var/tmp/cvd/1001/1791355487963379/home/cuttlefish/instances/cvd-1/access-kregistry
run_cvd(6328)  D 10-07 06:44:49  6332  6332 command.cc:325] --pstore=path=/var/tmp/cvd/1001/1791355487963379/home/cuttlefish/instances/cvd-1/pstore,size=2097152
run_cvd(6328)  D 10-07 06:44:49  6332  6332 command.cc:325] --disable-sandbox
run_cvd(6328)  D 10-07 06:44:49  6332  6332 command.cc:325] --vsock=cid=3
run_cvd(6328)  D 10-07 06:44:49  6332  6332 command.cc:325] --serial=hardware=virtio-console,num=1,type=file,path=/var/tmp/cvd/1001/1791355487963379/home/cuttlefish/instances/cvd-1/internal/kernel-log-pipe,console=true
run_cvd(6328)  D 10-07 06:44:49  6332  6332 command.cc:325] --serial=hardware=serial,num=1,type=file,path=/var/tmp/cvd/1001/1791355487963379/home/cuttlefish/instances/cvd-1/internal/kernel-log-pipe,earlycon=true
run_cvd(6328)  D 10-07 06:44:49  6332  6332 command.cc:325] --serial=hardware=virtio-console,num=2,type=sink
run_cvd(6328)  D 10-07 06:44:49  6332  6332 command.cc:325] --serial=hardware=virtio-console,num=3,type=file,path=/var/tmp/cvd/1001/1791355487963379/home/cuttlefish/instances/cvd-1/internal/logcat-pipe
run_cvd(6328)  D 10-07 06:44:49  6332  6332 command.cc:325] --serial=hardware=virtio-console,num=4,type=file,path=/var/tmp/cvd/1001/1791355487963379/home/cuttlefish/instances/cvd-1/internal/keymaster_fifo_vm.out,input=/var/tmp/cvd/1001/1791355487963379/home/cuttlefish/instances/cvd-1/internal/keymaster_fifo_vm.in
run_cvd(6328)  D 10-07 06:44:49  6332  6332 command.cc:325] --serial=hardware=virtio-console,num=5,type=file,path=/var/tmp/cvd/1001/1791355487963379/home/cuttlefish/instances/cvd-1/internal/gatekeeper_fifo_vm.out,input=/var/tmp/cvd/1001/1791355487963379/home/cuttlefish/instances/cvd-1/internal/gatekeeper_fifo_vm.in
run_cvd(6328)  D 10-07 06:44:49  6332  6332 command.cc:325] --serial=hardware=virtio-console,num=6,type=file,path=/var/tmp/cvd/1001/1791355487963379/home/cuttlefish/instances/cvd-1/internal/bt_fifo_vm.out,input=/var/tmp/cvd/1001/1791355487963379/home/cuttlefish/instances/cvd-1/internal/bt_fifo_vm.in
run_cvd(6328)  D 10-07 06:44:49  6332  6332 command.cc:325] --serial=hardware=virtio-console,num=7,type=file,path=/var/tmp/cvd/1001/1791355487963379/home/cuttlefish/instances/cvd-1/internal/gnsshvc_fifo_vm.out,input=/var/tmp/cvd/1001/1791355487963379/home/cuttlefish/instances/cvd-1/internal/gnsshvc_fifo_vm.in
run_cvd(6328)  D 10-07 06:44:49  6332  6332 command.cc:325] --serial=hardware=virtio-console,num=8,type=file,path=/var/tmp/cvd/1001/1791355487963379/home/cuttlefish/instances/cvd-1/internal/locationhvc_fifo_vm.out,input=/var/tmp/cvd/1001/1791355487963379/home/cuttlefish/instances/cvd-1/internal/locationhvc_fifo_vm.in
run_cvd(6328)  D 10-07 06:44:49  6332  6332 command.cc:325] --serial=hardware=virtio-console,num=9,type=file,path=/var/tmp/cvd/1001/1791355487963379/home/cuttlefish/instances/cvd-1/internal/confui_fifo_vm.out,input=/var/tmp/cvd/1001/1791355487963379/home/cuttlefish/instances/cvd-1/internal/confui_fifo_vm.in
run_cvd(6328)  D 10-07 06:44:49  6332  6332 command.cc:325] --serial=hardware=virtio-console,num=10,type=file,path=/var/tmp/cvd/1001/1791355487963379/home/cuttlefish/instances/cvd-1/internal/uwb_fifo_vm.out,input=/var/tmp/cvd/1001/1791355487963379/home/cuttlefish/instances/cvd-1/internal/uwb_fifo_vm.in
run_cvd(6328)  D 10-07 06:44:49  6332  6332 command.cc:325] --serial=hardware=virtio-console,num=11,type=file,path=/var/tmp/cvd/1001/1791355487963379/home/cuttlefish/instances/cvd-1/internal/oemlock_fifo_vm.out,input=/var/tmp/cvd/1001/1791355487963379/home/cuttlefish/instances/cvd-1/internal/oemlock_fifo_vm.in
run_cvd(6328)  D 10-07 06:44:49  6332  6332 command.cc:325] --serial=hardware=virtio-console,num=12,type=file,path=/var/tmp/cvd/1001/1791355487963379/home/cuttlefish/instances/cvd-1/internal/keymint_fifo_vm.out,input=/var/tmp/cvd/1001/1791355487963379/home/cuttlefish/instances/cvd-1/internal/keymint_fifo_vm.in
run_cvd(6328)  D 10-07 06:44:49  6332  6332 command.cc:325] --serial=hardware=virtio-console,num=13,type=file,path=/var/tmp/cvd/1001/1791355487963379/home/cuttlefish/instances/cvd-1/internal/nfc_fifo_vm.out,input=/var/tmp/cvd/1001/1791355487963379/home/cuttlefish/instances/cvd-1/internal/nfc_fifo_vm.in
run_cvd(6328)  D 10-07 06:44:49  6332  6332 command.cc:325] --serial=hardware=virtio-console,num=14,type=file,path=/var/tmp/cvd/1001/1791355487963379/home/cuttlefish/instances/cvd-1/internal/weaver_fifo_vm.out,input=/var/tmp/cvd/1001/1791355487963379/home/cuttlefish/instances/cvd-1/internal/weaver_fifo_vm.in
run_cvd(6328)  D 10-07 06:44:49  6332  6332 command.cc:325] --serial=hardware=virtio-console,num=15,type=sink
run_cvd(6328)  D 10-07 06:44:49  6332  6332 command.cc:325] --serial=hardware=virtio-console,num=16,type=sink
run_cvd(6328)  D 10-07 06:44:49  6332  6332 command.cc:325] --serial=hardware=virtio-console,num=17,type=sink
run_cvd(6328)  D 10-07 06:44:49  6332  6332 command.cc:325] --serial=hardware=virtio-console,num=18,type=sink
run_cvd(6328)  D 10-07 06:44:49  6332  6332 command.cc:325] --serial=hardware=virtio-console,num=19,type=file,path=/var/tmp/cvd/1001/1791355487963379/home/cuttlefish/instances/cvd-1/internal/sensors_control_fifo_vm.out,input=/var/tmp/cvd/1001/1791355487963379/home/cuttlefish/instances/cvd-1/internal/sensors_control_fifo_vm.in
run_cvd(6328)  D 10-07 06:44:49  6332  6332 command.cc:325] --serial=hardware=virtio-console,num=20,type=file,path=/var/tmp/cvd/1001/1791355487963379/home/cuttlefish/instances/cvd-1/internal/sensors_data_fifo_vm.out,input=/var/tmp/cvd/1001/1791355487963379/home/cuttlefish/instances/cvd-1/internal/sensors_data_fifo_vm.in
run_cvd(6328)  D 10-07 06:44:49  6332  6332 command.cc:325] --sound=/tmp/cf_avd_1001/cvd-1/internal/audio_server.sock
run_cvd(6328)  D 10-07 06:44:49  6332  6332 command.cc:325] --pflash=/var/tmp/cvd/1001/1791355487963379/home/cuttlefish/instances/cvd-1/pflash.img
run_cvd(6328)  D 10-07 06:44:49  6332  6332 command.cc:325] --bios=/var/tmp/cvd/1001/1791355487963379/artifacts/host_tools/etc/bootloader_x86_64/bootloader.crosvm
log_tee(6347)  D 10-07 06:44:49  6347  6347 log_tee.cpp:185] Input configuration file: /var/tmp/cvd/1001/1791355487963379/home/cuttlefish/environments/env-1/wmediumd.cfg
log_tee(6347)  D 10-07 06:44:49  6347  6347 log_tee.cpp:185] #_if = 130
log_tee(6347)  D 10-07 06:44:49  6347  6347 log_tee.cpp:185] Added station 0: 42:00:00:00:00:00
log_tee(6347)  D 10-07 06:44:49  6347  6347 log_tee.cpp:185] Added station 1: 42:00:00:00:01:00
log_tee(6347)  D 10-07 06:44:49  6347  6347 log_tee.cpp:185] Added station 2: 02:15:b2:00:00:00
log_tee(6347)  D 10-07 06:44:49  6347  6347 log_tee.cpp:185] Added station 3: 02:15:b2:00:01:00
log_tee(6347)  D 10-07 06:44:49  6347  6347 log_tee.cpp:185] Added station 4: 02:15:b3:00:00:00
log_tee(6347)  D 10-07 06:44:49  6347  6347 log_tee.cpp:185] Added station 5: 02:15:b3:00:01:00
log_tee(6347)  D 10-07 06:44:49  6347  6347 log_tee.cpp:185] Added station 6: 02:15:b4:00:00:00
log_tee(6347)  D 10-07 06:44:49  6347  6347 log_tee.cpp:185] Added station 7: 02:15:b4:00:01:00
log_tee(6347)  D 10-07 06:44:49  6347  6347 log_tee.cpp:185] Added station 8: 02:15:b5:00:00:00
log_tee(6347)  D 10-07 06:44:49  6347  6347 log_tee.cpp:185] Added station 9: 02:15:b5:00:01:00
log_tee(6347)  D 10-07 06:44:49  6347  6347 log_tee.cpp:185] Added station 10: 02:15:b6:00:00:00
log_tee(6347)  D 10-07 06:44:49  6347  6347 log_tee.cpp:185] Added station 11: 02:15:b6:00:01:00
log_tee(6347)  D 10-07 06:44:49  6347  6347 log_tee.cpp:185] Added station 12: 02:15:b7:00:00:00
log_tee(6347)  D 10-07 06:44:49  6347  6347 log_tee.cpp:185] Added station 13: 02:15:b7:00:01:00
log_tee(6347)  D 10-07 06:44:49  6347  6347 log_tee.cpp:185] Added station 14: 02:15:b8:00:00:00
log_tee(6347)  D 10-07 06:44:49  6347  6347 log_tee.cpp:185] Added station 15: 02:15:b8:00:01:00
log_tee(6347)  D 10-07 06:44:49  6347  6347 log_tee.cpp:185] Added station 16: 02:15:b9:00:00:00
log_tee(6347)  D 10-07 06:44:49  6347  6347 log_tee.cpp:185] Added station 17: 02:15:b9:00:01:00
log_tee(6347)  D 10-07 06:44:49  6347  6347 log_tee.cpp:185] Added station 18: 02:15:ba:00:00:00
log_tee(6347)  D 10-07 06:44:49  6347  6347 log_tee.cpp:185] Added station 19: 02:15:ba:00:01:00
log_tee(6347)  D 10-07 06:44:49  6347  6347 log_tee.cpp:185] Added station 20: 02:15:bb:00:00:00
log_tee(6347)  D 10-07 06:44:49  6347  6347 log_tee.cpp:185] Added station 21: 02:15:bb:00:01:00
log_tee(6347)  D 10-07 06:44:49  6347  6347 log_tee.cpp:185] Added station 22: 02:15:bc:00:00:00
log_tee(6347)  D 10-07 06:44:49  6347  6347 log_tee.cpp:185] Added station 23: 02:15:bc:00:01:00
log_tee(6347)  D 10-07 06:44:49  6347  6347 log_tee.cpp:185] Added station 24: 02:15:bd:00:00:00
log_tee(6347)  D 10-07 06:44:49  6347  6347 log_tee.cpp:185] Added station 25: 02:15:bd:00:01:00
log_tee(6347)  D 10-07 06:44:49  6347  6347 log_tee.cpp:185] Added station 26: 02:15:be:00:00:00
log_tee(6347)  D 10-07 06:44:49  6347  6347 log_tee.cpp:185] Added station 27: 02:15:be:00:01:00
log_tee(6347)  D 10-07 06:44:49  6347  6347 log_tee.cpp:185] Added station 28: 02:15:bf:00:00:00
log_tee(6347)  D 10-07 06:44:49  6347  6347 log_tee.cpp:185] Added station 29: 02:15:bf:00:01:00
log_tee(6347)  D 10-07 06:44:49  6347  6347 log_tee.cpp:185] Added station 30: 02:15:c0:00:00:00
log_tee(6347)  D 10-07 06:44:49  6347  6347 log_tee.cpp:185] Added station 31: 02:15:c0:00:01:00
log_tee(6347)  D 10-07 06:44:49  6347  6347 log_tee.cpp:185] Added station 32: 02:15:c1:00:00:00
log_tee(6347)  D 10-07 06:44:49  6347  6347 log_tee.cpp:185] Added station 33: 02:15:c1:00:01:00
log_tee(6347)  D 10-07 06:44:49  6347  6347 log_tee.cpp:185] Added station 34: 02:15:c2:00:00:00
log_tee(6347)  D 10-07 06:44:49  6347  6347 log_tee.cpp:185] Added station 35: 02:15:c2:00:01:00
log_tee(6347)  D 10-07 06:44:49  6347  6347 log_tee.cpp:185] Added station 36: 02:15:c3:00:00:00
log_tee(6347)  D 10-07 06:44:49  6347  6347 log_tee.cpp:185] Added station 37: 02:15:c3:00:01:00
log_tee(6347)  D 10-07 06:44:49  6347  6347 log_tee.cpp:185] Added station 38: 02:15:c4:00:00:00
log_tee(6347)  D 10-07 06:44:49  6347  6347 log_tee.cpp:185] Added station 39: 02:15:c4:00:01:00
log_tee(6347)  D 10-07 06:44:49  6347  6347 log_tee.cpp:185] Added station 40: 02:15:c5:00:00:00
log_tee(6347)  D 10-07 06:44:49  6347  6347 log_tee.cpp:185] Added station 41: 02:15:c5:00:01:00
log_tee(6347)  D 10-07 06:44:49  6347  6347 log_tee.cpp:185] Added station 42: 02:15:c6:00:00:00
log_tee(6347)  D 10-07 06:44:49  6347  6347 log_tee.cpp:185] Added station 43: 02:15:c6:00:01:00
log_tee(6347)  D 10-07 06:44:49  6347  6347 log_tee.cpp:185] Added station 44: 02:15:c7:00:00:00
log_tee(6347)  D 10-07 06:44:49  6347  6347 log_tee.cpp:185] Added station 45: 02:15:c7:00:01:00
log_tee(6347)  D 10-07 06:44:49  6347  6347 log_tee.cpp:185] Added station 46: 02:15:c8:00:00:00
log_tee(6347)  D 10-07 06:44:49  6347  6347 log_tee.cpp:185] Added station 47: 02:15:c8:00:01:00
log_tee(6347)  D 10-07 06:44:49  6347  6347 log_tee.cpp:185] Added station 48: 02:15:c9:00:00:00
log_tee(6347)  D 10-07 06:44:49  6347  6347 log_tee.cpp:185] Added station 49: 02:15:c9:00:01:00
log_tee(6347)  D 10-07 06:44:49  6347  6347 log_tee.cpp:185] Added station 50: 02:15:ca:00:00:00
log_tee(6347)  D 10-07 06:44:49  6347  6347 log_tee.cpp:185] Added station 51: 02:15:ca:00:01:00
log_tee(6347)  D 10-07 06:44:49  6347  6347 log_tee.cpp:185] Added station 52: 02:15:cb:00:00:00
log_tee(6347)  D 10-07 06:44:49  6347  6347 log_tee.cpp:185] Added station 53: 02:15:cb:00:01:00
log_tee(6347)  D 10-07 06:44:49  6347  6347 log_tee.cpp:185] Added station 54: 02:15:cc:00:00:00
log_tee(6347)  D 10-07 06:44:49  6347  6347 log_tee.cpp:185] Added station 55: 02:15:cc:00:01:00
log_tee(6347)  D 10-07 06:44:49  6347  6347 log_tee.cpp:185] Added station 56: 02:15:cd:00:00:00
log_tee(6347)  D 10-07 06:44:49  6347  6347 log_tee.cpp:185] Added station 57: 02:15:cd:00:01:00
log_tee(6347)  D 10-07 06:44:49  6347  6347 log_tee.cpp:185] Added station 58: 02:15:ce:00:00:00
log_tee(6347)  D 10-07 06:44:49  6347  6347 log_tee.cpp:185] Added station 59: 02:15:ce:00:01:00
log_tee(6347)  D 10-07 06:44:49  6347  6347 log_tee.cpp:185] Added station 60: 02:15:cf:00:00:00
log_tee(6347)  D 10-07 06:44:49  6347  6347 log_tee.cpp:185] Added station 61: 02:15:cf:00:01:00
log_tee(6347)  D 10-07 06:44:49  6347  6347 log_tee.cpp:185] Added station 62: 02:15:d0:00:00:00
log_tee(6347)  D 10-07 06:44:49  6347  6347 log_tee.cpp:185] Added station 63: 02:15:d0:00:01:00
log_tee(6347)  D 10-07 06:44:49  6347  6347 log_tee.cpp:185] Added station 64: 02:15:d1:00:00:00
log_tee(6347)  D 10-07 06:44:49  6347  6347 log_tee.cpp:185] Added station 65: 02:15:d1:00:01:00
log_tee(6347)  D 10-07 06:44:49  6347  6347 log_tee.cpp:185] Added station 66: 02:15:d2:00:00:00
log_tee(6347)  D 10-07 06:44:49  6347  6347 log_tee.cpp:185] Added station 67: 02:15:d2:00:01:00
log_tee(6347)  D 10-07 06:44:49  6347  6347 log_tee.cpp:185] Added station 68: 02:15:d3:00:00:00
log_tee(6347)  D 10-07 06:44:49  6347  6347 log_tee.cpp:185] Added station 69: 02:15:d3:00:01:00
log_tee(6347)  D 10-07 06:44:49  6347  6347 log_tee.cpp:185] Added station 70: 02:15:d4:00:00:00
log_tee(6347)  D 10-07 06:44:49  6347  6347 log_tee.cpp:185] Added station 71: 02:15:d4:00:01:00
log_tee(6347)  D 10-07 06:44:49  6347  6347 log_tee.cpp:185] Added station 72: 02:15:d5:00:00:00
log_tee(6347)  D 10-07 06:44:49  6347  6347 log_tee.cpp:185] Added station 73: 02:15:d5:00:01:00
log_tee(6347)  D 10-07 06:44:49  6347  6347 log_tee.cpp:185] Added station 74: 02:15:d6:00:00:00
log_tee(6347)  D 10-07 06:44:49  6347  6347 log_tee.cpp:185] Added station 75: 02:15:d6:00:01:00
log_tee(6347)  D 10-07 06:44:49  6347  6347 log_tee.cpp:185] Added station 76: 02:15:d7:00:00:00
log_tee(6347)  D 10-07 06:44:49  6347  6347 log_tee.cpp:185] Added station 77: 02:15:d7:00:01:00
log_tee(6347)  D 10-07 06:44:49  6347  6347 log_tee.cpp:185] Added station 78: 02:15:d8:00:00:00
log_tee(6347)  D 10-07 06:44:49  6347  6347 log_tee.cpp:185] Added station 79: 02:15:d8:00:01:00
log_tee(6347)  D 10-07 06:44:49  6347  6347 log_tee.cpp:185] Added station 80: 02:15:d9:00:00:00
log_tee(6347)  D 10-07 06:44:49  6347  6347 log_tee.cpp:185] Added station 81: 02:15:d9:00:01:00
log_tee(6347)  D 10-07 06:44:49  6347  6347 log_tee.cpp:185] Added station 82: 02:15:da:00:00:00
log_tee(6347)  D 10-07 06:44:49  6347  6347 log_tee.cpp:185] Added station 83: 02:15:da:00:01:00
log_tee(6347)  D 10-07 06:44:49  6347  6347 log_tee.cpp:185] Added station 84: 02:15:db:00:00:00
log_tee(6347)  D 10-07 06:44:49  6347  6347 log_tee.cpp:185] Added station 85: 02:15:db:00:01:00
log_tee(6347)  D 10-07 06:44:49  6347  6347 log_tee.cpp:185] Added station 86: 02:15:dc:00:00:00
log_tee(6347)  D 10-07 06:44:49  6347  6347 log_tee.cpp:185] Added station 87: 02:15:dc:00:01:00
log_tee(6347)  D 10-07 06:44:49  6347  6347 log_tee.cpp:185] Added station 88: 02:15:dd:00:00:00
log_tee(6347)  D 10-07 06:44:49  6347  6347 log_tee.cpp:185] Added station 89: 02:15:dd:00:01:00
log_tee(6347)  D 10-07 06:44:49  6347  6347 log_tee.cpp:185] Added station 90: 02:15:de:00:00:00
log_tee(6347)  D 10-07 06:44:49  6347  6347 log_tee.cpp:185] Added station 91: 02:15:de:00:01:00
log_tee(6347)  D 10-07 06:44:49  6347  6347 log_tee.cpp:185] Added station 92: 02:15:df:00:00:00
log_tee(6347)  D 10-07 06:44:49  6347  6347 log_tee.cpp:185] Added station 93: 02:15:df:00:01:00
log_tee(6347)  D 10-07 06:44:49  6347  6347 log_tee.cpp:185] Added station 94: 02:15:e0:00:00:00
log_tee(6347)  D 10-07 06:44:49  6347  6347 log_tee.cpp:185] Added station 95: 02:15:e0:00:01:00
log_tee(6347)  D 10-07 06:44:49  6347  6347 log_tee.cpp:185] Added station 96: 02:15:e1:00:00:00
log_tee(6347)  D 10-07 06:44:49  6347  6347 log_tee.cpp:185] Added station 97: 02:15:e1:00:01:00
log_tee(6347)  D 10-07 06:44:49  6347  6347 log_tee.cpp:185] Added station 98: 02:15:e2:00:00:00
log_tee(6347)  D 10-07 06:44:49  6347  6347 log_tee.cpp:185] Added station 99: 02:15:e2:00:01:00
log_tee(6347)  D 10-07 06:44:49  6347  6347 log_tee.cpp:185] Added station 100: 02:15:e3:00:00:00
log_tee(6347)  D 10-07 06:44:49  6347  6347 log_tee.cpp:185] Added station 101: 02:15:e3:00:01:00
log_tee(6347)  D 10-07 06:44:49  6347  6347 log_tee.cpp:185] Added station 102: 02:15:e4:00:00:00
log_tee(6347)  D 10-07 06:44:49  6347  6347 log_tee.cpp:185] Added station 103: 02:15:e4:00:01:00
log_tee(6347)  D 10-07 06:44:49  6347  6347 log_tee.cpp:185] Added station 104: 02:15:e5:00:00:00
log_tee(6347)  D 10-07 06:44:49  6347  6347 log_tee.cpp:185] Added station 105: 02:15:e5:00:01:00
log_tee(6347)  D 10-07 06:44:49  6347  6347 log_tee.cpp:185] Added station 106: 02:15:e6:00:00:00
log_tee(6347)  D 10-07 06:44:49  6347  6347 log_tee.cpp:185] Added station 107: 02:15:e6:00:01:00
log_tee(6347)  D 10-07 06:44:49  6347  6347 log_tee.cpp:185] Added station 108: 02:15:e7:00:00:00
log_tee(6347)  D 10-07 06:44:49  6347  6347 log_tee.cpp:185] Added station 109: 02:15:e7:00:01:00
log_tee(6347)  D 10-07 06:44:49  6347  6347 log_tee.cpp:185] Added station 110: 02:15:e8:00:00:00
log_tee(6347)  D 10-07 06:44:49  6347  6347 log_tee.cpp:185] Added station 111: 02:15:e8:00:01:00
log_tee(6347)  D 10-07 06:44:49  6347  6347 log_tee.cpp:185] Added station 112: 02:15:e9:00:00:00
log_tee(6347)  D 10-07 06:44:49  6347  6347 log_tee.cpp:185] Added station 113: 02:15:e9:00:01:00
log_tee(6347)  D 10-07 06:44:49  6347  6347 log_tee.cpp:185] Added station 114: 02:15:ea:00:00:00
log_tee(6347)  D 10-07 06:44:49  6347  6347 log_tee.cpp:185] Added station 115: 02:15:ea:00:01:00
log_tee(6347)  D 10-07 06:44:49  6347  6347 log_tee.cpp:185] Added station 116: 02:15:eb:00:00:00
log_tee(6347)  D 10-07 06:44:49  6347  6347 log_tee.cpp:185] Added station 117: 02:15:eb:00:01:00
log_tee(6347)  D 10-07 06:44:49  6347  6347 log_tee.cpp:185] Added station 118: 02:15:ec:00:00:00
log_tee(6347)  D 10-07 06:44:49  6347  6347 log_tee.cpp:185] Added station 119: 02:15:ec:00:01:00
log_tee(6347)  D 10-07 06:44:49  6347  6347 log_tee.cpp:185] Added station 120: 02:15:ed:00:00:00
log_tee(6347)  D 10-07 06:44:49  6347  6347 log_tee.cpp:185] Added station 121: 02:15:ed:00:01:00
log_tee(6347)  D 10-07 06:44:49  6347  6347 log_tee.cpp:185] Added station 122: 02:15:ee:00:00:00
log_tee(6347)  D 10-07 06:44:49  6347  6347 log_tee.cpp:185] Added station 123: 02:15:ee:00:01:00
log_tee(6347)  D 10-07 06:44:49  6347  6347 log_tee.cpp:185] Added station 124: 02:15:ef:00:00:00
log_tee(6347)  D 10-07 06:44:49  6347  6347 log_tee.cpp:185] Added station 125: 02:15:ef:00:01:00
log_tee(6347)  D 10-07 06:44:49  6347  6347 log_tee.cpp:185] Added station 126: 02:15:f0:00:00:00
log_tee(6347)  D 10-07 06:44:49  6347  6347 log_tee.cpp:185] Added station 127: 02:15:f0:00:01:00
log_tee(6347)  D 10-07 06:44:49  6347  6347 log_tee.cpp:185] Added station 128: 02:15:f1:00:00:00
log_tee(6347)  D 10-07 06:44:49  6347  6347 log_tee.cpp:185] Added station 129: 02:15:f1:00:01:00
log_tee(6347)  D 10-07 06:44:49  6347  6347 log_tee.cpp:185] Server listening on unix:/tmp/cf_avd_1001/cvd-1/grpc_socket/WmediumdServer.sock
run_cvd(6328)  D 10-07 06:44:49  6332  6421 process_monitor.cc:279] Waiting for a `stop` message from the parent
socket_vsock_proxy(6401)  W 10-07 06:44:49  6401  6401 socket_vsock_proxy.cpp:266] Log tags unsupported with abseil logging: socket_vsock_proxy
socket_vsock_proxy(6357)  W 10-07 06:44:49  6357  6357 socket_vsock_proxy.cpp:266] Log tags unsupported with abseil logging: adb
socket_vsock_proxy(6401)  D 10-07 06:44:49  6401  6401 socket_vsock_proxy.cpp:248] Starting proxy
socket_vsock_proxy(6357)  D 10-07 06:44:49  6357  6357 socket_vsock_proxy.cpp:196] Start reading events to start/stop proxying
(adm_helpers.cc:48): Unable to access speaker.
adb_connector(6356)  D 10-07 06:44:49  6356  6365 adb_connection_maintainer.cpp:227] adb connect message for 127.0.0.1:6520 successfully sent
webRTC(6353)  I 10-07 06:44:49  6353  6353 main.cpp:534] Connecting to custom action server cuttlefish_example_action_server
webRTC(6353)  D 10-07 06:44:49  6353  6353 connection_observer.cpp:485] Action server is listening to command: settings
webRTC(6353)  D 10-07 06:44:49  6353  6353 connection_observer.cpp:485] Action server is listening to command: alert
webRTC(6353)  D 10-07 06:44:49  6353  6353 host_utils.h:75] ConfUI: HalInputLoopthread started.
webRTC(6353)  D 10-07 06:44:49  6353  6353 host_utils.h:75] ConfUI: MainLoopthread started.
webRTC(6353)  D 10-07 06:44:49  6353  6353 host_server.cc:108] ConfUI: host service started.
log_tee(6418)  W 10-07 06:44:49  6418  6418 log_tee.cpp:88] Log tags unsupported with abseil logging: crosvm
log_tee(6418)  D 10-07 06:44:49  6418  6418 log_tee.cpp:120] Starting to read from process crosvm
log_tee(6379)  W 10-07 06:44:49  6379  6379 log_tee.cpp:88] Log tags unsupported with abseil logging: casimir
process_restarter(6420)  D 10-07 06:44:49  6420  6420 command.cc:323] Started (pid: 6448): /var/tmp/cvd/1001/1791355487963379/artifacts/host_tools/bin/crosvm
log_tee(6379)  D 10-07 06:44:49  6379  6379 log_tee.cpp:120] Starting to read from process casimir
process_restarter(6420)  D 10-07 06:44:49  6420  6420 command.cc:325] --extended-status
process_restarter(6420)  D 10-07 06:44:49  6420  6420 command.cc:325] run
process_restarter(6420)  D 10-07 06:44:49  6420  6420 command.cc:325] --socket=/tmp/cf_avd_1001/cvd-1/internal/crosvm_control.sock
process_restarter(6420)  D 10-07 06:44:49  6420  6420 command.cc:325] --no-smt
process_restarter(6420)  D 10-07 06:44:49  6420  6420 command.cc:325] --no-usb
process_restarter(6420)  D 10-07 06:44:49  6420  6420 command.cc:325] --core-scheduling=false
process_restarter(6420)  D 10-07 06:44:49  6420  6420 command.cc:325] --vhost-user-connect-timeout-ms=30000
process_restarter(6420)  D 10-07 06:44:49  6420  6420 command.cc:325] --vhost-user=mac80211-hwsim,socket=/tmp/cf_env_1001/env-1/vhost_user_mac80211
process_restarter(6420)  D 10-07 06:44:49  6420  6420 command.cc:325] --wayland-sock=/tmp/cf_avd_1001/cvd-1/internal/frames.sock
process_restarter(6420)  D 10-07 06:44:49  6420  6420 command.cc:325] --gpu=displays=[[mode=windowed[720,1348],dpi=[280,280],refresh-rate=60]],context-types=gfxstream-vulkan:gfxstream-composer,pci-address=00:02.0,egl=true,surfaceless=true,glx=false,gles=false,renderer-features="GlProgramBinaryLinkStatus:enabled,VulkanUseDedicatedAhbMemoryType:enabled"
process_restarter(6420)  D 10-07 06:44:49  6420  6420 command.cc:325] --pmem=path=/var/tmp/cvd/1001/1791355487963379/home/cuttlefish/instances/cvd-1/internal/hwcomposer-pmem
process_restarter(6420)  D 10-07 06:44:49  6420  6420 command.cc:325] --mem=4096
process_restarter(6420)  D 10-07 06:44:49  6420  6420 command.cc:325] --cpus=2
process_restarter(6420)  D 10-07 06:44:49  6420  6420 command.cc:325] --block=path=/var/tmp/cvd/1001/1791355487963379/home/cuttlefish/instances/cvd-1/overlay.img,pci-address=00:13.0
process_restarter(6420)  D 10-07 06:44:49  6420  6420 command.cc:325] --block=path=/var/tmp/cvd/1001/1791355487963379/home/cuttlefish/instances/cvd-1/persistent_composite.img,pci-address=00:14.0
process_restarter(6420)  D 10-07 06:44:49  6420  6420 command.cc:325] --block=path=/var/tmp/cvd/1001/1791355487963379/home/cuttlefish/instances/cvd-1/sdcard.img,pci-address=00:15.0
process_restarter(6420)  D 10-07 06:44:49  6420  6420 command.cc:325] --vhost-user=type=input,socket=/tmp/cf_avd_1001/cvd-1/internal/touch_0.sock,max-queue-size=256
process_restarter(6420)  D 10-07 06:44:49  6420  6420 command.cc:325] --vhost-user=type=input,socket=/tmp/cf_avd_1001/cvd-1/internal/rotary.sock,max-queue-size=256
gnss_grpc_proxy(6364)  D 10-07 06:44:49  6364  6364 gnss_grpc_proxy.cpp:454] Server listening on port 7200
gnss_grpc_proxy(6364)  D 10-07 06:44:49  6364  6364 gnss_grpc_proxy.cpp:457] Server listening on at /tmp/cf_avd_1001/cvd-1/grpc_socket/GnssGrpcProxyServer.sock
process_restarter(6420)  D 10-07 06:44:49  6420  6420 command.cc:325] --vhost-user=type=input,socket=/tmp/cf_avd_1001/cvd-1/internal/keyboard.sock,max-queue-size=256
process_restarter(6420)  D 10-07 06:44:49  6420  6420 command.cc:325] --vhost-user=type=input,socket=/tmp/cf_avd_1001/cvd-1/internal/switches.sock,max-queue-size=256
process_restarter(6420)  D 10-07 06:44:49  6420  6420 command.cc:325] --net=tap-name=cvd-mtap-01,mac=00:1a:11:e0:cf:00,pci-address=00:01.1
process_restarter(6420)  D 10-07 06:44:49  6420  6420 command.cc:325] --net=tap-name=cvd-etap-01,mac=00:1a:11:e1:cf:00,pci-address=00:01.2
process_restarter(6420)  D 10-07 06:44:49  6420  6420 command.cc:325] --pmem=path=/var/tmp/cvd/1001/1791355487963379/home/cuttlefish/instances/cvd-1/access-kregistry
process_restarter(6420)  D 10-07 06:44:49  6420  6420 command.cc:325] --pstore=path=/var/tmp/cvd/1001/1791355487963379/home/cuttlefish/instances/cvd-1/pstore,size=2097152
process_restarter(6420)  D 10-07 06:44:49  6420  6420 command.cc:325] --disable-sandbox
process_restarter(6420)  D 10-07 06:44:49  6420  6420 command.cc:325] --vsock=cid=3
process_restarter(6420)  D 10-07 06:44:49  6420  6420 command.cc:325] --serial=hardware=virtio-console,num=1,type=file,path=/var/tmp/cvd/1001/1791355487963379/home/cuttlefish/instances/cvd-1/internal/kernel-log-pipe,console=true
process_restarter(6411)  D 10-07 06:44:49  6411  6411 command.cc:323] Started (pid: 6452): /var/tmp/cvd/1001/1791355487963379/artifacts/host_tools/bin/crosvm
process_restarter(6420)  D 10-07 06:44:49  6420  6420 command.cc:325] --serial=hardware=serial,num=1,type=file,path=/var/tmp/cvd/1001/1791355487963379/home/cuttlefish/instances/cvd-1/internal/kernel-log-pipe,earlycon=true
process_restarter(6411)  D 10-07 06:44:49  6411  6411 command.cc:325] --extended-status
process_restarter(6420)  D 10-07 06:44:49  6420  6420 command.cc:325] --serial=hardware=virtio-console,num=2,type=sink
process_restarter(6411)  D 10-07 06:44:49  6411  6411 command.cc:325] run
process_restarter(6411)  D 10-07 06:44:49  6411  6411 command.cc:325] --socket=/tmp/cf_avd_1001/cvd-1/internal/ap_control.sock
process_restarter(6420)  D 10-07 06:44:49  6420  6420 command.cc:325] --serial=hardware=virtio-console,num=3,type=file,path=/var/tmp/cvd/1001/1791355487963379/home/cuttlefish/instances/cvd-1/internal/logcat-pipe
process_restarter(6411)  D 10-07 06:44:49  6411  6411 command.cc:325] --no-usb
process_restarter(6411)  D 10-07 06:44:49  6411  6411 command.cc:325] --core-scheduling=false
process_restarter(6420)  D 10-07 06:44:49  6420  6420 command.cc:325] --serial=hardware=virtio-console,num=4,type=file,path=/var/tmp/cvd/1001/1791355487963379/home/cuttlefish/instances/cvd-1/internal/keymaster_fifo_vm.out,input=/var/tmp/cvd/1001/1791355487963379/home/cuttlefish/instances/cvd-1/internal/keymaster_fifo_vm.in
process_restarter(6411)  D 10-07 06:44:49  6411  6411 command.cc:325] --vhost-user=mac80211-hwsim,socket=/tmp/cf_env_1001/env-1/vhost_user_mac80211
process_restarter(6411)  D 10-07 06:44:49  6411  6411 command.cc:325] --net=tap-name=cvd-wifiap-01
process_restarter(6420)  D 10-07 06:44:49  6420  6420 command.cc:325] --serial=hardware=virtio-console,num=5,type=file,path=/var/tmp/cvd/1001/1791355487963379/home/cuttlefish/instances/cvd-1/internal/gatekeeper_fifo_vm.out,input=/var/tmp/cvd/1001/1791355487963379/home/cuttlefish/instances/cvd-1/internal/gatekeeper_fifo_vm.in
process_restarter(6411)  D 10-07 06:44:49  6411  6411 command.cc:325] --disable-sandbox
process_restarter(6411)  D 10-07 06:44:49  6411  6411 command.cc:325] --block=path=/var/tmp/cvd/1001/1791355487963379/home/cuttlefish/instances/cvd-1/ap_overlay.img
process_restarter(6420)  D 10-07 06:44:49  6420  6420 command.cc:325] --serial=hardware=virtio-console,num=6,type=file,path=/var/tmp/cvd/1001/1791355487963379/home/cuttlefish/instances/cvd-1/internal/bt_fifo_vm.out,input=/var/tmp/cvd/1001/1791355487963379/home/cuttlefish/instances/cvd-1/internal/bt_fifo_vm.in
process_restarter(6411)  D 10-07 06:44:49  6411  6411 command.cc:325] --serial=hardware=serial,num=1,type=file,path=/var/tmp/cvd/1001/1791355487963379/home/cuttlefish/instances/cvd-1/logs/crosvm_openwrt_boot.log,earlycon=true
process_restarter(6420)  D 10-07 06:44:49  6420  6420 command.cc:325] --serial=hardware=virtio-console,num=7,type=file,path=/var/tmp/cvd/1001/1791355487963379/home/cuttlefish/instances/cvd-1/internal/gnsshvc_fifo_vm.out,input=/var/tmp/cvd/1001/1791355487963379/home/cuttlefish/instances/cvd-1/internal/gnsshvc_fifo_vm.in
process_restarter(6411)  D 10-07 06:44:49  6411  6411 command.cc:325] --serial=hardware=virtio-console,num=1,type=file,path=/var/tmp/cvd/1001/1791355487963379/home/cuttlefish/instances/cvd-1/logs/crosvm_openwrt.log
process_restarter(6411)  D 10-07 06:44:49  6411  6411 command.cc:325] --params="root=/dev/vda1"
process_restarter(6420)  D 10-07 06:44:49  6420  6420 command.cc:325] --serial=hardware=virtio-console,num=8,type=file,path=/var/tmp/cvd/1001/1791355487963379/home/cuttlefish/instances/cvd-1/internal/locationhvc_fifo_vm.out,input=/var/tmp/cvd/1001/1791355487963379/home/cuttlefish/instances/cvd-1/internal/locationhvc_fifo_vm.in
process_restarter(6411)  D 10-07 06:44:49  6411  6411 command.cc:325] --params=wan_broadcast=192.168.94.3
process_restarter(6420)  D 10-07 06:44:49  6420  6420 command.cc:325] --serial=hardware=virtio-console,num=9,type=file,path=/var/tmp/cvd/1001/1791355487963379/home/cuttlefish/instances/cvd-1/internal/confui_fifo_vm.out,input=/var/tmp/cvd/1001/1791355487963379/home/cuttlefish/instances/cvd-1/internal/confui_fifo_vm.in
process_restarter(6411)  D 10-07 06:44:49  6411  6411 command.cc:325] --params=wan_gateway=192.168.94.1
process_restarter(6411)  D 10-07 06:44:49  6411  6411 command.cc:325] --params=wan_ipaddr=192.168.94.2
process_restarter(6420)  D 10-07 06:44:49  6420  6420 command.cc:325] --serial=hardware=virtio-console,num=10,type=file,path=/var/tmp/cvd/1001/1791355487963379/home/cuttlefish/instances/cvd-1/internal/uwb_fifo_vm.out,input=/var/tmp/cvd/1001/1791355487963379/home/cuttlefish/instances/cvd-1/internal/uwb_fifo_vm.in
process_restarter(6411)  D 10-07 06:44:49  6411  6411 command.cc:325] --params=bridged_wifi_tap=false
process_restarter(6411)  D 10-07 06:44:49  6411  6411 command.cc:325] --params=webrtc_device_id=cvd_1-1-1
process_restarter(6420)  D 10-07 06:44:49  6420  6420 command.cc:325] --serial=hardware=virtio-console,num=11,type=file,path=/var/tmp/cvd/1001/1791355487963379/home/cuttlefish/instances/cvd-1/internal/oemlock_fifo_vm.out,input=/var/tmp/cvd/1001/1791355487963379/home/cuttlefish/instances/cvd-1/internal/oemlock_fifo_vm.in
process_restarter(6411)  D 10-07 06:44:49  6411  6411 command.cc:325] /var/tmp/cvd/1001/1791355487963379/artifacts/host_tools/etc/openwrt/images/openwrt_kernel_x86_64
process_restarter(6420)  D 10-07 06:44:49  6420  6420 command.cc:325] --serial=hardware=virtio-console,num=12,type=file,path=/var/tmp/cvd/1001/1791355487963379/home/cuttlefish/instances/cvd-1/internal/keymint_fifo_vm.out,input=/var/tmp/cvd/1001/1791355487963379/home/cuttlefish/instances/cvd-1/internal/keymint_fifo_vm.in
process_restarter(6420)  D 10-07 06:44:49  6420  6420 command.cc:325] --serial=hardware=virtio-console,num=13,type=file,path=/var/tmp/cvd/1001/1791355487963379/home/cuttlefish/instances/cvd-1/internal/nfc_fifo_vm.out,input=/var/tmp/cvd/1001/1791355487963379/home/cuttlefish/instances/cvd-1/internal/nfc_fifo_vm.in
process_restarter(6420)  D 10-07 06:44:49  6420  6420 command.cc:325] --serial=hardware=virtio-console,num=14,type=file,path=/var/tmp/cvd/1001/1791355487963379/home/cuttlefish/instances/cvd-1/internal/weaver_fifo_vm.out,input=/var/tmp/cvd/1001/1791355487963379/home/cuttlefish/instances/cvd-1/internal/weaver_fifo_vm.in
process_restarter(6420)  D 10-07 06:44:49  6420  6420 command.cc:325] --serial=hardware=virtio-console,num=15,type=sink
process_restarter(6420)  D 10-07 06:44:49  6420  6420 command.cc:325] --serial=hardware=virtio-console,num=16,type=sink
process_restarter(6420)  D 10-07 06:44:49  6420  6420 command.cc:325] --serial=hardware=virtio-console,num=17,type=sink
process_restarter(6420)  D 10-07 06:44:49  6420  6420 command.cc:325] --serial=hardware=virtio-console,num=18,type=sink
netsimd I 10-07 06:44:49.567 external/+_repo_rules+android_tools_netsim/rust/daemon/src/rust_main.rs:99 - netsim artifacts path: "/tmp/android-runner/netsimd"
netsimd I 10-07 06:44:49.567 external/+_repo_rules+android_tools_netsim/rust/daemon/src/rust_main.rs:102 - NetsimdArgs {
    fd_startup_str: Some(
        "{\"devices\":[{\"name\":\"0.0.0.0:6520\",\"chips\":[{\"kind\":\"BLUETOOTH\",\"fdIn\":163,\"fdOut\":164},{\"kind\":\"UWB\",\"fdIn\":165,\"fdOut\":166}],\"device_info\":{\"name\":\"0.0.0.0:6520\", \"kind\":\"CUTTLEFISH\"}}]}",
    ),
    no_cli_ui: false,
    no_web_ui: false,
    pcap: false,
    disable_address_reuse: false,
    hci_port: Some(
        7300,
    ),
    connector_instance: None,
    instance: Some(
        1,
    ),
    logtostderr: false,
    dev: false,
    forward_host_mdns: false,
    vsock: None,
    config: None,
    host_dns: None,
    http_proxy: None,
    wifi_tap: None,
    test_beacons: false,
    no_test_beacons: false,
    no_shutdown: false,
    verbose: false,
    version: false,
}
Server listening on unix:/tmp/cf_avd_1001/cvd-1/grpc_socket/EchoServer.sock
log_tee(6409)  W 10-07 06:44:49  6409  6409 log_tee.cpp:88] Log tags unsupported with abseil logging: openwrt
log_tee(6409)  D 10-07 06:44:49  6409  6409 log_tee.cpp:120] Starting to read from process openwrt
process_restarter(6420)  D 10-07 06:44:49  6420  6420 command.cc:325] --serial=hardware=virtio-console,num=19,type=file,path=/var/tmp/cvd/1001/1791355487963379/home/cuttlefish/instances/cvd-1/internal/sensors_control_fifo_vm.out,input=/var/tmp/cvd/1001/1791355487963379/home/cuttlefish/instances/cvd-1/internal/sensors_control_fifo_vm.in
process_restarter(6420)  D 10-07 06:44:49  6420  6420 command.cc:325] --serial=hardware=virtio-console,num=20,type=file,path=/var/tmp/cvd/1001/1791355487963379/home/cuttlefish/instances/cvd-1/internal/sensors_data_fifo_vm.out,input=/var/tmp/cvd/1001/1791355487963379/home/cuttlefish/instances/cvd-1/internal/sensors_data_fifo_vm.in
process_restarter(6420)  D 10-07 06:44:49  6420  6420 command.cc:325] --sound=/tmp/cf_avd_1001/cvd-1/internal/audio_server.sock
process_restarter(6420)  D 10-07 06:44:49  6420  6420 command.cc:325] --pflash=/var/tmp/cvd/1001/1791355487963379/home/cuttlefish/instances/cvd-1/pflash.img
process_restarter(6420)  D 10-07 06:44:49  6420  6420 command.cc:325] --bios=/var/tmp/cvd/1001/1791355487963379/artifacts/host_tools/etc/bootloader_x86_64/bootloader.crosvm
screen_recording_server(6355)  D 10-07 06:44:49  6355  6355 main.cpp:115] Server listening on unix:/tmp/cf_avd_1001/cvd-1/grpc_socket/ScreenRecordingServer.sock
log_tee(6379)  D 10-07 06:44:49  6379  6379 log_tee.cpp:185] [2026-10-07T06:44:49Z INFO  casimir] Listening for NCI connections on fd 36
log_tee(6379)  D 10-07 06:44:49  6379  6379 log_tee.cpp:185] [2026-10-07T06:44:49Z INFO  casimir] Listening for RF connections on fd 37
log_tee(6379)  D 10-07 06:44:49  6379  6379 log_tee.cpp:185] [2026-10-07T06:44:49Z INFO  casimir] Incoming NCI connection from (unnamed)
log_tee(6379)  D 10-07 06:44:49  6379  6379 log_tee.cpp:185] [2026-10-07T06:44:49Z INFO  casimir] Accepted NCI connection from (unnamed) in slot 0
log_tee(6418)  D 10-07 06:44:49  6418  6418 log_tee.cpp:172] [2026-10-07T06:44:49.574843009+00:00 INFO  crosvm__bin::crosvm::sys::linux::device_helpers] Trying to attach block device: /var/tmp/cvd/1001/1791355487963379/home/cuttlefish/instances/cvd-1/overlay.img
log_tee(6418)  D 10-07 06:44:49  6418  6418 log_tee.cpp:172] [2026-10-07T06:44:49.574915534+00:00 INFO  disk] disk size 327680
log_tee(6418)  D 10-07 06:44:49  6418  6418 log_tee.cpp:172] [2026-10-07T06:44:49.574974284+00:00 INFO  disk] disk size 20480
log_tee(6418)  D 10-07 06:44:49  6418  6418 log_tee.cpp:172] [2026-10-07T06:44:49.574988220+00:00 INFO  disk] disk size 67108864
log_tee(6418)  D 10-07 06:44:49  6418  6418 log_tee.cpp:172] [2026-10-07T06:44:49.574999762+00:00 INFO  disk] disk size 67108864
log_tee(6418)  D 10-07 06:44:49  6418  6418 log_tee.cpp:172] [2026-10-07T06:44:49.575013848+00:00 INFO  disk] disk size 1048576
log_tee(6418)  D 10-07 06:44:49  6418  6418 log_tee.cpp:172] [2026-10-07T06:44:49.575026752+00:00 INFO  disk] disk size 8388608
log_tee(6418)  D 10-07 06:44:49  6418  6418 log_tee.cpp:172] [2026-10-07T06:44:49.575038724+00:00 INFO  disk] disk size 8388608
log_tee(6418)  D 10-07 06:44:49  6418  6418 log_tee.cpp:172] [2026-10-07T06:44:49.575050657+00:00 INFO  disk] disk size 67108864
log_tee(6418)  D 10-07 06:44:49  6418  6418 log_tee.cpp:172] [2026-10-07T06:44:49.575062649+00:00 INFO  disk] disk size 1048576
log_tee(6418)  D 10-07 06:44:49  6418  6418 log_tee.cpp:172] [2026-10-07T06:44:49.575074431+00:00 INFO  disk] disk size 8589934592
log_tee(6418)  D 10-07 06:44:49  6418  6418 log_tee.cpp:172] [2026-10-07T06:44:49.575087315+00:00 INFO  disk] disk size 8589934592
log_tee(6418)  D 10-07 06:44:49  6418  6418 log_tee.cpp:172] [2026-10-07T06:44:49.575099397+00:00 INFO  disk] disk size 65536
log_tee(6418)  D 10-07 06:44:49  6418  6418 log_tee.cpp:172] [2026-10-07T06:44:49.575111039+00:00 INFO  disk] disk size 65536
log_tee(6418)  D 10-07 06:44:49  6418  6418 log_tee.cpp:172] [2026-10-07T06:44:49.575122851+00:00 INFO  disk] disk size 65536
log_tee(6418)  D 10-07 06:44:49  6418  6418 log_tee.cpp:172] [2026-10-07T06:44:49.575134543+00:00 INFO  disk] disk size 65536
log_tee(6418)  D 10-07 06:44:49  6418  6418 log_tee.cpp:172] [2026-10-07T06:44:49.575145944+00:00 INFO  disk] disk size 65536
log_tee(6418)  D 10-07 06:44:49  6418  6418 log_tee.cpp:172] [2026-10-07T06:44:49.575157365+00:00 INFO  disk] disk size 65536
log_tee(6418)  D 10-07 06:44:49  6418  6418 log_tee.cpp:172] [2026-10-07T06:44:49.575168386+00:00 INFO  disk] disk size 65536
log_tee(6418)  D 10-07 06:44:49  6418  6418 log_tee.cpp:172] [2026-10-07T06:44:49.575186630+00:00 INFO  disk] disk size 65536
log_tee(6418)  D 10-07 06:44:49  6418  6418 log_tee.cpp:172] [2026-10-07T06:44:49.575198663+00:00 INFO  disk] disk size 33863680
log_tee(6418)  D 10-07 06:44:49  6418  6418 log_tee.cpp:172] [2026-10-07T06:44:49.575211096+00:00 INFO  disk] disk size 20480
log_tee(6418)  D 10-07 06:44:49  6418  6418 log_tee.cpp:172] [2026-10-07T06:44:49.575222277+00:00 INFO  disk] disk size 33863680
log_tee(6418)  D 10-07 06:44:49  6418  6418 log_tee.cpp:172] [2026-10-07T06:44:49.575233748+00:00 INFO  disk] disk size 20480
log_tee(6418)  D 10-07 06:44:49  6418  6418 log_tee.cpp:172] [2026-10-07T06:44:49.575245851+00:00 INFO  disk] disk size 77824
log_tee(6418)  D 10-07 06:44:49  6418  6418 log_tee.cpp:172] [2026-10-07T06:44:49.575321412+00:00 INFO  crosvm__bin::crosvm::sys::linux::device_helpers] Trying to attach block device: /var/tmp/cvd/1001/1791355487963379/home/cuttlefish/instances/cvd-1/persistent_composite.img
log_tee(6418)  D 10-07 06:44:49  6418  6418 log_tee.cpp:172] [2026-10-07T06:44:49.575335558+00:00 INFO  disk] disk size 634
log_tee(6418)  D 10-07 06:44:49  6418  6418 log_tee.cpp:172] [2026-10-07T06:44:49.575365253+00:00 INFO  disk] disk size 20480
log_tee(6418)  D 10-07 06:44:49  6418  6418 log_tee.cpp:172] [2026-10-07T06:44:49.575381203+00:00 INFO  disk] disk size 73728
log_tee(6418)  D 10-07 06:44:49  6418  6418 log_tee.cpp:172] [2026-10-07T06:44:49.575393937+00:00 INFO  disk] disk size 65536
log_tee(6418)  D 10-07 06:44:49  6418  6418 log_tee.cpp:172] [2026-10-07T06:44:49.575406340+00:00 INFO  disk] disk size 1048576
log_tee(6418)  D 10-07 06:44:49  6418  6418 log_tee.cpp:172] [2026-10-07T06:44:49.575420436+00:00 INFO  disk] disk size 73728
log_tee(6418)  D 10-07 06:44:49  6418  6418 log_tee.cpp:172] [2026-10-07T06:44:49.575433761+00:00 INFO  disk] disk size 28672
log_tee(6418)  D 10-07 06:44:49  6418  6418 log_tee.cpp:172] [2026-10-07T06:44:49.575449942+00:00 INFO  crosvm__bin::crosvm::sys::linux::device_helpers] Trying to attach block device: /var/tmp/cvd/1001/1791355487963379/home/cuttlefish/instances/cvd-1/sdcard.img
log_tee(6418)  D 10-07 06:44:49  6418  6418 log_tee.cpp:172] [2026-10-07T06:44:49.575461563+00:00 INFO  disk] disk size 2147483648
log_tee(6409)  D 10-07 06:44:49  6409  6409 log_tee.cpp:172] [2026-10-07T06:44:49.574426899+00:00 INFO  crosvm__bin::crosvm::sys::linux::device_helpers] Trying to attach block device: /var/tmp/cvd/1001/1791355487963379/home/cuttlefish/instances/cvd-1/ap_overlay.img
log_tee(6409)  D 10-07 06:44:49  6409  6409 log_tee.cpp:172] [2026-10-07T06:44:49.575839228+00:00 INFO  disk] disk size 327680
log_tee(6409)  D 10-07 06:44:49  6409  6409 log_tee.cpp:172] [2026-10-07T06:44:49.575961065+00:00 INFO  disk] disk size 20480
log_tee(6409)  D 10-07 06:44:49  6409  6409 log_tee.cpp:172] [2026-10-07T06:44:49.575987544+00:00 INFO  disk] disk size 139067392
log_tee(6409)  D 10-07 06:44:49  6409  6409 log_tee.cpp:172] [2026-10-07T06:44:49.576007602+00:00 INFO  disk] disk size 45056
webRTC(6353)  D 10-07 06:44:49  6353  6444 server.cpp:229] VIRTIO_SND_PCM_INFO: start=0, count=2
webRTC(6353)  D 10-07 06:44:49  6353  6444 server.cpp:316] VRTIO_SND_R_CHMAP_INFO: start_id=0, count=2
log_tee(6345)  D 10-07 06:44:49  6345  6345 log_tee.cpp:185] [2026-10-07T06:44:49Z INFO  cf_vhost_user_input] Accepted connection in vhost-user daemon
log_tee(6336)  D 10-07 06:44:49  6336  6336 log_tee.cpp:185] [2026-10-07T06:44:49Z INFO  cf_vhost_user_input] Accepted connection in vhost-user daemon
log_tee(6341)  D 10-07 06:44:49  6341  6341 log_tee.cpp:185] [2026-10-07T06:44:49Z INFO  cf_vhost_user_input] Accepted connection in vhost-user daemon
log_tee(6343)  D 10-07 06:44:49  6343  6343 log_tee.cpp:185] [2026-10-07T06:44:49Z INFO  cf_vhost_user_input] Accepted connection in vhost-user daemon
log_tee(6409)  I 10-07 06:44:49  6409  6409 log_tee.cpp:174] [2026-10-07T06:44:49.586969056+00:00 INFO  x86_64] Loaded bzImage kernel
log_tee(6418)  D 10-07 06:44:49  6418  6418 log_tee.cpp:185] [features.cpp(63)] Gfxstream feature GlProgramBinaryLinkStatus enabled
log_tee(6418)  D 10-07 06:44:49  6418  6418 log_tee.cpp:185] [features.cpp(63)] Gfxstream feature VulkanUseDedicatedAhbMemoryType enabled
log_tee(6418)  D 10-07 06:44:49  6418  6418 log_tee.cpp:185] [virtio_gpu_gfxstream_renderer.cpp(769)] Gfxstream features:
log_tee(6418)  D 10-07 06:44:49  6418  6418 log_tee.cpp:185] [virtio_gpu_gfxstream_renderer.cpp(780)]     AsyncComposeSupport: disabled (Default reason)
log_tee(6418)  D 10-07 06:44:49  6418  6418 log_tee.cpp:185] [virtio_gpu_gfxstream_renderer.cpp(780)]     BypassVulkanDeviceFeatureOverrides: disabled (Default reason)
log_tee(6418)  D 10-07 06:44:49  6418  6418 log_tee.cpp:185] [virtio_gpu_gfxstream_renderer.cpp(780)]     EglOnEgl: enabled (rendererFlags & STREAM_RENDERER_FLAGS_USE_EGL_BIT || gfxstream::base::getEnvironmentVariable("ANDROID_EGL_ON_EGL") == "1")
log_tee(6418)  D 10-07 06:44:49  6418  6418 log_tee.cpp:185] [virtio_gpu_gfxstream_renderer.cpp(780)]     ExternalBlob: disabled (rendererFlags & STREAM_RENDERER_FLAGS_USE_EXTERNAL_BLOB || features.VulkanAllocateHostVisibleAsUdmabuf.enabled())
log_tee(6418)  D 10-07 06:44:49  6418  6418 log_tee.cpp:185] [virtio_gpu_gfxstream_renderer.cpp(780)]     GlAsyncSwap: disabled (false)
log_tee(6418)  D 10-07 06:44:49  6418  6418 log_tee.cpp:185] [virtio_gpu_gfxstream_renderer.cpp(780)]     GlDirectMem: disabled (false)
log_tee(6418)  D 10-07 06:44:49  6418  6418 log_tee.cpp:185] [virtio_gpu_gfxstream_renderer.cpp(780)]     GlDma: disabled (false)
log_tee(6418)  D 10-07 06:44:49  6418  6418 log_tee.cpp:185] [virtio_gpu_gfxstream_renderer.cpp(780)]     GlDma2: disabled (Default reason)
log_tee(6418)  D 10-07 06:44:49  6418  6418 log_tee.cpp:185] [virtio_gpu_gfxstream_renderer.cpp(780)]     GlPipeChecksum: disabled (false)
log_tee(6418)  D 10-07 06:44:49  6418  6418 log_tee.cpp:185] [virtio_gpu_gfxstream_renderer.cpp(780)]     GlProgramBinaryLinkStatus: enabled (Overridden via STREAM_RENDERER_PARAM_RENDERER_FEATURES)
log_tee(6418)  D 10-07 06:44:49  6418  6418 log_tee.cpp:185] [virtio_gpu_gfxstream_renderer.cpp(780)]     GlesDynamicVersion: enabled (true)
log_tee(6418)  D 10-07 06:44:49  6418  6418 log_tee.cpp:185] [virtio_gpu_gfxstream_renderer.cpp(780)]     GrallocSync: disabled (Default reason)
log_tee(6418)  D 10-07 06:44:49  6418  6418 log_tee.cpp:185] [virtio_gpu_gfxstream_renderer.cpp(780)]     GuestVulkanOnly: enabled ((rendererFlags & STREAM_RENDERER_FLAGS_USE_VK_BIT) && !(rendererFlags & STREAM_RENDERER_FLAGS_USE_GLES_BIT))
log_tee(6418)  D 10-07 06:44:49  6418  6418 log_tee.cpp:185] [virtio_gpu_gfxstream_renderer.cpp(780)]     HasSharedSlotsHostMemoryAllocator: disabled (Default reason)
log_tee(6418)  D 10-07 06:44:49  6418  6418 log_tee.cpp:185] [virtio_gpu_gfxstream_renderer.cpp(780)]     HostComposition: enabled (true)
log_tee(6418)  D 10-07 06:44:49  6418  6418 log_tee.cpp:185] [virtio_gpu_gfxstream_renderer.cpp(780)]     HwcMultiConfigs: disabled (Default reason)
log_tee(6418)  D 10-07 06:44:49  6418  6418 log_tee.cpp:185] [virtio_gpu_gfxstream_renderer.cpp(780)]     Minigbm: disabled (Default reason)
log_tee(6418)  D 10-07 06:44:49  6418  6418 log_tee.cpp:185] [virtio_gpu_gfxstream_renderer.cpp(780)]     MinimalLogging: disabled (Default reason)
log_tee(6418)  D 10-07 06:44:49  6418  6418 log_tee.cpp:185] [virtio_gpu_gfxstream_renderer.cpp(780)]     NativeTextureDecompression: disabled (false)
log_tee(6418)  D 10-07 06:44:49  6418  6418 log_tee.cpp:185] [virtio_gpu_gfxstream_renderer.cpp(780)]     NoDelayCloseColorBuffer: enabled (true)
log_tee(6418)  D 10-07 06:44:49  6418  6418 log_tee.cpp:185] [virtio_gpu_gfxstream_renderer.cpp(780)]     RefCountPipe: disabled (false)
log_tee(6418)  D 10-07 06:44:49  6418  6418 log_tee.cpp:185] [virtio_gpu_gfxstream_renderer.cpp(780)]     Surfaceless: enabled (rendererFlags & STREAM_RENDERER_FLAGS_USE_SURFACELESS_BIT)
log_tee(6418)  D 10-07 06:44:49  6418  6418 log_tee.cpp:185] [virtio_gpu_gfxstream_renderer.cpp(780)]     SystemBlob: disabled (rendererFlags & STREAM_RENDERER_FLAGS_USE_SYSTEM_BLOB)
log_tee(6418)  D 10-07 06:44:49  6418  6418 log_tee.cpp:185] [virtio_gpu_gfxstream_renderer.cpp(780)]     VirtioGpuFenceContexts: enabled (true)
log_tee(6418)  D 10-07 06:44:49  6418  6418 log_tee.cpp:185] [virtio_gpu_gfxstream_renderer.cpp(780)]     VirtioGpuNativeSync: enabled (true)
log_tee(6418)  D 10-07 06:44:49  6418  6418 log_tee.cpp:185] [virtio_gpu_gfxstream_renderer.cpp(780)]     VirtioGpuNext: enabled (true)
log_tee(6418)  D 10-07 06:44:49  6418  6418 log_tee.cpp:185] [virtio_gpu_gfxstream_renderer.cpp(780)]     Vulkan: enabled (rendererFlags & STREAM_RENDERER_FLAGS_USE_VK_BIT)
log_tee(6418)  D 10-07 06:44:49  6418  6418 log_tee.cpp:185] [virtio_gpu_gfxstream_renderer.cpp(780)]     VulkanAllocateDeviceMemoryOnly: disabled (Default reason)
log_tee(6418)  D 10-07 06:44:49  6418  6418 log_tee.cpp:185] [virtio_gpu_gfxstream_renderer.cpp(780)]     VulkanAllocateHostMemory: disabled (Default reason)
log_tee(6418)  D 10-07 06:44:49  6418  6418 log_tee.cpp:185] [virtio_gpu_gfxstream_renderer.cpp(780)]     VulkanAllocateHostVisibleAsUdmabuf: disabled (gfxstream::base::IsAndroidKernel6_6() && gfxstream::base::HasUdmabufDevice())
log_tee(6418)  D 10-07 06:44:49  6418  6418 log_tee.cpp:185] [virtio_gpu_gfxstream_renderer.cpp(780)]     VulkanBatchedDescriptorSetUpdate: enabled (true)
log_tee(6418)  D 10-07 06:44:49  6418  6418 log_tee.cpp:185] [virtio_gpu_gfxstream_renderer.cpp(780)]     VulkanCommandBufferCheckpoints: disabled (Default reason)
log_tee(6418)  D 10-07 06:44:49  6418  6418 log_tee.cpp:185] [virtio_gpu_gfxstream_renderer.cpp(780)]     VulkanDebugUtils: disabled (Default reason)
log_tee(6418)  D 10-07 06:44:49  6418  6418 log_tee.cpp:185] [virtio_gpu_gfxstream_renderer.cpp(780)]     VulkanDisableCoherentMemoryAndEmulate: disabled (Default reason)
log_tee(6418)  D 10-07 06:44:49  6418  6418 log_tee.cpp:185] [virtio_gpu_gfxstream_renderer.cpp(780)]     VulkanEnsureCachedCoherentMemoryAvailable: enabled (true)
log_tee(6418)  D 10-07 06:44:49  6418  6418 log_tee.cpp:185] [virtio_gpu_gfxstream_renderer.cpp(780)]     VulkanExternalMemoryMode: (Unset) (Default reason)
log_tee(6418)  D 10-07 06:44:49  6418  6418 log_tee.cpp:185] [virtio_gpu_gfxstream_renderer.cpp(780)]     VulkanExternalSync: disabled (rendererFlags & STREAM_RENDERER_FLAGS_VULKAN_EXTERNAL_SYNC)
log_tee(6418)  D 10-07 06:44:49  6418  6418 log_tee.cpp:185] [virtio_gpu_gfxstream_renderer.cpp(780)]     VulkanIgnoredHandles: enable
kernel_log_monitor(6377)  I 10-07 06:44:49  6377  6377 kernel_log_server.cc:145] GUEST_UBOOT_VERSION: SPL 2024.04-g3fe964757589-ab15108624 (Mar 27 2026 - 21:26:21 +0000)
log_tee(6418)  W 10-07 06:44:49  6418  6418 log_tee.cpp:167] [2026-10-07T06:44:49.745616226+00:00 WARN  devices::pci::pcie::pci_bridge] kernel modify subordinate bus number: 1 -> 255
kernel_log_monitor(6377)  I 10-07 06:44:49  6377  6377 kernel_log_server.cc:145] GUEST_UBOOT_VERSION: 2024.04-g3fe964757589-ab15108624 (Mar 27 2026 - 21:26:21 +0000)
kernel_log_monitor(6377)  I 10-07 06:44:49  6377  6377 kernel_log_server.cc:155] U-Boot 20
secure_env(6403)  D 10-07 06:44:49  6403  6442 secure_env_only_oemlock.cpp:112] secure_env detected guest reboot, restarting.
kernel_log_monitor(6377)  I 10-07 06:44:49  6377  6377 kernel_log_server.cc:145] GUEST_UBOOT_VERSION: generated SMBIOS tables
secure_env(6403)  D 10-07 06:44:50  6403  6543 oemlock_responder.cpp:34] Receiving oemlock command
secure_env(6403)  D 10-07 06:44:50  6403  6543 channel_sharedfd.cpp:55] Received message with id: 3
secure_env(6403)  D 10-07 06:44:50  6403  6543 oemlock_responder.cpp:86] Sending oemlock response
secure_env(6403)  D 10-07 06:44:50  6403  6543 oemlock_responder.cpp:34] Receiving oemlock command
secure_env(6403)  D 10-07 06:44:50  6403  6543 channel_sharedfd.cpp:55] Received message with id: 3
secure_env(6403)  D 10-07 06:44:50  6403  6543 oemlock_responder.cpp:86] Sending oemlock response
secure_env(6403)  D 10-07 06:44:50  6403  6543 oemlock_responder.cpp:34] Receiving oemlock command
secure_env(6403)  D 10-07 06:44:50  6403  6543 channel_sharedfd.cpp:55] Received message with id: 3
secure_env(6403)  D 10-07 06:44:50  6403  6543 oemlock_responder.cpp:86] Sending oemlock response
webRTC(6353)  E 10-07 06:44:50  6353  6402 vsock_connection.cpp:224] Failed to connect:NOT_FOUND: StrError(): No such device
secure_env(6403)  D 10-07 06:44:50  6403  6543 oemlock_responder.cpp:34] Receiving oemlock command
secure_env(6403)  D 10-07 06:44:50  6403  6543 channel_sharedfd.cpp:55] Received message with id: 3
secure_env(6403)  D 10-07 06:44:50  6403  6543 oemlock_responder.cpp:86] Sending oemlock response
secure_env(6403)  D 10-07 06:44:50  6403  6543 oemlock_responder.cpp:34] Receiving oemlock command
secure_env(6403)  D 10-07 06:44:50  6403  6543 channel_sharedfd.cpp:55] Received message with id: 3
secure_env(6403)  D 10-07 06:44:50  6403  6543 oemlock_responder.cpp:86] Sending oemlock response
secure_env(6403)  D 10-07 06:44:50  6403  6543 oemlock_responder.cpp:34] Receiving oemlock command
secure_env(6403)  D 10-07 06:44:50  6403  6543 channel_sharedfd.cpp:55] Received message with id: 3
secure_env(6403)  D 10-07 06:44:50  6403  6543 oemlock_responder.cpp:86] Sending oemlock response
kernel_log_monitor(6377)  I 10-07 06:44:51  6377  6377 kernel_log_server.cc:145] GUEST_KERNEL_VERSION: 6.12.74-android16-6-g3ec022196c4e-ab15076761 (kleaf@build-host) (Android (14043575, +pgo, +bolt, +lto, +mlgo, based on r536225) clang version 19.0.1 (https://android.googlesource.com/toolchain/llvm-project b3a530ec6537146650e42be89f1089e9a3588460), LLD 19.0.1) #1 SMP PREEMPT Tue Mar 24 05:36:21 UTC 2026
kernel_log_monitor(6377)  I 10-07 06:44:51  6377  6377 kernel_log_server.cc:155] ] Linux version
webRTC(6353)  E 10-07 06:44:51  6353  6402 vsock_connection.cpp:224] Failed to connect:NOT_FOUND: StrError(): No such device
webRTC(6353)  E 10-07 06:44:52  6353  6402 vsock_connection.cpp:224] Failed to connect:NOT_FOUND: StrError(): No such device
webRTC(6353)  E 10-07 06:44:53  6353  6402 vsock_connection.cpp:224] Failed to connect:NOT_FOUND: StrError(): No such device
webRTC(6353)  E 10-07 06:44:54  6353  6402 vsock_connection.cpp:224] Failed to connect:UNAVAILABLE: StrError(): Connection reset by peer
adb_connector(6356)  D 10-07 06:44:54  6356  6365 adb_connection_maintainer.cpp:234] adb connected to 127.0.0.1:6520
webRTC(6353)  E 10-07 06:44:55  6353  6402 vsock_connection.cpp:224] Failed to connect:UNAVAILABLE: StrError(): Connection reset by peer
kernel_log_monitor(6377)  I 10-07 06:44:56  6377  6377 kernel_log_server.cc:145] GUEST_BUILD_FINGERPRINT: generic/aosp_cf_x86_64_only_phone/vsoc_x86_64_only:17/CP2A.260605.016/16373615:userdebug/test-keys
webRTC(6353)  E 10-07 06:44:56  6353  6402 vsock_connection.cpp:224] Failed to connect:UNAVAILABLE: StrError(): Connection reset by peer
log_tee(6418)  W 10-07 06:44:56  6418  6418 log_tee.cpp:167] [2026-10-07T06:44:56.757246702+00:00 WARN  devices::virtio::snd::vios_backend::streams] Failed to set audio stream thread to real time: Operation not permitted (os error 1)
log_tee(6418)  W 10-07 06:44:56  6418  6418 log_tee.cpp:167] [2026-10-07T06:44:56.758005284+00:00 WARN  devices::virtio::snd::vios_backend::streams] Failed to set audio stream thread to real time: Operation not permitted (os error 1)
log_tee(6418)  W 10-07 06:44:56  6418  6418 log_tee.cpp:167] [2026-10-07T06:44:56.759782704+00:00 WARN  devices::virtio::snd::vios_backend::streams] Failed to set audio stream thread to real time: Operation not permitted (os error 1)
webRTC(6353)  E 10-07 06:44:57  6353  6402 vsock_connection.cpp:224] Failed to connect:UNAVAILABLE: StrError(): Connection reset by peer
sensors_simulator(6407)  D 10-07 06:44:58  6407  6460 channel_sharedfd.cpp:55] Received message with id: 0
sensors_simulator(6407)  D 10-07 06:44:58  6407  6460 channel_sharedfd.cpp:55] Received message with id: 0
sensors_simulator(6407)  D 10-07 06:44:58  6407  6460 channel_sharedfd.cpp:55] Received message with id: 0
sensors_simulator(6407)  D 10-07 06:44:58  6407  6460 channel_sharedfd.cpp:55] Received message with id: 0
sensors_simulator(6407)  D 10-07 06:44:58  6407  6460 channel_sharedfd.cpp:55] Received message with id: 0
sensors_simulator(6407)  D 10-07 06:44:58  6407  6460 channel_sharedfd.cpp:55] Received message with id: 0
sensors_simulator(6407)  D 10-07 06:44:58  6407  6460 channel_sharedfd.cpp:55] Received message with id: 0
sensors_simulator(6407)  D 10-07 06:44:58  6407  6460 channel_sharedfd.cpp:55] Received message with id: 0
sensors_simulator(6407)  D 10-07 06:44:58  6407  6460 channel_sharedfd.cpp:55] Received message with id: 0
sensors_simulator(6407)  D 10-07 06:44:58  6407  6460 channel_sharedfd.cpp:55] Received message with id: 0
sensors_simulator(6407)  D 10-07 06:44:58  6407  6460 channel_sharedfd.cpp:55] Received message with id: 0
log_tee(6409)  I 10-07 06:44:58  6409  6409 log_tee.cpp:174] [2026-10-07T06:44:58.536723559+00:00 INFO  devices::cmos] Ignoring unsupported bits: 80
webRTC(6353)  E 10-07 06:44:58  6353  6402 vsock_connection.cpp:224] Failed to connect:UNAVAILABLE: StrError(): Connection reset by peer
log_tee(6418)  D 10-07 06:44:59  6418  6418 log_tee.cpp:185] d (true)
log_tee(6418)  D 10-07 06:44:59  6418  6418 log_tee.cpp:185] [virtio_gpu_gfxstream_renderer.cpp(780)]     VulkanNativeSwapchain: disabled (rendererFlags & STREAM_RENDERER_FLAGS_VULKAN_NATIVE_SWAPCHAIN_BIT)
log_tee(6418)  D 10-07 06:44:59  6418  6418 log_tee.cpp:185] [virtio_gpu_gfxstream_renderer.cpp(780)]     VulkanNullOptionalStrings: enabled (true)
log_tee(6418)  D 10-07 06:44:59  6418  6418 log_tee.cpp:185] [virtio_gpu_gfxstream_renderer.cpp(780)]     VulkanProtectedMemoryEmulation: disabled (Default reason)
log_tee(6418)  D 10-07 06:44:59  6418  6418 log_tee.cpp:185] [virtio_gpu_gfxstream_renderer.cpp(780)]     VulkanQueueSubmitWithCommands: enabled (true)
log_tee(6418)  D 10-07 06:44:59  6418  6418 log_tee.cpp:185] [virtio_gpu_gfxstream_renderer.cpp(780)]     VulkanRobustness: disabled (Default reason)
log_tee(6418)  D 10-07 06:44:59  6418  6418 log_tee.cpp:185] [virtio_gpu_gfxstream_renderer.cpp(780)]     VulkanShaderFloat16Int8: enabled (true)
log_tee(6418)  D 10-07 06:44:59  6418  6418 log_tee.cpp:185] [virtio_gpu_gfxstream_renderer.cpp(780)]     VulkanSnapshots: disabled (gfxstream::base::getEnvironmentVariable("ANDROID_GFXSTREAM_CAPTURE_VK_SNAPSHOT") == "1")
log_tee(6418)  D 10-07 06:44:59  6418  6418 log_tee.cpp:185] [virtio_gpu_gfxstream_renderer.cpp(780)]     VulkanUseDedicatedAhbMemoryType: enabled (Overridden via STREAM_RENDERER_PARAM_RENDERER_FEATURES)
log_tee(6418)  D 10-07 06:44:59  6418  6418 log_tee.cpp:185] [virtio_gpu_gfxstream_renderer.cpp(780)]     VulkanVirtualQueue: disabled (Default reason)
log_tee(6418)  D 10-07 06:44:59  6418  6418 log_tee.cpp:185] [virtio_gpu_gfxstream_renderer.cpp(780)]     Yuv420888ToNv21: disabled (Default reason)
log_tee(6418)  D 10-07 06:44:59  6418  6418 log_tee.cpp:185] [virtio_gpu_gfxstream_renderer.cpp(780)]     YuvCache: disabled (Default reason)
log_tee(6418)  D 10-07 06:44:59  6418  6418 log_tee.cpp:185] [shared_library.cpp(43)] SharedLibrary::open for [/usr/lib/cuttlefish-common/bin/lib64/vulkan/libvulkan.so]
log_tee(6418)  D 10-07 06:44:59  6418  6418 log_tee.cpp:185] [shared_library.cpp(43)] SharedLibrary::open for [/usr/lib/cuttlefish-common/bin/lib64/vulkan/libvulkan.so.1]
log_tee(6418)  D 10-07 06:44:59  6418  6418 log_tee.cpp:185] [shared_library.cpp(43)] SharedLibrary::open for [/usr/lib/cuttlefish-common/bin/lib64/vulkan/libvulkan.so]
log_tee(6418)  D 10-07 06:44:59  6418  6418 log_tee.cpp:185] [shared_library.cpp(43)] SharedLibrary::open for [/usr/lib/cuttlefish-common/bin/lib64/vulkan/libvulkan.so.1]
log_tee(6418)  D 10-07 06:44:59  6418  6418 log_tee.cpp:185] [shared_library.cpp(43)] SharedLibrary::open for [libvulkan.so]
log_tee(6418)  D 10-07 06:44:59  6418  6418 log_tee.cpp:185] [shared_library.cpp(43)] SharedLibrary::open for [libvulkan.so.1]
log_tee(6418)  D 10-07 06:44:59  6418  6418 log_tee.cpp:185] [vulkan_dispatch.cpp(223)] Added library: libvulkan.so.1
log_tee(6418)  D 10-07 06:44:59  6418  6418 log_tee.cpp:185] [vk_common_operations.cpp(1341)] Selecting Vulkan device: SwiftShader Device (LLVM 16.0.0), Version: 1.3.0
log_tee(6418)  D 10-07 06:44:59  6418  6418 log_tee.cpp:185] [vk_common_operations.cpp(1345)] Using Vulkan externalMemoryMode: OpaqueFd for VkEmulation
log_tee(6418)  D 10-07 06:44:59  6418  6418 log_tee.cpp:185] [vk_common_operations.cpp(1684)] Initializing VkEmulation features:
log_tee(6418)  D 10-07 06:44:59  6418  6418 log_tee.cpp:185] [vk_common_operations.cpp(1686)]     glInteropSupported: false
log_tee(6418)  D 10-07 06:44:59  6418  6418 log_tee.cpp:185] [vk_common_operations.cpp(1687)]     useDeferredCommands: true
log_tee(6418)  D 10-07 06:44:59  6418  6418 log_tee.cpp:185] [vk_common_operations.cpp(1689)]     createResourceWithRequirements: true
log_tee(6418)  D 10-07 06:44:59  6418  6418 log_tee.cpp:185] [vk_common_operations.cpp(1691)]     useVulkanComposition: true
log_tee(6418)  D 10-07 06:44:59  6418  6418 log_tee.cpp:185] [vk_common_operations.cpp(1693)]     useVulkanNativeSwapchain: false
log_tee(6418)  D 10-07 06:44:59  6418  6418 log_tee.cpp:185] [vk_common_operations.cpp(1694)]     enable guestRenderDoc: false
log_tee(6418)  D 10-07 06:44:59  6418  6418 log_tee.cpp:185] [vk_common_operations.cpp(1696)]     ASTC LDR emulation mode: Gpu
log_tee(6418)  D 10-07 06:44:59  6418  6418 log_tee.cpp:185] [vk_common_operations.cpp(1698)]     enable ETC2 emulation: true
log_tee(6418)  D 10-07 06:44:59  6418  6418 log_tee.cpp:185] [vk_common_operations.cpp(1700)]     enable Ycbcr emulation: false
log_tee(6418)  D 10-07 06:44:59  6418  6418 log_tee.cpp:185] [vk_common_operations.cpp(1701)]     guestVulkanOnly: true
log_tee(6418)  D 10-07 06:44:59  6418  6418 log_tee.cpp:185] [vk_common_operations.cpp(1703)]     useDedicatedAllocations: false
log_tee(6418)  D 10-07 06:44:59  6418  6418 log_tee.cpp:185] [vk_common_operations.cpp(1707)]     guestVulkanMaxApiVersion: 1.3.275
log_tee(6418)  D 10-07 06:44:59  6418  6418 log_tee.cpp:185] [vk_common_operations.cpp(1709)]     enableProtectedMemoryEmulation: false
log_tee(6418)  D 10-07 06:44:59  6418  6418 log_tee.cpp:185] [compositor_vk.cpp(181)] Created CompositorVk
log_tee(6418)  D 10-07 06:44:59  6418  6418 log_tee.cpp:185] [frame_buffer.cpp(1502)] Graphics Adapter Vendor N/A
log_tee(6418)  D 10-07 06:44:59  6418  6418 log_tee.cpp:185] [frame_buffer.cpp(1503)] Graphics Adapter N/A
log_tee(6418)  D 10-07 06:44:59  6418  6418 log_tee.cpp:185] [frame_buffer.cpp(1504)] Graphics API Version N/A
log_tee(6418)  D 10-07 06:44:59  6418  6418 log_tee.cpp:185] [frame_buffer.cpp(1505)] Graphics API Extensions N/A
log_tee(6418)  D 10-07 06:44:59  6418  6418 log_tee.cpp:185] [frame_buffer.cpp(1506)] Graphics Device Extensions N/A
log_tee(6418)  D 10-07 06:44:59  6418  6418 log_tee.cpp:185] [virtio_gpu_gfxstream_renderer.cpp(813)] Gfxstream initialized successfully!
log_tee(6418)  D 10-07 06:44:59  6418  6418 log_tee.cpp:185] [virtio_gpu_frontend.cpp(709)] Format support:
log_tee(6418)  D 10-07 06:44:59  6418  6418 log_tee.cpp:185] [virtio_gpu_frontend.cpp(726)]  VIRGL_FORMAT_B5G6R5_UNORM: supported
log_tee(6418)  D 10-07 06:44:59  6418  6418 log_tee.cpp:185] [virtio_gpu_frontend.cpp(726)]  VIRGL_FORMAT_B8G8R8A8_UNORM: supported
log_tee(6418)  D 10-07 06:44:59  6418  6418 log_tee.cpp:185] [virtio_gpu_frontend.cpp(726)]  VIRGL_FORMAT_B8G8R8X8_UNORM: supported
log_tee(6418)  D 10-07 06:44:59  6418  6418 log_tee.cpp:185] [virtio_gpu_frontend.cpp(726)]  VIRGL_FORMAT_NV12: supported
log_tee(6418)  D 10-07 06:44:59  6418  6418 log_tee.cpp:185] [virtio_gpu_frontend.cpp(726)]  VIRGL_FORMAT_P010: supported
log_tee(6418)  D 10-07 06:44:59  6418  6418 log_tee.cpp:185] [virtio_gpu_frontend.cpp(726)]  VIRGL_FORMAT_R10G10B10A2_UNORM: supported
log_tee(6418)  D 10-07 06:44:59  6418  6418 log_tee.cpp:185] [virtio_gpu_frontend.cpp(726)]  VIRGL_FORMAT_R16_UNORM: supported
log_tee(6418)  D 10-07 06:44:59  6418  6418 log_tee.cpp:185] [virtio_gpu_frontend.cpp(726)]  VIRGL_FORMAT_R16G16B16A16_FLOAT: supported
log_tee(6418)  D 10-07 06:44:59  6418  6418 log_tee.cpp:185] [virtio_gpu_frontend.cpp(726)]  VIRGL_FORMAT_R8_UNORM: supported
log_tee(6418)  D 10-07 06:44:59  6418  6418 log_tee.cpp:185] [virtio_gpu_frontend.cpp(726)]  VIRGL_FORMAT_R8G8_UNORM: supported
log_tee(6418)  D 10-07 06:44:59  6418  6418 log_tee.cpp:185] [virtio_gpu_frontend.cpp(726)]  VIRGL_FORMAT_R8G8B8_UNOR
kernel_log_monitor(6377)  I 10-07 06:44:59  6377  6377 kernel_log_server.cc:155] init: starting service 'adbd'...
socket_vsock_proxy(6357)  I 10-07 06:44:59  6357  6357 socket_vsock_proxy.cpp:216] Start event (5) received. Starting proxy
socket_vsock_proxy(6357)  I 10-07 06:44:59  6357  6357 socket_vsock_proxy.cpp:158] From: tcp: 6520
socket_vsock_proxy(6357)  I 10-07 06:44:59  6357  6357 socket_vsock_proxy.cpp:159] To: vsock: 3:5555 vhost_user: false
socket_vsock_proxy(6358)  I 10-07 06:44:59  6358  6358 socket_vsock_proxy.cpp:223] Stop event (11) received. Stopping proxy
adb_connector(6356)  D 10-07 06:44:59  6356  6365 adb_connection_maintainer.cpp:241] Watching for disconnect on 127.0.0.1:6520
adb_connector(6356)  W 10-07 06:44:59  6356  6365 adb_connection_maintainer.cpp:250] transport message failed, response body: device offline
adb_connector(6356)  D 10-07 06:44:59  6356  6365 adb_connection_maintainer.cpp:285] Sending adb disconnect
socket_vsock_proxy(6357)  D 10-07 06:44:59  6357  6712 client.cpp:110] Connected to vsock:3:5555
socket_vsock_proxy(6357)  D 10-07 06:44:59  6357  6712 socket2socket_proxy.cpp:163] Launching proxy threads
socket_vsock_proxy(6357)  D 10-07 06:44:59  6357  6717 socket2socket_proxy.cpp:88] c2t: Proxy thread started. Starting copying data
socket_vsock_proxy(6357)  D 10-07 06:44:59  6357  6712 socket2socket_proxy.cpp:166] Proxy is launched. Amount of currently tracked proxy pairs: 1
socket_vsock_proxy(6357)  D 10-07 06:44:59  6357  6718 socket2socket_proxy.cpp:88] t2c: Proxy thread started. Starting copying data
kernel_log_monitor(6377)  I 10-07 06:45:00  6377  6377 kernel_log_server.cc:155] VIRTUAL_DEVICE_DISPLAY_POWER_MODE_CHANGED
kernel_log_monitor(6377)  D 10-07 06:45:00  6377  6377 kernel_log_server.cc:171] Empty field for line: 
kernel_log_monitor(6377)  D 10-07 06:45:00  6377  6377 kernel_log_server.cc:171] [    9.024072] VIRTUAL_DEVICE_DISPLAY_POWER_MODE_CHANGED display=0 mode=ON
kernel_log_monitor(6377)  I 10-07 06:45:00  6377  6377 kernel_log_server.cc:155] VIRTUAL_DEVICE_DISPLAY_POWER_MODE_CHANGED
kernel_log_monitor(6377)  D 10-07 06:45:00  6377  6377 kernel_log_server.cc:171] Empty field for line: 
kernel_log_monitor(6377)  D 10-07 06:45:00  6377  6377 kernel_log_server.cc:171] [    9.117125] VIRTUAL_DEVICE_DISPLAY_POWER_MODE_CHANGED display=0 mode=ON
log_tee(6409)  I 10-07 06:45:01  6409  6409 log_tee.cpp:174] [2026-10-07T06:45:01.556343962+00:00 INFO  crosvm__bin::crosvm::sys::linux] vcpu requested reset
log_tee(6409)  I 10-07 06:45:01  6409  6409 log_tee.cpp:174] [2026-10-07T06:45:01.660982456+00:00 INFO  crosvm__bin] exiting with reset
process_restarter(6411)  D 10-07 06:45:01  6411  6411 command.cc:323] Started (pid: 6731): /var/tmp/cvd/1001/1791355487963379/artifacts/host_tools/bin/crosvm
process_restarter(6411)  D 10-07 06:45:01  6411  6411 command.cc:325] --extended-status
process_restarter(6411)  D 10-07 06:45:01  6411  6411 command.cc:325] run
process_restarter(6411)  D 10-07 06:45:01  6411  6411 command.cc:325] --socket=/tmp/cf_avd_1001/cvd-1/internal/ap_control.sock
process_restarter(6411)  D 10-07 06:45:01  6411  6411 command.cc:325] --no-usb
process_restarter(6411)  D 10-07 06:45:01  6411  6411 command.cc:325] --core-scheduling=false
process_restarter(6411)  D 10-07 06:45:01  6411  6411 command.cc:325] --vhost-user=mac80211-hwsim,socket=/tmp/cf_env_1001/env-1/vhost_user_mac80211
process_restarter(6411)  D 10-07 06:45:01  6411  6411 command.cc:325] --net=tap-name=cvd-wifiap-01
process_restarter(6411)  D 10-07 06:45:01  6411  6411 command.cc:325] --disable-sandbox
process_restarter(6411)  D 10-07 06:45:01  6411  6411 command.cc:325] --block=path=/var/tmp/cvd/1001/1791355487963379/home/cuttlefish/instances/cvd-1/ap_overlay.img
process_restarter(6411)  D 10-07 06:45:01  6411  6411 command.cc:325] --serial=hardware=serial,num=1,type=file,path=/var/tmp/cvd/1001/1791355487963379/home/cuttlefish/instances/cvd-1/logs/crosvm_openwrt_boot.log,earlycon=true
process_restarter(6411)  D 10-07 06:45:01  6411  6411 command.cc:325] --serial=hardware=virtio-console,num=1,type=file,path=/var/tmp/cvd/1001/1791355487963379/home/cuttlefish/instances/cvd-1/logs/crosvm_openwrt.log
process_restarter(6411)  D 10-07 06:45:01  6411  6411 command.cc:325] --params="root=/dev/vda1"
process_restarter(6411)  D 10-07 06:45:01  6411  6411 command.cc:325] --params=wan_broadcast=192.168.94.3
process_restarter(6411)  D 10-07 06:45:01  6411  6411 command.cc:325] --params=wan_gateway=192.168.94.1
process_restarter(6411)  D 10-07 06:45:01  6411  6411 command.cc:325] --params=wan_ipaddr=192.168.94.2
process_restarter(6411)  D 10-07 06:45:01  6411  6411 command.cc:325] --params=bridged_wifi_tap=false
process_restarter(6411)  D 10-07 06:45:01  6411  6411 command.cc:325] --params=webrtc_device_id=cvd_1-1-1
process_restarter(6411)  D 10-07 06:45:01  6411  6411 command.cc:325] /var/tmp/cvd/1001/1791355487963379/artifacts/host_tools/etc/openwrt/images/openwrt_kernel_x86_64
log_tee(6409)  I 10-07 06:45:01  6409  6409 log_tee.cpp:174] [2026-10-07T06:45:01.672958756+00:00 INFO  crosvm__bin::crosvm::sys::linux::device_helpers] Trying to attach block device: /var/tmp/cvd/1001/1791355487963379/home/cuttlefish/instances/cvd-1/ap_overlay.img
log_tee(6409)  D 10-07 06:45:01  6409  6409 log_tee.cpp:172] [2026-10-07T06:45:01.673033336+00:00 INFO  disk] disk size 9895936
log_tee(6409)  D 10-07 06:45:01  6409  6409 log_tee.cpp:172] [2026-10-07T06:45:01.673101182+00:00 INFO  disk] disk size 20480
log_tee(6409)  D 10-07 06:45:01  6409  6409 log_tee.cpp:172] [2026-10-07T06:45:01.673132060+00:00 INFO  disk] disk size 139067392
log_tee(6409)  D 10-07 06:45:01  6409  6409 log_tee.cpp:172] [2026-10-07T06:45:01.673151045+00:00 INFO  disk] disk size 45056
log_tee(6409)  I 10-07 06:45:01  6409  6409 log_tee.cpp:174] [2026-10-07T06:45:01.681969452+00:00 INFO  x86_64] Loaded bzImage kernel
adb_connector(6356)  D 10-07 06:45:04  6356  6365 adb_connection_maintainer.cpp:223] Attempting to connect to device with address 127.0.0.1:6520
adb_connector(6356)  D 10-07 06:45:04  6356  6365 adb_connection_maintainer.cpp:227] adb connect message for 127.0.0.1:6520 successfully sent
socket_vsock_proxy(6357)  D 10-07 06:45:04  6357  6712 client.cpp:110] Connected to vsock:3:5555
socket_vsock_proxy(6357)  D 10-07 06:45:04  6357  6712 socket2socket_proxy.cpp:163] Launching proxy threads
socket_vsock_proxy(6357)  D 10-07 06:45:04  6357  6712 socket2socket_proxy.cpp:166] Proxy is launched. Amount of currently tracked proxy pairs: 2
socket_vsock_proxy(6357)  D 10-07 06:45:04  6357  6758 socket2socket_proxy.cpp:88] c2t: Proxy thread started. Starting copying data
socket_vsock_proxy(6357)  D 10-07 06:45:04  6357  6759 socket2socket_proxy.cpp:88] t2c: Proxy thread started. Starting copying data
adb_connector(6356)  D 10-07 06:45:09  6356  6365 adb_connection_maintainer.cpp:234] adb connected to 127.0.0.1:6520
adb_connector(6356)  D 10-07 06:45:14  6356  6365 adb_connection_maintainer.cpp:241] Watching for disconnect on 127.0.0.1:6520
sensors_simulator(6407)  D 10-07 06:45:19  6407  6460 channel_sharedfd.cpp:55] Received message with id: 0
log_tee(6379)  D 10-07 06:45:22  6379  6379 log_tee.cpp:185] [2026-10-07T06:45:22Z INFO  casimir::controller] [0] CORE_RESET_CMD
log_tee(6379)  D 10-07 06:45:22  6379  6379 log_tee.cpp:185] [2026-10-07T06:45:22Z INFO  casimir::controller]          ResetType: ResetConfig
log_tee(6379)  D 10-07 06:45:22  6379  6379 log_tee.cpp:185] [2026-10-07T06:45:22Z INFO  casimir::controller] [0] CORE_INIT_CMD
log_tee(6379)  D 10-07 06:45:22  6379  6379 log_tee.cpp:185] [2026-10-07T06:45:22Z INFO  casimir::controller] [0] RF_DISCOVER_MAP_CMD
log_tee(6379)  D 10-07 06:45:22  6379  6379 log_tee.cpp:185] [2026-10-07T06:45:22Z INFO  casimir::controller] [0] NFCEE_DISCOVER_CMD
log_tee(6379)  D 10-07 06:45:22  6379  6379 log_tee.cpp:185] [2026-10-07T06:45:22Z INFO  casimir::controller] [0] receive_data(1)
log_tee(6379)  D 10-07 06:45:22  6379  6379 log_tee.cpp:185] [2026-10-07T06:45:22Z INFO  casimir::controller] [0] received data on HCI logical connection
log_tee(6379)  D 10-07 06:45:23  6379  6379 log_tee.cpp:185] [2026-10-07T06:45:23Z INFO  casimir::controller] [0] CORE_GET_CONFIG_CMD
log_tee(6379)  D 10-07 06:45:23  6379  6379 log_tee.cpp:185] [2026-10-07T06:45:23Z INFO  casimir::controller]          ID: LfT3tMax
log_tee(6379)  D 10-07 06:45:23  6379  6379 log_tee.cpp:185] [2026-10-07T06:45:23Z INFO  casimir::controller] [0] CORE_SET_CONFIG_CMD
log_tee(6379)  D 10-07 06:45:23  6379  6379 log_tee.cpp:185] [2026-10-07T06:45:23Z INFO  casimir::controller]          Type: NfccConfigControl
log_tee(6379)  D 10-07 06:45:23  6379  6379 log_tee.cpp:185] [2026-10-07T06:45:23Z INFO  casimir::controller]          Value: [1]
log_tee(6379)  D 10-07 06:45:23  6379  6379 log_tee.cpp:185] [2026-10-07T06:45:23Z INFO  casimir::controller] [0] ANDROID_GET_CAPS_CMD
log_tee(6379)  D 10-07 06:45:23  6379  6379 log_tee.cpp:185] [2026-10-07T06:45:23Z INFO  casimir::controller] [0] CORE_SET_POWER_SUB_STATE_CMD
log_tee(6379)  D 10-07 06:45:23  6379  6379 log_tee.cpp:185] [2026-10-07T06:45:23Z INFO  casimir::controller]          State: SwitchedOnState
log_tee(6379)  D 10-07 06:45:23  6379  6379 log_tee.cpp:185] [2026-10-07T06:45:23Z INFO  casimir::controller] [0] ANDROID_QUERY_PASSIVE_OBSERVE_MODE_CMD
log_tee(6379)  D 10-07 06:45:23  6379  6379 log_tee.cpp:185] [2026-10-07T06:45:23Z INFO  casimir::controller]      Observe mode state: 0b0
log_tee(6379)  D 10-07 06:45:23  6379  6379 log_tee.cpp:185] [2026-10-07T06:45:23Z INFO  casimir::controller] [0] CORE_SET_CONFIG_CMD
log_tee(6379)  D 10-07 06:45:23  6379  6379 log_tee.cpp:185] [2026-10-07T06:45:23Z INFO  casimir::controller]          Type: ConDiscoveryParam
log_tee(6379)  D 10-07 06:45:23  6379  6379 log_tee.cpp:185] [2026-10-07T06:45:23Z INFO  casimir::controller]          Value: [0]
log_tee(6379)  D 10-07 06:45:23  6379  6379 log_tee.cpp:185] [2026-10-07T06:45:23Z INFO  casimir::controller] [0] ANDROID_SET_PASSIVE_OBSERVER_EXIT_FRAMES_CMD
log_tee(6379)  D 10-07 06:45:23  6379  6379 log_tee.cpp:185] [2026-10-07T06:45:23Z INFO  casimir::controller] number of exit frames 0
log_tee(6379)  D 10-07 06:45:23  6379  6379 log_tee.cpp:185] [2026-10-07T06:45:23Z INFO  casimir::controller] [0] RF_SET_LISTEN_MODE_ROUTING_CMD
log_tee(6379)  D 10-07 06:45:23  6379  6379 log_tee.cpp:185] [2026-10-07T06:45:23Z INFO  casimir::controller] [0] CORE_SET_CONFIG_CMD
log_tee(6379)  D 10-07 06:45:23  6379  6379 log_tee.cpp:185] [2026-10-07T06:45:23Z INFO  casimir::controller]          Type: RfFieldInfo
log_tee(6379)  D 10-07 06:45:23  6379  6379 log_tee.cpp:185] [2026-10-07T06:45:23Z INFO  casimir::controller]          Value: [1]
log_tee(6379)  D 10-07 06:45:23  6379  6379 log_tee.cpp:185] [2026-10-07T06:45:23Z INFO  casimir::controller] [0] CORE_SET_CONFIG_CMD
log_tee(6379)  D 10-07 06:45:23  6379  6379 log_tee.cpp:185] [2026-10-07T06:45:23Z INFO  casimir::controller]          Type: LaBitFrameSdd
log_tee(6379)  D 10-07 06:45:23  6379  6379 log_tee.cpp:185] [2026-10-07T06:45:23Z INFO  casimir::controller]          Value: [4]
log_tee(6379)  D 10-07 06:45:23  6379  6379 log_tee.cpp:185] [2026-10-07T06:45:23Z INFO  casimir::controller]          Type: LaPlatformConfig
log_tee(6379)  D 10-07 06:45:23  6379  6379 log_tee.cpp:185] [2026-10-07T06:45:23Z INFO  casimir::controller]          Value: [0]
log_tee(6379)  D 10-07 06:45:23  6379  6379 log_tee.cpp:185] [2026-10-07T06:45:23Z INFO  casimir::controller]          Type: LaSelInfo
log_tee(6379)  D 10-07 06:45:23  6379  6379 log_tee.cpp:185] [2026-10-07T06:45:23Z INFO  casimir::controller]          Value: [32]
log_tee(6379)  D 10-07 06:45:23  6379  6379 log_tee.cpp:185] [2026-10-07T06:45:23Z INFO  casimir::controller]          Type: LbSensbInfo
log_tee(6379)  D 10-07 06:45:23  6379  6379 log_tee.cpp:185] [2026-10-07T06:45:23Z INFO  casimir::controller]          Value: [0]
log_tee(6379)  D 10-07 06:45:23  6379  6379 log_tee.cpp:185] [2026-10-07T06:45:23Z INFO  casimir::controller]          Type: LfProtocolType
log_tee(6379)  D 10-07 06:45:23  6379  6379 log_tee.cpp:185] [2026-10-07T06:45:23Z INFO  casimir::controller]          Value: [0]
log_tee(6379)  D 10-07 06:45:23  6379  6379 log_tee.cpp:185] [2026-10-07T06:45:23Z INFO  casimir::controller] [0] CORE_SET_CONFIG_CMD
log_tee(6379)  D 10-07 06:45:23  6379  6379 log_tee.cpp:185] [2026-10-07T06:45:23Z INFO  casimir::controller]          Type: TotalDuration
log_tee(6379)  D 10-07 06:45:23  6379  6379 log_tee.cpp:185] [2026-10-07T06:45:23Z INFO  casimir::controller]          Value: [244, 1]
log_tee(6379)  D 10-07 06:45:23  6379  6379 log_tee.cpp:185] [2026-10-07T06:45:23Z INFO  casimir::controller] [0] RF_DISCOVER_CMD
log_tee(6379)  D 10-07 06:45:23  6379  6379 log_tee.cpp:185] [2026-10-07T06:45:23Z INFO  casimir::controller]          TechMode: NfcAPassivePollMode
log_tee(6379)  D 10-07 06:45:23  6379  6379 log_tee.cpp:185] [2026-10-07T06:45:23Z INFO  casimir::controller]          TechMode: NfcBPassivePollMode
log_tee(6379)  D 10-07 06:45:23  6379  6379 log_tee.cpp:185] [2026-10-07T06:45:23Z INFO  casimir::controller]          TechMode: NfcFPassivePollMode
log_tee(6379)  D 10-07 06:45:23  6379  6379 log_tee.cpp:185] [2026-10-07T06:45:23Z INFO  casimir::controller]          TechMode: NfcAPassiveListenMode
log_tee(6379)  D 10-07 06:45:23  6379  6379 log_tee.cpp:185] [2026-10-07T06:45:23Z INFO  casimir::controller]          TechMode: NfcVPassivePollMode
log_tee(6379)  D 10-07 06:45:23  6379  6379 log_tee.cpp:185] [2026-10-07T06:45:23Z INFO  casimir::controller] [0] RF_DEACTIVATE_CMD
log_tee(6379)  D 10-07 06:45:23  6379  6379 log_tee.cpp:185] [2026-10-07T06:45:23Z INFO  casimir::controller]          Type: IdleMode
log_tee(6379)  D 10-07 06:45:23  6379  6379 log_tee.cpp:185] [2026-10-07T06:45:23Z INFO  casimir::controller] [0] RF_SET_LISTEN_MODE_ROUTING_CMD
log_tee(6379)  D 10-07 06:45:23  6379  6379 log_tee.cpp:185] [2026-10-07T06:45:23Z INFO  casimir::controller] [0] RF_DISCOVER_CMD
log_tee(6379)  D 10-07 06:45:23  6379  6379 log_tee.cpp:185] [2026-10-07T06:45:23Z INFO  casimir::controller]          TechMode: NfcAPassivePollMode
log_tee(6379)  D 10-07 06:45:23  6379  6379 log_tee.cpp:185] [2026-10-07T06:45:23Z INFO  casimir::controller]          TechMode: NfcBPassivePollMode
log_tee(6379)  D 10-07 06:45:23  6379  6379 log_tee.cpp:185] [2026-10-07T06:45:23Z INFO  casimir::controller]          TechMode: NfcFPassivePollMode
log_tee(6379)  D 10-07 06:45:23  6379  6379 log_tee.cpp:185] [2026-10-07T06:45:23Z INFO  casimir::controller]          TechMode: NfcAPassiveListenMode
log_tee(6379)  D 10-07 06:45:23  6379  6379 log_tee.cpp:185] [2026-10-07T06:45:23Z INFO  casimir::controller]          TechMode: NfcVPassivePollMode
modem_simulator(6333)  D 10-07 06:45:23  6333  6338 channel_monitor.cpp:78] added one RIL client
sensors_simulator(6407)  D 10-07 06:45:24  6407  6460 channel_sharedfd.cpp:55] Received message with id: 0
sensors_simulator(6407)  D 10-07 06:45:27  6407  6460 channel_sharedfd.cpp:55] Received message with id: 0
sensors_simulator(6407)  D 10-07 06:45:27  6407  6460 channel_sharedfd.cpp:55] Received message with id: 0
log_tee(6379)  D 10-07 06:45:27  6379  6379 log_tee.cpp:185] [2026-10-07T06:45:27Z INFO  casimir::controller] [0] RF_DEACTIVATE_CMD
log_tee(6379)  D 10-07 06:45:27  6379  6379 log_tee.cpp:185] [2026-10-07T06:45:27Z INFO  casimir::controller]          Type: IdleMode
log_tee(6379)  D 10-07 06:45:27  6379  6379 log_tee.cpp:185] [2026-10-07T06:45:27Z INFO  casimir::controller] [0] ANDROID_SET_PASSIVE_OBSERVER_EXIT_FRAMES_CMD
log_tee(6379)  D 10-07 06:45:27  6379  6379 log_tee.cpp:185] [2026-10-07T06:45:27Z INFO  casimir::controller] number of exit frames 0
log_tee(6379)  D 10-07 06:45:27  6379  6379 log_tee.cpp:185] [2026-10-07T06:45:27Z INFO  casimir::controller] [0] RF_DISCOVER_CMD
log_tee(6379)  D 10-07 06:45:27  6379  6379 log_tee.cpp:185] [2026-10-07T06:45:27Z INFO  casimir::controller]          TechMode: NfcAPassivePollMode
log_tee(6379)  D 10-07 06:45:27  6379  6379 log_tee.cpp:185] [2026-10-07T06:45:27Z INFO  casimir::controller]          TechMode: NfcBPassivePollMode
log_tee(6379)  D 10-07 06:45:27  6379  6379 log_tee.cpp:185] [2026-10-07T06:45:27Z INFO  casimir::controller]          TechMode: NfcFPassivePollMode
log_tee(6379)  D 10-07 06:45:27  6379  6379 log_tee.cpp:185] [2026-10-07T06:45:27Z INFO  casimir::controller]          TechMode: NfcAPassiveListenMode
log_tee(6379)  D 10-07 06:45:27  6379  6379 log_tee.cpp:185] [2026-10-07T06:45:27Z INFO  casimir::controller]          TechMode: NfcVPassivePollMode
log_tee(6379)  D 10-07 06:45:28  6379  6379 log_tee.cpp:185] [2026-10-07T06:45:28Z INFO  casimir::controller] [0] RF_DEACTIVATE_CMD
log_tee(6379)  D 10-07 06:45:28  6379  6379 log_tee.cpp:185] [2026-10-07T06:45:28Z INFO  casimir::controller]          Type: IdleMode
log_tee(6379)  D 10-07 06:45:28  6379  6379 log_tee.cpp:185] [2026-10-07T06:45:28Z INFO  casimir::controller] [0] ANDROID_SET_PASSIVE_OBSERVER_EXIT_FRAMES_CMD
log_tee(6379)  D 10-07 06:45:28  6379  6379 log_tee.cpp:185] [2026-10-07T06:45:28Z INFO  casimir::controller] number of exit frames 0
log_tee(6379)  D 10-07 06:45:28  6379  6379 log_tee.cpp:185] [2026-10-07T06:45:28Z INFO  casimir::controller] [0] RF_DISCOVER_CMD
log_tee(6379)  D 10-07 06:45:28  6379  6379 log_tee.cpp:185] [2026-10-07T06:45:28Z INFO  casimir::controller]          TechMode: NfcAPassivePollMode
log_tee(6379)  D 10-07 06:45:28  6379  6379 log_tee.cpp:185] [2026-10-07T06:45:28Z INFO  casimir::controller]          TechMode: NfcBPassivePollMode
log_tee(6379)  D 10-07 06:45:28  6379  6379 log_tee.cpp:185] [2026-10-07T06:45:28Z INFO  casimir::controller]          TechMode: NfcFPassivePollMode
log_tee(6379)  D 10-07 06:45:28  6379  6379 log_tee.cpp:185] [2026-10-07T06:45:28Z INFO  casimir::controller]          TechMode: NfcAPassiveListenMode
log_tee(6379)  D 10-07 06:45:28  6379  6379 log_tee.cpp:185] [2026-10-07T06:45:28Z INFO  casimir::controller]          TechMode: NfcVPassivePollMode
log_tee(6379)  D 10-07 06:45:38  6379  6379 log_tee.cpp:185] [2026-10-07T06:45:38Z INFO  casimir::controller] [0] RF_DEACTIVATE_CMD
log_tee(6379)  D 10-07 06:45:38  6379  6379 log_tee.cpp:185] [2026-10-07T06:45:38Z INFO  casimir::controller]          Type: IdleMode
log_tee(6379)  D 10-07 06:45:38  6379  6379 log_tee.cpp:185] [2026-10-07T06:45:38Z INFO  casimir::controller] [0] ANDROID_SET_PASSIVE_OBSERVER_EXIT_FRAMES_CMD
log_tee(6379)  D 10-07 06:45:38  6379  6379 log_tee.cpp:185] [2026-10-07T06:45:38Z INFO  casimir::controller] number of exit frames 0
log_tee(6379)  D 10-07 06:45:38  6379  6379 log_tee.cpp:185] [2026-10-07T06:45:38Z INFO  casimir::controller] [0] RF_DISCOVER_CMD
log_tee(6379)  D 10-07 06:45:38  6379  6379 log_tee.cpp:185] [2026-10-07T06:45:38Z INFO  casimir::controller]          TechMode: NfcAPassivePollMode
log_tee(6379)  D 10-07 06:45:38  6379  6379 log_tee.cpp:185] [2026-10-07T06:45:38Z INFO  casimir::controller]          TechMode: NfcBPassivePollMode
log_tee(6379)  D 10-07 06:45:38  6379  6379 log_tee.cpp:185] [2026-10-07T06:45:38Z INFO  casimir::controller]          TechMode: NfcFPassivePollMode
log_tee(6379)  D 10-07 06:45:38  6379  6379 log_tee.cpp:185] [2026-10-07T06:45:38Z INFO  casimir::controller]          TechMode: NfcAPassiveListenMode
log_tee(6379)  D 10-07 06:45:38  6379  6379 log_tee.cpp:185] [2026-10-07T06:45:38Z INFO  casimir::controller]          TechMode: NfcVPassivePollMode
kernel_log_monitor(6377)  I 10-07 06:45:40  6377  6377 kernel_log_server.cc:155] VIRTUAL_DEVICE_BOOT_STARTED
kernel_log_monitor(6377)  I 10-07 06:45:41  6377  6377 kernel_log_server.cc:155] VIRTUAL_DEVICE_BOOT_COMPLETED
run_cvd(6325)  I 10-07 06:45:41  6325  6325 boot_state_machine.cc:190] Virtual device booted successfully
run_cvd(6325)  D 10-07 06:45:41  6325  6325 boot_state_machine.cc:209] VIRTUAL_DEVICE_BOOT_COMPLETED
socket_vsock_proxy(6357)  D 10-07 06:45:41  6357  6712 client.cpp:110] Connected to vsock:3:5555
socket_vsock_proxy(6357)  D 10-07 06:45:41  6357  6712 socket2socket_proxy.cpp:163] Launching proxy threads
socket_vsock_proxy(6357)  D 10-07 06:45:41  6357  6712 socket2socket_proxy.cpp:166] Proxy is launched. Amount of currently tracked proxy pairs: 3
socket_vsock_proxy(6357)  D 10-07 06:45:41  6357  6800 socket2socket_proxy.cpp:88] c2t: Proxy thread started. Starting copying data
socket_vsock_proxy(6357)  D 10-07 06:45:41  6357  6800 socket2socket_proxy.cpp:100] c2t: Proxy thread completed
socket_vsock_proxy(6357)  D 10-07 06:45:41  6357  6801 socket2socket_proxy.cpp:88] t2c: Proxy thread started. Starting copying data
socket_vsock_proxy(6357)  D 10-07 06:45:41  6357  6801 socket2socket_proxy.cpp:100] t2c: Proxy thread completed
socket_vsock_proxy(6357)  D 10-07 06:45:41  6357  6759 socket2socket_proxy.cpp:100] t2c: Proxy thread completed
socket_vsock_proxy(6357)  D 10-07 06:45:41  6357  6758 socket2socket_proxy.cpp:100] c2t: Proxy thread completed
socket_vsock_proxy(6357)  D 10-07 06:45:41  6357  6718 socket2socket_proxy.cpp:100] t2c: Proxy thread completed
socket_vsock_proxy(6357)  D 10-07 06:45:41  6357  6717 socket2socket_proxy.cpp:100] c2t: Proxy thread completed
kernel_log_monitor(6377)  I 10-07 06:45:41  6377  6377 kernel_log_server.cc:155] init: starting service 'adbd'...
socket_vsock_proxy(6358)  I 10-07 06:45:41  6358  6358 socket_vsock_proxy.cpp:223] Stop event (11) received. Stopping proxy
socket_vsock_proxy(6357)  D 10-07 06:45:42  6357  6712 client.cpp:110] Connected to vsock:3:5555
socket_vsock_proxy(6357)  D 10-07 06:45:42  6357  6712 socket2socket_proxy.cpp:163] Launching proxy threads
socket_vsock_proxy(6357)  D 10-07 06:45:42  6357  6814 socket2socket_proxy.cpp:88] c2t: Proxy thread started. Starting copying data
socket_vsock_proxy(6357)  D 10-07 06:45:42  6357  6815 socket2socket_proxy.cpp:88] t2c: Proxy thread started. Starting copying data
socket_vsock_proxy(6357)  D 10-07 06:45:42  6357  6712 socket2socket_proxy.cpp:166] Proxy is launched. Amount of currently tracked proxy pairs: 4
socket_vsock_proxy(6357)  D 10-07 06:45:42  6357  6712 client.cpp:110] Connected to vsock:3:5555
socket_vsock_proxy(6357)  D 10-07 06:45:42  6357  6712 socket2socket_proxy.cpp:163] Launching proxy threads
socket_vsock_proxy(6357)  D 10-07 06:45:42  6357  6712 socket2socket_proxy.cpp:166] Proxy is launched. Amount of currently tracked proxy pairs: 2
socket_vsock_proxy(6357)  D 10-07 06:45:42  6357  6816 socket2socket_proxy.cpp:88] c2t: Proxy thread started. Starting copying data
socket_vsock_proxy(6357)  D 10-07 06:45:42  6357  6817 socket2socket_proxy.cpp:88] t2c: Proxy thread started. Starting copying data
socket_vsock_proxy(6357)  D 10-07 06:45:45  6357  6712 client.cpp:110] Connected to vsock:3:5555
socket_vsock_proxy(6357)  D 10-07 06:45:45  6357  6712 socket2socket_proxy.cpp:163] Launching proxy threads
socket_vsock_proxy(6357)  D 10-07 06:45:45  6357  6829 socket2socket_proxy.cpp:88] c2t: Proxy thread started. Starting copying data
socket_vsock_proxy(6357)  D 10-07 06:45:45  6357  6712 socket2socket_proxy.cpp:166] Proxy is launched. Amount of currently tracked proxy pairs: 3
socket_vsock_proxy(6357)  D 10-07 06:45:45  6357  6829 socket2socket_proxy.cpp:100] c2t: Proxy thread completed
socket_vsock_proxy(6357)  D 10-07 06:45:45  6357  6830 socket2socket_proxy.cpp:88] t2c: Proxy thread started. Starting copying data
socket_vsock_proxy(6357)  D 10-07 06:45:45  6357  6830 socket2socket_proxy.cpp:100] t2c: Proxy thread completed
kernel_log_monitor(6377)  I 10-07 06:45:50  6377  6377 kernel_log_server.cc:155] VIRTUAL_DEVICE_NETWORK_MOBILE_CONNECTED
modem_simulator(6333)  D 10-07 06:46:40  6333  6338 channel_monitor.cpp:99] Error reading from client fd: OK
kernel_log_monitor(6377)  I 10-07 06:46:40  6377  6377 kernel_log_server.cc:155] VIRTUAL_DEVICE_DISPLAY_POWER_MODE_CHANGED
kernel_log_monitor(6377)  D 10-07 06:46:40  6377  6377 kernel_log_server.cc:171] Empty field for line: 
kernel_log_monitor(6377)  D 10-07 06:46:40  6377  6377 kernel_log_server.cc:171] [  109.152174] VIRTUAL_DEVICE_DISPLAY_POWER_MODE_CHANGED display=0 mode=OFF
log_tee(6418)  D 10-07 06:46:41  6418  6418 log_tee.cpp:185] M: supported
log_tee(6418)  D 10-07 06:46:41  6418  6418 log_tee.cpp:185] [virtio_gpu_frontend.cpp(726)]  VIRGL_FORMAT_R8G8B8A8_UNORM: supported
log_tee(6418)  D 10-07 06:46:41  6418  6418 log_tee.cpp:185] [virtio_gpu_frontend.cpp(726)]  VIRGL_FORMAT_R8G8B8X8_UNORM: supported
log_tee(6418)  D 10-07 06:46:41  6418  6418 log_tee.cpp:185] [virtio_gpu_frontend.cpp(726)]  VIRGL_FORMAT_YV12: supported
log_tee(6418)  D 10-07 06:46:41  6418  6418 log_tee.cpp:185] [virtio_gpu_frontend.cpp(726)]  VIRGL_FORMAT_Z16_UNORM: supported
log_tee(6418)  D 10-07 06:46:41  6418  6418 log_tee.cpp:185] [virtio_gpu_frontend.cpp(726)]  VIRGL_FORMAT_Z24_UNORM_S8_UINT: unsupported
log_tee(6418)  D 10-07 06:46:41  6418  6418 log_tee.cpp:185] [virtio_gpu_frontend.cpp(726)]  VIRGL_FORMAT_Z24X8_UNORM: unsupported
log_tee(6418)  D 10-07 06:46:41  6418  6418 log_tee.cpp:185] [virtio_gpu_frontend.cpp(726)]  VIRGL_FORMAT_Z32_FLOAT_S8X24_UINT: supported
log_tee(6418)  D 10-07 06:46:41  6418  6418 log_tee.cpp:185] [virtio_gpu_frontend.cpp(726)]  VIRGL_FORMAT_Z32_FLOAT: supported
log_tee(6418)  D 10-07 06:46:41  6418  6418 log_tee.cpp:185] [vk_decoder_global_state.cpp(1150)] Created VkInstance:0x7f25b402bd50 for application:'surfaceflinger' engine:'ANGLE'.
log_tee(6418)  D 10-07 06:46:41  6418  6418 log_tee.cpp:185] [vk_decoder_global_state.cpp(2359)] Created VkDevice:0x7f25b4082700 for application:'surfaceflinger' instance:0x7f25b402bd50. ASTC emulation:on CPU decoding:off. Protected memory:off
log_tee(6418)  D 10-07 06:46:41  6418  6418 log_tee.cpp:185] [vk_decoder_global_state.cpp(1150)] Created VkInstance:0x7f2528031510 for application:'bootanimation' engine:'ANGLE'.
log_tee(6418)  D 10-07 06:46:41  6418  6418 log_tee.cpp:185] [vk_decoder_global_state.cpp(2359)] Created VkDevice:0x7f2528088280 for application:'bootanimation' instance:0x7f2528031510. ASTC emulation:on CPU decoding:off. Protected memory:off
log_tee(6418)  D 10-07 06:46:41  6418  6418 log_tee.cpp:185] [vk_decoder_global_state.cpp(1150)] Created VkInstance:0x7f254002b9e0 for application:'com.android.provision' engine:'ANGLE'.
log_tee(6418)  D 10-07 06:46:41  6418  6418 log_tee.cpp:185] [vk_decoder_global_state.cpp(2359)] Created VkDevice:0x7f2540082270 for application:'com.android.provision' instance:0x7f254002b9e0. ASTC emulation:on CPU decoding:off. Protected memory:off
log_tee(6418)  D 10-07 06:46:41  6418  6418 log_tee.cpp:185] [vk_decoder_global_state.cpp(1150)] Created VkInstance:0x7f254804c0d0 for application:'com.android.settings' engine:'ANGLE'.
log_tee(6418)  D 10-07 06:46:41  6418  6418 log_tee.cpp:185] [vk_decoder_global_state.cpp(2359)] Created VkDevice:0x7f25480a2be0 for application:'com.android.settings' instance:0x7f254804c0d0. ASTC emulation:on CPU decoding:off. Protected memory:off
log_tee(6418)  D 10-07 06:46:41  6418  6418 log_tee.cpp:185] [vk_decoder_global_state.cpp(1150)] Created VkInstance:0x7f2550030df0 for application:'com.android.systemui' engine:'ANGLE'.
log_tee(6418)  D 10-07 06:46:41  6418  6418 log_tee.cpp:185] [vk_decoder_global_state.cpp(2359)] Created VkDevice:0x7f2550088580 for application:'com.android.systemui' instance:0x7f2550030df0. ASTC emulation:on CPU decoding:off. Protected memory:off
log_tee(6418)  D 10-07 06:46:41  6418  6418 log_tee.cpp:185] [vk_decoder_global_state.cpp(1150)] Created VkInstance:0x7f255802deb0 for application:'com.android.launcher3' engine:'ANGLE'.
log_tee(6418)  D 10-07 06:46:41  6418  6418 log_tee.cpp:185] [vk_decoder_global_state.cpp(2359)] Created VkDevice:0x7f2558084740 for application:'com.android.launcher3' instance:0x7f255802deb0. ASTC emulation:on CPU decoding:off. Protected memory:off
log_tee(6418)  D 10-07 06:46:41  6418  6418 log_tee.cpp:185] [vk_decoder_global_state.cpp(2752)] Destroyed VkDevice:0x7f2528088280
log_tee(6418)  D 10-07 06:46:41  6418  6418 log_tee.cpp:185] [vk_decoder_global_state.cpp(10570)] Destroyed VkInstance:0x7f2528031510 for application:'bootanimation' engine:'ANGLE'.
log_tee(6418)  D 10-07 06:46:41  6418  6418 log_tee.cpp:185] [vk_decoder_global_state.cpp(1150)] Created VkInstance:0x7f258402a460 for application:'system_server' engine:'ANGLE'.
log_tee(6418)  D 10-07 06:46:41  6418  6418 log_tee.cpp:185] [vk_decoder_global_state.cpp(2359)] Created VkDevice:0x7f25840838c0 for application:'system_server' instance:0x7f258402a460. ASTC emulation:on CPU decoding:off. Protected memory:off
log_tee(6418)  D 10-07 06:46:41  6418  6418 log_tee.cpp:185] [vk_decoder_global_state.cpp(2752)] Destroyed VkDevice:0x7f25840838c0
log_tee(6418)  D 10-07 06:46:41  6418  6418 log_tee.cpp:185] [vk_decoder_global_state.cpp(10570)] Destroyed VkInstance:0x7f258402a460 for application:'system_server' engine:'ANGLE'.
log_tee(6418)  D 10-07 06:46:41  6418  6418 log_tee.cpp:185] [vk_decoder_global_state.cpp(2752)] Destroyed VkDevice:0x7f2558084740
log_tee(6418)  D 10-07 06:46:41  6418  6418 log_tee.cpp:185] [vk_decoder_global_state.cpp(10570)] Destroyed VkInstance:0x7f255802deb0 for application:'com.android.launcher3' engine:'ANGLE'.
log_tee(6418)  D 10-07 06:46:41  6418  6418 log_tee.cpp:185] [vk_decoder_global_state.cpp(1150)] Created VkInstance:0x7f255802deb0 for application:'com.android.launcher3' engine:'ANGLE'.
log_tee(6418)  D 10-07 06:46:41  6418  6418 log_tee.cpp:185] [vk_decoder_global_state.cpp(2359)] Created VkDevice:0x7f25581ea570 for application:'com.android.launcher3' instance:0x7f255802deb0. ASTC emulation:on CPU decoding:off. Protected memory:off
log_tee(6418)  D 10-07 06:46:41  6418  6418 log_tee.cpp:185] [vk_decoder_global_state.cpp(2752)] Destroyed VkDevice:0x7f25480a2be0
log_tee(6418)  D 10-07 06:46:41  6418  6418 log_tee.cpp:185] [vk_decoder_global_state.cpp(10570)] Destroyed VkInstance:0x7f254804c0d0 for application:'com.android.settings' engine:'ANGLE'.
log_tee(6418)  D 10-07 06:46:41  6418  6418 log_tee.cpp:185] [vk_decoder_global_state.cpp(2752)] Destroyed VkDevice:0x7f25b4082700
log_tee(6418)  D 10-07 06:46:41  6418  6418 log_tee.cpp:185] [vk_decoder_global_state.cpp(10570)] Destroyed VkInstance:0x7f25b402bd50 for application:'surfaceflinger' engine:'ANGLE'.
log_tee(6418)  D 10-07 06:46:41  6418  6418 log_tee.cpp:185] [vk_decoder_global_state.cpp(2752)] Destroyed VkDevice:0x7f2550088580
log_tee(6418)  D 10-07 06:46:41  6418  6418 log_tee.cpp:185] [vk_de
socket_vsock_proxy(6357)  D 10-07 06:46:44  6357  6817 socket2socket_proxy.cpp:100] t2c: Proxy thread completed
socket_vsock_proxy(6357)  D 10-07 06:46:44  6357  6816 socket2socket_proxy.cpp:100] c2t: Proxy thread completed
socket_vsock_proxy(6357)  D 10-07 06:46:44  6357  6815 socket2socket_proxy.cpp:100] t2c: Proxy thread completed
socket_vsock_proxy(6357)  D 10-07 06:46:44  6357  6814 socket2socket_proxy.cpp:100] c2t: Proxy thread completed
socket_vsock_proxy(6357)  E 10-07 06:46:44  6357  6712 client.cpp:115] Unable to connect to vsock server: UNAVAILABLE: StrError(): Connection reset by peer
socket_vsock_proxy(6357)  E 10-07 06:46:44  6357  6712 socket2socket_proxy.cpp:170] Cannot connect to the target to setup proxying: UNAVAILABLE: StrError(): Connection reset by peer
socket_vsock_proxy(6357)  E 10-07 06:46:44  6357  6712 socket2socket_proxy.cpp:170] Cannot connect to the target to setup proxying: UNAVAILABLE: StrError(): Connection reset by peer
socket_vsock_proxy(6357)  E 10-07 06:46:44  6357  6712 socket2socket_proxy.cpp:170] Cannot connect to the target to setup proxying: UNAVAILABLE: StrError(): Connection reset by peer
webRTC(6353)  I 10-07 06:46:44  6353  6402 vsock_connection.cpp:60] Disconnecting with fd status:OK
webRTC(6353)  E 10-07 06:46:44  6353  6402 vsock_connection.cpp:224] Failed to connect:UNAVAILABLE: StrError(): Connection reset by peer
socket_vsock_proxy(6357)  E 10-07 06:46:44  6357  6712 socket2socket_proxy.cpp:170] Cannot connect to the target to setup proxying: UNAVAILABLE: StrError(): Connection reset by peer
socket_vsock_proxy(6357)  E 10-07 06:46:44  6357  6712 socket2socket_proxy.cpp:170] Cannot connect to the target to setup proxying: UNAVAILABLE: StrError(): Connection reset by peer
socket_vsock_proxy(6357)  E 10-07 06:46:44  6357  6712 socket2socket_proxy.cpp:170] Cannot connect to the target to setup proxying: UNAVAILABLE: StrError(): Connection reset by peer
socket_vsock_proxy(6357)  E 10-07 06:46:44  6357  6712 socket2socket_proxy.cpp:170] Cannot connect to the target to setup proxying: UNAVAILABLE: StrError(): Connection reset by peer
log_tee(6418)  I 10-07 06:46:44  6418  6418 log_tee.cpp:174] [2026-10-07T06:46:44.967815033+00:00 INFO  crosvm__bin::crosvm::sys::linux] vcpu requested reset
log_tee(6345)  D 10-07 06:46:44  6345  6345 log_tee.cpp:185] [2026-10-07T06:46:44Z ERROR cf_vhost_user_input] Error: HandleRequest(Disconnected)
log_tee(6345)  D 10-07 06:46:44  6345  6345 log_tee.cpp:185] [2026-10-07T06:46:44Z INFO  cf_vhost_user_input] Daemon exited
log_tee(6336)  D 10-07 06:46:44  6336  6336 log_tee.cpp:185] [2026-10-07T06:46:44Z ERROR cf_vhost_user_input] Error: HandleRequest(Disconnected)
log_tee(6336)  D 10-07 06:46:44  6336  6336 log_tee.cpp:185] [2026-10-07T06:46:44Z INFO  cf_vhost_user_input] Daemon exited
log_tee(6341)  D 10-07 06:46:44  6341  6341 log_tee.cpp:185] [2026-10-07T06:46:44Z ERROR cf_vhost_user_input] Error: HandleRequest(Disconnected)
log_tee(6341)  D 10-07 06:46:44  6341  6341 log_tee.cpp:185] [2026-10-07T06:46:44Z INFO  cf_vhost_user_input] Daemon exited
log_tee(6418)  D 10-07 06:46:44  6418  6418 log_tee.cpp:185] [virtio_gpu_frontend.cpp(169)] Failed to destroy renderer window.
log_tee(6345)  D 10-07 06:46:44  6345  6345 log_tee.cpp:185] [2026-10-07T06:46:44Z INFO  cf_vhost_user_input] Created vhost-user daemon
log_tee(6343)  D 10-07 06:46:44  6343  6343 log_tee.cpp:185] [2026-10-07T06:46:44Z ERROR cf_vhost_user_input] Error: HandleRequest(Disconnected)
log_tee(6343)  D 10-07 06:46:44  6343  6343 log_tee.cpp:185] [2026-10-07T06:46:44Z INFO  cf_vhost_user_input] Daemon exited
log_tee(6341)  D 10-07 06:46:44  6341  6341 log_tee.cpp:185] [2026-10-07T06:46:44Z INFO  cf_vhost_user_input] Created vhost-user daemon
log_tee(6343)  D 10-07 06:46:44  6343  6343 log_tee.cpp:185] [2026-10-07T06:46:44Z INFO  cf_vhost_user_input] Created vhost-user daemon
log_tee(6336)  D 10-07 06:46:44  6336  6336 log_tee.cpp:185] [2026-10-07T06:46:44Z INFO  cf_vhost_user_input] Created vhost-user daemon
log_tee(6418)  D 10-07 06:46:44  6418  6418 log_tee.cpp:185] coder_global_state.cpp(10570)] Destroyed VkInstance:0x7f2550030df0 for application:'com.android.systemui' engine:'ANGLE'.
log_tee(6418)  D 10-07 06:46:44  6418  6418 log_tee.cpp:185] [vk_decoder_global_state.cpp(2752)] Destroyed VkDevice:0x7f25581ea570
log_tee(6418)  D 10-07 06:46:44  6418  6418 log_tee.cpp:185] [vk_decoder_global_state.cpp(10570)] Destroyed VkInstance:0x7f255802deb0 for application:'com.android.launcher3' engine:'ANGLE'.
log_tee(6418)  D 10-07 06:46:44  6418  6418 log_tee.cpp:185] [vk_decoder_global_state.cpp(2752)] Destroyed VkDevice:0x7f2540082270
log_tee(6418)  D 10-07 06:46:44  6418  6418 log_tee.cpp:185] [vk_decoder_global_state.cpp(10570)] Destroyed VkInstance:0x7f254002b9e0 for application:'com.android.provision' engine:'ANGLE'.
log_tee(6418)  D 10-07 06:46:44  6418  6418 log_tee.cpp:185] [virtio_gpu_gfxstream_renderer.cpp(826)] Gfxstream shutting down.
webRTC(6353)  D 10-07 06:46:44  6353  6444 server.cpp:300] VRTIO_SND_R_PCM_STOP: stream_id=0
webRTC(6353)  D 10-07 06:46:44  6353  6444 server.cpp:273] VRTIO_SND_R_PCM_RELEASE: stream_id=0
webRTC(6353)  D 10-07 06:46:44  6353  6444 server.cpp:300] VRTIO_SND_R_PCM_STOP: stream_id=1
webRTC(6353)  D 10-07 06:46:44  6353  6444 server.cpp:273] VRTIO_SND_R_PCM_RELEASE: stream_id=1
webRTC(6353)  E 10-07 06:46:44  6353  6444 server.cpp:478] Client closed the connection
webRTC(6353)  E 10-07 06:46:44  6353  6483 server.cpp:478] Client closed the connection
webRTC(6353)  E 10-07 06:46:44  6353  6482 server.cpp:478] Client closed the connection
socket_vsock_proxy(6357)  E 10-07 06:46:45  6357  6712 client.cpp:115] Unable to connect to vsock server: NOT_FOUND: StrError(): No such device
socket_vsock_proxy(6357)  E 10-07 06:46:45  6357  6712 socket2socket_proxy.cpp:170] Cannot connect to the target to setup proxying: NOT_FOUND: StrError(): No such device
socket_vsock_proxy(6357)  E 10-07 06:46:45  6357  6712 socket2socket_proxy.cpp:170] Cannot connect to the target to setup proxying: NOT_FOUND: StrError(): No such device
socket_vsock_proxy(6357)  E 10-07 06:46:45  6357  6712 socket2socket_proxy.cpp:170] Cannot connect to the target to setup proxying: NOT_FOUND: StrError(): No such device
socket_vsock_proxy(6357)  E 10-07 06:46:45  6357  6712 socket2socket_proxy.cpp:170] Cannot connect to the target to setup proxying: NOT_FOUND: StrError(): No such device
log_tee(6418)  I 10-07 06:46:45  6418  6418 log_tee.cpp:174] [2026-10-07T06:46:45.646170359+00:00 INFO  crosvm__bin] exiting with reset
log_tee(6418)  D 10-07 06:46:45  6418  6418 log_tee.cpp:185] [virtio_gpu_gfxstream_renderer.cpp(828)] Gfxstream shut down completed!
process_restarter(6420)  D 10-07 06:46:45  6420  6420 command.cc:323] Started (pid: 6877): /var/tmp/cvd/1001/1791355487963379/artifacts/host_tools/bin/crosvm
process_restarter(6420)  D 10-07 06:46:45  6420  6420 command.cc:325] --extended-status
process_restarter(6420)  D 10-07 06:46:45  6420  6420 command.cc:325] run
process_restarter(6420)  D 10-07 06:46:45  6420  6420 command.cc:325] --socket=/tmp/cf_avd_1001/cvd-1/internal/crosvm_control.sock
process_restarter(6420)  D 10-07 06:46:45  6420  6420 command.cc:325] --no-smt
process_restarter(6420)  D 10-07 06:46:45  6420  6420 command.cc:325] --no-usb
process_restarter(6420)  D 10-07 06:46:45  6420  6420 command.cc:325] --core-scheduling=false
process_restarter(6420)  D 10-07 06:46:45  6420  6420 command.cc:325] --vhost-user-connect-timeout-ms=30000
process_restarter(6420)  D 10-07 06:46:45  6420  6420 command.cc:325] --vhost-user=mac80211-hwsim,socket=/tmp/cf_env_1001/env-1/vhost_user_mac80211
process_restarter(6420)  D 10-07 06:46:45  6420  6420 command.cc:325] --wayland-sock=/tmp/cf_avd_1001/cvd-1/internal/frames.sock
process_restarter(6420)  D 10-07 06:46:45  6420  6420 command.cc:325] --gpu=displays=[[mode=windowed[720,1348],dpi=[280,280],refresh-rate=60]],context-types=gfxstream-vulkan:gfxstream-composer,pci-address=00:02.0,egl=true,surfaceless=true,glx=false,gles=false,renderer-features="GlProgramBinaryLinkStatus:enabled,VulkanUseDedicatedAhbMemoryType:enabled"
process_restarter(6420)  D 10-07 06:46:45  6420  6420 command.cc:325] --pmem=path=/var/tmp/cvd/1001/1791355487963379/home/cuttlefish/instances/cvd-1/internal/hwcomposer-pmem
process_restarter(6420)  D 10-07 06:46:45  6420  6420 command.cc:325] --mem=4096
process_restarter(6420)  D 10-07 06:46:45  6420  6420 command.cc:325] --cpus=2
process_restarter(6420)  D 10-07 06:46:45  6420  6420 command.cc:325] --block=path=/var/tmp/cvd/1001/1791355487963379/home/cuttlefish/instances/cvd-1/overlay.img,pci-address=00:13.0
process_restarter(6420)  D 10-07 06:46:45  6420  6420 command.cc:325] --block=path=/var/tmp/cvd/1001/1791355487963379/home/cuttlefish/instances/cvd-1/persistent_composite.img,pci-address=00:14.0
process_restarter(6420)  D 10-07 06:46:45  6420  6420 command.cc:325] --block=path=/var/tmp/cvd/1001/1791355487963379/home/cuttlefish/instances/cvd-1/sdcard.img,pci-address=00:15.0
process_restarter(6420)  D 10-07 06:46:45  6420  6420 command.cc:325] --vhost-user=type=input,socket=/tmp/cf_avd_1001/cvd-1/internal/touch_0.sock,max-queue-size=256
process_restarter(6420)  D 10-07 06:46:45  6420  6420 command.cc:325] --vhost-user=type=input,socket=/tmp/cf_avd_1001/cvd-1/internal/rotary.sock,max-queue-size=256
process_restarter(6420)  D 10-07 06:46:45  6420  6420 command.cc:325] --vhost-user=type=input,socket=/tmp/cf_avd_1001/cvd-1/internal/keyboard.sock,max-queue-size=256
process_restarter(6420)  D 10-07 06:46:45  6420  6420 command.cc:325] --vhost-user=type=input,socket=/tmp/cf_avd_1001/cvd-1/internal/switches.sock,max-queue-size=256
process_restarter(6420)  D 10-07 06:46:45  6420  6420 command.cc:325] --net=tap-name=cvd-mtap-01,mac=00:1a:11:e0:cf:00,pci-address=00:01.1
process_restarter(6420)  D 10-07 06:46:45  6420  6420 command.cc:325] --net=tap-name=cvd-etap-01,mac=00:1a:11:e1:cf:00,pci-address=00:01.2
process_restarter(6420)  D 10-07 06:46:45  6420  6420 command.cc:325] --pmem=path=/var/tmp/cvd/1001/1791355487963379/home/cuttlefish/instances/cvd-1/access-kregistry
process_restarter(6420)  D 10-07 06:46:45  6420  6420 command.cc:325] --pstore=path=/var/tmp/cvd/1001/1791355487963379/home/cuttlefish/instances/cvd-1/pstore,size=2097152
process_restarter(6420)  D 10-07 06:46:45  6420  6420 command.cc:325] --disable-sandbox
process_restarter(6420)  D 10-07 06:46:45  6420  6420 command.cc:325] --vsock=cid=3
process_restarter(6420)  D 10-07 06:46:45  6420  6420 command.cc:325] --serial=hardware=virtio-console,num=1,type=file,path=/var/tmp/cvd/1001/1791355487963379/home/cuttlefish/instances/cvd-1/internal/kernel-log-pipe,console=true
process_restarter(6420)  D 10-07 06:46:45  6420  6420 command.cc:325] --serial=hardware=serial,num=1,type=file,path=/var/tmp/cvd/1001/1791355487963379/home/cuttlefish/instances/cvd-1/internal/kernel-log-pipe,earlycon=true
process_restarter(6420)  D 10-07 06:46:45  6420  6420 command.cc:325] --serial=hardware=virtio-console,num=2,type=sink
process_restarter(6420)  D 10-07 06:46:45  6420  6420 command.cc:325] --serial=hardware=virtio-console,num=3,type=file,path=/var/tmp/cvd/1001/1791355487963379/home/cuttlefish/instances/cvd-1/internal/logcat-pipe
process_restarter(6420)  D 10-07 06:46:45  6420  6420 command.cc:325] --serial=hardware=virtio-console,num=4,type=file,path=/var/tmp/cvd/1001/1791355487963379/home/cuttlefish/instances/cvd-1/internal/keymaster_fifo_vm.out,input=/var/tmp/cvd/1001/1791355487963379/home/cuttlefish/instances/cvd-1/internal/keymaster_fifo_vm.in
process_restarter(6420)  D 10-07 06:46:45  6420  6420 command.cc:325] --serial=hardware=virtio-console,num=5,type=file,path=/var/tmp/cvd/1001/1791355487963379/home/cuttlefish/instances/cvd-1/internal/gatekeeper_fifo_vm.out,input=/var/tmp/cvd/1001/1791355487963379/home/cuttlefish/instances/cvd-1/internal/gatekeeper_fifo_vm.in
process_restarter(6420)  D 10-07 06:46:45  6420  6420 command.cc:325] --serial=hardware=virtio-console,num=6,type=file,path=/var/tmp/cvd/1001/1791355487963379/home/cuttlefish/instances/cvd-1/internal/bt_fifo_vm.out,input=/var/tmp/cvd/1001/1791355487963379/home/cuttlefish/instances/cvd-1/internal/bt_fifo_vm.in
process_restarter(6420)  D 10-07 06:46:45  6420  6420 command.cc:325] --serial=hardware=virtio-console,num=7,type=file,path=/var/tmp/cvd/1001/1791355487963379/home/cuttlefish/instances/cvd-1/internal/gnsshvc_fifo_vm.out,input=/var/tmp/cvd/1001/1791355487963379/home/cuttlefish/instances/cvd-1/internal/gnsshvc_fifo_vm.in
process_restarter(6420)  D 10-07 06:46:45  6420  6420 command.cc:325] --serial=hardware=virtio-console,num=8,type=file,path=/var/tmp/cvd/1001/1791355487963379/home/cuttlefish/instances/cvd-1/internal/locationhvc_fifo_vm.out,input=/var/tmp/cvd/1001/1791355487963379/home/cuttlefish/instances/cvd-1/internal/locationhvc_fifo_vm.in
process_restarter(6420)  D 10-07 06:46:45  6420  6420 command.cc:325] --serial=hardware=virtio-console,num=9,type=file,path=/var/tmp/cvd/1001/1791355487963379/home/cuttlefish/instances/cvd-1/internal/confui_fifo_vm.out,input=/var/tmp/cvd/1001/1791355487963379/home/cuttlefish/instances/cvd-1/internal/confui_fifo_vm.in
process_restarter(6420)  D 10-07 06:46:45  6420  6420 command.cc:325] --serial=hardware=virtio-console,num=10,type=file,path=/var/tmp/cvd/1001/1791355487963379/home/cuttlefish/instances/cvd-1/internal/uwb_fifo_vm.out,input=/var/tmp/cvd/1001/1791355487963379/home/cuttlefish/instances/cvd-1/internal/uwb_fifo_vm.in
process_restarter(6420)  D 10-07 06:46:45  6420  6420 command.cc:325] --serial=hardware=virtio-console,num=11,type=file,path=/var/tmp/cvd/1001/1791355487963379/home/cuttlefish/instances/cvd-1/internal/oemlock_fifo_vm.out,input=/var/tmp/cvd/1001/1791355487963379/home/cuttlefish/instances/cvd-1/internal/oemlock_fifo_vm.in
process_restarter(6420)  D 10-07 06:46:45  6420  6420 command.cc:325] --serial=hardware=virtio-console,num=12,type=file,path=/var/tmp/cvd/1001/1791355487963379/home/cuttlefish/instances/cvd-1/internal/keymint_fifo_vm.out,input=/var/tmp/cvd/1001/1791355487963379/home/cuttlefish/instances/cvd-1/internal/keymint_fifo_vm.in
process_restarter(6420)  D 10-07 06:46:45  6420  6420 command.cc:325] --serial=hardware=virtio-console,num=13,type=file,path=/var/tmp/cvd/1001/1791355487963379/home/cuttlefish/instances/cvd-1/internal/nfc_fifo_vm.out,input=/var/tmp/cvd/1001/1791355487963379/home/cuttlefish/instances/cvd-1/internal/nfc_fifo_vm.in
process_restarter(6420)  D 10-07 06:46:45  6420  6420 command.cc:325] --serial=hardware=virtio-console,num=14,type=file,path=/var/tmp/cvd/1001/1791355487963379/home/cuttlefish/instances/cvd-1/internal/weaver_fifo_vm.out,input=/var/tmp/cvd/1001/1791355487963379/home/cuttlefish/instances/cvd-1/internal/weaver_fifo_vm.in
process_restarter(6420)  D 10-07 06:46:45  6420  6420 command.cc:325] --serial=hardware=virtio-console,num=15,type=sink
process_restarter(6420)  D 10-07 06:46:45  6420  6420 command.cc:325] --serial=hardware=virtio-console,num=16,type=sink
process_restarter(6420)  D 10-07 06:46:45  6420  6420 command.cc:325] --serial=hardware=virtio-console,num=17,type=sink
process_restarter(6420)  D 10-07 06:46:45  6420  6420 command.cc:325] --serial=hardware=virtio-console,num=18,type=sink
process_restarter(6420)  D 10-07 06:46:45  6420  6420 command.cc:325] --serial=hardware=virtio-console,num=19,type=file,path=/var/tmp/cvd/1001/1791355487963379/home/cuttlefish/instances/cvd-1/internal/sensors_control_fifo_vm.out,input=/var/tmp/cvd/1001/1791355487963379/home/cuttlefish/instances/cvd-1/internal/sensors_control_fifo_vm.in
process_restarter(6420)  D 10-07 06:46:45  6420  6420 command.cc:325] --serial=hardware=virtio-console,num=20,type=file,path=/var/tmp/cvd/1001/1791355487963379/home/cuttlefish/instances/cvd-1/internal/sensors_data_fifo_vm.out,input=/var/tmp/cvd/1001/1791355487963379/home/cuttlefish/instances/cvd-1/internal/sensors_data_fifo_vm.in
process_restarter(6420)  D 10-07 06:46:45  6420  6420 command.cc:325] --sound=/tmp/cf_avd_1001/cvd-1/internal/audio_server.sock
process_restarter(6420)  D 10-07 06:46:45  6420  6420 command.cc:325] --pflash=/var/tmp/cvd/1001/1791355487963379/home/cuttlefish/instances/cvd-1/pflash.img
process_restarter(6420)  D 10-07 06:46:45  6420  6420 command.cc:325] --bios=/var/tmp/cvd/1001/1791355487963379/artifacts/host_tools/etc/bootloader_x86_64/bootloader.crosvm
log_tee(6418)  I 10-07 06:46:45  6418  6418 log_tee.cpp:174] [2026-10-07T06:46:45.659026522+00:00 INFO  crosvm__bin::crosvm::sys::linux::device_helpers] Trying to attach block device: /var/tmp/cvd/1001/1791355487963379/home/cuttlefish/instances/cvd-1/overlay.img
log_tee(6418)  D 10-07 06:46:45  6418  6418 log_tee.cpp:172] [2026-10-07T06:46:45.659110308+00:00 INFO  disk] disk size 275841024
log_tee(6418)  D 10-07 06:46:45  6418  6418 log_tee.cpp:172] [2026-10-07T06:46:45.659193323+00:00 INFO  disk] disk size 20480
log_tee(6418)  D 10-07 06:46:45  6418  6418 log_tee.cpp:172] [2026-10-07T06:46:45.659217238+00:00 INFO  disk] disk size 67108864
log_tee(6418)  D 10-07 06:46:45  6418  6418 log_tee.cpp:172] [2026-10-07T06:46:45.659234390+00:00 INFO  disk] disk size 67108864
log_tee(6418)  D 10-07 06:46:45  6418  6418 log_tee.cpp:172] [2026-10-07T06:46:45.659252664+00:00 INFO  disk] disk size 1048576
log_tee(6418)  D 10-07 06:46:45  6418  6418 log_tee.cpp:172] [2026-10-07T06:46:45.659278081+00:00 INFO  disk] disk size 8388608
log_tee(6418)  D 10-07 06:46:45  6418  6418 log_tee.cpp:172] [2026-10-07T06:46:45.659297568+00:00 INFO  disk] disk size 8388608
log_tee(6418)  D 10-07 06:46:45  6418  6418 log_tee.cpp:172] [2026-10-07T06:46:45.659315210+00:00 INFO  disk] disk size 67108864
log_tee(6418)  D 10-07 06:46:45  6418  6418 log_tee.cpp:172] [2026-10-07T06:46:45.659332873+00:00 INFO  disk] disk size 1048576
log_tee(6418)  D 10-07 06:46:45  6418  6418 log_tee.cpp:172] [2026-10-07T06:46:45.659350416+00:00 INFO  disk] disk size 8589934592
log_tee(6418)  D 10-07 06:46:45  6418  6418 log_tee.cpp:172] [2026-10-07T06:46:45.659370664+00:00 INFO  disk] disk size 8589934592
log_tee(6418)  D 10-07 06:46:45  6418  6418 log_tee.cpp:172] [2026-10-07T06:46:45.659393887+00:00 INFO  disk] disk size 65536
log_tee(6418)  D 10-07 06:46:45  6418  6418 log_tee.cpp:172] [2026-10-07T06:46:45.659410098+00:00 INFO  disk] disk size 65536
log_tee(6418)  D 10-07 06:46:45  6418  6418 log_tee.cpp:172] [2026-10-07T06:46:45.659427019+00:00 INFO  disk] disk size 65536
log_tee(6418)  D 10-07 06:46:45  6418  6418 log_tee.cpp:172] [2026-10-07T06:46:45.659442718+00:00 INFO  disk] disk size 65536
log_tee(6418)  D 10-07 06:46:45  6418  6418 log_tee.cpp:172] [2026-10-07T06:46:45.659459790+00:00 INFO  disk] disk size 65536
log_tee(6418)  D 10-07 06:46:45  6418  6418 log_tee.cpp:172] [2026-10-07T06:46:45.659478145+00:00 INFO  disk] disk size 65536
log_tee(6418)  D 10-07 06:46:45  6418  6418 log_tee.cpp:172] [2026-10-07T06:46:45.659494745+00:00 INFO  disk] disk size 65536
log_tee(6418)  D 10-07 06:46:45  6418  6418 log_tee.cpp:172] [2026-10-07T06:46:45.659515364+00:00 INFO  disk] disk size 65536
log_tee(6418)  D 10-07 06:46:45  6418  6418 log_tee.cpp:172] [2026-10-07T06:46:45.659531674+00:00 INFO  disk] disk size 33863680
log_tee(6418)  D 10-07 06:46:45  6418  6418 log_tee.cpp:172] [2026-10-07T06:46:45.659549117+00:00 INFO  disk] disk size 20480
log_tee(6418)  D 10-07 06:46:45  6418  6418 log_tee.cpp:172] [2026-10-07T06:46:45.659564927+00:00 INFO  disk] disk size 33863680
log_tee(6418)  D 10-07 06:46:45  6418  6418 log_tee.cpp:172] [2026-10-07T06:46:45.659580606+00:00 INFO  disk] disk size 20480
log_tee(6418)  D 10-07 06:46:45  6418  6418 log_tee.cpp:172] [2026-10-07T06:46:45.659597036+00:00 INFO  disk] disk size 77824
log_tee(6418)  D 10-07 06:46:45  6418  6418 log_tee.cpp:172] [2026-10-07T06:46:45.660931070+00:00 INFO  crosvm__bin::crosvm::sys::linux::device_helpers] Trying to attach block device: /var/tmp/cvd/1001/1791355487963379/home/cuttlefish/instances/cvd-1/persistent_composite.img
log_tee(6418)  D 10-07 06:46:45  6418  6418 log_tee.cpp:172] [2026-10-07T06:46:45.660964873+00:00 INFO  disk] disk size 634
log_tee(6418)  D 10-07 06:46:45  6418  6418 log_tee.cpp:172] [2026-10-07T06:46:45.660999327+00:00 INFO  disk] disk size 20480
log_tee(6418)  D 10-07 06:46:45  6418  6418 log_tee.cpp:172] [2026-10-07T06:46:45.661019535+00:00 INFO  disk] disk size 73728
log_tee(6418)  D 10-07 06:46:45  6418  6418 log_tee.cpp:172] [2026-10-07T06:46:45.661038120+00:00 INFO  disk] disk size 65536
log_tee(6418)  D 10-07 06:46:45  6418  6418 log_tee.cpp:172] [2026-10-07T06:46:45.661056173+00:00 INFO  disk] disk size 1048576
log_tee(6418)  D 10-07 06:46:45  6418  6418 log_tee.cpp:172] [2026-10-07T06:46:45.661075078+00:00 INFO  disk] disk size 73728
log_tee(6418)  D 10-07 06:46:45  6418  6418 log_tee.cpp:172] [2026-10-07T06:46:45.661093663+00:00 INFO  disk] disk size 28672
log_tee(6418)  D 10-07 06:46:45  6418  6418 log_tee.cpp:172] [2026-10-07T06:46:45.661114812+00:00 INFO  crosvm__bin::crosvm::sys::linux::device_helpers] Trying to attach block device: /var/tmp/cvd/1001/1791355487963379/home/cuttlefish/instances/cvd-1/sdcard.img
log_tee(6418)  D 10-07 06:46:45  6418  6418 log_tee.cpp:172] [2026-10-07T06:46:45.661146943+00:00 INFO  disk] disk size 2147483648
webRTC(6353)  D 10-07 06:46:45  6353  6444 server.cpp:229] VIRTIO_SND_PCM_INFO: start=0, count=2
webRTC(6353)  D 10-07 06:46:45  6353  6444 server.cpp:316] VRTIO_SND_R_CHMAP_INFO: start_id=0, count=2
log_tee(6345)  D 10-07 06:46:45  6345  6345 log_tee.cpp:185] [2026-10-07T06:46:45Z INFO  cf_vhost_user_input] Accepted connection in vhost-user daemon
log_tee(6336)  D 10-07 06:46:45  6336  6336 log_tee.cpp:185] [2026-10-07T06:46:45Z INFO  cf_vhost_user_input] Accepted connection in vhost-user daemon
log_tee(6341)  D 10-07 06:46:45  6341  6341 log_tee.cpp:185] [2026-10-07T06:46:45Z INFO  cf_vhost_user_input] Accepted connection in vhost-user daemon
log_tee(6343)  D 10-07 06:46:45  6343  6343 log_tee.cpp:185] [2026-10-07T06:46:45Z INFO  cf_vhost_user_input] Accepted connection in vhost-user daemon
webRTC(6353)  E 10-07 06:46:45  6353  6402 vsock_connection.cpp:224] Failed to connect:NOT_FOUND: StrError(): No such device
log_tee(6418)  D 10-07 06:46:45  6418  6418 log_tee.cpp:185] [features.cpp(63)] Gfxstream feature GlProgramBinaryLinkStatus enabled
log_tee(6418)  D 10-07 06:46:45  6418  6418 log_tee.cpp:185] [features.cpp(63)] Gfxstream feature VulkanUseDedicatedAhbMemoryType enabled
log_tee(6418)  D 10-07 06:46:45  6418  6418 log_tee.cpp:185] [virtio_gpu_gfxstream_renderer.cpp(769)] Gfxstream features:
log_tee(6418)  D 10-07 06:46:45  6418  6418 log_tee.cpp:185] [virtio_gpu_gfxstream_renderer.cpp(780)]     AsyncComposeSupport: disabled (Default reason)
log_tee(6418)  D 10-07 06:46:45  6418  6418 log_tee.cpp:185] [virtio_gpu_gfxstream_renderer.cpp(780)]     BypassVulkanDeviceFeatureOverrides: disabled (Default reason)
log_tee(6418)  D 10-07 06:46:45  6418  6418 log_tee.cpp:185] [virtio_gpu_gfxstream_renderer.cpp(780)]     EglOnEgl: enabled (rendererFlags & STREAM_RENDERER_FLAGS_USE_EGL_BIT || gfxstream::base::getEnvironmentVariable("ANDROID_EGL_ON_EGL") == "1")
log_tee(6418)  D 10-07 06:46:45  6418  6418 log_tee.cpp:185] [virtio_gpu_gfxstream_renderer.cpp(780)]     ExternalBlob: disabled (rendererFlags & STREAM_RENDERER_FLAGS_USE_EXTERNAL_BLOB || features.VulkanAllocateHostVisibleAsUdmabuf.enabled())
log_tee(6418)  D 10-07 06:46:45  6418  6418 log_tee.cpp:185] [virtio_gpu_gfxstream_renderer.cpp(780)]     GlAsyncSwap: disabled (false)
log_tee(6418)  D 10-07 06:46:45  6418  6418 log_tee.cpp:185] [virtio_gpu_gfxstream_renderer.cpp(780)]     GlDirectMem: disabled (false)
log_tee(6418)  D 10-07 06:46:45  6418  6418 log_tee.cpp:185] [virtio_gpu_gfxstream_renderer.cpp(780)]     GlDma: disabled (false)
log_tee(6418)  D 10-07 06:46:45  6418  6418 log_tee.cpp:185] [virtio_gpu_gfxstream_renderer.cpp(780)]     GlDma2: disabled (Default reason)
log_tee(6418)  D 10-07 06:46:45  6418  6418 log_tee.cpp:185] [virtio_gpu_gfxstream_renderer.cpp(780)]     GlPipeChecksum: disabled (false)
log_tee(6418)  D 10-07 06:46:45  6418  6418 log_tee.cpp:185] [virtio_gpu_gfxstream_renderer.cpp(780)]     GlProgramBinaryLinkStatus: enabled (Overridden via STREAM_RENDERER_PARAM_RENDERER_FEATURES)
log_tee(6418)  D 10-07 06:46:45  6418  6418 log_tee.cpp:185] [virtio_gpu_gfxstream_renderer.cpp(780)]     GlesDynamicVersion: enabled (true)
log_tee(6418)  D 10-07 06:46:45  6418  6418 log_tee.cpp:185] [virtio_gpu_gfxstream_renderer.cpp(780)]     GrallocSync: disabled (Default reason)
log_tee(6418)  D 10-07 06:46:45  6418  6418 log_tee.cpp:185] [virtio_gpu_gfxstream_renderer.cpp(780)]     GuestVulkanOnly: enabled ((rendererFlags & STREAM_RENDERER_FLAGS_USE_VK_BIT) && !(rendererFlags & STREAM_RENDERER_FLAGS_USE_GLES_BIT))
log_tee(6418)  D 10-07 06:46:45  6418  6418 log_tee.cpp:185] [virtio_gpu_gfxstream_renderer.cpp(780)]     HasSharedSlotsHostMemoryAllocator: disabled (Default reason)
log_tee(6418)  D 10-07 06:46:45  6418  6418 log_tee.cpp:185] [virtio_gpu_gfxstream_renderer.cpp(780)]     HostComposition: enabled (true)
log_tee(6418)  D 10-07 06:46:45  6418  6418 log_tee.cpp:185] [virtio_gpu_gfxstream_renderer.cpp(780)]     HwcMultiConfigs: disabled (Default reason)
log_tee(6418)  D 10-07 06:46:45  6418  6418 log_tee.cpp:185] [virtio_gpu_gfxstream_renderer.cpp(780)]     Minigbm: disabled (Default reason)
log_tee(6418)  D 10-07 06:46:45  6418  6418 log_tee.cpp:185] [virtio_gpu_gfxstream_renderer.cpp(780)]     MinimalLogging: disabled (Default reason)
log_tee(6418)  D 10-07 06:46:45  6418  6418 log_tee.cpp:185] [virtio_gpu_gfxstream_renderer.cpp(780)]     NativeTextureDecompression: disabled (false)
log_tee(6418)  D 10-07 06:46:45  6418  6418 log_tee.cpp:185] [virtio_gpu_gfxstream_renderer.cpp(780)]     NoDelayCloseColorBuffer: enabled (true)
log_tee(6418)  D 10-07 06:46:45  6418  6418 log_tee.cpp:185] [virtio_gpu_gfxstream_renderer.cpp(780)]     RefCountPipe: disabled (false)
log_tee(6418)  D 10-07 06:46:45  6418  6418 log_tee.cpp:185] [virtio_gpu_gfxstream_renderer.cpp(780)]     Surfaceless: enabled (rendererFlags & STREAM_RENDERER_FLAGS_USE_SURFACELESS_BIT)
log_tee(6418)  D 10-07 06:46:45  6418  6418 log_tee.cpp:185] [virtio_gpu_gfxstream_renderer.cpp(780)]     SystemBlob: disabled (rendererFlags & STREAM_RENDERER_FLAGS_USE_SYSTEM_BLOB)
log_tee(6418)  D 10-07 06:46:45  6418  6418 log_tee.cpp:185] [virtio_gpu_gfxstream_renderer.cpp(780)]     VirtioGpuFenceContexts: enabled (true)
log_tee(6418)  D 10-07 06:46:45  6418  6418 log_tee.cpp:185] [virtio_gpu_gfxstream_renderer.cpp(780)]     VirtioGpuNativeSync: enabled (true)
log_tee(6418)  D 10-07 06:46:45  6418  6418 log_tee.cpp:185] [virtio_gpu_gfxstream_renderer.cpp(780)]     VirtioGpuNext: enabled (true)
log_tee(6418)  D 10-07 06:46:45  6418  6418 log_tee.cpp:185] [virtio_gpu_gfxstream_renderer.cpp(780)]     Vulkan: enabled (rendererFlags & STREAM_RENDERER_FLAGS_USE_VK_BIT)
log_tee(6418)  D 10-07 06:46:45  6418  6418 log_tee.cpp:185] [virtio_gpu_gfxstream_renderer.cpp(780)]     VulkanAllocateDeviceMemoryOnly: disabled (Default reason)
log_tee(6418)  D 10-07 06:46:45  6418  6418 log_tee.cpp:185] [virtio_gpu_gfxstream_renderer.cpp(780)]     VulkanAllocateHostMemory: disabled (Default reason)
log_tee(6418)  D 10-07 06:46:45  6418  6418 log_tee.cpp:185] [virtio_gpu_gfxstream_renderer.cpp(780)]     VulkanAllocateHostVisibleAsUdmabuf: disabled (gfxstream::base::IsAndroidKernel6_6() && gfxstream::base::HasUdmabufDevice())
log_tee(6418)  D 10-07 06:46:45  6418  6418 log_tee.cpp:185] [virtio_gpu_gfxstream_renderer.cpp(780)]     VulkanBatchedDescriptorSetUpdate: enabled (true)
log_tee(6418)  D 10-07 06:46:45  6418  6418 log_tee.cpp:185] [virtio_gpu_gfxstream_renderer.cpp(780)]     VulkanCommandBufferCheckpoints: disabled (Default reason)
log_tee(6418)  D 10-07 06:46:45  6418  6418 log_tee.cpp:185] [virtio_gpu_gfxstream_renderer.cpp(780)]     VulkanDebugUtils: disabled (Default reason)
log_tee(6418)  D 10-07 06:46:45  6418  6418 log_tee.cpp:185] [virtio_gpu_gfxstream_renderer.cpp(780)]     VulkanDisableCoherentMemoryAndEmulate: disabled (Default reason)
log_tee(6418)  D 10-07 06:46:45  6418  6418 log_tee.cpp:185] [virtio_gpu_gfxstream_renderer.cpp(780)]     VulkanEnsureCachedCoherentMemoryAvailable: enabled (true)
log_tee(6418)  D 10-07 06:46:45  6418  6418 log_tee.cpp:185] [virtio_gpu_gfxstream_renderer.cpp(780)]     VulkanExternalMemoryMode: (Unset) (Default reason)
log_tee(6418)  D 10-07 06:46:45  6418  6418 log_tee.cpp:185] [virtio_gpu_gfxstream_renderer.cpp(780)]     VulkanExternalSync: disabled (rendererFlags & STREAM_RENDERER_FLAGS_VULKAN_EXTERNAL_SYNC)
log_tee(6418)  D 10-07 06:46:45  6418  6418 log_tee.cpp:185] [virtio_gpu_gfxstream_renderer.cpp(780)]     VulkanIgnoredHandles: enable
socket_vsock_proxy(6357)  E 10-07 06:46:45  6357  6712 socket2socket_proxy.cpp:170] Cannot connect to the target to setup proxying: NOT_FOUND: StrError(): No such device
socket_vsock_proxy(6357)  E 10-07 06:46:45  6357  6712 socket2socket_proxy.cpp:170] Cannot connect to the target to setup proxying: NOT_FOUND: StrError(): No such device
kernel_log_monitor(6377)  I 10-07 06:46:45  6377  6377 kernel_log_server.cc:145] GUEST_UBOOT_VERSION: SPL 2024.04-g3fe964757589-ab15108624 (Mar 27 2026 - 21:26:21 +0000)
log_tee(6418)  W 10-07 06:46:45  6418  6418 log_tee.cpp:167] [2026-10-07T06:46:45.802449252+00:00 WARN  devices::pci::pcie::pci_bridge] kernel modify subordinate bus number: 1 -> 255
kernel_log_monitor(6377)  I 10-07 06:46:45  6377  6377 kernel_log_server.cc:145] GUEST_UBOOT_VERSION: 2024.04-g3fe964757589-ab15108624 (Mar 27 2026 - 21:26:21 +0000)
kernel_log_monitor(6377)  I 10-07 06:46:45  6377  6377 kernel_log_server.cc:155] U-Boot 20
secure_env(6403)  D 10-07 06:46:45  6403  6548 secure_env_only_oemlock.cpp:112] secure_env detected guest reboot, restarting.
kernel_log_monitor(6377)  I 10-07 06:46:45  6377  6377 kernel_log_server.cc:145] GUEST_UBOOT_VERSION: generated SMBIOS tables
socket_vsock_proxy(6357)  E 10-07 06:46:45  6357  6712 socket2socket_proxy.cpp:170] Cannot connect to the target to setup proxying: NOT_FOUND: StrError(): No such device
socket_vsock_proxy(6357)  E 10-07 06:46:45  6357  6712 socket2socket_proxy.cpp:170] Cannot connect to the target to setup proxying: NOT_FOUND: StrError(): No such device
socket_vsock_proxy(6357)  E 10-07 06:46:46  6357  6712 socket2socket_proxy.cpp:170] Cannot connect to the target to setup proxying: NOT_FOUND: StrError(): No such device
socket_vsock_proxy(6357)  E 10-07 06:46:46  6357  6712 socket2socket_proxy.cpp:170] Cannot connect to the target to setup proxying: NOT_FOUND: StrError(): No such device
secure_env(6403)  D 10-07 06:46:46  6403  6931 oemlock_responder.cpp:34] Receiving oemlock command
secure_env(6403)  D 10-07 06:46:46  6403  6931 channel_sharedfd.cpp:55] Received message with id: 3
secure_env(6403)  D 10-07 06:46:46  6403  6931 oemlock_responder.cpp:86] Sending oemlock response
secure_env(6403)  D 10-07 06:46:46  6403  6931 oemlock_responder.cpp:34] Receiving oemlock command
secure_env(6403)  D 10-07 06:46:46  6403  6931 channel_sharedfd.cpp:55] Received message with id: 3
secure_env(6403)  D 10-07 06:46:46  6403  6931 oemlock_responder.cpp:86] Sending oemlock response
secure_env(6403)  D 10-07 06:46:46  6403  6931 oemlock_responder.cpp:34] Receiving oemlock command
secure_env(6403)  D 10-07 06:46:46  6403  6931 channel_sharedfd.cpp:55] Received message with id: 3
secure_env(6403)  D 10-07 06:46:46  6403  6931 oemlock_responder.cpp:86] Sending oemlock response
socket_vsock_proxy(6357)  E 10-07 06:46:46  6357  6712 socket2socket_proxy.cpp:170] Cannot connect to the target to setup proxying: NOT_FOUND: StrError(): No such device
socket_vsock_proxy(6357)  E 10-07 06:46:46  6357  6712 socket2socket_proxy.cpp:170] Cannot connect to the target to setup proxying: NOT_FOUND: StrError(): No such device
webRTC(6353)  E 10-07 06:46:46  6353  6402 vsock_connection.cpp:224] Failed to connect:NOT_FOUND: StrError(): No such device
socket_vsock_proxy(6357)  E 10-07 06:46:46  6357  6712 socket2socket_proxy.cpp:170] Cannot connect to the target to setup proxying: NOT_FOUND: StrError(): No such device
socket_vsock_proxy(6357)  E 10-07 06:46:46  6357  6712 socket2socket_proxy.cpp:170] Cannot connect to the target to setup proxying: NOT_FOUND: StrError(): No such device
secure_env(6403)  D 10-07 06:46:46  6403  6931 oemlock_responder.cpp:34] Receiving oemlock command
secure_env(6403)  D 10-07 06:46:46  6403  6931 channel_sharedfd.cpp:55] Received message with id: 3
secure_env(6403)  D 10-07 06:46:46  6403  6931 oemlock_responder.cpp:86] Sending oemlock response
secure_env(6403)  D 10-07 06:46:46  6403  6931 oemlock_responder.cpp:34] Receiving oemlock command
secure_env(6403)  D 10-07 06:46:46  6403  6931 channel_sharedfd.cpp:55] Received message with id: 3
secure_env(6403)  D 10-07 06:46:46  6403  6931 oemlock_responder.cpp:86] Sending oemlock response
secure_env(6403)  D 10-07 06:46:46  6403  6931 oemlock_responder.cpp:34] Receiving oemlock command
secure_env(6403)  D 10-07 06:46:46  6403  6931 channel_sharedfd.cpp:55] Received message with id: 3
secure_env(6403)  D 10-07 06:46:46  6403  6931 oemlock_responder.cpp:86] Sending oemlock response
socket_vsock_proxy(6357)  E 10-07 06:46:46  6357  6712 socket2socket_proxy.cpp:170] Cannot connect to the target to setup proxying: NOT_FOUND: StrError(): No such device
socket_vsock_proxy(6357)  E 10-07 06:46:46  6357  6712 socket2socket_proxy.cpp:170] Cannot connect to the target to setup proxying: NOT_FOUND: StrError(): No such device
kernel_log_monitor(6377)  I 10-07 06:46:47  6377  6377 kernel_log_server.cc:145] GUEST_KERNEL_VERSION: 6.12.74-android16-6-g3ec022196c4e-ab15076761 (kleaf@build-host) (Android (14043575, +pgo, +bolt, +lto, +mlgo, based on r536225) clang version 19.0.1 (https://android.googlesource.com/toolchain/llvm-project b3a530ec6537146650e42be89f1089e9a3588460), LLD 19.0.1) #1 SMP PREEMPT Tue Mar 24 05:36:21 UTC 2026
kernel_log_monitor(6377)  I 10-07 06:46:47  6377  6377 kernel_log_server.cc:155] ] Linux version
socket_vsock_proxy(6357)  E 10-07 06:46:47  6357  6712 socket2socket_proxy.cpp:170] Cannot connect to the target to setup proxying: NOT_FOUND: StrError(): No such device
socket_vsock_proxy(6357)  E 10-07 06:46:47  6357  6712 socket2socket_proxy.cpp:170] Cannot connect to the target to setup proxying: NOT_FOUND: StrError(): No such device
socket_vsock_proxy(6357)  E 10-07 06:46:47  6357  6712 socket2socket_proxy.cpp:170] Cannot connect to the target to setup proxying: NOT_FOUND: StrError(): No such device
adb_connector(6356)  W 10-07 06:46:47  6356  6365 adb_connection_maintainer.cpp:250] transport message failed, response body: device offline
adb_connector(6356)  D 10-07 06:46:47  6356  6365 adb_connection_maintainer.cpp:285] Sending adb disconnect
socket_vsock_proxy(6357)  E 10-07 06:46:47  6357  6712 socket2socket_proxy.cpp:170] Cannot connect to the target to setup proxying: NOT_FOUND: StrError(): No such device
webRTC(6353)  E 10-07 06:46:47  6353  6402 vsock_connection.cpp:224] Failed to connect:NOT_FOUND: StrError(): No such device
socket_vsock_proxy(6357)  E 10-07 06:46:47  6357  6712 socket2socket_proxy.cpp:170] Cannot connect to the target to setup proxying: NOT_FOUND: StrError(): No such device
socket_vsock_proxy(6357)  E 10-07 06:46:47  6357  6712 socket2socket_proxy.cpp:170] Cannot connect to the target to setup proxying: NOT_FOUND: StrError(): No such device
socket_vsock_proxy(6357)  E 10-07 06:46:48  6357  6712 socket2socket_proxy.cpp:170] Cannot connect to the target to setup proxying: NOT_FOUND: StrError(): No such device
socket_vsock_proxy(6357)  E 10-07 06:46:48  6357  6712 socket2socket_proxy.cpp:170] Cannot connect to the target to setup proxying: NOT_FOUND: StrError(): No such device
webRTC(6353)  E 10-07 06:46:48  6353  6402 vsock_connection.cpp:224] Failed to connect:NOT_FOUND: StrError(): No such device
socket_vsock_proxy(6357)  E 10-07 06:46:48  6357  6712 socket2socket_proxy.cpp:170] Cannot connect to the target to setup proxying: NOT_FOUND: StrError(): No such device
socket_vsock_proxy(6357)  E 10-07 06:46:48  6357  6712 socket2socket_proxy.cpp:170] Cannot connect to the target to setup proxying: NOT_FOUND: StrError(): No such device
socket_vsock_proxy(6357)  E 10-07 06:46:49  6357  6712 socket2socket_proxy.cpp:170] Cannot connect to the target to setup proxying: NOT_FOUND: StrError(): No such device
socket_vsock_proxy(6357)  E 10-07 06:46:49  6357  6712 socket2socket_proxy.cpp:170] Cannot connect to the target to setup proxying: NOT_FOUND: StrError(): No such device
modem_simulator(6333)  D 10-07 06:46:49  6333  6337 channel_monitor.cpp:149] No client connected yet.
webRTC(6353)  E 10-07 06:46:49  6353  6402 vsock_connection.cpp:224] Failed to connect:NOT_FOUND: StrError(): No such device
socket_vsock_proxy(6357)  E 10-07 06:46:49  6357  6712 socket2socket_proxy.cpp:170] Cannot connect to the target to setup proxying: NOT_FOUND: StrError(): No such device
socket_vsock_proxy(6357)  E 10-07 06:46:49  6357  6712 client.cpp:115] Unable to connect to vsock server: UNAVAILABLE: StrError(): Connection reset by peer
socket_vsock_proxy(6357)  E 10-07 06:46:49  6357  6712 socket2socket_proxy.cpp:170] Cannot connect to the target to setup proxying: UNAVAILABLE: StrError(): Connection reset by peer
kernel_log_monitor(6377)  I 10-07 06:46:50  6377  6377 kernel_log_server.cc:155] init: starting service 'adbd'...
socket_vsock_proxy(6358)  I 10-07 06:46:50  6358  6358 socket_vsock_proxy.cpp:223] Stop event (11) received. Stopping proxy
socket_vsock_proxy(6357)  E 10-07 06:46:50  6357  6712 socket2socket_proxy.cpp:170] Cannot connect to the target to setup proxying: UNAVAILABLE: StrError(): Connection reset by peer
socket_vsock_proxy(6357)  E 10-07 06:46:50  6357  6712 socket2socket_proxy.cpp:170] Cannot connect to the target to setup proxying: UNAVAILABLE: StrError(): Connection reset by peer
socket_vsock_proxy(6357)  E 10-07 06:46:50  6357  6712 socket2socket_proxy.cpp:170] Cannot connect to the target to setup proxying: UNAVAILABLE: StrError(): Connection reset by peer
webRTC(6353)  E 10-07 06:46:50  6353  6402 vsock_connection.cpp:224] Failed to connect:UNAVAILABLE: StrError(): Connection reset by peer
socket_vsock_proxy(6357)  E 10-07 06:46:50  6357  6712 socket2socket_proxy.cpp:170] Cannot connect to the target to setup proxying: UNAVAILABLE: StrError(): Connection reset by peer
socket_vsock_proxy(6357)  E 10-07 06:46:50  6357  6712 socket2socket_proxy.cpp:170] Cannot connect to the target to setup proxying: UNAVAILABLE: StrError(): Connection reset by peer
socket_vsock_proxy(6357)  E 10-07 06:46:51  6357  6712 socket2socket_proxy.cpp:170] Cannot connect to the target to setup proxying: UNAVAILABLE: StrError(): Connection reset by peer
socket_vsock_proxy(6357)  E 10-07 06:46:51  6357  6712 socket2socket_proxy.cpp:170] Cannot connect to the target to setup proxying: UNAVAILABLE: StrError(): Connection reset by peer
webRTC(6353)  E 10-07 06:46:51  6353  6402 vsock_connection.cpp:224] Failed to connect:UNAVAILABLE: StrError(): Connection reset by peer
socket_vsock_proxy(6357)  E 10-07 06:46:51  6357  6712 socket2socket_proxy.cpp:170] Cannot connect to the target to setup proxying: UNAVAILABLE: StrError(): Connection reset by peer
socket_vsock_proxy(6357)  E 10-07 06:46:51  6357  6712 socket2socket_proxy.cpp:170] Cannot connect to the target to setup proxying: UNAVAILABLE: StrError(): Connection reset by peer
kernel_log_monitor(6377)  I 10-07 06:46:52  6377  6377 kernel_log_server.cc:155] init: starting service 'adbd'...
socket_vsock_proxy(6358)  I 10-07 06:46:52  6358  6358 socket_vsock_proxy.cpp:223] Stop event (11) received. Stopping proxy
socket_vsock_proxy(6357)  D 10-07 06:46:52  6357  6712 client.cpp:110] Connected to vsock:3:5555
socket_vsock_proxy(6357)  D 10-07 06:46:52  6357  6712 socket2socket_proxy.cpp:163] Launching proxy threads
socket_vsock_proxy(6357)  D 10-07 06:46:52  6357  7126 socket2socket_proxy.cpp:88] c2t: Proxy thread started. Starting copying data
socket_vsock_proxy(6357)  D 10-07 06:46:52  6357  6712 socket2socket_proxy.cpp:166] Proxy is launched. Amount of currently tracked proxy pairs: 1
socket_vsock_proxy(6357)  D 10-07 06:46:52  6357  7127 socket2socket_proxy.cpp:88] t2c: Proxy thread started. Starting copying data
adb_connector(6356)  D 10-07 06:46:52  6356  6365 adb_connection_maintainer.cpp:223] Attempting to connect to device with address 127.0.0.1:6520
adb_connector(6356)  D 10-07 06:46:52  6356  6365 adb_connection_maintainer.cpp:227] adb connect message for 127.0.0.1:6520 successfully sent
socket_vsock_proxy(6357)  D 10-07 06:46:52  6357  6712 client.cpp:110] Connected to vsock:3:5555
socket_vsock_proxy(6357)  D 10-07 06:46:52  6357  6712 socket2socket_proxy.cpp:163] Launching proxy threads
socket_vsock_proxy(6357)  D 10-07 06:46:52  6357  7131 socket2socket_proxy.cpp:88] c2t: Proxy thread started. Starting copying data
socket_vsock_proxy(6357)  D 10-07 06:46:52  6357  6712 socket2socket_proxy.cpp:166] Proxy is launched. Amount of currently tracked proxy pairs: 2
socket_vsock_proxy(6357)  D 10-07 06:46:52  6357  7132 socket2socket_proxy.cpp:88] t2c: Proxy thread started. Starting copying data
webRTC(6353)  E 10-07 06:46:52  6353  6402 vsock_connection.cpp:224] Failed to connect:UNAVAILABLE: StrError(): Connection reset by peer
webRTC(6353)  E 10-07 06:46:53  6353  6402 vsock_connection.cpp:224] Failed to connect:UNAVAILABLE: StrError(): Connection reset by peer
webRTC(6353)  E 10-07 06:46:54  6353  6402 vsock_connection.cpp:224] Failed to connect:UNAVAILABLE: StrError(): Connection reset by peer
webRTC(6353)  E 10-07 06:46:55  6353  6402 vsock_connection.cpp:224] Failed to connect:UNAVAILABLE: StrError(): Connection reset by peer
webRTC(6353)  E 10-07 06:46:56  6353  6402 vsock_connection.cpp:224] Failed to connect:UNAVAILABLE: StrError(): Connection reset by peer
adb_connector(6356)  D 10-07 06:46:57  6356  6365 adb_connection_maintainer.cpp:234] adb connected to 127.0.0.1:6520
webRTC(6353)  E 10-07 06:46:57  6353  6402 vsock_connection.cpp:224] Failed to connect:UNAVAILABLE: StrError(): Connection reset by peer
webRTC(6353)  E 10-07 06:46:58  6353  6402 vsock_connection.cpp:224] Failed to connect:UNAVAILABLE: StrError(): Connection reset by peer
run_cvd(6328)  D 10-07 06:46:59  6328  6328 server_loop_impl.cpp:219] Run_cvd received screenshot display request.
run_cvd(6328)  I 10-07 06:46:59  6328  6328 server_loop_impl_webrtc.cpp:44] Sending the request to screenshot display to webrtc.
webRTC(6353)  D 10-07 06:46:59  6353  6443 channel_sharedfd.cpp:55] Received message with id: 0
webRTC(6353)  I 10-07 06:46:59  6353  6443 main.cpp:158] Received command to screenshot display 0in main.cpp.
webRTC(6353)  E 10-07 06:46:59  6353  6443 main.cpp:170] Failed to screenshot display 0 to /home/runner/work/devicelab/devicelab/out/aera-recovery.png:Screenshot requires a planar frame
run_cvd(6328)  D 10-07 06:46:59  6328  6328 channel_sharedfd.cpp:55] Received message with id: 0
run_cvd(6328)  E 10-07 06:46:59  6328  6328 server_loop_impl.cpp:153] Failed to handle extended action request.
run_cvd(6328)  E 10-07 06:46:59  6328  6328 server_loop_impl.cpp:154] 3. server_loop_impl.cpp:221 | HandleExtended | 
run_cvd(6328)  E 10-07 06:46:59  6328  6328 server_loop_impl.cpp:154] 2. server_loop_impl_webrtc.cpp:47 | HandleScreenshotDisplay | Failed to send start screenshot display command to webrtc.
run_cvd(6328)  E 10-07 06:46:59  6328  6328 server_loop_impl.cpp:154] 1. webrtc_controller.cpp:90 | SendScreenshotDisplayCommand | Failed to screenshot display.
run_cvd(6328)  E 10-07 06:46:59  6328  6328 server_loop_impl.cpp:154]  | cuttlefish/host/commands/run_cvd/launch/webrtc_controller.cpp:39
run_cvd(6328)  E 10-07 06:46:59  6328  6328 server_loop_impl.cpp:154]  v Result<void> cuttlefish::(anonymous namespace)::IsSuccess(const webrtc::WebrtcCommandResponse &)
run_cvd(6328)  E 10-07 06:46:59  6328  6328 server_loop_impl.cpp:154] Expected "response_status.code()" == "google::rpc::Code::OK" but was 13 vs 0. Webrtc command failed: Screenshot requires a planar frame
modem_simulator(6333)  D 10-07 06:46:59  6333  6337 channel_monitor.cpp:149] No client connected yet.
webRTC(6353)  E 10-07 06:46:59  6353  6402 vsock_connection.cpp:224] Failed to connect:UNAVAILABLE: StrError(): Connection reset by peer
webRTC(6353)  E 10-07 06:47:00  6353  6402 vsock_connection.cpp:224] Failed to connect:UNAVAILABLE: StrError(): Connection reset by peer
webRTC(6353)  E 10-07 06:47:01  6353  6402 vsock_connection.cpp:224] Failed to connect:UNAVAILABLE: StrError(): Connection reset by peer
adb_connector(6356)  D 10-07 06:47:02  6356  6365 adb_connection_maintainer.cpp:241] Watching for disconnect on 127.0.0.1:6520
webRTC(6353)  E 10-07 06:47:02  6353  6402 vsock_connection.cpp:224] Failed to connect:UNAVAILABLE: StrError(): Connection reset by peer
webRTC(6353)  E 10-07 06:47:03  6353  6402 vsock_connection.cpp:224] Failed to connect:UNAVAILABLE: StrError(): Connection reset by peer
webRTC(6353)  E 10-07 06:47:04  6353  6402 vsock_connection.cpp:224] Failed to connect:UNAVAILABLE: StrError(): Connection reset by peer
webRTC(6353)  E 10-07 06:47:05  6353  6402 vsock_connection.cpp:224] Failed to connect:UNAVAILABLE: StrError(): Connection reset by peer
webRTC(6353)  E 10-07 06:47:06  6353  6402 vsock_connection.cpp:224] Failed to connect:UNAVAILABLE: StrError(): Connection reset by peer
webRTC(6353)  E 10-07 06:47:07  6353  6402 vsock_connection.cpp:224] Failed to connect:UNAVAILABLE: StrError(): Connection reset by peer
webRTC(6353)  E 10-07 06:47:08  6353  6402 vsock_connection.cpp:224] Failed to connect:UNAVAILABLE: StrError(): Connection reset by peer
modem_simulator(6333)  D 10-07 06:47:09  6333  6337 channel_monitor.cpp:149] No client connected yet.
webRTC(6353)  E 10-07 06:47:09  6353  6402 vsock_connection.cpp:224] Failed to connect:UNAVAILABLE: StrError(): Connection reset by peer
webRTC(6353)  E 10-07 06:47:10  6353  6402 vsock_connection.cpp:224] Failed to connect:UNAVAILABLE: StrError(): Connection reset by peer
webRTC(6353)  E 10-07 06:47:11  6353  6402 vsock_connection.cpp:224] Failed to connect:UNAVAILABLE: StrError(): Connection reset by peer
webRTC(6353)  E 10-07 06:47:12  6353  6402 vsock_connection.cpp:224] Failed to connect:UNAVAILABLE: StrError(): Connection reset by peer
webRTC(6353)  E 10-07 06:47:13  6353  6402 vsock_connection.cpp:224] Failed to connect:UNAVAILABLE: StrError(): Connection reset by peer
webRTC(6353)  E 10-07 06:47:14  6353  6402 vsock_connection.cpp:224] Failed to connect:UNAVAILABLE: StrError(): Connection reset by peer
webRTC(6353)  E 10-07 06:47:15  6353  6402 vsock_connection.cpp:224] Failed to connect:UNAVAILABLE: StrError(): Connection reset by peer
webRTC(6353)  E 10-07 06:47:16  6353  6402 vsock_connection.cpp:224] Failed to connect:UNAVAILABLE: StrError(): Connection reset by peer
webRTC(6353)  E 10-07 06:47:17  6353  6402 vsock_connection.cpp:224] Failed to connect:UNAVAILABLE: StrError(): Connection reset by peer
webRTC(6353)  E 10-07 06:47:18  6353  6402 vsock_connection.cpp:224] Failed to connect:UNAVAILABLE: StrError(): Connection reset by peer
modem_simulator(6333)  D 10-07 06:47:19  6333  6337 channel_monitor.cpp:149] No client connected yet.
webRTC(6353)  E 10-07 06:47:19  6353  6402 vsock_connection.cpp:224] Failed to connect:UNAVAILABLE: StrError(): Connection reset by peer
webRTC(6353)  E 10-07 06:47:20  6353  6402 vsock_connection.cpp:224] Failed to connect:UNAVAILABLE: StrError(): Connection reset by peer
webRTC(6353)  E 10-07 06:47:21  6353  6402 vsock_connection.cpp:224] Failed to connect:UNAVAILABLE: StrError(): Connection reset by peer
webRTC(6353)  E 10-07 06:47:22  6353  6402 vsock_connection.cpp:224] Failed to connect:UNAVAILABLE: StrError(): Connection reset by peer
webRTC(6353)  E 10-07 06:47:23  6353  6402 vsock_connection.cpp:224] Failed to connect:UNAVAILABLE: StrError(): Connection reset by peer
webRTC(6353)  E 10-07 06:47:24  6353  6402 vsock_connection.cpp:224] Failed to connect:UNAVAILABLE: StrError(): Connection reset by peer
webRTC(6353)  E 10-07 06:47:25  6353  6402 vsock_connection.cpp:224] Failed to connect:UNAVAILABLE: StrError(): Connection reset by peer
webRTC(6353)  E 10-07 06:47:26  6353  6402 vsock_connection.cpp:224] Failed to connect:UNAVAILABLE: StrError(): Connection reset by peer
webRTC(6353)  E 10-07 06:47:27  6353  6402 vsock_connection.cpp:224] Failed to connect:UNAVAILABLE: StrError(): Connection reset by peer
log_tee(6418)  D 10-07 06:47:28  6418  6418 log_tee.cpp:185] d (true)
log_tee(6418)  D 10-07 06:47:28  6418  6418 log_tee.cpp:185] [virtio_gpu_gfxstream_renderer.cpp(780)]     VulkanNativeSwapchain: disabled (rendererFlags & STREAM_RENDERER_FLAGS_VULKAN_NATIVE_SWAPCHAIN_BIT)
log_tee(6418)  D 10-07 06:47:28  6418  6418 log_tee.cpp:185] [virtio_gpu_gfxstream_renderer.cpp(780)]     VulkanNullOptionalStrings: enabled (true)
log_tee(6418)  D 10-07 06:47:28  6418  6418 log_tee.cpp:185] [virtio_gpu_gfxstream_renderer.cpp(780)]     VulkanProtectedMemoryEmulation: disabled (Default reason)
log_tee(6418)  D 10-07 06:47:28  6418  6418 log_tee.cpp:185] [virtio_gpu_gfxstream_renderer.cpp(780)]     VulkanQueueSubmitWithCommands: enabled (true)
log_tee(6418)  D 10-07 06:47:28  6418  6418 log_tee.cpp:185] [virtio_gpu_gfxstream_renderer.cpp(780)]     VulkanRobustness: disabled (Default reason)
log_tee(6418)  D 10-07 06:47:28  6418  6418 log_tee.cpp:185] [virtio_gpu_gfxstream_renderer.cpp(780)]     VulkanShaderFloat16Int8: enabled (true)
log_tee(6418)  D 10-07 06:47:28  6418  6418 log_tee.cpp:185] [virtio_gpu_gfxstream_renderer.cpp(780)]     VulkanSnapshots: disabled (gfxstream::base::getEnvironmentVariable("ANDROID_GFXSTREAM_CAPTURE_VK_SNAPSHOT") == "1")
log_tee(6418)  D 10-07 06:47:28  6418  6418 log_tee.cpp:185] [virtio_gpu_gfxstream_renderer.cpp(780)]     VulkanUseDedicatedAhbMemoryType: enabled (Overridden via STREAM_RENDERER_PARAM_RENDERER_FEATURES)
log_tee(6418)  D 10-07 06:47:28  6418  6418 log_tee.cpp:185] [virtio_gpu_gfxstream_renderer.cpp(780)]     VulkanVirtualQueue: disabled (Default reason)
log_tee(6418)  D 10-07 06:47:28  6418  6418 log_tee.cpp:185] [virtio_gpu_gfxstream_renderer.cpp(780)]     Yuv420888ToNv21: disabled (Default reason)
log_tee(6418)  D 10-07 06:47:28  6418  6418 log_tee.cpp:185] [virtio_gpu_gfxstream_renderer.cpp(780)]     YuvCache: disabled (Default reason)
log_tee(6418)  D 10-07 06:47:28  6418  6418 log_tee.cpp:185] [shared_library.cpp(43)] SharedLibrary::open for [/usr/lib/cuttlefish-common/bin/lib64/vulkan/libvulkan.so]
log_tee(6418)  D 10-07 06:47:28  6418  6418 log_tee.cpp:185] [shared_library.cpp(43)] SharedLibrary::open for [/usr/lib/cuttlefish-common/bin/lib64/vulkan/libvulkan.so.1]
log_tee(6418)  D 10-07 06:47:28  6418  6418 log_tee.cpp:185] [shared_library.cpp(43)] SharedLibrary::open for [/usr/lib/cuttlefish-common/bin/lib64/vulkan/libvulkan.so]
log_tee(6418)  D 10-07 06:47:28  6418  6418 log_tee.cpp:185] [shared_library.cpp(43)] SharedLibrary::open for [/usr/lib/cuttlefish-common/bin/lib64/vulkan/libvulkan.so.1]
log_tee(6418)  D 10-07 06:47:28  6418  6418 log_tee.cpp:185] [shared_library.cpp(43)] SharedLibrary::open for [libvulkan.so]
log_tee(6418)  D 10-07 06:47:28  6418  6418 log_tee.cpp:185] [shared_library.cpp(43)] SharedLibrary::open for [libvulkan.so.1]
log_tee(6418)  D 10-07 06:47:28  6418  6418 log_tee.cpp:185] [vulkan_dispatch.cpp(223)] Added library: libvulkan.so.1
log_tee(6418)  D 10-07 06:47:28  6418  6418 log_tee.cpp:185] [vk_common_operations.cpp(1341)] Selecting Vulkan device: SwiftShader Device (LLVM 16.0.0), Version: 1.3.0
log_tee(6418)  D 10-07 06:47:28  6418  6418 log_tee.cpp:185] [vk_common_operations.cpp(1345)] Using Vulkan externalMemoryMode: OpaqueFd for VkEmulation
log_tee(6418)  D 10-07 06:47:28  6418  6418 log_tee.cpp:185] [vk_common_operations.cpp(1684)] Initializing VkEmulation features:
log_tee(6418)  D 10-07 06:47:28  6418  6418 log_tee.cpp:185] [vk_common_operations.cpp(1686)]     glInteropSupported: false
log_tee(6418)  D 10-07 06:47:28  6418  6418 log_tee.cpp:185] [vk_common_operations.cpp(1687)]     useDeferredCommands: true
log_tee(6418)  D 10-07 06:47:28  6418  6418 log_tee.cpp:185] [vk_common_operations.cpp(1689)]     createResourceWithRequirements: true
log_tee(6418)  D 10-07 06:47:28  6418  6418 log_tee.cpp:185] [vk_common_operations.cpp(1691)]     useVulkanComposition: true
log_tee(6418)  D 10-07 06:47:28  6418  6418 log_tee.cpp:185] [vk_common_operations.cpp(1693)]     useVulkanNativeSwapchain: false
log_tee(6418)  D 10-07 06:47:28  6418  6418 log_tee.cpp:185] [vk_common_operations.cpp(1694)]     enable guestRenderDoc: false
log_tee(6418)  D 10-07 06:47:28  6418  6418 log_tee.cpp:185] [vk_common_operations.cpp(1696)]     ASTC LDR emulation mode: Gpu
log_tee(6418)  D 10-07 06:47:28  6418  6418 log_tee.cpp:185] [vk_common_operations.cpp(1698)]     enable ETC2 emulation: true
log_tee(6418)  D 10-07 06:47:28  6418  6418 log_tee.cpp:185] [vk_common_operations.cpp(1700)]     enable Ycbcr emulation: false
log_tee(6418)  D 10-07 06:47:28  6418  6418 log_tee.cpp:185] [vk_common_operations.cpp(1701)]     guestVulkanOnly: true
log_tee(6418)  D 10-07 06:47:28  6418  6418 log_tee.cpp:185] [vk_common_operations.cpp(1703)]     useDedicatedAllocations: false
log_tee(6418)  D 10-07 06:47:28  6418  6418 log_tee.cpp:185] [vk_common_operations.cpp(1707)]     guestVulkanMaxApiVersion: 1.3.275
log_tee(6418)  D 10-07 06:47:28  6418  6418 log_tee.cpp:185] [vk_common_operations.cpp(1709)]     enableProtectedMemoryEmulation: false
log_tee(6418)  D 10-07 06:47:28  6418  6418 log_tee.cpp:185] [compositor_vk.cpp(181)] Created CompositorVk
log_tee(6418)  D 10-07 06:47:28  6418  6418 log_tee.cpp:185] [frame_buffer.cpp(1502)] Graphics Adapter Vendor N/A
log_tee(6418)  D 10-07 06:47:28  6418  6418 log_tee.cpp:185] [frame_buffer.cpp(1503)] Graphics Adapter N/A
log_tee(6418)  D 10-07 06:47:28  6418  6418 log_tee.cpp:185] [frame_buffer.cpp(1504)] Graphics API Version N/A
log_tee(6418)  D 10-07 06:47:28  6418  6418 log_tee.cpp:185] [frame_buffer.cpp(1505)] Graphics API Extensions N/A
log_tee(6418)  D 10-07 06:47:28  6418  6418 log_tee.cpp:185] [frame_buffer.cpp(1506)] Graphics Device Extensions N/A
log_tee(6418)  D 10-07 06:47:28  6418  6418 log_tee.cpp:185] [virtio_gpu_gfxstream_renderer.cpp(813)] Gfxstream initialized successfully!
log_tee(6418)  D 10-07 06:47:28  6418  6418 log_tee.cpp:185] [virtio_gpu_frontend.cpp(709)] Format support:
log_tee(6418)  D 10-07 06:47:28  6418  6418 log_tee.cpp:185] [virtio_gpu_frontend.cpp(726)]  VIRGL_FORMAT_B5G6R5_UNORM: supported
log_tee(6418)  D 10-07 06:47:28  6418  6418 log_tee.cpp:185] [virtio_gpu_frontend.cpp(726)]  VIRGL_FORMAT_B8G8R8A8_UNORM: supported
log_tee(6418)  D 10-07 06:47:28  6418  6418 log_tee.cpp:185] [virtio_gpu_frontend.cpp(726)]  VIRGL_FORMAT_B8G8R8X8_UNORM: supported
log_tee(6418)  D 10-07 06:47:28  6418  6418 log_tee.cpp:185] [virtio_gpu_frontend.cpp(726)]  VIRGL_FORMAT_NV12: supported
log_tee(6418)  D 10-07 06:47:28  6418  6418 log_tee.cpp:185] [virtio_gpu_frontend.cpp(726)]  VIRGL_FORMAT_P010: supported
log_tee(6418)  D 10-07 06:47:28  6418  6418 log_tee.cpp:185] [virtio_gpu_frontend.cpp(726)]  VIRGL_FORMAT_R10G10B10A2_UNORM: supported
log_tee(6418)  D 10-07 06:47:28  6418  6418 log_tee.cpp:185] [virtio_gpu_frontend.cpp(726)]  VIRGL_FORMAT_R16_UNORM: supported
log_tee(6418)  D 10-07 06:47:28  6418  6418 log_tee.cpp:185] [virtio_gpu_frontend.cpp(726)]  VIRGL_FORMAT_R16G16B16A16_FLOAT: supported
log_tee(6418)  D 10-07 06:47:28  6418  6418 log_tee.cpp:185] [virtio_gpu_frontend.cpp(726)]  VIRGL_FORMAT_R8_UNORM: supported
log_tee(6418)  D 10-07 06:47:28  6418  6418 log_tee.cpp:185] [virtio_gpu_frontend.cpp(726)]  VIRGL_FORMAT_R8G8_UNORM: supported
log_tee(6418)  D 10-07 06:47:28  6418  6418 log_tee.cpp:185] [virtio_gpu_frontend.cpp(726)]  VIRGL_FORMAT_R8G8B8_UNOR
webRTC(6353)  E 10-07 06:47:28  6353  6402 vsock_connection.cpp:224] Failed to connect:UNAVAILABLE: StrError(): Connection reset by peer
modem_simulator(6333)  D 10-07 06:47:29  6333  6337 channel_monitor.cpp:149] No client connected yet.
webRTC(6353)  E 10-07 06:47:29  6353  6402 vsock_connection.cpp:224] Failed to connect:UNAVAILABLE: StrError(): Connection reset by peer
webRTC(6353)  E 10-07 06:47:30  6353  6402 vsock_connection.cpp:224] Failed to connect:UNAVAILABLE: StrError(): Connection reset by peer
webRTC(6353)  E 10-07 06:47:31  6353  6402 vsock_connection.cpp:224] Failed to connect:UNAVAILABLE: StrError(): Connection reset by peer
webRTC(6353)  E 10-07 06:47:32  6353  6402 vsock_connection.cpp:224] Failed to connect:UNAVAILABLE: StrError(): Connection reset by peer
webRTC(6353)  E 10-07 06:47:33  6353  6402 vsock_connection.cpp:224] Failed to connect:UNAVAILABLE: StrError(): Connection reset by peer
webRTC(6353)  E 10-07 06:47:34  6353  6402 vsock_connection.cpp:224] Failed to connect:UNAVAILABLE: StrError(): Connection reset by peer
webRTC(6353)  E 10-07 06:47:35  6353  6402 vsock_connection.cpp:224] Failed to connect:UNAVAILABLE: StrError(): Connection reset by peer
webRTC(6353)  E 10-07 06:47:36  6353  6402 vsock_connection.cpp:224] Failed to connect:UNAVAILABLE: StrError(): Connection reset by peer
webRTC(6353)  E 10-07 06:47:37  6353  6402 vsock_connection.cpp:224] Failed to connect:UNAVAILABLE: StrError(): Connection reset by peer
webRTC(6353)  E 10-07 06:47:38  6353  6402 vsock_connection.cpp:224] Failed to connect:UNAVAILABLE: StrError(): Connection reset by peer
modem_simulator(6333)  D 10-07 06:47:39  6333  6337 channel_monitor.cpp:149] No client connected yet.
webRTC(6353)  E 10-07 06:47:39  6353  6402 vsock_connection.cpp:224] Failed to connect:UNAVAILABLE: StrError(): Connection reset by peer
webRTC(6353)  E 10-07 06:47:40  6353  6402 vsock_connection.cpp:224] Failed to connect:UNAVAILABLE: StrError(): Connection reset by peer
webRTC(6353)  E 10-07 06:47:41  6353  6402 vsock_connection.cpp:224] Failed to connect:UNAVAILABLE: StrError(): Connection reset by peer
webRTC(6353)  E 10-07 06:47:42  6353  6402 vsock_connection.cpp:224] Failed to connect:UNAVAILABLE: StrError(): Connection reset by peer
webRTC(6353)  E 10-07 06:47:43  6353  6402 vsock_connection.cpp:224] Failed to connect:UNAVAILABLE: StrError(): Connection reset by peer
webRTC(6353)  E 10-07 06:47:44  6353  6402 vsock_connection.cpp:224] Failed to connect:UNAVAILABLE: StrError(): Connection reset by peer
webRTC(6353)  E 10-07 06:47:45  6353  6402 vsock_connection.cpp:224] Failed to connect:UNAVAILABLE: StrError(): Connection reset by peer
webRTC(6353)  E 10-07 06:47:46  6353  6402 vsock_connection.cpp:224] Failed to connect:UNAVAILABLE: StrError(): Connection reset by peer
webRTC(6353)  E 10-07 06:47:47  6353  6402 vsock_connection.cpp:224] Failed to connect:UNAVAILABLE: StrError(): Connection reset by peer
webRTC(6353)  E 10-07 06:47:48  6353  6402 vsock_connection.cpp:224] Failed to connect:UNAVAILABLE: StrError(): Connection reset by peer
modem_simulator(6333)  D 10-07 06:47:49  6333  6337 channel_monitor.cpp:149] No client connected yet.
webRTC(6353)  E 10-07 06:47:49  6353  6402 vsock_connection.cpp:224] Failed to connect:UNAVAILABLE: StrError(): Connection reset by peer
webRTC(6353)  E 10-07 06:47:50  6353  6402 vsock_connection.cpp:224] Failed to connect:UNAVAILABLE: StrError(): Connection reset by peer
webRTC(6353)  E 10-07 06:47:51  6353  6402 vsock_connection.cpp:224] Failed to connect:UNAVAILABLE: StrError(): Connection reset by peer
webRTC(6353)  E 10-07 06:47:52  6353  6402 vsock_connection.cpp:224] Failed to connect:UNAVAILABLE: StrError(): Connection reset by peer
webRTC(6353)  E 10-07 06:47:53  6353  6402 vsock_connection.cpp:224] Failed to connect:UNAVAILABLE: StrError(): Connection reset by peer
webRTC(6353)  E 10-07 06:47:54  6353  6402 vsock_connection.cpp:224] Failed to connect:UNAVAILABLE: StrError(): Connection reset by peer
webRTC(6353)  E 10-07 06:47:55  6353  6402 vsock_connection.cpp:224] Failed to connect:UNAVAILABLE: StrError(): Connection reset by peer
webRTC(6353)  E 10-07 06:47:56  6353  6402 vsock_connection.cpp:224] Failed to connect:UNAVAILABLE: StrError(): Connection reset by peer
webRTC(6353)  E 10-07 06:47:57  6353  6402 vsock_connection.cpp:224] Failed to connect:UNAVAILABLE: StrError(): Connection reset by peer
webRTC(6353)  E 10-07 06:47:58  6353  6402 vsock_connection.cpp:224] Failed to connect:UNAVAILABLE: StrError(): Connection reset by peer
modem_simulator(6333)  D 10-07 06:47:59  6333  6337 channel_monitor.cpp:149] No client connected yet.
webRTC(6353)  E 10-07 06:47:59  6353  6402 vsock_connection.cpp:224] Failed to connect:UNAVAILABLE: StrError(): Connection reset by peer
webRTC(6353)  E 10-07 06:48:00  6353  6402 vsock_connection.cpp:224] Failed to connect:UNAVAILABLE: StrError(): Connection reset by peer
webRTC(6353)  E 10-07 06:48:01  6353  6402 vsock_connection.cpp:224] Failed to connect:UNAVAILABLE: StrError(): Connection reset by peer
webRTC(6353)  E 10-07 06:48:02  6353  6402 vsock_connection.cpp:224] Failed to connect:UNAVAILABLE: StrError(): Connection reset by peer
webRTC(6353)  E 10-07 06:48:03  6353  6402 vsock_connection.cpp:224] Failed to connect:UNAVAILABLE: StrError(): Connection reset by peer
webRTC(6353)  E 10-07 06:48:04  6353  6402 vsock_connection.cpp:224] Failed to connect:UNAVAILABLE: StrError(): Connection reset by peer
webRTC(6353)  E 10-07 06:48:05  6353  6402 vsock_connection.cpp:224] Failed to connect:UNAVAILABLE: StrError(): Connection reset by peer
webRTC(6353)  E 10-07 06:48:06  6353  6402 vsock_connection.cpp:224] Failed to connect:UNAVAILABLE: StrError(): Connection reset by peer
webRTC(6353)  E 10-07 06:48:07  6353  6402 vsock_connection.cpp:224] Failed to connect:UNAVAILABLE: StrError(): Connection reset by peer
webRTC(6353)  E 10-07 06:48:08  6353  6402 vsock_connection.cpp:224] Failed to connect:UNAVAILABLE: StrError(): Connection reset by peer
modem_simulator(6333)  D 10-07 06:48:09  6333  6337 channel_monitor.cpp:149] No client connected yet.
webRTC(6353)  E 10-07 06:48:09  6353  6402 vsock_connection.cpp:224] Failed to connect:UNAVAILABLE: StrError(): Connection reset by peer
webRTC(6353)  E 10-07 06:48:10  6353  6402 vsock_connection.cpp:224] Failed to connect:UNAVAILABLE: StrError(): Connection reset by peer
webRTC(6353)  E 10-07 06:48:11  6353  6402 vsock_connection.cpp:224] Failed to connect:UNAVAILABLE: StrError(): Connection reset by peer
webRTC(6353)  E 10-07 06:48:12  6353  6402 vsock_connection.cpp:224] Failed to connect:UNAVAILABLE: StrError(): Connection reset by peer
webRTC(6353)  E 10-07 06:48:13  6353  6402 vsock_connection.cpp:224] Failed to connect:UNAVAILABLE: StrError(): Connection reset by peer
webRTC(6353)  E 10-07 06:48:14  6353  6402 vsock_connection.cpp:224] Failed to connect:UNAVAILABLE: StrError(): Connection reset by peer
webRTC(6353)  E 10-07 06:48:15  6353  6402 vsock_connection.cpp:224] Failed to connect:UNAVAILABLE: StrError(): Connection reset by peer
webRTC(6353)  E 10-07 06:48:16  6353  6402 vsock_connection.cpp:224] Failed to connect:UNAVAILABLE: StrError(): Connection reset by peer
webRTC(6353)  E 10-07 06:48:17  6353  6402 vsock_connection.cpp:224] Failed to connect:UNAVAILABLE: StrError(): Connection reset by peer
webRTC(6353)  E 10-07 06:48:18  6353  6402 vsock_connection.cpp:224] Failed to connect:UNAVAILABLE: StrError(): Connection reset by peer
modem_simulator(6333)  D 10-07 06:48:19  6333  6337 channel_monitor.cpp:149] No client connected yet.
webRTC(6353)  E 10-07 06:48:19  6353  6402 vsock_connection.cpp:224] Failed to connect:UNAVAILABLE: StrError(): Connection reset by peer
webRTC(6353)  E 10-07 06:48:20  6353  6402 vsock_connection.cpp:224] Failed to connect:UNAVAILABLE: StrError(): Connection reset by peer
webRTC(6353)  E 10-07 06:48:21  6353  6402 vsock_connection.cpp:224] Failed to connect:UNAVAILABLE: StrError(): Connection reset by peer
webRTC(6353)  E 10-07 06:48:22  6353  6402 vsock_connection.cpp:224] Failed to connect:UNAVAILABLE: StrError(): Connection reset by peer
webRTC(6353)  E 10-07 06:48:23  6353  6402 vsock_connection.cpp:224] Failed to connect:UNAVAILABLE: StrError(): Connection reset by peer
webRTC(6353)  E 10-07 06:48:24  6353  6402 vsock_connection.cpp:224] Failed to connect:UNAVAILABLE: StrError(): Connection reset by peer
webRTC(6353)  E 10-07 06:48:25  6353  6402 vsock_connection.cpp:224] Failed to connect:UNAVAILABLE: StrError(): Connection reset by peer
webRTC(6353)  E 10-07 06:48:26  6353  6402 vsock_connection.cpp:224] Failed to connect:UNAVAILABLE: StrError(): Connection reset by peer
webRTC(6353)  E 10-07 06:48:27  6353  6402 vsock_connection.cpp:224] Failed to connect:UNAVAILABLE: StrError(): Connection reset by peer
webRTC(6353)  E 10-07 06:48:28  6353  6402 vsock_connection.cpp:224] Failed to connect:UNAVAILABLE: StrError(): Connection reset by peer
modem_simulator(6333)  D 10-07 06:48:29  6333  6337 channel_monitor.cpp:149] No client connected yet.
webRTC(6353)  E 10-07 06:48:29  6353  6402 vsock_connection.cpp:224] Failed to connect:UNAVAILABLE: StrError(): Connection reset by peer
webRTC(6353)  E 10-07 06:48:30  6353  6402 vsock_connection.cpp:224] Failed to connect:UNAVAILABLE: StrError(): Connection reset by peer
webRTC(6353)  E 10-07 06:48:31  6353  6402 vsock_connection.cpp:224] Failed to connect:UNAVAILABLE: StrError(): Connection reset by peer
webRTC(6353)  E 10-07 06:48:32  6353  6402 vsock_connection.cpp:224] Failed to connect:UNAVAILABLE: StrError(): Connection reset by peer
webRTC(6353)  E 10-07 06:48:33  6353  6402 vsock_connection.cpp:224] Failed to connect:UNAVAILABLE: StrError(): Connection reset by peer
webRTC(6353)  E 10-07 06:48:34  6353  6402 vsock_connection.cpp:224] Failed to connect:UNAVAILABLE: StrError(): Connection reset by peer
webRTC(6353)  E 10-07 06:48:35  6353  6402 vsock_connection.cpp:224] Failed to connect:UNAVAILABLE: StrError(): Connection reset by peer
webRTC(6353)  E 10-07 06:48:36  6353  6402 vsock_connection.cpp:224] Failed to connect:UNAVAILABLE: StrError(): Connection reset by peer
webRTC(6353)  E 10-07 06:48:37  6353  6402 vsock_connection.cpp:224] Failed to connect:UNAVAILABLE: StrError(): Connection reset by peer
webRTC(6353)  E 10-07 06:48:38  6353  6402 vsock_connection.cpp:224] Failed to connect:UNAVAILABLE: StrError(): Connection reset by peer
modem_simulator(6333)  D 10-07 06:48:39  6333  6337 channel_monitor.cpp:149] No client connected yet.
webRTC(6353)  E 10-07 06:48:39  6353  6402 vsock_connection.cpp:224] Failed to connect:UNAVAILABLE: StrError(): Connection reset by peer
webRTC(6353)  E 10-07 06:48:40  6353  6402 vsock_connection.cpp:224] Failed to connect:UNAVAILABLE: StrError(): Connection reset by peer
webRTC(6353)  E 10-07 06:48:41  6353  6402 vsock_connection.cpp:224] Failed to connect:UNAVAILABLE: StrError(): Connection reset by peer
webRTC(6353)  E 10-07 06:48:42  6353  6402 vsock_connection.cpp:224] Failed to connect:UNAVAILABLE: StrError(): Connection reset by peer
webRTC(6353)  E 10-07 06:48:43  6353  6402 vsock_connection.cpp:224] Failed to connect:UNAVAILABLE: StrError(): Connection reset by peer
webRTC(6353)  E 10-07 06:48:44  6353  6402 vsock_connection.cpp:224] Failed to connect:UNAVAILABLE: StrError(): Connection reset by peer
webRTC(6353)  E 10-07 06:48:45  6353  6402 vsock_connection.cpp:224] Failed to connect:UNAVAILABLE: StrError(): Connection reset by peer
webRTC(6353)  E 10-07 06:48:46  6353  6402 vsock_connection.cpp:224] Failed to connect:UNAVAILABLE: StrError(): Connection reset by peer
webRTC(6353)  E 10-07 06:48:47  6353  6402 vsock_connection.cpp:224] Failed to connect:UNAVAILABLE: StrError(): Connection reset by peer
webRTC(6353)  E 10-07 06:48:48  6353  6402 vsock_connection.cpp:224] Failed to connect:UNAVAILABLE: StrError(): Connection reset by peer
modem_simulator(6333)  D 10-07 06:48:49  6333  6337 channel_monitor.cpp:149] No client connected yet.
webRTC(6353)  E 10-07 06:48:49  6353  6402 vsock_connection.cpp:224] Failed to connect:UNAVAILABLE: StrError(): Connection reset by peer
webRTC(6353)  E 10-07 06:48:50  6353  6402 vsock_connection.cpp:224] Failed to connect:UNAVAILABLE: StrError(): Connection reset by peer
webRTC(6353)  E 10-07 06:48:51  6353  6402 vsock_connection.cpp:224] Failed to connect:UNAVAILABLE: StrError(): Connection reset by peer
webRTC(6353)  E 10-07 06:48:52  6353  6402 vsock_connection.cpp:224] Failed to connect:UNAVAILABLE: StrError(): Connection reset by peer
webRTC(6353)  E 10-07 06:48:53  6353  6402 vsock_connection.cpp:224] Failed to connect:UNAVAILABLE: StrError(): Connection reset by peer
webRTC(6353)  E 10-07 06:48:54  6353  6402 vsock_connection.cpp:224] Failed to connect:UNAVAILABLE: StrError(): Connection reset by peer
webRTC(6353)  E 10-07 06:48:55  6353  6402 vsock_connection.cpp:224] Failed to connect:UNAVAILABLE: StrError(): Connection reset by peer
webRTC(6353)  E 10-07 06:48:56  6353  6402 vsock_connection.cpp:224] Failed to connect:UNAVAILABLE: StrError(): Connection reset by peer
webRTC(6353)  E 10-07 06:48:57  6353  6402 vsock_connection.cpp:224] Failed to connect:UNAVAILABLE: StrError(): Connection reset by peer
webRTC(6353)  E 10-07 06:48:58  6353  6402 vsock_connection.cpp:224] Failed to connect:UNAVAILABLE: StrError(): Connection reset by peer
modem_simulator(6333)  D 10-07 06:48:59  6333  6337 channel_monitor.cpp:149] No client connected yet.
webRTC(6353)  E 10-07 06:48:59  6353  6402 vsock_connection.cpp:224] Failed to connect:UNAVAILABLE: StrError(): Connection reset by peer
webRTC(6353)  E 10-07 06:49:00  6353  6402 vsock_connection.cpp:224] Failed to connect:UNAVAILABLE: StrError(): Connection reset by peer
webRTC(6353)  E 10-07 06:49:01  6353  6402 vsock_connection.cpp:224] Failed to connect:UNAVAILABLE: StrError(): Connection reset by peer
webRTC(6353)  E 10-07 06:49:02  6353  6402 vsock_connection.cpp:224] Failed to connect:UNAVAILABLE: StrError(): Connection reset by peer
webRTC(6353)  E 10-07 06:49:03  6353  6402 vsock_connection.cpp:224] Failed to connect:UNAVAILABLE: StrError(): Connection reset by peer
webRTC(6353)  E 10-07 06:49:04  6353  6402 vsock_connection.cpp:224] Failed to connect:UNAVAILABLE: StrError(): Connection reset by peer
webRTC(6353)  E 10-07 06:49:05  6353  6402 vsock_connection.cpp:224] Failed to connect:UNAVAILABLE: StrError(): Connection reset by peer
webRTC(6353)  E 10-07 06:49:06  6353  6402 vsock_connection.cpp:224] Failed to connect:UNAVAILABLE: StrError(): Connection reset by peer
webRTC(6353)  E 10-07 06:49:07  6353  6402 vsock_connection.cpp:224] Failed to connect:UNAVAILABLE: StrError(): Connection reset by peer
webRTC(6353)  E 10-07 06:49:08  6353  6402 vsock_connection.cpp:224] Failed to connect:UNAVAILABLE: StrError(): Connection reset by peer
modem_simulator(6333)  D 10-07 06:49:09  6333  6337 channel_monitor.cpp:149] No client connected yet.
webRTC(6353)  E 10-07 06:49:09  6353  6402 vsock_connection.cpp:224] Failed to connect:UNAVAILABLE: StrError(): Connection reset by peer
webRTC(6353)  E 10-07 06:49:10  6353  6402 vsock_connection.cpp:224] Failed to connect:UNAVAILABLE: StrError(): Connection reset by peer
webRTC(6353)  E 10-07 06:49:11  6353  6402 vsock_connection.cpp:224] Failed to connect:UNAVAILABLE: StrError(): Connection reset by peer
webRTC(6353)  E 10-07 06:49:12  6353  6402 vsock_connection.cpp:224] Failed to connect:UNAVAILABLE: StrError(): Connection reset by peer
webRTC(6353)  E 10-07 06:49:13  6353  6402 vsock_connection.cpp:224] Failed to connect:UNAVAILABLE: StrError(): Connection reset by peer
webRTC(6353)  E 10-07 06:49:14  6353  6402 vsock_connection.cpp:224] Failed to connect:UNAVAILABLE: StrError(): Connection reset by peer
webRTC(6353)  E 10-07 06:49:15  6353  6402 vsock_connection.cpp:224] Failed to connect:UNAVAILABLE: StrError(): Connection reset by peer
webRTC(6353)  E 10-07 06:49:16  6353  6402 vsock_connection.cpp:224] Failed to connect:UNAVAILABLE: StrError(): Connection reset by peer
webRTC(6353)  E 10-07 06:49:17  6353  6402 vsock_connection.cpp:224] Failed to connect:UNAVAILABLE: StrError(): Connection reset by peer
webRTC(6353)  E 10-07 06:49:18  6353  6402 vsock_connection.cpp:224] Failed to connect:UNAVAILABLE: StrError(): Connection reset by peer
modem_simulator(6333)  D 10-07 06:49:19  6333  6337 channel_monitor.cpp:149] No client connected yet.
webRTC(6353)  E 10-07 06:49:19  6353  6402 vsock_connection.cpp:224] Failed to connect:UNAVAILABLE: StrError(): Connection reset by peer
webRTC(6353)  E 10-07 06:49:20  6353  6402 vsock_connection.cpp:224] Failed to connect:UNAVAILABLE: StrError(): Connection reset by peer
webRTC(6353)  E 10-07 06:49:21  6353  6402 vsock_connection.cpp:224] Failed to connect:UNAVAILABLE: StrError(): Connection reset by peer
webRTC(6353)  E 10-07 06:49:22  6353  6402 vsock_connection.cpp:224] Failed to connect:UNAVAILABLE: StrError(): Connection reset by peer
webRTC(6353)  E 10-07 06:49:23  6353  6402 vsock_connection.cpp:224] Failed to connect:UNAVAILABLE: StrError(): Connection reset by peer
webRTC(6353)  E 10-07 06:49:24  6353  6402 vsock_connection.cpp:224] Failed to connect:UNAVAILABLE: StrError(): Connection reset by peer
webRTC(6353)  E 10-07 06:49:25  6353  6402 vsock_connection.cpp:224] Failed to connect:UNAVAILABLE: StrError(): Connection reset by peer
webRTC(6353)  E 10-07 06:49:26  6353  6402 vsock_connection.cpp:224] Failed to connect:UNAVAILABLE: StrError(): Connection reset by peer
webRTC(6353)  E 10-07 06:49:27  6353  6402 vsock_connection.cpp:224] Failed to connect:UNAVAILABLE: StrError(): Connection reset by peer
webRTC(6353)  E 10-07 06:49:28  6353  6402 vsock_connection.cpp:224] Failed to connect:UNAVAILABLE: StrError(): Connection reset by peer
modem_simulator(6333)  D 10-07 06:49:29  6333  6337 channel_monitor.cpp:149] No client connected yet.
webRTC(6353)  E 10-07 06:49:29  6353  6402 vsock_connection.cpp:224] Failed to connect:UNAVAILABLE: StrError(): Connection reset by peer
webRTC(6353)  E 10-07 06:49:30  6353  6402 vsock_connection.cpp:224] Failed to connect:UNAVAILABLE: StrError(): Connection reset by peer
webRTC(6353)  E 10-07 06:49:31  6353  6402 vsock_connection.cpp:224] Failed to connect:UNAVAILABLE: StrError(): Connection reset by peer
webRTC(6353)  E 10-07 06:49:32  6353  6402 vsock_connection.cpp:224] Failed to connect:UNAVAILABLE: StrError(): Connection reset by peer
webRTC(6353)  E 10-07 06:49:33  6353  6402 vsock_connection.cpp:224] Failed to connect:UNAVAILABLE: StrError(): Connection reset by peer
webRTC(6353)  E 10-07 06:49:34  6353  6402 vsock_connection.cpp:224] Failed to connect:UNAVAILABLE: StrError(): Connection reset by peer
webRTC(6353)  E 10-07 06:49:35  6353  6402 vsock_connection.cpp:224] Failed to connect:UNAVAILABLE: StrError(): Connection reset by peer
webRTC(6353)  E 10-07 06:49:36  6353  6402 vsock_connection.cpp:224] Failed to connect:UNAVAILABLE: StrError(): Connection reset by peer
webRTC(6353)  E 10-07 06:49:37  6353  6402 vsock_connection.cpp:224] Failed to connect:UNAVAILABLE: StrError(): Connection reset by peer
webRTC(6353)  E 10-07 06:49:38  6353  6402 vsock_connection.cpp:224] Failed to connect:UNAVAILABLE: StrError(): Connection reset by peer
modem_simulator(6333)  D 10-07 06:49:39  6333  6337 channel_monitor.cpp:149] No client connected yet.
webRTC(6353)  E 10-07 06:49:39  6353  6402 vsock_connection.cpp:224] Failed to connect:UNAVAILABLE: StrError(): Connection reset by peer
webRTC(6353)  E 10-07 06:49:40  6353  6402 vsock_connection.cpp:224] Failed to connect:UNAVAILABLE: StrError(): Connection reset by peer
webRTC(6353)  E 10-07 06:49:41  6353  6402 vsock_connection.cpp:224] Failed to connect:UNAVAILABLE: StrError(): Connection reset by peer
webRTC(6353)  E 10-07 06:49:42  6353  6402 vsock_connection.cpp:224] Failed to connect:UNAVAILABLE: StrError(): Connection reset by peer
webRTC(6353)  E 10-07 06:49:43  6353  6402 vsock_connection.cpp:224] Failed to connect:UNAVAILABLE: StrError(): Connection reset by peer
webRTC(6353)  E 10-07 06:49:44  6353  6402 vsock_connection.cpp:224] Failed to connect:UNAVAILABLE: StrError(): Connection reset by peer
webRTC(6353)  E 10-07 06:49:45  6353  6402 vsock_connection.cpp:224] Failed to connect:UNAVAILABLE: StrError(): Connection reset by peer
webRTC(6353)  E 10-07 06:49:46  6353  6402 vsock_connection.cpp:224] Failed to connect:UNAVAILABLE: StrError(): Connection reset by peer
webRTC(6353)  E 10-07 06:49:47  6353  6402 vsock_connection.cpp:224] Failed to connect:UNAVAILABLE: StrError(): Connection reset by peer
webRTC(6353)  E 10-07 06:49:48  6353  6402 vsock_connection.cpp:224] Failed to connect:UNAVAILABLE: StrError(): Connection reset by peer
modem_simulator(6333)  D 10-07 06:49:49  6333  6337 channel_monitor.cpp:149] No client connected yet.
webRTC(6353)  E 10-07 06:49:49  6353  6402 vsock_connection.cpp:224] Failed to connect:UNAVAILABLE: StrError(): Connection reset by peer
webRTC(6353)  E 10-07 06:49:50  6353  6402 vsock_connection.cpp:224] Failed to connect:UNAVAILABLE: StrError(): Connection reset by peer
webRTC(6353)  E 10-07 06:49:51  6353  6402 vsock_connection.cpp:224] Failed to connect:UNAVAILABLE: StrError(): Connection reset by peer
webRTC(6353)  E 10-07 06:49:52  6353  6402 vsock_connection.cpp:224] Failed to connect:UNAVAILABLE: StrError(): Connection reset by peer
webRTC(6353)  E 10-07 06:49:53  6353  6402 vsock_connection.cpp:224] Failed to connect:UNAVAILABLE: StrError(): Connection reset by peer
webRTC(6353)  E 10-07 06:49:54  6353  6402 vsock_connection.cpp:224] Failed to connect:UNAVAILABLE: StrError(): Connection reset by peer
webRTC(6353)  E 10-07 06:49:55  6353  6402 vsock_connection.cpp:224] Failed to connect:UNAVAILABLE: StrError(): Connection reset by peer
webRTC(6353)  E 10-07 06:49:56  6353  6402 vsock_connection.cpp:224] Failed to connect:UNAVAILABLE: StrError(): Connection reset by peer
webRTC(6353)  E 10-07 06:49:57  6353  6402 vsock_connection.cpp:224] Failed to connect:UNAVAILABLE: StrError(): Connection reset by peer
webRTC(6353)  E 10-07 06:49:58  6353  6402 vsock_connection.cpp:224] Failed to connect:UNAVAILABLE: StrError(): Connection reset by peer
modem_simulator(6333)  D 10-07 06:49:59  6333  6337 channel_monitor.cpp:149] No client connected yet.
webRTC(6353)  E 10-07 06:49:59  6353  6402 vsock_connection.cpp:224] Failed to connect:UNAVAILABLE: StrError(): Connection reset by peer
webRTC(6353)  E 10-07 06:50:00  6353  6402 vsock_connection.cpp:224] Failed to connect:UNAVAILABLE: StrError(): Connection reset by peer
webRTC(6353)  E 10-07 06:50:01  6353  6402 vsock_connection.cpp:224] Failed to connect:UNAVAILABLE: StrError(): Connection reset by peer
webRTC(6353)  E 10-07 06:50:02  6353  6402 vsock_connection.cpp:224] Failed to connect:UNAVAILABLE: StrError(): Connection reset by peer
webRTC(6353)  E 10-07 06:50:03  6353  6402 vsock_connection.cpp:224] Failed to connect:UNAVAILABLE: StrError(): Connection reset by peer
webRTC(6353)  E 10-07 06:50:04  6353  6402 vsock_connection.cpp:224] Failed to connect:UNAVAILABLE: StrError(): Connection reset by peer
webRTC(6353)  E 10-07 06:50:05  6353  6402 vsock_connection.cpp:224] Failed to connect:UNAVAILABLE: StrError(): Connection reset by peer
webRTC(6353)  E 10-07 06:50:06  6353  6402 vsock_connection.cpp:224] Failed to connect:UNAVAILABLE: StrError(): Connection reset by peer
webRTC(6353)  E 10-07 06:50:07  6353  6402 vsock_connection.cpp:224] Failed to connect:UNAVAILABLE: StrError(): Connection reset by peer
webRTC(6353)  E 10-07 06:50:08  6353  6402 vsock_connection.cpp:224] Failed to connect:UNAVAILABLE: StrError(): Connection reset by peer
modem_simulator(6333)  D 10-07 06:50:09  6333  6337 channel_monitor.cpp:149] No client connected yet.
webRTC(6353)  E 10-07 06:50:09  6353  6402 vsock_connection.cpp:224] Failed to connect:UNAVAILABLE: StrError(): Connection reset by peer
webRTC(6353)  E 10-07 06:50:10  6353  6402 vsock_connection.cpp:224] Failed to connect:UNAVAILABLE: StrError(): Connection reset by peer
webRTC(6353)  E 10-07 06:50:11  6353  6402 vsock_connection.cpp:224] Failed to connect:UNAVAILABLE: StrError(): Connection reset by peer
webRTC(6353)  E 10-07 06:50:12  6353  6402 vsock_connection.cpp:224] Failed to connect:UNAVAILABLE: StrError(): Connection reset by peer
webRTC(6353)  E 10-07 06:50:13  6353  6402 vsock_connection.cpp:224] Failed to connect:UNAVAILABLE: StrError(): Connection reset by peer
webRTC(6353)  E 10-07 06:50:14  6353  6402 vsock_connection.cpp:224] Failed to connect:UNAVAILABLE: StrError(): Connection reset by peer
webRTC(6353)  E 10-07 06:50:15  6353  6402 vsock_connection.cpp:224] Failed to connect:UNAVAILABLE: StrError(): Connection reset by peer
webRTC(6353)  E 10-07 06:50:16  6353  6402 vsock_connection.cpp:224] Failed to connect:UNAVAILABLE: StrError(): Connection reset by peer
webRTC(6353)  E 10-07 06:50:17  6353  6402 vsock_connection.cpp:224] Failed to connect:UNAVAILABLE: StrError(): Connection reset by peer
webRTC(6353)  E 10-07 06:50:18  6353  6402 vsock_connection.cpp:224] Failed to connect:UNAVAILABLE: StrError(): Connection reset by peer
modem_simulator(6333)  D 10-07 06:50:19  6333  6337 channel_monitor.cpp:149] No client connected yet.
webRTC(6353)  E 10-07 06:50:19  6353  6402 vsock_connection.cpp:224] Failed to connect:UNAVAILABLE: StrError(): Connection reset by peer
webRTC(6353)  E 10-07 06:50:20  6353  6402 vsock_connection.cpp:224] Failed to connect:UNAVAILABLE: StrError(): Connection reset by peer
webRTC(6353)  E 10-07 06:50:21  6353  6402 vsock_connection.cpp:224] Failed to connect:UNAVAILABLE: StrError(): Connection reset by peer
webRTC(6353)  E 10-07 06:50:22  6353  6402 vsock_connection.cpp:224] Failed to connect:UNAVAILABLE: StrError(): Connection reset by peer
webRTC(6353)  E 10-07 06:50:23  6353  6402 vsock_connection.cpp:224] Failed to connect:UNAVAILABLE: StrError(): Connection reset by peer
webRTC(6353)  E 10-07 06:50:24  6353  6402 vsock_connection.cpp:224] Failed to connect:UNAVAILABLE: StrError(): Connection reset by peer
webRTC(6353)  E 10-07 06:50:25  6353  6402 vsock_connection.cpp:224] Failed to connect:UNAVAILABLE: StrError(): Connection reset by peer
webRTC(6353)  E 10-07 06:50:26  6353  6402 vsock_connection.cpp:224] Failed to connect:UNAVAILABLE: StrError(): Connection reset by peer
webRTC(6353)  E 10-07 06:50:27  6353  6402 vsock_connection.cpp:224] Failed to connect:UNAVAILABLE: StrError(): Connection reset by peer
webRTC(6353)  E 10-07 06:50:28  6353  6402 vsock_connection.cpp:224] Failed to connect:UNAVAILABLE: StrError(): Connection reset by peer
modem_simulator(6333)  D 10-07 06:50:29  6333  6337 channel_monitor.cpp:149] No client connected yet.
webRTC(6353)  E 10-07 06:50:29  6353  6402 vsock_connection.cpp:224] Failed to connect:UNAVAILABLE: StrError(): Connection reset by peer
webRTC(6353)  E 10-07 06:50:30  6353  6402 vsock_connection.cpp:224] Failed to connect:UNAVAILABLE: StrError(): Connection reset by peer
socket_vsock_proxy(6357)  D 10-07 06:50:30  6357  7127 socket2socket_proxy.cpp:100] t2c: Proxy thread completed
socket_vsock_proxy(6357)  D 10-07 06:50:30  6357  7126 socket2socket_proxy.cpp:100] c2t: Proxy thread completed
socket_vsock_proxy(6357)  D 10-07 06:50:30  6357  7132 socket2socket_proxy.cpp:100] t2c: Proxy thread completed
socket_vsock_proxy(6357)  D 10-07 06:50:30  6357  7131 socket2socket_proxy.cpp:100] c2t: Proxy thread completed
kernel_log_monitor(6377)  I 10-07 06:50:30  6377  6377 kernel_log_server.cc:155] init: starting service 'adbd'...
socket_vsock_proxy(6358)  I 10-07 06:50:30  6358  6358 socket_vsock_proxy.cpp:223] Stop event (11) received. Stopping proxy
socket_vsock_proxy(6357)  D 10-07 06:50:31  6357  6712 client.cpp:110] Connected to vsock:3:5555
socket_vsock_proxy(6357)  D 10-07 06:50:31  6357  6712 socket2socket_proxy.cpp:163] Launching proxy threads
socket_vsock_proxy(6357)  D 10-07 06:50:31  6357  7708 socket2socket_proxy.cpp:88] c2t: Proxy thread started. Starting copying data
socket_vsock_proxy(6357)  D 10-07 06:50:31  6357  6712 socket2socket_proxy.cpp:166] Proxy is launched. Amount of currently tracked proxy pairs: 3
socket_vsock_proxy(6357)  D 10-07 06:50:31  6357  7709 socket2socket_proxy.cpp:88] t2c: Proxy thread started. Starting copying data
socket_vsock_proxy(6357)  D 10-07 06:50:31  6357  6712 client.cpp:110] Connected to vsock:3:5555
socket_vsock_proxy(6357)  D 10-07 06:50:31  6357  6712 socket2socket_proxy.cpp:163] Launching proxy threads
socket_vsock_proxy(6357)  D 10-07 06:50:31  6357  7710 socket2socket_proxy.cpp:88] c2t: Proxy thread started. Starting copying data
socket_vsock_proxy(6357)  D 10-07 06:50:31  6357  6712 socket2socket_proxy.cpp:166] Proxy is launched. Amount of currently tracked proxy pairs: 2
socket_vsock_proxy(6357)  D 10-07 06:50:31  6357  7711 socket2socket_proxy.cpp:88] t2c: Proxy thread started. Starting copying data
webRTC(6353)  E 10-07 06:50:31  6353  6402 vsock_connection.cpp:224] Failed to connect:UNAVAILABLE: StrError(): Connection reset by peer
webRTC(6353)  E 10-07 06:50:32  6353  6402 vsock_connection.cpp:224] Failed to connect:UNAVAILABLE: StrError(): Connection reset by peer
webRTC(6353)  E 10-07 06:50:33  6353  6402 vsock_connection.cpp:224] Failed to connect:UNAVAILABLE: StrError(): Connection reset by peer
webRTC(6353)  E 10-07 06:50:34  6353  6402 vsock_connection.cpp:224] Failed to connect:UNAVAILABLE: StrError(): Connection reset by peer
webRTC(6353)  E 10-07 06:50:35  6353  6402 vsock_connection.cpp:224] Failed to connect:UNAVAILABLE: StrError(): Connection reset by peer
webRTC(6353)  E 10-07 06:50:36  6353  6402 vsock_connection.cpp:224] Failed to connect:UNAVAILABLE: StrError(): Connection reset by peer
webRTC(6353)  E 10-07 06:50:37  6353  6402 vsock_connection.cpp:224] Failed to connect:UNAVAILABLE: StrError(): Connection reset by peer
webRTC(6353)  E 10-07 06:50:38  6353  6402 vsock_connection.cpp:224] Failed to connect:UNAVAILABLE: StrError(): Connection reset by peer
modem_simulator(6333)  D 10-07 06:50:39  6333  6337 channel_monitor.cpp:149] No client connected yet.
webRTC(6353)  E 10-07 06:50:39  6353  6402 vsock_connection.cpp:224] Failed to connect:UNAVAILABLE: StrError(): Connection reset by peer
webRTC(6353)  E 10-07 06:50:40  6353  6402 vsock_connection.cpp:224] Failed to connect:UNAVAILABLE: StrError(): Connection reset by peer
webRTC(6353)  E 10-07 06:50:41  6353  6402 vsock_connection.cpp:224] Failed to connect:UNAVAILABLE: StrError(): Connection reset by peer
webRTC(6353)  E 10-07 06:50:42  6353  6402 vsock_connection.cpp:224] Failed to connect:UNAVAILABLE: StrError(): Connection reset by peer
webRTC(6353)  E 10-07 06:50:43  6353  6402 vsock_connection.cpp:224] Failed to connect:UNAVAILABLE: StrError(): Connection reset by peer
webRTC(6353)  E 10-07 06:50:44  6353  6402 vsock_connection.cpp:224] Failed to connect:UNAVAILABLE: StrError(): Connection reset by peer
webRTC(6353)  E 10-07 06:50:45  6353  6402 vsock_connection.cpp:224] Failed to connect:UNAVAILABLE: StrError(): Connection reset by peer
webRTC(6353)  E 10-07 06:50:46  6353  6402 vsock_connection.cpp:224] Failed to connect:UNAVAILABLE: StrError(): Connection reset by peer
webRTC(6353)  E 10-07 06:50:47  6353  6402 vsock_connection.cpp:224] Failed to connect:UNAVAILABLE: StrError(): Connection reset by peer
webRTC(6353)  E 10-07 06:50:48  6353  6402 vsock_connection.cpp:224] Failed to connect:UNAVAILABLE: StrError(): Connection reset by peer
modem_simulator(6333)  D 10-07 06:50:49  6333  6337 channel_monitor.cpp:149] No client connected yet.
webRTC(6353)  E 10-07 06:50:49  6353  6402 vsock_connection.cpp:224] Failed to connect:UNAVAILABLE: StrError(): Connection reset by peer
webRTC(6353)  E 10-07 06:50:50  6353  6402 vsock_connection.cpp:224] Failed to connect:UNAVAILABLE: StrError(): Connection reset by peer
webRTC(6353)  E 10-07 06:50:51  6353  6402 vsock_connection.cpp:224] Failed to connect:UNAVAILABLE: StrError(): Connection reset by peer
webRTC(6353)  E 10-07 06:50:52  6353  6402 vsock_connection.cpp:224] Failed to connect:UNAVAILABLE: StrError(): Connection reset by peer
webRTC(6353)  E 10-07 06:50:53  6353  6402 vsock_connection.cpp:224] Failed to connect:UNAVAILABLE: StrError(): Connection reset by peer
webRTC(6353)  E 10-07 06:50:54  6353  6402 vsock_connection.cpp:224] Failed to connect:UNAVAILABLE: StrError(): Connection reset by peer
webRTC(6353)  E 10-07 06:50:55  6353  6402 vsock_connection.cpp:224] Failed to connect:UNAVAILABLE: StrError(): Connection reset by peer
webRTC(6353)  E 10-07 06:50:56  6353  6402 vsock_connection.cpp:224] Failed to connect:UNAVAILABLE: StrError(): Connection reset by peer
webRTC(6353)  E 10-07 06:50:57  6353  6402 vsock_connection.cpp:224] Failed to connect:UNAVAILABLE: StrError(): Connection reset by peer
webRTC(6353)  E 10-07 06:50:58  6353  6402 vsock_connection.cpp:224] Failed to connect:UNAVAILABLE: StrError(): Connection reset by peer
modem_simulator(6333)  D 10-07 06:50:59  6333  6337 channel_monitor.cpp:149] No client connected yet.
webRTC(6353)  E 10-07 06:50:59  6353  6402 vsock_connection.cpp:224] Failed to connect:UNAVAILABLE: StrError(): Connection reset by peer
webRTC(6353)  E 10-07 06:51:00  6353  6402 vsock_connection.cpp:224] Failed to connect:UNAVAILABLE: StrError(): Connection reset by peer
webRTC(6353)  E 10-07 06:51:01  6353  6402 vsock_connection.cpp:224] Failed to connect:UNAVAILABLE: StrError(): Connection reset by peer
webRTC(6353)  E 10-07 06:51:02  6353  6402 vsock_connection.cpp:224] Failed to connect:UNAVAILABLE: StrError(): Connection reset by peer
webRTC(6353)  E 10-07 06:51:03  6353  6402 vsock_connection.cpp:224] Failed to connect:UNAVAILABLE: StrError(): Connection reset by peer
webRTC(6353)  E 10-07 06:51:04  6353  6402 vsock_connection.cpp:224] Failed to connect:UNAVAILABLE: StrError(): Connection reset by peer
webRTC(6353)  E 10-07 06:51:05  6353  6402 vsock_connection.cpp:224] Failed to connect:UNAVAILABLE: StrError(): Connection reset by peer
webRTC(6353)  E 10-07 06:51:06  6353  6402 vsock_connection.cpp:224] Failed to connect:UNAVAILABLE: StrError(): Connection reset by peer
webRTC(6353)  E 10-07 06:51:07  6353  6402 vsock_connection.cpp:224] Failed to connect:UNAVAILABLE: StrError(): Connection reset by peer
webRTC(6353)  E 10-07 06:51:08  6353  6402 vsock_connection.cpp:224] Failed to connect:UNAVAILABLE: StrError(): Connection reset by peer
modem_simulator(6333)  D 10-07 06:51:09  6333  6337 channel_monitor.cpp:149] No client connected yet.
webRTC(6353)  E 10-07 06:51:09  6353  6402 vsock_connection.cpp:224] Failed to connect:UNAVAILABLE: StrError(): Connection reset by peer
webRTC(6353)  E 10-07 06:51:10  6353  6402 vsock_connection.cpp:224] Failed to connect:UNAVAILABLE: StrError(): Connection reset by peer
webRTC(6353)  E 10-07 06:51:11  6353  6402 vsock_connection.cpp:224] Failed to connect:UNAVAILABLE: StrError(): Connection reset by peer
webRTC(6353)  E 10-07 06:51:12  6353  6402 vsock_connection.cpp:224] Failed to connect:UNAVAILABLE: StrError(): Connection reset by peer
webRTC(6353)  E 10-07 06:51:13  6353  6402 vsock_connection.cpp:224] Failed to connect:UNAVAILABLE: StrError(): Connection reset by peer
webRTC(6353)  E 10-07 06:51:14  6353  6402 vsock_connection.cpp:224] Failed to connect:UNAVAILABLE: StrError(): Connection reset by peer
webRTC(6353)  E 10-07 06:51:15  6353  6402 vsock_connection.cpp:224] Failed to connect:UNAVAILABLE: StrError(): Connection reset by peer
webRTC(6353)  E 10-07 06:51:16  6353  6402 vsock_connection.cpp:224] Failed to connect:UNAVAILABLE: StrError(): Connection reset by peer
webRTC(6353)  E 10-07 06:51:17  6353  6402 vsock_connection.cpp:224] Failed to connect:UNAVAILABLE: StrError(): Connection reset by peer
webRTC(6353)  E 10-07 06:51:18  6353  6402 vsock_connection.cpp:224] Failed to connect:UNAVAILABLE: StrError(): Connection reset by peer
modem_simulator(6333)  D 10-07 06:51:19  6333  6337 channel_monitor.cpp:149] No client connected yet.
webRTC(6353)  E 10-07 06:51:19  6353  6402 vsock_connection.cpp:224] Failed to connect:UNAVAILABLE: StrError(): Connection reset by peer
webRTC(6353)  E 10-07 06:51:20  6353  6402 vsock_connection.cpp:224] Failed to connect:UNAVAILABLE: StrError(): Connection reset by peer
webRTC(6353)  E 10-07 06:51:21  6353  6402 vsock_connection.cpp:224] Failed to connect:UNAVAILABLE: StrError(): Connection reset by peer
webRTC(6353)  E 10-07 06:51:22  6353  6402 vsock_connection.cpp:224] Failed to connect:UNAVAILABLE: StrError(): Connection reset by peer
webRTC(6353)  E 10-07 06:51:23  6353  6402 vsock_connection.cpp:224] Failed to connect:UNAVAILABLE: StrError(): Connection reset by peer
webRTC(6353)  E 10-07 06:51:24  6353  6402 vsock_connection.cpp:224] Failed to connect:UNAVAILABLE: StrError(): Connection reset by peer
webRTC(6353)  E 10-07 06:51:25  6353  6402 vsock_connection.cpp:224] Failed to connect:UNAVAILABLE: StrError(): Connection reset by peer
webRTC(6353)  E 10-07 06:51:26  6353  6402 vsock_connection.cpp:224] Failed to connect:UNAVAILABLE: StrError(): Connection reset by peer
webRTC(6353)  E 10-07 06:51:27  6353  6402 vsock_connection.cpp:224] Failed to connect:UNAVAILABLE: StrError(): Connection reset by peer
webRTC(6353)  E 10-07 06:51:28  6353  6402 vsock_connection.cpp:224] Failed to connect:UNAVAILABLE: StrError(): Connection reset by peer
modem_simulator(6333)  D 10-07 06:51:29  6333  6337 channel_monitor.cpp:149] No client connected yet.
webRTC(6353)  E 10-07 06:51:29  6353  6402 vsock_connection.cpp:224] Failed to connect:UNAVAILABLE: StrError(): Connection reset by peer
webRTC(6353)  E 10-07 06:51:30  6353  6402 vsock_connection.cpp:224] Failed to connect:UNAVAILABLE: StrError(): Connection reset by peer
webRTC(6353)  E 10-07 06:51:31  6353  6402 vsock_connection.cpp:224] Failed to connect:UNAVAILABLE: StrError(): Connection reset by peer
webRTC(6353)  E 10-07 06:51:32  6353  6402 vsock_connection.cpp:224] Failed to connect:UNAVAILABLE: StrError(): Connection reset by peer
webRTC(6353)  E 10-07 06:51:33  6353  6402 vsock_connection.cpp:224] Failed to connect:UNAVAILABLE: StrError(): Connection reset by peer
webRTC(6353)  E 10-07 06:51:34  6353  6402 vsock_connection.cpp:224] Failed to connect:UNAVAILABLE: StrError(): Connection reset by peer
webRTC(6353)  E 10-07 06:51:35  6353  6402 vsock_connection.cpp:224] Failed to connect:UNAVAILABLE: StrError(): Connection reset by peer
webRTC(6353)  E 10-07 06:51:36  6353  6402 vsock_connection.cpp:224] Failed to connect:UNAVAILABLE: StrError(): Connection reset by peer
webRTC(6353)  E 10-07 06:51:37  6353  6402 vsock_connection.cpp:224] Failed to connect:UNAVAILABLE: StrError(): Connection reset by peer
webRTC(6353)  E 10-07 06:51:38  6353  6402 vsock_connection.cpp:224] Failed to connect:UNAVAILABLE: StrError(): Connection reset by peer
modem_simulator(6333)  D 10-07 06:51:39  6333  6337 channel_monitor.cpp:149] No client connected yet.
webRTC(6353)  E 10-07 06:51:39  6353  6402 vsock_connection.cpp:224] Failed to connect:UNAVAILABLE: StrError(): Connection reset by peer
webRTC(6353)  E 10-07 06:51:40  6353  6402 vsock_connection.cpp:224] Failed to connect:UNAVAILABLE: StrError(): Connection reset by peer
webRTC(6353)  E 10-07 06:51:41  6353  6402 vsock_connection.cpp:224] Failed to connect:UNAVAILABLE: StrError(): Connection reset by peer
webRTC(6353)  E 10-07 06:51:42  6353  6402 vsock_connection.cpp:224] Failed to connect:UNAVAILABLE: StrError(): Connection reset by peer
webRTC(6353)  E 10-07 06:51:43  6353  6402 vsock_connection.cpp:224] Failed to connect:UNAVAILABLE: StrError(): Connection reset by peer
webRTC(6353)  E 10-07 06:51:44  6353  6402 vsock_connection.cpp:224] Failed to connect:UNAVAILABLE: StrError(): Connection reset by peer
webRTC(6353)  E 10-07 06:51:45  6353  6402 vsock_connection.cpp:224] Failed to connect:UNAVAILABLE: StrError(): Connection reset by peer
webRTC(6353)  E 10-07 06:51:46  6353  6402 vsock_connection.cpp:224] Failed to connect:UNAVAILABLE: StrError(): Connection reset by peer
webRTC(6353)  E 10-07 06:51:47  6353  6402 vsock_connection.cpp:224] Failed to connect:UNAVAILABLE: StrError(): Connection reset by peer
webRTC(6353)  E 10-07 06:51:48  6353  6402 vsock_connection.cpp:224] Failed to connect:UNAVAILABLE: StrError(): Connection reset by peer
modem_simulator(6333)  D 10-07 06:51:49  6333  6337 channel_monitor.cpp:149] No client connected yet.
webRTC(6353)  E 10-07 06:51:49  6353  6402 vsock_connection.cpp:224] Failed to connect:UNAVAILABLE: StrError(): Connection reset by peer
webRTC(6353)  E 10-07 06:51:50  6353  6402 vsock_connection.cpp:224] Failed to connect:UNAVAILABLE: StrError(): Connection reset by peer
webRTC(6353)  E 10-07 06:51:51  6353  6402 vsock_connection.cpp:224] Failed to connect:UNAVAILABLE: StrError(): Connection reset by peer
webRTC(6353)  E 10-07 06:51:52  6353  6402 vsock_connection.cpp:224] Failed to connect:UNAVAILABLE: StrError(): Connection reset by peer
webRTC(6353)  E 10-07 06:51:53  6353  6402 vsock_connection.cpp:224] Failed to connect:UNAVAILABLE: StrError(): Connection reset by peer
webRTC(6353)  E 10-07 06:51:54  6353  6402 vsock_connection.cpp:224] Failed to connect:UNAVAILABLE: StrError(): Connection reset by peer
webRTC(6353)  E 10-07 06:51:55  6353  6402 vsock_connection.cpp:224] Failed to connect:UNAVAILABLE: StrError(): Connection reset by peer
webRTC(6353)  E 10-07 06:51:56  6353  6402 vsock_connection.cpp:224] Failed to connect:UNAVAILABLE: StrError(): Connection reset by peer
webRTC(6353)  E 10-07 06:51:57  6353  6402 vsock_connection.cpp:224] Failed to connect:UNAVAILABLE: StrError(): Connection reset by peer
webRTC(6353)  E 10-07 06:51:58  6353  6402 vsock_connection.cpp:224] Failed to connect:UNAVAILABLE: StrError(): Connection reset by peer
modem_simulator(6333)  D 10-07 06:51:59  6333  6337 channel_monitor.cpp:149] No client connected yet.
webRTC(6353)  E 10-07 06:51:59  6353  6402 vsock_connection.cpp:224] Failed to connect:UNAVAILABLE: StrError(): Connection reset by peer
webRTC(6353)  E 10-07 06:52:00  6353  6402 vsock_connection.cpp:224] Failed to connect:UNAVAILABLE: StrError(): Connection reset by peer
webRTC(6353)  E 10-07 06:52:01  6353  6402 vsock_connection.cpp:224] Failed to connect:UNAVAILABLE: StrError(): Connection reset by peer
webRTC(6353)  E 10-07 06:52:02  6353  6402 vsock_connection.cpp:224] Failed to connect:UNAVAILABLE: StrError(): Connection reset by peer
webRTC(6353)  E 10-07 06:52:03  6353  6402 vsock_connection.cpp:224] Failed to connect:UNAVAILABLE: StrError(): Connection reset by peer
webRTC(6353)  E 10-07 06:52:04  6353  6402 vsock_connection.cpp:224] Failed to connect:UNAVAILABLE: StrError(): Connection reset by peer
webRTC(6353)  E 10-07 06:52:05  6353  6402 vsock_connection.cpp:224] Failed to connect:UNAVAILABLE: StrError(): Connection reset by peer
webRTC(6353)  E 10-07 06:52:06  6353  6402 vsock_connection.cpp:224] Failed to connect:UNAVAILABLE: StrError(): Connection reset by peer
webRTC(6353)  E 10-07 06:52:07  6353  6402 vsock_connection.cpp:224] Failed to connect:UNAVAILABLE: StrError(): Connection reset by peer
webRTC(6353)  E 10-07 06:52:08  6353  6402 vsock_connection.cpp:224] Failed to connect:UNAVAILABLE: StrError(): Connection reset by peer
modem_simulator(6333)  D 10-07 06:52:09  6333  6337 channel_monitor.cpp:149] No client connected yet.
webRTC(6353)  E 10-07 06:52:09  6353  6402 vsock_connection.cpp:224] Failed to connect:UNAVAILABLE: StrError(): Connection reset by peer
webRTC(6353)  E 10-07 06:52:10  6353  6402 vsock_connection.cpp:224] Failed to connect:UNAVAILABLE: StrError(): Connection reset by peer
webRTC(6353)  E 10-07 06:52:11  6353  6402 vsock_connection.cpp:224] Failed to connect:UNAVAILABLE: StrError(): Connection reset by peer
webRTC(6353)  E 10-07 06:52:12  6353  6402 vsock_connection.cpp:224] Failed to connect:UNAVAILABLE: StrError(): Connection reset by peer
webRTC(6353)  E 10-07 06:52:13  6353  6402 vsock_connection.cpp:224] Failed to connect:UNAVAILABLE: StrError(): Connection reset by peer
webRTC(6353)  E 10-07 06:52:14  6353  6402 vsock_connection.cpp:224] Failed to connect:UNAVAILABLE: StrError(): Connection reset by peer
webRTC(6353)  E 10-07 06:52:15  6353  6402 vsock_connection.cpp:224] Failed to connect:UNAVAILABLE: StrError(): Connection reset by peer
webRTC(6353)  E 10-07 06:52:16  6353  6402 vsock_connection.cpp:224] Failed to connect:UNAVAILABLE: StrError(): Connection reset by peer
webRTC(6353)  E 10-07 06:52:17  6353  6402 vsock_connection.cpp:224] Failed to connect:UNAVAILABLE: StrError(): Connection reset by peer
webRTC(6353)  E 10-07 06:52:18  6353  6402 vsock_connection.cpp:224] Failed to connect:UNAVAILABLE: StrError(): Connection reset by peer
modem_simulator(6333)  D 10-07 06:52:19  6333  6337 channel_monitor.cpp:149] No client connected yet.
webRTC(6353)  E 10-07 06:52:19  6353  6402 vsock_connection.cpp:224] Failed to connect:UNAVAILABLE: StrError(): Connection reset by peer
webRTC(6353)  E 10-07 06:52:20  6353  6402 vsock_connection.cpp:224] Failed to connect:UNAVAILABLE: StrError(): Connection reset by peer
webRTC(6353)  E 10-07 06:52:21  6353  6402 vsock_connection.cpp:224] Failed to connect:UNAVAILABLE: StrError(): Connection reset by peer
webRTC(6353)  E 10-07 06:52:22  6353  6402 vsock_connection.cpp:224] Failed to connect:UNAVAILABLE: StrError(): Connection reset by peer
webRTC(6353)  E 10-07 06:52:23  6353  6402 vsock_connection.cpp:224] Failed to connect:UNAVAILABLE: StrError(): Connection reset by peer
webRTC(6353)  E 10-07 06:52:24  6353  6402 vsock_connection.cpp:224] Failed to connect:UNAVAILABLE: StrError(): Connection reset by peer
webRTC(6353)  E 10-07 06:52:25  6353  6402 vsock_connection.cpp:224] Failed to connect:UNAVAILABLE: StrError(): Connection reset by peer
webRTC(6353)  E 10-07 06:52:26  6353  6402 vsock_connection.cpp:224] Failed to connect:UNAVAILABLE: StrError(): Connection reset by peer
webRTC(6353)  E 10-07 06:52:27  6353  6402 vsock_connection.cpp:224] Failed to connect:UNAVAILABLE: StrError(): Connection reset by peer
webRTC(6353)  E 10-07 06:52:28  6353  6402 vsock_connection.cpp:224] Failed to connect:UNAVAILABLE: StrError(): Connection reset by peer
modem_simulator(6333)  D 10-07 06:52:29  6333  6337 channel_monitor.cpp:149] No client connected yet.
webRTC(6353)  E 10-07 06:52:29  6353  6402 vsock_connection.cpp:224] Failed to connect:UNAVAILABLE: StrError(): Connection reset by peer
webRTC(6353)  E 10-07 06:52:30  6353  6402 vsock_connection.cpp:224] Failed to connect:UNAVAILABLE: StrError(): Connection reset by peer
webRTC(6353)  E 10-07 06:52:31  6353  6402 vsock_connection.cpp:224] Failed to connect:UNAVAILABLE: StrError(): Connection reset by peer
webRTC(6353)  E 10-07 06:52:32  6353  6402 vsock_connection.cpp:224] Failed to connect:UNAVAILABLE: StrError(): Connection reset by peer
webRTC(6353)  E 10-07 06:52:33  6353  6402 vsock_connection.cpp:224] Failed to connect:UNAVAILABLE: StrError(): Connection reset by peer
webRTC(6353)  E 10-07 06:52:34  6353  6402 vsock_connection.cpp:224] Failed to connect:UNAVAILABLE: StrError(): Connection reset by peer
webRTC(6353)  E 10-07 06:52:35  6353  6402 vsock_connection.cpp:224] Failed to connect:UNAVAILABLE: StrError(): Connection reset by peer
webRTC(6353)  E 10-07 06:52:36  6353  6402 vsock_connection.cpp:224] Failed to connect:UNAVAILABLE: StrError(): Connection reset by peer
webRTC(6353)  E 10-07 06:52:37  6353  6402 vsock_connection.cpp:224] Failed to connect:UNAVAILABLE: StrError(): Connection reset by peer
webRTC(6353)  E 10-07 06:52:38  6353  6402 vsock_connection.cpp:224] Failed to connect:UNAVAILABLE: StrError(): Connection reset by peer
modem_simulator(6333)  D 10-07 06:52:39  6333  6337 channel_monitor.cpp:149] No client connected yet.
webRTC(6353)  E 10-07 06:52:39  6353  6402 vsock_connection.cpp:224] Failed to connect:UNAVAILABLE: StrError(): Connection reset by peer
webRTC(6353)  E 10-07 06:52:40  6353  6402 vsock_connection.cpp:224] Failed to connect:UNAVAILABLE: StrError(): Connection reset by peer
webRTC(6353)  E 10-07 06:52:41  6353  6402 vsock_connection.cpp:224] Failed to connect:UNAVAILABLE: StrError(): Connection reset by peer
webRTC(6353)  E 10-07 06:52:42  6353  6402 vsock_connection.cpp:224] Failed to connect:UNAVAILABLE: StrError(): Connection reset by peer
webRTC(6353)  E 10-07 06:52:43  6353  6402 vsock_connection.cpp:224] Failed to connect:UNAVAILABLE: StrError(): Connection reset by peer
webRTC(6353)  E 10-07 06:52:44  6353  6402 vsock_connection.cpp:224] Failed to connect:UNAVAILABLE: StrError(): Connection reset by peer
webRTC(6353)  E 10-07 06:52:45  6353  6402 vsock_connection.cpp:224] Failed to connect:UNAVAILABLE: StrError(): Connection reset by peer
webRTC(6353)  E 10-07 06:52:46  6353  6402 vsock_connection.cpp:224] Failed to connect:UNAVAILABLE: StrError(): Connection reset by peer
webRTC(6353)  E 10-07 06:52:47  6353  6402 vsock_connection.cpp:224] Failed to connect:UNAVAILABLE: StrError(): Connection reset by peer
webRTC(6353)  E 10-07 06:52:48  6353  6402 vsock_connection.cpp:224] Failed to connect:UNAVAILABLE: StrError(): Connection reset by peer
modem_simulator(6333)  D 10-07 06:52:49  6333  6337 channel_monitor.cpp:149] No client connected yet.
webRTC(6353)  E 10-07 06:52:49  6353  6402 vsock_connection.cpp:224] Failed to connect:UNAVAILABLE: StrError(): Connection reset by peer
webRTC(6353)  E 10-07 06:52:50  6353  6402 vsock_connection.cpp:224] Failed to connect:UNAVAILABLE: StrError(): Connection reset by peer
webRTC(6353)  E 10-07 06:52:51  6353  6402 vsock_connection.cpp:224] Failed to connect:UNAVAILABLE: StrError(): Connection reset by peer
webRTC(6353)  E 10-07 06:52:52  6353  6402 vsock_connection.cpp:224] Failed to connect:UNAVAILABLE: StrError(): Connection reset by peer
webRTC(6353)  E 10-07 06:52:53  6353  6402 vsock_connection.cpp:224] Failed to connect:UNAVAILABLE: StrError(): Connection reset by peer
webRTC(6353)  E 10-07 06:52:54  6353  6402 vsock_connection.cpp:224] Failed to connect:UNAVAILABLE: StrError(): Connection reset by peer
webRTC(6353)  E 10-07 06:52:55  6353  6402 vsock_connection.cpp:224] Failed to connect:UNAVAILABLE: StrError(): Connection reset by peer
webRTC(6353)  E 10-07 06:52:56  6353  6402 vsock_connection.cpp:224] Failed to connect:UNAVAILABLE: StrError(): Connection reset by peer
webRTC(6353)  E 10-07 06:52:57  6353  6402 vsock_connection.cpp:224] Failed to connect:UNAVAILABLE: StrError(): Connection reset by peer
webRTC(6353)  E 10-07 06:52:58  6353  6402 vsock_connection.cpp:224] Failed to connect:UNAVAILABLE: StrError(): Connection reset by peer
modem_simulator(6333)  D 10-07 06:52:59  6333  6337 channel_monitor.cpp:149] No client connected yet.
webRTC(6353)  E 10-07 06:52:59  6353  6402 vsock_connection.cpp:224] Failed to connect:UNAVAILABLE: StrError(): Connection reset by peer
webRTC(6353)  E 10-07 06:53:00  6353  6402 vsock_connection.cpp:224] Failed to connect:UNAVAILABLE: StrError(): Connection reset by peer
webRTC(6353)  E 10-07 06:53:01  6353  6402 vsock_connection.cpp:224] Failed to connect:UNAVAILABLE: StrError(): Connection reset by peer
webRTC(6353)  E 10-07 06:53:02  6353  6402 vsock_connection.cpp:224] Failed to connect:UNAVAILABLE: StrError(): Connection reset by peer
webRTC(6353)  E 10-07 06:53:03  6353  6402 vsock_connection.cpp:224] Failed to connect:UNAVAILABLE: StrError(): Connection reset by peer
webRTC(6353)  E 10-07 06:53:04  6353  6402 vsock_connection.cpp:224] Failed to connect:UNAVAILABLE: StrError(): Connection reset by peer
webRTC(6353)  E 10-07 06:53:05  6353  6402 vsock_connection.cpp:224] Failed to connect:UNAVAILABLE: StrError(): Connection reset by peer
webRTC(6353)  E 10-07 06:53:06  6353  6402 vsock_connection.cpp:224] Failed to connect:UNAVAILABLE: StrError(): Connection reset by peer
webRTC(6353)  E 10-07 06:53:07  6353  6402 vsock_connection.cpp:224] Failed to connect:UNAVAILABLE: StrError(): Connection reset by peer
webRTC(6353)  E 10-07 06:53:08  6353  6402 vsock_connection.cpp:224] Failed to connect:UNAVAILABLE: StrError(): Connection reset by peer
modem_simulator(6333)  D 10-07 06:53:09  6333  6337 channel_monitor.cpp:149] No client connected yet.
webRTC(6353)  E 10-07 06:53:09  6353  6402 vsock_connection.cpp:224] Failed to connect:UNAVAILABLE: StrError(): Connection reset by peer
webRTC(6353)  E 10-07 06:53:10  6353  6402 vsock_connection.cpp:224] Failed to connect:UNAVAILABLE: StrError(): Connection reset by peer
webRTC(6353)  E 10-07 06:53:11  6353  6402 vsock_connection.cpp:224] Failed to connect:UNAVAILABLE: StrError(): Connection reset by peer
webRTC(6353)  E 10-07 06:53:12  6353  6402 vsock_connection.cpp:224] Failed to connect:UNAVAILABLE: StrError(): Connection reset by peer
webRTC(6353)  E 10-07 06:53:13  6353  6402 vsock_connection.cpp:224] Failed to connect:UNAVAILABLE: StrError(): Connection reset by peer
webRTC(6353)  E 10-07 06:53:14  6353  6402 vsock_connection.cpp:224] Failed to connect:UNAVAILABLE: StrError(): Connection reset by peer
webRTC(6353)  E 10-07 06:53:15  6353  6402 vsock_connection.cpp:224] Failed to connect:UNAVAILABLE: StrError(): Connection reset by peer
webRTC(6353)  E 10-07 06:53:16  6353  6402 vsock_connection.cpp:224] Failed to connect:UNAVAILABLE: StrError(): Connection reset by peer
webRTC(6353)  E 10-07 06:53:17  6353  6402 vsock_connection.cpp:224] Failed to connect:UNAVAILABLE: StrError(): Connection reset by peer
webRTC(6353)  E 10-07 06:53:18  6353  6402 vsock_connection.cpp:224] Failed to connect:UNAVAILABLE: StrError(): Connection reset by peer
modem_simulator(6333)  D 10-07 06:53:19  6333  6337 channel_monitor.cpp:149] No client connected yet.
webRTC(6353)  E 10-07 06:53:19  6353  6402 vsock_connection.cpp:224] Failed to connect:UNAVAILABLE: StrError(): Connection reset by peer
webRTC(6353)  E 10-07 06:53:20  6353  6402 vsock_connection.cpp:224] Failed to connect:UNAVAILABLE: StrError(): Connection reset by peer
webRTC(6353)  E 10-07 06:53:21  6353  6402 vsock_connection.cpp:224] Failed to connect:UNAVAILABLE: StrError(): Connection reset by peer
webRTC(6353)  E 10-07 06:53:22  6353  6402 vsock_connection.cpp:224] Failed to connect:UNAVAILABLE: StrError(): Connection reset by peer
webRTC(6353)  E 10-07 06:53:23  6353  6402 vsock_connection.cpp:224] Failed to connect:UNAVAILABLE: StrError(): Connection reset by peer
webRTC(6353)  E 10-07 06:53:24  6353  6402 vsock_connection.cpp:224] Failed to connect:UNAVAILABLE: StrError(): Connection reset by peer
webRTC(6353)  E 10-07 06:53:25  6353  6402 vsock_connection.cpp:224] Failed to connect:UNAVAILABLE: StrError(): Connection reset by peer
webRTC(6353)  E 10-07 06:53:26  6353  6402 vsock_connection.cpp:224] Failed to connect:UNAVAILABLE: StrError(): Connection reset by peer
webRTC(6353)  E 10-07 06:53:27  6353  6402 vsock_connection.cpp:224] Failed to connect:UNAVAILABLE: StrError(): Connection reset by peer
webRTC(6353)  E 10-07 06:53:28  6353  6402 vsock_connection.cpp:224] Failed to connect:UNAVAILABLE: StrError(): Connection reset by peer
modem_simulator(6333)  D 10-07 06:53:29  6333  6337 channel_monitor.cpp:149] No client connected yet.
webRTC(6353)  E 10-07 06:53:29  6353  6402 vsock_connection.cpp:224] Failed to connect:UNAVAILABLE: StrError(): Connection reset by peer
webRTC(6353)  E 10-07 06:53:30  6353  6402 vsock_connection.cpp:224] Failed to connect:UNAVAILABLE: StrError(): Connection reset by peer
webRTC(6353)  E 10-07 06:53:31  6353  6402 vsock_connection.cpp:224] Failed to connect:UNAVAILABLE: StrError(): Connection reset by peer
webRTC(6353)  E 10-07 06:53:32  6353  6402 vsock_connection.cpp:224] Failed to connect:UNAVAILABLE: StrError(): Connection reset by peer
webRTC(6353)  E 10-07 06:53:33  6353  6402 vsock_connection.cpp:224] Failed to connect:UNAVAILABLE: StrError(): Connection reset by peer
webRTC(6353)  E 10-07 06:53:34  6353  6402 vsock_connection.cpp:224] Failed to connect:UNAVAILABLE: StrError(): Connection reset by peer
webRTC(6353)  E 10-07 06:53:35  6353  6402 vsock_connection.cpp:224] Failed to connect:UNAVAILABLE: StrError(): Connection reset by peer
webRTC(6353)  E 10-07 06:53:36  6353  6402 vsock_connection.cpp:224] Failed to connect:UNAVAILABLE: StrError(): Connection reset by peer
webRTC(6353)  E 10-07 06:53:37  6353  6402 vsock_connection.cpp:224] Failed to connect:UNAVAILABLE: StrError(): Connection reset by peer
webRTC(6353)  E 10-07 06:53:38  6353  6402 vsock_connection.cpp:224] Failed to connect:UNAVAILABLE: StrError(): Connection reset by peer
modem_simulator(6333)  D 10-07 06:53:39  6333  6337 channel_monitor.cpp:149] No client connected yet.
webRTC(6353)  E 10-07 06:53:39  6353  6402 vsock_connection.cpp:224] Failed to connect:UNAVAILABLE: StrError(): Connection reset by peer
webRTC(6353)  E 10-07 06:53:40  6353  6402 vsock_connection.cpp:224] Failed to connect:UNAVAILABLE: StrError(): Connection reset by peer
webRTC(6353)  E 10-07 06:53:41  6353  6402 vsock_connection.cpp:224] Failed to connect:UNAVAILABLE: StrError(): Connection reset by peer
webRTC(6353)  E 10-07 06:53:42  6353  6402 vsock_connection.cpp:224] Failed to connect:UNAVAILABLE: StrError(): Connection reset by peer
webRTC(6353)  E 10-07 06:53:43  6353  6402 vsock_connection.cpp:224] Failed to connect:UNAVAILABLE: StrError(): Connection reset by peer
webRTC(6353)  E 10-07 06:53:44  6353  6402 vsock_connection.cpp:224] Failed to connect:UNAVAILABLE: StrError(): Connection reset by peer
webRTC(6353)  E 10-07 06:53:45  6353  6402 vsock_connection.cpp:224] Failed to connect:UNAVAILABLE: StrError(): Connection reset by peer
webRTC(6353)  E 10-07 06:53:46  6353  6402 vsock_connection.cpp:224] Failed to connect:UNAVAILABLE: StrError(): Connection reset by peer
webRTC(6353)  E 10-07 06:53:47  6353  6402 vsock_connection.cpp:224] Failed to connect:UNAVAILABLE: StrError(): Connection reset by peer
webRTC(6353)  E 10-07 06:53:48  6353  6402 vsock_connection.cpp:224] Failed to connect:UNAVAILABLE: StrError(): Connection reset by peer
modem_simulator(6333)  D 10-07 06:53:49  6333  6337 channel_monitor.cpp:149] No client connected yet.
webRTC(6353)  E 10-07 06:53:49  6353  6402 vsock_connection.cpp:224] Failed to connect:UNAVAILABLE: StrError(): Connection reset by peer
webRTC(6353)  E 10-07 06:53:50  6353  6402 vsock_connection.cpp:224] Failed to connect:UNAVAILABLE: StrError(): Connection reset by peer
webRTC(6353)  E 10-07 06:53:51  6353  6402 vsock_connection.cpp:224] Failed to connect:UNAVAILABLE: StrError(): Connection reset by peer
webRTC(6353)  E 10-07 06:53:52  6353  6402 vsock_connection.cpp:224] Failed to connect:UNAVAILABLE: StrError(): Connection reset by peer
webRTC(6353)  E 10-07 06:53:53  6353  6402 vsock_connection.cpp:224] Failed to connect:UNAVAILABLE: StrError(): Connection reset by peer
webRTC(6353)  E 10-07 06:53:54  6353  6402 vsock_connection.cpp:224] Failed to connect:UNAVAILABLE: StrError(): Connection reset by peer
webRTC(6353)  E 10-07 06:53:55  6353  6402 vsock_connection.cpp:224] Failed to connect:UNAVAILABLE: StrError(): Connection reset by peer
webRTC(6353)  E 10-07 06:53:56  6353  6402 vsock_connection.cpp:224] Failed to connect:UNAVAILABLE: StrError(): Connection reset by peer
webRTC(6353)  E 10-07 06:53:57  6353  6402 vsock_connection.cpp:224] Failed to connect:UNAVAILABLE: StrError(): Connection reset by peer
webRTC(6353)  E 10-07 06:53:58  6353  6402 vsock_connection.cpp:224] Failed to connect:UNAVAILABLE: StrError(): Connection reset by peer
modem_simulator(6333)  D 10-07 06:53:59  6333  6337 channel_monitor.cpp:149] No client connected yet.
webRTC(6353)  E 10-07 06:53:59  6353  6402 vsock_connection.cpp:224] Failed to connect:UNAVAILABLE: StrError(): Connection reset by peer
webRTC(6353)  E 10-07 06:54:00  6353  6402 vsock_connection.cpp:224] Failed to connect:UNAVAILABLE: StrError(): Connection reset by peer
webRTC(6353)  E 10-07 06:54:01  6353  6402 vsock_connection.cpp:224] Failed to connect:UNAVAILABLE: StrError(): Connection reset by peer
webRTC(6353)  E 10-07 06:54:02  6353  6402 vsock_connection.cpp:224] Failed to connect:UNAVAILABLE: StrError(): Connection reset by peer
webRTC(6353)  E 10-07 06:54:03  6353  6402 vsock_connection.cpp:224] Failed to connect:UNAVAILABLE: StrError(): Connection reset by peer
webRTC(6353)  E 10-07 06:54:04  6353  6402 vsock_connection.cpp:224] Failed to connect:UNAVAILABLE: StrError(): Connection reset by peer
webRTC(6353)  E 10-07 06:54:05  6353  6402 vsock_connection.cpp:224] Failed to connect:UNAVAILABLE: StrError(): Connection reset by peer
webRTC(6353)  E 10-07 06:54:06  6353  6402 vsock_connection.cpp:224] Failed to connect:UNAVAILABLE: StrError(): Connection reset by peer
webRTC(6353)  E 10-07 06:54:07  6353  6402 vsock_connection.cpp:224] Failed to connect:UNAVAILABLE: StrError(): Connection reset by peer
webRTC(6353)  E 10-07 06:54:08  6353  6402 vsock_connection.cpp:224] Failed to connect:UNAVAILABLE: StrError(): Connection reset by peer
modem_simulator(6333)  D 10-07 06:54:09  6333  6337 channel_monitor.cpp:149] No client connected yet.
webRTC(6353)  E 10-07 06:54:09  6353  6402 vsock_connection.cpp:224] Failed to connect:UNAVAILABLE: StrError(): Connection reset by peer
webRTC(6353)  E 10-07 06:54:10  6353  6402 vsock_connection.cpp:224] Failed to connect:UNAVAILABLE: StrError(): Connection reset by peer
webRTC(6353)  E 10-07 06:54:11  6353  6402 vsock_connection.cpp:224] Failed to connect:UNAVAILABLE: StrError(): Connection reset by peer
webRTC(6353)  E 10-07 06:54:12  6353  6402 vsock_connection.cpp:224] Failed to connect:UNAVAILABLE: StrError(): Connection reset by peer
webRTC(6353)  E 10-07 06:54:13  6353  6402 vsock_connection.cpp:224] Failed to connect:UNAVAILABLE: StrError(): Connection reset by peer
webRTC(6353)  E 10-07 06:54:14  6353  6402 vsock_connection.cpp:224] Failed to connect:UNAVAILABLE: StrError(): Connection reset by peer
webRTC(6353)  E 10-07 06:54:15  6353  6402 vsock_connection.cpp:224] Failed to connect:UNAVAILABLE: StrError(): Connection reset by peer
webRTC(6353)  E 10-07 06:54:16  6353  6402 vsock_connection.cpp:224] Failed to connect:UNAVAILABLE: StrError(): Connection reset by peer
webRTC(6353)  E 10-07 06:54:17  6353  6402 vsock_connection.cpp:224] Failed to connect:UNAVAILABLE: StrError(): Connection reset by peer
webRTC(6353)  E 10-07 06:54:18  6353  6402 vsock_connection.cpp:224] Failed to connect:UNAVAILABLE: StrError(): Connection reset by peer
modem_simulator(6333)  D 10-07 06:54:19  6333  6337 channel_monitor.cpp:149] No client connected yet.
webRTC(6353)  E 10-07 06:54:19  6353  6402 vsock_connection.cpp:224] Failed to connect:UNAVAILABLE: StrError(): Connection reset by peer
webRTC(6353)  E 10-07 06:54:20  6353  6402 vsock_connection.cpp:224] Failed to connect:UNAVAILABLE: StrError(): Connection reset by peer
webRTC(6353)  E 10-07 06:54:21  6353  6402 vsock_connection.cpp:224] Failed to connect:UNAVAILABLE: StrError(): Connection reset by peer
webRTC(6353)  E 10-07 06:54:22  6353  6402 vsock_connection.cpp:224] Failed to connect:UNAVAILABLE: StrError(): Connection reset by peer
webRTC(6353)  E 10-07 06:54:23  6353  6402 vsock_connection.cpp:224] Failed to connect:UNAVAILABLE: StrError(): Connection reset by peer
webRTC(6353)  E 10-07 06:54:24  6353  6402 vsock_connection.cpp:224] Failed to connect:UNAVAILABLE: StrError(): Connection reset by peer
webRTC(6353)  E 10-07 06:54:25  6353  6402 vsock_connection.cpp:224] Failed to connect:UNAVAILABLE: StrError(): Connection reset by peer
webRTC(6353)  E 10-07 06:54:26  6353  6402 vsock_connection.cpp:224] Failed to connect:UNAVAILABLE: StrError(): Connection reset by peer
webRTC(6353)  E 10-07 06:54:27  6353  6402 vsock_connection.cpp:224] Failed to connect:UNAVAILABLE: StrError(): Connection reset by peer
webRTC(6353)  E 10-07 06:54:28  6353  6402 vsock_connection.cpp:224] Failed to connect:UNAVAILABLE: StrError(): Connection reset by peer
modem_simulator(6333)  D 10-07 06:54:29  6333  6337 channel_monitor.cpp:149] No client connected yet.
webRTC(6353)  E 10-07 06:54:29  6353  6402 vsock_connection.cpp:224] Failed to connect:UNAVAILABLE: StrError(): Connection reset by peer
webRTC(6353)  E 10-07 06:54:30  6353  6402 vsock_connection.cpp:224] Failed to connect:UNAVAILABLE: StrError(): Connection reset by peer
webRTC(6353)  E 10-07 06:54:31  6353  6402 vsock_connection.cpp:224] Failed to connect:UNAVAILABLE: StrError(): Connection reset by peer
webRTC(6353)  E 10-07 06:54:32  6353  6402 vsock_connection.cpp:224] Failed to connect:UNAVAILABLE: StrError(): Connection reset by peer
webRTC(6353)  E 10-07 06:54:33  6353  6402 vsock_connection.cpp:224] Failed to connect:UNAVAILABLE: StrError(): Connection reset by peer
webRTC(6353)  E 10-07 06:54:34  6353  6402 vsock_connection.cpp:224] Failed to connect:UNAVAILABLE: StrError(): Connection reset by peer
webRTC(6353)  E 10-07 06:54:35  6353  6402 vsock_connection.cpp:224] Failed to connect:UNAVAILABLE: StrError(): Connection reset by peer
webRTC(6353)  E 10-07 06:54:36  6353  6402 vsock_connection.cpp:224] Failed to connect:UNAVAILABLE: StrError(): Connection reset by peer
webRTC(6353)  E 10-07 06:54:37  6353  6402 vsock_connection.cpp:224] Failed to connect:UNAVAILABLE: StrError(): Connection reset by peer
webRTC(6353)  E 10-07 06:54:38  6353  6402 vsock_connection.cpp:224] Failed to connect:UNAVAILABLE: StrError(): Connection reset by peer
modem_simulator(6333)  D 10-07 06:54:39  6333  6337 channel_monitor.cpp:149] No client connected yet.
webRTC(6353)  E 10-07 06:54:39  6353  6402 vsock_connection.cpp:224] Failed to connect:UNAVAILABLE: StrError(): Connection reset by peer
webRTC(6353)  E 10-07 06:54:40  6353  6402 vsock_connection.cpp:224] Failed to connect:UNAVAILABLE: StrError(): Connection reset by peer
webRTC(6353)  E 10-07 06:54:41  6353  6402 vsock_connection.cpp:224] Failed to connect:UNAVAILABLE: StrError(): Connection reset by peer
webRTC(6353)  E 10-07 06:54:42  6353  6402 vsock_connection.cpp:224] Failed to connect:UNAVAILABLE: StrError(): Connection reset by peer
webRTC(6353)  E 10-07 06:54:43  6353  6402 vsock_connection.cpp:224] Failed to connect:UNAVAILABLE: StrError(): Connection reset by peer
webRTC(6353)  E 10-07 06:54:44  6353  6402 vsock_connection.cpp:224] Failed to connect:UNAVAILABLE: StrError(): Connection reset by peer
webRTC(6353)  E 10-07 06:54:45  6353  6402 vsock_connection.cpp:224] Failed to connect:UNAVAILABLE: StrError(): Connection reset by peer
webRTC(6353)  E 10-07 06:54:46  6353  6402 vsock_connection.cpp:224] Failed to connect:UNAVAILABLE: StrError(): Connection reset by peer
webRTC(6353)  E 10-07 06:54:47  6353  6402 vsock_connection.cpp:224] Failed to connect:UNAVAILABLE: StrError(): Connection reset by peer
webRTC(6353)  E 10-07 06:54:48  6353  6402 vsock_connection.cpp:224] Failed to connect:UNAVAILABLE: StrError(): Connection reset by peer
modem_simulator(6333)  D 10-07 06:54:49  6333  6337 channel_monitor.cpp:149] No client connected yet.
webRTC(6353)  E 10-07 06:54:49  6353  6402 vsock_connection.cpp:224] Failed to connect:UNAVAILABLE: StrError(): Connection reset by peer
webRTC(6353)  E 10-07 06:54:50  6353  6402 vsock_connection.cpp:224] Failed to connect:UNAVAILABLE: StrError(): Connection reset by peer
webRTC(6353)  E 10-07 06:54:51  6353  6402 vsock_connection.cpp:224] Failed to connect:UNAVAILABLE: StrError(): Connection reset by peer
webRTC(6353)  E 10-07 06:54:52  6353  6402 vsock_connection.cpp:224] Failed to connect:UNAVAILABLE: StrError(): Connection reset by peer
webRTC(6353)  E 10-07 06:54:53  6353  6402 vsock_connection.cpp:224] Failed to connect:UNAVAILABLE: StrError(): Connection reset by peer
webRTC(6353)  E 10-07 06:54:54  6353  6402 vsock_connection.cpp:224] Failed to connect:UNAVAILABLE: StrError(): Connection reset by peer
webRTC(6353)  E 10-07 06:54:55  6353  6402 vsock_connection.cpp:224] Failed to connect:UNAVAILABLE: StrError(): Connection reset by peer
webRTC(6353)  E 10-07 06:54:56  6353  6402 vsock_connection.cpp:224] Failed to connect:UNAVAILABLE: StrError(): Connection reset by peer
webRTC(6353)  E 10-07 06:54:57  6353  6402 vsock_connection.cpp:224] Failed to connect:UNAVAILABLE: StrError(): Connection reset by peer
webRTC(6353)  E 10-07 06:54:58  6353  6402 vsock_connection.cpp:224] Failed to connect:UNAVAILABLE: StrError(): Connection reset by peer
modem_simulator(6333)  D 10-07 06:54:59  6333  6337 channel_monitor.cpp:149] No client connected yet.
webRTC(6353)  E 10-07 06:54:59  6353  6402 vsock_connection.cpp:224] Failed to connect:UNAVAILABLE: StrError(): Connection reset by peer
webRTC(6353)  E 10-07 06:55:00  6353  6402 vsock_connection.cpp:224] Failed to connect:UNAVAILABLE: StrError(): Connection reset by peer
webRTC(6353)  E 10-07 06:55:01  6353  6402 vsock_connection.cpp:224] Failed to connect:UNAVAILABLE: StrError(): Connection reset by peer
webRTC(6353)  E 10-07 06:55:02  6353  6402 vsock_connection.cpp:224] Failed to connect:UNAVAILABLE: StrError(): Connection reset by peer
webRTC(6353)  E 10-07 06:55:03  6353  6402 vsock_connection.cpp:224] Failed to connect:UNAVAILABLE: StrError(): Connection reset by peer
webRTC(6353)  E 10-07 06:55:04  6353  6402 vsock_connection.cpp:224] Failed to connect:UNAVAILABLE: StrError(): Connection reset by peer
webRTC(6353)  E 10-07 06:55:05  6353  6402 vsock_connection.cpp:224] Failed to connect:UNAVAILABLE: StrError(): Connection reset by peer
webRTC(6353)  E 10-07 06:55:06  6353  6402 vsock_connection.cpp:224] Failed to connect:UNAVAILABLE: StrError(): Connection reset by peer
webRTC(6353)  E 10-07 06:55:07  6353  6402 vsock_connection.cpp:224] Failed to connect:UNAVAILABLE: StrError(): Connection reset by peer
webRTC(6353)  E 10-07 06:55:08  6353  6402 vsock_connection.cpp:224] Failed to connect:UNAVAILABLE: StrError(): Connection reset by peer
modem_simulator(6333)  D 10-07 06:55:09  6333  6337 channel_monitor.cpp:149] No client connected yet.
webRTC(6353)  E 10-07 06:55:09  6353  6402 vsock_connection.cpp:224] Failed to connect:UNAVAILABLE: StrError(): Connection reset by peer
webRTC(6353)  E 10-07 06:55:10  6353  6402 vsock_connection.cpp:224] Failed to connect:UNAVAILABLE: StrError(): Connection reset by peer
webRTC(6353)  E 10-07 06:55:11  6353  6402 vsock_connection.cpp:224] Failed to connect:UNAVAILABLE: StrError(): Connection reset by peer
webRTC(6353)  E 10-07 06:55:12  6353  6402 vsock_connection.cpp:224] Failed to connect:UNAVAILABLE: StrError(): Connection reset by peer
webRTC(6353)  E 10-07 06:55:13  6353  6402 vsock_connection.cpp:224] Failed to connect:UNAVAILABLE: StrError(): Connection reset by peer
webRTC(6353)  E 10-07 06:55:14  6353  6402 vsock_connection.cpp:224] Failed to connect:UNAVAILABLE: StrError(): Connection reset by peer
webRTC(6353)  E 10-07 06:55:15  6353  6402 vsock_connection.cpp:224] Failed to connect:UNAVAILABLE: StrError(): Connection reset by peer
webRTC(6353)  E 10-07 06:55:16  6353  6402 vsock_connection.cpp:224] Failed to connect:UNAVAILABLE: StrError(): Connection reset by peer
webRTC(6353)  E 10-07 06:55:17  6353  6402 vsock_connection.cpp:224] Failed to connect:UNAVAILABLE: StrError(): Connection reset by peer
webRTC(6353)  E 10-07 06:55:18  6353  6402 vsock_connection.cpp:224] Failed to connect:UNAVAILABLE: StrError(): Connection reset by peer
modem_simulator(6333)  D 10-07 06:55:19  6333  6337 channel_monitor.cpp:149] No client connected yet.
webRTC(6353)  E 10-07 06:55:19  6353  6402 vsock_connection.cpp:224] Failed to connect:UNAVAILABLE: StrError(): Connection reset by peer
webRTC(6353)  E 10-07 06:55:20  6353  6402 vsock_connection.cpp:224] Failed to connect:UNAVAILABLE: StrError(): Connection reset by peer
webRTC(6353)  E 10-07 06:55:21  6353  6402 vsock_connection.cpp:224] Failed to connect:UNAVAILABLE: StrError(): Connection reset by peer
webRTC(6353)  E 10-07 06:55:22  6353  6402 vsock_connection.cpp:224] Failed to connect:UNAVAILABLE: StrError(): Connection reset by peer
webRTC(6353)  E 10-07 06:55:23  6353  6402 vsock_connection.cpp:224] Failed to connect:UNAVAILABLE: StrError(): Connection reset by peer
webRTC(6353)  E 10-07 06:55:24  6353  6402 vsock_connection.cpp:224] Failed to connect:UNAVAILABLE: StrError(): Connection reset by peer
webRTC(6353)  E 10-07 06:55:25  6353  6402 vsock_connection.cpp:224] Failed to connect:UNAVAILABLE: StrError(): Connection reset by peer
webRTC(6353)  E 10-07 06:55:26  6353  6402 vsock_connection.cpp:224] Failed to connect:UNAVAILABLE: StrError(): Connection reset by peer
webRTC(6353)  E 10-07 06:55:27  6353  6402 vsock_connection.cpp:224] Failed to connect:UNAVAILABLE: StrError(): Connection reset by peer
webRTC(6353)  E 10-07 06:55:28  6353  6402 vsock_connection.cpp:224] Failed to connect:UNAVAILABLE: StrError(): Connection reset by peer
modem_simulator(6333)  D 10-07 06:55:29  6333  6337 channel_monitor.cpp:149] No client connected yet.
webRTC(6353)  E 10-07 06:55:29  6353  6402 vsock_connection.cpp:224] Failed to connect:UNAVAILABLE: StrError(): Connection reset by peer
webRTC(6353)  E 10-07 06:55:30  6353  6402 vsock_connection.cpp:224] Failed to connect:UNAVAILABLE: StrError(): Connection reset by peer
webRTC(6353)  E 10-07 06:55:31  6353  6402 vsock_connection.cpp:224] Failed to connect:UNAVAILABLE: StrError(): Connection reset by peer
webRTC(6353)  E 10-07 06:55:32  6353  6402 vsock_connection.cpp:224] Failed to connect:UNAVAILABLE: StrError(): Connection reset by peer
webRTC(6353)  E 10-07 06:55:33  6353  6402 vsock_connection.cpp:224] Failed to connect:UNAVAILABLE: StrError(): Connection reset by peer
webRTC(6353)  E 10-07 06:55:34  6353  6402 vsock_connection.cpp:224] Failed to connect:UNAVAILABLE: StrError(): Connection reset by peer
webRTC(6353)  E 10-07 06:55:35  6353  6402 vsock_connection.cpp:224] Failed to connect:UNAVAILABLE: StrError(): Connection reset by peer
webRTC(6353)  E 10-07 06:55:36  6353  6402 vsock_connection.cpp:224] Failed to connect:UNAVAILABLE: StrError(): Connection reset by peer
webRTC(6353)  E 10-07 06:55:37  6353  6402 vsock_connection.cpp:224] Failed to connect:UNAVAILABLE: StrError(): Connection reset by peer
webRTC(6353)  E 10-07 06:55:38  6353  6402 vsock_connection.cpp:224] Failed to connect:UNAVAILABLE: StrError(): Connection reset by peer
modem_simulator(6333)  D 10-07 06:55:39  6333  6337 channel_monitor.cpp:149] No client connected yet.
webRTC(6353)  E 10-07 06:55:39  6353  6402 vsock_connection.cpp:224] Failed to connect:UNAVAILABLE: StrError(): Connection reset by peer
webRTC(6353)  E 10-07 06:55:40  6353  6402 vsock_connection.cpp:224] Failed to connect:UNAVAILABLE: StrError(): Connection reset by peer
webRTC(6353)  E 10-07 06:55:41  6353  6402 vsock_connection.cpp:224] Failed to connect:UNAVAILABLE: StrError(): Connection reset by peer
webRTC(6353)  E 10-07 06:55:42  6353  6402 vsock_connection.cpp:224] Failed to connect:UNAVAILABLE: StrError(): Connection reset by peer
webRTC(6353)  E 10-07 06:55:43  6353  6402 vsock_connection.cpp:224] Failed to connect:UNAVAILABLE: StrError(): Connection reset by peer
webRTC(6353)  E 10-07 06:55:44  6353  6402 vsock_connection.cpp:224] Failed to connect:UNAVAILABLE: StrError(): Connection reset by peer
webRTC(6353)  E 10-07 06:55:45  6353  6402 vsock_connection.cpp:224] Failed to connect:UNAVAILABLE: StrError(): Connection reset by peer
webRTC(6353)  E 10-07 06:55:46  6353  6402 vsock_connection.cpp:224] Failed to connect:UNAVAILABLE: StrError(): Connection reset by peer
webRTC(6353)  E 10-07 06:55:47  6353  6402 vsock_connection.cpp:224] Failed to connect:UNAVAILABLE: StrError(): Connection reset by peer
webRTC(6353)  E 10-07 06:55:48  6353  6402 vsock_connection.cpp:224] Failed to connect:UNAVAILABLE: StrError(): Connection reset by peer
modem_simulator(6333)  D 10-07 06:55:49  6333  6337 channel_monitor.cpp:149] No client connected yet.
webRTC(6353)  E 10-07 06:55:49  6353  6402 vsock_connection.cpp:224] Failed to connect:UNAVAILABLE: StrError(): Connection reset by peer
webRTC(6353)  E 10-07 06:55:50  6353  6402 vsock_connection.cpp:224] Failed to connect:UNAVAILABLE: StrError(): Connection reset by peer
webRTC(6353)  E 10-07 06:55:51  6353  6402 vsock_connection.cpp:224] Failed to connect:UNAVAILABLE: StrError(): Connection reset by peer
webRTC(6353)  E 10-07 06:55:52  6353  6402 vsock_connection.cpp:224] Failed to connect:UNAVAILABLE: StrError(): Connection reset by peer
webRTC(6353)  E 10-07 06:55:53  6353  6402 vsock_connection.cpp:224] Failed to connect:UNAVAILABLE: StrError(): Connection reset by peer
webRTC(6353)  E 10-07 06:55:54  6353  6402 vsock_connection.cpp:224] Failed to connect:UNAVAILABLE: StrError(): Connection reset by peer
webRTC(6353)  E 10-07 06:55:55  6353  6402 vsock_connection.cpp:224] Failed to connect:UNAVAILABLE: StrError(): Connection reset by peer
webRTC(6353)  E 10-07 06:55:56  6353  6402 vsock_connection.cpp:224] Failed to connect:UNAVAILABLE: StrError(): Connection reset by peer
webRTC(6353)  E 10-07 06:55:57  6353  6402 vsock_connection.cpp:224] Failed to connect:UNAVAILABLE: StrError(): Connection reset by peer
webRTC(6353)  E 10-07 06:55:58  6353  6402 vsock_connection.cpp:224] Failed to connect:UNAVAILABLE: StrError(): Connection reset by peer
modem_simulator(6333)  D 10-07 06:55:59  6333  6337 channel_monitor.cpp:149] No client connected yet.
webRTC(6353)  E 10-07 06:55:59  6353  6402 vsock_connection.cpp:224] Failed to connect:UNAVAILABLE: StrError(): Connection reset by peer
webRTC(6353)  E 10-07 06:56:00  6353  6402 vsock_connection.cpp:224] Failed to connect:UNAVAILABLE: StrError(): Connection reset by peer
webRTC(6353)  E 10-07 06:56:01  6353  6402 vsock_connection.cpp:224] Failed to connect:UNAVAILABLE: StrError(): Connection reset by peer
webRTC(6353)  E 10-07 06:56:02  6353  6402 vsock_connection.cpp:224] Failed to connect:UNAVAILABLE: StrError(): Connection reset by peer
webRTC(6353)  E 10-07 06:56:03  6353  6402 vsock_connection.cpp:224] Failed to connect:UNAVAILABLE: StrError(): Connection reset by peer
webRTC(6353)  E 10-07 06:56:04  6353  6402 vsock_connection.cpp:224] Failed to connect:UNAVAILABLE: StrError(): Connection reset by peer
webRTC(6353)  E 10-07 06:56:05  6353  6402 vsock_connection.cpp:224] Failed to connect:UNAVAILABLE: StrError(): Connection reset by peer
webRTC(6353)  E 10-07 06:56:06  6353  6402 vsock_connection.cpp:224] Failed to connect:UNAVAILABLE: StrError(): Connection reset by peer
webRTC(6353)  E 10-07 06:56:07  6353  6402 vsock_connection.cpp:224] Failed to connect:UNAVAILABLE: StrError(): Connection reset by peer
webRTC(6353)  E 10-07 06:56:08  6353  6402 vsock_connection.cpp:224] Failed to connect:UNAVAILABLE: StrError(): Connection reset by peer
modem_simulator(6333)  D 10-07 06:56:09  6333  6337 channel_monitor.cpp:149] No client connected yet.
webRTC(6353)  E 10-07 06:56:09  6353  6402 vsock_connection.cpp:224] Failed to connect:UNAVAILABLE: StrError(): Connection reset by peer
webRTC(6353)  E 10-07 06:56:10  6353  6402 vsock_connection.cpp:224] Failed to connect:UNAVAILABLE: StrError(): Connection reset by peer
webRTC(6353)  E 10-07 06:56:11  6353  6402 vsock_connection.cpp:224] Failed to connect:UNAVAILABLE: StrError(): Connection reset by peer
webRTC(6353)  E 10-07 06:56:12  6353  6402 vsock_connection.cpp:224] Failed to connect:UNAVAILABLE: StrError(): Connection reset by peer
webRTC(6353)  E 10-07 06:56:13  6353  6402 vsock_connection.cpp:224] Failed to connect:UNAVAILABLE: StrError(): Connection reset by peer
webRTC(6353)  E 10-07 06:56:14  6353  6402 vsock_connection.cpp:224] Failed to connect:UNAVAILABLE: StrError(): Connection reset by peer
webRTC(6353)  E 10-07 06:56:15  6353  6402 vsock_connection.cpp:224] Failed to connect:UNAVAILABLE: StrError(): Connection reset by peer
webRTC(6353)  E 10-07 06:56:16  6353  6402 vsock_connection.cpp:224] Failed to connect:UNAVAILABLE: StrError(): Connection reset by peer
webRTC(6353)  E 10-07 06:56:17  6353  6402 vsock_connection.cpp:224] Failed to connect:UNAVAILABLE: StrError(): Connection reset by peer
webRTC(6353)  E 10-07 06:56:18  6353  6402 vsock_connection.cpp:224] Failed to connect:UNAVAILABLE: StrError(): Connection reset by peer
modem_simulator(6333)  D 10-07 06:56:19  6333  6337 channel_monitor.cpp:149] No client connected yet.
webRTC(6353)  E 10-07 06:56:19  6353  6402 vsock_connection.cpp:224] Failed to connect:UNAVAILABLE: StrError(): Connection reset by peer
webRTC(6353)  E 10-07 06:56:20  6353  6402 vsock_connection.cpp:224] Failed to connect:UNAVAILABLE: StrError(): Connection reset by peer
webRTC(6353)  E 10-07 06:56:21  6353  6402 vsock_connection.cpp:224] Failed to connect:UNAVAILABLE: StrError(): Connection reset by peer
webRTC(6353)  E 10-07 06:56:22  6353  6402 vsock_connection.cpp:224] Failed to connect:UNAVAILABLE: StrError(): Connection reset by peer
webRTC(6353)  E 10-07 06:56:23  6353  6402 vsock_connection.cpp:224] Failed to connect:UNAVAILABLE: StrError(): Connection reset by peer
webRTC(6353)  E 10-07 06:56:24  6353  6402 vsock_connection.cpp:224] Failed to connect:UNAVAILABLE: StrError(): Connection reset by peer
webRTC(6353)  E 10-07 06:56:25  6353  6402 vsock_connection.cpp:224] Failed to connect:UNAVAILABLE: StrError(): Connection reset by peer
webRTC(6353)  E 10-07 06:56:26  6353  6402 vsock_connection.cpp:224] Failed to connect:UNAVAILABLE: StrError(): Connection reset by peer
webRTC(6353)  E 10-07 06:56:27  6353  6402 vsock_connection.cpp:224] Failed to connect:UNAVAILABLE: StrError(): Connection reset by peer
webRTC(6353)  E 10-07 06:56:28  6353  6402 vsock_connection.cpp:224] Failed to connect:UNAVAILABLE: StrError(): Connection reset by peer
modem_simulator(6333)  D 10-07 06:56:29  6333  6337 channel_monitor.cpp:149] No client connected yet.
webRTC(6353)  E 10-07 06:56:29  6353  6402 vsock_connection.cpp:224] Failed to connect:UNAVAILABLE: StrError(): Connection reset by peer
webRTC(6353)  E 10-07 06:56:30  6353  6402 vsock_connection.cpp:224] Failed to connect:UNAVAILABLE: StrError(): Connection reset by peer
webRTC(6353)  E 10-07 06:56:31  6353  6402 vsock_connection.cpp:224] Failed to connect:UNAVAILABLE: StrError(): Connection reset by peer
webRTC(6353)  E 10-07 06:56:32  6353  6402 vsock_connection.cpp:224] Failed to connect:UNAVAILABLE: StrError(): Connection reset by peer
webRTC(6353)  E 10-07 06:56:33  6353  6402 vsock_connection.cpp:224] Failed to connect:UNAVAILABLE: StrError(): Connection reset by peer
webRTC(6353)  E 10-07 06:56:34  6353  6402 vsock_connection.cpp:224] Failed to connect:UNAVAILABLE: StrError(): Connection reset by peer
webRTC(6353)  E 10-07 06:56:35  6353  6402 vsock_connection.cpp:224] Failed to connect:UNAVAILABLE: StrError(): Connection reset by peer
webRTC(6353)  E 10-07 06:56:36  6353  6402 vsock_connection.cpp:224] Failed to connect:UNAVAILABLE: StrError(): Connection reset by peer
webRTC(6353)  E 10-07 06:56:37  6353  6402 vsock_connection.cpp:224] Failed to connect:UNAVAILABLE: StrError(): Connection reset by peer
webRTC(6353)  E 10-07 06:56:38  6353  6402 vsock_connection.cpp:224] Failed to connect:UNAVAILABLE: StrError(): Connection reset by peer
modem_simulator(6333)  D 10-07 06:56:39  6333  6337 channel_monitor.cpp:149] No client connected yet.
webRTC(6353)  E 10-07 06:56:39  6353  6402 vsock_connection.cpp:224] Failed to connect:UNAVAILABLE: StrError(): Connection reset by peer
webRTC(6353)  E 10-07 06:56:40  6353  6402 vsock_connection.cpp:224] Failed to connect:UNAVAILABLE: StrError(): Connection reset by peer
webRTC(6353)  E 10-07 06:56:41  6353  6402 vsock_connection.cpp:224] Failed to connect:UNAVAILABLE: StrError(): Connection reset by peer
webRTC(6353)  E 10-07 06:56:42  6353  6402 vsock_connection.cpp:224] Failed to connect:UNAVAILABLE: StrError(): Connection reset by peer
webRTC(6353)  E 10-07 06:56:43  6353  6402 vsock_connection.cpp:224] Failed to connect:UNAVAILABLE: StrError(): Connection reset by peer
webRTC(6353)  E 10-07 06:56:44  6353  6402 vsock_connection.cpp:224] Failed to connect:UNAVAILABLE: StrError(): Connection reset by peer
webRTC(6353)  E 10-07 06:56:45  6353  6402 vsock_connection.cpp:224] Failed to connect:UNAVAILABLE: StrError(): Connection reset by peer
webRTC(6353)  E 10-07 06:56:46  6353  6402 vsock_connection.cpp:224] Failed to connect:UNAVAILABLE: StrError(): Connection reset by peer
webRTC(6353)  E 10-07 06:56:47  6353  6402 vsock_connection.cpp:224] Failed to connect:UNAVAILABLE: StrError(): Connection reset by peer
webRTC(6353)  E 10-07 06:56:48  6353  6402 vsock_connection.cpp:224] Failed to connect:UNAVAILABLE: StrError(): Connection reset by peer
modem_simulator(6333)  D 10-07 06:56:49  6333  6337 channel_monitor.cpp:149] No client connected yet.
webRTC(6353)  E 10-07 06:56:49  6353  6402 vsock_connection.cpp:224] Failed to connect:UNAVAILABLE: StrError(): Connection reset by peer
webRTC(6353)  E 10-07 06:56:50  6353  6402 vsock_connection.cpp:224] Failed to connect:UNAVAILABLE: StrError(): Connection reset by peer
webRTC(6353)  E 10-07 06:56:51  6353  6402 vsock_connection.cpp:224] Failed to connect:UNAVAILABLE: StrError(): Connection reset by peer
webRTC(6353)  E 10-07 06:56:52  6353  6402 vsock_connection.cpp:224] Failed to connect:UNAVAILABLE: StrError(): Connection reset by peer
webRTC(6353)  E 10-07 06:56:53  6353  6402 vsock_connection.cpp:224] Failed to connect:UNAVAILABLE: StrError(): Connection reset by peer
webRTC(6353)  E 10-07 06:56:54  6353  6402 vsock_connection.cpp:224] Failed to connect:UNAVAILABLE: StrError(): Connection reset by peer
webRTC(6353)  E 10-07 06:56:55  6353  6402 vsock_connection.cpp:224] Failed to connect:UNAVAILABLE: StrError(): Connection reset by peer
webRTC(6353)  E 10-07 06:56:56  6353  6402 vsock_connection.cpp:224] Failed to connect:UNAVAILABLE: StrError(): Connection reset by peer
webRTC(6353)  E 10-07 06:56:57  6353  6402 vsock_connection.cpp:224] Failed to connect:UNAVAILABLE: StrError(): Connection reset by peer
webRTC(6353)  E 10-07 06:56:58  6353  6402 vsock_connection.cpp:224] Failed to connect:UNAVAILABLE: StrError(): Connection reset by peer
modem_simulator(6333)  D 10-07 06:56:59  6333  6337 channel_monitor.cpp:149] No client connected yet.
webRTC(6353)  E 10-07 06:56:59  6353  6402 vsock_connection.cpp:224] Failed to connect:UNAVAILABLE: StrError(): Connection reset by peer
webRTC(6353)  E 10-07 06:57:00  6353  6402 vsock_connection.cpp:224] Failed to connect:UNAVAILABLE: StrError(): Connection reset by peer
webRTC(6353)  E 10-07 06:57:01  6353  6402 vsock_connection.cpp:224] Failed to connect:UNAVAILABLE: StrError(): Connection reset by peer
webRTC(6353)  E 10-07 06:57:02  6353  6402 vsock_connection.cpp:224] Failed to connect:UNAVAILABLE: StrError(): Connection reset by peer
webRTC(6353)  E 10-07 06:57:03  6353  6402 vsock_connection.cpp:224] Failed to connect:UNAVAILABLE: StrError(): Connection reset by peer
webRTC(6353)  E 10-07 06:57:04  6353  6402 vsock_connection.cpp:224] Failed to connect:UNAVAILABLE: StrError(): Connection reset by peer
webRTC(6353)  E 10-07 06:57:05  6353  6402 vsock_connection.cpp:224] Failed to connect:UNAVAILABLE: StrError(): Connection reset by peer
webRTC(6353)  E 10-07 06:57:06  6353  6402 vsock_connection.cpp:224] Failed to connect:UNAVAILABLE: StrError(): Connection reset by peer
webRTC(6353)  E 10-07 06:57:07  6353  6402 vsock_connection.cpp:224] Failed to connect:UNAVAILABLE: StrError(): Connection reset by peer
webRTC(6353)  E 10-07 06:57:08  6353  6402 vsock_connection.cpp:224] Failed to connect:UNAVAILABLE: StrError(): Connection reset by peer
modem_simulator(6333)  D 10-07 06:57:09  6333  6337 channel_monitor.cpp:149] No client connected yet.
webRTC(6353)  E 10-07 06:57:09  6353  6402 vsock_connection.cpp:224] Failed to connect:UNAVAILABLE: StrError(): Connection reset by peer
webRTC(6353)  E 10-07 06:57:10  6353  6402 vsock_connection.cpp:224] Failed to connect:UNAVAILABLE: StrError(): Connection reset by peer
webRTC(6353)  E 10-07 06:57:11  6353  6402 vsock_connection.cpp:224] Failed to connect:UNAVAILABLE: StrError(): Connection reset by peer
webRTC(6353)  E 10-07 06:57:12  6353  6402 vsock_connection.cpp:224] Failed to connect:UNAVAILABLE: StrError(): Connection reset by peer
webRTC(6353)  E 10-07 06:57:13  6353  6402 vsock_connection.cpp:224] Failed to connect:UNAVAILABLE: StrError(): Connection reset by peer
webRTC(6353)  E 10-07 06:57:14  6353  6402 vsock_connection.cpp:224] Failed to connect:UNAVAILABLE: StrError(): Connection reset by peer
webRTC(6353)  E 10-07 06:57:15  6353  6402 vsock_connection.cpp:224] Failed to connect:UNAVAILABLE: StrError(): Connection reset by peer
webRTC(6353)  E 10-07 06:57:16  6353  6402 vsock_connection.cpp:224] Failed to connect:UNAVAILABLE: StrError(): Connection reset by peer
webRTC(6353)  E 10-07 06:57:17  6353  6402 vsock_connection.cpp:224] Failed to connect:UNAVAILABLE: StrError(): Connection reset by peer
webRTC(6353)  E 10-07 06:57:18  6353  6402 vsock_connection.cpp:224] Failed to connect:UNAVAILABLE: StrError(): Connection reset by peer
modem_simulator(6333)  D 10-07 06:57:19  6333  6337 channel_monitor.cpp:149] No client connected yet.
webRTC(6353)  E 10-07 06:57:19  6353  6402 vsock_connection.cpp:224] Failed to connect:UNAVAILABLE: StrError(): Connection reset by peer
webRTC(6353)  E 10-07 06:57:20  6353  6402 vsock_connection.cpp:224] Failed to connect:UNAVAILABLE: StrError(): Connection reset by peer
webRTC(6353)  E 10-07 06:57:21  6353  6402 vsock_connection.cpp:224] Failed to connect:UNAVAILABLE: StrError(): Connection reset by peer
webRTC(6353)  E 10-07 06:57:22  6353  6402 vsock_connection.cpp:224] Failed to connect:UNAVAILABLE: StrError(): Connection reset by peer
webRTC(6353)  E 10-07 06:57:23  6353  6402 vsock_connection.cpp:224] Failed to connect:UNAVAILABLE: StrError(): Connection reset by peer
webRTC(6353)  E 10-07 06:57:24  6353  6402 vsock_connection.cpp:224] Failed to connect:UNAVAILABLE: StrError(): Connection reset by peer
webRTC(6353)  E 10-07 06:57:25  6353  6402 vsock_connection.cpp:224] Failed to connect:UNAVAILABLE: StrError(): Connection reset by peer
webRTC(6353)  E 10-07 06:57:26  6353  6402 vsock_connection.cpp:224] Failed to connect:UNAVAILABLE: StrError(): Connection reset by peer
webRTC(6353)  E 10-07 06:57:27  6353  6402 vsock_connection.cpp:224] Failed to connect:UNAVAILABLE: StrError(): Connection reset by peer
webRTC(6353)  E 10-07 06:57:28  6353  6402 vsock_connection.cpp:224] Failed to connect:UNAVAILABLE: StrError(): Connection reset by peer
modem_simulator(6333)  D 10-07 06:57:29  6333  6337 channel_monitor.cpp:149] No client connected yet.
webRTC(6353)  E 10-07 06:57:29  6353  6402 vsock_connection.cpp:224] Failed to connect:UNAVAILABLE: StrError(): Connection reset by peer
webRTC(6353)  E 10-07 06:57:30  6353  6402 vsock_connection.cpp:224] Failed to connect:UNAVAILABLE: StrError(): Connection reset by peer
webRTC(6353)  E 10-07 06:57:31  6353  6402 vsock_connection.cpp:224] Failed to connect:UNAVAILABLE: StrError(): Connection reset by peer
webRTC(6353)  E 10-07 06:57:32  6353  6402 vsock_connection.cpp:224] Failed to connect:UNAVAILABLE: StrError(): Connection reset by peer
webRTC(6353)  E 10-07 06:57:33  6353  6402 vsock_connection.cpp:224] Failed to connect:UNAVAILABLE: StrError(): Connection reset by peer
webRTC(6353)  E 10-07 06:57:34  6353  6402 vsock_connection.cpp:224] Failed to connect:UNAVAILABLE: StrError(): Connection reset by peer
webRTC(6353)  E 10-07 06:57:35  6353  6402 vsock_connection.cpp:224] Failed to connect:UNAVAILABLE: StrError(): Connection reset by peer
webRTC(6353)  E 10-07 06:57:36  6353  6402 vsock_connection.cpp:224] Failed to connect:UNAVAILABLE: StrError(): Connection reset by peer
webRTC(6353)  E 10-07 06:57:37  6353  6402 vsock_connection.cpp:224] Failed to connect:UNAVAILABLE: StrError(): Connection reset by peer
webRTC(6353)  E 10-07 06:57:38  6353  6402 vsock_connection.cpp:224] Failed to connect:UNAVAILABLE: StrError(): Connection reset by peer
modem_simulator(6333)  D 10-07 06:57:39  6333  6337 channel_monitor.cpp:149] No client connected yet.
webRTC(6353)  E 10-07 06:57:39  6353  6402 vsock_connection.cpp:224] Failed to connect:UNAVAILABLE: StrError(): Connection reset by peer
webRTC(6353)  E 10-07 06:57:40  6353  6402 vsock_connection.cpp:224] Failed to connect:UNAVAILABLE: StrError(): Connection reset by peer
webRTC(6353)  E 10-07 06:57:41  6353  6402 vsock_connection.cpp:224] Failed to connect:UNAVAILABLE: StrError(): Connection reset by peer
webRTC(6353)  E 10-07 06:57:42  6353  6402 vsock_connection.cpp:224] Failed to connect:UNAVAILABLE: StrError(): Connection reset by peer
webRTC(6353)  E 10-07 06:57:43  6353  6402 vsock_connection.cpp:224] Failed to connect:UNAVAILABLE: StrError(): Connection reset by peer
webRTC(6353)  E 10-07 06:57:44  6353  6402 vsock_connection.cpp:224] Failed to connect:UNAVAILABLE: StrError(): Connection reset by peer
webRTC(6353)  E 10-07 06:57:45  6353  6402 vsock_connection.cpp:224] Failed to connect:UNAVAILABLE: StrError(): Connection reset by peer
webRTC(6353)  E 10-07 06:57:46  6353  6402 vsock_connection.cpp:224] Failed to connect:UNAVAILABLE: StrError(): Connection reset by peer
webRTC(6353)  E 10-07 06:57:47  6353  6402 vsock_connection.cpp:224] Failed to connect:UNAVAILABLE: StrError(): Connection reset by peer
webRTC(6353)  E 10-07 06:57:48  6353  6402 vsock_connection.cpp:224] Failed to connect:UNAVAILABLE: StrError(): Connection reset by peer
modem_simulator(6333)  D 10-07 06:57:49  6333  6337 channel_monitor.cpp:149] No client connected yet.
webRTC(6353)  E 10-07 06:57:49  6353  6402 vsock_connection.cpp:224] Failed to connect:UNAVAILABLE: StrError(): Connection reset by peer
webRTC(6353)  E 10-07 06:57:50  6353  6402 vsock_connection.cpp:224] Failed to connect:UNAVAILABLE: StrError(): Connection reset by peer
webRTC(6353)  E 10-07 06:57:51  6353  6402 vsock_connection.cpp:224] Failed to connect:UNAVAILABLE: StrError(): Connection reset by peer
webRTC(6353)  E 10-07 06:57:52  6353  6402 vsock_connection.cpp:224] Failed to connect:UNAVAILABLE: StrError(): Connection reset by peer
webRTC(6353)  E 10-07 06:57:53  6353  6402 vsock_connection.cpp:224] Failed to connect:UNAVAILABLE: StrError(): Connection reset by peer
webRTC(6353)  E 10-07 06:57:54  6353  6402 vsock_connection.cpp:224] Failed to connect:UNAVAILABLE: StrError(): Connection reset by peer
webRTC(6353)  E 10-07 06:57:55  6353  6402 vsock_connection.cpp:224] Failed to connect:UNAVAILABLE: StrError(): Connection reset by peer
webRTC(6353)  E 10-07 06:57:56  6353  6402 vsock_connection.cpp:224] Failed to connect:UNAVAILABLE: StrError(): Connection reset by peer
webRTC(6353)  E 10-07 06:57:57  6353  6402 vsock_connection.cpp:224] Failed to connect:UNAVAILABLE: StrError(): Connection reset by peer
webRTC(6353)  E 10-07 06:57:58  6353  6402 vsock_connection.cpp:224] Failed to connect:UNAVAILABLE: StrError(): Connection reset by peer
modem_simulator(6333)  D 10-07 06:57:59  6333  6337 channel_monitor.cpp:149] No client connected yet.
webRTC(6353)  E 10-07 06:57:59  6353  6402 vsock_connection.cpp:224] Failed to connect:UNAVAILABLE: StrError(): Connection reset by peer
webRTC(6353)  E 10-07 06:58:00  6353  6402 vsock_connection.cpp:224] Failed to connect:UNAVAILABLE: StrError(): Connection reset by peer
webRTC(6353)  E 10-07 06:58:01  6353  6402 vsock_connection.cpp:224] Failed to connect:UNAVAILABLE: StrError(): Connection reset by peer
webRTC(6353)  E 10-07 06:58:02  6353  6402 vsock_connection.cpp:224] Failed to connect:UNAVAILABLE: StrError(): Connection reset by peer
webRTC(6353)  E 10-07 06:58:03  6353  6402 vsock_connection.cpp:224] Failed to connect:UNAVAILABLE: StrError(): Connection reset by peer
webRTC(6353)  E 10-07 06:58:04  6353  6402 vsock_connection.cpp:224] Failed to connect:UNAVAILABLE: StrError(): Connection reset by peer
webRTC(6353)  E 10-07 06:58:05  6353  6402 vsock_connection.cpp:224] Failed to connect:UNAVAILABLE: StrError(): Connection reset by peer
webRTC(6353)  E 10-07 06:58:06  6353  6402 vsock_connection.cpp:224] Failed to connect:UNAVAILABLE: StrError(): Connection reset by peer
webRTC(6353)  E 10-07 06:58:07  6353  6402 vsock_connection.cpp:224] Failed to connect:UNAVAILABLE: StrError(): Connection reset by peer
webRTC(6353)  E 10-07 06:58:08  6353  6402 vsock_connection.cpp:224] Failed to connect:UNAVAILABLE: StrError(): Connection reset by peer
modem_simulator(6333)  D 10-07 06:58:09  6333  6337 channel_monitor.cpp:149] No client connected yet.
webRTC(6353)  E 10-07 06:58:09  6353  6402 vsock_connection.cpp:224] Failed to connect:UNAVAILABLE: StrError(): Connection reset by peer
webRTC(6353)  E 10-07 06:58:10  6353  6402 vsock_connection.cpp:224] Failed to connect:UNAVAILABLE: StrError(): Connection reset by peer
webRTC(6353)  E 10-07 06:58:11  6353  6402 vsock_connection.cpp:224] Failed to connect:UNAVAILABLE: StrError(): Connection reset by peer
webRTC(6353)  E 10-07 06:58:12  6353  6402 vsock_connection.cpp:224] Failed to connect:UNAVAILABLE: StrError(): Connection reset by peer
webRTC(6353)  E 10-07 06:58:13  6353  6402 vsock_connection.cpp:224] Failed to connect:UNAVAILABLE: StrError(): Connection reset by peer
webRTC(6353)  E 10-07 06:58:14  6353  6402 vsock_connection.cpp:224] Failed to connect:UNAVAILABLE: StrError(): Connection reset by peer
webRTC(6353)  E 10-07 06:58:15  6353  6402 vsock_connection.cpp:224] Failed to connect:UNAVAILABLE: StrError(): Connection reset by peer
webRTC(6353)  E 10-07 06:58:16  6353  6402 vsock_connection.cpp:224] Failed to connect:UNAVAILABLE: StrError(): Connection reset by peer
webRTC(6353)  E 10-07 06:58:17  6353  6402 vsock_connection.cpp:224] Failed to connect:UNAVAILABLE: StrError(): Connection reset by peer
webRTC(6353)  E 10-07 06:58:18  6353  6402 vsock_connection.cpp:224] Failed to connect:UNAVAILABLE: StrError(): Connection reset by peer
modem_simulator(6333)  D 10-07 06:58:19  6333  6337 channel_monitor.cpp:149] No client connected yet.
webRTC(6353)  E 10-07 06:58:19  6353  6402 vsock_connection.cpp:224] Failed to connect:UNAVAILABLE: StrError(): Connection reset by peer
webRTC(6353)  E 10-07 06:58:20  6353  6402 vsock_connection.cpp:224] Failed to connect:UNAVAILABLE: StrError(): Connection reset by peer
webRTC(6353)  E 10-07 06:58:21  6353  6402 vsock_connection.cpp:224] Failed to connect:UNAVAILABLE: StrError(): Connection reset by peer
webRTC(6353)  E 10-07 06:58:22  6353  6402 vsock_connection.cpp:224] Failed to connect:UNAVAILABLE: StrError(): Connection reset by peer
webRTC(6353)  E 10-07 06:58:23  6353  6402 vsock_connection.cpp:224] Failed to connect:UNAVAILABLE: StrError(): Connection reset by peer
webRTC(6353)  E 10-07 06:58:24  6353  6402 vsock_connection.cpp:224] Failed to connect:UNAVAILABLE: StrError(): Connection reset by peer
webRTC(6353)  E 10-07 06:58:25  6353  6402 vsock_connection.cpp:224] Failed to connect:UNAVAILABLE: StrError(): Connection reset by peer
webRTC(6353)  E 10-07 06:58:26  6353  6402 vsock_connection.cpp:224] Failed to connect:UNAVAILABLE: StrError(): Connection reset by peer
webRTC(6353)  E 10-07 06:58:27  6353  6402 vsock_connection.cpp:224] Failed to connect:UNAVAILABLE: StrError(): Connection reset by peer
webRTC(6353)  E 10-07 06:58:28  6353  6402 vsock_connection.cpp:224] Failed to connect:UNAVAILABLE: StrError(): Connection reset by peer
modem_simulator(6333)  D 10-07 06:58:29  6333  6337 channel_monitor.cpp:149] No client connected yet.
webRTC(6353)  E 10-07 06:58:29  6353  6402 vsock_connection.cpp:224] Failed to connect:UNAVAILABLE: StrError(): Connection reset by peer
webRTC(6353)  E 10-07 06:58:30  6353  6402 vsock_connection.cpp:224] Failed to connect:UNAVAILABLE: StrError(): Connection reset by peer
webRTC(6353)  E 10-07 06:58:31  6353  6402 vsock_connection.cpp:224] Failed to connect:UNAVAILABLE: StrError(): Connection reset by peer
webRTC(6353)  E 10-07 06:58:32  6353  6402 vsock_connection.cpp:224] Failed to connect:UNAVAILABLE: StrError(): Connection reset by peer
webRTC(6353)  E 10-07 06:58:33  6353  6402 vsock_connection.cpp:224] Failed to connect:UNAVAILABLE: StrError(): Connection reset by peer
webRTC(6353)  E 10-07 06:58:34  6353  6402 vsock_connection.cpp:224] Failed to connect:UNAVAILABLE: StrError(): Connection reset by peer
webRTC(6353)  E 10-07 06:58:35  6353  6402 vsock_connection.cpp:224] Failed to connect:UNAVAILABLE: StrError(): Connection reset by peer
webRTC(6353)  E 10-07 06:58:36  6353  6402 vsock_connection.cpp:224] Failed to connect:UNAVAILABLE: StrError(): Connection reset by peer
webRTC(6353)  E 10-07 06:58:37  6353  6402 vsock_connection.cpp:224] Failed to connect:UNAVAILABLE: StrError(): Connection reset by peer
webRTC(6353)  E 10-07 06:58:38  6353  6402 vsock_connection.cpp:224] Failed to connect:UNAVAILABLE: StrError(): Connection reset by peer
modem_simulator(6333)  D 10-07 06:58:39  6333  6337 channel_monitor.cpp:149] No client connected yet.
webRTC(6353)  E 10-07 06:58:39  6353  6402 vsock_connection.cpp:224] Failed to connect:UNAVAILABLE: StrError(): Connection reset by peer
webRTC(6353)  E 10-07 06:58:40  6353  6402 vsock_connection.cpp:224] Failed to connect:UNAVAILABLE: StrError(): Connection reset by peer
webRTC(6353)  E 10-07 06:58:41  6353  6402 vsock_connection.cpp:224] Failed to connect:UNAVAILABLE: StrError(): Connection reset by peer
webRTC(6353)  E 10-07 06:58:42  6353  6402 vsock_connection.cpp:224] Failed to connect:UNAVAILABLE: StrError(): Connection reset by peer
webRTC(6353)  E 10-07 06:58:43  6353  6402 vsock_connection.cpp:224] Failed to connect:UNAVAILABLE: StrError(): Connection reset by peer
webRTC(6353)  E 10-07 06:58:44  6353  6402 vsock_connection.cpp:224] Failed to connect:UNAVAILABLE: StrError(): Connection reset by peer
webRTC(6353)  E 10-07 06:58:45  6353  6402 vsock_connection.cpp:224] Failed to connect:UNAVAILABLE: StrError(): Connection reset by peer
webRTC(6353)  E 10-07 06:58:46  6353  6402 vsock_connection.cpp:224] Failed to connect:UNAVAILABLE: StrError(): Connection reset by peer
webRTC(6353)  E 10-07 06:58:47  6353  6402 vsock_connection.cpp:224] Failed to connect:UNAVAILABLE: StrError(): Connection reset by peer
webRTC(6353)  E 10-07 06:58:48  6353  6402 vsock_connection.cpp:224] Failed to connect:UNAVAILABLE: StrError(): Connection reset by peer
modem_simulator(6333)  D 10-07 06:58:49  6333  6337 channel_monitor.cpp:149] No client connected yet.
webRTC(6353)  E 10-07 06:58:49  6353  6402 vsock_connection.cpp:224] Failed to connect:UNAVAILABLE: StrError(): Connection reset by peer
webRTC(6353)  E 10-07 06:58:50  6353  6402 vsock_connection.cpp:224] Failed to connect:UNAVAILABLE: StrError(): Connection reset by peer
webRTC(6353)  E 10-07 06:58:51  6353  6402 vsock_connection.cpp:224] Failed to connect:UNAVAILABLE: StrError(): Connection reset by peer
webRTC(6353)  E 10-07 06:58:52  6353  6402 vsock_connection.cpp:224] Failed to connect:UNAVAILABLE: StrError(): Connection reset by peer
webRTC(6353)  E 10-07 06:58:53  6353  6402 vsock_connection.cpp:224] Failed to connect:UNAVAILABLE: StrError(): Connection reset by peer
webRTC(6353)  E 10-07 06:58:54  6353  6402 vsock_connection.cpp:224] Failed to connect:UNAVAILABLE: StrError(): Connection reset by peer
webRTC(6353)  E 10-07 06:58:55  6353  6402 vsock_connection.cpp:224] Failed to connect:UNAVAILABLE: StrError(): Connection reset by peer
webRTC(6353)  E 10-07 06:58:56  6353  6402 vsock_connection.cpp:224] Failed to connect:UNAVAILABLE: StrError(): Connection reset by peer
webRTC(6353)  E 10-07 06:58:57  6353  6402 vsock_connection.cpp:224] Failed to connect:UNAVAILABLE: StrError(): Connection reset by peer
webRTC(6353)  E 10-07 06:58:58  6353  6402 vsock_connection.cpp:224] Failed to connect:UNAVAILABLE: StrError(): Connection reset by peer
modem_simulator(6333)  D 10-07 06:58:59  6333  6337 channel_monitor.cpp:149] No client connected yet.
webRTC(6353)  E 10-07 06:58:59  6353  6402 vsock_connection.cpp:224] Failed to connect:UNAVAILABLE: StrError(): Connection reset by peer
webRTC(6353)  E 10-07 06:59:00  6353  6402 vsock_connection.cpp:224] Failed to connect:UNAVAILABLE: StrError(): Connection reset by peer
webRTC(6353)  E 10-07 06:59:01  6353  6402 vsock_connection.cpp:224] Failed to connect:UNAVAILABLE: StrError(): Connection reset by peer
webRTC(6353)  E 10-07 06:59:02  6353  6402 vsock_connection.cpp:224] Failed to connect:UNAVAILABLE: StrError(): Connection reset by peer
webRTC(6353)  E 10-07 06:59:03  6353  6402 vsock_connection.cpp:224] Failed to connect:UNAVAILABLE: StrError(): Connection reset by peer
webRTC(6353)  E 10-07 06:59:04  6353  6402 vsock_connection.cpp:224] Failed to connect:UNAVAILABLE: StrError(): Connection reset by peer
webRTC(6353)  E 10-07 06:59:05  6353  6402 vsock_connection.cpp:224] Failed to connect:UNAVAILABLE: StrError(): Connection reset by peer
webRTC(6353)  E 10-07 06:59:06  6353  6402 vsock_connection.cpp:224] Failed to connect:UNAVAILABLE: StrError(): Connection reset by peer
webRTC(6353)  E 10-07 06:59:07  6353  6402 vsock_connection.cpp:224] Failed to connect:UNAVAILABLE: StrError(): Connection reset by peer
webRTC(6353)  E 10-07 06:59:08  6353  6402 vsock_connection.cpp:224] Failed to connect:UNAVAILABLE: StrError(): Connection reset by peer
modem_simulator(6333)  D 10-07 06:59:09  6333  6337 channel_monitor.cpp:149] No client connected yet.
webRTC(6353)  E 10-07 06:59:09  6353  6402 vsock_connection.cpp:224] Failed to connect:UNAVAILABLE: StrError(): Connection reset by peer
webRTC(6353)  E 10-07 06:59:10  6353  6402 vsock_connection.cpp:224] Failed to connect:UNAVAILABLE: StrError(): Connection reset by peer
webRTC(6353)  E 10-07 06:59:11  6353  6402 vsock_connection.cpp:224] Failed to connect:UNAVAILABLE: StrError(): Connection reset by peer
webRTC(6353)  E 10-07 06:59:12  6353  6402 vsock_connection.cpp:224] Failed to connect:UNAVAILABLE: StrError(): Connection reset by peer
webRTC(6353)  E 10-07 06:59:13  6353  6402 vsock_connection.cpp:224] Failed to connect:UNAVAILABLE: StrError(): Connection reset by peer
webRTC(6353)  E 10-07 06:59:14  6353  6402 vsock_connection.cpp:224] Failed to connect:UNAVAILABLE: StrError(): Connection reset by peer
webRTC(6353)  E 10-07 06:59:15  6353  6402 vsock_connection.cpp:224] Failed to connect:UNAVAILABLE: StrError(): Connection reset by peer
webRTC(6353)  E 10-07 06:59:16  6353  6402 vsock_connection.cpp:224] Failed to connect:UNAVAILABLE: StrError(): Connection reset by peer
webRTC(6353)  E 10-07 06:59:17  6353  6402 vsock_connection.cpp:224] Failed to connect:UNAVAILABLE: StrError(): Connection reset by peer
webRTC(6353)  E 10-07 06:59:18  6353  6402 vsock_connection.cpp:224] Failed to connect:UNAVAILABLE: StrError(): Connection reset by peer
modem_simulator(6333)  D 10-07 06:59:19  6333  6337 channel_monitor.cpp:149] No client connected yet.
webRTC(6353)  E 10-07 06:59:19  6353  6402 vsock_connection.cpp:224] Failed to connect:UNAVAILABLE: StrError(): Connection reset by peer
webRTC(6353)  E 10-07 06:59:20  6353  6402 vsock_connection.cpp:224] Failed to connect:UNAVAILABLE: StrError(): Connection reset by peer
webRTC(6353)  E 10-07 06:59:21  6353  6402 vsock_connection.cpp:224] Failed to connect:UNAVAILABLE: StrError(): Connection reset by peer
webRTC(6353)  E 10-07 06:59:22  6353  6402 vsock_connection.cpp:224] Failed to connect:UNAVAILABLE: StrError(): Connection reset by peer
webRTC(6353)  E 10-07 06:59:23  6353  6402 vsock_connection.cpp:224] Failed to connect:UNAVAILABLE: StrError(): Connection reset by peer
webRTC(6353)  E 10-07 06:59:24  6353  6402 vsock_connection.cpp:224] Failed to connect:UNAVAILABLE: StrError(): Connection reset by peer
webRTC(6353)  E 10-07 06:59:25  6353  6402 vsock_connection.cpp:224] Failed to connect:UNAVAILABLE: StrError(): Connection reset by peer
webRTC(6353)  E 10-07 06:59:26  6353  6402 vsock_connection.cpp:224] Failed to connect:UNAVAILABLE: StrError(): Connection reset by peer
webRTC(6353)  E 10-07 06:59:27  6353  6402 vsock_connection.cpp:224] Failed to connect:UNAVAILABLE: StrError(): Connection reset by peer
webRTC(6353)  E 10-07 06:59:28  6353  6402 vsock_connection.cpp:224] Failed to connect:UNAVAILABLE: StrError(): Connection reset by peer
modem_simulator(6333)  D 10-07 06:59:29  6333  6337 channel_monitor.cpp:149] No client connected yet.
webRTC(6353)  E 10-07 06:59:29  6353  6402 vsock_connection.cpp:224] Failed to connect:UNAVAILABLE: StrError(): Connection reset by peer
webRTC(6353)  E 10-07 06:59:30  6353  6402 vsock_connection.cpp:224] Failed to connect:UNAVAILABLE: StrError(): Connection reset by peer
webRTC(6353)  E 10-07 06:59:31  6353  6402 vsock_connection.cpp:224] Failed to connect:UNAVAILABLE: StrError(): Connection reset by peer
webRTC(6353)  E 10-07 06:59:32  6353  6402 vsock_connection.cpp:224] Failed to connect:UNAVAILABLE: StrError(): Connection reset by peer
webRTC(6353)  E 10-07 06:59:33  6353  6402 vsock_connection.cpp:224] Failed to connect:UNAVAILABLE: StrError(): Connection reset by peer
webRTC(6353)  E 10-07 06:59:34  6353  6402 vsock_connection.cpp:224] Failed to connect:UNAVAILABLE: StrError(): Connection reset by peer
webRTC(6353)  E 10-07 06:59:35  6353  6402 vsock_connection.cpp:224] Failed to connect:UNAVAILABLE: StrError(): Connection reset by peer
webRTC(6353)  E 10-07 06:59:36  6353  6402 vsock_connection.cpp:224] Failed to connect:UNAVAILABLE: StrError(): Connection reset by peer
webRTC(6353)  E 10-07 06:59:37  6353  6402 vsock_connection.cpp:224] Failed to connect:UNAVAILABLE: StrError(): Connection reset by peer
webRTC(6353)  E 10-07 06:59:38  6353  6402 vsock_connection.cpp:224] Failed to connect:UNAVAILABLE: StrError(): Connection reset by peer
modem_simulator(6333)  D 10-07 06:59:39  6333  6337 channel_monitor.cpp:149] No client connected yet.
webRTC(6353)  E 10-07 06:59:39  6353  6402 vsock_connection.cpp:224] Failed to connect:UNAVAILABLE: StrError(): Connection reset by peer
webRTC(6353)  E 10-07 06:59:40  6353  6402 vsock_connection.cpp:224] Failed to connect:UNAVAILABLE: StrError(): Connection reset by peer
webRTC(6353)  E 10-07 06:59:41  6353  6402 vsock_connection.cpp:224] Failed to connect:UNAVAILABLE: StrError(): Connection reset by peer
webRTC(6353)  E 10-07 06:59:42  6353  6402 vsock_connection.cpp:224] Failed to connect:UNAVAILABLE: StrError(): Connection reset by peer
webRTC(6353)  E 10-07 06:59:43  6353  6402 vsock_connection.cpp:224] Failed to connect:UNAVAILABLE: StrError(): Connection reset by peer
webRTC(6353)  E 10-07 06:59:44  6353  6402 vsock_connection.cpp:224] Failed to connect:UNAVAILABLE: StrError(): Connection reset by peer
webRTC(6353)  E 10-07 06:59:45  6353  6402 vsock_connection.cpp:224] Failed to connect:UNAVAILABLE: StrError(): Connection reset by peer
webRTC(6353)  E 10-07 06:59:46  6353  6402 vsock_connection.cpp:224] Failed to connect:UNAVAILABLE: StrError(): Connection reset by peer
webRTC(6353)  E 10-07 06:59:47  6353  6402 vsock_connection.cpp:224] Failed to connect:UNAVAILABLE: StrError(): Connection reset by peer
webRTC(6353)  E 10-07 06:59:48  6353  6402 vsock_connection.cpp:224] Failed to connect:UNAVAILABLE: StrError(): Connection reset by peer
modem_simulator(6333)  D 10-07 06:59:49  6333  6337 channel_monitor.cpp:149] No client connected yet.
webRTC(6353)  E 10-07 06:59:49  6353  6402 vsock_connection.cpp:224] Failed to connect:UNAVAILABLE: StrError(): Connection reset by peer
webRTC(6353)  E 10-07 06:59:50  6353  6402 vsock_connection.cpp:224] Failed to connect:UNAVAILABLE: StrError(): Connection reset by peer
webRTC(6353)  E 10-07 06:59:51  6353  6402 vsock_connection.cpp:224] Failed to connect:UNAVAILABLE: StrError(): Connection reset by peer
webRTC(6353)  E 10-07 06:59:52  6353  6402 vsock_connection.cpp:224] Failed to connect:UNAVAILABLE: StrError(): Connection reset by peer
webRTC(6353)  E 10-07 06:59:53  6353  6402 vsock_connection.cpp:224] Failed to connect:UNAVAILABLE: StrError(): Connection reset by peer
webRTC(6353)  E 10-07 06:59:54  6353  6402 vsock_connection.cpp:224] Failed to connect:UNAVAILABLE: StrError(): Connection reset by peer
webRTC(6353)  E 10-07 06:59:55  6353  6402 vsock_connection.cpp:224] Failed to connect:UNAVAILABLE: StrError(): Connection reset by peer
webRTC(6353)  E 10-07 06:59:56  6353  6402 vsock_connection.cpp:224] Failed to connect:UNAVAILABLE: StrError(): Connection reset by peer
webRTC(6353)  E 10-07 06:59:57  6353  6402 vsock_connection.cpp:224] Failed to connect:UNAVAILABLE: StrError(): Connection reset by peer
webRTC(6353)  E 10-07 06:59:58  6353  6402 vsock_connection.cpp:224] Failed to connect:UNAVAILABLE: StrError(): Connection reset by peer
modem_simulator(6333)  D 10-07 06:59:59  6333  6337 channel_monitor.cpp:149] No client connected yet.
webRTC(6353)  E 10-07 06:59:59  6353  6402 vsock_connection.cpp:224] Failed to connect:UNAVAILABLE: StrError(): Connection reset by peer
webRTC(6353)  E 10-07 07:00:00  6353  6402 vsock_connection.cpp:224] Failed to connect:UNAVAILABLE: StrError(): Connection reset by peer
webRTC(6353)  E 10-07 07:00:01  6353  6402 vsock_connection.cpp:224] Failed to connect:UNAVAILABLE: StrError(): Connection reset by peer
webRTC(6353)  E 10-07 07:00:02  6353  6402 vsock_connection.cpp:224] Failed to connect:UNAVAILABLE: StrError(): Connection reset by peer
webRTC(6353)  E 10-07 07:00:03  6353  6402 vsock_connection.cpp:224] Failed to connect:UNAVAILABLE: StrError(): Connection reset by peer
webRTC(6353)  E 10-07 07:00:04  6353  6402 vsock_connection.cpp:224] Failed to connect:UNAVAILABLE: StrError(): Connection reset by peer
webRTC(6353)  E 10-07 07:00:05  6353  6402 vsock_connection.cpp:224] Failed to connect:UNAVAILABLE: StrError(): Connection reset by peer
webRTC(6353)  E 10-07 07:00:06  6353  6402 vsock_connection.cpp:224] Failed to connect:UNAVAILABLE: StrError(): Connection reset by peer
webRTC(6353)  E 10-07 07:00:07  6353  6402 vsock_connection.cpp:224] Failed to connect:UNAVAILABLE: StrError(): Connection reset by peer
webRTC(6353)  E 10-07 07:00:08  6353  6402 vsock_connection.cpp:224] Failed to connect:UNAVAILABLE: StrError(): Connection reset by peer
modem_simulator(6333)  D 10-07 07:00:09  6333  6337 channel_monitor.cpp:149] No client connected yet.
webRTC(6353)  E 10-07 07:00:09  6353  6402 vsock_connection.cpp:224] Failed to connect:UNAVAILABLE: StrError(): Connection reset by peer
webRTC(6353)  E 10-07 07:00:10  6353  6402 vsock_connection.cpp:224] Failed to connect:UNAVAILABLE: StrError(): Connection reset by peer
webRTC(6353)  E 10-07 07:00:11  6353  6402 vsock_connection.cpp:224] Failed to connect:UNAVAILABLE: StrError(): Connection reset by peer
webRTC(6353)  E 10-07 07:00:12  6353  6402 vsock_connection.cpp:224] Failed to connect:UNAVAILABLE: StrError(): Connection reset by peer
webRTC(6353)  E 10-07 07:00:13  6353  6402 vsock_connection.cpp:224] Failed to connect:UNAVAILABLE: StrError(): Connection reset by peer
webRTC(6353)  E 10-07 07:00:14  6353  6402 vsock_connection.cpp:224] Failed to connect:UNAVAILABLE: StrError(): Connection reset by peer
webRTC(6353)  E 10-07 07:00:15  6353  6402 vsock_connection.cpp:224] Failed to connect:UNAVAILABLE: StrError(): Connection reset by peer
webRTC(6353)  E 10-07 07:00:16  6353  6402 vsock_connection.cpp:224] Failed to connect:UNAVAILABLE: StrError(): Connection reset by peer
webRTC(6353)  E 10-07 07:00:17  6353  6402 vsock_connection.cpp:224] Failed to connect:UNAVAILABLE: StrError(): Connection reset by peer
log_tee(6418)  D 10-07 07:00:18  6418  6418 log_tee.cpp:185] M: supported
log_tee(6418)  D 10-07 07:00:18  6418  6418 log_tee.cpp:185] [virtio_gpu_frontend.cpp(726)]  VIRGL_FORMAT_R8G8B8A8_UNORM: supported
log_tee(6418)  D 10-07 07:00:18  6418  6418 log_tee.cpp:185] [virtio_gpu_frontend.cpp(726)]  VIRGL_FORMAT_R8G8B8X8_UNORM: supported
log_tee(6418)  D 10-07 07:00:18  6418  6418 log_tee.cpp:185] [virtio_gpu_frontend.cpp(726)]  VIRGL_FORMAT_YV12: supported
log_tee(6418)  D 10-07 07:00:18  6418  6418 log_tee.cpp:185] [virtio_gpu_frontend.cpp(726)]  VIRGL_FORMAT_Z16_UNORM: supported
log_tee(6418)  D 10-07 07:00:18  6418  6418 log_tee.cpp:185] [virtio_gpu_frontend.cpp(726)]  VIRGL_FORMAT_Z24_UNORM_S8_UINT: unsupported
log_tee(6418)  D 10-07 07:00:18  6418  6418 log_tee.cpp:185] [virtio_gpu_frontend.cpp(726)]  VIRGL_FORMAT_Z24X8_UNORM: unsupported
log_tee(6418)  D 10-07 07:00:18  6418  6418 log_tee.cpp:185] [virtio_gpu_frontend.cpp(726)]  VIRGL_FORMAT_Z32_FLOAT_S8X24_UINT: supported
log_tee(6418)  D 10-07 07:00:18  6418  6418 log_tee.cpp:185] [virtio_gpu_frontend.cpp(726)]  VIRGL_FORMAT_Z32_FLOAT: supported
log_tee(6418)  D 10-07 07:00:18  6418  6418 log_tee.cpp:185] [vk_decoder_global_state.cpp(1150)] Created VkInstance:0x7f308002cc30 for application:'aera-flutter' engine:''.
log_tee(6418)  D 10-07 07:00:18  6418  6418 log_tee.cpp:185] [vk_decoder_global_state.cpp(2359)] Created VkDevice:0x7f3080080400 for application:'aera-flutter' instance:0x7f308002cc30. ASTC emulation:on CPU decoding:off. Protected memory:off
log_tee(6418)  D 10-07 07:00:18  6418  6418 log_tee.cpp:185] [vk_decoder_global_state.cpp(2752)] Destroyed VkDevice:0x7f3080080400
log_tee(6418)  D 10-07 07:00:18  6418  6418 log_tee.cpp:185] [vk_decoder_global_state.cpp(10570)] Destroyed VkInstance:0x7f308002cc30 for application:'aera-flutter' engine:''.
log_tee(6418)  D 10-07 07:00:18  6418  6418 log_tee.cpp:185] [vk_decoder_global_state.cpp(1150)] Created VkInstance:0x7f3090029fc0 for application:'aera-flutter' engine:''.
log_tee(6418)  D 10-07 07:00:18  6418  6418 log_tee.cpp:185] [vk_decoder_global_state.cpp(2359)] Created VkDevice:0x7f30900810d0 for application:'aera-flutter' instance:0x7f3090029fc0. ASTC emulation:on CPU decoding:off. Protected memory:off
log_tee(6418)  D 10-07 07:00:18  6418  6418 log_tee.cpp:185] [vk_decoder_global_state.cpp(2752)] Destroyed VkDevice:0x7f30900810d0
log_tee(6418)  D 10-07 07:00:18  6418  6418 log_tee.cpp:185] [vk_decoder_global_state.cpp(10570)] Destroyed VkInstance:0x7f3090029fc0 for application:'aera-flutter' engine:''.
log_tee(6418)  D 10-07 07:00:18  6418  6418 log_tee.cpp:185] [vk_decoder_global_state.cpp(1150)] Created VkInstance:0x7f30b4141970 for application:'aera-flutter' engine:''.
log_tee(6418)  D 10-07 07:00:18  6418  6418 log_tee.cpp:185] [vk_decoder_global_state.cpp(2359)] Created VkDevice:0x7f30b41779f0 for application:'aera-flutter' instance:0x7f30b4141970. ASTC emulation:on CPU decoding:off. Protected memory:off
log_tee(6418)  D 10-07 07:00:18  6418  6418 log_tee.cpp:185] [vk_decoder_global_state.cpp(2752)] Destroyed VkDevice:0x7f30b41779f0
log_tee(6418)  D 10-07 07:00:18  6418  6418 log_tee.cpp:185] [vk_decoder_global_state.cpp(10570)] Destroyed VkInstance:0x7f30b4141970 for application:'aera-flutter' engine:''.
log_tee(6418)  D 10-07 07:00:18  6418  6418 log_tee.cpp:185] [vk_decoder_global_state.cpp(1150)] Created VkInstance:0x7f30c802a140 for application:'aera-flutter' engine:''.
log_tee(6418)  D 10-07 07:00:18  6418  6418 log_tee.cpp:185] [vk_decoder_global_state.cpp(2359)] Created VkDevice:0x7f30c8081140 for application:'aera-flutter' instance:0x7f30c802a140. ASTC emulation:on CPU decoding:off. Protected memory:off
log_tee(6418)  D 10-07 07:00:18  6418  6418 log_tee.cpp:185] [vk_decoder_global_state.cpp(2752)] Destroyed VkDevice:0x7f30c8081140
log_tee(6418)  D 10-07 07:00:18  6418  6418 log_tee.cpp:185] [vk_decoder_global_state.cpp(10570)] Destroyed VkInstance:0x7f30c802a140 for application:'aera-flutter' engine:''.
log_tee(6418)  D 10-07 07:00:18  6418  6418 log_tee.cpp:185] [vk_decoder_global_state.cpp(1150)] Created VkInstance:0x7f303c02d440 for application:'aera-flutter' engine:''.
log_tee(6418)  D 10-07 07:00:18  6418  6418 log_tee.cpp:185] [vk_decoder_global_state.cpp(2359)] Created VkDevice:0x7f303c084220 for application:'aera-flutter' instance:0x7f303c02d440. ASTC emulation:on CPU decoding:off. Protected memory:off
log_tee(6418)  D 10-07 07:00:18  6418  6418 log_tee.cpp:185] [vk_decoder_global_state.cpp(2752)] Destroyed VkDevice:0x7f303c084220
log_tee(6418)  D 10-07 07:00:18  6418  6418 log_tee.cpp:185] [vk_decoder_global_state.cpp(10570)] Destroyed VkInstance:0x7f303c02d440 for application:'aera-flutter' engine:''.
log_tee(6418)  D 10-07 07:00:18  6418  6418 log_tee.cpp:185] [vk_decoder_global_state.cpp(1150)] Created VkInstance:0x7f304002a600 for application:'aera-flutter' engine:''.
log_tee(6418)  D 10-07 07:00:18  6418  6418 log_tee.cpp:185] [vk_decoder_global_state.cpp(2359)] Created VkDevice:0x7f3040081710 for application:'aera-flutter' instance:0x7f304002a600. ASTC emulation:on CPU decoding:off. Protected memory:off
log_tee(6418)  D 10-07 07:00:18  6418  6418 log_tee.cpp:185] [vk_decoder_global_state.cpp(2752)] Destroyed VkDevice:0x7f3040081710
log_tee(6418)  D 10-07 07:00:18  6418  6418 log_tee.cpp:185] [vk_decoder_global_state.cpp(10570)] Destroyed VkInstance:0x7f304002a600 for application:'aera-flutter' engine:''.
log_tee(6418)  D 10-07 07:00:18  6418  6418 log_tee.cpp:185] [vk_decoder_global_state.cpp(1150)] Created VkInstance:0x7f30540296b0 for application:'aera-flutter' engine:''.
log_tee(6418)  D 10-07 07:00:18  6418  6418 log_tee.cpp:185] [vk_decoder_global_state.cpp(2359)] Created VkDevice:0x7f30540807c0 for application:'aera-flutter' instance:0x7f30540296b0. ASTC emulation:on CPU decoding:off. Protected memory:off
log_tee(6418)  D 10-07 07:00:18  6418  6418 log_tee.cpp:185] [vk_decoder_global_state.cpp(2752)] Destroyed VkDevice:0x7f30540807c0
log_tee(6418)  D 10-07 07:00:18  6418  6418 log_tee.cpp:185] [vk_decoder_global_state.cpp(10570)] Destroyed VkInstance:0x7f30540296b0 for application:'aera-flutter' engine:''.
log_tee(6418)  D 10-07 07:00:18  6418  6418 log_tee.cpp:185] [vk_decoder_global_state.cpp(1150)] Created VkInstance:0x7f3058029a60 for application:'aera-flutter' engine:''.
log_tee(6418)  D 10-07 07:00:18  6418  6418 log_tee.cpp:185] [vk_decoder_global_state.cpp(2359)] Created VkDevice:0x7f3058080b70
webRTC(6353)  E 10-07 07:00:18  6353  6402 vsock_connection.cpp:224] Failed to connect:UNAVAILABLE: StrError(): Connection reset by peer
modem_simulator(6333)  D 10-07 07:00:19  6333  6337 channel_monitor.cpp:149] No client connected yet.
webRTC(6353)  E 10-07 07:00:19  6353  6402 vsock_connection.cpp:224] Failed to connect:UNAVAILABLE: StrError(): Connection reset by peer
webRTC(6353)  E 10-07 07:00:20  6353  6402 vsock_connection.cpp:224] Failed to connect:UNAVAILABLE: StrError(): Connection reset by peer
webRTC(6353)  E 10-07 07:00:21  6353  6402 vsock_connection.cpp:224] Failed to connect:UNAVAILABLE: StrError(): Connection reset by peer
webRTC(6353)  E 10-07 07:00:22  6353  6402 vsock_connection.cpp:224] Failed to connect:UNAVAILABLE: StrError(): Connection reset by peer
webRTC(6353)  E 10-07 07:00:23  6353  6402 vsock_connection.cpp:224] Failed to connect:UNAVAILABLE: StrError(): Connection reset by peer
webRTC(6353)  E 10-07 07:00:24  6353  6402 vsock_connection.cpp:224] Failed to connect:UNAVAILABLE: StrError(): Connection reset by peer
webRTC(6353)  E 10-07 07:00:25  6353  6402 vsock_connection.cpp:224] Failed to connect:UNAVAILABLE: StrError(): Connection reset by peer
webRTC(6353)  E 10-07 07:00:26  6353  6402 vsock_connection.cpp:224] Failed to connect:UNAVAILABLE: StrError(): Connection reset by peer
webRTC(6353)  E 10-07 07:00:27  6353  6402 vsock_connection.cpp:224] Failed to connect:UNAVAILABLE: StrError(): Connection reset by peer
webRTC(6353)  E 10-07 07:00:28  6353  6402 vsock_connection.cpp:224] Failed to connect:UNAVAILABLE: StrError(): Connection reset by peer
modem_simulator(6333)  D 10-07 07:00:29  6333  6337 channel_monitor.cpp:149] No client connected yet.
webRTC(6353)  E 10-07 07:00:29  6353  6402 vsock_connection.cpp:224] Failed to connect:UNAVAILABLE: StrError(): Connection reset by peer
webRTC(6353)  E 10-07 07:00:30  6353  6402 vsock_connection.cpp:224] Failed to connect:UNAVAILABLE: StrError(): Connection reset by peer
webRTC(6353)  E 10-07 07:00:31  6353  6402 vsock_connection.cpp:224] Failed to connect:UNAVAILABLE: StrError(): Connection reset by peer
webRTC(6353)  E 10-07 07:00:32  6353  6402 vsock_connection.cpp:224] Failed to connect:UNAVAILABLE: StrError(): Connection reset by peer
webRTC(6353)  E 10-07 07:00:33  6353  6402 vsock_connection.cpp:224] Failed to connect:UNAVAILABLE: StrError(): Connection reset by peer
webRTC(6353)  E 10-07 07:00:34  6353  6402 vsock_connection.cpp:224] Failed to connect:UNAVAILABLE: StrError(): Connection reset by peer
webRTC(6353)  E 10-07 07:00:35  6353  6402 vsock_connection.cpp:224] Failed to connect:UNAVAILABLE: StrError(): Connection reset by peer
webRTC(6353)  E 10-07 07:00:36  6353  6402 vsock_connection.cpp:224] Failed to connect:UNAVAILABLE: StrError(): Connection reset by peer
webRTC(6353)  E 10-07 07:00:37  6353  6402 vsock_connection.cpp:224] Failed to connect:UNAVAILABLE: StrError(): Connection reset by peer
webRTC(6353)  E 10-07 07:00:38  6353  6402 vsock_connection.cpp:224] Failed to connect:UNAVAILABLE: StrError(): Connection reset by peer
modem_simulator(6333)  D 10-07 07:00:39  6333  6337 channel_monitor.cpp:149] No client connected yet.
webRTC(6353)  E 10-07 07:00:39  6353  6402 vsock_connection.cpp:224] Failed to connect:UNAVAILABLE: StrError(): Connection reset by peer
webRTC(6353)  E 10-07 07:00:40  6353  6402 vsock_connection.cpp:224] Failed to connect:UNAVAILABLE: StrError(): Connection reset by peer
webRTC(6353)  E 10-07 07:00:41  6353  6402 vsock_connection.cpp:224] Failed to connect:UNAVAILABLE: StrError(): Connection reset by peer
webRTC(6353)  E 10-07 07:00:42  6353  6402 vsock_connection.cpp:224] Failed to connect:UNAVAILABLE: StrError(): Connection reset by peer
webRTC(6353)  E 10-07 07:00:43  6353  6402 vsock_connection.cpp:224] Failed to connect:UNAVAILABLE: StrError(): Connection reset by peer
webRTC(6353)  E 10-07 07:00:44  6353  6402 vsock_connection.cpp:224] Failed to connect:UNAVAILABLE: StrError(): Connection reset by peer
webRTC(6353)  E 10-07 07:00:45  6353  6402 vsock_connection.cpp:224] Failed to connect:UNAVAILABLE: StrError(): Connection reset by peer
webRTC(6353)  E 10-07 07:00:46  6353  6402 vsock_connection.cpp:224] Failed to connect:UNAVAILABLE: StrError(): Connection reset by peer
webRTC(6353)  E 10-07 07:00:47  6353  6402 vsock_connection.cpp:224] Failed to connect:UNAVAILABLE: StrError(): Connection reset by peer
webRTC(6353)  E 10-07 07:00:48  6353  6402 vsock_connection.cpp:224] Failed to connect:UNAVAILABLE: StrError(): Connection reset by peer
modem_simulator(6333)  D 10-07 07:00:49  6333  6337 channel_monitor.cpp:149] No client connected yet.
webRTC(6353)  E 10-07 07:00:49  6353  6402 vsock_connection.cpp:224] Failed to connect:UNAVAILABLE: StrError(): Connection reset by peer
webRTC(6353)  E 10-07 07:00:50  6353  6402 vsock_connection.cpp:224] Failed to connect:UNAVAILABLE: StrError(): Connection reset by peer
webRTC(6353)  E 10-07 07:00:51  6353  6402 vsock_connection.cpp:224] Failed to connect:UNAVAILABLE: StrError(): Connection reset by peer
webRTC(6353)  E 10-07 07:00:52  6353  6402 vsock_connection.cpp:224] Failed to connect:UNAVAILABLE: StrError(): Connection reset by peer
webRTC(6353)  E 10-07 07:00:53  6353  6402 vsock_connection.cpp:224] Failed to connect:UNAVAILABLE: StrError(): Connection reset by peer
webRTC(6353)  E 10-07 07:00:54  6353  6402 vsock_connection.cpp:224] Failed to connect:UNAVAILABLE: StrError(): Connection reset by peer
webRTC(6353)  E 10-07 07:00:55  6353  6402 vsock_connection.cpp:224] Failed to connect:UNAVAILABLE: StrError(): Connection reset by peer
webRTC(6353)  E 10-07 07:00:56  6353  6402 vsock_connection.cpp:224] Failed to connect:UNAVAILABLE: StrError(): Connection reset by peer
webRTC(6353)  E 10-07 07:00:57  6353  6402 vsock_connection.cpp:224] Failed to connect:UNAVAILABLE: StrError(): Connection reset by peer
webRTC(6353)  E 10-07 07:00:58  6353  6402 vsock_connection.cpp:224] Failed to connect:UNAVAILABLE: StrError(): Connection reset by peer
modem_simulator(6333)  D 10-07 07:00:59  6333  6337 channel_monitor.cpp:149] No client connected yet.
webRTC(6353)  E 10-07 07:00:59  6353  6402 vsock_connection.cpp:224] Failed to connect:UNAVAILABLE: StrError(): Connection reset by peer
webRTC(6353)  E 10-07 07:01:00  6353  6402 vsock_connection.cpp:224] Failed to connect:UNAVAILABLE: StrError(): Connection reset by peer
webRTC(6353)  E 10-07 07:01:01  6353  6402 vsock_connection.cpp:224] Failed to connect:UNAVAILABLE: StrError(): Connection reset by peer
webRTC(6353)  E 10-07 07:01:02  6353  6402 vsock_connection.cpp:224] Failed to connect:UNAVAILABLE: StrError(): Connection reset by peer
webRTC(6353)  E 10-07 07:01:03  6353  6402 vsock_connection.cpp:224] Failed to connect:UNAVAILABLE: StrError(): Connection reset by peer
webRTC(6353)  E 10-07 07:01:04  6353  6402 vsock_connection.cpp:224] Failed to connect:UNAVAILABLE: StrError(): Connection reset by peer
webRTC(6353)  E 10-07 07:01:05  6353  6402 vsock_connection.cpp:224] Failed to connect:UNAVAILABLE: StrError(): Connection reset by peer
webRTC(6353)  E 10-07 07:01:06  6353  6402 vsock_connection.cpp:224] Failed to connect:UNAVAILABLE: StrError(): Connection reset by peer
webRTC(6353)  E 10-07 07:01:07  6353  6402 vsock_connection.cpp:224] Failed to connect:UNAVAILABLE: StrError(): Connection reset by peer
webRTC(6353)  E 10-07 07:01:08  6353  6402 vsock_connection.cpp:224] Failed to connect:UNAVAILABLE: StrError(): Connection reset by peer
modem_simulator(6333)  D 10-07 07:01:09  6333  6337 channel_monitor.cpp:149] No client connected yet.
webRTC(6353)  E 10-07 07:01:09  6353  6402 vsock_connection.cpp:224] Failed to connect:UNAVAILABLE: StrError(): Connection reset by peer
webRTC(6353)  E 10-07 07:01:10  6353  6402 vsock_connection.cpp:224] Failed to connect:UNAVAILABLE: StrError(): Connection reset by peer
webRTC(6353)  E 10-07 07:01:11  6353  6402 vsock_connection.cpp:224] Failed to connect:UNAVAILABLE: StrError(): Connection reset by peer
webRTC(6353)  E 10-07 07:01:12  6353  6402 vsock_connection.cpp:224] Failed to connect:UNAVAILABLE: StrError(): Connection reset by peer
webRTC(6353)  E 10-07 07:01:13  6353  6402 vsock_connection.cpp:224] Failed to connect:UNAVAILABLE: StrError(): Connection reset by peer
webRTC(6353)  E 10-07 07:01:14  6353  6402 vsock_connection.cpp:224] Failed to connect:UNAVAILABLE: StrError(): Connection reset by peer
webRTC(6353)  E 10-07 07:01:15  6353  6402 vsock_connection.cpp:224] Failed to connect:UNAVAILABLE: StrError(): Connection reset by peer
webRTC(6353)  E 10-07 07:01:16  6353  6402 vsock_connection.cpp:224] Failed to connect:UNAVAILABLE: StrError(): Connection reset by peer
webRTC(6353)  E 10-07 07:01:17  6353  6402 vsock_connection.cpp:224] Failed to connect:UNAVAILABLE: StrError(): Connection reset by peer
webRTC(6353)  E 10-07 07:01:18  6353  6402 vsock_connection.cpp:224] Failed to connect:UNAVAILABLE: StrError(): Connection reset by peer
modem_simulator(6333)  D 10-07 07:01:19  6333  6337 channel_monitor.cpp:149] No client connected yet.
webRTC(6353)  E 10-07 07:01:19  6353  6402 vsock_connection.cpp:224] Failed to connect:UNAVAILABLE: StrError(): Connection reset by peer
webRTC(6353)  E 10-07 07:01:20  6353  6402 vsock_connection.cpp:224] Failed to connect:UNAVAILABLE: StrError(): Connection reset by peer
webRTC(6353)  E 10-07 07:01:21  6353  6402 vsock_connection.cpp:224] Failed to connect:UNAVAILABLE: StrError(): Connection reset by peer
webRTC(6353)  E 10-07 07:01:22  6353  6402 vsock_connection.cpp:224] Failed to connect:UNAVAILABLE: StrError(): Connection reset by peer
webRTC(6353)  E 10-07 07:01:23  6353  6402 vsock_connection.cpp:224] Failed to connect:UNAVAILABLE: StrError(): Connection reset by peer
webRTC(6353)  E 10-07 07:01:24  6353  6402 vsock_connection.cpp:224] Failed to connect:UNAVAILABLE: StrError(): Connection reset by peer
webRTC(6353)  E 10-07 07:01:25  6353  6402 vsock_connection.cpp:224] Failed to connect:UNAVAILABLE: StrError(): Connection reset by peer
webRTC(6353)  E 10-07 07:01:26  6353  6402 vsock_connection.cpp:224] Failed to connect:UNAVAILABLE: StrError(): Connection reset by peer
webRTC(6353)  E 10-07 07:01:27  6353  6402 vsock_connection.cpp:224] Failed to connect:UNAVAILABLE: StrError(): Connection reset by peer
webRTC(6353)  E 10-07 07:01:28  6353  6402 vsock_connection.cpp:224] Failed to connect:UNAVAILABLE: StrError(): Connection reset by peer
modem_simulator(6333)  D 10-07 07:01:29  6333  6337 channel_monitor.cpp:149] No client connected yet.
webRTC(6353)  E 10-07 07:01:29  6353  6402 vsock_connection.cpp:224] Failed to connect:UNAVAILABLE: StrError(): Connection reset by peer
webRTC(6353)  E 10-07 07:01:30  6353  6402 vsock_connection.cpp:224] Failed to connect:UNAVAILABLE: StrError(): Connection reset by peer
webRTC(6353)  E 10-07 07:01:31  6353  6402 vsock_connection.cpp:224] Failed to connect:UNAVAILABLE: StrError(): Connection reset by peer
webRTC(6353)  E 10-07 07:01:32  6353  6402 vsock_connection.cpp:224] Failed to connect:UNAVAILABLE: StrError(): Connection reset by peer
webRTC(6353)  E 10-07 07:01:33  6353  6402 vsock_connection.cpp:224] Failed to connect:UNAVAILABLE: StrError(): Connection reset by peer
webRTC(6353)  E 10-07 07:01:34  6353  6402 vsock_connection.cpp:224] Failed to connect:UNAVAILABLE: StrError(): Connection reset by peer
webRTC(6353)  E 10-07 07:01:35  6353  6402 vsock_connection.cpp:224] Failed to connect:UNAVAILABLE: StrError(): Connection reset by peer
webRTC(6353)  E 10-07 07:01:36  6353  6402 vsock_connection.cpp:224] Failed to connect:UNAVAILABLE: StrError(): Connection reset by peer
webRTC(6353)  E 10-07 07:01:37  6353  6402 vsock_connection.cpp:224] Failed to connect:UNAVAILABLE: StrError(): Connection reset by peer
webRTC(6353)  E 10-07 07:01:38  6353  6402 vsock_connection.cpp:224] Failed to connect:UNAVAILABLE: StrError(): Connection reset by peer
modem_simulator(6333)  D 10-07 07:01:39  6333  6337 channel_monitor.cpp:149] No client connected yet.
webRTC(6353)  E 10-07 07:01:39  6353  6402 vsock_connection.cpp:224] Failed to connect:UNAVAILABLE: StrError(): Connection reset by peer
webRTC(6353)  E 10-07 07:01:40  6353  6402 vsock_connection.cpp:224] Failed to connect:UNAVAILABLE: StrError(): Connection reset by peer
webRTC(6353)  E 10-07 07:01:41  6353  6402 vsock_connection.cpp:224] Failed to connect:UNAVAILABLE: StrError(): Connection reset by peer
webRTC(6353)  E 10-07 07:01:42  6353  6402 vsock_connection.cpp:224] Failed to connect:UNAVAILABLE: StrError(): Connection reset by peer
webRTC(6353)  E 10-07 07:01:43  6353  6402 vsock_connection.cpp:224] Failed to connect:UNAVAILABLE: StrError(): Connection reset by peer
webRTC(6353)  E 10-07 07:01:44  6353  6402 vsock_connection.cpp:224] Failed to connect:UNAVAILABLE: StrError(): Connection reset by peer
webRTC(6353)  E 10-07 07:01:45  6353  6402 vsock_connection.cpp:224] Failed to connect:UNAVAILABLE: StrError(): Connection reset by peer
webRTC(6353)  E 10-07 07:01:46  6353  6402 vsock_connection.cpp:224] Failed to connect:UNAVAILABLE: StrError(): Connection reset by peer
webRTC(6353)  E 10-07 07:01:47  6353  6402 vsock_connection.cpp:224] Failed to connect:UNAVAILABLE: StrError(): Connection reset by peer
webRTC(6353)  E 10-07 07:01:48  6353  6402 vsock_connection.cpp:224] Failed to connect:UNAVAILABLE: StrError(): Connection reset by peer
modem_simulator(6333)  D 10-07 07:01:49  6333  6337 channel_monitor.cpp:149] No client connected yet.
webRTC(6353)  E 10-07 07:01:49  6353  6402 vsock_connection.cpp:224] Failed to connect:UNAVAILABLE: StrError(): Connection reset by peer
webRTC(6353)  E 10-07 07:01:50  6353  6402 vsock_connection.cpp:224] Failed to connect:UNAVAILABLE: StrError(): Connection reset by peer
webRTC(6353)  E 10-07 07:01:51  6353  6402 vsock_connection.cpp:224] Failed to connect:UNAVAILABLE: StrError(): Connection reset by peer
webRTC(6353)  E 10-07 07:01:52  6353  6402 vsock_connection.cpp:224] Failed to connect:UNAVAILABLE: StrError(): Connection reset by peer
webRTC(6353)  E 10-07 07:01:53  6353  6402 vsock_connection.cpp:224] Failed to connect:UNAVAILABLE: StrError(): Connection reset by peer
webRTC(6353)  E 10-07 07:01:54  6353  6402 vsock_connection.cpp:224] Failed to connect:UNAVAILABLE: StrError(): Connection reset by peer
webRTC(6353)  E 10-07 07:01:55  6353  6402 vsock_connection.cpp:224] Failed to connect:UNAVAILABLE: StrError(): Connection reset by peer
webRTC(6353)  E 10-07 07:01:56  6353  6402 vsock_connection.cpp:224] Failed to connect:UNAVAILABLE: StrError(): Connection reset by peer
webRTC(6353)  E 10-07 07:01:57  6353  6402 vsock_connection.cpp:224] Failed to connect:UNAVAILABLE: StrError(): Connection reset by peer
webRTC(6353)  E 10-07 07:01:58  6353  6402 vsock_connection.cpp:224] Failed to connect:UNAVAILABLE: StrError(): Connection reset by peer
modem_simulator(6333)  D 10-07 07:01:59  6333  6337 channel_monitor.cpp:149] No client connected yet.
webRTC(6353)  E 10-07 07:01:59  6353  6402 vsock_connection.cpp:224] Failed to connect:UNAVAILABLE: StrError(): Connection reset by peer
webRTC(6353)  E 10-07 07:02:00  6353  6402 vsock_connection.cpp:224] Failed to connect:UNAVAILABLE: StrError(): Connection reset by peer
webRTC(6353)  E 10-07 07:02:01  6353  6402 vsock_connection.cpp:224] Failed to connect:UNAVAILABLE: StrError(): Connection reset by peer
webRTC(6353)  E 10-07 07:02:02  6353  6402 vsock_connection.cpp:224] Failed to connect:UNAVAILABLE: StrError(): Connection reset by peer
webRTC(6353)  E 10-07 07:02:03  6353  6402 vsock_connection.cpp:224] Failed to connect:UNAVAILABLE: StrError(): Connection reset by peer
webRTC(6353)  E 10-07 07:02:04  6353  6402 vsock_connection.cpp:224] Failed to connect:UNAVAILABLE: StrError(): Connection reset by peer
webRTC(6353)  E 10-07 07:02:05  6353  6402 vsock_connection.cpp:224] Failed to connect:UNAVAILABLE: StrError(): Connection reset by peer
webRTC(6353)  E 10-07 07:02:06  6353  6402 vsock_connection.cpp:224] Failed to connect:UNAVAILABLE: StrError(): Connection reset by peer
webRTC(6353)  E 10-07 07:02:07  6353  6402 vsock_connection.cpp:224] Failed to connect:UNAVAILABLE: StrError(): Connection reset by peer
webRTC(6353)  E 10-07 07:02:08  6353  6402 vsock_connection.cpp:224] Failed to connect:UNAVAILABLE: StrError(): Connection reset by peer
modem_simulator(6333)  D 10-07 07:02:09  6333  6337 channel_monitor.cpp:149] No client connected yet.
webRTC(6353)  E 10-07 07:02:09  6353  6402 vsock_connection.cpp:224] Failed to connect:UNAVAILABLE: StrError(): Connection reset by peer
webRTC(6353)  E 10-07 07:02:10  6353  6402 vsock_connection.cpp:224] Failed to connect:UNAVAILABLE: StrError(): Connection reset by peer
webRTC(6353)  E 10-07 07:02:11  6353  6402 vsock_connection.cpp:224] Failed to connect:UNAVAILABLE: StrError(): Connection reset by peer
webRTC(6353)  E 10-07 07:02:12  6353  6402 vsock_connection.cpp:224] Failed to connect:UNAVAILABLE: StrError(): Connection reset by peer
webRTC(6353)  E 10-07 07:02:13  6353  6402 vsock_connection.cpp:224] Failed to connect:UNAVAILABLE: StrError(): Connection reset by peer
webRTC(6353)  E 10-07 07:02:14  6353  6402 vsock_connection.cpp:224] Failed to connect:UNAVAILABLE: StrError(): Connection reset by peer
webRTC(6353)  E 10-07 07:02:15  6353  6402 vsock_connection.cpp:224] Failed to connect:UNAVAILABLE: StrError(): Connection reset by peer
webRTC(6353)  E 10-07 07:02:16  6353  6402 vsock_connection.cpp:224] Failed to connect:UNAVAILABLE: StrError(): Connection reset by peer
webRTC(6353)  E 10-07 07:02:17  6353  6402 vsock_connection.cpp:224] Failed to connect:UNAVAILABLE: StrError(): Connection reset by peer
webRTC(6353)  E 10-07 07:02:18  6353  6402 vsock_connection.cpp:224] Failed to connect:UNAVAILABLE: StrError(): Connection reset by peer
modem_simulator(6333)  D 10-07 07:02:19  6333  6337 channel_monitor.cpp:149] No client connected yet.
webRTC(6353)  E 10-07 07:02:19  6353  6402 vsock_connection.cpp:224] Failed to connect:UNAVAILABLE: StrError(): Connection reset by peer
webRTC(6353)  E 10-07 07:02:20  6353  6402 vsock_connection.cpp:224] Failed to connect:UNAVAILABLE: StrError(): Connection reset by peer
webRTC(6353)  E 10-07 07:02:21  6353  6402 vsock_connection.cpp:224] Failed to connect:UNAVAILABLE: StrError(): Connection reset by peer
webRTC(6353)  E 10-07 07:02:22  6353  6402 vsock_connection.cpp:224] Failed to connect:UNAVAILABLE: StrError(): Connection reset by peer
webRTC(6353)  E 10-07 07:02:23  6353  6402 vsock_connection.cpp:224] Failed to connect:UNAVAILABLE: StrError(): Connection reset by peer
webRTC(6353)  E 10-07 07:02:24  6353  6402 vsock_connection.cpp:224] Failed to connect:UNAVAILABLE: StrError(): Connection reset by peer
webRTC(6353)  E 10-07 07:02:25  6353  6402 vsock_connection.cpp:224] Failed to connect:UNAVAILABLE: StrError(): Connection reset by peer
webRTC(6353)  E 10-07 07:02:26  6353  6402 vsock_connection.cpp:224] Failed to connect:UNAVAILABLE: StrError(): Connection reset by peer
webRTC(6353)  E 10-07 07:02:27  6353  6402 vsock_connection.cpp:224] Failed to connect:UNAVAILABLE: StrError(): Connection reset by peer
webRTC(6353)  E 10-07 07:02:28  6353  6402 vsock_connection.cpp:224] Failed to connect:UNAVAILABLE: StrError(): Connection reset by peer
modem_simulator(6333)  D 10-07 07:02:29  6333  6337 channel_monitor.cpp:149] No client connected yet.
webRTC(6353)  E 10-07 07:02:29  6353  6402 vsock_connection.cpp:224] Failed to connect:UNAVAILABLE: StrError(): Connection reset by peer
webRTC(6353)  E 10-07 07:02:30  6353  6402 vsock_connection.cpp:224] Failed to connect:UNAVAILABLE: StrError(): Connection reset by peer
webRTC(6353)  E 10-07 07:02:32  6353  6402 vsock_connection.cpp:224] Failed to connect:UNAVAILABLE: StrError(): Connection reset by peer
webRTC(6353)  E 10-07 07:02:33  6353  6402 vsock_connection.cpp:224] Failed to connect:UNAVAILABLE: StrError(): Connection reset by peer
webRTC(6353)  E 10-07 07:02:34  6353  6402 vsock_connection.cpp:224] Failed to connect:UNAVAILABLE: StrError(): Connection reset by peer
webRTC(6353)  E 10-07 07:02:35  6353  6402 vsock_connection.cpp:224] Failed to connect:UNAVAILABLE: StrError(): Connection reset by peer
webRTC(6353)  E 10-07 07:02:36  6353  6402 vsock_connection.cpp:224] Failed to connect:UNAVAILABLE: StrError(): Connection reset by peer
webRTC(6353)  E 10-07 07:02:37  6353  6402 vsock_connection.cpp:224] Failed to connect:UNAVAILABLE: StrError(): Connection reset by peer
webRTC(6353)  E 10-07 07:02:38  6353  6402 vsock_connection.cpp:224] Failed to connect:UNAVAILABLE: StrError(): Connection reset by peer
webRTC(6353)  E 10-07 07:02:39  6353  6402 vsock_connection.cpp:224] Failed to connect:UNAVAILABLE: StrError(): Connection reset by peer
modem_simulator(6333)  D 10-07 07:02:39  6333  6337 channel_monitor.cpp:149] No client connected yet.
webRTC(6353)  E 10-07 07:02:40  6353  6402 vsock_connection.cpp:224] Failed to connect:UNAVAILABLE: StrError(): Connection reset by peer
webRTC(6353)  E 10-07 07:02:41  6353  6402 vsock_connection.cpp:224] Failed to connect:UNAVAILABLE: StrError(): Connection reset by peer
webRTC(6353)  E 10-07 07:02:42  6353  6402 vsock_connection.cpp:224] Failed to connect:UNAVAILABLE: StrError(): Connection reset by peer
webRTC(6353)  E 10-07 07:02:43  6353  6402 vsock_connection.cpp:224] Failed to connect:UNAVAILABLE: StrError(): Connection reset by peer
webRTC(6353)  E 10-07 07:02:44  6353  6402 vsock_connection.cpp:224] Failed to connect:UNAVAILABLE: StrError(): Connection reset by peer
webRTC(6353)  E 10-07 07:02:45  6353  6402 vsock_connection.cpp:224] Failed to connect:UNAVAILABLE: StrError(): Connection reset by peer
webRTC(6353)  E 10-07 07:02:46  6353  6402 vsock_connection.cpp:224] Failed to connect:UNAVAILABLE: StrError(): Connection reset by peer
webRTC(6353)  E 10-07 07:02:47  6353  6402 vsock_connection.cpp:224] Failed to connect:UNAVAILABLE: StrError(): Connection reset by peer
webRTC(6353)  E 10-07 07:02:48  6353  6402 vsock_connection.cpp:224] Failed to connect:UNAVAILABLE: StrError(): Connection reset by peer
webRTC(6353)  E 10-07 07:02:49  6353  6402 vsock_connection.cpp:224] Failed to connect:UNAVAILABLE: StrError(): Connection reset by peer
modem_simulator(6333)  D 10-07 07:02:49  6333  6337 channel_monitor.cpp:149] No client connected yet.
webRTC(6353)  E 10-07 07:02:50  6353  6402 vsock_connection.cpp:224] Failed to connect:UNAVAILABLE: StrError(): Connection reset by peer
webRTC(6353)  E 10-07 07:02:51  6353  6402 vsock_connection.cpp:224] Failed to connect:UNAVAILABLE: StrError(): Connection reset by peer
webRTC(6353)  E 10-07 07:02:52  6353  6402 vsock_connection.cpp:224] Failed to connect:UNAVAILABLE: StrError(): Connection reset by peer
webRTC(6353)  E 10-07 07:02:53  6353  6402 vsock_connection.cpp:224] Failed to connect:UNAVAILABLE: StrError(): Connection reset by peer
webRTC(6353)  E 10-07 07:02:54  6353  6402 vsock_connection.cpp:224] Failed to connect:UNAVAILABLE: StrError(): Connection reset by peer
webRTC(6353)  E 10-07 07:02:55  6353  6402 vsock_connection.cpp:224] Failed to connect:UNAVAILABLE: StrError(): Connection reset by peer
webRTC(6353)  E 10-07 07:02:56  6353  6402 vsock_connection.cpp:224] Failed to connect:UNAVAILABLE: StrError(): Connection reset by peer
webRTC(6353)  E 10-07 07:02:57  6353  6402 vsock_connection.cpp:224] Failed to connect:UNAVAILABLE: StrError(): Connection reset by peer
webRTC(6353)  E 10-07 07:02:58  6353  6402 vsock_connection.cpp:224] Failed to connect:UNAVAILABLE: StrError(): Connection reset by peer
webRTC(6353)  E 10-07 07:02:59  6353  6402 vsock_connection.cpp:224] Failed to connect:UNAVAILABLE: StrError(): Connection reset by peer
modem_simulator(6333)  D 10-07 07:02:59  6333  6337 channel_monitor.cpp:149] No client connected yet.
webRTC(6353)  E 10-07 07:03:00  6353  6402 vsock_connection.cpp:224] Failed to connect:UNAVAILABLE: StrError(): Connection reset by peer
webRTC(6353)  E 10-07 07:03:01  6353  6402 vsock_connection.cpp:224] Failed to connect:UNAVAILABLE: StrError(): Connection reset by peer
webRTC(6353)  E 10-07 07:03:02  6353  6402 vsock_connection.cpp:224] Failed to connect:UNAVAILABLE: StrError(): Connection reset by peer
webRTC(6353)  E 10-07 07:03:03  6353  6402 vsock_connection.cpp:224] Failed to connect:UNAVAILABLE: StrError(): Connection reset by peer
webRTC(6353)  E 10-07 07:03:04  6353  6402 vsock_connection.cpp:224] Failed to connect:UNAVAILABLE: StrError(): Connection reset by peer
webRTC(6353)  E 10-07 07:03:05  6353  6402 vsock_connection.cpp:224] Failed to connect:UNAVAILABLE: StrError(): Connection reset by peer
webRTC(6353)  E 10-07 07:03:06  6353  6402 vsock_connection.cpp:224] Failed to connect:UNAVAILABLE: StrError(): Connection reset by peer
webRTC(6353)  E 10-07 07:03:07  6353  6402 vsock_connection.cpp:224] Failed to connect:UNAVAILABLE: StrError(): Connection reset by peer
webRTC(6353)  E 10-07 07:03:08  6353  6402 vsock_connection.cpp:224] Failed to connect:UNAVAILABLE: StrError(): Connection reset by peer
webRTC(6353)  E 10-07 07:03:09  6353  6402 vsock_connection.cpp:224] Failed to connect:UNAVAILABLE: StrError(): Connection reset by peer
modem_simulator(6333)  D 10-07 07:03:09  6333  6337 channel_monitor.cpp:149] No client connected yet.
webRTC(6353)  E 10-07 07:03:10  6353  6402 vsock_connection.cpp:224] Failed to connect:UNAVAILABLE: StrError(): Connection reset by peer
webRTC(6353)  E 10-07 07:03:11  6353  6402 vsock_connection.cpp:224] Failed to connect:UNAVAILABLE: StrError(): Connection reset by peer
webRTC(6353)  E 10-07 07:03:12  6353  6402 vsock_connection.cpp:224] Failed to connect:UNAVAILABLE: StrError(): Connection reset by peer
webRTC(6353)  E 10-07 07:03:13  6353  6402 vsock_connection.cpp:224] Failed to connect:UNAVAILABLE: StrError(): Connection reset by peer
webRTC(6353)  E 10-07 07:03:14  6353  6402 vsock_connection.cpp:224] Failed to connect:UNAVAILABLE: StrError(): Connection reset by peer
webRTC(6353)  E 10-07 07:03:15  6353  6402 vsock_connection.cpp:224] Failed to connect:UNAVAILABLE: StrError(): Connection reset by peer
webRTC(6353)  E 10-07 07:03:16  6353  6402 vsock_connection.cpp:224] Failed to connect:UNAVAILABLE: StrError(): Connection reset by peer
webRTC(6353)  E 10-07 07:03:17  6353  6402 vsock_connection.cpp:224] Failed to connect:UNAVAILABLE: StrError(): Connection reset by peer
webRTC(6353)  E 10-07 07:03:18  6353  6402 vsock_connection.cpp:224] Failed to connect:UNAVAILABLE: StrError(): Connection reset by peer
webRTC(6353)  E 10-07 07:03:19  6353  6402 vsock_connection.cpp:224] Failed to connect:UNAVAILABLE: StrError(): Connection reset by peer
modem_simulator(6333)  D 10-07 07:03:19  6333  6337 channel_monitor.cpp:149] No client connected yet.
webRTC(6353)  E 10-07 07:03:20  6353  6402 vsock_connection.cpp:224] Failed to connect:UNAVAILABLE: StrError(): Connection reset by peer
webRTC(6353)  E 10-07 07:03:21  6353  6402 vsock_connection.cpp:224] Failed to connect:UNAVAILABLE: StrError(): Connection reset by peer
webRTC(6353)  E 10-07 07:03:22  6353  6402 vsock_connection.cpp:224] Failed to connect:UNAVAILABLE: StrError(): Connection reset by peer
webRTC(6353)  E 10-07 07:03:23  6353  6402 vsock_connection.cpp:224] Failed to connect:UNAVAILABLE: StrError(): Connection reset by peer
webRTC(6353)  E 10-07 07:03:24  6353  6402 vsock_connection.cpp:224] Failed to connect:UNAVAILABLE: StrError(): Connection reset by peer
webRTC(6353)  E 10-07 07:03:25  6353  6402 vsock_connection.cpp:224] Failed to connect:UNAVAILABLE: StrError(): Connection reset by peer
webRTC(6353)  E 10-07 07:03:26  6353  6402 vsock_connection.cpp:224] Failed to connect:UNAVAILABLE: StrError(): Connection reset by peer
webRTC(6353)  E 10-07 07:03:27  6353  6402 vsock_connection.cpp:224] Failed to connect:UNAVAILABLE: StrError(): Connection reset by peer
webRTC(6353)  E 10-07 07:03:28  6353  6402 vsock_connection.cpp:224] Failed to connect:UNAVAILABLE: StrError(): Connection reset by peer
webRTC(6353)  E 10-07 07:03:29  6353  6402 vsock_connection.cpp:224] Failed to connect:UNAVAILABLE: StrError(): Connection reset by peer
modem_simulator(6333)  D 10-07 07:03:29  6333  6337 channel_monitor.cpp:149] No client connected yet.
webRTC(6353)  E 10-07 07:03:30  6353  6402 vsock_connection.cpp:224] Failed to connect:UNAVAILABLE: StrError(): Connection reset by peer
webRTC(6353)  E 10-07 07:03:31  6353  6402 vsock_connection.cpp:224] Failed to connect:UNAVAILABLE: StrError(): Connection reset by peer
webRTC(6353)  E 10-07 07:03:32  6353  6402 vsock_connection.cpp:224] Failed to connect:UNAVAILABLE: StrError(): Connection reset by peer
webRTC(6353)  E 10-07 07:03:33  6353  6402 vsock_connection.cpp:224] Failed to connect:UNAVAILABLE: StrError(): Connection reset by peer
webRTC(6353)  E 10-07 07:03:34  6353  6402 vsock_connection.cpp:224] Failed to connect:UNAVAILABLE: StrError(): Connection reset by peer
webRTC(6353)  E 10-07 07:03:35  6353  6402 vsock_connection.cpp:224] Failed to connect:UNAVAILABLE: StrError(): Connection reset by peer
webRTC(6353)  E 10-07 07:03:36  6353  6402 vsock_connection.cpp:224] Failed to connect:UNAVAILABLE: StrError(): Connection reset by peer
webRTC(6353)  E 10-07 07:03:37  6353  6402 vsock_connection.cpp:224] Failed to connect:UNAVAILABLE: StrError(): Connection reset by peer
webRTC(6353)  E 10-07 07:03:38  6353  6402 vsock_connection.cpp:224] Failed to connect:UNAVAILABLE: StrError(): Connection reset by peer
webRTC(6353)  E 10-07 07:03:39  6353  6402 vsock_connection.cpp:224] Failed to connect:UNAVAILABLE: StrError(): Connection reset by peer
modem_simulator(6333)  D 10-07 07:03:39  6333  6337 channel_monitor.cpp:149] No client connected yet.
webRTC(6353)  E 10-07 07:03:40  6353  6402 vsock_connection.cpp:224] Failed to connect:UNAVAILABLE: StrError(): Connection reset by peer
webRTC(6353)  E 10-07 07:03:41  6353  6402 vsock_connection.cpp:224] Failed to connect:UNAVAILABLE: StrError(): Connection reset by peer
webRTC(6353)  E 10-07 07:03:42  6353  6402 vsock_connection.cpp:224] Failed to connect:UNAVAILABLE: StrError(): Connection reset by peer
webRTC(6353)  E 10-07 07:03:43  6353  6402 vsock_connection.cpp:224] Failed to connect:UNAVAILABLE: StrError(): Connection reset by peer
webRTC(6353)  E 10-07 07:03:44  6353  6402 vsock_connection.cpp:224] Failed to connect:UNAVAILABLE: StrError(): Connection reset by peer
webRTC(6353)  E 10-07 07:03:45  6353  6402 vsock_connection.cpp:224] Failed to connect:UNAVAILABLE: StrError(): Connection reset by peer
webRTC(6353)  E 10-07 07:03:46  6353  6402 vsock_connection.cpp:224] Failed to connect:UNAVAILABLE: StrError(): Connection reset by peer
webRTC(6353)  E 10-07 07:03:47  6353  6402 vsock_connection.cpp:224] Failed to connect:UNAVAILABLE: StrError(): Connection reset by peer
webRTC(6353)  E 10-07 07:03:48  6353  6402 vsock_connection.cpp:224] Failed to connect:UNAVAILABLE: StrError(): Connection reset by peer
webRTC(6353)  E 10-07 07:03:49  6353  6402 vsock_connection.cpp:224] Failed to connect:UNAVAILABLE: StrError(): Connection reset by peer
modem_simulator(6333)  D 10-07 07:03:49  6333  6337 channel_monitor.cpp:149] No client connected yet.
webRTC(6353)  E 10-07 07:03:50  6353  6402 vsock_connection.cpp:224] Failed to connect:UNAVAILABLE: StrError(): Connection reset by peer
webRTC(6353)  E 10-07 07:03:51  6353  6402 vsock_connection.cpp:224] Failed to connect:UNAVAILABLE: StrError(): Connection reset by peer
webRTC(6353)  E 10-07 07:03:52  6353  6402 vsock_connection.cpp:224] Failed to connect:UNAVAILABLE: StrError(): Connection reset by peer
webRTC(6353)  E 10-07 07:03:53  6353  6402 vsock_connection.cpp:224] Failed to connect:UNAVAILABLE: StrError(): Connection reset by peer
webRTC(6353)  E 10-07 07:03:54  6353  6402 vsock_connection.cpp:224] Failed to connect:UNAVAILABLE: StrError(): Connection reset by peer
webRTC(6353)  E 10-07 07:03:55  6353  6402 vsock_connection.cpp:224] Failed to connect:UNAVAILABLE: StrError(): Connection reset by peer
webRTC(6353)  E 10-07 07:03:56  6353  6402 vsock_connection.cpp:224] Failed to connect:UNAVAILABLE: StrError(): Connection reset by peer
webRTC(6353)  E 10-07 07:03:57  6353  6402 vsock_connection.cpp:224] Failed to connect:UNAVAILABLE: StrError(): Connection reset by peer
webRTC(6353)  E 10-07 07:03:58  6353  6402 vsock_connection.cpp:224] Failed to connect:UNAVAILABLE: StrError(): Connection reset by peer
webRTC(6353)  E 10-07 07:03:59  6353  6402 vsock_connection.cpp:224] Failed to connect:UNAVAILABLE: StrError(): Connection reset by peer
modem_simulator(6333)  D 10-07 07:03:59  6333  6337 channel_monitor.cpp:149] No client connected yet.
webRTC(6353)  E 10-07 07:04:00  6353  6402 vsock_connection.cpp:224] Failed to connect:UNAVAILABLE: StrError(): Connection reset by peer
webRTC(6353)  E 10-07 07:04:01  6353  6402 vsock_connection.cpp:224] Failed to connect:UNAVAILABLE: StrError(): Connection reset by peer
webRTC(6353)  E 10-07 07:04:02  6353  6402 vsock_connection.cpp:224] Failed to connect:UNAVAILABLE: StrError(): Connection reset by peer
webRTC(6353)  E 10-07 07:04:03  6353  6402 vsock_connection.cpp:224] Failed to connect:UNAVAILABLE: StrError(): Connection reset by peer
webRTC(6353)  E 10-07 07:04:04  6353  6402 vsock_connection.cpp:224] Failed to connect:UNAVAILABLE: StrError(): Connection reset by peer
webRTC(6353)  E 10-07 07:04:05  6353  6402 vsock_connection.cpp:224] Failed to connect:UNAVAILABLE: StrError(): Connection reset by peer
webRTC(6353)  E 10-07 07:04:06  6353  6402 vsock_connection.cpp:224] Failed to connect:UNAVAILABLE: StrError(): Connection reset by peer
webRTC(6353)  E 10-07 07:04:07  6353  6402 vsock_connection.cpp:224] Failed to connect:UNAVAILABLE: StrError(): Connection reset by peer
webRTC(6353)  E 10-07 07:04:08  6353  6402 vsock_connection.cpp:224] Failed to connect:UNAVAILABLE: StrError(): Connection reset by peer
webRTC(6353)  E 10-07 07:04:09  6353  6402 vsock_connection.cpp:224] Failed to connect:UNAVAILABLE: StrError(): Connection reset by peer
modem_simulator(6333)  D 10-07 07:04:09  6333  6337 channel_monitor.cpp:149] No client connected yet.
webRTC(6353)  E 10-07 07:04:10  6353  6402 vsock_connection.cpp:224] Failed to connect:UNAVAILABLE: StrError(): Connection reset by peer
webRTC(6353)  E 10-07 07:04:11  6353  6402 vsock_connection.cpp:224] Failed to connect:UNAVAILABLE: StrError(): Connection reset by peer
webRTC(6353)  E 10-07 07:04:12  6353  6402 vsock_connection.cpp:224] Failed to connect:UNAVAILABLE: StrError(): Connection reset by peer
webRTC(6353)  E 10-07 07:04:13  6353  6402 vsock_connection.cpp:224] Failed to connect:UNAVAILABLE: StrError(): Connection reset by peer
webRTC(6353)  E 10-07 07:04:14  6353  6402 vsock_connection.cpp:224] Failed to connect:UNAVAILABLE: StrError(): Connection reset by peer
webRTC(6353)  E 10-07 07:04:15  6353  6402 vsock_connection.cpp:224] Failed to connect:UNAVAILABLE: StrError(): Connection reset by peer
webRTC(6353)  E 10-07 07:04:16  6353  6402 vsock_connection.cpp:224] Failed to connect:UNAVAILABLE: StrError(): Connection reset by peer
webRTC(6353)  E 10-07 07:04:17  6353  6402 vsock_connection.cpp:224] Failed to connect:UNAVAILABLE: StrError(): Connection reset by peer
webRTC(6353)  E 10-07 07:04:18  6353  6402 vsock_connection.cpp:224] Failed to connect:UNAVAILABLE: StrError(): Connection reset by peer
webRTC(6353)  E 10-07 07:04:19  6353  6402 vsock_connection.cpp:224] Failed to connect:UNAVAILABLE: StrError(): Connection reset by peer
modem_simulator(6333)  D 10-07 07:04:19  6333  6337 channel_monitor.cpp:149] No client connected yet.
webRTC(6353)  E 10-07 07:04:20  6353  6402 vsock_connection.cpp:224] Failed to connect:UNAVAILABLE: StrError(): Connection reset by peer
webRTC(6353)  E 10-07 07:04:21  6353  6402 vsock_connection.cpp:224] Failed to connect:UNAVAILABLE: StrError(): Connection reset by peer
webRTC(6353)  E 10-07 07:04:22  6353  6402 vsock_connection.cpp:224] Failed to connect:UNAVAILABLE: StrError(): Connection reset by peer
webRTC(6353)  E 10-07 07:04:23  6353  6402 vsock_connection.cpp:224] Failed to connect:UNAVAILABLE: StrError(): Connection reset by peer
webRTC(6353)  E 10-07 07:04:24  6353  6402 vsock_connection.cpp:224] Failed to connect:UNAVAILABLE: StrError(): Connection reset by peer
webRTC(6353)  E 10-07 07:04:25  6353  6402 vsock_connection.cpp:224] Failed to connect:UNAVAILABLE: StrError(): Connection reset by peer
webRTC(6353)  E 10-07 07:04:26  6353  6402 vsock_connection.cpp:224] Failed to connect:UNAVAILABLE: StrError(): Connection reset by peer
webRTC(6353)  E 10-07 07:04:27  6353  6402 vsock_connection.cpp:224] Failed to connect:UNAVAILABLE: StrError(): Connection reset by peer
webRTC(6353)  E 10-07 07:04:28  6353  6402 vsock_connection.cpp:224] Failed to connect:UNAVAILABLE: StrError(): Connection reset by peer
webRTC(6353)  E 10-07 07:04:29  6353  6402 vsock_connection.cpp:224] Failed to connect:UNAVAILABLE: StrError(): Connection reset by peer
modem_simulator(6333)  D 10-07 07:04:29  6333  6337 channel_monitor.cpp:149] No client connected yet.
webRTC(6353)  E 10-07 07:04:30  6353  6402 vsock_connection.cpp:224] Failed to connect:UNAVAILABLE: StrError(): Connection reset by peer
webRTC(6353)  E 10-07 07:04:31  6353  6402 vsock_connection.cpp:224] Failed to connect:UNAVAILABLE: StrError(): Connection reset by peer
webRTC(6353)  E 10-07 07:04:32  6353  6402 vsock_connection.cpp:224] Failed to connect:UNAVAILABLE: StrError(): Connection reset by peer
webRTC(6353)  E 10-07 07:04:33  6353  6402 vsock_connection.cpp:224] Failed to connect:UNAVAILABLE: StrError(): Connection reset by peer
webRTC(6353)  E 10-07 07:04:34  6353  6402 vsock_connection.cpp:224] Failed to connect:UNAVAILABLE: StrError(): Connection reset by peer
webRTC(6353)  E 10-07 07:04:35  6353  6402 vsock_connection.cpp:224] Failed to connect:UNAVAILABLE: StrError(): Connection reset by peer
webRTC(6353)  E 10-07 07:04:36  6353  6402 vsock_connection.cpp:224] Failed to connect:UNAVAILABLE: StrError(): Connection reset by peer
webRTC(6353)  E 10-07 07:04:37  6353  6402 vsock_connection.cpp:224] Failed to connect:UNAVAILABLE: StrError(): Connection reset by peer
webRTC(6353)  E 10-07 07:04:38  6353  6402 vsock_connection.cpp:224] Failed to connect:UNAVAILABLE: StrError(): Connection reset by peer
webRTC(6353)  E 10-07 07:04:39  6353  6402 vsock_connection.cpp:224] Failed to connect:UNAVAILABLE: StrError(): Connection reset by peer
modem_simulator(6333)  D 10-07 07:04:39  6333  6337 channel_monitor.cpp:149] No client connected yet.
webRTC(6353)  E 10-07 07:04:40  6353  6402 vsock_connection.cpp:224] Failed to connect:UNAVAILABLE: StrError(): Connection reset by peer
webRTC(6353)  E 10-07 07:04:41  6353  6402 vsock_connection.cpp:224] Failed to connect:UNAVAILABLE: StrError(): Connection reset by peer
webRTC(6353)  E 10-07 07:04:42  6353  6402 vsock_connection.cpp:224] Failed to connect:UNAVAILABLE: StrError(): Connection reset by peer
webRTC(6353)  E 10-07 07:04:43  6353  6402 vsock_connection.cpp:224] Failed to connect:UNAVAILABLE: StrError(): Connection reset by peer
webRTC(6353)  E 10-07 07:04:44  6353  6402 vsock_connection.cpp:224] Failed to connect:UNAVAILABLE: StrError(): Connection reset by peer
webRTC(6353)  E 10-07 07:04:45  6353  6402 vsock_connection.cpp:224] Failed to connect:UNAVAILABLE: StrError(): Connection reset by peer
webRTC(6353)  E 10-07 07:04:46  6353  6402 vsock_connection.cpp:224] Failed to connect:UNAVAILABLE: StrError(): Connection reset by peer
webRTC(6353)  E 10-07 07:04:47  6353  6402 vsock_connection.cpp:224] Failed to connect:UNAVAILABLE: StrError(): Connection reset by peer
webRTC(6353)  E 10-07 07:04:48  6353  6402 vsock_connection.cpp:224] Failed to connect:UNAVAILABLE: StrError(): Connection reset by peer
webRTC(6353)  E 10-07 07:04:49  6353  6402 vsock_connection.cpp:224] Failed to connect:UNAVAILABLE: StrError(): Connection reset by peer
modem_simulator(6333)  D 10-07 07:04:49  6333  6337 channel_monitor.cpp:149] No client connected yet.
webRTC(6353)  E 10-07 07:04:50  6353  6402 vsock_connection.cpp:224] Failed to connect:UNAVAILABLE: StrError(): Connection reset by peer
webRTC(6353)  E 10-07 07:04:51  6353  6402 vsock_connection.cpp:224] Failed to connect:UNAVAILABLE: StrError(): Connection reset by peer
webRTC(6353)  E 10-07 07:04:52  6353  6402 vsock_connection.cpp:224] Failed to connect:UNAVAILABLE: StrError(): Connection reset by peer
webRTC(6353)  E 10-07 07:04:53  6353  6402 vsock_connection.cpp:224] Failed to connect:UNAVAILABLE: StrError(): Connection reset by peer
webRTC(6353)  E 10-07 07:04:54  6353  6402 vsock_connection.cpp:224] Failed to connect:UNAVAILABLE: StrError(): Connection reset by peer
webRTC(6353)  E 10-07 07:04:55  6353  6402 vsock_connection.cpp:224] Failed to connect:UNAVAILABLE: StrError(): Connection reset by peer
webRTC(6353)  E 10-07 07:04:56  6353  6402 vsock_connection.cpp:224] Failed to connect:UNAVAILABLE: StrError(): Connection reset by peer
webRTC(6353)  E 10-07 07:04:57  6353  6402 vsock_connection.cpp:224] Failed to connect:UNAVAILABLE: StrError(): Connection reset by peer
webRTC(6353)  E 10-07 07:04:58  6353  6402 vsock_connection.cpp:224] Failed to connect:UNAVAILABLE: StrError(): Connection reset by peer
webRTC(6353)  E 10-07 07:04:59  6353  6402 vsock_connection.cpp:224] Failed to connect:UNAVAILABLE: StrError(): Connection reset by peer
modem_simulator(6333)  D 10-07 07:04:59  6333  6337 channel_monitor.cpp:149] No client connected yet.
webRTC(6353)  E 10-07 07:05:00  6353  6402 vsock_connection.cpp:224] Failed to connect:UNAVAILABLE: StrError(): Connection reset by peer
webRTC(6353)  E 10-07 07:05:01  6353  6402 vsock_connection.cpp:224] Failed to connect:UNAVAILABLE: StrError(): Connection reset by peer
webRTC(6353)  E 10-07 07:05:02  6353  6402 vsock_connection.cpp:224] Failed to connect:UNAVAILABLE: StrError(): Connection reset by peer
webRTC(6353)  E 10-07 07:05:03  6353  6402 vsock_connection.cpp:224] Failed to connect:UNAVAILABLE: StrError(): Connection reset by peer
webRTC(6353)  E 10-07 07:05:04  6353  6402 vsock_connection.cpp:224] Failed to connect:UNAVAILABLE: StrError(): Connection reset by peer
webRTC(6353)  E 10-07 07:05:05  6353  6402 vsock_connection.cpp:224] Failed to connect:UNAVAILABLE: StrError(): Connection reset by peer
webRTC(6353)  E 10-07 07:05:06  6353  6402 vsock_connection.cpp:224] Failed to connect:UNAVAILABLE: StrError(): Connection reset by peer
webRTC(6353)  E 10-07 07:05:07  6353  6402 vsock_connection.cpp:224] Failed to connect:UNAVAILABLE: StrError(): Connection reset by peer
webRTC(6353)  E 10-07 07:05:08  6353  6402 vsock_connection.cpp:224] Failed to connect:UNAVAILABLE: StrError(): Connection reset by peer
webRTC(6353)  E 10-07 07:05:09  6353  6402 vsock_connection.cpp:224] Failed to connect:UNAVAILABLE: StrError(): Connection reset by peer
modem_simulator(6333)  D 10-07 07:05:09  6333  6337 channel_monitor.cpp:149] No client connected yet.
webRTC(6353)  E 10-07 07:05:10  6353  6402 vsock_connection.cpp:224] Failed to connect:UNAVAILABLE: StrError(): Connection reset by peer
webRTC(6353)  E 10-07 07:05:11  6353  6402 vsock_connection.cpp:224] Failed to connect:UNAVAILABLE: StrError(): Connection reset by peer
webRTC(6353)  E 10-07 07:05:12  6353  6402 vsock_connection.cpp:224] Failed to connect:UNAVAILABLE: StrError(): Connection reset by peer
webRTC(6353)  E 10-07 07:05:13  6353  6402 vsock_connection.cpp:224] Failed to connect:UNAVAILABLE: StrError(): Connection reset by peer
webRTC(6353)  E 10-07 07:05:14  6353  6402 vsock_connection.cpp:224] Failed to connect:UNAVAILABLE: StrError(): Connection reset by peer
webRTC(6353)  E 10-07 07:05:15  6353  6402 vsock_connection.cpp:224] Failed to connect:UNAVAILABLE: StrError(): Connection reset by peer
webRTC(6353)  E 10-07 07:05:16  6353  6402 vsock_connection.cpp:224] Failed to connect:UNAVAILABLE: StrError(): Connection reset by peer
webRTC(6353)  E 10-07 07:05:17  6353  6402 vsock_connection.cpp:224] Failed to connect:UNAVAILABLE: StrError(): Connection reset by peer
webRTC(6353)  E 10-07 07:05:18  6353  6402 vsock_connection.cpp:224] Failed to connect:UNAVAILABLE: StrError(): Connection reset by peer
webRTC(6353)  E 10-07 07:05:19  6353  6402 vsock_connection.cpp:224] Failed to connect:UNAVAILABLE: StrError(): Connection reset by peer
modem_simulator(6333)  D 10-07 07:05:19  6333  6337 channel_monitor.cpp:149] No client connected yet.
webRTC(6353)  E 10-07 07:05:20  6353  6402 vsock_connection.cpp:224] Failed to connect:UNAVAILABLE: StrError(): Connection reset by peer
webRTC(6353)  E 10-07 07:05:21  6353  6402 vsock_connection.cpp:224] Failed to connect:UNAVAILABLE: StrError(): Connection reset by peer
webRTC(6353)  E 10-07 07:05:22  6353  6402 vsock_connection.cpp:224] Failed to connect:UNAVAILABLE: StrError(): Connection reset by peer
webRTC(6353)  E 10-07 07:05:23  6353  6402 vsock_connection.cpp:224] Failed to connect:UNAVAILABLE: StrError(): Connection reset by peer
webRTC(6353)  E 10-07 07:05:24  6353  6402 vsock_connection.cpp:224] Failed to connect:UNAVAILABLE: StrError(): Connection reset by peer
webRTC(6353)  E 10-07 07:05:25  6353  6402 vsock_connection.cpp:224] Failed to connect:UNAVAILABLE: StrError(): Connection reset by peer
webRTC(6353)  E 10-07 07:05:26  6353  6402 vsock_connection.cpp:224] Failed to connect:UNAVAILABLE: StrError(): Connection reset by peer
webRTC(6353)  E 10-07 07:05:27  6353  6402 vsock_connection.cpp:224] Failed to connect:UNAVAILABLE: StrError(): Connection reset by peer
webRTC(6353)  E 10-07 07:05:28  6353  6402 vsock_connection.cpp:224] Failed to connect:UNAVAILABLE: StrError(): Connection reset by peer
webRTC(6353)  E 10-07 07:05:29  6353  6402 vsock_connection.cpp:224] Failed to connect:UNAVAILABLE: StrError(): Connection reset by peer
modem_simulator(6333)  D 10-07 07:05:29  6333  6337 channel_monitor.cpp:149] No client connected yet.
webRTC(6353)  E 10-07 07:05:30  6353  6402 vsock_connection.cpp:224] Failed to connect:UNAVAILABLE: StrError(): Connection reset by peer
webRTC(6353)  E 10-07 07:05:31  6353  6402 vsock_connection.cpp:224] Failed to connect:UNAVAILABLE: StrError(): Connection reset by peer
webRTC(6353)  E 10-07 07:05:32  6353  6402 vsock_connection.cpp:224] Failed to connect:UNAVAILABLE: StrError(): Connection reset by peer
webRTC(6353)  E 10-07 07:05:33  6353  6402 vsock_connection.cpp:224] Failed to connect:UNAVAILABLE: StrError(): Connection reset by peer
webRTC(6353)  E 10-07 07:05:34  6353  6402 vsock_connection.cpp:224] Failed to connect:UNAVAILABLE: StrError(): Connection reset by peer
webRTC(6353)  E 10-07 07:05:35  6353  6402 vsock_connection.cpp:224] Failed to connect:UNAVAILABLE: StrError(): Connection reset by peer
webRTC(6353)  E 10-07 07:05:36  6353  6402 vsock_connection.cpp:224] Failed to connect:UNAVAILABLE: StrError(): Connection reset by peer
webRTC(6353)  E 10-07 07:05:37  6353  6402 vsock_connection.cpp:224] Failed to connect:UNAVAILABLE: StrError(): Connection reset by peer
webRTC(6353)  E 10-07 07:05:38  6353  6402 vsock_connection.cpp:224] Failed to connect:UNAVAILABLE: StrError(): Connection reset by peer
webRTC(6353)  E 10-07 07:05:39  6353  6402 vsock_connection.cpp:224] Failed to connect:UNAVAILABLE: StrError(): Connection reset by peer
modem_simulator(6333)  D 10-07 07:05:39  6333  6337 channel_monitor.cpp:149] No client connected yet.
webRTC(6353)  E 10-07 07:05:40  6353  6402 vsock_connection.cpp:224] Failed to connect:UNAVAILABLE: StrError(): Connection reset by peer
webRTC(6353)  E 10-07 07:05:41  6353  6402 vsock_connection.cpp:224] Failed to connect:UNAVAILABLE: StrError(): Connection reset by peer
webRTC(6353)  E 10-07 07:05:42  6353  6402 vsock_connection.cpp:224] Failed to connect:UNAVAILABLE: StrError(): Connection reset by peer
webRTC(6353)  E 10-07 07:05:43  6353  6402 vsock_connection.cpp:224] Failed to connect:UNAVAILABLE: StrError(): Connection reset by peer
webRTC(6353)  E 10-07 07:05:44  6353  6402 vsock_connection.cpp:224] Failed to connect:UNAVAILABLE: StrError(): Connection reset by peer
webRTC(6353)  E 10-07 07:05:45  6353  6402 vsock_connection.cpp:224] Failed to connect:UNAVAILABLE: StrError(): Connection reset by peer
webRTC(6353)  E 10-07 07:05:46  6353  6402 vsock_connection.cpp:224] Failed to connect:UNAVAILABLE: StrError(): Connection reset by peer
webRTC(6353)  E 10-07 07:05:47  6353  6402 vsock_connection.cpp:224] Failed to connect:UNAVAILABLE: StrError(): Connection reset by peer
webRTC(6353)  E 10-07 07:05:48  6353  6402 vsock_connection.cpp:224] Failed to connect:UNAVAILABLE: StrError(): Connection reset by peer
webRTC(6353)  E 10-07 07:05:49  6353  6402 vsock_connection.cpp:224] Failed to connect:UNAVAILABLE: StrError(): Connection reset by peer
modem_simulator(6333)  D 10-07 07:05:49  6333  6337 channel_monitor.cpp:149] No client connected yet.
webRTC(6353)  E 10-07 07:05:50  6353  6402 vsock_connection.cpp:224] Failed to connect:UNAVAILABLE: StrError(): Connection reset by peer
webRTC(6353)  E 10-07 07:05:51  6353  6402 vsock_connection.cpp:224] Failed to connect:UNAVAILABLE: StrError(): Connection reset by peer
webRTC(6353)  E 10-07 07:05:52  6353  6402 vsock_connection.cpp:224] Failed to connect:UNAVAILABLE: StrError(): Connection reset by peer
webRTC(6353)  E 10-07 07:05:53  6353  6402 vsock_connection.cpp:224] Failed to connect:UNAVAILABLE: StrError(): Connection reset by peer
webRTC(6353)  E 10-07 07:05:54  6353  6402 vsock_connection.cpp:224] Failed to connect:UNAVAILABLE: StrError(): Connection reset by peer
webRTC(6353)  E 10-07 07:05:55  6353  6402 vsock_connection.cpp:224] Failed to connect:UNAVAILABLE: StrError(): Connection reset by peer
webRTC(6353)  E 10-07 07:05:56  6353  6402 vsock_connection.cpp:224] Failed to connect:UNAVAILABLE: StrError(): Connection reset by peer
webRTC(6353)  E 10-07 07:05:57  6353  6402 vsock_connection.cpp:224] Failed to connect:UNAVAILABLE: StrError(): Connection reset by peer
webRTC(6353)  E 10-07 07:05:58  6353  6402 vsock_connection.cpp:224] Failed to connect:UNAVAILABLE: StrError(): Connection reset by peer
webRTC(6353)  E 10-07 07:05:59  6353  6402 vsock_connection.cpp:224] Failed to connect:UNAVAILABLE: StrError(): Connection reset by peer
modem_simulator(6333)  D 10-07 07:05:59  6333  6337 channel_monitor.cpp:149] No client connected yet.
webRTC(6353)  E 10-07 07:06:00  6353  6402 vsock_connection.cpp:224] Failed to connect:UNAVAILABLE: StrError(): Connection reset by peer
webRTC(6353)  E 10-07 07:06:01  6353  6402 vsock_connection.cpp:224] Failed to connect:UNAVAILABLE: StrError(): Connection reset by peer
webRTC(6353)  E 10-07 07:06:02  6353  6402 vsock_connection.cpp:224] Failed to connect:UNAVAILABLE: StrError(): Connection reset by peer
webRTC(6353)  E 10-07 07:06:03  6353  6402 vsock_connection.cpp:224] Failed to connect:UNAVAILABLE: StrError(): Connection reset by peer
webRTC(6353)  E 10-07 07:06:04  6353  6402 vsock_connection.cpp:224] Failed to connect:UNAVAILABLE: StrError(): Connection reset by peer
webRTC(6353)  E 10-07 07:06:05  6353  6402 vsock_connection.cpp:224] Failed to connect:UNAVAILABLE: StrError(): Connection reset by peer
webRTC(6353)  E 10-07 07:06:06  6353  6402 vsock_connection.cpp:224] Failed to connect:UNAVAILABLE: StrError(): Connection reset by peer
webRTC(6353)  E 10-07 07:06:07  6353  6402 vsock_connection.cpp:224] Failed to connect:UNAVAILABLE: StrError(): Connection reset by peer
webRTC(6353)  E 10-07 07:06:08  6353  6402 vsock_connection.cpp:224] Failed to connect:UNAVAILABLE: StrError(): Connection reset by peer
webRTC(6353)  E 10-07 07:06:09  6353  6402 vsock_connection.cpp:224] Failed to connect:UNAVAILABLE: StrError(): Connection reset by peer
modem_simulator(6333)  D 10-07 07:06:09  6333  6337 channel_monitor.cpp:149] No client connected yet.
webRTC(6353)  E 10-07 07:06:10  6353  6402 vsock_connection.cpp:224] Failed to connect:UNAVAILABLE: StrError(): Connection reset by peer
webRTC(6353)  E 10-07 07:06:11  6353  6402 vsock_connection.cpp:224] Failed to connect:UNAVAILABLE: StrError(): Connection reset by peer
webRTC(6353)  E 10-07 07:06:12  6353  6402 vsock_connection.cpp:224] Failed to connect:UNAVAILABLE: StrError(): Connection reset by peer
webRTC(6353)  E 10-07 07:06:13  6353  6402 vsock_connection.cpp:224] Failed to connect:UNAVAILABLE: StrError(): Connection reset by peer
webRTC(6353)  E 10-07 07:06:14  6353  6402 vsock_connection.cpp:224] Failed to connect:UNAVAILABLE: StrError(): Connection reset by peer
webRTC(6353)  E 10-07 07:06:15  6353  6402 vsock_connection.cpp:224] Failed to connect:UNAVAILABLE: StrError(): Connection reset by peer
webRTC(6353)  E 10-07 07:06:16  6353  6402 vsock_connection.cpp:224] Failed to connect:UNAVAILABLE: StrError(): Connection reset by peer
webRTC(6353)  E 10-07 07:06:17  6353  6402 vsock_connection.cpp:224] Failed to connect:UNAVAILABLE: StrError(): Connection reset by peer
webRTC(6353)  E 10-07 07:06:18  6353  6402 vsock_connection.cpp:224] Failed to connect:UNAVAILABLE: StrError(): Connection reset by peer
webRTC(6353)  E 10-07 07:06:19  6353  6402 vsock_connection.cpp:224] Failed to connect:UNAVAILABLE: StrError(): Connection reset by peer
modem_simulator(6333)  D 10-07 07:06:19  6333  6337 channel_monitor.cpp:149] No client connected yet.
webRTC(6353)  E 10-07 07:06:20  6353  6402 vsock_connection.cpp:224] Failed to connect:UNAVAILABLE: StrError(): Connection reset by peer
webRTC(6353)  E 10-07 07:06:21  6353  6402 vsock_connection.cpp:224] Failed to connect:UNAVAILABLE: StrError(): Connection reset by peer
webRTC(6353)  E 10-07 07:06:22  6353  6402 vsock_connection.cpp:224] Failed to connect:UNAVAILABLE: StrError(): Connection reset by peer
webRTC(6353)  E 10-07 07:06:23  6353  6402 vsock_connection.cpp:224] Failed to connect:UNAVAILABLE: StrError(): Connection reset by peer
webRTC(6353)  E 10-07 07:06:24  6353  6402 vsock_connection.cpp:224] Failed to connect:UNAVAILABLE: StrError(): Connection reset by peer
webRTC(6353)  E 10-07 07:06:25  6353  6402 vsock_connection.cpp:224] Failed to connect:UNAVAILABLE: StrError(): Connection reset by peer
webRTC(6353)  E 10-07 07:06:26  6353  6402 vsock_connection.cpp:224] Failed to connect:UNAVAILABLE: StrError(): Connection reset by peer
webRTC(6353)  E 10-07 07:06:27  6353  6402 vsock_connection.cpp:224] Failed to connect:UNAVAILABLE: StrError(): Connection reset by peer
webRTC(6353)  E 10-07 07:06:28  6353  6402 vsock_connection.cpp:224] Failed to connect:UNAVAILABLE: StrError(): Connection reset by peer
webRTC(6353)  E 10-07 07:06:29  6353  6402 vsock_connection.cpp:224] Failed to connect:UNAVAILABLE: StrError(): Connection reset by peer
modem_simulator(6333)  D 10-07 07:06:29  6333  6337 channel_monitor.cpp:149] No client connected yet.
webRTC(6353)  E 10-07 07:06:30  6353  6402 vsock_connection.cpp:224] Failed to connect:UNAVAILABLE: StrError(): Connection reset by peer
webRTC(6353)  E 10-07 07:06:31  6353  6402 vsock_connection.cpp:224] Failed to connect:UNAVAILABLE: StrError(): Connection reset by peer
webRTC(6353)  E 10-07 07:06:32  6353  6402 vsock_connection.cpp:224] Failed to connect:UNAVAILABLE: StrError(): Connection reset by peer
webRTC(6353)  E 10-07 07:06:33  6353  6402 vsock_connection.cpp:224] Failed to connect:UNAVAILABLE: StrError(): Connection reset by peer
webRTC(6353)  E 10-07 07:06:34  6353  6402 vsock_connection.cpp:224] Failed to connect:UNAVAILABLE: StrError(): Connection reset by peer
webRTC(6353)  E 10-07 07:06:35  6353  6402 vsock_connection.cpp:224] Failed to connect:UNAVAILABLE: StrError(): Connection reset by peer
webRTC(6353)  E 10-07 07:06:36  6353  6402 vsock_connection.cpp:224] Failed to connect:UNAVAILABLE: StrError(): Connection reset by peer
webRTC(6353)  E 10-07 07:06:37  6353  6402 vsock_connection.cpp:224] Failed to connect:UNAVAILABLE: StrError(): Connection reset by peer
webRTC(6353)  E 10-07 07:06:38  6353  6402 vsock_connection.cpp:224] Failed to connect:UNAVAILABLE: StrError(): Connection reset by peer
webRTC(6353)  E 10-07 07:06:39  6353  6402 vsock_connection.cpp:224] Failed to connect:UNAVAILABLE: StrError(): Connection reset by peer
modem_simulator(6333)  D 10-07 07:06:39  6333  6337 channel_monitor.cpp:149] No client connected yet.
webRTC(6353)  E 10-07 07:06:40  6353  6402 vsock_connection.cpp:224] Failed to connect:UNAVAILABLE: StrError(): Connection reset by peer
webRTC(6353)  E 10-07 07:06:41  6353  6402 vsock_connection.cpp:224] Failed to connect:UNAVAILABLE: StrError(): Connection reset by peer
webRTC(6353)  E 10-07 07:06:42  6353  6402 vsock_connection.cpp:224] Failed to connect:UNAVAILABLE: StrError(): Connection reset by peer
webRTC(6353)  E 10-07 07:06:43  6353  6402 vsock_connection.cpp:224] Failed to connect:UNAVAILABLE: StrError(): Connection reset by peer
webRTC(6353)  E 10-07 07:06:44  6353  6402 vsock_connection.cpp:224] Failed to connect:UNAVAILABLE: StrError(): Connection reset by peer
webRTC(6353)  E 10-07 07:06:45  6353  6402 vsock_connection.cpp:224] Failed to connect:UNAVAILABLE: StrError(): Connection reset by peer
webRTC(6353)  E 10-07 07:06:46  6353  6402 vsock_connection.cpp:224] Failed to connect:UNAVAILABLE: StrError(): Connection reset by peer
webRTC(6353)  E 10-07 07:06:47  6353  6402 vsock_connection.cpp:224] Failed to connect:UNAVAILABLE: StrError(): Connection reset by peer
webRTC(6353)  E 10-07 07:06:48  6353  6402 vsock_connection.cpp:224] Failed to connect:UNAVAILABLE: StrError(): Connection reset by peer
webRTC(6353)  E 10-07 07:06:49  6353  6402 vsock_connection.cpp:224] Failed to connect:UNAVAILABLE: StrError(): Connection reset by peer
modem_simulator(6333)  D 10-07 07:06:49  6333  6337 channel_monitor.cpp:149] No client connected yet.
webRTC(6353)  E 10-07 07:06:50  6353  6402 vsock_connection.cpp:224] Failed to connect:UNAVAILABLE: StrError(): Connection reset by peer
webRTC(6353)  E 10-07 07:06:51  6353  6402 vsock_connection.cpp:224] Failed to connect:UNAVAILABLE: StrError(): Connection reset by peer
webRTC(6353)  E 10-07 07:06:52  6353  6402 vsock_connection.cpp:224] Failed to connect:UNAVAILABLE: StrError(): Connection reset by peer
webRTC(6353)  E 10-07 07:06:53  6353  6402 vsock_connection.cpp:224] Failed to connect:UNAVAILABLE: StrError(): Connection reset by peer
webRTC(6353)  E 10-07 07:06:54  6353  6402 vsock_connection.cpp:224] Failed to connect:UNAVAILABLE: StrError(): Connection reset by peer
webRTC(6353)  E 10-07 07:06:55  6353  6402 vsock_connection.cpp:224] Failed to connect:UNAVAILABLE: StrError(): Connection reset by peer
webRTC(6353)  E 10-07 07:06:56  6353  6402 vsock_connection.cpp:224] Failed to connect:UNAVAILABLE: StrError(): Connection reset by peer
webRTC(6353)  E 10-07 07:06:57  6353  6402 vsock_connection.cpp:224] Failed to connect:UNAVAILABLE: StrError(): Connection reset by peer
webRTC(6353)  E 10-07 07:06:58  6353  6402 vsock_connection.cpp:224] Failed to connect:UNAVAILABLE: StrError(): Connection reset by peer
webRTC(6353)  E 10-07 07:06:59  6353  6402 vsock_connection.cpp:224] Failed to connect:UNAVAILABLE: StrError(): Connection reset by peer
modem_simulator(6333)  D 10-07 07:06:59  6333  6337 channel_monitor.cpp:149] No client connected yet.
webRTC(6353)  E 10-07 07:07:00  6353  6402 vsock_connection.cpp:224] Failed to connect:UNAVAILABLE: StrError(): Connection reset by peer
webRTC(6353)  E 10-07 07:07:01  6353  6402 vsock_connection.cpp:224] Failed to connect:UNAVAILABLE: StrError(): Connection reset by peer
webRTC(6353)  E 10-07 07:07:02  6353  6402 vsock_connection.cpp:224] Failed to connect:UNAVAILABLE: StrError(): Connection reset by peer
webRTC(6353)  E 10-07 07:07:03  6353  6402 vsock_connection.cpp:224] Failed to connect:UNAVAILABLE: StrError(): Connection reset by peer
webRTC(6353)  E 10-07 07:07:04  6353  6402 vsock_connection.cpp:224] Failed to connect:UNAVAILABLE: StrError(): Connection reset by peer
webRTC(6353)  E 10-07 07:07:05  6353  6402 vsock_connection.cpp:224] Failed to connect:UNAVAILABLE: StrError(): Connection reset by peer
webRTC(6353)  E 10-07 07:07:06  6353  6402 vsock_connection.cpp:224] Failed to connect:UNAVAILABLE: StrError(): Connection reset by peer
webRTC(6353)  E 10-07 07:07:07  6353  6402 vsock_connection.cpp:224] Failed to connect:UNAVAILABLE: StrError(): Connection reset by peer
webRTC(6353)  E 10-07 07:07:08  6353  6402 vsock_connection.cpp:224] Failed to connect:UNAVAILABLE: StrError(): Connection reset by peer
webRTC(6353)  E 10-07 07:07:09  6353  6402 vsock_connection.cpp:224] Failed to connect:UNAVAILABLE: StrError(): Connection reset by peer
modem_simulator(6333)  D 10-07 07:07:09  6333  6337 channel_monitor.cpp:149] No client connected yet.
webRTC(6353)  E 10-07 07:07:10  6353  6402 vsock_connection.cpp:224] Failed to connect:UNAVAILABLE: StrError(): Connection reset by peer
webRTC(6353)  E 10-07 07:07:11  6353  6402 vsock_connection.cpp:224] Failed to connect:UNAVAILABLE: StrError(): Connection reset by peer
webRTC(6353)  E 10-07 07:07:12  6353  6402 vsock_connection.cpp:224] Failed to connect:UNAVAILABLE: StrError(): Connection reset by peer
webRTC(6353)  E 10-07 07:07:13  6353  6402 vsock_connection.cpp:224] Failed to connect:UNAVAILABLE: StrError(): Connection reset by peer
webRTC(6353)  E 10-07 07:07:14  6353  6402 vsock_connection.cpp:224] Failed to connect:UNAVAILABLE: StrError(): Connection reset by peer
webRTC(6353)  E 10-07 07:07:15  6353  6402 vsock_connection.cpp:224] Failed to connect:UNAVAILABLE: StrError(): Connection reset by peer
webRTC(6353)  E 10-07 07:07:16  6353  6402 vsock_connection.cpp:224] Failed to connect:UNAVAILABLE: StrError(): Connection reset by peer
webRTC(6353)  E 10-07 07:07:17  6353  6402 vsock_connection.cpp:224] Failed to connect:UNAVAILABLE: StrError(): Connection reset by peer
webRTC(6353)  E 10-07 07:07:18  6353  6402 vsock_connection.cpp:224] Failed to connect:UNAVAILABLE: StrError(): Connection reset by peer
webRTC(6353)  E 10-07 07:07:19  6353  6402 vsock_connection.cpp:224] Failed to connect:UNAVAILABLE: StrError(): Connection reset by peer
modem_simulator(6333)  D 10-07 07:07:19  6333  6337 channel_monitor.cpp:149] No client connected yet.
webRTC(6353)  E 10-07 07:07:20  6353  6402 vsock_connection.cpp:224] Failed to connect:UNAVAILABLE: StrError(): Connection reset by peer
webRTC(6353)  E 10-07 07:07:21  6353  6402 vsock_connection.cpp:224] Failed to connect:UNAVAILABLE: StrError(): Connection reset by peer
webRTC(6353)  E 10-07 07:07:22  6353  6402 vsock_connection.cpp:224] Failed to connect:UNAVAILABLE: StrError(): Connection reset by peer
webRTC(6353)  E 10-07 07:07:23  6353  6402 vsock_connection.cpp:224] Failed to connect:UNAVAILABLE: StrError(): Connection reset by peer
webRTC(6353)  E 10-07 07:07:24  6353  6402 vsock_connection.cpp:224] Failed to connect:UNAVAILABLE: StrError(): Connection reset by peer
webRTC(6353)  E 10-07 07:07:25  6353  6402 vsock_connection.cpp:224] Failed to connect:UNAVAILABLE: StrError(): Connection reset by peer
webRTC(6353)  E 10-07 07:07:26  6353  6402 vsock_connection.cpp:224] Failed to connect:UNAVAILABLE: StrError(): Connection reset by peer
webRTC(6353)  E 10-07 07:07:27  6353  6402 vsock_connection.cpp:224] Failed to connect:UNAVAILABLE: StrError(): Connection reset by peer
webRTC(6353)  E 10-07 07:07:28  6353  6402 vsock_connection.cpp:224] Failed to connect:UNAVAILABLE: StrError(): Connection reset by peer
webRTC(6353)  E 10-07 07:07:29  6353  6402 vsock_connection.cpp:224] Failed to connect:UNAVAILABLE: StrError(): Connection reset by peer
modem_simulator(6333)  D 10-07 07:07:29  6333  6337 channel_monitor.cpp:149] No client connected yet.
webRTC(6353)  E 10-07 07:07:30  6353  6402 vsock_connection.cpp:224] Failed to connect:UNAVAILABLE: StrError(): Connection reset by peer
webRTC(6353)  E 10-07 07:07:31  6353  6402 vsock_connection.cpp:224] Failed to connect:UNAVAILABLE: StrError(): Connection reset by peer
webRTC(6353)  E 10-07 07:07:32  6353  6402 vsock_connection.cpp:224] Failed to connect:UNAVAILABLE: StrError(): Connection reset by peer
webRTC(6353)  E 10-07 07:07:33  6353  6402 vsock_connection.cpp:224] Failed to connect:UNAVAILABLE: StrError(): Connection reset by peer
webRTC(6353)  E 10-07 07:07:34  6353  6402 vsock_connection.cpp:224] Failed to connect:UNAVAILABLE: StrError(): Connection reset by peer
webRTC(6353)  E 10-07 07:07:35  6353  6402 vsock_connection.cpp:224] Failed to connect:UNAVAILABLE: StrError(): Connection reset by peer
webRTC(6353)  E 10-07 07:07:36  6353  6402 vsock_connection.cpp:224] Failed to connect:UNAVAILABLE: StrError(): Connection reset by peer
webRTC(6353)  E 10-07 07:07:37  6353  6402 vsock_connection.cpp:224] Failed to connect:UNAVAILABLE: StrError(): Connection reset by peer
webRTC(6353)  E 10-07 07:07:38  6353  6402 vsock_connection.cpp:224] Failed to connect:UNAVAILABLE: StrError(): Connection reset by peer
webRTC(6353)  E 10-07 07:07:39  6353  6402 vsock_connection.cpp:224] Failed to connect:UNAVAILABLE: StrError(): Connection reset by peer
modem_simulator(6333)  D 10-07 07:07:39  6333  6337 channel_monitor.cpp:149] No client connected yet.
webRTC(6353)  E 10-07 07:07:40  6353  6402 vsock_connection.cpp:224] Failed to connect:UNAVAILABLE: StrError(): Connection reset by peer
webRTC(6353)  E 10-07 07:07:41  6353  6402 vsock_connection.cpp:224] Failed to connect:UNAVAILABLE: StrError(): Connection reset by peer
webRTC(6353)  E 10-07 07:07:42  6353  6402 vsock_connection.cpp:224] Failed to connect:UNAVAILABLE: StrError(): Connection reset by peer
webRTC(6353)  E 10-07 07:07:43  6353  6402 vsock_connection.cpp:224] Failed to connect:UNAVAILABLE: StrError(): Connection reset by peer
webRTC(6353)  E 10-07 07:07:44  6353  6402 vsock_connection.cpp:224] Failed to connect:UNAVAILABLE: StrError(): Connection reset by peer
webRTC(6353)  E 10-07 07:07:45  6353  6402 vsock_connection.cpp:224] Failed to connect:UNAVAILABLE: StrError(): Connection reset by peer
webRTC(6353)  E 10-07 07:07:46  6353  6402 vsock_connection.cpp:224] Failed to connect:UNAVAILABLE: StrError(): Connection reset by peer
webRTC(6353)  E 10-07 07:07:47  6353  6402 vsock_connection.cpp:224] Failed to connect:UNAVAILABLE: StrError(): Connection reset by peer
webRTC(6353)  E 10-07 07:07:48  6353  6402 vsock_connection.cpp:224] Failed to connect:UNAVAILABLE: StrError(): Connection reset by peer
webRTC(6353)  E 10-07 07:07:49  6353  6402 vsock_connection.cpp:224] Failed to connect:UNAVAILABLE: StrError(): Connection reset by peer
modem_simulator(6333)  D 10-07 07:07:49  6333  6337 channel_monitor.cpp:149] No client connected yet.
webRTC(6353)  E 10-07 07:07:50  6353  6402 vsock_connection.cpp:224] Failed to connect:UNAVAILABLE: StrError(): Connection reset by peer
webRTC(6353)  E 10-07 07:07:51  6353  6402 vsock_connection.cpp:224] Failed to connect:UNAVAILABLE: StrError(): Connection reset by peer
webRTC(6353)  E 10-07 07:07:52  6353  6402 vsock_connection.cpp:224] Failed to connect:UNAVAILABLE: StrError(): Connection reset by peer
webRTC(6353)  E 10-07 07:07:53  6353  6402 vsock_connection.cpp:224] Failed to connect:UNAVAILABLE: StrError(): Connection reset by peer
webRTC(6353)  E 10-07 07:07:54  6353  6402 vsock_connection.cpp:224] Failed to connect:UNAVAILABLE: StrError(): Connection reset by peer
webRTC(6353)  E 10-07 07:07:55  6353  6402 vsock_connection.cpp:224] Failed to connect:UNAVAILABLE: StrError(): Connection reset by peer
webRTC(6353)  E 10-07 07:07:56  6353  6402 vsock_connection.cpp:224] Failed to connect:UNAVAILABLE: StrError(): Connection reset by peer
webRTC(6353)  E 10-07 07:07:57  6353  6402 vsock_connection.cpp:224] Failed to connect:UNAVAILABLE: StrError(): Connection reset by peer
webRTC(6353)  E 10-07 07:07:58  6353  6402 vsock_connection.cpp:224] Failed to connect:UNAVAILABLE: StrError(): Connection reset by peer
webRTC(6353)  E 10-07 07:07:59  6353  6402 vsock_connection.cpp:224] Failed to connect:UNAVAILABLE: StrError(): Connection reset by peer
modem_simulator(6333)  D 10-07 07:07:59  6333  6337 channel_monitor.cpp:149] No client connected yet.
webRTC(6353)  E 10-07 07:08:00  6353  6402 vsock_connection.cpp:224] Failed to connect:UNAVAILABLE: StrError(): Connection reset by peer
webRTC(6353)  E 10-07 07:08:01  6353  6402 vsock_connection.cpp:224] Failed to connect:UNAVAILABLE: StrError(): Connection reset by peer
webRTC(6353)  E 10-07 07:08:02  6353  6402 vsock_connection.cpp:224] Failed to connect:UNAVAILABLE: StrError(): Connection reset by peer
webRTC(6353)  E 10-07 07:08:03  6353  6402 vsock_connection.cpp:224] Failed to connect:UNAVAILABLE: StrError(): Connection reset by peer
webRTC(6353)  E 10-07 07:08:04  6353  6402 vsock_connection.cpp:224] Failed to connect:UNAVAILABLE: StrError(): Connection reset by peer
webRTC(6353)  E 10-07 07:08:05  6353  6402 vsock_connection.cpp:224] Failed to connect:UNAVAILABLE: StrError(): Connection reset by peer
webRTC(6353)  E 10-07 07:08:06  6353  6402 vsock_connection.cpp:224] Failed to connect:UNAVAILABLE: StrError(): Connection reset by peer
webRTC(6353)  E 10-07 07:08:07  6353  6402 vsock_connection.cpp:224] Failed to connect:UNAVAILABLE: StrError(): Connection reset by peer
webRTC(6353)  E 10-07 07:08:08  6353  6402 vsock_connection.cpp:224] Failed to connect:UNAVAILABLE: StrError(): Connection reset by peer
webRTC(6353)  E 10-07 07:08:09  6353  6402 vsock_connection.cpp:224] Failed to connect:UNAVAILABLE: StrError(): Connection reset by peer
modem_simulator(6333)  D 10-07 07:08:09  6333  6337 channel_monitor.cpp:149] No client connected yet.
webRTC(6353)  E 10-07 07:08:10  6353  6402 vsock_connection.cpp:224] Failed to connect:UNAVAILABLE: StrError(): Connection reset by peer
webRTC(6353)  E 10-07 07:08:11  6353  6402 vsock_connection.cpp:224] Failed to connect:UNAVAILABLE: StrError(): Connection reset by peer
webRTC(6353)  E 10-07 07:08:12  6353  6402 vsock_connection.cpp:224] Failed to connect:UNAVAILABLE: StrError(): Connection reset by peer
webRTC(6353)  E 10-07 07:08:13  6353  6402 vsock_connection.cpp:224] Failed to connect:UNAVAILABLE: StrError(): Connection reset by peer
webRTC(6353)  E 10-07 07:08:14  6353  6402 vsock_connection.cpp:224] Failed to connect:UNAVAILABLE: StrError(): Connection reset by peer
webRTC(6353)  E 10-07 07:08:15  6353  6402 vsock_connection.cpp:224] Failed to connect:UNAVAILABLE: StrError(): Connection reset by peer
webRTC(6353)  E 10-07 07:08:16  6353  6402 vsock_connection.cpp:224] Failed to connect:UNAVAILABLE: StrError(): Connection reset by peer
webRTC(6353)  E 10-07 07:08:17  6353  6402 vsock_connection.cpp:224] Failed to connect:UNAVAILABLE: StrError(): Connection reset by peer
webRTC(6353)  E 10-07 07:08:18  6353  6402 vsock_connection.cpp:224] Failed to connect:UNAVAILABLE: StrError(): Connection reset by peer
webRTC(6353)  E 10-07 07:08:19  6353  6402 vsock_connection.cpp:224] Failed to connect:UNAVAILABLE: StrError(): Connection reset by peer
modem_simulator(6333)  D 10-07 07:08:19  6333  6337 channel_monitor.cpp:149] No client connected yet.
webRTC(6353)  E 10-07 07:08:20  6353  6402 vsock_connection.cpp:224] Failed to connect:UNAVAILABLE: StrError(): Connection reset by peer
webRTC(6353)  E 10-07 07:08:21  6353  6402 vsock_connection.cpp:224] Failed to connect:UNAVAILABLE: StrError(): Connection reset by peer
webRTC(6353)  E 10-07 07:08:22  6353  6402 vsock_connection.cpp:224] Failed to connect:UNAVAILABLE: StrError(): Connection reset by peer
webRTC(6353)  E 10-07 07:08:23  6353  6402 vsock_connection.cpp:224] Failed to connect:UNAVAILABLE: StrError(): Connection reset by peer
webRTC(6353)  E 10-07 07:08:24  6353  6402 vsock_connection.cpp:224] Failed to connect:UNAVAILABLE: StrError(): Connection reset by peer
webRTC(6353)  E 10-07 07:08:25  6353  6402 vsock_connection.cpp:224] Failed to connect:UNAVAILABLE: StrError(): Connection reset by peer
webRTC(6353)  E 10-07 07:08:26  6353  6402 vsock_connection.cpp:224] Failed to connect:UNAVAILABLE: StrError(): Connection reset by peer
webRTC(6353)  E 10-07 07:08:27  6353  6402 vsock_connection.cpp:224] Failed to connect:UNAVAILABLE: StrError(): Connection reset by peer
webRTC(6353)  E 10-07 07:08:28  6353  6402 vsock_connection.cpp:224] Failed to connect:UNAVAILABLE: StrError(): Connection reset by peer
webRTC(6353)  E 10-07 07:08:29  6353  6402 vsock_connection.cpp:224] Failed to connect:UNAVAILABLE: StrError(): Connection reset by peer
modem_simulator(6333)  D 10-07 07:08:29  6333  6337 channel_monitor.cpp:149] No client connected yet.
webRTC(6353)  E 10-07 07:08:30  6353  6402 vsock_connection.cpp:224] Failed to connect:UNAVAILABLE: StrError(): Connection reset by peer
webRTC(6353)  E 10-07 07:08:31  6353  6402 vsock_connection.cpp:224] Failed to connect:UNAVAILABLE: StrError(): Connection reset by peer
webRTC(6353)  E 10-07 07:08:32  6353  6402 vsock_connection.cpp:224] Failed to connect:UNAVAILABLE: StrError(): Connection reset by peer
webRTC(6353)  E 10-07 07:08:33  6353  6402 vsock_connection.cpp:224] Failed to connect:UNAVAILABLE: StrError(): Connection reset by peer
webRTC(6353)  E 10-07 07:08:34  6353  6402 vsock_connection.cpp:224] Failed to connect:UNAVAILABLE: StrError(): Connection reset by peer
webRTC(6353)  E 10-07 07:08:35  6353  6402 vsock_connection.cpp:224] Failed to connect:UNAVAILABLE: StrError(): Connection reset by peer
webRTC(6353)  E 10-07 07:08:36  6353  6402 vsock_connection.cpp:224] Failed to connect:UNAVAILABLE: StrError(): Connection reset by peer
webRTC(6353)  E 10-07 07:08:37  6353  6402 vsock_connection.cpp:224] Failed to connect:UNAVAILABLE: StrError(): Connection reset by peer
webRTC(6353)  E 10-07 07:08:38  6353  6402 vsock_connection.cpp:224] Failed to connect:UNAVAILABLE: StrError(): Connection reset by peer
webRTC(6353)  E 10-07 07:08:39  6353  6402 vsock_connection.cpp:224] Failed to connect:UNAVAILABLE: StrError(): Connection reset by peer
modem_simulator(6333)  D 10-07 07:08:39  6333  6337 channel_monitor.cpp:149] No client connected yet.
webRTC(6353)  E 10-07 07:08:40  6353  6402 vsock_connection.cpp:224] Failed to connect:UNAVAILABLE: StrError(): Connection reset by peer
webRTC(6353)  E 10-07 07:08:41  6353  6402 vsock_connection.cpp:224] Failed to connect:UNAVAILABLE: StrError(): Connection reset by peer
webRTC(6353)  E 10-07 07:08:42  6353  6402 vsock_connection.cpp:224] Failed to connect:UNAVAILABLE: StrError(): Connection reset by peer
webRTC(6353)  E 10-07 07:08:43  6353  6402 vsock_connection.cpp:224] Failed to connect:UNAVAILABLE: StrError(): Connection reset by peer
webRTC(6353)  E 10-07 07:08:44  6353  6402 vsock_connection.cpp:224] Failed to connect:UNAVAILABLE: StrError(): Connection reset by peer
webRTC(6353)  E 10-07 07:08:45  6353  6402 vsock_connection.cpp:224] Failed to connect:UNAVAILABLE: StrError(): Connection reset by peer
webRTC(6353)  E 10-07 07:08:46  6353  6402 vsock_connection.cpp:224] Failed to connect:UNAVAILABLE: StrError(): Connection reset by peer
webRTC(6353)  E 10-07 07:08:47  6353  6402 vsock_connection.cpp:224] Failed to connect:UNAVAILABLE: StrError(): Connection reset by peer
webRTC(6353)  E 10-07 07:08:48  6353  6402 vsock_connection.cpp:224] Failed to connect:UNAVAILABLE: StrError(): Connection reset by peer
webRTC(6353)  E 10-07 07:08:49  6353  6402 vsock_connection.cpp:224] Failed to connect:UNAVAILABLE: StrError(): Connection reset by peer
modem_simulator(6333)  D 10-07 07:08:49  6333  6337 channel_monitor.cpp:149] No client connected yet.
webRTC(6353)  E 10-07 07:08:50  6353  6402 vsock_connection.cpp:224] Failed to connect:UNAVAILABLE: StrError(): Connection reset by peer
webRTC(6353)  E 10-07 07:08:51  6353  6402 vsock_connection.cpp:224] Failed to connect:UNAVAILABLE: StrError(): Connection reset by peer
webRTC(6353)  E 10-07 07:08:52  6353  6402 vsock_connection.cpp:224] Failed to connect:UNAVAILABLE: StrError(): Connection reset by peer
webRTC(6353)  E 10-07 07:08:53  6353  6402 vsock_connection.cpp:224] Failed to connect:UNAVAILABLE: StrError(): Connection reset by peer
webRTC(6353)  E 10-07 07:08:54  6353  6402 vsock_connection.cpp:224] Failed to connect:UNAVAILABLE: StrError(): Connection reset by peer
webRTC(6353)  E 10-07 07:08:55  6353  6402 vsock_connection.cpp:224] Failed to connect:UNAVAILABLE: StrError(): Connection reset by peer
webRTC(6353)  E 10-07 07:08:56  6353  6402 vsock_connection.cpp:224] Failed to connect:UNAVAILABLE: StrError(): Connection reset by peer
webRTC(6353)  E 10-07 07:08:57  6353  6402 vsock_connection.cpp:224] Failed to connect:UNAVAILABLE: StrError(): Connection reset by peer
webRTC(6353)  E 10-07 07:08:58  6353  6402 vsock_connection.cpp:224] Failed to connect:UNAVAILABLE: StrError(): Connection reset by peer
webRTC(6353)  E 10-07 07:08:59  6353  6402 vsock_connection.cpp:224] Failed to connect:UNAVAILABLE: StrError(): Connection reset by peer
modem_simulator(6333)  D 10-07 07:08:59  6333  6337 channel_monitor.cpp:149] No client connected yet.
webRTC(6353)  E 10-07 07:09:00  6353  6402 vsock_connection.cpp:224] Failed to connect:UNAVAILABLE: StrError(): Connection reset by peer
webRTC(6353)  E 10-07 07:09:01  6353  6402 vsock_connection.cpp:224] Failed to connect:UNAVAILABLE: StrError(): Connection reset by peer
webRTC(6353)  E 10-07 07:09:02  6353  6402 vsock_connection.cpp:224] Failed to connect:UNAVAILABLE: StrError(): Connection reset by peer
webRTC(6353)  E 10-07 07:09:03  6353  6402 vsock_connection.cpp:224] Failed to connect:UNAVAILABLE: StrError(): Connection reset by peer
webRTC(6353)  E 10-07 07:09:04  6353  6402 vsock_connection.cpp:224] Failed to connect:UNAVAILABLE: StrError(): Connection reset by peer
webRTC(6353)  E 10-07 07:09:05  6353  6402 vsock_connection.cpp:224] Failed to connect:UNAVAILABLE: StrError(): Connection reset by peer
webRTC(6353)  E 10-07 07:09:06  6353  6402 vsock_connection.cpp:224] Failed to connect:UNAVAILABLE: StrError(): Connection reset by peer
webRTC(6353)  E 10-07 07:09:07  6353  6402 vsock_connection.cpp:224] Failed to connect:UNAVAILABLE: StrError(): Connection reset by peer
webRTC(6353)  E 10-07 07:09:08  6353  6402 vsock_connection.cpp:224] Failed to connect:UNAVAILABLE: StrError(): Connection reset by peer
webRTC(6353)  E 10-07 07:09:09  6353  6402 vsock_connection.cpp:224] Failed to connect:UNAVAILABLE: StrError(): Connection reset by peer
modem_simulator(6333)  D 10-07 07:09:09  6333  6337 channel_monitor.cpp:149] No client connected yet.
webRTC(6353)  E 10-07 07:09:10  6353  6402 vsock_connection.cpp:224] Failed to connect:UNAVAILABLE: StrError(): Connection reset by peer
webRTC(6353)  E 10-07 07:09:11  6353  6402 vsock_connection.cpp:224] Failed to connect:UNAVAILABLE: StrError(): Connection reset by peer
webRTC(6353)  E 10-07 07:09:12  6353  6402 vsock_connection.cpp:224] Failed to connect:UNAVAILABLE: StrError(): Connection reset by peer
webRTC(6353)  E 10-07 07:09:13  6353  6402 vsock_connection.cpp:224] Failed to connect:UNAVAILABLE: StrError(): Connection reset by peer
webRTC(6353)  E 10-07 07:09:14  6353  6402 vsock_connection.cpp:224] Failed to connect:UNAVAILABLE: StrError(): Connection reset by peer
webRTC(6353)  E 10-07 07:09:15  6353  6402 vsock_connection.cpp:224] Failed to connect:UNAVAILABLE: StrError(): Connection reset by peer
webRTC(6353)  E 10-07 07:09:16  6353  6402 vsock_connection.cpp:224] Failed to connect:UNAVAILABLE: StrError(): Connection reset by peer
webRTC(6353)  E 10-07 07:09:17  6353  6402 vsock_connection.cpp:224] Failed to connect:UNAVAILABLE: StrError(): Connection reset by peer
webRTC(6353)  E 10-07 07:09:18  6353  6402 vsock_connection.cpp:224] Failed to connect:UNAVAILABLE: StrError(): Connection reset by peer
webRTC(6353)  E 10-07 07:09:19  6353  6402 vsock_connection.cpp:224] Failed to connect:UNAVAILABLE: StrError(): Connection reset by peer
modem_simulator(6333)  D 10-07 07:09:19  6333  6337 channel_monitor.cpp:149] No client connected yet.
webRTC(6353)  E 10-07 07:09:20  6353  6402 vsock_connection.cpp:224] Failed to connect:UNAVAILABLE: StrError(): Connection reset by peer
webRTC(6353)  E 10-07 07:09:21  6353  6402 vsock_connection.cpp:224] Failed to connect:UNAVAILABLE: StrError(): Connection reset by peer
webRTC(6353)  E 10-07 07:09:22  6353  6402 vsock_connection.cpp:224] Failed to connect:UNAVAILABLE: StrError(): Connection reset by peer
webRTC(6353)  E 10-07 07:09:23  6353  6402 vsock_connection.cpp:224] Failed to connect:UNAVAILABLE: StrError(): Connection reset by peer
webRTC(6353)  E 10-07 07:09:24  6353  6402 vsock_connection.cpp:224] Failed to connect:UNAVAILABLE: StrError(): Connection reset by peer
webRTC(6353)  E 10-07 07:09:25  6353  6402 vsock_connection.cpp:224] Failed to connect:UNAVAILABLE: StrError(): Connection reset by peer
webRTC(6353)  E 10-07 07:09:26  6353  6402 vsock_connection.cpp:224] Failed to connect:UNAVAILABLE: StrError(): Connection reset by peer
webRTC(6353)  E 10-07 07:09:27  6353  6402 vsock_connection.cpp:224] Failed to connect:UNAVAILABLE: StrError(): Connection reset by peer
webRTC(6353)  E 10-07 07:09:28  6353  6402 vsock_connection.cpp:224] Failed to connect:UNAVAILABLE: StrError(): Connection reset by peer
webRTC(6353)  E 10-07 07:09:29  6353  6402 vsock_connection.cpp:224] Failed to connect:UNAVAILABLE: StrError(): Connection reset by peer
modem_simulator(6333)  D 10-07 07:09:29  6333  6337 channel_monitor.cpp:149] No client connected yet.
webRTC(6353)  E 10-07 07:09:30  6353  6402 vsock_connection.cpp:224] Failed to connect:UNAVAILABLE: StrError(): Connection reset by peer
webRTC(6353)  E 10-07 07:09:31  6353  6402 vsock_connection.cpp:224] Failed to connect:UNAVAILABLE: StrError(): Connection reset by peer
webRTC(6353)  E 10-07 07:09:32  6353  6402 vsock_connection.cpp:224] Failed to connect:UNAVAILABLE: StrError(): Connection reset by peer
webRTC(6353)  E 10-07 07:09:33  6353  6402 vsock_connection.cpp:224] Failed to connect:UNAVAILABLE: StrError(): Connection reset by peer
webRTC(6353)  E 10-07 07:09:34  6353  6402 vsock_connection.cpp:224] Failed to connect:UNAVAILABLE: StrError(): Connection reset by peer
webRTC(6353)  E 10-07 07:09:35  6353  6402 vsock_connection.cpp:224] Failed to connect:UNAVAILABLE: StrError(): Connection reset by peer
webRTC(6353)  E 10-07 07:09:36  6353  6402 vsock_connection.cpp:224] Failed to connect:UNAVAILABLE: StrError(): Connection reset by peer
webRTC(6353)  E 10-07 07:09:37  6353  6402 vsock_connection.cpp:224] Failed to connect:UNAVAILABLE: StrError(): Connection reset by peer
webRTC(6353)  E 10-07 07:09:38  6353  6402 vsock_connection.cpp:224] Failed to connect:UNAVAILABLE: StrError(): Connection reset by peer
webRTC(6353)  E 10-07 07:09:39  6353  6402 vsock_connection.cpp:224] Failed to connect:UNAVAILABLE: StrError(): Connection reset by peer
modem_simulator(6333)  D 10-07 07:09:39  6333  6337 channel_monitor.cpp:149] No client connected yet.
webRTC(6353)  E 10-07 07:09:40  6353  6402 vsock_connection.cpp:224] Failed to connect:UNAVAILABLE: StrError(): Connection reset by peer
webRTC(6353)  E 10-07 07:09:41  6353  6402 vsock_connection.cpp:224] Failed to connect:UNAVAILABLE: StrError(): Connection reset by peer
webRTC(6353)  E 10-07 07:09:42  6353  6402 vsock_connection.cpp:224] Failed to connect:UNAVAILABLE: StrError(): Connection reset by peer
webRTC(6353)  E 10-07 07:09:43  6353  6402 vsock_connection.cpp:224] Failed to connect:UNAVAILABLE: StrError(): Connection reset by peer
webRTC(6353)  E 10-07 07:09:44  6353  6402 vsock_connection.cpp:224] Failed to connect:UNAVAILABLE: StrError(): Connection reset by peer
webRTC(6353)  E 10-07 07:09:45  6353  6402 vsock_connection.cpp:224] Failed to connect:UNAVAILABLE: StrError(): Connection reset by peer
webRTC(6353)  E 10-07 07:09:46  6353  6402 vsock_connection.cpp:224] Failed to connect:UNAVAILABLE: StrError(): Connection reset by peer
webRTC(6353)  E 10-07 07:09:47  6353  6402 vsock_connection.cpp:224] Failed to connect:UNAVAILABLE: StrError(): Connection reset by peer
webRTC(6353)  E 10-07 07:09:48  6353  6402 vsock_connection.cpp:224] Failed to connect:UNAVAILABLE: StrError(): Connection reset by peer
webRTC(6353)  E 10-07 07:09:49  6353  6402 vsock_connection.cpp:224] Failed to connect:UNAVAILABLE: StrError(): Connection reset by peer
modem_simulator(6333)  D 10-07 07:09:49  6333  6337 channel_monitor.cpp:149] No client connected yet.
webRTC(6353)  E 10-07 07:09:50  6353  6402 vsock_connection.cpp:224] Failed to connect:UNAVAILABLE: StrError(): Connection reset by peer
webRTC(6353)  E 10-07 07:09:51  6353  6402 vsock_connection.cpp:224] Failed to connect:UNAVAILABLE: StrError(): Connection reset by peer
webRTC(6353)  E 10-07 07:09:52  6353  6402 vsock_connection.cpp:224] Failed to connect:UNAVAILABLE: StrError(): Connection reset by peer
webRTC(6353)  E 10-07 07:09:53  6353  6402 vsock_connection.cpp:224] Failed to connect:UNAVAILABLE: StrError(): Connection reset by peer
webRTC(6353)  E 10-07 07:09:54  6353  6402 vsock_connection.cpp:224] Failed to connect:UNAVAILABLE: StrError(): Connection reset by peer
webRTC(6353)  E 10-07 07:09:55  6353  6402 vsock_connection.cpp:224] Failed to connect:UNAVAILABLE: StrError(): Connection reset by peer
webRTC(6353)  E 10-07 07:09:56  6353  6402 vsock_connection.cpp:224] Failed to connect:UNAVAILABLE: StrError(): Connection reset by peer
webRTC(6353)  E 10-07 07:09:57  6353  6402 vsock_connection.cpp:224] Failed to connect:UNAVAILABLE: StrError(): Connection reset by peer
webRTC(6353)  E 10-07 07:09:58  6353  6402 vsock_connection.cpp:224] Failed to connect:UNAVAILABLE: StrError(): Connection reset by peer
webRTC(6353)  E 10-07 07:09:59  6353  6402 vsock_connection.cpp:224] Failed to connect:UNAVAILABLE: StrError(): Connection reset by peer
modem_simulator(6333)  D 10-07 07:09:59  6333  6337 channel_monitor.cpp:149] No client connected yet.
webRTC(6353)  E 10-07 07:10:00  6353  6402 vsock_connection.cpp:224] Failed to connect:UNAVAILABLE: StrError(): Connection reset by peer
webRTC(6353)  E 10-07 07:10:01  6353  6402 vsock_connection.cpp:224] Failed to connect:UNAVAILABLE: StrError(): Connection reset by peer
webRTC(6353)  E 10-07 07:10:02  6353  6402 vsock_connection.cpp:224] Failed to connect:UNAVAILABLE: StrError(): Connection reset by peer
webRTC(6353)  E 10-07 07:10:03  6353  6402 vsock_connection.cpp:224] Failed to connect:UNAVAILABLE: StrError(): Connection reset by peer
webRTC(6353)  E 10-07 07:10:04  6353  6402 vsock_connection.cpp:224] Failed to connect:UNAVAILABLE: StrError(): Connection reset by peer
webRTC(6353)  E 10-07 07:10:05  6353  6402 vsock_connection.cpp:224] Failed to connect:UNAVAILABLE: StrError(): Connection reset by peer
webRTC(6353)  E 10-07 07:10:06  6353  6402 vsock_connection.cpp:224] Failed to connect:UNAVAILABLE: StrError(): Connection reset by peer
webRTC(6353)  E 10-07 07:10:07  6353  6402 vsock_connection.cpp:224] Failed to connect:UNAVAILABLE: StrError(): Connection reset by peer
webRTC(6353)  E 10-07 07:10:08  6353  6402 vsock_connection.cpp:224] Failed to connect:UNAVAILABLE: StrError(): Connection reset by peer
webRTC(6353)  E 10-07 07:10:09  6353  6402 vsock_connection.cpp:224] Failed to connect:UNAVAILABLE: StrError(): Connection reset by peer
modem_simulator(6333)  D 10-07 07:10:09  6333  6337 channel_monitor.cpp:149] No client connected yet.
webRTC(6353)  E 10-07 07:10:10  6353  6402 vsock_connection.cpp:224] Failed to connect:UNAVAILABLE: StrError(): Connection reset by peer
webRTC(6353)  E 10-07 07:10:11  6353  6402 vsock_connection.cpp:224] Failed to connect:UNAVAILABLE: StrError(): Connection reset by peer
webRTC(6353)  E 10-07 07:10:12  6353  6402 vsock_connection.cpp:224] Failed to connect:UNAVAILABLE: StrError(): Connection reset by peer
webRTC(6353)  E 10-07 07:10:13  6353  6402 vsock_connection.cpp:224] Failed to connect:UNAVAILABLE: StrError(): Connection reset by peer
webRTC(6353)  E 10-07 07:10:14  6353  6402 vsock_connection.cpp:224] Failed to connect:UNAVAILABLE: StrError(): Connection reset by peer
webRTC(6353)  E 10-07 07:10:15  6353  6402 vsock_connection.cpp:224] Failed to connect:UNAVAILABLE: StrError(): Connection reset by peer
webRTC(6353)  E 10-07 07:10:16  6353  6402 vsock_connection.cpp:224] Failed to connect:UNAVAILABLE: StrError(): Connection reset by peer
webRTC(6353)  E 10-07 07:10:17  6353  6402 vsock_connection.cpp:224] Failed to connect:UNAVAILABLE: StrError(): Connection reset by peer
webRTC(6353)  E 10-07 07:10:18  6353  6402 vsock_connection.cpp:224] Failed to connect:UNAVAILABLE: StrError(): Connection reset by peer
webRTC(6353)  E 10-07 07:10:19  6353  6402 vsock_connection.cpp:224] Failed to connect:UNAVAILABLE: StrError(): Connection reset by peer
modem_simulator(6333)  D 10-07 07:10:19  6333  6337 channel_monitor.cpp:149] No client connected yet.
webRTC(6353)  E 10-07 07:10:20  6353  6402 vsock_connection.cpp:224] Failed to connect:UNAVAILABLE: StrError(): Connection reset by peer
webRTC(6353)  E 10-07 07:10:21  6353  6402 vsock_connection.cpp:224] Failed to connect:UNAVAILABLE: StrError(): Connection reset by peer
webRTC(6353)  E 10-07 07:10:22  6353  6402 vsock_connection.cpp:224] Failed to connect:UNAVAILABLE: StrError(): Connection reset by peer
webRTC(6353)  E 10-07 07:10:23  6353  6402 vsock_connection.cpp:224] Failed to connect:UNAVAILABLE: StrError(): Connection reset by peer
webRTC(6353)  E 10-07 07:10:24  6353  6402 vsock_connection.cpp:224] Failed to connect:UNAVAILABLE: StrError(): Connection reset by peer
webRTC(6353)  E 10-07 07:10:25  6353  6402 vsock_connection.cpp:224] Failed to connect:UNAVAILABLE: StrError(): Connection reset by peer
webRTC(6353)  E 10-07 07:10:26  6353  6402 vsock_connection.cpp:224] Failed to connect:UNAVAILABLE: StrError(): Connection reset by peer
webRTC(6353)  E 10-07 07:10:27  6353  6402 vsock_connection.cpp:224] Failed to connect:UNAVAILABLE: StrError(): Connection reset by peer
webRTC(6353)  E 10-07 07:10:28  6353  6402 vsock_connection.cpp:224] Failed to connect:UNAVAILABLE: StrError(): Connection reset by peer
webRTC(6353)  E 10-07 07:10:29  6353  6402 vsock_connection.cpp:224] Failed to connect:UNAVAILABLE: StrError(): Connection reset by peer
modem_simulator(6333)  D 10-07 07:10:29  6333  6337 channel_monitor.cpp:149] No client connected yet.
webRTC(6353)  E 10-07 07:10:30  6353  6402 vsock_connection.cpp:224] Failed to connect:UNAVAILABLE: StrError(): Connection reset by peer
webRTC(6353)  E 10-07 07:10:31  6353  6402 vsock_connection.cpp:224] Failed to connect:UNAVAILABLE: StrError(): Connection reset by peer
webRTC(6353)  E 10-07 07:10:32  6353  6402 vsock_connection.cpp:224] Failed to connect:UNAVAILABLE: StrError(): Connection reset by peer
webRTC(6353)  E 10-07 07:10:33  6353  6402 vsock_connection.cpp:224] Failed to connect:UNAVAILABLE: StrError(): Connection reset by peer
webRTC(6353)  E 10-07 07:10:34  6353  6402 vsock_connection.cpp:224] Failed to connect:UNAVAILABLE: StrError(): Connection reset by peer
webRTC(6353)  E 10-07 07:10:35  6353  6402 vsock_connection.cpp:224] Failed to connect:UNAVAILABLE: StrError(): Connection reset by peer
webRTC(6353)  E 10-07 07:10:36  6353  6402 vsock_connection.cpp:224] Failed to connect:UNAVAILABLE: StrError(): Connection reset by peer
webRTC(6353)  E 10-07 07:10:37  6353  6402 vsock_connection.cpp:224] Failed to connect:UNAVAILABLE: StrError(): Connection reset by peer
webRTC(6353)  E 10-07 07:10:38  6353  6402 vsock_connection.cpp:224] Failed to connect:UNAVAILABLE: StrError(): Connection reset by peer
webRTC(6353)  E 10-07 07:10:39  6353  6402 vsock_connection.cpp:224] Failed to connect:UNAVAILABLE: StrError(): Connection reset by peer
modem_simulator(6333)  D 10-07 07:10:39  6333  6337 channel_monitor.cpp:149] No client connected yet.
webRTC(6353)  E 10-07 07:10:40  6353  6402 vsock_connection.cpp:224] Failed to connect:UNAVAILABLE: StrError(): Connection reset by peer
webRTC(6353)  E 10-07 07:10:41  6353  6402 vsock_connection.cpp:224] Failed to connect:UNAVAILABLE: StrError(): Connection reset by peer
webRTC(6353)  E 10-07 07:10:42  6353  6402 vsock_connection.cpp:224] Failed to connect:UNAVAILABLE: StrError(): Connection reset by peer
webRTC(6353)  E 10-07 07:10:43  6353  6402 vsock_connection.cpp:224] Failed to connect:UNAVAILABLE: StrError(): Connection reset by peer
webRTC(6353)  E 10-07 07:10:44  6353  6402 vsock_connection.cpp:224] Failed to connect:UNAVAILABLE: StrError(): Connection reset by peer
webRTC(6353)  E 10-07 07:10:45  6353  6402 vsock_connection.cpp:224] Failed to connect:UNAVAILABLE: StrError(): Connection reset by peer
webRTC(6353)  E 10-07 07:10:46  6353  6402 vsock_connection.cpp:224] Failed to connect:UNAVAILABLE: StrError(): Connection reset by peer
webRTC(6353)  E 10-07 07:10:47  6353  6402 vsock_connection.cpp:224] Failed to connect:UNAVAILABLE: StrError(): Connection reset by peer
webRTC(6353)  E 10-07 07:10:48  6353  6402 vsock_connection.cpp:224] Failed to connect:UNAVAILABLE: StrError(): Connection reset by peer
webRTC(6353)  E 10-07 07:10:49  6353  6402 vsock_connection.cpp:224] Failed to connect:UNAVAILABLE: StrError(): Connection reset by peer
modem_simulator(6333)  D 10-07 07:10:49  6333  6337 channel_monitor.cpp:149] No client connected yet.
webRTC(6353)  E 10-07 07:10:50  6353  6402 vsock_connection.cpp:224] Failed to connect:UNAVAILABLE: StrError(): Connection reset by peer
webRTC(6353)  E 10-07 07:10:51  6353  6402 vsock_connection.cpp:224] Failed to connect:UNAVAILABLE: StrError(): Connection reset by peer
webRTC(6353)  E 10-07 07:10:52  6353  6402 vsock_connection.cpp:224] Failed to connect:UNAVAILABLE: StrError(): Connection reset by peer
webRTC(6353)  E 10-07 07:10:53  6353  6402 vsock_connection.cpp:224] Failed to connect:UNAVAILABLE: StrError(): Connection reset by peer
webRTC(6353)  E 10-07 07:10:54  6353  6402 vsock_connection.cpp:224] Failed to connect:UNAVAILABLE: StrError(): Connection reset by peer
webRTC(6353)  E 10-07 07:10:55  6353  6402 vsock_connection.cpp:224] Failed to connect:UNAVAILABLE: StrError(): Connection reset by peer
webRTC(6353)  E 10-07 07:10:56  6353  6402 vsock_connection.cpp:224] Failed to connect:UNAVAILABLE: StrError(): Connection reset by peer
webRTC(6353)  E 10-07 07:10:57  6353  6402 vsock_connection.cpp:224] Failed to connect:UNAVAILABLE: StrError(): Connection reset by peer
webRTC(6353)  E 10-07 07:10:58  6353  6402 vsock_connection.cpp:224] Failed to connect:UNAVAILABLE: StrError(): Connection reset by peer
webRTC(6353)  E 10-07 07:10:59  6353  6402 vsock_connection.cpp:224] Failed to connect:UNAVAILABLE: StrError(): Connection reset by peer
modem_simulator(6333)  D 10-07 07:10:59  6333  6337 channel_monitor.cpp:149] No client connected yet.
webRTC(6353)  E 10-07 07:11:00  6353  6402 vsock_connection.cpp:224] Failed to connect:UNAVAILABLE: StrError(): Connection reset by peer
webRTC(6353)  E 10-07 07:11:01  6353  6402 vsock_connection.cpp:224] Failed to connect:UNAVAILABLE: StrError(): Connection reset by peer
webRTC(6353)  E 10-07 07:11:02  6353  6402 vsock_connection.cpp:224] Failed to connect:UNAVAILABLE: StrError(): Connection reset by peer
webRTC(6353)  E 10-07 07:11:03  6353  6402 vsock_connection.cpp:224] Failed to connect:UNAVAILABLE: StrError(): Connection reset by peer
webRTC(6353)  E 10-07 07:11:04  6353  6402 vsock_connection.cpp:224] Failed to connect:UNAVAILABLE: StrError(): Connection reset by peer
webRTC(6353)  E 10-07 07:11:05  6353  6402 vsock_connection.cpp:224] Failed to connect:UNAVAILABLE: StrError(): Connection reset by peer
webRTC(6353)  E 10-07 07:11:06  6353  6402 vsock_connection.cpp:224] Failed to connect:UNAVAILABLE: StrError(): Connection reset by peer
webRTC(6353)  E 10-07 07:11:07  6353  6402 vsock_connection.cpp:224] Failed to connect:UNAVAILABLE: StrError(): Connection reset by peer
webRTC(6353)  E 10-07 07:11:08  6353  6402 vsock_connection.cpp:224] Failed to connect:UNAVAILABLE: StrError(): Connection reset by peer
webRTC(6353)  E 10-07 07:11:09  6353  6402 vsock_connection.cpp:224] Failed to connect:UNAVAILABLE: StrError(): Connection reset by peer
modem_simulator(6333)  D 10-07 07:11:09  6333  6337 channel_monitor.cpp:149] No client connected yet.
log_tee(6418)  D 10-07 07:11:09  6418  6418 log_tee.cpp:185] for application:'aera-flutter' instance:0x7f3058029a60. ASTC emulation:on CPU decoding:off. Protected memory:off
log_tee(6418)  D 10-07 07:11:09  6418  6418 log_tee.cpp:185] [vk_decoder_global_state.cpp(2752)] Destroyed VkDevice:0x7f3058080b70
log_tee(6418)  D 10-07 07:11:09  6418  6418 log_tee.cpp:185] [vk_decoder_global_state.cpp(10570)] Destroyed VkInstance:0x7f3058029a60 for application:'aera-flutter' engine:''.
log_tee(6418)  D 10-07 07:11:09  6418  6418 log_tee.cpp:185] [vk_decoder_global_state.cpp(1150)] Created VkInstance:0x7f306c02bb60 for application:'aera-flutter' engine:''.
log_tee(6418)  D 10-07 07:11:09  6418  6418 log_tee.cpp:185] [vk_decoder_global_state.cpp(2359)] Created VkDevice:0x7f306c082c70 for application:'aera-flutter' instance:0x7f306c02bb60. ASTC emulation:on CPU decoding:off. Protected memory:off
log_tee(6418)  D 10-07 07:11:09  6418  6418 log_tee.cpp:185] [vk_decoder_global_state.cpp(2752)] Destroyed VkDevice:0x7f306c082c70
log_tee(6418)  D 10-07 07:11:09  6418  6418 log_tee.cpp:185] [vk_decoder_global_state.cpp(10570)] Destroyed VkInstance:0x7f306c02bb60 for application:'aera-flutter' engine:''.
log_tee(6418)  D 10-07 07:11:09  6418  6418 log_tee.cpp:185] [vk_decoder_global_state.cpp(1150)] Created VkInstance:0x7f3070029a60 for application:'aera-flutter' engine:''.
log_tee(6418)  D 10-07 07:11:09  6418  6418 log_tee.cpp:185] [vk_decoder_global_state.cpp(2359)] Created VkDevice:0x7f3070080b70 for application:'aera-flutter' instance:0x7f3070029a60. ASTC emulation:on CPU decoding:off. Protected memory:off
log_tee(6418)  D 10-07 07:11:09  6418  6418 log_tee.cpp:185] [vk_decoder_global_state.cpp(2752)] Destroyed VkDevice:0x7f3070080b70
log_tee(6418)  D 10-07 07:11:09  6418  6418 log_tee.cpp:185] [vk_decoder_global_state.cpp(10570)] Destroyed VkInstance:0x7f3070029a60 for application:'aera-flutter' engine:''.
log_tee(6418)  D 10-07 07:11:09  6418  6418 log_tee.cpp:185] [vk_decoder_global_state.cpp(1150)] Created VkInstance:0x7f3084029580 for application:'aera-flutter' engine:''.
log_tee(6418)  D 10-07 07:11:09  6418  6418 log_tee.cpp:185] [vk_decoder_global_state.cpp(2359)] Created VkDevice:0x7f3084080690 for application:'aera-flutter' instance:0x7f3084029580. ASTC emulation:on CPU decoding:off. Protected memory:off
log_tee(6418)  D 10-07 07:11:09  6418  6418 log_tee.cpp:185] [vk_decoder_global_state.cpp(2752)] Destroyed VkDevice:0x7f3084080690
log_tee(6418)  D 10-07 07:11:09  6418  6418 log_tee.cpp:185] [vk_decoder_global_state.cpp(10570)] Destroyed VkInstance:0x7f3084029580 for application:'aera-flutter' engine:''.
log_tee(6418)  D 10-07 07:11:09  6418  6418 log_tee.cpp:185] [vk_decoder_global_state.cpp(1150)] Created VkInstance:0x7f3088059ba0 for application:'aera-flutter' engine:''.
log_tee(6418)  D 10-07 07:11:09  6418  6418 log_tee.cpp:185] [vk_decoder_global_state.cpp(2359)] Created VkDevice:0x7f3088105a00 for application:'aera-flutter' instance:0x7f3088059ba0. ASTC emulation:on CPU decoding:off. Protected memory:off
log_tee(6418)  D 10-07 07:11:09  6418  6418 log_tee.cpp:185] [vk_decoder_global_state.cpp(2752)] Destroyed VkDevice:0x7f3088105a00
log_tee(6418)  D 10-07 07:11:09  6418  6418 log_tee.cpp:185] [vk_decoder_global_state.cpp(10570)] Destroyed VkInstance:0x7f3088059ba0 for application:'aera-flutter' engine:''.
log_tee(6418)  D 10-07 07:11:09  6418  6418 log_tee.cpp:185] [vk_decoder_global_state.cpp(1150)] Created VkInstance:0x7f30b00de9b0 for application:'aera-flutter' engine:''.
log_tee(6418)  D 10-07 07:11:09  6418  6418 log_tee.cpp:185] [vk_decoder_global_state.cpp(2359)] Created VkDevice:0x7f30b01350b0 for application:'aera-flutter' instance:0x7f30b00de9b0. ASTC emulation:on CPU decoding:off. Protected memory:off
log_tee(6418)  D 10-07 07:11:09  6418  6418 log_tee.cpp:185] [vk_decoder_global_state.cpp(2752)] Destroyed VkDevice:0x7f30b01350b0
log_tee(6418)  D 10-07 07:11:09  6418  6418 log_tee.cpp:185] [vk_decoder_global_state.cpp(10570)] Destroyed VkInstance:0x7f30b00de9b0 for application:'aera-flutter' engine:''.
log_tee(6418)  D 10-07 07:11:09  6418  6418 log_tee.cpp:185] [vk_decoder_global_state.cpp(1150)] Created VkInstance:0x7f30b80c1ac0 for application:'aera-flutter' engine:''.
log_tee(6418)  D 10-07 07:11:09  6418  6418 log_tee.cpp:185] [vk_decoder_global_state.cpp(2359)] Created VkDevice:0x7f30b847a3e0 for application:'aera-flutter' instance:0x7f30b80c1ac0. ASTC emulation:on CPU decoding:off. Protected memory:off
log_tee(6418)  D 10-07 07:11:09  6418  6418 log_tee.cpp:185] [vk_decoder_global_state.cpp(2752)] Destroyed VkDevice:0x7f30b847a3e0
log_tee(6418)  D 10-07 07:11:09  6418  6418 log_tee.cpp:185] [vk_decoder_global_state.cpp(10570)] Destroyed VkInstance:0x7f30b80c1ac0 for application:'aera-flutter' engine:''.
log_tee(6418)  D 10-07 07:11:09  6418  6418 log_tee.cpp:185] [vk_decoder_global_state.cpp(1150)] Created VkInstance:0x7f30d0933d90 for application:'aera-flutter' engine:''.
log_tee(6418)  D 10-07 07:11:09  6418  6418 log_tee.cpp:185] [vk_decoder_global_state.cpp(2359)] Created VkDevice:0x7f30d0967a60 for application:'aera-flutter' instance:0x7f30d0933d90. ASTC emulation:on CPU decoding:off. Protected memory:off
log_tee(6418)  D 10-07 07:11:09  6418  6418 log_tee.cpp:185] [vk_decoder_global_state.cpp(2752)] Destroyed VkDevice:0x7f30d0967a60
log_tee(6418)  D 10-07 07:11:09  6418  6418 log_tee.cpp:185] [vk_decoder_global_state.cpp(10570)] Destroyed VkInstance:0x7f30d0933d90 for application:'aera-flutter' engine:''.
log_tee(6418)  D 10-07 07:11:09  6418  6418 log_tee.cpp:185] [vk_decoder_global_state.cpp(1150)] Created VkInstance:0x7f303804c450 for application:'aera-flutter' engine:''.
log_tee(6418)  D 10-07 07:11:09  6418  6418 log_tee.cpp:185] [vk_decoder_global_state.cpp(2359)] Created VkDevice:0x7f30380a31e0 for application:'aera-flutter' instance:0x7f303804c450. ASTC emulation:on CPU decoding:off. Protected memory:off
log_tee(6418)  D 10-07 07:11:09  6418  6418 log_tee.cpp:185] [vk_decoder_global_state.cpp(2752)] Destroyed VkDevice:0x7f30380a31e0
log_tee(6418)  D 10-07 07:11:09  6418  6418 log_tee.cpp:185] [vk_decoder_global_state.cpp(10570)] Destroyed VkInstance:0x7f303804c450 for application
webRTC(6353)  E 10-07 07:11:10  6353  6402 vsock_connection.cpp:224] Failed to connect:UNAVAILABLE: StrError(): Connection reset by peer
webRTC(6353)  E 10-07 07:11:11  6353  6402 vsock_connection.cpp:224] Failed to connect:UNAVAILABLE: StrError(): Connection reset by peer
webRTC(6353)  E 10-07 07:11:12  6353  6402 vsock_connection.cpp:224] Failed to connect:UNAVAILABLE: StrError(): Connection reset by peer
webRTC(6353)  E 10-07 07:11:13  6353  6402 vsock_connection.cpp:224] Failed to connect:UNAVAILABLE: StrError(): Connection reset by peer
webRTC(6353)  E 10-07 07:11:14  6353  6402 vsock_connection.cpp:224] Failed to connect:UNAVAILABLE: StrError(): Connection reset by peer
webRTC(6353)  E 10-07 07:11:15  6353  6402 vsock_connection.cpp:224] Failed to connect:UNAVAILABLE: StrError(): Connection reset by peer
webRTC(6353)  E 10-07 07:11:16  6353  6402 vsock_connection.cpp:224] Failed to connect:UNAVAILABLE: StrError(): Connection reset by peer
webRTC(6353)  E 10-07 07:11:17  6353  6402 vsock_connection.cpp:224] Failed to connect:UNAVAILABLE: StrError(): Connection reset by peer
webRTC(6353)  E 10-07 07:11:18  6353  6402 vsock_connection.cpp:224] Failed to connect:UNAVAILABLE: StrError(): Connection reset by peer
webRTC(6353)  E 10-07 07:11:19  6353  6402 vsock_connection.cpp:224] Failed to connect:UNAVAILABLE: StrError(): Connection reset by peer
modem_simulator(6333)  D 10-07 07:11:19  6333  6337 channel_monitor.cpp:149] No client connected yet.
webRTC(6353)  E 10-07 07:11:20  6353  6402 vsock_connection.cpp:224] Failed to connect:UNAVAILABLE: StrError(): Connection reset by peer
webRTC(6353)  E 10-07 07:11:21  6353  6402 vsock_connection.cpp:224] Failed to connect:UNAVAILABLE: StrError(): Connection reset by peer
webRTC(6353)  E 10-07 07:11:22  6353  6402 vsock_connection.cpp:224] Failed to connect:UNAVAILABLE: StrError(): Connection reset by peer
webRTC(6353)  E 10-07 07:11:23  6353  6402 vsock_connection.cpp:224] Failed to connect:UNAVAILABLE: StrError(): Connection reset by peer
webRTC(6353)  E 10-07 07:11:24  6353  6402 vsock_connection.cpp:224] Failed to connect:UNAVAILABLE: StrError(): Connection reset by peer
webRTC(6353)  E 10-07 07:11:25  6353  6402 vsock_connection.cpp:224] Failed to connect:UNAVAILABLE: StrError(): Connection reset by peer
webRTC(6353)  E 10-07 07:11:26  6353  6402 vsock_connection.cpp:224] Failed to connect:UNAVAILABLE: StrError(): Connection reset by peer
webRTC(6353)  E 10-07 07:11:27  6353  6402 vsock_connection.cpp:224] Failed to connect:UNAVAILABLE: StrError(): Connection reset by peer
webRTC(6353)  E 10-07 07:11:28  6353  6402 vsock_connection.cpp:224] Failed to connect:UNAVAILABLE: StrError(): Connection reset by peer
webRTC(6353)  E 10-07 07:11:29  6353  6402 vsock_connection.cpp:224] Failed to connect:UNAVAILABLE: StrError(): Connection reset by peer
modem_simulator(6333)  D 10-07 07:11:29  6333  6337 channel_monitor.cpp:149] No client connected yet.
webRTC(6353)  E 10-07 07:11:30  6353  6402 vsock_connection.cpp:224] Failed to connect:UNAVAILABLE: StrError(): Connection reset by peer
webRTC(6353)  E 10-07 07:11:31  6353  6402 vsock_connection.cpp:224] Failed to connect:UNAVAILABLE: StrError(): Connection reset by peer
webRTC(6353)  E 10-07 07:11:32  6353  6402 vsock_connection.cpp:224] Failed to connect:UNAVAILABLE: StrError(): Connection reset by peer
webRTC(6353)  E 10-07 07:11:33  6353  6402 vsock_connection.cpp:224] Failed to connect:UNAVAILABLE: StrError(): Connection reset by peer
webRTC(6353)  E 10-07 07:11:34  6353  6402 vsock_connection.cpp:224] Failed to connect:UNAVAILABLE: StrError(): Connection reset by peer
webRTC(6353)  E 10-07 07:11:35  6353  6402 vsock_connection.cpp:224] Failed to connect:UNAVAILABLE: StrError(): Connection reset by peer
webRTC(6353)  E 10-07 07:11:36  6353  6402 vsock_connection.cpp:224] Failed to connect:UNAVAILABLE: StrError(): Connection reset by peer
webRTC(6353)  E 10-07 07:11:37  6353  6402 vsock_connection.cpp:224] Failed to connect:UNAVAILABLE: StrError(): Connection reset by peer
webRTC(6353)  E 10-07 07:11:38  6353  6402 vsock_connection.cpp:224] Failed to connect:UNAVAILABLE: StrError(): Connection reset by peer
webRTC(6353)  E 10-07 07:11:39  6353  6402 vsock_connection.cpp:224] Failed to connect:UNAVAILABLE: StrError(): Connection reset by peer
modem_simulator(6333)  D 10-07 07:11:39  6333  6337 channel_monitor.cpp:149] No client connected yet.
webRTC(6353)  E 10-07 07:11:40  6353  6402 vsock_connection.cpp:224] Failed to connect:UNAVAILABLE: StrError(): Connection reset by peer
webRTC(6353)  E 10-07 07:11:41  6353  6402 vsock_connection.cpp:224] Failed to connect:UNAVAILABLE: StrError(): Connection reset by peer
webRTC(6353)  E 10-07 07:11:42  6353  6402 vsock_connection.cpp:224] Failed to connect:UNAVAILABLE: StrError(): Connection reset by peer
webRTC(6353)  E 10-07 07:11:43  6353  6402 vsock_connection.cpp:224] Failed to connect:UNAVAILABLE: StrError(): Connection reset by peer
webRTC(6353)  E 10-07 07:11:44  6353  6402 vsock_connection.cpp:224] Failed to connect:UNAVAILABLE: StrError(): Connection reset by peer
webRTC(6353)  E 10-07 07:11:45  6353  6402 vsock_connection.cpp:224] Failed to connect:UNAVAILABLE: StrError(): Connection reset by peer
webRTC(6353)  E 10-07 07:11:46  6353  6402 vsock_connection.cpp:224] Failed to connect:UNAVAILABLE: StrError(): Connection reset by peer
webRTC(6353)  E 10-07 07:11:47  6353  6402 vsock_connection.cpp:224] Failed to connect:UNAVAILABLE: StrError(): Connection reset by peer
webRTC(6353)  E 10-07 07:11:48  6353  6402 vsock_connection.cpp:224] Failed to connect:UNAVAILABLE: StrError(): Connection reset by peer
webRTC(6353)  E 10-07 07:11:49  6353  6402 vsock_connection.cpp:224] Failed to connect:UNAVAILABLE: StrError(): Connection reset by peer
modem_simulator(6333)  D 10-07 07:11:49  6333  6337 channel_monitor.cpp:149] No client connected yet.
webRTC(6353)  E 10-07 07:11:50  6353  6402 vsock_connection.cpp:224] Failed to connect:UNAVAILABLE: StrError(): Connection reset by peer
webRTC(6353)  E 10-07 07:11:51  6353  6402 vsock_connection.cpp:224] Failed to connect:UNAVAILABLE: StrError(): Connection reset by peer
webRTC(6353)  E 10-07 07:11:52  6353  6402 vsock_connection.cpp:224] Failed to connect:UNAVAILABLE: StrError(): Connection reset by peer
webRTC(6353)  E 10-07 07:11:53  6353  6402 vsock_connection.cpp:224] Failed to connect:UNAVAILABLE: StrError(): Connection reset by peer
webRTC(6353)  E 10-07 07:11:54  6353  6402 vsock_connection.cpp:224] Failed to connect:UNAVAILABLE: StrError(): Connection reset by peer
webRTC(6353)  E 10-07 07:11:55  6353  6402 vsock_connection.cpp:224] Failed to connect:UNAVAILABLE: StrError(): Connection reset by peer
webRTC(6353)  E 10-07 07:11:56  6353  6402 vsock_connection.cpp:224] Failed to connect:UNAVAILABLE: StrError(): Connection reset by peer
webRTC(6353)  E 10-07 07:11:57  6353  6402 vsock_connection.cpp:224] Failed to connect:UNAVAILABLE: StrError(): Connection reset by peer
webRTC(6353)  E 10-07 07:11:58  6353  6402 vsock_connection.cpp:224] Failed to connect:UNAVAILABLE: StrError(): Connection reset by peer
webRTC(6353)  E 10-07 07:11:59  6353  6402 vsock_connection.cpp:224] Failed to connect:UNAVAILABLE: StrError(): Connection reset by peer
modem_simulator(6333)  D 10-07 07:11:59  6333  6337 channel_monitor.cpp:149] No client connected yet.
webRTC(6353)  E 10-07 07:12:00  6353  6402 vsock_connection.cpp:224] Failed to connect:UNAVAILABLE: StrError(): Connection reset by peer
webRTC(6353)  E 10-07 07:12:01  6353  6402 vsock_connection.cpp:224] Failed to connect:UNAVAILABLE: StrError(): Connection reset by peer
webRTC(6353)  E 10-07 07:12:02  6353  6402 vsock_connection.cpp:224] Failed to connect:UNAVAILABLE: StrError(): Connection reset by peer
webRTC(6353)  E 10-07 07:12:03  6353  6402 vsock_connection.cpp:224] Failed to connect:UNAVAILABLE: StrError(): Connection reset by peer
webRTC(6353)  E 10-07 07:12:04  6353  6402 vsock_connection.cpp:224] Failed to connect:UNAVAILABLE: StrError(): Connection reset by peer
webRTC(6353)  E 10-07 07:12:05  6353  6402 vsock_connection.cpp:224] Failed to connect:UNAVAILABLE: StrError(): Connection reset by peer
webRTC(6353)  E 10-07 07:12:06  6353  6402 vsock_connection.cpp:224] Failed to connect:UNAVAILABLE: StrError(): Connection reset by peer
webRTC(6353)  E 10-07 07:12:07  6353  6402 vsock_connection.cpp:224] Failed to connect:UNAVAILABLE: StrError(): Connection reset by peer
webRTC(6353)  E 10-07 07:12:08  6353  6402 vsock_connection.cpp:224] Failed to connect:UNAVAILABLE: StrError(): Connection reset by peer
webRTC(6353)  E 10-07 07:12:09  6353  6402 vsock_connection.cpp:224] Failed to connect:UNAVAILABLE: StrError(): Connection reset by peer
modem_simulator(6333)  D 10-07 07:12:09  6333  6337 channel_monitor.cpp:149] No client connected yet.
webRTC(6353)  E 10-07 07:12:10  6353  6402 vsock_connection.cpp:224] Failed to connect:UNAVAILABLE: StrError(): Connection reset by peer
webRTC(6353)  E 10-07 07:12:11  6353  6402 vsock_connection.cpp:224] Failed to connect:UNAVAILABLE: StrError(): Connection reset by peer
webRTC(6353)  E 10-07 07:12:12  6353  6402 vsock_connection.cpp:224] Failed to connect:UNAVAILABLE: StrError(): Connection reset by peer
webRTC(6353)  E 10-07 07:12:13  6353  6402 vsock_connection.cpp:224] Failed to connect:UNAVAILABLE: StrError(): Connection reset by peer
webRTC(6353)  E 10-07 07:12:14  6353  6402 vsock_connection.cpp:224] Failed to connect:UNAVAILABLE: StrError(): Connection reset by peer
webRTC(6353)  E 10-07 07:12:15  6353  6402 vsock_connection.cpp:224] Failed to connect:UNAVAILABLE: StrError(): Connection reset by peer
webRTC(6353)  E 10-07 07:12:16  6353  6402 vsock_connection.cpp:224] Failed to connect:UNAVAILABLE: StrError(): Connection reset by peer
webRTC(6353)  E 10-07 07:12:17  6353  6402 vsock_connection.cpp:224] Failed to connect:UNAVAILABLE: StrError(): Connection reset by peer
webRTC(6353)  E 10-07 07:12:18  6353  6402 vsock_connection.cpp:224] Failed to connect:UNAVAILABLE: StrError(): Connection reset by peer
webRTC(6353)  E 10-07 07:12:19  6353  6402 vsock_connection.cpp:224] Failed to connect:UNAVAILABLE: StrError(): Connection reset by peer
modem_simulator(6333)  D 10-07 07:12:19  6333  6337 channel_monitor.cpp:149] No client connected yet.
webRTC(6353)  E 10-07 07:12:20  6353  6402 vsock_connection.cpp:224] Failed to connect:UNAVAILABLE: StrError(): Connection reset by peer
webRTC(6353)  E 10-07 07:12:21  6353  6402 vsock_connection.cpp:224] Failed to connect:UNAVAILABLE: StrError(): Connection reset by peer
webRTC(6353)  E 10-07 07:12:22  6353  6402 vsock_connection.cpp:224] Failed to connect:UNAVAILABLE: StrError(): Connection reset by peer
webRTC(6353)  E 10-07 07:12:23  6353  6402 vsock_connection.cpp:224] Failed to connect:UNAVAILABLE: StrError(): Connection reset by peer
webRTC(6353)  E 10-07 07:12:24  6353  6402 vsock_connection.cpp:224] Failed to connect:UNAVAILABLE: StrError(): Connection reset by peer
webRTC(6353)  E 10-07 07:12:25  6353  6402 vsock_connection.cpp:224] Failed to connect:UNAVAILABLE: StrError(): Connection reset by peer
webRTC(6353)  E 10-07 07:12:26  6353  6402 vsock_connection.cpp:224] Failed to connect:UNAVAILABLE: StrError(): Connection reset by peer
webRTC(6353)  E 10-07 07:12:27  6353  6402 vsock_connection.cpp:224] Failed to connect:UNAVAILABLE: StrError(): Connection reset by peer
webRTC(6353)  E 10-07 07:12:28  6353  6402 vsock_connection.cpp:224] Failed to connect:UNAVAILABLE: StrError(): Connection reset by peer
webRTC(6353)  E 10-07 07:12:29  6353  6402 vsock_connection.cpp:224] Failed to connect:UNAVAILABLE: StrError(): Connection reset by peer
modem_simulator(6333)  D 10-07 07:12:29  6333  6337 channel_monitor.cpp:149] No client connected yet.
webRTC(6353)  E 10-07 07:12:30  6353  6402 vsock_connection.cpp:224] Failed to connect:UNAVAILABLE: StrError(): Connection reset by peer
webRTC(6353)  E 10-07 07:12:31  6353  6402 vsock_connection.cpp:224] Failed to connect:UNAVAILABLE: StrError(): Connection reset by peer
webRTC(6353)  E 10-07 07:12:32  6353  6402 vsock_connection.cpp:224] Failed to connect:UNAVAILABLE: StrError(): Connection reset by peer
webRTC(6353)  E 10-07 07:12:33  6353  6402 vsock_connection.cpp:224] Failed to connect:UNAVAILABLE: StrError(): Connection reset by peer
webRTC(6353)  E 10-07 07:12:34  6353  6402 vsock_connection.cpp:224] Failed to connect:UNAVAILABLE: StrError(): Connection reset by peer
webRTC(6353)  E 10-07 07:12:35  6353  6402 vsock_connection.cpp:224] Failed to connect:UNAVAILABLE: StrError(): Connection reset by peer
webRTC(6353)  E 10-07 07:12:36  6353  6402 vsock_connection.cpp:224] Failed to connect:UNAVAILABLE: StrError(): Connection reset by peer
webRTC(6353)  E 10-07 07:12:37  6353  6402 vsock_connection.cpp:224] Failed to connect:UNAVAILABLE: StrError(): Connection reset by peer
webRTC(6353)  E 10-07 07:12:38  6353  6402 vsock_connection.cpp:224] Failed to connect:UNAVAILABLE: StrError(): Connection reset by peer
webRTC(6353)  E 10-07 07:12:39  6353  6402 vsock_connection.cpp:224] Failed to connect:UNAVAILABLE: StrError(): Connection reset by peer
modem_simulator(6333)  D 10-07 07:12:39  6333  6337 channel_monitor.cpp:149] No client connected yet.
webRTC(6353)  E 10-07 07:12:40  6353  6402 vsock_connection.cpp:224] Failed to connect:UNAVAILABLE: StrError(): Connection reset by peer
webRTC(6353)  E 10-07 07:12:41  6353  6402 vsock_connection.cpp:224] Failed to connect:UNAVAILABLE: StrError(): Connection reset by peer
webRTC(6353)  E 10-07 07:12:42  6353  6402 vsock_connection.cpp:224] Failed to connect:UNAVAILABLE: StrError(): Connection reset by peer
webRTC(6353)  E 10-07 07:12:43  6353  6402 vsock_connection.cpp:224] Failed to connect:UNAVAILABLE: StrError(): Connection reset by peer
webRTC(6353)  E 10-07 07:12:44  6353  6402 vsock_connection.cpp:224] Failed to connect:UNAVAILABLE: StrError(): Connection reset by peer
webRTC(6353)  E 10-07 07:12:45  6353  6402 vsock_connection.cpp:224] Failed to connect:UNAVAILABLE: StrError(): Connection reset by peer
webRTC(6353)  E 10-07 07:12:46  6353  6402 vsock_connection.cpp:224] Failed to connect:UNAVAILABLE: StrError(): Connection reset by peer
webRTC(6353)  E 10-07 07:12:47  6353  6402 vsock_connection.cpp:224] Failed to connect:UNAVAILABLE: StrError(): Connection reset by peer
webRTC(6353)  E 10-07 07:12:48  6353  6402 vsock_connection.cpp:224] Failed to connect:UNAVAILABLE: StrError(): Connection reset by peer
webRTC(6353)  E 10-07 07:12:49  6353  6402 vsock_connection.cpp:224] Failed to connect:UNAVAILABLE: StrError(): Connection reset by peer
modem_simulator(6333)  D 10-07 07:12:49  6333  6337 channel_monitor.cpp:149] No client connected yet.
webRTC(6353)  E 10-07 07:12:50  6353  6402 vsock_connection.cpp:224] Failed to connect:UNAVAILABLE: StrError(): Connection reset by peer
webRTC(6353)  E 10-07 07:12:51  6353  6402 vsock_connection.cpp:224] Failed to connect:UNAVAILABLE: StrError(): Connection reset by peer
webRTC(6353)  E 10-07 07:12:52  6353  6402 vsock_connection.cpp:224] Failed to connect:UNAVAILABLE: StrError(): Connection reset by peer
webRTC(6353)  E 10-07 07:12:53  6353  6402 vsock_connection.cpp:224] Failed to connect:UNAVAILABLE: StrError(): Connection reset by peer
webRTC(6353)  E 10-07 07:12:54  6353  6402 vsock_connection.cpp:224] Failed to connect:UNAVAILABLE: StrError(): Connection reset by peer
webRTC(6353)  E 10-07 07:12:55  6353  6402 vsock_connection.cpp:224] Failed to connect:UNAVAILABLE: StrError(): Connection reset by peer
webRTC(6353)  E 10-07 07:12:56  6353  6402 vsock_connection.cpp:224] Failed to connect:UNAVAILABLE: StrError(): Connection reset by peer
webRTC(6353)  E 10-07 07:12:57  6353  6402 vsock_connection.cpp:224] Failed to connect:UNAVAILABLE: StrError(): Connection reset by peer
webRTC(6353)  E 10-07 07:12:58  6353  6402 vsock_connection.cpp:224] Failed to connect:UNAVAILABLE: StrError(): Connection reset by peer
webRTC(6353)  E 10-07 07:12:59  6353  6402 vsock_connection.cpp:224] Failed to connect:UNAVAILABLE: StrError(): Connection reset by peer
modem_simulator(6333)  D 10-07 07:12:59  6333  6337 channel_monitor.cpp:149] No client connected yet.
webRTC(6353)  E 10-07 07:13:00  6353  6402 vsock_connection.cpp:224] Failed to connect:UNAVAILABLE: StrError(): Connection reset by peer
webRTC(6353)  E 10-07 07:13:01  6353  6402 vsock_connection.cpp:224] Failed to connect:UNAVAILABLE: StrError(): Connection reset by peer
webRTC(6353)  E 10-07 07:13:02  6353  6402 vsock_connection.cpp:224] Failed to connect:UNAVAILABLE: StrError(): Connection reset by peer
webRTC(6353)  E 10-07 07:13:03  6353  6402 vsock_connection.cpp:224] Failed to connect:UNAVAILABLE: StrError(): Connection reset by peer
webRTC(6353)  E 10-07 07:13:04  6353  6402 vsock_connection.cpp:224] Failed to connect:UNAVAILABLE: StrError(): Connection reset by peer
webRTC(6353)  E 10-07 07:13:05  6353  6402 vsock_connection.cpp:224] Failed to connect:UNAVAILABLE: StrError(): Connection reset by peer
webRTC(6353)  E 10-07 07:13:06  6353  6402 vsock_connection.cpp:224] Failed to connect:UNAVAILABLE: StrError(): Connection reset by peer
webRTC(6353)  E 10-07 07:13:07  6353  6402 vsock_connection.cpp:224] Failed to connect:UNAVAILABLE: StrError(): Connection reset by peer
webRTC(6353)  E 10-07 07:13:08  6353  6402 vsock_connection.cpp:224] Failed to connect:UNAVAILABLE: StrError(): Connection reset by peer
webRTC(6353)  E 10-07 07:13:09  6353  6402 vsock_connection.cpp:224] Failed to connect:UNAVAILABLE: StrError(): Connection reset by peer
modem_simulator(6333)  D 10-07 07:13:09  6333  6337 channel_monitor.cpp:149] No client connected yet.
webRTC(6353)  E 10-07 07:13:10  6353  6402 vsock_connection.cpp:224] Failed to connect:UNAVAILABLE: StrError(): Connection reset by peer
webRTC(6353)  E 10-07 07:13:11  6353  6402 vsock_connection.cpp:224] Failed to connect:UNAVAILABLE: StrError(): Connection reset by peer
webRTC(6353)  E 10-07 07:13:12  6353  6402 vsock_connection.cpp:224] Failed to connect:UNAVAILABLE: StrError(): Connection reset by peer
webRTC(6353)  E 10-07 07:13:13  6353  6402 vsock_connection.cpp:224] Failed to connect:UNAVAILABLE: StrError(): Connection reset by peer
webRTC(6353)  E 10-07 07:13:14  6353  6402 vsock_connection.cpp:224] Failed to connect:UNAVAILABLE: StrError(): Connection reset by peer
webRTC(6353)  E 10-07 07:13:15  6353  6402 vsock_connection.cpp:224] Failed to connect:UNAVAILABLE: StrError(): Connection reset by peer
webRTC(6353)  E 10-07 07:13:16  6353  6402 vsock_connection.cpp:224] Failed to connect:UNAVAILABLE: StrError(): Connection reset by peer
webRTC(6353)  E 10-07 07:13:17  6353  6402 vsock_connection.cpp:224] Failed to connect:UNAVAILABLE: StrError(): Connection reset by peer
webRTC(6353)  E 10-07 07:13:18  6353  6402 vsock_connection.cpp:224] Failed to connect:UNAVAILABLE: StrError(): Connection reset by peer
webRTC(6353)  E 10-07 07:13:19  6353  6402 vsock_connection.cpp:224] Failed to connect:UNAVAILABLE: StrError(): Connection reset by peer
modem_simulator(6333)  D 10-07 07:13:19  6333  6337 channel_monitor.cpp:149] No client connected yet.
webRTC(6353)  E 10-07 07:13:20  6353  6402 vsock_connection.cpp:224] Failed to connect:UNAVAILABLE: StrError(): Connection reset by peer
webRTC(6353)  E 10-07 07:13:21  6353  6402 vsock_connection.cpp:224] Failed to connect:UNAVAILABLE: StrError(): Connection reset by peer
webRTC(6353)  E 10-07 07:13:22  6353  6402 vsock_connection.cpp:224] Failed to connect:UNAVAILABLE: StrError(): Connection reset by peer
webRTC(6353)  E 10-07 07:13:23  6353  6402 vsock_connection.cpp:224] Failed to connect:UNAVAILABLE: StrError(): Connection reset by peer
webRTC(6353)  E 10-07 07:13:24  6353  6402 vsock_connection.cpp:224] Failed to connect:UNAVAILABLE: StrError(): Connection reset by peer
webRTC(6353)  E 10-07 07:13:25  6353  6402 vsock_connection.cpp:224] Failed to connect:UNAVAILABLE: StrError(): Connection reset by peer
webRTC(6353)  E 10-07 07:13:26  6353  6402 vsock_connection.cpp:224] Failed to connect:UNAVAILABLE: StrError(): Connection reset by peer
webRTC(6353)  E 10-07 07:13:27  6353  6402 vsock_connection.cpp:224] Failed to connect:UNAVAILABLE: StrError(): Connection reset by peer
webRTC(6353)  E 10-07 07:13:28  6353  6402 vsock_connection.cpp:224] Failed to connect:UNAVAILABLE: StrError(): Connection reset by peer
webRTC(6353)  E 10-07 07:13:29  6353  6402 vsock_connection.cpp:224] Failed to connect:UNAVAILABLE: StrError(): Connection reset by peer
modem_simulator(6333)  D 10-07 07:13:29  6333  6337 channel_monitor.cpp:149] No client connected yet.
webRTC(6353)  E 10-07 07:13:30  6353  6402 vsock_connection.cpp:224] Failed to connect:UNAVAILABLE: StrError(): Connection reset by peer
webRTC(6353)  E 10-07 07:13:31  6353  6402 vsock_connection.cpp:224] Failed to connect:UNAVAILABLE: StrError(): Connection reset by peer
webRTC(6353)  E 10-07 07:13:32  6353  6402 vsock_connection.cpp:224] Failed to connect:UNAVAILABLE: StrError(): Connection reset by peer
webRTC(6353)  E 10-07 07:13:33  6353  6402 vsock_connection.cpp:224] Failed to connect:UNAVAILABLE: StrError(): Connection reset by peer
webRTC(6353)  E 10-07 07:13:34  6353  6402 vsock_connection.cpp:224] Failed to connect:UNAVAILABLE: StrError(): Connection reset by peer
webRTC(6353)  E 10-07 07:13:35  6353  6402 vsock_connection.cpp:224] Failed to connect:UNAVAILABLE: StrError(): Connection reset by peer
webRTC(6353)  E 10-07 07:13:36  6353  6402 vsock_connection.cpp:224] Failed to connect:UNAVAILABLE: StrError(): Connection reset by peer
webRTC(6353)  E 10-07 07:13:37  6353  6402 vsock_connection.cpp:224] Failed to connect:UNAVAILABLE: StrError(): Connection reset by peer
webRTC(6353)  E 10-07 07:13:38  6353  6402 vsock_connection.cpp:224] Failed to connect:UNAVAILABLE: StrError(): Connection reset by peer
webRTC(6353)  E 10-07 07:13:39  6353  6402 vsock_connection.cpp:224] Failed to connect:UNAVAILABLE: StrError(): Connection reset by peer
modem_simulator(6333)  D 10-07 07:13:39  6333  6337 channel_monitor.cpp:149] No client connected yet.
webRTC(6353)  E 10-07 07:13:40  6353  6402 vsock_connection.cpp:224] Failed to connect:UNAVAILABLE: StrError(): Connection reset by peer
webRTC(6353)  E 10-07 07:13:41  6353  6402 vsock_connection.cpp:224] Failed to connect:UNAVAILABLE: StrError(): Connection reset by peer
webRTC(6353)  E 10-07 07:13:42  6353  6402 vsock_connection.cpp:224] Failed to connect:UNAVAILABLE: StrError(): Connection reset by peer
webRTC(6353)  E 10-07 07:13:43  6353  6402 vsock_connection.cpp:224] Failed to connect:UNAVAILABLE: StrError(): Connection reset by peer
webRTC(6353)  E 10-07 07:13:44  6353  6402 vsock_connection.cpp:224] Failed to connect:UNAVAILABLE: StrError(): Connection reset by peer
webRTC(6353)  E 10-07 07:13:45  6353  6402 vsock_connection.cpp:224] Failed to connect:UNAVAILABLE: StrError(): Connection reset by peer
webRTC(6353)  E 10-07 07:13:46  6353  6402 vsock_connection.cpp:224] Failed to connect:UNAVAILABLE: StrError(): Connection reset by peer
webRTC(6353)  E 10-07 07:13:47  6353  6402 vsock_connection.cpp:224] Failed to connect:UNAVAILABLE: StrError(): Connection reset by peer
webRTC(6353)  E 10-07 07:13:48  6353  6402 vsock_connection.cpp:224] Failed to connect:UNAVAILABLE: StrError(): Connection reset by peer
webRTC(6353)  E 10-07 07:13:49  6353  6402 vsock_connection.cpp:224] Failed to connect:UNAVAILABLE: StrError(): Connection reset by peer
modem_simulator(6333)  D 10-07 07:13:49  6333  6337 channel_monitor.cpp:149] No client connected yet.
webRTC(6353)  E 10-07 07:13:50  6353  6402 vsock_connection.cpp:224] Failed to connect:UNAVAILABLE: StrError(): Connection reset by peer
webRTC(6353)  E 10-07 07:13:51  6353  6402 vsock_connection.cpp:224] Failed to connect:UNAVAILABLE: StrError(): Connection reset by peer
webRTC(6353)  E 10-07 07:13:52  6353  6402 vsock_connection.cpp:224] Failed to connect:UNAVAILABLE: StrError(): Connection reset by peer
webRTC(6353)  E 10-07 07:13:53  6353  6402 vsock_connection.cpp:224] Failed to connect:UNAVAILABLE: StrError(): Connection reset by peer
webRTC(6353)  E 10-07 07:13:54  6353  6402 vsock_connection.cpp:224] Failed to connect:UNAVAILABLE: StrError(): Connection reset by peer
webRTC(6353)  E 10-07 07:13:55  6353  6402 vsock_connection.cpp:224] Failed to connect:UNAVAILABLE: StrError(): Connection reset by peer
webRTC(6353)  E 10-07 07:13:56  6353  6402 vsock_connection.cpp:224] Failed to connect:UNAVAILABLE: StrError(): Connection reset by peer
webRTC(6353)  E 10-07 07:13:57  6353  6402 vsock_connection.cpp:224] Failed to connect:UNAVAILABLE: StrError(): Connection reset by peer
webRTC(6353)  E 10-07 07:13:58  6353  6402 vsock_connection.cpp:224] Failed to connect:UNAVAILABLE: StrError(): Connection reset by peer
webRTC(6353)  E 10-07 07:13:59  6353  6402 vsock_connection.cpp:224] Failed to connect:UNAVAILABLE: StrError(): Connection reset by peer
modem_simulator(6333)  D 10-07 07:13:59  6333  6337 channel_monitor.cpp:149] No client connected yet.
webRTC(6353)  E 10-07 07:14:00  6353  6402 vsock_connection.cpp:224] Failed to connect:UNAVAILABLE: StrError(): Connection reset by peer
webRTC(6353)  E 10-07 07:14:01  6353  6402 vsock_connection.cpp:224] Failed to connect:UNAVAILABLE: StrError(): Connection reset by peer
webRTC(6353)  E 10-07 07:14:02  6353  6402 vsock_connection.cpp:224] Failed to connect:UNAVAILABLE: StrError(): Connection reset by peer
webRTC(6353)  E 10-07 07:14:03  6353  6402 vsock_connection.cpp:224] Failed to connect:UNAVAILABLE: StrError(): Connection reset by peer
webRTC(6353)  E 10-07 07:14:04  6353  6402 vsock_connection.cpp:224] Failed to connect:UNAVAILABLE: StrError(): Connection reset by peer
webRTC(6353)  E 10-07 07:14:05  6353  6402 vsock_connection.cpp:224] Failed to connect:UNAVAILABLE: StrError(): Connection reset by peer
webRTC(6353)  E 10-07 07:14:06  6353  6402 vsock_connection.cpp:224] Failed to connect:UNAVAILABLE: StrError(): Connection reset by peer
webRTC(6353)  E 10-07 07:14:07  6353  6402 vsock_connection.cpp:224] Failed to connect:UNAVAILABLE: StrError(): Connection reset by peer
webRTC(6353)  E 10-07 07:14:08  6353  6402 vsock_connection.cpp:224] Failed to connect:UNAVAILABLE: StrError(): Connection reset by peer
webRTC(6353)  E 10-07 07:14:09  6353  6402 vsock_connection.cpp:224] Failed to connect:UNAVAILABLE: StrError(): Connection reset by peer
modem_simulator(6333)  D 10-07 07:14:09  6333  6337 channel_monitor.cpp:149] No client connected yet.
webRTC(6353)  E 10-07 07:14:10  6353  6402 vsock_connection.cpp:224] Failed to connect:UNAVAILABLE: StrError(): Connection reset by peer
webRTC(6353)  E 10-07 07:14:11  6353  6402 vsock_connection.cpp:224] Failed to connect:UNAVAILABLE: StrError(): Connection reset by peer
webRTC(6353)  E 10-07 07:14:12  6353  6402 vsock_connection.cpp:224] Failed to connect:UNAVAILABLE: StrError(): Connection reset by peer
webRTC(6353)  E 10-07 07:14:13  6353  6402 vsock_connection.cpp:224] Failed to connect:UNAVAILABLE: StrError(): Connection reset by peer
webRTC(6353)  E 10-07 07:14:14  6353  6402 vsock_connection.cpp:224] Failed to connect:UNAVAILABLE: StrError(): Connection reset by peer
webRTC(6353)  E 10-07 07:14:15  6353  6402 vsock_connection.cpp:224] Failed to connect:UNAVAILABLE: StrError(): Connection reset by peer
webRTC(6353)  E 10-07 07:14:16  6353  6402 vsock_connection.cpp:224] Failed to connect:UNAVAILABLE: StrError(): Connection reset by peer
webRTC(6353)  E 10-07 07:14:17  6353  6402 vsock_connection.cpp:224] Failed to connect:UNAVAILABLE: StrError(): Connection reset by peer
webRTC(6353)  E 10-07 07:14:18  6353  6402 vsock_connection.cpp:224] Failed to connect:UNAVAILABLE: StrError(): Connection reset by peer
webRTC(6353)  E 10-07 07:14:19  6353  6402 vsock_connection.cpp:224] Failed to connect:UNAVAILABLE: StrError(): Connection reset by peer
modem_simulator(6333)  D 10-07 07:14:19  6333  6337 channel_monitor.cpp:149] No client connected yet.
webRTC(6353)  E 10-07 07:14:20  6353  6402 vsock_connection.cpp:224] Failed to connect:UNAVAILABLE: StrError(): Connection reset by peer
webRTC(6353)  E 10-07 07:14:21  6353  6402 vsock_connection.cpp:224] Failed to connect:UNAVAILABLE: StrError(): Connection reset by peer
webRTC(6353)  E 10-07 07:14:22  6353  6402 vsock_connection.cpp:224] Failed to connect:UNAVAILABLE: StrError(): Connection reset by peer
webRTC(6353)  E 10-07 07:14:23  6353  6402 vsock_connection.cpp:224] Failed to connect:UNAVAILABLE: StrError(): Connection reset by peer
webRTC(6353)  E 10-07 07:14:24  6353  6402 vsock_connection.cpp:224] Failed to connect:UNAVAILABLE: StrError(): Connection reset by peer
webRTC(6353)  E 10-07 07:14:25  6353  6402 vsock_connection.cpp:224] Failed to connect:UNAVAILABLE: StrError(): Connection reset by peer
webRTC(6353)  E 10-07 07:14:26  6353  6402 vsock_connection.cpp:224] Failed to connect:UNAVAILABLE: StrError(): Connection reset by peer
webRTC(6353)  E 10-07 07:14:27  6353  6402 vsock_connection.cpp:224] Failed to connect:UNAVAILABLE: StrError(): Connection reset by peer
webRTC(6353)  E 10-07 07:14:28  6353  6402 vsock_connection.cpp:224] Failed to connect:UNAVAILABLE: StrError(): Connection reset by peer
webRTC(6353)  E 10-07 07:14:29  6353  6402 vsock_connection.cpp:224] Failed to connect:UNAVAILABLE: StrError(): Connection reset by peer
modem_simulator(6333)  D 10-07 07:14:29  6333  6337 channel_monitor.cpp:149] No client connected yet.
webRTC(6353)  E 10-07 07:14:30  6353  6402 vsock_connection.cpp:224] Failed to connect:UNAVAILABLE: StrError(): Connection reset by peer
webRTC(6353)  E 10-07 07:14:31  6353  6402 vsock_connection.cpp:224] Failed to connect:UNAVAILABLE: StrError(): Connection reset by peer
webRTC(6353)  E 10-07 07:14:32  6353  6402 vsock_connection.cpp:224] Failed to connect:UNAVAILABLE: StrError(): Connection reset by peer
webRTC(6353)  E 10-07 07:14:33  6353  6402 vsock_connection.cpp:224] Failed to connect:UNAVAILABLE: StrError(): Connection reset by peer
webRTC(6353)  E 10-07 07:14:34  6353  6402 vsock_connection.cpp:224] Failed to connect:UNAVAILABLE: StrError(): Connection reset by peer
webRTC(6353)  E 10-07 07:14:35  6353  6402 vsock_connection.cpp:224] Failed to connect:UNAVAILABLE: StrError(): Connection reset by peer
webRTC(6353)  E 10-07 07:14:36  6353  6402 vsock_connection.cpp:224] Failed to connect:UNAVAILABLE: StrError(): Connection reset by peer
webRTC(6353)  E 10-07 07:14:37  6353  6402 vsock_connection.cpp:224] Failed to connect:UNAVAILABLE: StrError(): Connection reset by peer
webRTC(6353)  E 10-07 07:14:38  6353  6402 vsock_connection.cpp:224] Failed to connect:UNAVAILABLE: StrError(): Connection reset by peer
webRTC(6353)  E 10-07 07:14:39  6353  6402 vsock_connection.cpp:224] Failed to connect:UNAVAILABLE: StrError(): Connection reset by peer
modem_simulator(6333)  D 10-07 07:14:39  6333  6337 channel_monitor.cpp:149] No client connected yet.
webRTC(6353)  E 10-07 07:14:40  6353  6402 vsock_connection.cpp:224] Failed to connect:UNAVAILABLE: StrError(): Connection reset by peer
webRTC(6353)  E 10-07 07:14:41  6353  6402 vsock_connection.cpp:224] Failed to connect:UNAVAILABLE: StrError(): Connection reset by peer
webRTC(6353)  E 10-07 07:14:42  6353  6402 vsock_connection.cpp:224] Failed to connect:UNAVAILABLE: StrError(): Connection reset by peer
webRTC(6353)  E 10-07 07:14:43  6353  6402 vsock_connection.cpp:224] Failed to connect:UNAVAILABLE: StrError(): Connection reset by peer
webRTC(6353)  E 10-07 07:14:44  6353  6402 vsock_connection.cpp:224] Failed to connect:UNAVAILABLE: StrError(): Connection reset by peer
webRTC(6353)  E 10-07 07:14:45  6353  6402 vsock_connection.cpp:224] Failed to connect:UNAVAILABLE: StrError(): Connection reset by peer
webRTC(6353)  E 10-07 07:14:46  6353  6402 vsock_connection.cpp:224] Failed to connect:UNAVAILABLE: StrError(): Connection reset by peer
webRTC(6353)  E 10-07 07:14:47  6353  6402 vsock_connection.cpp:224] Failed to connect:UNAVAILABLE: StrError(): Connection reset by peer
webRTC(6353)  E 10-07 07:14:48  6353  6402 vsock_connection.cpp:224] Failed to connect:UNAVAILABLE: StrError(): Connection reset by peer
webRTC(6353)  E 10-07 07:14:49  6353  6402 vsock_connection.cpp:224] Failed to connect:UNAVAILABLE: StrError(): Connection reset by peer
modem_simulator(6333)  D 10-07 07:14:49  6333  6337 channel_monitor.cpp:149] No client connected yet.
webRTC(6353)  E 10-07 07:14:50  6353  6402 vsock_connection.cpp:224] Failed to connect:UNAVAILABLE: StrError(): Connection reset by peer
webRTC(6353)  E 10-07 07:14:51  6353  6402 vsock_connection.cpp:224] Failed to connect:UNAVAILABLE: StrError(): Connection reset by peer
webRTC(6353)  E 10-07 07:14:52  6353  6402 vsock_connection.cpp:224] Failed to connect:UNAVAILABLE: StrError(): Connection reset by peer
webRTC(6353)  E 10-07 07:14:53  6353  6402 vsock_connection.cpp:224] Failed to connect:UNAVAILABLE: StrError(): Connection reset by peer
webRTC(6353)  E 10-07 07:14:54  6353  6402 vsock_connection.cpp:224] Failed to connect:UNAVAILABLE: StrError(): Connection reset by peer
webRTC(6353)  E 10-07 07:14:55  6353  6402 vsock_connection.cpp:224] Failed to connect:UNAVAILABLE: StrError(): Connection reset by peer
webRTC(6353)  E 10-07 07:14:56  6353  6402 vsock_connection.cpp:224] Failed to connect:UNAVAILABLE: StrError(): Connection reset by peer
webRTC(6353)  E 10-07 07:14:57  6353  6402 vsock_connection.cpp:224] Failed to connect:UNAVAILABLE: StrError(): Connection reset by peer
webRTC(6353)  E 10-07 07:14:58  6353  6402 vsock_connection.cpp:224] Failed to connect:UNAVAILABLE: StrError(): Connection reset by peer
webRTC(6353)  E 10-07 07:14:59  6353  6402 vsock_connection.cpp:224] Failed to connect:UNAVAILABLE: StrError(): Connection reset by peer
modem_simulator(6333)  D 10-07 07:14:59  6333  6337 channel_monitor.cpp:149] No client connected yet.
webRTC(6353)  E 10-07 07:15:00  6353  6402 vsock_connection.cpp:224] Failed to connect:UNAVAILABLE: StrError(): Connection reset by peer
webRTC(6353)  E 10-07 07:15:01  6353  6402 vsock_connection.cpp:224] Failed to connect:UNAVAILABLE: StrError(): Connection reset by peer
webRTC(6353)  E 10-07 07:15:02  6353  6402 vsock_connection.cpp:224] Failed to connect:UNAVAILABLE: StrError(): Connection reset by peer
webRTC(6353)  E 10-07 07:15:03  6353  6402 vsock_connection.cpp:224] Failed to connect:UNAVAILABLE: StrError(): Connection reset by peer
webRTC(6353)  E 10-07 07:15:04  6353  6402 vsock_connection.cpp:224] Failed to connect:UNAVAILABLE: StrError(): Connection reset by peer
webRTC(6353)  E 10-07 07:15:05  6353  6402 vsock_connection.cpp:224] Failed to connect:UNAVAILABLE: StrError(): Connection reset by peer
webRTC(6353)  E 10-07 07:15:06  6353  6402 vsock_connection.cpp:224] Failed to connect:UNAVAILABLE: StrError(): Connection reset by peer
webRTC(6353)  E 10-07 07:15:07  6353  6402 vsock_connection.cpp:224] Failed to connect:UNAVAILABLE: StrError(): Connection reset by peer
webRTC(6353)  E 10-07 07:15:08  6353  6402 vsock_connection.cpp:224] Failed to connect:UNAVAILABLE: StrError(): Connection reset by peer
webRTC(6353)  E 10-07 07:15:09  6353  6402 vsock_connection.cpp:224] Failed to connect:UNAVAILABLE: StrError(): Connection reset by peer
modem_simulator(6333)  D 10-07 07:15:09  6333  6337 channel_monitor.cpp:149] No client connected yet.
webRTC(6353)  E 10-07 07:15:10  6353  6402 vsock_connection.cpp:224] Failed to connect:UNAVAILABLE: StrError(): Connection reset by peer
webRTC(6353)  E 10-07 07:15:11  6353  6402 vsock_connection.cpp:224] Failed to connect:UNAVAILABLE: StrError(): Connection reset by peer
webRTC(6353)  E 10-07 07:15:12  6353  6402 vsock_connection.cpp:224] Failed to connect:UNAVAILABLE: StrError(): Connection reset by peer
webRTC(6353)  E 10-07 07:15:13  6353  6402 vsock_connection.cpp:224] Failed to connect:UNAVAILABLE: StrError(): Connection reset by peer
webRTC(6353)  E 10-07 07:15:14  6353  6402 vsock_connection.cpp:224] Failed to connect:UNAVAILABLE: StrError(): Connection reset by peer
webRTC(6353)  E 10-07 07:15:15  6353  6402 vsock_connection.cpp:224] Failed to connect:UNAVAILABLE: StrError(): Connection reset by peer
webRTC(6353)  E 10-07 07:15:16  6353  6402 vsock_connection.cpp:224] Failed to connect:UNAVAILABLE: StrError(): Connection reset by peer
webRTC(6353)  E 10-07 07:15:17  6353  6402 vsock_connection.cpp:224] Failed to connect:UNAVAILABLE: StrError(): Connection reset by peer
webRTC(6353)  E 10-07 07:15:18  6353  6402 vsock_connection.cpp:224] Failed to connect:UNAVAILABLE: StrError(): Connection reset by peer
webRTC(6353)  E 10-07 07:15:19  6353  6402 vsock_connection.cpp:224] Failed to connect:UNAVAILABLE: StrError(): Connection reset by peer
modem_simulator(6333)  D 10-07 07:15:19  6333  6337 channel_monitor.cpp:149] No client connected yet.
webRTC(6353)  E 10-07 07:15:20  6353  6402 vsock_connection.cpp:224] Failed to connect:UNAVAILABLE: StrError(): Connection reset by peer
webRTC(6353)  E 10-07 07:15:21  6353  6402 vsock_connection.cpp:224] Failed to connect:UNAVAILABLE: StrError(): Connection reset by peer
webRTC(6353)  E 10-07 07:15:22  6353  6402 vsock_connection.cpp:224] Failed to connect:UNAVAILABLE: StrError(): Connection reset by peer
webRTC(6353)  E 10-07 07:15:23  6353  6402 vsock_connection.cpp:224] Failed to connect:UNAVAILABLE: StrError(): Connection reset by peer
webRTC(6353)  E 10-07 07:15:24  6353  6402 vsock_connection.cpp:224] Failed to connect:UNAVAILABLE: StrError(): Connection reset by peer
webRTC(6353)  E 10-07 07:15:25  6353  6402 vsock_connection.cpp:224] Failed to connect:UNAVAILABLE: StrError(): Connection reset by peer
webRTC(6353)  E 10-07 07:15:26  6353  6402 vsock_connection.cpp:224] Failed to connect:UNAVAILABLE: StrError(): Connection reset by peer
webRTC(6353)  E 10-07 07:15:27  6353  6402 vsock_connection.cpp:224] Failed to connect:UNAVAILABLE: StrError(): Connection reset by peer
webRTC(6353)  E 10-07 07:15:28  6353  6402 vsock_connection.cpp:224] Failed to connect:UNAVAILABLE: StrError(): Connection reset by peer
webRTC(6353)  E 10-07 07:15:29  6353  6402 vsock_connection.cpp:224] Failed to connect:UNAVAILABLE: StrError(): Connection reset by peer
modem_simulator(6333)  D 10-07 07:15:29  6333  6337 channel_monitor.cpp:149] No client connected yet.
webRTC(6353)  E 10-07 07:15:30  6353  6402 vsock_connection.cpp:224] Failed to connect:UNAVAILABLE: StrError(): Connection reset by peer
webRTC(6353)  E 10-07 07:15:31  6353  6402 vsock_connection.cpp:224] Failed to connect:UNAVAILABLE: StrError(): Connection reset by peer
webRTC(6353)  E 10-07 07:15:32  6353  6402 vsock_connection.cpp:224] Failed to connect:UNAVAILABLE: StrError(): Connection reset by peer
webRTC(6353)  E 10-07 07:15:33  6353  6402 vsock_connection.cpp:224] Failed to connect:UNAVAILABLE: StrError(): Connection reset by peer
webRTC(6353)  E 10-07 07:15:34  6353  6402 vsock_connection.cpp:224] Failed to connect:UNAVAILABLE: StrError(): Connection reset by peer
webRTC(6353)  E 10-07 07:15:35  6353  6402 vsock_connection.cpp:224] Failed to connect:UNAVAILABLE: StrError(): Connection reset by peer
webRTC(6353)  E 10-07 07:15:36  6353  6402 vsock_connection.cpp:224] Failed to connect:UNAVAILABLE: StrError(): Connection reset by peer
webRTC(6353)  E 10-07 07:15:37  6353  6402 vsock_connection.cpp:224] Failed to connect:UNAVAILABLE: StrError(): Connection reset by peer
webRTC(6353)  E 10-07 07:15:38  6353  6402 vsock_connection.cpp:224] Failed to connect:UNAVAILABLE: StrError(): Connection reset by peer
webRTC(6353)  E 10-07 07:15:39  6353  6402 vsock_connection.cpp:224] Failed to connect:UNAVAILABLE: StrError(): Connection reset by peer
modem_simulator(6333)  D 10-07 07:15:39  6333  6337 channel_monitor.cpp:149] No client connected yet.
webRTC(6353)  E 10-07 07:15:40  6353  6402 vsock_connection.cpp:224] Failed to connect:UNAVAILABLE: StrError(): Connection reset by peer
webRTC(6353)  E 10-07 07:15:41  6353  6402 vsock_connection.cpp:224] Failed to connect:UNAVAILABLE: StrError(): Connection reset by peer
webRTC(6353)  E 10-07 07:15:42  6353  6402 vsock_connection.cpp:224] Failed to connect:UNAVAILABLE: StrError(): Connection reset by peer
webRTC(6353)  E 10-07 07:15:43  6353  6402 vsock_connection.cpp:224] Failed to connect:UNAVAILABLE: StrError(): Connection reset by peer
webRTC(6353)  E 10-07 07:15:44  6353  6402 vsock_connection.cpp:224] Failed to connect:UNAVAILABLE: StrError(): Connection reset by peer
webRTC(6353)  E 10-07 07:15:45  6353  6402 vsock_connection.cpp:224] Failed to connect:UNAVAILABLE: StrError(): Connection reset by peer
webRTC(6353)  E 10-07 07:15:46  6353  6402 vsock_connection.cpp:224] Failed to connect:UNAVAILABLE: StrError(): Connection reset by peer
webRTC(6353)  E 10-07 07:15:47  6353  6402 vsock_connection.cpp:224] Failed to connect:UNAVAILABLE: StrError(): Connection reset by peer
webRTC(6353)  E 10-07 07:15:48  6353  6402 vsock_connection.cpp:224] Failed to connect:UNAVAILABLE: StrError(): Connection reset by peer
webRTC(6353)  E 10-07 07:15:49  6353  6402 vsock_connection.cpp:224] Failed to connect:UNAVAILABLE: StrError(): Connection reset by peer
modem_simulator(6333)  D 10-07 07:15:49  6333  6337 channel_monitor.cpp:149] No client connected yet.
webRTC(6353)  E 10-07 07:15:50  6353  6402 vsock_connection.cpp:224] Failed to connect:UNAVAILABLE: StrError(): Connection reset by peer
webRTC(6353)  E 10-07 07:15:51  6353  6402 vsock_connection.cpp:224] Failed to connect:UNAVAILABLE: StrError(): Connection reset by peer
webRTC(6353)  E 10-07 07:15:52  6353  6402 vsock_connection.cpp:224] Failed to connect:UNAVAILABLE: StrError(): Connection reset by peer
webRTC(6353)  E 10-07 07:15:53  6353  6402 vsock_connection.cpp:224] Failed to connect:UNAVAILABLE: StrError(): Connection reset by peer
webRTC(6353)  E 10-07 07:15:54  6353  6402 vsock_connection.cpp:224] Failed to connect:UNAVAILABLE: StrError(): Connection reset by peer
webRTC(6353)  E 10-07 07:15:55  6353  6402 vsock_connection.cpp:224] Failed to connect:UNAVAILABLE: StrError(): Connection reset by peer
webRTC(6353)  E 10-07 07:15:56  6353  6402 vsock_connection.cpp:224] Failed to connect:UNAVAILABLE: StrError(): Connection reset by peer
webRTC(6353)  E 10-07 07:15:57  6353  6402 vsock_connection.cpp:224] Failed to connect:UNAVAILABLE: StrError(): Connection reset by peer
webRTC(6353)  E 10-07 07:15:58  6353  6402 vsock_connection.cpp:224] Failed to connect:UNAVAILABLE: StrError(): Connection reset by peer
webRTC(6353)  E 10-07 07:15:59  6353  6402 vsock_connection.cpp:224] Failed to connect:UNAVAILABLE: StrError(): Connection reset by peer
modem_simulator(6333)  D 10-07 07:15:59  6333  6337 channel_monitor.cpp:149] No client connected yet.
webRTC(6353)  E 10-07 07:16:00  6353  6402 vsock_connection.cpp:224] Failed to connect:UNAVAILABLE: StrError(): Connection reset by peer
webRTC(6353)  E 10-07 07:16:01  6353  6402 vsock_connection.cpp:224] Failed to connect:UNAVAILABLE: StrError(): Connection reset by peer
webRTC(6353)  E 10-07 07:16:02  6353  6402 vsock_connection.cpp:224] Failed to connect:UNAVAILABLE: StrError(): Connection reset by peer
webRTC(6353)  E 10-07 07:16:03  6353  6402 vsock_connection.cpp:224] Failed to connect:UNAVAILABLE: StrError(): Connection reset by peer
webRTC(6353)  E 10-07 07:16:04  6353  6402 vsock_connection.cpp:224] Failed to connect:UNAVAILABLE: StrError(): Connection reset by peer
webRTC(6353)  E 10-07 07:16:05  6353  6402 vsock_connection.cpp:224] Failed to connect:UNAVAILABLE: StrError(): Connection reset by peer
webRTC(6353)  E 10-07 07:16:06  6353  6402 vsock_connection.cpp:224] Failed to connect:UNAVAILABLE: StrError(): Connection reset by peer
webRTC(6353)  E 10-07 07:16:07  6353  6402 vsock_connection.cpp:224] Failed to connect:UNAVAILABLE: StrError(): Connection reset by peer
webRTC(6353)  E 10-07 07:16:08  6353  6402 vsock_connection.cpp:224] Failed to connect:UNAVAILABLE: StrError(): Connection reset by peer
webRTC(6353)  E 10-07 07:16:09  6353  6402 vsock_connection.cpp:224] Failed to connect:UNAVAILABLE: StrError(): Connection reset by peer
modem_simulator(6333)  D 10-07 07:16:09  6333  6337 channel_monitor.cpp:149] No client connected yet.
webRTC(6353)  E 10-07 07:16:10  6353  6402 vsock_connection.cpp:224] Failed to connect:UNAVAILABLE: StrError(): Connection reset by peer
webRTC(6353)  E 10-07 07:16:11  6353  6402 vsock_connection.cpp:224] Failed to connect:UNAVAILABLE: StrError(): Connection reset by peer
webRTC(6353)  E 10-07 07:16:12  6353  6402 vsock_connection.cpp:224] Failed to connect:UNAVAILABLE: StrError(): Connection reset by peer
webRTC(6353)  E 10-07 07:16:13  6353  6402 vsock_connection.cpp:224] Failed to connect:UNAVAILABLE: StrError(): Connection reset by peer
webRTC(6353)  E 10-07 07:16:14  6353  6402 vsock_connection.cpp:224] Failed to connect:UNAVAILABLE: StrError(): Connection reset by peer
webRTC(6353)  E 10-07 07:16:15  6353  6402 vsock_connection.cpp:224] Failed to connect:UNAVAILABLE: StrError(): Connection reset by peer
webRTC(6353)  E 10-07 07:16:16  6353  6402 vsock_connection.cpp:224] Failed to connect:UNAVAILABLE: StrError(): Connection reset by peer
webRTC(6353)  E 10-07 07:16:17  6353  6402 vsock_connection.cpp:224] Failed to connect:UNAVAILABLE: StrError(): Connection reset by peer
webRTC(6353)  E 10-07 07:16:18  6353  6402 vsock_connection.cpp:224] Failed to connect:UNAVAILABLE: StrError(): Connection reset by peer
webRTC(6353)  E 10-07 07:16:19  6353  6402 vsock_connection.cpp:224] Failed to connect:UNAVAILABLE: StrError(): Connection reset by peer
modem_simulator(6333)  D 10-07 07:16:19  6333  6337 channel_monitor.cpp:149] No client connected yet.
webRTC(6353)  E 10-07 07:16:20  6353  6402 vsock_connection.cpp:224] Failed to connect:UNAVAILABLE: StrError(): Connection reset by peer
webRTC(6353)  E 10-07 07:16:21  6353  6402 vsock_connection.cpp:224] Failed to connect:UNAVAILABLE: StrError(): Connection reset by peer
webRTC(6353)  E 10-07 07:16:22  6353  6402 vsock_connection.cpp:224] Failed to connect:UNAVAILABLE: StrError(): Connection reset by peer
webRTC(6353)  E 10-07 07:16:23  6353  6402 vsock_connection.cpp:224] Failed to connect:UNAVAILABLE: StrError(): Connection reset by peer
webRTC(6353)  E 10-07 07:16:24  6353  6402 vsock_connection.cpp:224] Failed to connect:UNAVAILABLE: StrError(): Connection reset by peer
webRTC(6353)  E 10-07 07:16:25  6353  6402 vsock_connection.cpp:224] Failed to connect:UNAVAILABLE: StrError(): Connection reset by peer
webRTC(6353)  E 10-07 07:16:26  6353  6402 vsock_connection.cpp:224] Failed to connect:UNAVAILABLE: StrError(): Connection reset by peer
webRTC(6353)  E 10-07 07:16:27  6353  6402 vsock_connection.cpp:224] Failed to connect:UNAVAILABLE: StrError(): Connection reset by peer
webRTC(6353)  E 10-07 07:16:28  6353  6402 vsock_connection.cpp:224] Failed to connect:UNAVAILABLE: StrError(): Connection reset by peer
webRTC(6353)  E 10-07 07:16:29  6353  6402 vsock_connection.cpp:224] Failed to connect:UNAVAILABLE: StrError(): Connection reset by peer
modem_simulator(6333)  D 10-07 07:16:29  6333  6337 channel_monitor.cpp:149] No client connected yet.
webRTC(6353)  E 10-07 07:16:30  6353  6402 vsock_connection.cpp:224] Failed to connect:UNAVAILABLE: StrError(): Connection reset by peer
webRTC(6353)  E 10-07 07:16:31  6353  6402 vsock_connection.cpp:224] Failed to connect:UNAVAILABLE: StrError(): Connection reset by peer
webRTC(6353)  E 10-07 07:16:32  6353  6402 vsock_connection.cpp:224] Failed to connect:UNAVAILABLE: StrError(): Connection reset by peer
webRTC(6353)  E 10-07 07:16:33  6353  6402 vsock_connection.cpp:224] Failed to connect:UNAVAILABLE: StrError(): Connection reset by peer
webRTC(6353)  E 10-07 07:16:34  6353  6402 vsock_connection.cpp:224] Failed to connect:UNAVAILABLE: StrError(): Connection reset by peer
webRTC(6353)  E 10-07 07:16:35  6353  6402 vsock_connection.cpp:224] Failed to connect:UNAVAILABLE: StrError(): Connection reset by peer
webRTC(6353)  E 10-07 07:16:36  6353  6402 vsock_connection.cpp:224] Failed to connect:UNAVAILABLE: StrError(): Connection reset by peer
webRTC(6353)  E 10-07 07:16:37  6353  6402 vsock_connection.cpp:224] Failed to connect:UNAVAILABLE: StrError(): Connection reset by peer
webRTC(6353)  E 10-07 07:16:38  6353  6402 vsock_connection.cpp:224] Failed to connect:UNAVAILABLE: StrError(): Connection reset by peer
webRTC(6353)  E 10-07 07:16:39  6353  6402 vsock_connection.cpp:224] Failed to connect:UNAVAILABLE: StrError(): Connection reset by peer
modem_simulator(6333)  D 10-07 07:16:39  6333  6337 channel_monitor.cpp:149] No client connected yet.
webRTC(6353)  E 10-07 07:16:40  6353  6402 vsock_connection.cpp:224] Failed to connect:UNAVAILABLE: StrError(): Connection reset by peer
webRTC(6353)  E 10-07 07:16:41  6353  6402 vsock_connection.cpp:224] Failed to connect:UNAVAILABLE: StrError(): Connection reset by peer
webRTC(6353)  E 10-07 07:16:42  6353  6402 vsock_connection.cpp:224] Failed to connect:UNAVAILABLE: StrError(): Connection reset by peer
webRTC(6353)  E 10-07 07:16:43  6353  6402 vsock_connection.cpp:224] Failed to connect:UNAVAILABLE: StrError(): Connection reset by peer
webRTC(6353)  E 10-07 07:16:44  6353  6402 vsock_connection.cpp:224] Failed to connect:UNAVAILABLE: StrError(): Connection reset by peer
webRTC(6353)  E 10-07 07:16:45  6353  6402 vsock_connection.cpp:224] Failed to connect:UNAVAILABLE: StrError(): Connection reset by peer
webRTC(6353)  E 10-07 07:16:46  6353  6402 vsock_connection.cpp:224] Failed to connect:UNAVAILABLE: StrError(): Connection reset by peer
webRTC(6353)  E 10-07 07:16:47  6353  6402 vsock_connection.cpp:224] Failed to connect:UNAVAILABLE: StrError(): Connection reset by peer
webRTC(6353)  E 10-07 07:16:48  6353  6402 vsock_connection.cpp:224] Failed to connect:UNAVAILABLE: StrError(): Connection reset by peer
webRTC(6353)  E 10-07 07:16:49  6353  6402 vsock_connection.cpp:224] Failed to connect:UNAVAILABLE: StrError(): Connection reset by peer
modem_simulator(6333)  D 10-07 07:16:49  6333  6337 channel_monitor.cpp:149] No client connected yet.
webRTC(6353)  E 10-07 07:16:50  6353  6402 vsock_connection.cpp:224] Failed to connect:UNAVAILABLE: StrError(): Connection reset by peer
webRTC(6353)  E 10-07 07:16:51  6353  6402 vsock_connection.cpp:224] Failed to connect:UNAVAILABLE: StrError(): Connection reset by peer
webRTC(6353)  E 10-07 07:16:52  6353  6402 vsock_connection.cpp:224] Failed to connect:UNAVAILABLE: StrError(): Connection reset by peer
webRTC(6353)  E 10-07 07:16:53  6353  6402 vsock_connection.cpp:224] Failed to connect:UNAVAILABLE: StrError(): Connection reset by peer
webRTC(6353)  E 10-07 07:16:54  6353  6402 vsock_connection.cpp:224] Failed to connect:UNAVAILABLE: StrError(): Connection reset by peer
webRTC(6353)  E 10-07 07:16:55  6353  6402 vsock_connection.cpp:224] Failed to connect:UNAVAILABLE: StrError(): Connection reset by peer
webRTC(6353)  E 10-07 07:16:56  6353  6402 vsock_connection.cpp:224] Failed to connect:UNAVAILABLE: StrError(): Connection reset by peer
webRTC(6353)  E 10-07 07:16:57  6353  6402 vsock_connection.cpp:224] Failed to connect:UNAVAILABLE: StrError(): Connection reset by peer
webRTC(6353)  E 10-07 07:16:58  6353  6402 vsock_connection.cpp:224] Failed to connect:UNAVAILABLE: StrError(): Connection reset by peer
webRTC(6353)  E 10-07 07:16:59  6353  6402 vsock_connection.cpp:224] Failed to connect:UNAVAILABLE: StrError(): Connection reset by peer
modem_simulator(6333)  D 10-07 07:16:59  6333  6337 channel_monitor.cpp:149] No client connected yet.
webRTC(6353)  E 10-07 07:17:00  6353  6402 vsock_connection.cpp:224] Failed to connect:UNAVAILABLE: StrError(): Connection reset by peer
webRTC(6353)  E 10-07 07:17:01  6353  6402 vsock_connection.cpp:224] Failed to connect:UNAVAILABLE: StrError(): Connection reset by peer
webRTC(6353)  E 10-07 07:17:02  6353  6402 vsock_connection.cpp:224] Failed to connect:UNAVAILABLE: StrError(): Connection reset by peer
webRTC(6353)  E 10-07 07:17:03  6353  6402 vsock_connection.cpp:224] Failed to connect:UNAVAILABLE: StrError(): Connection reset by peer
webRTC(6353)  E 10-07 07:17:04  6353  6402 vsock_connection.cpp:224] Failed to connect:UNAVAILABLE: StrError(): Connection reset by peer
webRTC(6353)  E 10-07 07:17:05  6353  6402 vsock_connection.cpp:224] Failed to connect:UNAVAILABLE: StrError(): Connection reset by peer
webRTC(6353)  E 10-07 07:17:06  6353  6402 vsock_connection.cpp:224] Failed to connect:UNAVAILABLE: StrError(): Connection reset by peer
webRTC(6353)  E 10-07 07:17:07  6353  6402 vsock_connection.cpp:224] Failed to connect:UNAVAILABLE: StrError(): Connection reset by peer
webRTC(6353)  E 10-07 07:17:08  6353  6402 vsock_connection.cpp:224] Failed to connect:UNAVAILABLE: StrError(): Connection reset by peer
webRTC(6353)  E 10-07 07:17:09  6353  6402 vsock_connection.cpp:224] Failed to connect:UNAVAILABLE: StrError(): Connection reset by peer
modem_simulator(6333)  D 10-07 07:17:09  6333  6337 channel_monitor.cpp:149] No client connected yet.
webRTC(6353)  E 10-07 07:17:10  6353  6402 vsock_connection.cpp:224] Failed to connect:UNAVAILABLE: StrError(): Connection reset by peer
webRTC(6353)  E 10-07 07:17:11  6353  6402 vsock_connection.cpp:224] Failed to connect:UNAVAILABLE: StrError(): Connection reset by peer
webRTC(6353)  E 10-07 07:17:12  6353  6402 vsock_connection.cpp:224] Failed to connect:UNAVAILABLE: StrError(): Connection reset by peer
webRTC(6353)  E 10-07 07:17:13  6353  6402 vsock_connection.cpp:224] Failed to connect:UNAVAILABLE: StrError(): Connection reset by peer
webRTC(6353)  E 10-07 07:17:14  6353  6402 vsock_connection.cpp:224] Failed to connect:UNAVAILABLE: StrError(): Connection reset by peer
webRTC(6353)  E 10-07 07:17:15  6353  6402 vsock_connection.cpp:224] Failed to connect:UNAVAILABLE: StrError(): Connection reset by peer
webRTC(6353)  E 10-07 07:17:16  6353  6402 vsock_connection.cpp:224] Failed to connect:UNAVAILABLE: StrError(): Connection reset by peer
webRTC(6353)  E 10-07 07:17:17  6353  6402 vsock_connection.cpp:224] Failed to connect:UNAVAILABLE: StrError(): Connection reset by peer
webRTC(6353)  E 10-07 07:17:18  6353  6402 vsock_connection.cpp:224] Failed to connect:UNAVAILABLE: StrError(): Connection reset by peer
webRTC(6353)  E 10-07 07:17:19  6353  6402 vsock_connection.cpp:224] Failed to connect:UNAVAILABLE: StrError(): Connection reset by peer
modem_simulator(6333)  D 10-07 07:17:19  6333  6337 channel_monitor.cpp:149] No client connected yet.
webRTC(6353)  E 10-07 07:17:20  6353  6402 vsock_connection.cpp:224] Failed to connect:UNAVAILABLE: StrError(): Connection reset by peer
webRTC(6353)  E 10-07 07:17:21  6353  6402 vsock_connection.cpp:224] Failed to connect:UNAVAILABLE: StrError(): Connection reset by peer
webRTC(6353)  E 10-07 07:17:22  6353  6402 vsock_connection.cpp:224] Failed to connect:UNAVAILABLE: StrError(): Connection reset by peer
webRTC(6353)  E 10-07 07:17:23  6353  6402 vsock_connection.cpp:224] Failed to connect:UNAVAILABLE: StrError(): Connection reset by peer
webRTC(6353)  E 10-07 07:17:24  6353  6402 vsock_connection.cpp:224] Failed to connect:UNAVAILABLE: StrError(): Connection reset by peer
webRTC(6353)  E 10-07 07:17:25  6353  6402 vsock_connection.cpp:224] Failed to connect:UNAVAILABLE: StrError(): Connection reset by peer
webRTC(6353)  E 10-07 07:17:26  6353  6402 vsock_connection.cpp:224] Failed to connect:UNAVAILABLE: StrError(): Connection reset by peer
webRTC(6353)  E 10-07 07:17:27  6353  6402 vsock_connection.cpp:224] Failed to connect:UNAVAILABLE: StrError(): Connection reset by peer
webRTC(6353)  E 10-07 07:17:28  6353  6402 vsock_connection.cpp:224] Failed to connect:UNAVAILABLE: StrError(): Connection reset by peer
webRTC(6353)  E 10-07 07:17:29  6353  6402 vsock_connection.cpp:224] Failed to connect:UNAVAILABLE: StrError(): Connection reset by peer
modem_simulator(6333)  D 10-07 07:17:29  6333  6337 channel_monitor.cpp:149] No client connected yet.
webRTC(6353)  E 10-07 07:17:30  6353  6402 vsock_connection.cpp:224] Failed to connect:UNAVAILABLE: StrError(): Connection reset by peer
webRTC(6353)  E 10-07 07:17:31  6353  6402 vsock_connection.cpp:224] Failed to connect:UNAVAILABLE: StrError(): Connection reset by peer
webRTC(6353)  E 10-07 07:17:32  6353  6402 vsock_connection.cpp:224] Failed to connect:UNAVAILABLE: StrError(): Connection reset by peer
webRTC(6353)  E 10-07 07:17:33  6353  6402 vsock_connection.cpp:224] Failed to connect:UNAVAILABLE: StrError(): Connection reset by peer
webRTC(6353)  E 10-07 07:17:34  6353  6402 vsock_connection.cpp:224] Failed to connect:UNAVAILABLE: StrError(): Connection reset by peer
webRTC(6353)  E 10-07 07:17:35  6353  6402 vsock_connection.cpp:224] Failed to connect:UNAVAILABLE: StrError(): Connection reset by peer
webRTC(6353)  E 10-07 07:17:36  6353  6402 vsock_connection.cpp:224] Failed to connect:UNAVAILABLE: StrError(): Connection reset by peer
webRTC(6353)  E 10-07 07:17:37  6353  6402 vsock_connection.cpp:224] Failed to connect:UNAVAILABLE: StrError(): Connection reset by peer
webRTC(6353)  E 10-07 07:17:38  6353  6402 vsock_connection.cpp:224] Failed to connect:UNAVAILABLE: StrError(): Connection reset by peer
webRTC(6353)  E 10-07 07:17:39  6353  6402 vsock_connection.cpp:224] Failed to connect:UNAVAILABLE: StrError(): Connection reset by peer
modem_simulator(6333)  D 10-07 07:17:39  6333  6337 channel_monitor.cpp:149] No client connected yet.
webRTC(6353)  E 10-07 07:17:40  6353  6402 vsock_connection.cpp:224] Failed to connect:UNAVAILABLE: StrError(): Connection reset by peer
webRTC(6353)  E 10-07 07:17:41  6353  6402 vsock_connection.cpp:224] Failed to connect:UNAVAILABLE: StrError(): Connection reset by peer
webRTC(6353)  E 10-07 07:17:42  6353  6402 vsock_connection.cpp:224] Failed to connect:UNAVAILABLE: StrError(): Connection reset by peer
webRTC(6353)  E 10-07 07:17:43  6353  6402 vsock_connection.cpp:224] Failed to connect:UNAVAILABLE: StrError(): Connection reset by peer
webRTC(6353)  E 10-07 07:17:44  6353  6402 vsock_connection.cpp:224] Failed to connect:UNAVAILABLE: StrError(): Connection reset by peer
webRTC(6353)  E 10-07 07:17:45  6353  6402 vsock_connection.cpp:224] Failed to connect:UNAVAILABLE: StrError(): Connection reset by peer
webRTC(6353)  E 10-07 07:17:46  6353  6402 vsock_connection.cpp:224] Failed to connect:UNAVAILABLE: StrError(): Connection reset by peer
webRTC(6353)  E 10-07 07:17:47  6353  6402 vsock_connection.cpp:224] Failed to connect:UNAVAILABLE: StrError(): Connection reset by peer
webRTC(6353)  E 10-07 07:17:48  6353  6402 vsock_connection.cpp:224] Failed to connect:UNAVAILABLE: StrError(): Connection reset by peer
webRTC(6353)  E 10-07 07:17:49  6353  6402 vsock_connection.cpp:224] Failed to connect:UNAVAILABLE: StrError(): Connection reset by peer
modem_simulator(6333)  D 10-07 07:17:49  6333  6337 channel_monitor.cpp:149] No client connected yet.
webRTC(6353)  E 10-07 07:17:50  6353  6402 vsock_connection.cpp:224] Failed to connect:UNAVAILABLE: StrError(): Connection reset by peer
webRTC(6353)  E 10-07 07:17:51  6353  6402 vsock_connection.cpp:224] Failed to connect:UNAVAILABLE: StrError(): Connection reset by peer
webRTC(6353)  E 10-07 07:17:52  6353  6402 vsock_connection.cpp:224] Failed to connect:UNAVAILABLE: StrError(): Connection reset by peer
webRTC(6353)  E 10-07 07:17:53  6353  6402 vsock_connection.cpp:224] Failed to connect:UNAVAILABLE: StrError(): Connection reset by peer
webRTC(6353)  E 10-07 07:17:54  6353  6402 vsock_connection.cpp:224] Failed to connect:UNAVAILABLE: StrError(): Connection reset by peer
webRTC(6353)  E 10-07 07:17:55  6353  6402 vsock_connection.cpp:224] Failed to connect:UNAVAILABLE: StrError(): Connection reset by peer
webRTC(6353)  E 10-07 07:17:56  6353  6402 vsock_connection.cpp:224] Failed to connect:UNAVAILABLE: StrError(): Connection reset by peer
webRTC(6353)  E 10-07 07:17:57  6353  6402 vsock_connection.cpp:224] Failed to connect:UNAVAILABLE: StrError(): Connection reset by peer
webRTC(6353)  E 10-07 07:17:58  6353  6402 vsock_connection.cpp:224] Failed to connect:UNAVAILABLE: StrError(): Connection reset by peer
webRTC(6353)  E 10-07 07:17:59  6353  6402 vsock_connection.cpp:224] Failed to connect:UNAVAILABLE: StrError(): Connection reset by peer
modem_simulator(6333)  D 10-07 07:17:59  6333  6337 channel_monitor.cpp:149] No client connected yet.
webRTC(6353)  E 10-07 07:18:00  6353  6402 vsock_connection.cpp:224] Failed to connect:UNAVAILABLE: StrError(): Connection reset by peer
webRTC(6353)  E 10-07 07:18:01  6353  6402 vsock_connection.cpp:224] Failed to connect:UNAVAILABLE: StrError(): Connection reset by peer
webRTC(6353)  E 10-07 07:18:02  6353  6402 vsock_connection.cpp:224] Failed to connect:UNAVAILABLE: StrError(): Connection reset by peer
webRTC(6353)  E 10-07 07:18:03  6353  6402 vsock_connection.cpp:224] Failed to connect:UNAVAILABLE: StrError(): Connection reset by peer
webRTC(6353)  E 10-07 07:18:04  6353  6402 vsock_connection.cpp:224] Failed to connect:UNAVAILABLE: StrError(): Connection reset by peer
webRTC(6353)  E 10-07 07:18:05  6353  6402 vsock_connection.cpp:224] Failed to connect:UNAVAILABLE: StrError(): Connection reset by peer
webRTC(6353)  E 10-07 07:18:06  6353  6402 vsock_connection.cpp:224] Failed to connect:UNAVAILABLE: StrError(): Connection reset by peer
webRTC(6353)  E 10-07 07:18:07  6353  6402 vsock_connection.cpp:224] Failed to connect:UNAVAILABLE: StrError(): Connection reset by peer
webRTC(6353)  E 10-07 07:18:08  6353  6402 vsock_connection.cpp:224] Failed to connect:UNAVAILABLE: StrError(): Connection reset by peer
webRTC(6353)  E 10-07 07:18:09  6353  6402 vsock_connection.cpp:224] Failed to connect:UNAVAILABLE: StrError(): Connection reset by peer
modem_simulator(6333)  D 10-07 07:18:09  6333  6337 channel_monitor.cpp:149] No client connected yet.
webRTC(6353)  E 10-07 07:18:10  6353  6402 vsock_connection.cpp:224] Failed to connect:UNAVAILABLE: StrError(): Connection reset by peer
webRTC(6353)  E 10-07 07:18:11  6353  6402 vsock_connection.cpp:224] Failed to connect:UNAVAILABLE: StrError(): Connection reset by peer
webRTC(6353)  E 10-07 07:18:12  6353  6402 vsock_connection.cpp:224] Failed to connect:UNAVAILABLE: StrError(): Connection reset by peer
webRTC(6353)  E 10-07 07:18:13  6353  6402 vsock_connection.cpp:224] Failed to connect:UNAVAILABLE: StrError(): Connection reset by peer
webRTC(6353)  E 10-07 07:18:14  6353  6402 vsock_connection.cpp:224] Failed to connect:UNAVAILABLE: StrError(): Connection reset by peer
webRTC(6353)  E 10-07 07:18:15  6353  6402 vsock_connection.cpp:224] Failed to connect:UNAVAILABLE: StrError(): Connection reset by peer
webRTC(6353)  E 10-07 07:18:16  6353  6402 vsock_connection.cpp:224] Failed to connect:UNAVAILABLE: StrError(): Connection reset by peer
webRTC(6353)  E 10-07 07:18:17  6353  6402 vsock_connection.cpp:224] Failed to connect:UNAVAILABLE: StrError(): Connection reset by peer
webRTC(6353)  E 10-07 07:18:18  6353  6402 vsock_connection.cpp:224] Failed to connect:UNAVAILABLE: StrError(): Connection reset by peer
webRTC(6353)  E 10-07 07:18:19  6353  6402 vsock_connection.cpp:224] Failed to connect:UNAVAILABLE: StrError(): Connection reset by peer
modem_simulator(6333)  D 10-07 07:18:19  6333  6337 channel_monitor.cpp:149] No client connected yet.
webRTC(6353)  E 10-07 07:18:20  6353  6402 vsock_connection.cpp:224] Failed to connect:UNAVAILABLE: StrError(): Connection reset by peer
webRTC(6353)  E 10-07 07:18:21  6353  6402 vsock_connection.cpp:224] Failed to connect:UNAVAILABLE: StrError(): Connection reset by peer
webRTC(6353)  E 10-07 07:18:22  6353  6402 vsock_connection.cpp:224] Failed to connect:UNAVAILABLE: StrError(): Connection reset by peer
webRTC(6353)  E 10-07 07:18:23  6353  6402 vsock_connection.cpp:224] Failed to connect:UNAVAILABLE: StrError(): Connection reset by peer
webRTC(6353)  E 10-07 07:18:24  6353  6402 vsock_connection.cpp:224] Failed to connect:UNAVAILABLE: StrError(): Connection reset by peer
webRTC(6353)  E 10-07 07:18:25  6353  6402 vsock_connection.cpp:224] Failed to connect:UNAVAILABLE: StrError(): Connection reset by peer
webRTC(6353)  E 10-07 07:18:26  6353  6402 vsock_connection.cpp:224] Failed to connect:UNAVAILABLE: StrError(): Connection reset by peer
webRTC(6353)  E 10-07 07:18:27  6353  6402 vsock_connection.cpp:224] Failed to connect:UNAVAILABLE: StrError(): Connection reset by peer
webRTC(6353)  E 10-07 07:18:28  6353  6402 vsock_connection.cpp:224] Failed to connect:UNAVAILABLE: StrError(): Connection reset by peer
webRTC(6353)  E 10-07 07:18:29  6353  6402 vsock_connection.cpp:224] Failed to connect:UNAVAILABLE: StrError(): Connection reset by peer
modem_simulator(6333)  D 10-07 07:18:29  6333  6337 channel_monitor.cpp:149] No client connected yet.
webRTC(6353)  E 10-07 07:18:30  6353  6402 vsock_connection.cpp:224] Failed to connect:UNAVAILABLE: StrError(): Connection reset by peer
webRTC(6353)  E 10-07 07:18:31  6353  6402 vsock_connection.cpp:224] Failed to connect:UNAVAILABLE: StrError(): Connection reset by peer
webRTC(6353)  E 10-07 07:18:32  6353  6402 vsock_connection.cpp:224] Failed to connect:UNAVAILABLE: StrError(): Connection reset by peer
webRTC(6353)  E 10-07 07:18:33  6353  6402 vsock_connection.cpp:224] Failed to connect:UNAVAILABLE: StrError(): Connection reset by peer
webRTC(6353)  E 10-07 07:18:34  6353  6402 vsock_connection.cpp:224] Failed to connect:UNAVAILABLE: StrError(): Connection reset by peer
webRTC(6353)  E 10-07 07:18:35  6353  6402 vsock_connection.cpp:224] Failed to connect:UNAVAILABLE: StrError(): Connection reset by peer
webRTC(6353)  E 10-07 07:18:36  6353  6402 vsock_connection.cpp:224] Failed to connect:UNAVAILABLE: StrError(): Connection reset by peer
webRTC(6353)  E 10-07 07:18:37  6353  6402 vsock_connection.cpp:224] Failed to connect:UNAVAILABLE: StrError(): Connection reset by peer
webRTC(6353)  E 10-07 07:18:38  6353  6402 vsock_connection.cpp:224] Failed to connect:UNAVAILABLE: StrError(): Connection reset by peer
webRTC(6353)  E 10-07 07:18:39  6353  6402 vsock_connection.cpp:224] Failed to connect:UNAVAILABLE: StrError(): Connection reset by peer
modem_simulator(6333)  D 10-07 07:18:39  6333  6337 channel_monitor.cpp:149] No client connected yet.
webRTC(6353)  E 10-07 07:18:40  6353  6402 vsock_connection.cpp:224] Failed to connect:UNAVAILABLE: StrError(): Connection reset by peer
webRTC(6353)  E 10-07 07:18:41  6353  6402 vsock_connection.cpp:224] Failed to connect:UNAVAILABLE: StrError(): Connection reset by peer
webRTC(6353)  E 10-07 07:18:42  6353  6402 vsock_connection.cpp:224] Failed to connect:UNAVAILABLE: StrError(): Connection reset by peer
webRTC(6353)  E 10-07 07:18:43  6353  6402 vsock_connection.cpp:224] Failed to connect:UNAVAILABLE: StrError(): Connection reset by peer
webRTC(6353)  E 10-07 07:18:44  6353  6402 vsock_connection.cpp:224] Failed to connect:UNAVAILABLE: StrError(): Connection reset by peer
webRTC(6353)  E 10-07 07:18:45  6353  6402 vsock_connection.cpp:224] Failed to connect:UNAVAILABLE: StrError(): Connection reset by peer
webRTC(6353)  E 10-07 07:18:46  6353  6402 vsock_connection.cpp:224] Failed to connect:UNAVAILABLE: StrError(): Connection reset by peer
webRTC(6353)  E 10-07 07:18:47  6353  6402 vsock_connection.cpp:224] Failed to connect:UNAVAILABLE: StrError(): Connection reset by peer
webRTC(6353)  E 10-07 07:18:48  6353  6402 vsock_connection.cpp:224] Failed to connect:UNAVAILABLE: StrError(): Connection reset by peer
webRTC(6353)  E 10-07 07:18:49  6353  6402 vsock_connection.cpp:224] Failed to connect:UNAVAILABLE: StrError(): Connection reset by peer
modem_simulator(6333)  D 10-07 07:18:49  6333  6337 channel_monitor.cpp:149] No client connected yet.
webRTC(6353)  E 10-07 07:18:50  6353  6402 vsock_connection.cpp:224] Failed to connect:UNAVAILABLE: StrError(): Connection reset by peer
webRTC(6353)  E 10-07 07:18:51  6353  6402 vsock_connection.cpp:224] Failed to connect:UNAVAILABLE: StrError(): Connection reset by peer
webRTC(6353)  E 10-07 07:18:52  6353  6402 vsock_connection.cpp:224] Failed to connect:UNAVAILABLE: StrError(): Connection reset by peer
webRTC(6353)  E 10-07 07:18:53  6353  6402 vsock_connection.cpp:224] Failed to connect:UNAVAILABLE: StrError(): Connection reset by peer
webRTC(6353)  E 10-07 07:18:54  6353  6402 vsock_connection.cpp:224] Failed to connect:UNAVAILABLE: StrError(): Connection reset by peer
webRTC(6353)  E 10-07 07:18:55  6353  6402 vsock_connection.cpp:224] Failed to connect:UNAVAILABLE: StrError(): Connection reset by peer
webRTC(6353)  E 10-07 07:18:56  6353  6402 vsock_connection.cpp:224] Failed to connect:UNAVAILABLE: StrError(): Connection reset by peer
webRTC(6353)  E 10-07 07:18:57  6353  6402 vsock_connection.cpp:224] Failed to connect:UNAVAILABLE: StrError(): Connection reset by peer
webRTC(6353)  E 10-07 07:18:58  6353  6402 vsock_connection.cpp:224] Failed to connect:UNAVAILABLE: StrError(): Connection reset by peer
webRTC(6353)  E 10-07 07:18:59  6353  6402 vsock_connection.cpp:224] Failed to connect:UNAVAILABLE: StrError(): Connection reset by peer
modem_simulator(6333)  D 10-07 07:18:59  6333  6337 channel_monitor.cpp:149] No client connected yet.
webRTC(6353)  E 10-07 07:19:00  6353  6402 vsock_connection.cpp:224] Failed to connect:UNAVAILABLE: StrError(): Connection reset by peer
webRTC(6353)  E 10-07 07:19:01  6353  6402 vsock_connection.cpp:224] Failed to connect:UNAVAILABLE: StrError(): Connection reset by peer
webRTC(6353)  E 10-07 07:19:02  6353  6402 vsock_connection.cpp:224] Failed to connect:UNAVAILABLE: StrError(): Connection reset by peer
webRTC(6353)  E 10-07 07:19:03  6353  6402 vsock_connection.cpp:224] Failed to connect:UNAVAILABLE: StrError(): Connection reset by peer
webRTC(6353)  E 10-07 07:19:04  6353  6402 vsock_connection.cpp:224] Failed to connect:UNAVAILABLE: StrError(): Connection reset by peer
webRTC(6353)  E 10-07 07:19:05  6353  6402 vsock_connection.cpp:224] Failed to connect:UNAVAILABLE: StrError(): Connection reset by peer
webRTC(6353)  E 10-07 07:19:06  6353  6402 vsock_connection.cpp:224] Failed to connect:UNAVAILABLE: StrError(): Connection reset by peer
webRTC(6353)  E 10-07 07:19:07  6353  6402 vsock_connection.cpp:224] Failed to connect:UNAVAILABLE: StrError(): Connection reset by peer
webRTC(6353)  E 10-07 07:19:08  6353  6402 vsock_connection.cpp:224] Failed to connect:UNAVAILABLE: StrError(): Connection reset by peer
