yes: standard output: Broken pipe
Auto-selecting single ABI x86_64
Do you wish to create a custom hardware profile? [no] lab.avd
lab.ini
emulator Android emulator version 37.2.12.0 (build_id 16428233) (CL:N/A)
* daemon not running; starting now at tcp:5037
* daemon started successfully
booted in 22s: google/sdk_gphone64_x86_64/emu64xa:15/AE3A.240806.043/12960925:userdebug/dev-keys
kernel 6.6.50-android15-8-g8adecb593e9b-ab12525588 -> kmi android15-6.6; tiann/KernelSU v3.3.0
total 16428
drwx------  2 runner runner     4096 Oct  3 01:28 .
drwxrwxrwt 16 root   root       4096 Oct  3 01:27 ..
-rw-r--r--  1 runner runner 10777987 Oct  3 01:28 KernelSU_v3.3.0_32601-release.apk
-rw-r--r--  1 runner runner  5713312 Oct  3 01:28 ksud-x86_64-linux-android
-rw-r--r--  1 runner runner   318824 Oct  3 01:28 lkm-x86_64-android15-6.6_kernelsu.ko
== manager installed (me.weishu.kernelsu, KernelSU_v3.3.0_32601-release.apk)
/tmp/tmp.6Z6kGXtjVn/lkm-x86_64-android15-6.6_kernelsu.ko: 1 file pushed, 0 skipped. 4.4 MB/s (318824 bytes in 0.070s)
/tmp/tmp.6Z6kGXtjVn/ksud-x86_64-linux-android: 1 file pushed, 0 skipped. 136.1 MB/s (5713312 bytes in 0.040s)
== ksud: ksud 3.3.0 (uapi: 2)
== ksud late-load: rc=0
== ksud insmod /data/adb/kernelsu.ko: Error: load module failed: /data/adb/kernelsu.ko

Caused by:
    0: init_module failed without vermagic mismatch
    1: File exists (os error 17)
rc=1
kernelsu              159744  0 
== lsmod: kernelsu              159744  1 
KernelSU_v3.3.0_32601-release.apk
ksud-aarch64-apple-darwin
ksud-aarch64-linux-android
ksud-aarch64-unknown-linux-musl
ksud-x86_64-apple-darwin
ksud-x86_64-linux-android
ksud-x86_64-pc-windows-gnu.exe
ksud-x86_64-unknown-linux-musl
ksuinit-aarch64
ksuinit-x86_64
lkm-aarch64-android12-5.10_kernelsu.ko
lkm-aarch64-android13-5.10_kernelsu.ko
lkm-aarch64-android13-5.15_kernelsu.ko
lkm-aarch64-android14-5.15_kernelsu.ko
lkm-aarch64-android14-6.1_kernelsu.ko
lkm-aarch64-android15-6.6_kernelsu.ko
lkm-aarch64-android16-6.12_kernelsu.ko
lkm-aarch64-android17-6.18_kernelsu.ko
lkm-x86_64-android12-5.10_kernelsu.ko
lkm-x86_64-android13-5.10_kernelsu.ko
lkm-x86_64-android13-5.15_kernelsu.ko
lkm-x86_64-android14-5.15_kernelsu.ko
lkm-x86_64-android14-6.1_kernelsu.ko
lkm-x86_64-android15-6.6_kernelsu.ko
lkm-x86_64-android16-6.12_kernelsu.ko
lkm-x86_64-android17-6.18_kernelsu.ko
== no metamodule asset in tiann/KernelSU v3.3.0
/home/runner/work/devicelab/devicelab/modules/probe/./: 2 files pushed, 0 skipped. 0.3 MB/s (1474 bytes in 0.004s)
== modules: [
  {
    "author": "p0g-stack",
    "versionCode": "1",
    "web": "true",
    "enabled": "true",
    "action": "false",
    "version": "1",
    "mount": "false",
    "name": "devicelab probe",
    "description": "Observation module for devicelab. Its WebUI page is driven over DevTools.",
    "update": "false",
    "remove": "false",
    "id": "devicelab_probe"
  }
]
SELinux: Loaded file context from:
		/system/etc/selinux/plat_file_contexts
		/system_ext/etc/selinux/system_ext_file_contexts
		/vendor/etc/selinux/vendor_file_contexts
== home text: text="LKM" text="Working [Jailbreak mode]" text="Version: 32601-2" text="Manager version" text="v3.3.0 (32601-2)" text="Kernel version" text="6.6.50-android15-8-g8adecb593e9b-ab12525588" text="Device model" text="Google sdk_gphone64_x86_64" text="Fingerprint" text="google/sdk_gphone64_x86_64/emu64xa:15/AE3A.240806.043/12960925:userdebug/dev-keys" text="Enforcing" text="KernelSU" text="Home" text="Superuser" text="1" text="Module" text="Settings" 
== manager activities: me.weishu.kernelsu/.magica.BootCompletedReceiver me.weishu.kernelsu/.ui.MainActivity me.weishu.kernelsu/androidx.core.content.FileProvider me.weishu.kernelsu/androidx.profileinstaller.ProfileInstallReceiver me.weishu.kernelsu/androidx.startup.InitializationProvider 
WebUI-X-v438-release-official.apk
WebUI-X-v438-release-spoofed.apk
== downloaded MMRLApp/WebUI-X-Portable v438 WebUI-X-v438-release-official.apk
Success
== installed com.dergoogler.mmrl.wx uid=10210     versionName=v438-release
== activities: com.dergoogler.mmrl.wx/.ui.activity.CrashHandlerActivity com.dergoogler.mmrl.wx/.ui.activity.MainActivity com.dergoogler.mmrl.wx/.ui.activity.modconf.ModConfActivity com.dergoogler.mmrl.wx/.ui.activity.webui.KsuWebUIActivity com.dergoogler.mmrl.wx/.ui.activity.webui.WebUIActivity com.dergoogler.mmrl.wx/.util.NonRootService com.dergoogler.mmrl.wx/androidx.core.content.FileProvider com.dergoogler.mmrl.wx/androidx.profileinstaller.ProfileInstallReceiver com.dergoogler.mmrl.wx/androidx.startup.InitializationProvider com.dergoogler.mmrl.wx/androidx.work.impl.background.systemalarm.ConstraintProxy com.dergoogler.mmrl.wx/androidx.work.impl.background.systemalarm.ConstraintProxyUpdateReceiver com.dergoogler.mmrl.wx/androidx.work.impl.background.systemalarm.RescheduleReceiver com.dergoogler.mmrl.wx/androidx.work.impl.diagnostics.DiagnosticsReceiver 
ui: tapped 'Superuser' at 120,584
ui: no node with 'com.dergoogler.mmrl.wx'
ui: tapped 160,152
ui: tapped 'com.dergoogler.mmrl.wx' at 160,130
[12,230][308,290] Superuser
[243,236][292,284] 
[12,302][308,358] App Profile | Default
[12,26][60,74] 
[260,26][308,74] Settings
ui: tapped switch 1 ('', was checked=false)
== ksud feature list: Available Features: ================================================================================ [ENABLED (1)] su_compat (ID=0)     SU Compatibility Mode - allows authorized apps to gain root via traditional 'su' command  [ENABLED (1)] kernel_umount (ID=1)     Kernel Umount - controls whether kernel automatically unmounts modules when not needed  [DISABLED] sulog (ID=2)     SU Log - streams kernel sulog events to userspace and persists them to disk  [DISABLED] adb_root (ID=3)     ADB Root - Enable adbd root  [DISABLED] selinux_hide (ID=4)     SELinux Hide - sanitize /sys/fs/selinux access results for app UIDs  [DISABLED] webview_zygote_umount (ID=5)     WebView Zygote Umount - unmount modules from WebView zygote and its isolated children  
== su_compat: Feature: su_compat (0) Description: SU Compatibility Mode - allows authorized apps to gain root via traditional 'su' command Value: 1 Status: enabled 
== root grant: ui; su as app uid 10210: su: failed to exec /system/bin/su: No such file or directory
ui: tapped 'KernelSU' at 160,265
[40,165][280,221] Magisk
[40,309][280,389] KernelSU Next
[40,405][280,461] APatch
[40,477][280,557] SukiSU Ultra
[40,573][280,629] Non-Root
[40,644][280,692] Continue with KernelSU
ui: tapped 'Continue with KernelSU' at 160,668
[16,104][304,330] devicelab probe | 1 (1) by p0g-stack | Updated on 3 October 2026 | Observation module for devicelab. Its WebUI page is d
[32,274][90,322] 
[153,274][288,322] Add Shortcut
[220,32][268,80] 
[268,32][316,80] 
[164,796][320,876] Settings
ui: no node with 'Continue with KernelSU'
ui: no node with 'Next'
ui: no node with 'Continue'
ui: no node with 'Grant'
ui: no node with 'Allow'
ui: no node with 'Get started'
ui: no node with 'Done'
ui: no node with 'OK'
ui: no node with 'Finish'
[16,104][304,330] devicelab probe | 1 (1) by p0g-stack | Updated on 3 October 2026 | Observation module for devicelab. Its WebUI page is d
[32,274][90,322] 
[153,274][288,322] Add Shortcut
[220,32][268,80] 
[268,32][316,80] 
[164,796][320,876] Settings
ui: no node with 'Continue with KernelSU'
ui: no node with 'Next'
ui: no node with 'Continue'
ui: no node with 'Grant'
ui: no node with 'Allow'
ui: no node with 'Get started'
ui: no node with 'Done'
ui: no node with 'OK'
ui: no node with 'Finish'
[16,104][304,330] devicelab probe | 1 (1) by p0g-stack | Updated on 3 October 2026 | Observation module for devicelab. Its WebUI page is d
[32,274][90,322] 
[153,274][288,322] Add Shortcut
[220,32][268,80] 
[268,32][316,80] 
[164,796][320,876] Settings
== WebUI X platform after onboarding: preferences.pb 
== devtools sockets: 
== metamodule releases backslashxx/mountify: 204 Latest 204 2026-08-25T05:14:18Z;203  203 2026-06-25T15:03:16Z;202  202 2026-06-23T03:45:32Z;
== metamodule candidate backslashxx/mountify mountify.zip: id=mountify version=v2.0.4 versionCode=204 metamodule=true 
== metamodule repo (given): backslashxx/mountify
== metamodule zip: mountify.zip sha256 dde361c444f6990b759890720487785402a391a61cf6530f960deb98e5ef864d
== metamodule module.prop: id=mountify name=mountify version=v2.0.4 versionCode=204 author=xx, KOWX712 metamodule=true description=Globally mounted modules via OverlayFS. updateJson=https://raw.githubusercontent.com/backslashxx/mountify/master/update.json 
/tmp/tmp.ReBbMdrBui/rel/mountify.zip: 1 file pushed, 0 skipped. 484.9 MB/s (554873 bytes in 0.001s)
== install mountify.zip
[H[J[|]
[H[J[\]
[H[J[+] mountify
[+] SysReq test
[+] CONFIG_OVERLAY_FS
[+] overlay found in /proc/filesystems
[+] CONFIG_TMPFS_XATTR
[+] tmpfs extended attribute test passed
[!] using fresh config.sh
[+] moving modules.txt
[+] moving whiteouts.txt
[+] mountify will be installed in metamodule mode!
- Done
- Creating metamodule symlink
- Module installed successfully!
== soft-reboot: 
== after soft-reboot (34s): [
  {
    "versionCode": "1",
    "action": "false",
    "enabled": "true",
    "description": "Observation module for devicelab. Its WebUI page is driven over DevTools.",
    "mount": "false",
    "version": "1",
    "author": "p0g-stack",
    "update": "false",
    "id": "devicelab_probe",
    "name": "devicelab probe",
    "remove": "false",
    "web": "true"
  },
  {
    "update": "false",
    "mount": "false",
    "versionCode": "204",
    "description": "mode: auto 🤖 | fstype: tmpfs 🦾 | no modules mounted",
    "author": "xx, KOWX712",
    "updateJson": "https://raw.githubusercontent.com/backslashxx/mountify/master/update.json",
    "web": "true",
    "action": "true",
    "remove": "false",
    "metamodule": "true",
    "enabled": "true",
    "version": "v2.0.4",
    "id": "mountify",
    "name": "mountify"
  }
]
total 32
drwxrwxrwx 4 root root 4096 2026-10-03 01:32 .
drwx------ 7 root root 4096 2026-10-03 01:32 ..
drwxr-xr-x 3 root root 4096 2026-10-03 01:28 devicelab_probe
drwxr-xr-x 5 root root 4096 2026-10-03 01:32 mountify
== metamodule active: lrwxrwxrwx 1 root root 26 2026-10-03 01:32 /data/adb/metamodule -> /data/adb/modules/mountify id=mountify name=mountify version=v2.0.4 versionCode=204 author=xx, KOWX712 metamodule=true description=mode: auto 🤖 | fstype: tmpfs 🦾 | no modules mounted updateJson=https://raw.githubusercontent.com/backslashxx/mountify/master/update.json 
inputs/modules/flutter_webui_counter-0.1.5.zip: 1 file pushed, 0 skipped. 533.4 MB/s (21434766 bytes in 0.038s)
== install flutter_webui_counter-0.1.5.zip
  inflating: webroot/fonts/notocoloremoji/v32/Yq6P-KqIXTD0t4D9z1ESnKM3-HpFabsE4tq3luCC7p-aXxcn.3.woff2
  inflating: webroot/fonts/notocoloremoji/v32/Yq6P-KqIXTD0t4D9z1ESnKM3-HpFabsE4tq3luCC7p-aXxcn.8.woff2
  inflating: webroot/fonts/notocoloremoji/v32/Yq6P-KqIXTD0t4D9z1ESnKM3-HpFabsE4tq3luCC7p-aXxcn.2.woff2
   creating: webroot/fonts/notosansmath/
   creating: webroot/fonts/notosansmath/v15/
  inflating: webroot/fonts/notosansmath/v15/7Aump_cpkSecTWaHRlH2hyV5UHkD-V048PW0.woff2
   creating: webroot/fonts/roboto/
   creating: webroot/fonts/roboto/v32/
  inflating: webroot/fonts/roboto/v32/KFOmCnqEu92Fr1Me4GZLCzYlKw.woff2
  inflating: webroot/.last_build_id
  inflating: webroot/config.json
  inflating: webroot/flutter_webui.js
  inflating: customize.sh
- Done
- Module installed successfully!
inputs/modules/counter-v1.0.0.zip: 1 file pushed, 0 skipped. 483.3 MB/s (6582359 bytes in 0.013s)
== install counter-v1.0.0.zip
  inflating: webroot/canvaskit/chromium/canvaskit.wasm
  inflating: webroot/config.json
  inflating: webroot/favicon.png
  inflating: webroot/flutter.js
  inflating: webroot/flutter_bootstrap.js
  inflating: webroot/icons/Icon-192.png
  inflating: webroot/icons/Icon-512.png
  inflating: webroot/icons/Icon-maskable-192.png
  inflating: webroot/icons/Icon-maskable-512.png
  inflating: webroot/index.html
  inflating: webroot/main.dart.js
  inflating: webroot/manifest.json
  inflating: webroot/version.json
- Done
- Module installed successfully!
inputs/modules/demo.zip: 1 file pushed, 0 skipped. 514.5 MB/s (28139859 bytes in 0.052s)
== install demo.zip
  inflating: webroot/pkg/.gitignore
  inflating: webroot/pkg/demo_native.js
  inflating: webroot/pkg/demo_native_bg.wasm
  inflating: webroot/pkg/package.json
  inflating: webroot/version.json
  inflating: webroot/workers/demo_service.web.g.dart.js
  inflating: webroot/workers/hello_service.web.g.dart.js
  inflating: webui_app_plane/app-install.sh
  inflating: webui_app_plane/app.apk
  inflating: webui_app_plane/arm64-v8a/webui_termux_api.aot
  inflating: webui_app_plane/termux-api
  inflating: webui_app_plane/x86_64/webui_termux_api.aot
  Installed com.webui.api.demo 1011
- Done
- Module installed successfully!
/home/runner/work/devicelab/devicelab/envdump.zip: 1 file pushed, 0 skipped. 31.3 MB/s (1766 bytes in 0.000s)
== install envdump.zip
 devicelab envdump 
 by p0g-stack 
*******************
*********************
 Powered by KernelSU 
*********************
Archive:  /data/local/tmp/m.zip
  inflating: customize.sh
- Extracting module files
Archive:  /data/local/tmp/m.zip
  inflating: module.prop
  inflating: customize.sh
- devicelab envdump: written /data/local/tmp/customize-env.txt
- Done
- Module installed successfully!
== soft-reboot: 
== after soft-reboot (34s): [
  {
    "remove": "false",
    "id": "devicelab_probe",
    "description": "Observation module for devicelab. Its WebUI page is driven over DevTools.",
    "versionCode": "1",
    "web": "true",
    "action": "false",
    "name": "devicelab probe",
    "update": "false",
    "author": "p0g-stack",
    "enabled": "true",
    "mount": "false",
    "version": "1"
  },
  {
    "description": "mode: auto 🤖 | fstype: tmpfs 🦾 | no modules mounted",
    "enabled": "true",
    "update": "false",
    "name": "mountify",
    "remove": "false",
    "action": "true",
    "versionCode": "204",
    "updateJson": "https://raw.githubusercontent.com/backslashxx/mountify/master/update.json",
    "mount": "false",
    "metamodule": "true",
    "web": "true",
    "author": "xx, KOWX712",
    "id": "mountify",
    "version": "v2.0.4"
  },
  {
    "web": "true",
    "mount": "false",
    "version": "0.1.5",
    "name": "flutter-webui Counter",
    "versionCode": "6",
    "author": "p0g-stack",
    "remove": "false",
    "action": "false",
    "enabled": "true",
    "id": "flutter_webui_counter",
    "update": "false",
    "description": "Stock Flutter counter app on flutter-webui (devicelab bring-up build)."
  },
  {
    "action": "false",
    "enabled": "true",
    "remove": "false",
    "mount": "false",
    "author": "Yuv",
    "name": "Counter",
    "versionCode": "1",
    "description": "A new Flutter project.",
    "id": "counter",
    "version": "v1.0.0",
    "update": "false",
    "
total 64
drwxrwxrwx 8 root root 4096 2026-10-03 01:32 .
drwx------ 7 root root 4096 2026-10-03 01:32 ..
drwxr-xr-x 3 root root 4096 2026-10-03 01:32 counter
drwxr-xr-x 6 root root 4096 2026-10-03 01:32 demo
drwxr-xr-x 2 root root 4096 2026-10-03 01:32 devicelab_envdump
drwxr-xr-x 3 root root 4096 2026-10-03 01:28 devicelab_probe
drwxr-xr-x 4 root root 4096 2026-10-03 01:32 flutter_webui_counter
drwxr-xr-x 5 root root 4096 2026-10-03 01:32 mountify
/home/runner/work/devicelab/devicelab/out/labserver: 1 file pushed, 0 skipped. 293.7 MB/s (7843260 bytes in 0.025s)
Starting: Intent { cmp=com.dergoogler.mmrl.wx/.ui.activity.webui.WebUIActivity (has extras) }
Status: ok
Activity: com.dergoogler.mmrl.wx/.ui.activity.webui.WebUIActivity
https://mui.kernelsu.org/index.html
opened: intent
{"check":"targets","result":[{"socket": "webview_devtools_remote_12662", "type": "page", "url": "https://mui.kernelsu.org/index.html", "title": "devicelab probe"}]}
{"check":"globals","result":{"url":"https://mui.kernelsu.org/index.html","socket":"webview_devtools_remote_12662","value":{"ua":"WebUI X/438 (Linux; Android 15; sdk_gphone64_x86_64; KernelSU/32601)","origin":"https://mui.kernelsu.org","href":"https://mui.kernelsu.org/index.html","globals":["$DeFile","$DeFileInputStream","$DeFileOutputStream","$devicelab_probe","$intent","$packageManager","$userManager","ksu","webui"],"ksu":["exec","execBool","fullScreen","mmrl","moduleInfo","spawn","toast","exec","execBool","fullScreen","mmrl","moduleInfo","spawn","toast"]}}}
{"check":"ksu-exec","result":{"url":"https://mui.kernelsu.org/index.html","socket":"webview_devtools_remote_12662","value":{"code":0,"out":"uid=0(root) gid=0(root) groups=0(root) context=u:r:ksu:s0\nu:r:ksu:s0\u0000","err":""}}}
{"check":"ws-loopback","result":{"url":"https://mui.kernelsu.org/index.html","socket":"webview_devtools_remote_12662","value":{"got":["{\"origin\":\"https://mui.kernelsu.org\",\"peerUid\":10210,\"remote\":\"127.0.0.1:45710\",\"serverUid\":0,\"t\":1790991220160,\"uidSource\":\"/proc/net/tcp\"}","hi"],"ms":32}}}
{"check":"fetch-loopback","result":{"url":"https://mui.kernelsu.org/index.html","socket":"webview_devtools_remote_12662","value":{"origin":"https://mui.kernelsu.org","peerUid":10210,"remote":"127.0.0.1:45726","serverUid":0,"t":1790991220279,"uidSource":"/proc/net/tcp"}}}
{"check":"webview-uid","result":["webview_zygote 1053 webview_zygote", "u0_a210      10210 com.dergoogler.mmrl.wx", "root             0 com.dergoogler.mmrl.wx:root:0", "root             0 com.dergoogler.mmrl.wx:root:0", "u0_a151      10151 com.google.android.webview:webview_service", "u0_i9000     99000 com.google.android.webview:sandboxed_process0:org.chromium.content.app.SandboxedProcessService0:0"]}
{"check":"while-home-heartbeat","result":{"url":"https://mui.kernelsu.org/index.html","socket":"webview_devtools_remote_12662","value":{"now":9687,"vis":"hidden"}}}
{"check":"lifecycle","result":{"url":"https://mui.kernelsu.org/index.html","socket":"webview_devtools_remote_12662","value":{"events":[{"type":"pageshow","t":61,"vis":"visible"},{"type":"visibilitychange","t":3529,"vis":"hidden"},{"type":"visibilitychange","t":11864,"vis":"visible"}],"gaps":[{"from":3310,"ms":8560,"vis":"visible"}],"slow":{"heldMs":3000,"sentAt":1790991223425,"resolvedAt":1790991223427,"vis":"hidden"}}}}
{"check":"dev-url","result":{"error":"no page target","sockets":["webview_devtools_remote_12662"],"targets":[{"socket":"webview_devtools_remote_12662","port":9300,"description":"{\"attached\":true,\"empty\":false,\"height\":640,\"never_attached\":false,\"screenX\":0,\"screenY\":0,\"visible\":false,\"width\":320}","devtoolsFrontendUrl":"https://chrome-devtools-frontend.appspot.com/serve_internal_file/@7741f71cbce3b7dfe3eb5890976d2596364b0733/inspector.html?ws=127.0.0.1:9300/devtools/page/312E4BC9AFE1C1989A12B82AC7299D47","id":"312E4BC9AFE1C1989A12B82AC7299D47","title":"devicelab probe","type":"page","url":"https://mui.kernelsu.org/index.html","webSocketDebuggerUrl":"ws://127.0.0.1:9300/devtools/page/312E4BC9AFE1C1989A12B82AC7299D47"}]}}
Starting: Intent { cmp=com.dergoogler.mmrl.wx/.ui.activity.webui.WebUIActivity (has extras) }
Status: ok
Activity: com.dergoogler.mmrl.wx/.ui.activity.webui.WebUIActivity
https://mui.kernelsu.org/index.html
opened: intent
{"check":"targets","result":[{"type": "page", "url": "https://mui.kernelsu.org/index.html", "title": "Flutter Demo"}]}
{"check":"page","result":{"url":"https://mui.kernelsu.org/index.html","socket":"webview_devtools_remote_13055","value":{"href":"https://mui.kernelsu.org/index.html","title":"Flutter Demo","ready":"complete","flutter":true,"glass":true,"nav":{"dcl":110,"load":373},"paint":{"first-paint":1091,"first-contentful-paint":1091},"glassAt":"present","firstFrame":null,"insets":"24px","vv":[320,640,1]}}}
{"check":"java-exceptions","result":["10-03 01:34:04.167 11165 11207 W PackageManager: \tat android.content.res.Resources.getText(Resources.java:466)", "10-03 01:34:04.167 11165 11207 W PackageManager: \tat android.app.ApplicationPackageManager.getText(ApplicationPackageManager.java:2405)", "10-03 01:34:04.167 11165 11207 W PackageManager: \tat android.appwidget.AppWidgetProviderInfo.loadDescription(AppWidgetProviderInfo.java:484)", "10-03 01:34:04.167 11165 11207 W PackageManager: \tat com.android.launcher3.model.WidgetItem.<init>(go/retraceme 31f9979659277bb965985aff1272c33e3c3c9e755b77166d20a2465454178f2c:4)", "10-03 01:34:04.167 11165 11207 W PackageManager: \tat com.android.launcher3.model.WidgetsModel.update(go/retraceme 31f9979659277bb965985aff1272c33e3c3c9e755b77166d20a2465454178f2c:72)", "10-03 01:34:04.167 11165 11207 W PackageManager: \tat com.android.launcher3.p0.execute(go/retraceme 31f9979659277bb965985aff1272c33e3c3c9e755b77166d20a2465454178f2c:16)", "10-03 01:34:04.167 11165 11207 W PackageManager: \tat com.android.launcher3.LauncherModel.a(go/retraceme 31f9979659277bb965985aff1272c33e3c3c9e755b77166d20a2465454178f2c:27)", "10-03 01:34:04.167 11165 11207 W PackageManager: \tat com.android.launcher3.t0.run(go/retraceme 31f9979659277bb965985aff1272c33e3c3c9e755b77166d20a2465454178f2c:12)", "10-03 01:34:04.167 11165 11207 W PackageManager: \tat android.os.Handler.handleCallback(Handler.java:959)", "10-03 01:34:04.167 11165 11207 W PackageManager: \tat android.os.Handler.dispatchMessage(Handler.java:100)", "10-03 01:34:04.167 11165 11207 W PackageManager: \tat android.os.Looper.loopOnce(Looper.java:232)", "10-03 01:34:04.167 11165 11207 W PackageManager: \tat android.os.Looper.loop(Looper.java:317)", "--", "10-03 01:34:04.695 10938 11723 I ChimeraSrvcProxy: NullBinder for android.net.action.RECOMMEND_NETWORKS triggering remote TransactionTooLargeException due to Service without Chimera impl", "10-03 01:34:04.695 10938 11723 W .gms.persistent: Large reply transaction of 1056768 bytes, interface descriptor , code 1", "10-03 01:34:04.695 11302 11649 I BugleRcsEngine: handleMessage processing message:[NOTIFY_UPTIME_IGNORE_STATE_CHANGED] with [non-null]:RcsEngineImpl reference [CONTEXT log_prefix=\"RcsEngineImpl[DUAL_REG]:[3af02e0e-f6a5]>Handler\" thread_id=63 ]", "10-03 01:34:04.695 11302 11522 I BugleRcsEngine: Connected state: [1], networkType: [WIFI] [CONTEXT thread_id=56 ]", "10-03 01:34:04.720 10484 10634 D InetDiagMessage: Destroyed 0 sockets, proto=IPPROTO_TCP, family=AF_INET, states=14", "10-03 01:34:04.720 10484 10634 D InetDiagMessage: Destroyed 0 sockets, proto=IPPROTO_TCP, family=AF_INET6, states=14", "10-03 01:34:04.720 10484 10634 D InetDiagMessage: Destroyed live tcp sockets for uids={10151} in 0ms", "10-03 01:34:04.720 10484 10634 D InetDiagMessage: Destroyed 0 sockets, proto=IPPROTO_TCP, family=AF_INET, states=14", "10-03 01:34:04.721 10484 10634 D InetDiagMessage: Destroyed 0 sockets, proto=IPPROTO_TCP, family=AF_INET6, states=14", "10-03 01:34:04.721 10484 10634 D InetDiagMessage: Destroyed live tcp sockets for uids={20151} in 0ms", "10-03 01:34:05.812 10484 10578 D ActivityManager: freezing 12287 com.google.android.settings.intelligence", "10-03 01:34:05.813 10484 10634 D InetDiagMessage: Destroyed 0 sockets, proto=IPPROTO_TCP, family=AF_INET, states=14", "10-03 01:34:05.814 10484 10634 D InetDiagMessage: Destroyed 0 sockets, proto=IPPROTO_TCP, family=AF_INET6, states=14", "--", "10-03 01:34:07.703 10938 11379 I ChimeraSrvcProxy: NullBinder for android.net.action.RECOMMEND_NETWORKS triggering remote TransactionTooLargeException due to Service without Chimera impl", "10-03 01:34:07.703 10938 11379 W .gms.persistent: Large reply transaction of 1056768 bytes, interface descriptor , code 1", "10-03 01:34:07.703 11302 11522 I BugleRcsEngine: Connected state: [1], networkType: [WIFI] [CONTEXT thread_id=56 ]", "10-03 01:34:08.489 10484 10578 D ActivityManager: freezing 11733 com.google.android.gms.unstable", "10-03 01:34:09.719 10484 10578 D ActivityManager: freezing 12768 com.google.android.webview:webview_service", "10-03 01:34:09.720 10484 10634 D InetDiagMessage: Destroyed 0 sockets, proto=IPPROTO_TCP, family=AF_INET, states=14", "10-03 01:34:09.720 10484 10634 D InetDiagMessage: Destroyed 0 sockets, proto=IPPROTO_TCP, family=AF_INET6, states=14", "10-03 01:34:09.720 10484 10634 D InetDiagMessage: Destroyed live tcp sockets for uids={10151} in 1ms", "10-03 01:34:10.725 10484 10519 D OomAdjuster: Not killing cached processes", "10-03 01:34:14.158 10407 10436 I netd    : tetherGetStats() -> {[]} <0.53ms>", "10-03 01:34:14.231 11420 11420 D BoundBrokerSvc: onUnbind: Intent { act=com.google.android.gms.credential.manager.service.firstparty.START dat=chimera-action:/... cmp=com.google.android.gms/.chimera.GmsApiService }", "10-03 01:34:14.231 11420 11420 D BoundBrokerSvc: onUnbind: Intent { act=com.google.android.gms.auth.key.retrieval.service.START dat=chimera-action:/... cmp=com.google.android.gms/.chimera.GmsApiService }", "10-03 01:34:14.232 10938 10938 D BoundBrokerSvc: onUnbind: Intent { act=com.google.android.gms.phenotype.service.START pkg=com.google.android.gms }"]}
{"check":"console-errors","result":["--------- beginning of main", "10-03 01:33:59.518 13055 13150 E chromium: [ERROR:simple_file_enumerator.cc(21)] opendir /data/user/0/com.dergoogler.mmrl.wx/cache/WebView/Default/HTTP Cache/Code Cache/wasm: No such file or directory (2)", "10-03 01:33:59.518 13055 13150 E chromium: [ERROR:simple_index_file.cc(614)] Could not reconstruct index from disk", "10-03 01:33:59.529 13055 13167 E chromium: [ERROR:simple_version_upgrade.cc(152)] Failed to write a new fake index.", "10-03 01:33:59.626 13148 13168 W chromium: [WARNING:runtime_features.cc(694)] SharedStorage for M118+ cannot be enabled in this configuration. Use --enable-features=SharedStorageAPI,SharedStorageAPIM118 in addition.", "10-03 01:33:59.785 13148 13168 I chromium: [INFO:viewport_data.cc(133)] E2E_Used ViewportFitCover", "10-03 01:33:59.827 13055 13055 I chromium: [INFO:CONSOLE(53)] \"Injecting <script> tag. Using callback.\", source:  (53)", "10-03 01:34:04.214 12365 12961 E chromium: [ERROR:ssl_client_socket_impl.cc(879)] handshake failed; returned -1, SSL error code 1, net_error -103"]}
{"check":"first-frame-warm","result":{"url":"https://mui.kernelsu.org/index.html","socket":"webview_devtools_remote_13055","value":{"firstFrameMs":347,"now":15053,"flutter":true,"resizes":[],"paint":{"first-paint":677,"first-contentful-paint":677},"calls":[[43,"at-preload","ksu:undefined webui:undefined"],[55,"ksu-defined"],[58,"wrap-failed","exec"],[68,"wrap-failed","spawn"],[70,"wrap-failed","moduleInfo"],[71,"wrap-failed","fullScreen"],[72,"wrap-failed","toast"]],"resources":[["/internal/insets.css",39,72,"link",0],["/flutter_webui.css",39,77,"link",0],["/flutter_webui.js",39,77,"script",0],["/internal/assets/ext/require.js",39,75,"script",0],["/flutter_bootstrap.js",39,82,"script",0],["/canvaskit/chromium/canvaskit.wasm",114,148,"fetch",0],["/canvaskit/chromium/canvaskit.js",114,120,"other",0],["/main.dart.js",115,139,"script",0],["/assets/FontManifest.json",287,295,"fetch",0],["/favicon.ico",289,291,"other",0],["/assets/fonts/MaterialIcons-Regular.otf",296,302,"fetch",0],["/assets/packages/cupertino_icons/assets/CupertinoIcons.ttf",296,302,"fetch",0],["/assets/fonts/fallback/Roboto-Regular.ttf",296,302,"fetch",0]],"marks":[["flutter_webui:register",304],["flutter_webui:registered",306],["flutter_webui:first-frame",347]],"measures":[],"fonts":[]}}}
{"check":"root-start","result":{"url":"https://mui.kernelsu.org/index.html","socket":"webview_devtools_remote_13055","value":{"code":0,"out":"","err":"","ms":90}}}
{"check":"session","result":{"url":"https://mui.kernelsu.org/index.html","socket":"webview_devtools_remote_13055","value":{"status":200,"ms":118,"protocol":1,"version":"0.1.0","port":35717,"pid":13277,"tokenLen":43}}}
{"check":"ws-hello","result":{"url":"https://mui.kernelsu.org/index.html","socket":"webview_devtools_remote_13055","value":{"first":"{\"op\":\"hello\",\"protocol\":1,\"version\":\"0.1.0\",\"pid\":13277,\"boot\":\"0ae6c0e5-0379-40d9-bba3-411567abd2b4\",\"uid\":0,\"moduleDir\":\"/data/adb/modules/flutter_webui_counter\"}"}}}
{"check":"channel-process","result":"USER           UID LABEL                            PID NAME                       \nroot             0 u:r:ksu:s0                     13277 ld-linux-x86-64.so.2\nexe=/data/adb/modules/flutter_webui_counter/flutter_webui/x86_64/ld-linux-x86-64.so.2\n/data/adb/modules/flutter_webui_counter/flutter_webui/x86_64/ld-linux-x86-64.so.2 --library-path /data/adb/modules/flutter_webui_counter/flutter_webui/x86_64 /data/adb/modules/flutter_webui_counter/flutter_webui/x86_64/dartaotruntime /data/adb/modules/flutter_webui_counter/flutter_webui/x86_64/flutter_webui_root.aot serve --module-dir /data/adb/modules/flutter_webui_counter \narm64-v8a\nroot\nx86_64\n/data/adb/modules/flutter_webui_counter/flutter_webui/arm64-v8a:\ndartaotruntime\nflutter_webui_root.aot\nld-linux-aarch64.so.1\nlibc.so.6\nlibdl.so.2\nlibm.so.6\nlibpthread.so.0\n\n/data/adb/modules/flutter_webui_counter/flutter_webui/x86_64:\ndartaotruntime\nflutter_webui_root.aot\nld-linux-x86-64.so.2\nlibc.so.6\nlibdl.so.2\nlibm.so.6\nlibpthread.so.0"}
{"check":"root-log","result":"2026-10-03T01:34:31.445501 listening on 127.0.0.1:35717"}
{"check":"session-mode","result":"total 44\ndrwx--x--x 3 root root 4096 2026-10-03 01:34 .\ndrwxr-xr-x 7 root root 4096 2026-10-03 01:34 ..\n-rw------- 1 root root    0 2026-10-03 01:34 lock\ndrwx------ 2 root root 4096 2026-10-03 01:34 proc\n-rw------- 1 root root   56 2026-10-03 01:34 root.log\n-rw-r--r-- 1 root root  197 2026-10-03 01:34 session.json"}
{"check":"home-resume","result":{"url":"https://mui.kernelsu.org/index.html","socket":"webview_devtools_remote_13055","value":{"events":[["visibilitychange","hidden",16020],["visibilitychange","visible",23115]],"ticks":13,"vis":"visible","hasFocus":false}}}
{"check":"before-back","result":{"url":"https://mui.kernelsu.org/index.html","socket":"webview_devtools_remote_13055","value":{"historyLength":1,"historyState":"{\"flutter\":true}","href":"https://mui.kernelsu.org/index.html","typeofWebui":"object","typeofWebuiExit":"function","typeofKsuExit":"undefined","webuiKeys":["exit","getAdditionalConfig","getApplication","getCurrentApplication","getCurrentRootManager","isDebug","openFile","setRefreshing","setRefreshingEnabled","startActivity"],"wrapped":"not writable"}}}
{"check":"back-events","result":{"error":"no page target","sockets":[],"targets":[]}}
{"check":"back-console","result":["10-03 01:34:42.420 10484 10578 D ActivityManager: freezing 12969 com.android.chrome:sandboxed_process0:org.chromium.content.app.SandboxedProcessService0:0", "10-03 01:34:42.505 10484 11343 I ActivityManager: Killing 13148:com.google.android.webview:sandboxed_process0:org.chromium.content.app.SandboxedProcessService0:0/u0a210i1 (adj 0): isolated not needed"]}
{"check":"back-at-root","result":"topResumedActivity=ActivityRecord{3b6dd14 u0 com.google.android.apps.nexuslauncher/.NexusLauncherActivity t13}"}
Starting: Intent { cmp=com.dergoogler.mmrl.wx/.ui.activity.webui.WebUIActivity (has extras) }
Status: ok
Activity: com.dergoogler.mmrl.wx/.ui.activity.webui.WebUIActivity
https://mui.kernelsu.org/index.html
opened: intent
{"check":"targets","result":[{"type": "page", "url": "https://mui.kernelsu.org/index.html", "title": "Flutter Demo"}]}
{"check":"page","result":{"url":"https://mui.kernelsu.org/index.html","socket":"webview_devtools_remote_13400","value":{"href":"https://mui.kernelsu.org/index.html","title":"Flutter Demo","ready":"complete","flutter":true,"glass":true,"nav":{"dcl":92,"load":421},"paint":{"first-paint":1179,"first-contentful-paint":1179},"glassAt":"present","firstFrame":null,"insets":"24px","vv":[320,640,1]}}}
{"check":"java-exceptions","result":["10-03 01:34:46.979 13400 13400 E JavaScriptInterfaceImplementation.createNewWX(...): java.lang.NoSuchMethodException: com.dergoogler.mmrl.hybridwebui.interfaces.prebuilt.FileChooserInterface.<init> [class com.dergoogler.mmrl.webui.interfaces.WXOptions]", "10-03 01:34:46.979 13400 13400 E JavaScriptInterfaceImplementation.createNewWX(...): \tat java.lang.Class.getConstructor0(Class.java:3395)", "10-03 01:34:46.979 13400 13400 E JavaScriptInterfaceImplementation.createNewWX(...): \tat java.lang.Class.getDeclaredConstructor(Class.java:3077)", "10-03 01:34:46.979 13400 13400 E JavaScriptInterfaceImplementation.createNewWX(...): \tat com.dergoogler.mmrl.ext.JavaScriptInterfaceExtKt.createNewWX(JavaScriptInterfaceExt.kt:16)", "10-03 01:34:46.979 13400 13400 E JavaScriptInterfaceImplementation.createNewWX(...): \tat com.dergoogler.mmrl.webui.view.WebUIView.addJavascriptInterface(WebUIView.kt:267)", "10-03 01:34:46.979 13400 13400 E JavaScriptInterfaceImplementation.createNewWX(...): \tat com.dergoogler.mmrl.wx.ui.activity.webui.WebUIActivity.init$lambda$4$lambda$3$lambda$2(WebUIActivity.kt:219)", "10-03 01:34:46.979 13400 13400 E JavaScriptInterfaceImplementation.createNewWX(...): \tat com.dergoogler.mmrl.wx.ui.activity.webui.WebUIActivity.$r8$lambda$_nZAC8A9f41jkM28VFfiLo2SZbA(Unknown Source:0)", "10-03 01:34:46.979 13400 13400 E JavaScriptInterfaceImplementation.createNewWX(...): \tat com.dergoogler.mmrl.wx.ui.activity.webui.WebUIActivity$$ExternalSyntheticLambda2.invoke(D8$$SyntheticClass:0)", "10-03 01:34:46.979 13400 13400 E JavaScriptInterfaceImplementation.createNewWX(...): \tat com.dergoogler.mmrl.hybridwebui.HybridWebUI.setupDependencies(HybridWebUI.kt:106)", "10-03 01:34:46.979 13400 13400 E JavaScriptInterfaceImplementation.createNewWX(...): \tat com.dergoogler.mmrl.hybridwebui.HybridWebUI.onAttachedToWindow(HybridWebUI.kt:77)", "10-03 01:34:46.979 13400 13400 E JavaScriptInterfaceImplementation.createNewWX(...): \tat android.view.View.dispatchAttachedToWindow(View.java:22860)", "10-03 01:34:46.979 13400 13400 E JavaScriptInterfaceImplementation.createNewWX(...): \tat android.view.ViewGroup.dispatchAttachedToWindow(ViewGroup.java:3492)", "10-03 01:34:46.979 13400 13400 E JavaScriptInterfaceImplementation.createNewWX(...): \tat android.view.ViewGroup.dispatchAttachedToWindow(ViewGroup.java:3499)", "10-03 01:34:46.979 13400 13400 E JavaScriptInterfaceImplementation.createNewWX(...): \tat android.view.ViewGroup.dispatchAttachedToWindow(ViewGroup.java:3499)", "10-03 01:34:46.979 13400 13400 E JavaScriptInterfaceImplementation.createNewWX(...): \tat android.view.ViewGroup.dispatchAttachedToWindow(ViewGroup.java:3499)", "10-03 01:34:46.979 13400 13400 E JavaScriptInterfaceImplementation.createNewWX(...): \tat android.view.ViewGroup.dispatchAttachedToWindow(ViewGroup.java:3499)", "10-03 01:34:46.979 13400 13400 E JavaScriptInterfaceImplementation.createNewWX(...): \tat android.view.ViewGroup.dispatchAttachedToWindow(ViewGroup.java:3499)"]}
{"check":"console-errors","result":["--------- beginning of main", "10-03 01:34:46.806 13400 13488 I chromium: [1003/013446.806374:INFO:variations_seed_loader.cc(66)] Failed to open file for reading.: No such file or directory (2)", "10-03 01:34:46.861 13400 13516 E chromium: [ERROR:simple_file_enumerator.cc(21)] opendir /data/user/0/com.dergoogler.mmrl.wx/cache/WebView/Default/HTTP Cache/Code Cache/wasm: No such file or directory (2)", "10-03 01:34:46.861 13400 13516 E chromium: [ERROR:simple_index_file.cc(614)] Could not reconstruct index from disk", "10-03 01:34:46.947 13492 13524 W chromium: [WARNING:runtime_features.cc(694)] SharedStorage for M118+ cannot be enabled in this configuration. Use --enable-features=SharedStorageAPI,SharedStorageAPIM118 in addition.", "10-03 01:34:47.134 13400 13400 I chromium: [INFO:CONSOLE(53)] \"Injecting <script> tag. Using callback.\", source:  (53)", "10-03 01:34:47.168 13400 13400 I chromium: [INFO:CONSOLE(53)] \"Injecting <script> tag. Using callback.\", source:  (53)"]}
{"check":"first-frame-warm","result":{"url":"https://mui.kernelsu.org/index.html","socket":"webview_devtools_remote_13400","value":{"firstFrameMs":348,"now":15047,"flutter":true,"resizes":[],"paint":{"first-paint":657,"first-contentful-paint":657},"calls":[[26,"at-preload","ksu:undefined webui:undefined"],[28,"ksu-defined"],[29,"wrap-failed","exec"],[33,"wrap-failed","spawn"],[41,"wrap-failed","moduleInfo"],[42,"wrap-failed","fullScreen"],[43,"wrap-failed","toast"]],"resources":[["/flutter_bootstrap.js",23,62,"script",0],["/internal/assets/ext/require.js",24,44,"script",0],["/canvaskit/chromium/canvaskit.wasm",92,137,"fetch",0],["/canvaskit/chromium/canvaskit.js",92,99,"other",0],["/main.dart.js",93,115,"script",0],["/assets/FontManifest.json",278,287,"fetch",0],["/favicon.png",281,287,"other",0],["/assets/fonts/MaterialIcons-Regular.otf",288,301,"fetch",0],["/assets/packages/cupertino_icons/assets/CupertinoIcons.ttf",290,300,"fetch",0],["/assets/fonts/fallback/Roboto-Regular.ttf",291,301,"fetch",0],["/favicon.png",657,673,"other",0]],"marks":[],"measures":[],"fonts":[]}}}
Starting: Intent { cmp=com.dergoogler.mmrl.wx/.ui.activity.webui.WebUIActivity (has extras) }
Status: ok
Activity: com.dergoogler.mmrl.wx/.ui.activity.webui.WebUIActivity
https://mui.kernelsu.org/index.html
opened: intent
{"check":"targets","result":[{"type": "page", "url": "https://mui.kernelsu.org/index.html", "title": "Demo"}]}
{"check":"page","result":{"url":"https://mui.kernelsu.org/index.html","socket":"webview_devtools_remote_13614","value":{"href":"https://mui.kernelsu.org/index.html","title":"Demo","ready":"complete","flutter":true,"glass":true,"nav":{"dcl":198,"load":654},"paint":{"first-paint":1054,"first-contentful-paint":1884},"glassAt":"present","firstFrame":null,"insets":"24px","vv":[320,640,1]}}}
{"check":"java-exceptions","result":["10-03 01:35:20.350 10938 10993 W GLSUser : \tat etvr.s(:com.google.android.gms@242335041@24.23.35 (190800-646585959):21)", "10-03 01:35:20.350 10938 10993 W GLSUser : \tat etvr.get(:com.google.android.gms@242335041@24.23.35 (190800-646585959):10)", "10-03 01:35:20.350 10938 10993 W GLSUser : \tat yfw.b(:com.google.android.gms@242335041@24.23.35 (190800-646585959):477)", "10-03 01:35:20.350 10938 10993 W GLSUser : \tat yfu.b(:com.google.android.gms@242335041@24.23.35 (190800-646585959):31)", "10-03 01:35:20.350 10938 10993 W GLSUser : \tat yfp.a(:com.google.android.gms@242335041@24.23.35 (190800-646585959):1)", "10-03 01:35:20.350 10938 10993 W GLSUser : \tat yfs.a(:com.google.android.gms@242335041@24.23.35 (190800-646585959):58)", "10-03 01:35:20.350 10938 10993 W GLSUser : \tat uou.call(:com.google.android.gms@242335041@24.23.35 (190800-646585959):56)", "10-03 01:35:20.350 10938 10993 W GLSUser : \tat java.util.concurrent.FutureTask.run(FutureTask.java:264)", "10-03 01:35:20.350 10938 10993 W GLSUser : \tat angs.c(:com.google.android.gms@242335041@24.23.35 (190800-646585959):50)", "10-03 01:35:20.350 10938 10993 W GLSUser : \tat angs.run(:com.google.android.gms@242335041@24.23.35 (190800-646585959):76)", "10-03 01:35:20.350 10938 10993 W GLSUser : \tat java.util.concurrent.ThreadPoolExecutor.runWorker(ThreadPoolExecutor.java:1145)", "10-03 01:35:20.350 10938 10993 W GLSUser : \tat java.util.concurrent.ThreadPoolExecutor$Worker.run(ThreadPoolExecutor.java:644)", "--", "10-03 01:35:20.350 10938 10993 W GLSUser : Caused by: bpcw: Parse Proto Exception with response code 400", "10-03 01:35:20.350 10938 10993 W GLSUser : \tat bpdw.b(:com.google.android.gms@242335041@24.23.35 (190800-646585959):80)", "10-03 01:35:20.350 10938 10993 W GLSUser : \tat bpgb.e(:com.google.android.gms@242335041@24.23.35 (190800-646585959):17)", "10-03 01:35:20.350 10938 10993 W GLSUser : \tat bpgp.onSucceeded(:com.google.android.gms@242335041@24.23.35 (190800-646585959):7)", "10-03 01:35:20.350 10938 10993 W GLSUser : \tat m.mw.onSucceeded(:com.google.android.gms.dynamite_cronetdynamite@242335041@24.23.35 (190800-0):3)", "10-03 01:35:20.350 10938 10993 W GLSUser : \tat m.lt.run(:com.google.android.gms.dynamite_cronetdynamite@242335041@24.23.35 (190800-0):25)", "10-03 01:35:20.350 10938 10993 W GLSUser : \t... 6 more", "10-03 01:35:20.350 10938 10993 W GLSUser : Caused by: fkhe: Protocol message contained an invalid tag (zero).", "10-03 01:35:20.350 10938 10993 W GLSUser : \tat fkea.k(:com.google.android.gms@242335041@24.23.35 (190800-646585959):39)", "10-03 01:35:20.350 10938 10993 W GLSUser : \tat fkid.c(:com.google.android.gms@242335041@24.23.35 (190800-646585959):309)", "10-03 01:35:20.350 10938 10993 W GLSUser : \tat fkid.i(:com.google.android.gms@242335041@24.23.35 (190800-646585959):8)", "10-03 01:35:20.350 10938 10993 W GLSUser : \tat fkgi.fe(:com.google.android.gms@242335041@24.23.35 (190800-646585959):25)", "10-03 01:35:20.350 10938 10993 W GLSUser : \tat fkgc.g(:com.google.android.gms@242335041@24.23.35 (190800-646585959):3)", "--", "10-03 01:35:22.814 10938 11548 I ChimeraSrvcProxy: NullBinder for android.net.action.RECOMMEND_NETWORKS triggering remote TransactionTooLargeException due to Service without Chimera impl", "10-03 01:35:22.814 10938 11548 W .gms.persistent: Large reply transaction of 1056768 bytes, interface descriptor , code 1", "10-03 01:35:22.814 10484 10697 D OomAdjuster: Not killing cached processes", "10-03 01:35:24.184 13636 13778 D ProfileInstaller: Skipping profile installation for com.dergoogler.mmrl.wx", "10-03 01:35:24.944 10484 10634 D InetDiagMessage: Destroyed 0 sockets, proto=IPPROTO_TCP, family=AF_INET, states=14", "10-03 01:35:24.945 10484 10634 D InetDiagMessage: Destroyed 0 sockets, proto=IPPROTO_TCP, family=AF_INET6, states=14", "10-03 01:35:24.945 10484 10634 D InetDiagMessage: Destroyed live tcp sockets for uids={10151} in 1ms", "10-03 01:35:24.945 10484 10634 D InetDiagMessage: Destroyed 0 sockets, proto=IPPROTO_TCP, family=AF_INET, states=14", "10-03 01:35:24.946 10484 10634 D InetDiagMessage: Destroyed 0 sockets, proto=IPPROTO_TCP, family=AF_INET6, states=14", "10-03 01:35:24.946 10484 10634 D InetDiagMessage: Destroyed live tcp sockets for uids={20151} in 1ms", "10-03 01:35:26.357 11410 11410 I BugleDataModel: ActionExecutorImpl: Starting ActionService", "10-03 01:35:26.361 11410 11410 I BugleDataModel: ActionExecutorImpl: ACTION_EXECUTE_QUEUED_CountryCodeDetectorAction", "10-03 01:35:26.361 11410 11410 I BugleDataModel: ActionExecutorImpl: ACTION_EXECUTE_QUEUED_SelfParticipantsRefreshAction"]}
{"check":"console-errors","result":["--------- beginning of main", "10-03 01:35:19.626 13614 13698 I chromium: [1003/013519.625901:INFO:variations_seed_loader.cc(66)] Failed to open file for reading.: No such file or directory (2)", "10-03 01:35:19.809 13704 13739 W chromium: [WARNING:runtime_features.cc(694)] SharedStorage for M118+ cannot be enabled in this configuration. Use --enable-features=SharedStorageAPI,SharedStorageAPIM118 in addition.", "10-03 01:35:19.965 13704 13739 I chromium: [INFO:viewport_data.cc(133)] E2E_Used ViewportFitCover", "10-03 01:35:20.087 13614 13614 I chromium: [INFO:CONSOLE(53)] \"Injecting <script> tag. Using callback.\", source:  (53)"]}
{"check":"first-frame-warm","result":{"url":"https://mui.kernelsu.org/index.html","socket":"webview_devtools_remote_13614","value":{"firstFrameMs":469,"now":15047,"flutter":true,"resizes":[],"paint":{"first-paint":894,"first-contentful-paint":894},"calls":[[58,"at-preload","ksu:undefined webui:undefined"],[69,"ksu-defined"],[71,"wrap-failed","exec"],[72,"wrap-failed","spawn"],[72,"wrap-failed","moduleInfo"],[72,"wrap-failed","fullScreen"],[73,"wrap-failed","toast"]],"resources":[["/internal/insets.css",50,66,"link",0],["/internal/colors.css",51,75,"link",0],["/flutter_webui.css",51,75,"link",0],["/flutter_webui.js",51,81,"script",0],["/flutter_bootstrap.js",51,82,"script",0],["/internal/assets/ext/require.js",51,76,"script",0],["/canvaskit/chromium/canvaskit.wasm",107,142,"fetch",0],["/canvaskit/chromium/canvaskit.js",108,118,"other",0],["/main.dart.js",108,175,"script",0],["/assets/FontManifest.json",348,359,"fetch",0],["/favicon.ico",351,354,"other",0],["/assets/fonts/MaterialIcons-Regular.otf",361,366,"fetch",0],["/assets/fonts/fallback/Roboto-Regular.ttf",361,366,"fetch",0],["/internal/colors.css",375,887,"fetch",0],["/pkg/demo_native.js",888,966,"fetch",0]],"marks":[["flutter_webui:register",369],["flutter_webui:registered",369],["flutter_webui:register",371],["flutter_webui:registered",371],["flutter_webui:first-frame",469]],"measures":[],"fonts":[]}}}
{"url":"https://mui.kernelsu.org/index.html","socket":"webview_devtools_remote_13614","value":"semantics on"}
{"check":"home","result":{"url":"https://mui.kernelsu.org/index.html","socket":"webview_devtools_remote_13614","value":["Squadron","Process","native","net","Say hello","Count to 5","SHA-256","Demo pages\nOne page per thing the stack promises.","Places","Strategy","Rust","Lifecycle","Shell","Plugins"]}}
{"check":"colors-css","result":{"url":"https://mui.kernelsu.org/index.html","socket":"webview_devtools_remote_13614","value":{"status":200,"type":"text/css","body":":root {\n\t/* App Base Colors */\n\t--background: #faf8ffff;\n\t--error: #b3261eff;\n\t--errorContainer: #f9dedcff;\n\t--inverseOnSurface: #e3e2e9ff;\n\t--inversePrimary: #b2c5ffff;\n\t--inverseSurface: #121318ff;\n\t--onBackground: #1a1b21ff;\n\t--onError: #ffffffff;\n\t--onErrorContainer: #410e0bff;\n\t--onPrimary: #ffffffff;\n\t--onPrimaryContainer: #001849ff;\n\t--onSecondary: #ffffffff;\n\t--onSecondaryContainer: #151b2cff;\n\t--onSurface: #1a1b21ff;\n\t--onSurfaceVariant: #45464fff;\n\t--onTertiary: #ffffffff;\n\t--onTertiaryContainer: #2b122bff;\n\t--outline: #757780ff;\n\t--outlineVariant: #c5c6d0ff;\n\t--primary: #495d92ff;\n\t--primaryContainer: #dae2ffff;\n\t--scrim: #000000ff;\n\t--secondary: #585e71ff;\n\t--secondaryContainer: #dde2f9ff;\n\t--surface: #faf8ffff;\n\t--tonalSurface: #f1f0f9ff;\n\t--surfaceBright: #faf8ffff;\n\t--surfaceContainer: #eeedf4ff;\n\t--surfaceContainerHigh: #e8e7efff;\n\t--surfaceContainerHighest: #e3e2e9ff;\n\t--surfaceContainerLow: #f4f3faff;\n\t--surfaceContainerLowest: #ffffffff;\n\t--surfaceDim: #dad9e0ff;\n\t--surfaceTint: #495d92ff;\n\t--surfaceVariant: #e1e2ecff;\n\t--tertiary: #735471ff;\n\t--tertiaryContainer: #fed6f9ff;\n\t/* Filled Tonal Button Colors */\n\t--filledTonalButtonContainerColor: #dde2f9ff;\n\t--filledTonalButtonContentColor: #151b2cff;\n\t--filledTonalButtonDisabledContainerColor: #1a1b211f;\n\t--filledTonalButtonDisabledContentColor: #1a1b2161;\n\t/* Filled Card Colors */\n\t--filledCardContainerColor: #e3e2e9ff;\n\t--filledCardContentColor: #1a1b21ff;\n\t--filledCardDisabledContainerColor: #e2e2eaff;\n\t--"}}}
{"check":"wasm-at-home","result":{"url":"https://mui.kernelsu.org/index.html","socket":"webview_devtools_remote_13614","value":{"wasm":[{"name":"chromium/canvaskit.wasm","start":107,"dur":34}],"marks":[{"name":"flutter_webui:register","t":369},{"name":"flutter_webui:registered","t":369},{"name":"flutter_webui:register","t":371},{"name":"flutter_webui:registered","t":371},{"name":"flutter_webui:first-frame","t":469}],"measures":[],"now":18514}}}
{"check":"tap-places","result":{"url":"https://mui.kernelsu.org/index.html","socket":"webview_devtools_remote_13614","value":"tapped Places at 16,572 size 288x56 role button tappable"}}
{"check":"places","result":{"url":"https://mui.kernelsu.org/index.html","socket":"webview_devtools_remote_13614","value":["Back\nBack","One service, DemoService, opened in every place this build knows. Each place probes its own facts from inside; the page never guesses from the platform it was built for.","200k","1M","3M","Count primes in every place","Restart places","inline (the caller)\nkind: inline\nstart 217 ms, first facts() round trip 135 ms\nroot\ncheck: effective uid 0\nblock_devices\ncheck: a kernel-listed block device opens for reading\nusb.native\ncheck: /dev/bus/usb lists\nusb.web\ncheck: navigator.usb exists\nprocess.spawn\ncheck: a shell runs\nfs.persistent\ncheck: working dir writable, or storage persisted\nnet\ncheck: a non-loopback interface is up, or onLine\nnative\ncheck: null","worker (isolate or Web Worker)\nkind: web_worker\nstart 267 ms, first facts() round trip 28 ms\nroot\ncheck: effective uid 0\nblock_devices\ncheck: a kernel-listed block device opens for reading\nusb.native\ncheck: /dev/bus/usb lists\nusb.web\ncheck: navigator.usb exists\nprocess.spawn\ncheck: a shell runs\nfs.persistent\ncheck: working dir writable, or storage persisted\nnet\ncheck: a non-loopback interface is up, or onLine\nnative\ncheck: null","Places","Strategy","Rust","Lifecycle","Shell","Plugins"]}}
{"check":"places-scroll-1","result":{"url":"https://mui.kernelsu.org/index.html","socket":"webview_devtools_remote_13614","value":["Back\nBack","200k","1M","3M","Count primes in every place","Restart places","inline (the caller)\nkind: inline\nstart 217 ms, first facts() round trip 135 ms\nroot\ncheck: effective uid 0\nblock_devices\ncheck: a kernel-listed block device opens for reading\nusb.native\ncheck: /dev/bus/usb lists\nusb.web\ncheck: navigator.usb exists\nprocess.spawn\ncheck: a shell runs\nfs.persistent\ncheck: working dir writable, or storage persisted\nnet\ncheck: a non-loopback interface is up, or onLine\nnative\ncheck: null","worker (isolate or Web Worker)\nkind: web_worker\nstart 267 ms, first facts() round trip 28 ms\nroot\ncheck: effective uid 0\nblock_devices\ncheck: a kernel-listed block device opens for reading\nusb.native\ncheck: /dev/bus/usb lists\nusb.web\ncheck: navigator.usb exists\nprocess.spawn\ncheck: a shell runs\nfs.persistent\ncheck: working dir writable, or storage persisted\nnet\ncheck: a non-loopback interface is up, or onLine\nnative\ncheck: null","Places","Strategy","Rust","Lifecycle","Shell","Plugins"]}}
{"check":"places-scroll-2","result":{"url":"https://mui.kernelsu.org/index.html","socket":"webview_devtools_remote_13614","value":["Back\nBack","inline (the caller)\nkind: inline\nstart 217 ms, first facts() round trip 135 ms\nroot\ncheck: effective uid 0\nblock_devices\ncheck: a kernel-listed block device opens for reading\nusb.native\ncheck: /dev/bus/usb lists\nusb.web\ncheck: navigator.usb exists\nprocess.spawn\ncheck: a shell runs\nfs.persistent\ncheck: working dir writable, or storage persisted\nnet\ncheck: a non-loopback interface is up, or onLine\nnative\ncheck: null","worker (isolate or Web Worker)\nkind: web_worker\nstart 267 ms, first facts() round trip 28 ms\nroot\ncheck: effective uid 0\nblock_devices\ncheck: a kernel-listed block device opens for reading\nusb.native\ncheck: /dev/bus/usb lists\nusb.web\ncheck: navigator.usb exists\nprocess.spawn\ncheck: a shell runs\nfs.persistent\ncheck: working dir writable, or storage persisted\nnet\ncheck: a non-loopback interface is up, or onLine\nnative\ncheck: null","root process (the app CLI, serve mode)\nkind: process\nstart 228 ms, first facts() round trip 0 ms\nroot\ncheck: effective uid 0\nblock_devices\ncheck: a kernel-listed block device opens for reading\nusb.native\ncheck: /dev/bus/usb lists\nusb.web\ncheck: navigator.usb exists\nprocess.spawn\ncheck: a shell runs\nfs.persistent\ncheck: working dir writable, or storage persisted\nnet\ncheck: a non-loopback interface is up, or onLine\nnative\ncheck: null","Places","Strategy","Rust","Lifecycle","Shell","Plugins"]}}
{"check":"places-scroll-3","result":{"url":"https://mui.kernelsu.org/index.html","socket":"webview_devtools_remote_13614","value":["Back\nBack","worker (isolate or Web Worker)\nkind: web_worker\nstart 267 ms, first facts() round trip 28 ms\nroot\ncheck: effective uid 0\nblock_devices\ncheck: a kernel-listed block device opens for reading\nusb.native\ncheck: /dev/bus/usb lists\nusb.web\ncheck: navigator.usb exists\nprocess.spawn\ncheck: a shell runs\nfs.persistent\ncheck: working dir writable, or storage persisted\nnet\ncheck: a non-loopback interface is up, or onLine\nnative\ncheck: null","root process (the app CLI, serve mode)\nkind: process\nstart 228 ms, first facts() round trip 0 ms\nroot\ncheck: effective uid 0\nblock_devices\ncheck: a kernel-listed block device opens for reading\nusb.native\ncheck: /dev/bus/usb lists\nusb.web\ncheck: navigator.usb exists\nprocess.spawn\ncheck: a shell runs\nfs.persistent\ncheck: working dir writable, or storage persisted\nnet\ncheck: a non-loopback interface is up, or onLine\nnative\ncheck: null","Reference: one call and one stream per place\nsquadron_process doc/benchmark.md, a 4-vCPU VM. Not measured here; devicelab measures devices.\nCall: isolate 31 µs, Web Worker (dart2js) 120 µs, process 247 µs, process from the page 401 µs.\n64 KiB stream: isolate 3643 MiB/s, Web Worker 631 MiB/s, process link about 110 MiB/s.","Places","Strategy","Rust","Lifecycle","Shell","Plugins"]}}
{"check":"tap-strategy","result":{"url":"https://mui.kernelsu.org/index.html","socket":"webview_devtools_remote_13614","value":"tapped Strategy at 53,536 size 53x80 role tab tappable"}}
{"check":"strategy","result":{"url":"https://mui.kernelsu.org/index.html","socket":"webview_devtools_remote_13614","value":["Back\nBack","Objective: list the device's partitions. Strategies in preference order: on the device as root, then from a host over USB. The first one the place's facts allow runs; nothing reads kIsWeb or Platform.","Place","inline (the caller)","worker (isolate or Web Worker)","root process (the app CLI, serve mode)","Facts from inline (the caller)\nSwitch a fact off to see the fallback. You can only take facts away.\nroot\ncheck: effective uid 0\nblock_devices\ncheck: a kernel-listed block device opens for reading\nusb.native\ncheck: /dev/bus/usb lists\nusb.web\ncheck: navigator.usb exists\nprocess.spawn\ncheck: a shell runs\nfs.persistent\ncheck: working dir writable, or storage persisted\nnet\ncheck: a non-loopback interface is up, or onLine\nnative\ncheck: null","root","block_devices","usb.native","process.spawn","Places","Strategy","Rust","Lifecycle","Shell","Plugins"]}}
{"check":"tap-strategy-root","result":{"url":"https://mui.kernelsu.org/index.html","socket":"webview_devtools_remote_13614","value":"tapped root process at 24,358 size 272x48 role checkbox tappable"}}
{"check":"strategy-root","result":{"url":"https://mui.kernelsu.org/index.html","socket":"webview_devtools_remote_13614","value":["Back\nBack","Objective: list the device's partitions. Strategies in preference order: on the device as root, then from a host over USB. The first one the place's facts allow runs; nothing reads kIsWeb or Platform.","Place","inline (the caller)","worker (isolate or Web Worker)","root process (the app CLI, serve mode)","Facts from root process (the app CLI, serve mode)\nSwitch a fact off to see the fallback. You can only take facts away.\nroot\ncheck: effective uid 0\nblock_devices\ncheck: a kernel-listed block device opens for reading\nusb.native\ncheck: /dev/bus/usb lists\nusb.web\ncheck: navigator.usb exists\nprocess.spawn\ncheck: a shell runs\nfs.persistent\ncheck: working dir writable, or storage persisted\nnet\ncheck: a non-loopback interface is up, or onLine\nnative\ncheck: null","root","block_devices","usb.native","process.spawn","Places","Strategy","Rust","Lifecycle","Shell","Plugins"]}}
{"check":"strategy-root-scroll-1","result":{"url":"https://mui.kernelsu.org/index.html","socket":"webview_devtools_remote_13614","value":["Back\nBack","Place","inline (the caller)","worker (isolate or Web Worker)","root process (the app CLI, serve mode)","Facts from root process (the app CLI, serve mode)\nSwitch a fact off to see the fallback. You can only take facts away.\nroot\ncheck: effective uid 0\nblock_devices\ncheck: a kernel-listed block device opens for reading\nusb.native\ncheck: /dev/bus/usb lists\nusb.web\ncheck: navigator.usb exists\nprocess.spawn\ncheck: a shell runs\nfs.persistent\ncheck: working dir writable, or storage persisted\nnet\ncheck: a non-loopback interface is up, or onLine\nnative\ncheck: null","root","block_devices","usb.native","process.spawn","Chosen: on device (/proc/partitions as root)\non_device chosen","on device (/proc/partitions as root)\nneeds root + block_devices: has them","Places","Strategy","Rust","Lifecycle","Shell","Plugins"]}}
{"check":"strategy-root-scroll-2","result":{"url":"https://mui.kernelsu.org/index.html","socket":"webview_devtools_remote_13614","value":["Back\nBack","Facts from root process (the app CLI, serve mode)\nSwitch a fact off to see the fallback. You can only take facts away.\nroot\ncheck: effective uid 0\nblock_devices\ncheck: a kernel-listed block device opens for reading\nusb.native\ncheck: /dev/bus/usb lists\nusb.web\ncheck: navigator.usb exists\nprocess.spawn\ncheck: a shell runs\nfs.persistent\ncheck: working dir writable, or storage persisted\nnet\ncheck: a non-loopback interface is up, or onLine\nnative\ncheck: null","usb.native","process.spawn","Chosen: on device (/proc/partitions as root)\non_device chosen","on device (/proc/partitions as root)\nneeds root + block_devices: has them","from host (fastboot getvar all)\nneeds usb.native + process.spawn: has them","Run on_device in process","Log\nEvery run: objective, strategy, place and the facts it saw.\nNothing has run yet.","Places","Strategy","Rust","Lifecycle","Shell","Plugins"]}}
{"check":"tap-rust","result":{"url":"https://mui.kernelsu.org/index.html","socket":"webview_devtools_remote_13614","value":"tapped Rust at 107,536 size 53x80 role tab tappable"}}
{"check":"rust","result":{"url":"https://mui.kernelsu.org/index.html","socket":"webview_devtools_remote_13614","value":["Back\nBack","The demo crate (rust/) counts the primes below 1000000 with the same loop as page 1's Dart. The service loads it in its own place through flutter_rust_bridge, so each place runs its own build.","Run in every place","inline (the caller)","Run here","worker (isolate or Web Worker)","Run here","root process (the app CLI, serve mode)","Run here","Places","Strategy","Rust","Lifecycle","Shell","Plugins"]}}
{"check":"tap-rust-run","result":{"url":"https://mui.kernelsu.org/index.html","socket":"webview_devtools_remote_13614","value":"tapped Run in every place at 16,196 size 288x48 role button tappable"}}
{"check":"rust-ran","result":{"url":"https://mui.kernelsu.org/index.html","socket":"webview_devtools_remote_13614","value":["Back\nBack","The demo crate (rust/) counts the primes below 1000000 with the same loop as page 1's Dart. The service loads it in its own place through flutter_rust_bridge, so each place runs its own build.","Run in every place","inline (the caller)\nBuilt for: wasm32-unknown (single-threaded)\nLoad: 82 ms (once per place, on its first Rust call; on the web that fetches and instantiates the wasm)\nRust 132 ms, Dart 1045 ms (same count: 78498)","Run here","worker (isolate or Web Worker)\nBuilt for: wasm32-unknown (single-threaded)\nLoad: 27 ms (once per place, on its first Rust call; on the web that fetches and instantiates the wasm)\nRust 184 ms, Dart 273 ms (same count: 78498)","Run here","root process (the app CLI, serve mode)\nBuilt for: x86_64-android\nLoad: 0 ms (once per place, on its first Rust call; on the web that fetches and instantiates the wasm)\nRust 123 ms, Dart 130 ms (same count: 78498)","Places","Strategy","Rust","Lifecycle","Shell","Plugins"]}}
{"check":"wasm-after-rust","result":{"url":"https://mui.kernelsu.org/index.html","socket":"webview_devtools_remote_13614","value":{"wasm":[{"name":"chromium/canvaskit.wasm","start":107,"dur":34},{"name":"pkg/demo_native_bg.wasm","start":81216,"dur":26}],"marks":[{"name":"flutter_webui:register","t":369},{"name":"flutter_webui:registered","t":369},{"name":"flutter_webui:register","t":371},{"name":"flutter_webui:registered","t":371},{"name":"flutter_webui:first-frame","t":469}],"measures":[],"now":102195}}}
{"check":"tap-rust-run-2","result":{"url":"https://mui.kernelsu.org/index.html","socket":"webview_devtools_remote_13614","value":"tapped Run in every place at 16,196 size 288x48 role button tappable"}}
{"check":"rust-ran-2","result":{"url":"https://mui.kernelsu.org/index.html","socket":"webview_devtools_remote_13614","value":["Back\nBack","The demo crate (rust/) counts the primes below 1000000 with the same loop as page 1's Dart. The service loads it in its own place through flutter_rust_bridge, so each place runs its own build.","Run in every place","inline (the caller)\nBuilt for: wasm32-unknown (single-threaded)\nLoad: 0 ms (once per place, on its first Rust call; on the web that fetches and instantiates the wasm)\nRust 120 ms, Dart 1071 ms (same count: 78498)","Run here","worker (isolate or Web Worker)\nBuilt for: wasm32-unknown (single-threaded)\nLoad: 1 ms (once per place, on its first Rust call; on the web that fetches and instantiates the wasm)\nRust 134 ms, Dart 231 ms (same count: 78498)","Run here","root process (the app CLI, serve mode)\nBuilt for: x86_64-android\nLoad: 0 ms (once per place, on its first Rust call; on the web that fetches and instantiates the wasm)\nRust 127 ms, Dart 131 ms (same count: 78498)","Places","Strategy","Rust","Lifecycle","Shell","Plugins"]}}
{"check":"tap-lifecycle","result":{"url":"https://mui.kernelsu.org/index.html","socket":"webview_devtools_remote_13614","value":"tapped Lifecycle at 160,536 size 53x80 role tab tappable"}}
{"check":"tap-root-process","result":{"url":"https://mui.kernelsu.org/index.html","socket":"webview_devtools_remote_13614","value":"tapped root process at 24,390 size 272x48 role checkbox tappable"}}
{"check":"tap-start","result":{"url":"https://mui.kernelsu.org/index.html","socket":"webview_devtools_remote_13614","value":"tapped Start at 24,462 size 97x48 role button tappable"}}
{"check":"lifecycle-running","result":{"url":"https://mui.kernelsu.org/index.html","socket":"webview_devtools_remote_13614","value":["Back\nBack","Start a five-minute task, then switch away (Home, another app or tab) and come back: hidden keeps going. Close the app instead and reopen it: closed stops, and this page says where the task was when it ended.","Task\ntick every 500 ms, stamped with the place's own clock\nrunning in process: tick 17/600, longest gap 503 ms, app resumed 3","inline (the caller)","worker (isolate or Web Worker)","root process (the app CLI, serve mode)","Stop","Lifecycle\n01:37:45  started in process","Facts from root process (the app CLI, serve mode)\nroot\ncheck: effective uid 0\nblock_devices\ncheck: a kernel-listed block device opens for reading\nusb.native\ncheck: /dev/bus/usb lists\nusb.web\ncheck: navigator.usb exists\nprocess.spawn\ncheck: a shell runs\nfs.persistent\ncheck: working dir writable, or storage persisted\nnet\ncheck: a non-loopback interface is up, or onLine\nnative\ncheck: null","Places","Strategy","Rust","Lifecycle","Shell","Plugins"]}}
{"check":"lifecycle-after-home","result":{"url":"https://mui.kernelsu.org/index.html","socket":"webview_devtools_remote_13614","value":["Back\nBack","Start a five-minute task, then switch away (Home, another app or tab) and come back: hidden keeps going. Close the app instead and reopen it: closed stops, and this page says where the task was when it ended.","Task\ntick every 500 ms, stamped with the place's own clock\nrunning in process: tick 41/600, longest gap 503 ms, app resumed 7","inline (the caller)","worker (isolate or Web Worker)","root process (the app CLI, serve mode)","Stop","Lifecycle\n01:38:02  away 7.1 s: the place produced 15 ticks (on schedule: 14); longest gap 503 ms\n01:38:02  inactive -> resumed\n01:38:02  hidden -> inactive\n01:37:54  inactive -> hidden\n01:37:54  resumed -> inactive\n01:37:45  started in process","Places","Strategy","Rust","Lifecycle","Shell","Plugins"]}}
{"check":"root-process","result":"root             0 u:r:ksu:s0                     13855 dartaotruntime\nu0_a211      10211 u:r:untrusted_app_27:s0:c211,c256,c512,c768 13879 com.webui.api.demo\nroot             0 u:r:ksu:s0                     13916 dartaotruntime"}
/home/runner/work/devicelab/devicelab/out/sockprobe: 1 file pushed, 0 skipped. 265.1 MB/s (3501403 bytes in 0.013s)
{"check":"block-devices","result":"dm-0\ndm-1\ndm-11\ndm-13\ndm-14\ndm-16\ndm-17\ndm-18\ntotal 0\ndrwxr-xr-x 2 root root u:object_r:block_device:s0                140 2026-10-03 01:27 by-name\nbrw------- 1 root root u:object_r:dm_device:s0              254,   0 2026-10-03 01:27 dm-0\nbrw------- 1 root root u:object_r:dm_device:s0              254,   1 2026-10-03 01:27 dm-1\nbrw------- 1 root root u:object_r:dm_device:s0              254,  11 2026-10-03 01:27 dm-11\nbrw------- 1 root root u:object_r:dm_device:s0              254,  13 2026-10-03 01:27 dm-13\nbrw------- 1 root root u:object_r:dm_device:s0              254,  14 2026-10-03 01:27 dm-14\nbrw------- 1 root root u:object_r:dm_device:s0              254,  16 2026-10-03 01:27 dm-16\nbrw------- 1 root root u:object_r:dm_device:s0              254,  17 2026-10-03 01:27 dm-17\nbrw------- 1 root root u:object_r:dm_device:s0              254,  18 2026-10-03 01:27 dm-18\nbrw------- 1 root root u:object_r:dm_device:s0              254,  19 2026-10-03 01:27 dm-19\nbrw------- 1 root root u:object_r:dm_device:s0              254,   2 2026-10-03 01:27 dm-2\n-- su:\n0000000  \\0\n-- ksu:\n{\"error\":\"write /proc/thread-self/attr/current: operation not permitted\",\"op\":\"setcon\"}\n-- avc:"}
{"check":"back-1","result":{"url":"https://mui.kernelsu.org/index.html","socket":"webview_devtools_remote_13614","value":["Squadron","Process","native","net","Say hello","Count to 5","SHA-256","Demo pages\nOne page per thing the stack promises.","Places","Strategy","Rust","Lifecycle","Shell","Plugins"]}}
{"check":"back-1-top","result":"topResumedActivity=ActivityRecord{390d66d u0 com.dergoogler.mmrl.wx/.ui.activity.webui.WebUIActivity t18}"}
{"check":"back-2-top","result":"topResumedActivity=ActivityRecord{3b6dd14 u0 com.google.android.apps.nexuslauncher/.NexusLauncherActivity t13}"}
{"check":"back-3-top","result":"topResumedActivity=ActivityRecord{3b6dd14 u0 com.google.android.apps.nexuslauncher/.NexusLauncherActivity t13}"}
{"check":"open","result":"opened: intent"}
{"check":"tap-places","result":{"url":"https://mui.kernelsu.org/index.html","socket":"webview_devtools_remote_14285","value":"tapped Places at 16,572 size 288x56 role button tappable"}}
{"check":"places","result":{"url":"https://mui.kernelsu.org/index.html","socket":"webview_devtools_remote_14285","value":["Back\nBack","One service, DemoService, opened in every place this build knows. Each place probes its own facts from inside; the page never guesses from the platform it was built for.","200k","1M","3M","Count primes in every place","Restart places","inline (the caller)\nkind: inline\nstart 434 ms, first facts() round trip 193 ms\nroot\ncheck: effective uid 0\nblock_devices\ncheck: a kernel-listed block device opens for reading\nusb.native\ncheck: /dev/bus/usb lists\nusb.web\ncheck: navigator.usb exists\nprocess.spawn\ncheck: a shell runs\nfs.persistent\ncheck: working dir writable, or storage persisted\nnet\ncheck: a non-loopback interface is up, or onLine\nnative\ncheck: null","worker (isolate or Web Worker)\nkind: web_worker\nstart 288 ms, first facts() round trip 37 ms\nroot\ncheck: effective uid 0\nblock_devices\ncheck: a kernel-listed block device opens for reading\nusb.native\ncheck: /dev/bus/usb lists\nusb.web\ncheck: navigator.usb exists\nprocess.spawn\ncheck: a shell runs\nfs.persistent\ncheck: working dir writable, or storage persisted\nnet\ncheck: a non-loopback interface is up, or onLine\nnative\ncheck: null","Places","Strategy","Rust","Lifecycle","Shell","Plugins"]}}
{"check":"root-process","result":"pid 14485 uid 0 ctx u:r:ksu:s0 cwd /data/adb/demo\n/system/bin/sh -c trap : TERM INT HUP USR1 USR2; exec 0</dev/null; \"$@\" >>\"$FLUTTER_WEBUI_LOG\" 2>&1; c=$?; (umask 077 && echo $c >\"$FLUTTER_WEBUI_EXIT.tmp\"); mv \"$FLUTTER_WEBUI_EXIT.tmp\" \"$FLUTTER_WEBUI_EXIT\" sh /data/adb/modules/demo/bin/demo serve --session-file /data/adb/modules/demo/run/demo.place.json --launch-id 60685884a87eba49 \npid 14487 uid 0 ctx u:r:ksu:s0 cwd /data/adb/demo\n/data/adb/modules/demo/bin/x86_64/dartaotruntime /data/adb/modules/demo/bin/x86_64/demo.aot serve --session-file /data/adb/modules/demo/run/demo.place.json --launch-id 60685884a87eba49 \npid 14516 uid 0 ctx u:r:su:s0 cwd /\n/system/bin/sh -c for p in $(pgrep -f 'serve --session-file'); do echo \"pid $p uid $(stat -c %u /proc/$p) ctx $(cat /proc/$p/attr/current | tr -d '\\0') cwd $(readlink /proc/$p/cwd)\"; tr '\\0' ' ' </proc/$p/cmdline; echo; done"}
{"check":"root-cwd","result":"/data/adb/demo"}
{"check":"cli-facts-datadir","result":"{\n  \"root\": true,\n  \"block_devices\": true,\n  \"usb.native\": true,\n  \"usb.web\": false,\n  \"process.spawn\": true,\n  \"fs.persistent\": true,\n  \"net\": true,\n  \"native\": true\n}"}
{"check":"cli-facts-slash","result":"\"root\": true,\n  \"fs.persistent\": false,"}
{"check":"page-persisted","result":{"url":"https://mui.kernelsu.org/index.html","socket":"webview_devtools_remote_14285","value":{"persisted":false}}}
{"check":"worker-persisted","result":{"url":"https://mui.kernelsu.org/index.html","socket":"webview_devtools_remote_14285","value":{"error":"SecurityError: Failed to construct 'Worker': Access to the script at 'blob:https://mui.kernelsu.org/42961f0f-713a-43f2-9f18-331cee8a350f' is denied by the document's Content Security Policy."}}}
{"check":"sys-dark","night":"yes","color_mode":"","opened":"opened: intent","result":{"url":"https://mui.kernelsu.org/index.html","socket":"webview_devtools_remote_14620","value":{"dark":true,"primary":"#b2c5ffff","background":"#121318ff","cssBytes":1545}}}
{"check":"sys-light","night":"no","color_mode":"","opened":"opened: intent","result":{"url":"https://mui.kernelsu.org/index.html","socket":"webview_devtools_remote_14831","value":{"dark":false,"primary":"#495d92ff","background":"#faf8ffff","cssBytes":1545}}}
/home/runner/work/devicelab/devicelab/out/sockprobe: 1 file pushed, 0 skipped. 295.9 MB/s (3501403 bytes in 0.011s)
{"check":"ksud-version","result":"ksud 3.3.0 (uapi: 2)\nmanage module configuration\n\nUsage: ksud module config [OPTIONS] <COMMAND>"}
{"check":"root-script","result":"-rwxr-xr-x 1 root root 1921 2026-10-03 01:32 /data/adb/modules/demo/flutter_webui/root\n#!/system/bin/sh\n# flutter-webui root channel launcher. Lives at <moddir>/flutter_webui/root.\n# Usage: sh root start    find or start the channel; prints its session as one\n#                         JSON line (port, token), or exits non-zero\n#        sh root serve    run the channel (started detached by `start`)\n# Needs `ksud module config` (KernelSU or KernelSU Next v3.0.0+).\n# SPDX-License-Identifier: LGPL-3.0-or-later WITH LGPL-3.0-linking-exception\n\ndir=${0%/*}\ncase \"$dir\" in /*) ;; *) dir=$(cd \"$dir\" && pwd) ;; esac\nmoddir=${dir%/*}\nid=${moddir##*/}\nrun=$dir/run\n\ncase \"$(uname -m)\" in\n  aarch64 | arm64) abi=arm64-v8a ;;\n  x86_64) abi=x86_64 ;;\n  *) echo \"flutter_webui: unsupported CPU $(uname -m)\" >&2; exit 1 ;;\nesac\n\n# Root shells can start with an empty environment, and the Dart VM needs a\n# writable TMPDIR: the module's temporary directory, which `start` empties on\n# the first start of each boot.\nexport TMPDIR=\"${FLUTTER_WEBUI_DATA:-/data/adb/$id}/tmp\"\n(umask 077 && mkdir -p \"$TMPDIR\" \"$run\")\n\nchannel() {\n  rt=$dir/$abi\n  # A linux (glibc) runtime ships its loader and libraries next to it; an\n  # Android-built runtime runs directly."}
{"check":"layout-before","result":"total 48\ndrwxr-xr-x 5 root root 4096 2026-10-03 01:35 .\ndrwxr-xr-x 7 root root 4096 2026-10-03 01:35 ..\ndrwxr-xr-x 2 root root 4096 2026-10-03 01:32 arm64-v8a\n-rwxr-xr-x 1 root root 1921 2026-10-03 01:32 root\ndrwx------ 3 root root 4096 2026-10-03 01:35 run\ndrwxr-xr-x 2 root root 4096 2026-10-03 01:32 x86_64\n-- run:\n700 root:root /data/adb/modules/demo/flutter_webui/run\n/data/adb/modules/demo/flutter_webui/run:\ntotal 44\ndrwx------ 3 root root 4096 2026-10-03 01:35 .\ndrwxr-xr-x 5 root root 4096 2026-10-03 01:35 ..\n-rw------- 1 root root    6 2026-10-03 01:35 lock\ndrwx------ 2 root root 4096 2026-10-03 01:38 proc\n-rw------- 1 root root   56 2026-10-03 01:35 root.log\n-rw------- 1 root root    0 2026-10-03 01:35 start.lock\n\n/data/adb/modules/demo/flutter_webui/run/proc:\ntotal 56\ndrwx------ 2 root root 4096 2026-10-03 01:38 .\ndrwx------ 3 root root 4096 2026-10-03 01:35 ..\n-rw-r--r-- 1 root root   36 2026-10-03 01:35 .boot\n-rw------- 1 root root    2 2026-10-03 01:38 1790991356359547-0.exit\n-rw------- 1 root root  215 2026-10-03 01:35 1790991356359547-0.log\n-rw------- 1 root root    2 2026-10-03 01:38 1790991509271208-1.exit\n-rw------- 1 root root  215 2026-10-03 01:38 1790991509271208-1.log\n-- webroot/.run:\nls: /data/adb/modules/demo/webroot/.run: No such file or directory"}
{"check":"config-before","result":"webui.session={\"protocol\":1,\"version\":\"0.2.2\",\"port\":33599,\"token\":\"Yzo-Y-hIz9STHhsL7gDsIlf7j19k7TeDhO6ySwZke40\",\"pid\":13855,\"boot\":\"0ae6c0e5-0379-40d9-bba3-411567abd2b4\",\"started\":\"2026-10-03T01:35:55.878612Z\"}\nwebui.boot=0ae6c0e5-0379-40d9-bba3-411567abd2b4\n-- list:\nwebui.installed=1\nwebui.boot=0ae6c0e5-0379-40d9-bba3-411567abd2b4\nwebui.session={\"protocol\":1,\"version\":\"0.2.2\",\"port\":33599,\"token\":\"Yzo-Y-hIz9STHhsL7gDsIlf7j19k7TeDhO6ySwZke40\",\"pid\":13855,\"boot\":\"0ae6c0e5-0379-40d9-bba3-411567abd2b4\",\"started\":\"2026-10-03T01:35:55.878612Z\"}"}
{"check":"config-after-boot","result":"webui.session=Error: Key 'webui.session' not found\nwebui.boot=Error: Key 'webui.boot' not found\n-- list:\nwebui.installed=1"}
{"check":"tmp-after-boot","result":"total 24\ndrwx------ 2 root root 4096 2026-10-03 01:39 .\ndrwx------ 3 root root 4096 2026-10-03 01:38 ..\n-rw-rw-rw- 1 root root    4 2026-10-03 01:39 lab-marker"}
{"check":"start-1","result":"# via adb root (0 u:r:su:s0)\n{\"protocol\":1,\"version\":\"0.2.2\",\"port\":43165,\"token\":\"76j2TBTTK10FFQkDwzeIrBpnGBTzb9IE4iJInFxTlTE\",\"pid\":17398,\"boot\":\"0ae6c0e5-0379-40d9-bba3-411567abd2b4\",\"started\":\"2026-10-03T01:39:56.280371Z\"}\nexit=0"}
{"check":"tmp-after-start-1","result":"total 16\ndrwx------ 2 root root 4096 2026-10-03 01:39 .\ndrwx------ 3 root root 4096 2026-10-03 01:38 .."}
{"check":"config-after-start-1","result":"webui.session={\"protocol\":1,\"version\":\"0.2.2\",\"port\":43165,\"token\":\"76j2TBTTK10FFQkDwzeIrBpnGBTzb9IE4iJInFxTlTE\",\"pid\":17398,\"boot\":\"0ae6c0e5-0379-40d9-bba3-411567abd2b4\",\"started\":\"2026-10-03T01:39:56.280371Z\"}\nwebui.boot=0ae6c0e5-0379-40d9-bba3-411567abd2b4\n-- list:\nwebui.session={\"protocol\":1,\"version\":\"0.2.2\",\"port\":43165,\"token\":\"76j2TBTTK10FFQkDwzeIrBpnGBTzb9IE4iJInFxTlTE\",\"pid\":17398,\"boot\":\"0ae6c0e5-0379-40d9-bba3-411567abd2b4\",\"started\":\"2026-10-03T01:39:56.280371Z\"}\nwebui.installed=1\nwebui.boot=0ae6c0e5-0379-40d9-bba3-411567abd2b4"}
{"check":"layout-after-start-1","result":"total 48\ndrwxr-xr-x 5 root root 4096 2026-10-03 01:35 .\ndrwxr-xr-x 7 root root 4096 2026-10-03 01:35 ..\ndrwxr-xr-x 2 root root 4096 2026-10-03 01:32 arm64-v8a\n-rwxr-xr-x 1 root root 1921 2026-10-03 01:32 root\ndrwx------ 3 root root 4096 2026-10-03 01:35 run\ndrwxr-xr-x 2 root root 4096 2026-10-03 01:32 x86_64\n-- run:\n700 root:root /data/adb/modules/demo/flutter_webui/run\n/data/adb/modules/demo/flutter_webui/run:\ntotal 44\ndrwx------ 3 root root 4096 2026-10-03 01:35 .\ndrwxr-xr-x 5 root root 4096 2026-10-03 01:35 ..\n-rw------- 1 root root    6 2026-10-03 01:39 lock\ndrwx------ 2 root root 4096 2026-10-03 01:38 proc\n-rw------- 1 root root   56 2026-10-03 01:39 root.log\n-rw------- 1 root root    0 2026-10-03 01:35 start.lock\n\n/data/adb/modules/demo/flutter_webui/run/proc:\ntotal 56\ndrwx------ 2 root root 4096 2026-10-03 01:38 .\ndrwx------ 3 root root 4096 2026-10-03 01:35 ..\n-rw-r--r-- 1 root root   36 2026-10-03 01:35 .boot\n-rw------- 1 root root    2 2026-10-03 01:38 1790991356359547-0.exit\n-rw------- 1 root root  215 2026-10-03 01:35 1790991356359547-0.log\n-rw------- 1 root root    2 2026-10-03 01:38 1790991509271208-1.exit\n-rw------- 1 root root  215 2026-10-03 01:38 1790991509271208-1.log\n-- webroot/.run:\nls: /data/adb/modules/demo/webroot/.run: No such file or directory"}
{"check":"start-2","result":"# via adb root (0 u:r:su:s0)\n{\"protocol\":1,\"version\":\"0.2.2\",\"port\":43165,\"token\":\"76j2TBTTK10FFQkDwzeIrBpnGBTzb9IE4iJInFxTlTE\",\"pid\":17398,\"boot\":\"0ae6c0e5-0379-40d9-bba3-411567abd2b4\",\"started\":\"2026-10-03T01:39:56.280371Z\"}\nexit=0"}
{"check":"same-pid","result":{"first":"17398","second":"17398","same":true}}
{"check":"delete-session","result":"exit=0"}
{"check":"start-3","result":"# via adb root (0 u:r:su:s0)\n{\"protocol\":1,\"version\":\"0.2.2\",\"port\":41695,\"token\":\"SeMSWce7ZayzeHgBxU_xfS2X2KoSOhXdWe75ebV8gtc\",\"pid\":17521,\"boot\":\"0ae6c0e5-0379-40d9-bba3-411567abd2b4\",\"started\":\"2026-10-03T01:39:56.772588Z\"}\nexit=0"}
{"check":"replaced","result":{"old":"17398","new":"17521","new_pid":true,"old_alive":"no"}}
{"check":"procs","result":"u0_a211      17423 15169 u:r:untrusted_app_27:s0:c211,c256,c512,c768 com.webui.api.demo com.webui.api.demo\nroot         17521     1 u:r:su:s0                      dartaotruntime              dartaotruntime /data/adb/modules/demo/flutter_webui/x86_64/flutter_webui_root.aot serve --module-dir /data/adb/modules/demo --module-id demo --run-dir /data/adb/modules/demo/flutter_webui/run --temp-dir /data/adb/demo/tmp --announce"}
{"check":"root-log","result":"2026-10-03T01:39:56.779026 listening on 127.0.0.1:41695"}
{"check":"config-end","result":"webui.session={\"protocol\":1,\"version\":\"0.2.2\",\"port\":41695,\"token\":\"SeMSWce7ZayzeHgBxU_xfS2X2KoSOhXdWe75ebV8gtc\",\"pid\":17521,\"boot\":\"0ae6c0e5-0379-40d9-bba3-411567abd2b4\",\"started\":\"2026-10-03T01:39:56.772588Z\"}\nwebui.boot=0ae6c0e5-0379-40d9-bba3-411567abd2b4\n-- list:\nwebui.session={\"protocol\":1,\"version\":\"0.2.2\",\"port\":41695,\"token\":\"SeMSWce7ZayzeHgBxU_xfS2X2KoSOhXdWe75ebV8gtc\",\"pid\":17521,\"boot\":\"0ae6c0e5-0379-40d9-bba3-411567abd2b4\",\"started\":\"2026-10-03T01:39:56.772588Z\"}\nwebui.installed=1\nwebui.boot=0ae6c0e5-0379-40d9-bba3-411567abd2b4"}
{"check":"open","result":"opened: intent"}
{"check":"page-uid","result":["Say hello"]}
{"check":"hello-tap","result":{"url":"https://mui.kernelsu.org/index.html","socket":"webview_devtools_remote_17591","value":"tapped Say hello at 32,364 size 105x48 role button tappable"}}
{"check":"hello","result":["Say hello"]}
{"check":"page-session","result":"{\"protocol\":1,\"version\":\"0.2.2\",\"port\":41695,\"token\":\"SeMSWce7ZayzeHgBxU_xfS2X2KoSOhXdWe75ebV8gtc\",\"pid\":17521,\"boot\":\"0ae6c0e5-0379-40d9-bba3-411567abd2b4\",\"started\":\"2026-10-03T01:39:56.772588Z\"}"}
{"check":"page-hello","result":{"url":"https://mui.kernelsu.org/index.html","socket":"webview_devtools_remote_17591","value":"{\"op\":\"hello\",\"protocol\":1,\"version\":\"0.2.2\",\"pid\":17521,\"boot\":\"0ae6c0e5-0379-40d9-bba3-411567abd2b4\",\"uid\":0,\"moduleDir\":\"/data/adb/modules/demo\"}"}}
{"check":"channel-process","result":"root         17521     1 u:r:su:s0                      dartaotruntime"}
{"check":"start-after-page","result":"# via adb root (0 u:r:su:s0)\n{\"protocol\":1,\"version\":\"0.2.2\",\"port\":41695,\"token\":\"SeMSWce7ZayzeHgBxU_xfS2X2KoSOhXdWe75ebV8gtc\",\"pid\":17521,\"boot\":\"0ae6c0e5-0379-40d9-bba3-411567abd2b4\",\"started\":\"2026-10-03T01:39:56.772588Z\"}\nexit=0"}
{"check":"layout-end","result":"total 48\ndrwxr-xr-x 5 root root 4096 2026-10-03 01:35 .\ndrwxr-xr-x 7 root root 4096 2026-10-03 01:35 ..\ndrwxr-xr-x 2 root root 4096 2026-10-03 01:32 arm64-v8a\n-rwxr-xr-x 1 root root 1921 2026-10-03 01:32 root\ndrwx------ 3 root root 4096 2026-10-03 01:35 run\ndrwxr-xr-x 2 root root 4096 2026-10-03 01:32 x86_64\n-- run:\n700 root:root /data/adb/modules/demo/flutter_webui/run\n/data/adb/modules/demo/flutter_webui/run:\ntotal 44\ndrwx------ 3 root root 4096 2026-10-03 01:35 .\ndrwxr-xr-x 5 root root 4096 2026-10-03 01:35 ..\n-rw------- 1 root root    6 2026-10-03 01:39 lock\ndrwx------ 2 root root 4096 2026-10-03 01:38 proc\n-rw------- 1 root root   56 2026-10-03 01:39 root.log\n-rw------- 1 root root    0 2026-10-03 01:35 start.lock\n\n/data/adb/modules/demo/flutter_webui/run/proc:\ntotal 56\ndrwx------ 2 root root 4096 2026-10-03 01:38 .\ndrwx------ 3 root root 4096 2026-10-03 01:35 ..\n-rw-r--r-- 1 root root   36 2026-10-03 01:35 .boot\n-rw------- 1 root root    2 2026-10-03 01:38 1790991356359547-0.exit\n-rw------- 1 root root  215 2026-10-03 01:35 1790991356359547-0.log\n-rw------- 1 root root    2 2026-10-03 01:38 1790991509271208-1.exit\n-rw------- 1 root root  215 2026-10-03 01:38 1790991509271208-1.log\n-- webroot/.run:\nls: /data/adb/modules/demo/webroot/.run: No such file or directory"}
{"check":"app","result":"package:/data/app/~~TRxP3skLCgYAZuULg5TsVA==/com.webui.api.demo-KcrfpTvHKuv45bmtpwHLJw==/base.apk\nls: /product/app/WebuiApi_demo/: No such file or directory\n    codePath=/data/app/~~TRxP3skLCgYAZuULg5TsVA==/com.webui.api.demo-KcrfpTvHKuv45bmtpwHLJw==\n    versionName=0.53.0-webui.9\n    privateFlags=[ PRIVATE_FLAG_ACTIVITIES_RESIZE_MODE_RESIZEABLE_VIA_SDK_VERSION PRIVATE_FLAG_REQUEST_LEGACY_EXTERNAL_STORAGE PRIVATE_FLAG_ALLOW_NATIVE_HEAP_POINTER_TAGGING ]\n    signatures=PackageSignatures{3f35c6 version:2, signatures:[33fe4edd], past signatures:[]}\n    pkgFlags=[ HAS_CODE ALLOW_CLEAR_USER_DATA ALLOW_BACKUP ]\n    requested permissions:\n    requested permissions:\n      android.permission.WRITE_SETTINGS\n      android.permission.POST_NOTIFICATIONS\n      android.permission.ACCESS_FINE_LOCATION\n      android.permission.MANAGE_EXTERNAL_STORAGE\n      android.permission.SYSTEM_ALERT_WINDOW\n      android.permission.NFC\n      android.permission.BODY_SENSORS\n      android.permission.FOREGROUND_SERVICE\n      android.permission.READ_MEDIA_VISUAL_USER_SELECTED\n      android.permission.RECEIVE_BOOT_COMPLETED\n      android.permission.FOREGROUND_SERVICE_SPECIAL_USE\n      android.permission.REQUEST_IGNORE_BATTERY_OPTIMIZATIONS"}
{"check":"app-user","result":"package:com.webui.api.demo\n    versionCode=1011 minSdk=24 targetSdk=28\n    installerPackageName=com.android.vending\n-- install log:"}
{"check":"mounts","result":"lrwxrwxrwx 1 root root 26 2026-10-03 01:32 /data/adb/metamodule -> /data/adb/modules/mountify\nCalendarGooglePrebuilt Camera2 Chrome Chrome-Stub Drive GoogleContacts GoogleTTS LatinIMEGooglePrebuilt LicenseChecker Maps MarkupGoogle_v2 ModuleMetadataGoogle NexusWallpapersStubPrebuilt2018 Photos PixelThemesStub PrebuiltDeskClockGoogle PrebuiltGmail PrebuiltGoogleAdservicesTvp PrebuiltGoogleTelemetryTvp SoundPickerPrebuilt TrichromeLibrary TrichromeLibrary-Stub WebViewGoogle WebViewGoogle-Stub YouTube YouTubeMusicPrebuilt talkback"}
{"check":"app-label","result":"2 activities found:\n  Activity #0:\n    priority=0 preferredOrder=0 match=0x108000 specificIndex=-1 isDefault=true\n    com.webui.api.demo/com.termux.api.apis.NfcAPI$NfcActivity\n  Activity #1:"}
{"check":"metamodule-log","result":"metamodule /data/adb/modules/mountify\ntotal 136\ndrwxr-xr-x 5 root root  4096 2026-10-03 01:32 .\ndrwxrwxrwx 8 root root  4096 2026-10-03 01:32 ..\n-rw-r--r-- 1 root root   867 2026-10-03 01:32 action.sh\n-rw-r--r-- 1 root root   784 2026-10-03 01:32 boot-completed.sh\n-rw-rw-rw- 1 root root    12 2026-10-03 01:39 count.sh\n-rw-r--r-- 1 root root    75 2026-10-03 01:32 ksud_has_nuke_ext4\ndrwxr-xr-x 2 root root  4096 2026-10-03 01:32 lkm\n-rw-r--r-- 1 root root  2656 2026-10-03 01:32 metainstall.sh\n-rw-r--r-- 1 root root 15133 2026-10-03 01:32 metamount.sh\n-rw-r--r-- 1 root root   247 2026-10-03 01:32 module.prop\n-rw-rw-rw- 1 root root     0 2026-10-03 01:39 mount_diff\n-rw-r--r-- 1 root root  2089 2026-10-03 01:32 service.sh\n-rw-r--r-- 1 root root   529 2026-10-03 01:32 uninstall.sh\ndrwxr-xr-x 4 root root  4096 2026-10-03 01:32 webroot\ndrwxr-xr-x 2 root root  4096 2026-10-03 01:32 whiteout\n-rwxr-xr-x 1 root root  2946 2026-10-03 01:32 whiteout_gen.sh\n== /data/adb/modules/mountify/lkm/list.txt\n125bb85c9ad2c1b3d3700684667ac651b5c08925159106f9ac1dd6cf3b525369  nuke-android12-5.10.ko\n7294872340c537d349c3935e5b374a65cddfb6f66e2561e9c7d9f3a3d128b871  nuke-android13-5.10.ko\n7e61addb283ca1ebe47c2587e9192f85f15a00dbea73efb664c98ea52cd92cd2  nuke-android13-5.15.ko\n63fedf354bf413e265e2426754806bb35077021f7af95ef395700cb20d300633  nuke-android14-5.15.ko\nc9ac358ea3cb3fa87aefd077a93a60a9cf6ab657a7076c975ee3cdbb502ded4f  nuke-android14-6.1.ko\n924e9436eb91e7dee0ebdcb69e9a7f9b130639a0380d15d7e040e708e001e551  nuke-android15-6.6.ko\ndfe6e27bd2216c1fbe0c29f234e8efaec566798ce6d2e6546ade725614fb54a0  nuke-android16-6.12.ko\nd224286e7a8dc76f012a2de41c95a607028b7e7a32e56c7d696422106b889f0e  nuke-android-4.14.ko\n== /data/adb/mountify/modules.txt\nAdreno_Gpu_Driver\nweebu-addon\nDisplayFeatures\nfake_service\nmountify_whiteouts\n\n== /data/adb/mountify/whiteouts.txt\n/system/vendor/bin/install-recovery.sh\n/system/vendor/bin/msm_irqbalance\n/system/bin/install-recovery.sh\n/system/system_ext/app/MatLog\n/system/system_ext/priv-app/AudioFX\n/system/product/app/PowerOffAlarm\n/system/product/app/Twelve\n/system/etc/nikgapps_logs_archive\n/system/etc/nikgapps_logs\n/system/bin/servicemanager\n/system/odm/etc/NOTICE.xml.gz\n\n== /data/adb/ksu/log/logcat.log\n10-03 01:39:42.706 15980 15994 W .apps.wellbeing: ApkAssets: Deleting an ApkAssets object '<empty> and /product/priv-app/GoogleRestorePrebuilt-v526684/GoogleRestorePrebuilt-v526684.apk' with 1 weak references\n10-03 01:39:42.773 15241 15283 D ShortcutService: Getting shortcuts for launcher= com.google.android.apps.nexuslauncheruser=0 pkg=com.google.android.gms\n10-03 01:39:42.773 15241 15436 D ShortcutService: Saving package item com.google.android.gms to /data/system_ce/0/shortcut_service/packages/com.google.android.gms.xml\n10-03 01:39:42.773 15241 15283 D ShortcutService: Getting shortcuts for launcher= com.android.systemuiuser=0 pkg=com.google.android.gms\n10-03 01:39:42.777 15241 15283 D ShortcutService: Getting shortcuts for launcher= com.google.android.asuser=0 pkg=com.google.android.gms\n10-03 01:39:43.130 16225 16491 I Bugle   : BroadcastReceiverAsyncWorkTracker: Acknowledging broadcast of buoi@d2b0a49\n10-03 01:39:43.131 16225 16491 I Bugle   : BroadcastReceiverAsyncWorkTracker: Acknowledging broadcast of buoi@d2b0a49\n10-03 01:39:43.136 16154 16583 I PeopleGalProvider: Gal directories started.\n10-03 01:39:43.137 16154 16583 I PeopleGalProvider: Method 1 completed.\n10-03 01:39:43.137 16154 16583 I PeopleGalProvider: Method 1 finished successfully.\n10-03 01:39:43.478 15241 15396 D InetDiagMessage: Destroyed 0 sockets, proto=IPPROTO_TCP, family=AF_INET, states=14\n10-03 01:39:43.479 15241 15396 D InetDiagMessage: Destroyed 0 sockets, proto=IPPROTO_TCP, family=AF_INET6, states=14\n10-03 01:39:43.479 15241 15396 D InetDiagMessage: Destroyed live tcp sockets for uids={10166} in 1ms\n10-03 01:39:43.479 15241 15396 D InetDiagMessage: Destroyed 0 sockets, proto=IPPROTO_TCP, family=AF_INET, states=14\n10-03 01:39:43.480 15241 15396 D InetDiagMessage: Destroyed 0 sockets, proto=IPPROTO_TCP, family=AF_INET6, states=14\n10-03 01:39:43.480 15241 15396 D InetDiagMessage: Destroyed live tcp sockets for uids={20166} in 1ms\n10-03 01:39:43.757 15241 16209 D CompatChangeReporter: Compat change id reported: 311208629; UID 10143; state: ENABLED\n10-03 01:39:44.088 15241 15339 D ActivityManager: freezing 16054 com.android.printspooler\n10-03 01:39:44.088 15241 15339 I am_freeze: [16054,com.android.printspooler]\n10-03 01:39:44.089 15241 15396 D InetDiagMessage: Destroyed 0 sockets, proto=IPPROTO_TCP, family=AF_INET, states=14\n10-03 01:39:44.090 15241 15396 D InetDiagMessage: Destroyed 0 sockets, proto=IPPROTO_TCP, family=AF_INET6, states=14\n10-03 01:39:44.090 15241 15396 D InetDiagMessage: Destroyed live tcp sockets for uids={10127} in 1ms\n10-03 01:39:44.099 15241 15339 I am_compact: [16054,com.android.printspooler,ANON,105280,53120,51520,0,-3200,0,-3200,3200,11,SOME,0,905,19,3032,-772]\n10-03 01:39:44.261     0     0 I init    : Untracked pid 15034 exited with status 137\n10-03 01:39:44.262     0     0 I init    : Untracked pid 15034 did not have an associated service entry and will not be reaped\n== /data/adb/ksu/log/dmesg.log\n<6>[  727.505953] KernelSU: handle_setresuid from 0 to 10190\n<6>[  727.506716] KernelSU: handle umount for uid: 10190, pid: 16878\n<6>[  727.633841] KernelSU: handle_setresuid from 0 to 10199\n<6>[  727.634661] KernelSU: handle umount for uid: 10199, pid: 16898\n<6>[  727.656694] KernelSU: handle_setresuid from 0 to 10165\n<6>[  727.657538] KernelSU: handle umount for uid: 10165, pid: 16908\n<6>[  727.764363] KernelSU: handle_setresuid from 0 to 10100\n<6>[  727.765202] KernelSU: handle umount for uid: 10100, pid: 16922\n<6>[  727.868922] KernelSU: handle_setresuid from 0 to 10133\n<6>[  727.869884] KernelSU: handle umount for uid: 10133, pid: 16954\n<6>[  727.961563] KernelSU: handle_setresuid from 0 to 10197\n<6>[  727.962557] KernelSU: handle umount for uid: 10197, pid: 16970\n<6>[  728.086794] KernelSU: handle_setresuid from 0 to 10140\n<6>[  728.087550] KernelSU: handle umount for uid: 10140, pid: 16989\n<14>[  728.157470] servicemanager: Caller(pid=16970,uid=10197,sid=u:r:rkpdapp:s0:c197,c256,c512,c768) Found android.hardware.security.keymint.IRemotelyProvisionedComponent/default in device VINTF manifest.\n<14>[  728.221412] servicemanager: Caller(pid=16970,uid=10197,sid=u:r:rkpdapp:s0:c197,c256,c512,c768) Since 'android.hardware.drm.IDrmFactory/clearkey' could not be found trying to start it as a lazy AIDL service. (if it's not configured to be a lazy service, it may be stuck starting or still starting).\n<14>[  728.228208] init: starting service 'vendor.drm-clearkey-service'...\n<14>[  728.231380] init: ... started service 'vendor.drm-clearkey-service' has pid 17024\n<14>[  728.232536] init: Control message: Processed ctl.interface_start for 'aidl/android.hardware.drm.IDrmFactory/clearkey' from pid: 165 (/system/bin/servicemanager)\n<6>[  728.233151] KernelSU: hook_manager: unmark 17024 exec /vendor/bin/hw/android.hardware.drm-service-lazy.clearkey\n<14>[  728.255808] servicemanager: Caller(pid=17024,uid=1013,sid=u:r:hal_drm_clearkey_aidl:s0) Found android.hardware.drm.IDrmFactory/clearkey in device VINTF manifest.\n<14>[  728.259996] BpBinder: onLastStrongRef automatically unlinking death recipients: \n<14>[  728.261857] servicemanager: Notifying android.hardware.drm.IDrmFactory/clearkey they do (previously: don't) have clients when we now have a record of a client\n<36>[  728.467060] type=1400 audit(1790991574.836:816): avc:  denied  { read } for  comm=\"binder:16369_2\" name=\"u:object_r:system_adbd_prop:s0\" dev=\"tmpfs\" ino=318 scontext=u:r:gmscore_app:s0:c512,c768 tcontext=u:object_r:system_adbd_prop:s0 tclass=file permissive=0 app=com.google.android.gms\n<36>[  728.480663] type=1400 audit(1790991574.844:817): avc:  denied  { read } for  comm=\"binder:16369_2\" name=\"u:object_r:adbd_prop:s0\" dev=\"tmpfs\" ino=63 scontext=u:r:gmscore== /data/adb/ksu/log/logcat.old.log\n10-03 01:33:25.147 10484 10634 D InetDiagMessage: Destroyed 0 sockets, proto=IPPROTO_TCP, family=AF_INET, states=14\n10-03 01:33:25.148 10484 10634 D InetDiagMessage: Destroyed 0 sockets, proto=IPPROTO_TCP, family=AF_INET6, states=14\n10-03 01:33:25.148 10484 10634 D InetDiagMessage: Destroyed live tcp sockets for uids={20166} in 1ms\n10-03 01:33:25.576 10484 10697 D CompatChangeReporter: Compat change id reported: 311208629; UID 10143; state: ENABLED\n10-03 01:33:25.578 10484 10697 D OomAdjuster: Not killing cached processes\n10-03 01:33:25.634 11410 11410 W JobService: onNetworkChanged() not implemented in androidx.work.impl.background.systemjob.SystemJobService. Must override in a subclass.\n10-03 01:33:25.637 10938 12395 I ChimeraSrvcProxy: NullBinder for android.net.action.RECOMMEND_NETWORKS triggering remote TransactionTooLargeException due to Service without Chimera impl\n10-03 01:33:25.637 10938 12395 W .gms.persistent: Large reply transaction of 1056768 bytes, interface descriptor , code 1\n10-03 01:33:25.638 11302 11649 I BugleRcsEngine: handleMessage processing message:[NOTIFY_UPTIME_IGNORE_STATE_CHANGED] with [non-null]:RcsEngineImpl reference [CONTEXT log_prefix=\"RcsEngineImpl[DUAL_REG]:[3af02e0e-f6a5]>Handler\" thread_id=63 ]\n10-03 01:33:25.638 11302 11522 I BugleRcsEngine: Connected state: [1], networkType: [WIFI] [CONTEXT thread_id=56 ]\n10-03 01:33:25.645 10484 10578 D ActivityManager: freezing 11292 com.android.printspooler\n10-03 01:33:25.645 10484 10578 I am_freeze: [11292,com.android.printspooler]\n10-03 01:33:25.646 10484 10634 D InetDiagMessage: Destroyed 0 sockets, proto=IPPROTO_TCP, family=AF_INET, states=14\n10-03 01:33:25.647 10484 10634 D InetDiagMessage: Destroyed 0 sockets, proto=IPPROTO_TCP, family=AF_INET6, states=14\n10-03 01:33:25.647 10484 10634 D InetDiagMessage: Destroyed live tcp sockets for uids={10127} in 1ms\n10-03 01:33:25.658 10484 10578 I am_compact: [11292,com.android.printspooler,ANON,105840,53504,51696,0,-3200,0,-3200,3200,12,SOME,0,905,19,2856,-736]\n10-03 01:33:26.114 10484 10556 D CompatChangeReporter: Compat change id reported: 261072174; UID 10143; state: ENABLED\n10-03 01:33:26.122 10484 10556 W ActivityManager: Unable to start service Intent { act=grpc.io.action.BIND cmp=com.google.android.googlequicksearchbox/com.google.android.apps.search.googleapp.search.suggest.plugins.onesearch.server.OneSearchSuggestService } U=0: not found\n10-03 01:33:26.122 10484 10556 W ActivityManager: Unbind failed: could not find connection for android.os.BinderProxy@883d863\n10-03 01:33:26.347 11410 12106 I Bugle   : BugleStartup: Registering SIM change receiver...\n10-03 01:33:26.347 11410 12106 I Bugle   : BugleStartup: Updating app config...\n10-03 01:33:26.348 11410 12106 I Bugle   : BugleStartup: Done with SIM change receiver & app config.\n10-03 01:33:26.349 11410 12106 I Bugle   : BugleStartup: Handling shared prefs upgrade & Load MMS Configuration...\n10-03 01:33:26.483     0     0 I init    : Untracked pid 10261 exited with status 137\n10-03 01:33:26.484     0     0 I init    : Untracked pid 10261 did not have an associated service entry and will not be reaped\n== /data/adb/ksu/log/dmesg.old.log\n<6>[  349.755651] KernelSU: handle_setresuid from 0 to 10100\n<6>[  349.756562] KernelSU: handle umount for uid: 10100, pid: 12230\n<6>[  349.879170] KernelSU: handle_setresuid from 0 to 10133\n<6>[  349.884097] KernelSU: handle umount for uid: 10133, pid: 12249\n<6>[  349.968063] KernelSU: handle_setresuid from 0 to 10197\n<6>[  349.968938] KernelSU: handle umount for uid: 10197, pid: 12271\n<6>[  350.035690] KernelSU: handle_setresuid from 0 to 10140\n<6>[  350.036635] KernelSU: handle umount for uid: 10140, pid: 12287\n<14>[  350.100548] servicemanager: Caller(pid=12271,uid=10197,sid=u:r:rkpdapp:s0:c197,c256,c512,c768) Found android.hardware.security.keymint.IRemotelyProvisionedComponent/default in device VINTF manifest.\n<14>[  350.129448] servicemanager: Caller(pid=12271,uid=10197,sid=u:r:rkpdapp:s0:c197,c256,c512,c768) Since 'android.hardware.drm.IDrmFactory/clearkey' could not be found trying to start it as a lazy AIDL service. (if it's not configured to be a lazy service, it may be stuck starting or still starting).\n<14>[  350.136196] init: starting service 'vendor.drm-clearkey-service'...\n<6>[  350.138958] KernelSU: hook_manager: unmark 12320 exec /vendor/bin/hw/android.hardware.drm-service-lazy.clearkey\n<14>[  350.139126] init: ... started service 'vendor.drm-clearkey-service' has pid 12320\n<14>[  350.142005] init: Control message: Processed ctl.interface_start for 'aidl/android.hardware.drm.IDrmFactory/clearkey' from pid: 165 (/system/bin/servicemanager)\n<14>[  350.154287] servicemanager: Caller(pid=12320,uid=1013,sid=u:r:hal_drm_clearkey_aidl:s0) Found android.hardware.drm.IDrmFactory/clearkey in device VINTF manifest.\n<14>[  350.157664] servicemanager: Notifying android.hardware.drm.IDrmFactory/clearkey they do (previously: don't) have clients when service is guaranteed to be in use\n<14>[  350.160102] BpBinder: onLastStrongRef automatically unlinking death recipients: \n<11>[  350.453191] SELinux: avc:  denied  { find } for pid=10871 uid=1000 name=vendor.google.wireless_charger.IWirelessCharger/default scontext=u:r:system_app:s0 tcontext=u:object_r:default_android_service:s0 tclass=service_manager permissive=0\n<6>[  350.529339] KernelSU: handle_setresuid from 0 to 10145\n<6>[  350.530310] KernelSU: handle umount for uid: 10145, pid: 12365\n<14>[  350.571582] servicemanager: Notifying android.hardware.drm.IDrmFactory/clearkey they don't (previously: do) have clients when we now have no record of a client\n<14>[  350.573558] servicemanager: Caller(pid=12320,uid=1013,sid=u:r:hal_drm_clearkey_aidl:s0) Unregistering android.hardware.drm.IDrmFactory/clearkey\n<14>[  350.576741] BpBinder: onLastStrongRef automatically unlinking death recipients: \n<14>[  350.579445] init: Service 'vendor.drm-clearkey-service' (pid 12320) exited with status 0 oneshot service took 0.441000 seconds in background\n<14>[  350.584892] init: Sending signal 9 to servitotal 80\ndrwxr-xr-x 7 root root 4096 2026-10-03 01:35 .\ndrwxrwxrwx 8 root root 4096 2026-10-03 01:32 ..\ndrwxr-xr-x 4 root root 4096 2026-10-03 01:32 bin\ndrwxr-xr-x 5 root root 4096 2026-10-03 01:35 flutter_webui\n-rw-r--r-- 1 root root  193 2026-10-03 01:32 module.prop\ndrwxr-xr-x 2 root root 4096 2026-10-03 01:38 run\n-rw-r--r-- 1 root root  290 2026-10-03 01:32 service.sh\n-rw-r--r-- 1 root root  317 2026-10-03 01:32 uninstall.sh\ndrwxr-xr-x 8 root root 4096 2026-10-03 01:32 webroot\n-- dmesg:\n[  707.773551] mountify/metamount: start!\n[  707.785256] mountify/metamount: stage1: mounting /mnt/vendor\n[  707.788465] mountify/metamount: stage2/tmpfs: mounting /mnt/vendor/mountify\n[  707.792526] mountify/metamount: module with name * not meant to be mounted\n[  707.819776] mountify/metamount: stage2: unmounting /mnt/vendor/mountify\n[  707.822841] mountify/metamount: stage1: unmounting /mnt/vendor\n[  707.826067] mountify/metamount: finished!\n[  709.037550] apexd: No block apex metadata partition found, not adding block apexes\n[  721.980510] apexd: No block apex metadata partition found, not adding block apexes\n[  722.155710] mountify/boot-completed: lifting single instance lock"}
{"check":"module-config","result":"manage module configuration\n\nUsage: ksud module config [OPTIONS] <COMMAND>\n\nCommands:\n  get     Get a config value\n  set     Set a config value\n  list    List all config entries\n  delete  Delete a config entry\n  clear   Clear all config entries\n  help    Print this message or the help of the given subcommand(s)\n\n-- files:\ntotal 32\ndrwxr-xr-x 2 root root 4096 2026-10-03 01:39 .\ndrwxr-xr-x 3 root root 4096 2026-10-03 01:32 ..\n-rw-r--r-- 1 root root   36 2026-10-03 01:32 persist.config\n-rw-rw-rw- 1 root root  284 2026-10-03 01:39 tmp.config\n== /data/adb/ksu/module_configs/demo/persist.config\nMUSK\u0001\u0000\u0000\u0000\u0001\u0000\u0000\u0000\u000f\u0000\u0000\u0000webui.installed\u0001\u0000\u0000\u00001\n== /data/adb/ksu/module_configs/demo/tmp.config\nMUSK\u0001\u0000\u0000\u0000\u0002\u0000\u0000\u0000\u0000\u0000\u0000webui.session\udcc5\u0000\u0000\u0000{\"protocol\":1,\"version\":\"0.2.2\",\"port\":41695,\"token\":\"SeMSWce7ZayzeHgBxU_xfS2X2KoSOhXdWe75ebV8gtc\",\"pid\":17521,\"boot\":\"0ae6c0e5-0379-40d9-bba3-411567abd2b4\",\"started\":\"2026-10-03T01:39:56.772588Z\"}\n\u0000\u0000\u0000webui.boot$\u0000\u0000\u00000ae6c0e5-0379-40d9-bba3-411567abd2b4\n-- ksud get:\n1\nwebui.boot=0ae6c0e5-0379-40d9-bba3-411567abd2b4\nwebui.session={\"protocol\":1,\"version\":\"0.2.2\",\"port\":41695,\"token\":\"SeMSWce7ZayzeHgBxU_xfS2X2KoSOhXdWe75ebV8gtc\",\"pid\":17521,\"boot\":\"0ae6c0e5-0379-40d9-bba3-411567abd2b4\",\"started\":\"2026-10-03T01:39:56.772588Z\"}\nwebui.installed=1"}
{"check":"module-dirs","result":"/data/adb/demo:\ntotal 24\ndrwx------ 3 root root 4096 2026-10-03 01:38 .\ndrwx------ 8 root root 4096 2026-10-03 01:35 ..\ndrwx------ 2 root root 4096 2026-10-03 01:39 tmp\n\n/data/adb/demo/tmp:\ntotal 16\ndrwx------ 2 root root 4096 2026-10-03 01:39 .\ndrwx------ 3 root root 4096 2026-10-03 01:38 .."}
{"check":"open","result":"opened: intent"}
{"check":"tap-places","result":{"url":"https://mui.kernelsu.org/index.html","socket":"webview_devtools_remote_17971","value":"tapped Places at 16,572 size 288x56 role button tappable"}}
{"check":"tap-plugins","result":{"url":"https://mui.kernelsu.org/index.html","socket":"webview_devtools_remote_17971","value":"tapped Plugins at 267,536 size 53x80 role tab tappable"}}
{"check":"fgs-open","result":"* ServiceRecord{b3609a3 u0 com.webui.api.demo/com.termux.api.RootHelperService c:com.android.shell}\n    isForeground=true foregroundId=32363 types=0x40000000 foregroundNoti=Notification(channel=root_helper shortcut=null contentView=null vibrate=null sound=null defaults=0 flags=ONGOING_EVENT|FOREGROUND_SERVICE color=0x00000000 vis=PRIVATE)\n-- notification:\n-- procs:\nu0_a211      17423 com.webui.api.demo\nroot         17521 dartaotruntime\nroot         18178 dartaotruntime"}
{"check":"plugins","result":The app calls share_plus, permission_handler, the clipboard, flutter_local_notifications and file_selector as on any platform. Running in a WebUI host, so their *_webui packages answer.
share_plus
On WebUI: share_plus_webui: Android's share sheet, opened by the module's own app
Share text
permission_handler
On WebUI: permission_handler_webui: Android's own permission dialog, for the module's own app
Camera: denied
flutter_local_notifications
On WebUI: flutter_local_notifications_webui: an Android notification from the module's own app, after permission_handler asks for it}
{"check":"tap-share","result":{"url":"https://mui.kernelsu.org/index.html","socket":"webview_devtools_remote_17971","value":"tapped Share text at 24,278 size 112x48 role button tappable"}}
{"check":"share-top","result":"com.android.intentresolver/.ChooserActivityLauncher"}
{"check":"app-process","result":"u0_a211      10211 u:r:untrusted_app_27:s0:c211,c256,c512,c768 17423 com.webui.api.demo"}
{"check":"app-mounts","result":"pid 17423\n135"}
{"check":"share-log","result":"10-03 01:40:49.888 18284 18284 I ResolverListAdapter: Add DisplayResolveInfo component: ComponentInfo{com.google.android.apps.docs/com.google.android.apps.docs.common.shareitem.UploadMenuActivity}, intent component: ComponentInfo{com.google.android.apps.docs/com.google.android.apps.docs.common.shareitem.UploadMenuActivity}\n10-03 01:40:49.888 18284 18284 I ResolverListAdapter: Add DisplayResolveInfo component: ComponentInfo{com.google.android.apps.messaging/com.google.android.apps.messaging.ui.conversationlist.ShareIntentActivity}, intent component: ComponentInfo{com.google.android.apps.messaging/com.google.android.apps.messaging.ui.conversationlist.ShareIntentActivity}\n10-03 01:40:49.893 15241 15508 D CoreBackPreview: Window{de6f5e9 u0 com.android.intentresolver/com.android.intentresolver.ChooserActivityLauncher}: Setting back callback OnBackInvokedCallbackInfo{mCallback=android.window.IOnBackInvokedCallback$Stub$Proxy@6f71d0f, mPriority=0, mIsAnimationCallback=false}\n10-03 01:40:50.267 18284 18284 D ChooserActivity: onListRebuilt(listAdapter.userHandle=UserHandle{0}, rebuildComplete=true)\n10-03 01:40:50.269 18284 18284 D ChooserActivity: app target loading time 401 ms\n10-03 01:40:50.272 15241 15261 I ActivityTaskManager: Displayed com.android.intentresolver/.ChooserActivityLauncher for user 0: +528ms\n10-03 01:40:50.272 15241 15261 V WindowManager: Sent Transition (#8) createdAt=10-03 01:40:49.747 via request=TransitionRequestInfo { type = OPEN, triggerTask = TaskInfo{userId=0 taskId=25 displayId=0 isRunning=true baseIntent=Intent { act=android.intent.action.CHOOSER flg=0x10800000 cmp=com.android.intentresolver/.ChooserActivityLauncher } baseActivity=ComponentInfo{com.android.intentresolver/com.android.intentresolver.ChooserActivity} topActivity=ComponentInfo{com.android.intentresolver/com.android.intentresolver.ChooserActivity} origActivity=ComponentInfo{com.android.intentresolver/com.android.intentresolver.ChooserActivityLauncher} realActivity=ComponentInfo{com.android.intentresolver/com.android.intentresolver.ChooserActivity} numActivities=1 lastActiveTime=803242 supportsMultiWindow=true resizeMode=1 isResizeable=true minWidth=-1 minHeight=-1 defaultMinSize=220 token=WCT{RemoteToken{6410834 Task{15e749d #25 type=standard A=10107:com.android.intentresolver}}} topActivityType=1 pictureInPictureParams=null shouldDockBigOverlays=false launchIntoPipHostTaskId=-1 lastParentTaskIdBeforePip=-1 displayCutoutSafeInsets=null topActivityInfo=ActivityInfo{668865d com.android.intentresolver.ChooserActivityLauncher} launchCookies=[] positionInParent=Point(0, 0) parentTaskId=-1 isFocused=false isVisible=false isVisibleRequested=false isSleeping=false locusId=null displayAreaFeatureId=1 isTopActivityTransparent=true appCompatTaskInfo=AppCompatTaskInfo { topActivityInSizeCompat=false topActivityEligibleForLetterboxEducation= falseisLetterboxEducationEnabled= true isLetterboxDoubleTapEnabled= false topActivityEligibleForUserAspectRatioButton= false topActivityBoundsLetterboxed= false isFromLetterboxDoubleTap= false topActivityLetterboxVerticalPosition= -1 topActivityLetterboxHorizontalPosition= -1 topActivityLetterboxWidth=320 topActivityLetterboxHeight=640 isUserFullscreenOverrideEnabled=false isSystemFullscreenOverrideEnabled=false cameraCompatTaskInfo=CameraCompatTaskInfo { cameraCompatControlState=hidden freeformCameraCompatMode=inactive}}}, pipTask = null, remoteTransition = null, displayChange = null, flags = 0, debugId = 8 }\n10-03 01:40:50.287 18284 18284 D ChooserActivity: onShortcutsLoaded for user: UserHandle{0}\n10-03 01:40:50.288 18284 18284 D ChooserActivity: stat to first shortcut time: 406 ms\n10-03 01:40:50.289 18284 18284 D ChooserActivity: onAppTargetsLoaded(listAdapter.userHandle=UserHandle{0})\n10-03 01:40:57.904 18333 18333 W app_process: ClassLoaderContext shared library size mismatch. Expected=2, found=0 (PCL[]{PCL[/system/framework/android.test.base.jar*724373495]#PCL[/system/framework/android.test.mock.jar*1452759902]} | PCL[])\n10-03 01:40:58.937 18333 18333 I AccessibilityNodeInfoDumper: Skipping invisible child: android.view.accessibility.AccessibilityNodeInfo@ce62; boundsInParent: Rect(0, 0 - 0, 0); boundsInScreen: Rect(160, 366 - 160, 366); boundsInWindow: Rect(160, 366 - 160, 366); packageName: com.android.intentresolver; className: androidx.recyclerview.widget.RecyclerView; text: null; error: null; maxTextLength: -1; stateDescription: null; contentDescription: null; tooltipText: null; containerTitle: null; viewIdResName: android:id/chooser_action_row; uniqueId: null; checkable: false; checked: false; focusable: true; focused: false; selected: false; clickable: false; longClickable: false; contextClickable: false; enabled: true; password: false; scrollable: false; granularScrollingSupported: false; importantForAccessibility: true; visible: false; actions: [AccessibilityAction: ACTION_FOCUS - null, AccessibilityAction: ACTION_SELECT - null, AccessibilityAction: ACTION_CLEAR_SELECTION - null, AccessibilityAction: ACTION_ACCESSIBILITY_FOCUS - null, AccessibilityAction: ACTION_SHOW_ON_SCREEN - null]; isTextSelectable: false"}
{"check":"share-result","result":share_plus
On WebUI: share_plus_webui: Android's share sheet, opened by the module's own app
Share result: unavailable}
{"check":"cam-deny-1-tap","result":{"url":"https://mui.kernelsu.org/index.html","socket":"webview_devtools_remote_17971","value":"tapped Request camera at 24,490 size 150x46 role button tappable"}}
{"check":"cam-deny-1-top","result":"com.google.android.permissioncontroller/com.android.permissioncontroller.permission.ui.GrantPermissionsActivity"}
{"check":"cam-deny-1-dialog","result":"Allow Demo to take pictures and record video? | While using the app | Only this time | Don\u2019t allow\nAllow Demo to take pictures and record video? | While using the app | Only this time | Don\u2019t allow\nWhile using the app\nOnly this time\nDon\u2019t allow"}
{"check":"cam-deny-1-press","result":"ui: tapped 'Don' at 160,453"}
{"check":"cam-deny-1-status","result":permission_handler
On WebUI: permission_handler_webui: Android's own permission dialog, for the module's own app
Camera: denied}
{"check":"cam-deny-1-perm","result":"android.permission.CAMERA\n      android.permission.SET_WALLPAPER\n--\n        android.permission.CAMERA: granted=false, flags=[ USER_SET|USER_SENSITIVE_WHEN_GRANTED|USER_SENSITIVE_WHEN_DENIED]"}
{"check":"cam-deny-2-tap","result":{"url":"https://mui.kernelsu.org/index.html","socket":"webview_devtools_remote_17971","value":"tapped Request camera at 24,490 size 150x46 role button tappable"}}
{"check":"cam-deny-2-top","result":"com.google.android.permissioncontroller/com.android.permissioncontroller.permission.ui.GrantPermissionsActivity"}
{"check":"cam-deny-2-dialog","result":"Allow Demo to take pictures and record video? | While using the app | Only this time | Don\u2019t allow\nAllow Demo to take pictures and record video? | While using the app | Only this time | Don\u2019t allow\nWhile using the app\nOnly this time\nDon\u2019t allow"}
{"check":"cam-deny-2-press","result":"ui: tapped 'Don' at 160,453"}
{"check":"cam-deny-2-status","result":permission_handler
On WebUI: permission_handler_webui: Android's own permission dialog, for the module's own app
Camera: permanentlyDenied}
{"check":"cam-deny-2-perm","result":"android.permission.CAMERA\n      android.permission.SET_WALLPAPER\n--\n        android.permission.CAMERA: granted=false, flags=[ USER_SET|USER_FIXED|USER_SENSITIVE_WHEN_GRANTED|USER_SENSITIVE_WHEN_DENIED]"}
{"check":"cam-after-deny-tap","result":{"url":"https://mui.kernelsu.org/index.html","socket":"webview_devtools_remote_17971","value":"tapped Request camera at 24,490 size 150x46 role button tappable"}}
{"check":"cam-after-deny-top","result":"com.dergoogler.mmrl.wx/.ui.activity.webui.WebUIActivity"}
{"check":"cam-after-deny-dialog","result":"Back Back\nShare text\nRequest camera\nCopy text\nPaste\nPlaces\nStrategy\nRust\nLifecycle\nShell\nPlugins"}
{"check":"cam-after-deny-status","result":permission_handler
On WebUI: permission_handler_webui: Android's own permission dialog, for the module's own app
Camera: permanentlyDenied}
{"check":"cam-after-deny-perm","result":"android.permission.CAMERA\n      android.permission.SET_WALLPAPER\n--\n        android.permission.CAMERA: granted=false, flags=[ USER_SET|USER_FIXED|USER_SENSITIVE_WHEN_GRANTED|USER_SENSITIVE_WHEN_DENIED]"}
{"check":"cam-grant-tap","result":{"url":"https://mui.kernelsu.org/index.html","socket":"webview_devtools_remote_17971","value":"tapped Request camera at 24,490 size 150x46 role button tappable"}}
{"check":"cam-grant-top","result":"com.google.android.permissioncontroller/com.android.permissioncontroller.permission.ui.GrantPermissionsActivity"}
{"check":"cam-grant-dialog","result":"Allow Demo to take pictures and record video? | While using the app | Only this time | Don\u2019t allow\nAllow Demo to take pictures and record video? | While using the app | Only this time | Don\u2019t allow\nWhile using the app\nOnly this time\nDon\u2019t allow"}
{"check":"cam-grant-press","result":"ui: tapped 'While using the app' at 160,333"}
{"check":"cam-grant-status","result":permission_handler
On WebUI: permission_handler_webui: Android's own permission dialog, for the module's own app
Camera: granted}
{"check":"cam-grant-perm","result":"android.permission.CAMERA\n      android.permission.SET_WALLPAPER\n--\n        android.permission.CAMERA: granted=true, flags=[ USER_SET|USER_SENSITIVE_WHEN_GRANTED|USER_SENSITIVE_WHEN_DENIED]"}
{"check":"clip-listen","result":{"url":"https://mui.kernelsu.org/index.html","socket":"webview_devtools_remote_17971","value":"listening"}}
{"check":"clip-paste-tap","result":{"url":"https://mui.kernelsu.org/index.html","socket":"webview_devtools_remote_17971","value":"tapped Paste at 139,638 size 84x48 role button tappable"}}
{"check":"clip-paste-top","result":"com.dergoogler.mmrl.wx/.ui.activity.webui.WebUIActivity"}
{"check":"clip-pasted","result":The app calls share_plus, permission_handler, the clipboard, flutter_local_notifications and file_selector as on any platform. Running in a WebUI host, so their *_webui packages answer.
Clipboard (flutter/services)
On WebUI: clipboard_webui: Android's clipboard, through the module's own app
Pasted: lab-clip-8383
Paste}
{"check":"clip-blips","result":{"url":"https://mui.kernelsu.org/index.html","socket":"webview_devtools_remote_17971","value":"[[141738,\"visibility hidden\"],[141738,\"{\\\"type\\\":\\\"WX_ON_PAUSE\\\"}\"],[141808,\"visibility visible\"],[141811,\"{\\\"type\\\":\\\"WX_ON_RESUME\\\"}\"]]"}}
{"check":"clip-process","result":"u0_a211      u:r:untrusted_app_27:s0:c211,c256,c512,c768 com.webui.api.demo"}
{"check":"clip-copy-tap","result":{"url":"https://mui.kernelsu.org/index.html","socket":"webview_devtools_remote_17971","value":"tapped Copy text at 24,638 size 107x48 role button tappable"}}
{"check":"clip-copied","result":The app calls share_plus, permission_handler, the clipboard, flutter_local_notifications and file_selector as on any platform. Running in a WebUI host, so their *_webui packages answer.
Clipboard (flutter/services)
On WebUI: clipboard_webui: Android's clipboard, through the module's own app
Copy: copied
Pasted: lab-clip-8383
Copy text}
{"check":"clip-ext-paste","result":"text=\"\" text=\"\" text=\"\" text=\"\" text=\"\""}
{"check":"pick-tap","result":{"url":"https://mui.kernelsu.org/index.html","socket":"webview_devtools_remote_17971","value":"tapped Pick a file at 24,617 size 109x48 role button tappable"}}
{"check":"pick-top","result":"com.google.android.documentsui/com.android.documentsui.picker.PickActivity"}
{"check":"picked","result":file_selector
On WebUI: file_selector_webui: the WebView's file chooser
Picked: /data/adb/demo/tmp/open-hmuqa29y8w-0/lab-pick.txt
Pick a file}
{"check":"pick-files","result":"/data/adb/demo/tmp:\ntotal 24\ndrwx------ 3 root root u:object_r:adb_data_file:s0  4096 2026-10-03 01:43 .\ndrwx------ 3 root root u:object_r:adb_data_file:s0  4096 2026-10-03 01:40 ..\ndrwx------ 2 root root u:object_r:adb_data_file:s0  4096 2026-10-03 01:43 open-hmuqa29y8w-0\n\n/data/adb/demo/tmp/open-hmuqa29y8w-0:\ntotal 24\ndrwx------ 2 root root u:object_r:adb_data_file:s0  4096 2026-10-03 01:43 .\ndrwx------ 3 root root u:object_r:adb_data_file:s0  4096 2026-10-03 01:43 ..\n-rw------- 1 root root u:object_r:adb_data_file:s0     9 2026-10-03 01:43 lab-pick.txt"}
{"check":"app-settings","result":"Archive\nUninstall\nForce stop\nNotifications | Off\nPermissions | Camera\nStorage & cache | 7.20 MB used in internal storage\nNavigate up\nOpen"}
{"check":"fgs-home","result":"* ServiceRecord{b3609a3 u0 com.webui.api.demo/com.termux.api.RootHelperService c:com.android.shell}\n    isForeground=true foregroundId=32363 types=0x40000000 foregroundNoti=Notification(channel=root_helper shortcut=null contentView=null vibrate=null sound=null defaults=0 flags=ONGOING_EVENT|FOREGROUND_SERVICE color=0x00000000 vis=PRIVATE)\n-- notification:\n-- procs:\nu0_a211      17423 com.webui.api.demo\nroot         17521 dartaotruntime\nroot         18178 dartaotruntime"}
{"check":"fgs-closed","result":"-- notification:\n-- procs:\nu0_a211      17423 com.webui.api.demo"}
{"check":"after-reboot","result":"package:/data/app/~~TRxP3skLCgYAZuULg5TsVA==/com.webui.api.demo-KcrfpTvHKuv45bmtpwHLJw==/base.apk\n    codePath=/data/app/~~TRxP3skLCgYAZuULg5TsVA==/com.webui.api.demo-KcrfpTvHKuv45bmtpwHLJw==\n    versionCode=1011 minSdk=24 targetSdk=28\n-- service.sh log:"}
/home/runner/work/devicelab/devicelab/checks/lib/lc_sample.sh: 1 file pushed, 0 skipped. 6.0 MB/s (1585 bytes in 0.000s)
{"check":"setup","result":"Enforcing\npackage:/data/app/~~TRxP3skLCgYAZuULg5TsVA==/com.webui.api.demo-KcrfpTvHKuv45bmtpwHLJw==/base.apk\n    versionCode=1011 minSdk=24 targetSdk=28\n    versionName=0.53.0-webui.9\nFailed to write while dumping service package: Broken pipe\nksud 3.3.0 (uapi: 2)\n    versionName=v438-release\nFailed to write while dumping service package: Broken pipe"}
{"check":"rootlog-start","result":"4\n2026-10-03T01:39:56.779026 listening on 127.0.0.1:41695\n2026-10-03T01:45:19.543729 shutting down\n2026-10-03T01:45:19.570546 am stopservice --user 0 -n com.webui.api.demo/com.termux.api.RootHelperService: exit 255 Stopping service: Intent { cmp=com.webui.api.demo/com.termux.api.RootHelperService }\nService stopped"}
{"check":"open-home","result":"opened: intent"}
{"check":"mark-home-opened","result":"1134.67"}
{"check":"sample-home","result":"1134.81 ch= aot= port= conn=0 fgs=0 fg=0 notif=0 hold=0 app=\n1154.70 end ch= aot= port= conn=0 fgs=0 fg=0 notif=0 hold=0 app="}
{"check":"mark-tap-places","result":"1157.96"}
{"check":"tap-places","result":{"url":"https://mui.kernelsu.org/index.html","socket":"webview_devtools_remote_22607","value":"tapped Places at 16,572 size 288x56 role button tappable"}}
{"check":"sample-places","result":"1157.06 ch= aot= port= conn=0 fgs=0 fg=0 notif=0 hold=0 app=\n1159.42 ch=23259, aot= port=33357 conn=1 fgs=1 fg=1 notif=0 hold=2 app=23283\n1160.55 ch=23259, aot=23359, port=33357 conn=1 fgs=1 fg=1 notif=0 hold=2 app=23283\n1182.77 end ch=23259, aot=23359, port=33357 conn=1 fgs=1 fg=1 notif=0 hold=2 app=23283"}
{"check":"hold","result":"channel pid 23259\nu:r:ksu:s0\u0000\nUSER           PID  PPID LABEL                          ARGS                       \nroot         23259     1 u:r:ksu:s0                     dartaotruntime /data/adb/modules/demo/flutter_webui/x86_64/flutter_webui_root.aot serve --module-dir /data/adb/modules/demo --module-id demo --run-dir /data/adb/modules/demo/flutter_webui/run --temp-dir /data/adb/demo/tmp --announce\n-- /proc/net/unix:\nffff91e5def8b180: 00000003 00000000 00000000 0001 03 168509 @com.webui.api.demo/hold\nffff91e548c20d80: 00000002 00000000 00010000 0001 01 168508 @com.webui.api.demo/hold\n-- channel fds -> sockets:\n3\n-- service:\n  * ServiceRecord{125db9e u0 com.webui.api.demo/com.termux.api.RootHelperService c:com.android.shell}\n    isForeground=true foregroundId=32363 types=0x40000000 foregroundNoti=Notification(channel=root_helper shortcut=null contentView=null vibrate=null sound=null defaults=0 flags=ONGOING_EVENT|FOREGROUND_SERVICE color=0x00000000 vis=PRIVATE)\n    startRequested=true delayedStop=false stopIfKilled=true callStart=true lastStartId=1"}
{"check":"rootlog-hold","result":"1\n2026-10-03T01:46:45.593969 listening on 127.0.0.1:33357"}
{"check":"avc-hold","result":""}
{"check":"procs","result":"u0_a210      22607 20273 u:r:untrusted_app:s0:c210,c256,c512,c768 com.dergoogler.mmrl.process.webui com.dergoogler.mmrl.process.webui\nroot         23259     1 u:r:ksu:s0                     dartaotruntime              dartaotruntime /data/adb/modules/demo/flutter_webui/x86_64/flutter_webui_root.aot serve --module-dir /data/adb/modules/demo --module-id demo --run-dir /data/adb/modules/demo/flutter_webui/run --temp-dir /data/adb/demo/tmp --announce\nu0_a211      23283 20273 u:r:untrusted_app_27:s0:c211,c256,c512,c768 com.webui.api.demo com.webui.api.demo\nroot         23358     1 u:r:ksu:s0                     sh                          sh -c trap : TERM INT HUP USR1 USR2; exec 0</dev/null; \"$@\" >>\"$FLUTTER_WEBUI_LOG\" 2>&1; c=$?; (umask 077 && echo $c >\"$FLUTTER_WEBUI_EXIT.tmp\"); mv \"$FLUTTER_WEBUI_EXIT.tmp\" \"$FLUTTER_WEBUI_EXIT\" sh /data/adb/modules/demo/bin/demo serve --session-file /data/adb/modules/demo/run/demo.place.json --launch-id 6057ca3a9188ee0f\nroot         23359 23358 u:r:ksu:s0                     dartaotruntime              dartaotruntime /data/adb/modules/demo/bin/x86_64/demo.aot serve --session-file /data/adb/modules/demo/run/demo.place.json --launch-id 6057ca3a9188ee0f"}
{"check":"notif-perm","result":"android.permission.POST_NOTIFICATIONS\n        android.permission.POST_NOTIFICATIONS: granted=false, flags=[ USER_SENSITIVE_WHEN_GRANTED|USER_SENSITIVE_WHEN_DENIED]\n-- appops:\nUid mode: POST_NOTIFICATION: ignore\nUid mode: COARSE_LOCATION: ignore\nFINE_LOCATION: ignore\nREAD_CONTACTS: ignore\nWRITE_CONTACTS: ignore\nREAD_CALL_LOG: ignore\nWRITE_CALL_LOG: ignore\nREAD_CALENDAR: ignore\nWRITE_CALENDAR: ignore\nPOST_NOTIFICATION: ignore\nCALL_PHONE: ignore\nREAD_SMS: ignore\nRECEIVE_SMS: ignore\nRECEIVE_MMS: ignore\nRECEIVE_WAP_PUSH: ignore\nSEND_SMS: ignore\nCAMERA: foreground\nRECORD_AUDIO: ignore\nREAD_PHONE_STATE: ignore\nADD_VOICEMAIL: ignore\nUSE_SIP: ignore\n-- targetSdk:\n    versionCode=1011 minSdk=24 targetSdk=28\nFailed to write while dumping service package: Broken pipe"}
{"check":"notif-importance","result":"AppSettings: com.webui.api.demo (10211) importance=NONE userSet=false\n      key='com.webui.api.demo',\n-- channels:"}
{"check":"notif-record","result":""}
{"check":"notif-shade","result":"content-desc=\"1:47\u202fAM\"\ncontent-desc=\"Battery charging, 100 percent.\"\ncontent-desc=\"Bluetooth.\"\ncontent-desc=\"Collapse\"\ncontent-desc=\"Do Not Disturb.\"\ncontent-desc=\"Expand\"\ncontent-desc=\"Flashlight\"\ncontent-desc=\"Internet,AndroidWifi\"\ncontent-desc=\"Manage\"\ncontent-desc=\"Phone signal full.\"\ncontent-desc=\"Wifi signal full.\"\ntext=\"100%\"\ntext=\"1:47\"\ntext=\"2\"\ntext=\"AT Translated Set 2 keyboard configured\"\ntext=\"Android System\"\ntext=\"Bluetooth\"\ntext=\"Bluetooth, On\"\ntext=\"Do Not Disturb\"\ntext=\"Do Not Disturb, Off\"\ntext=\"Flashlight\"\ntext=\"Flashlight, Off\"\ntext=\"Internet\"\ntext=\"Internet, AndroidWifi\"\ntext=\"Manage\"\ntext=\"Performance is impacted. To disable, check bootloader.\"\ntext=\"Platform Service is running\"\ntext=\"Sat, Oct 3\"\ntext=\"Serial console enabled\"\ntext=\"Silent\"\ntext=\"WebUI X\"\ntext=\"now\"\ntext=\"\u2022\""}
{"check":"notif-fgs-manager","result":"isForeground=true foregroundId=32363 types=0x40000000 foregroundNoti=Notification(channel=root_helper shortcut=null contentView=null vibrate=null sound=null defaults=0 flags=ONGOING_EVENT|FOREGROUND_SERVICE color=0x00000000 vis=PRIVATE)\n    mCurSchedGroup=2 setSchedGroup=2 systemNoUi=false\n    curProcState=4 mRepProcState=4 setProcState=4 lastStateTime=-31s222ms"}
{"check":"tap-plugins","result":{"url":"https://mui.kernelsu.org/index.html","socket":"webview_devtools_remote_22607","value":"tapped Plugins at 267,536 size 53x80 role tab tappable"}}
{"check":"notify-before","result":"android.permission.POST_NOTIFICATIONS\n      android.permission.ACCESS_FINE_LOCATION\n--\n        android.permission.POST_NOTIFICATIONS: granted=false, flags=[ USER_SENSITIVE_WHEN_GRANTED|USER_SENSITIVE_WHEN_DENIED]\nUid mode: POST_NOTIFICATION: ignore"}
{"check":"notify-deny-tap","result":{"url":"https://mui.kernelsu.org/index.html","socket":"webview_devtools_remote_22607","value":"tapped Show notification at 0,561 size 320x164 role null"}}
{"check":"notify-deny-top","result":"    topResumedActivity=ActivityRecord{bc93d34 u0 com.dergoogler.mmrl.wx/.ui.activity.webui.WebUIActivity t36}"}
{"check":"notify-deny-dialog","result":""}
{"check":"notify-deny-press","result":"ui: no node with 'Don'"}
{"check":"notify-deny-page","result":["The app calls share_plus, permission_handler, the clipboard, flutter_local_notifications and file_selector as on any platform. Running in a WebUI host, so their *_webui packages answer.", "permission_handler\nOn WebUI: permission_handler_webui: Android's own permission dialog, for the module's own app\nCamera: granted", "flutter_local_notifications\nOn WebUI: flutter_local_notifications_webui: an Android notification from the module's own app, after permission_handler asks for it", "Show notification"]}
{"check":"notify-deny-perm","result":"android.permission.POST_NOTIFICATIONS\n      android.permission.ACCESS_FINE_LOCATION\n--\n        android.permission.POST_NOTIFICATIONS: granted=false, flags=[ USER_SENSITIVE_WHEN_GRANTED|USER_SENSITIVE_WHEN_DENIED]\nUid mode: POST_NOTIFICATION: ignore"}
{"check":"notify-deny-log","result":""}
{"check":"notify-deny-records","result":""}
{"check":"notify-deny-shade","result":"content-desc=\"1:48\u202fAM\"\ncontent-desc=\"Battery charging, 100 percent.\"\ncontent-desc=\"Bluetooth.\"\ncontent-desc=\"Collapse\"\ncontent-desc=\"Do Not Disturb.\"\ncontent-desc=\"Expand\"\ncontent-desc=\"Flashlight\"\ncontent-desc=\"Internet,AndroidWifi\"\ncontent-desc=\"Manage\"\ncontent-desc=\"Phone signal full.\"\ncontent-desc=\"Wifi signal full.\"\ntext=\"1 minute ago\"\ntext=\"100%\"\ntext=\"1:48\"\ntext=\"2\"\ntext=\"AT Translated Set 2 keyboard configured\"\ntext=\"Android System\"\ntext=\"Bluetooth\"\ntext=\"Bluetooth, On\"\ntext=\"Do Not Disturb\"\ntext=\"Do Not Disturb, Off\"\ntext=\"Flashlight\"\ntext=\"Flashlight, Off\"\ntext=\"Internet\"\ntext=\"Internet, AndroidWifi\"\ntext=\"Manage\"\ntext=\"Performance is impacted. To disable, check bootloader.\"\ntext=\"Platform Service is running\"\ntext=\"Sat, Oct 3\"\ntext=\"Serial console enabled\"\ntext=\"Silent\"\ntext=\"WebUI X\"\ntext=\"\u2022\""}
{"check":"notify-after-deny-tap","result":{"url":"https://mui.kernelsu.org/index.html","socket":"webview_devtools_remote_22607","value":"tapped Show notification at 0,561 size 320x164 role null"}}
{"check":"notify-after-deny-top","result":"    topResumedActivity=ActivityRecord{bc93d34 u0 com.dergoogler.mmrl.wx/.ui.activity.webui.WebUIActivity t36}"}
{"check":"notify-after-deny-dialog","result":"Back Back\nShare text\nRequest camera\nCopy text\nPaste\nShow notification\nPlaces\nStrategy\nRust\nLifecycle\nShell\nPlugins"}
{"check":"notify-after-deny-page","result":["The app calls share_plus, permission_handler, the clipboard, flutter_local_notifications and file_selector as on any platform. Running in a WebUI host, so their *_webui packages answer.", "permission_handler\nOn WebUI: permission_handler_webui: Android's own permission dialog, for the module's own app\nCamera: granted", "flutter_local_notifications\nOn WebUI: flutter_local_notifications_webui: an Android notification from the module's own app, after permission_handler asks for it", "Show notification"]}
{"check":"notify-after-deny-perm","result":"android.permission.POST_NOTIFICATIONS\n      android.permission.ACCESS_FINE_LOCATION\n--\n        android.permission.POST_NOTIFICATIONS: granted=false, flags=[ USER_SENSITIVE_WHEN_GRANTED|USER_SENSITIVE_WHEN_DENIED]\nUid mode: POST_NOTIFICATION: ignore"}
{"check":"notify-after-deny-log","result":""}
{"check":"notify-after-deny-records","result":""}
{"check":"notify-after-deny-shade","result":"content-desc=\"1:48\u202fAM\"\ncontent-desc=\"Battery charging, 100 percent.\"\ncontent-desc=\"Bluetooth.\"\ncontent-desc=\"Collapse\"\ncontent-desc=\"Do Not Disturb.\"\ncontent-desc=\"Expand\"\ncontent-desc=\"Flashlight\"\ncontent-desc=\"Internet,AndroidWifi\"\ncontent-desc=\"Manage\"\ncontent-desc=\"Phone three bars.\"\ncontent-desc=\"Wifi signal full.\"\ntext=\"100%\"\ntext=\"1:48\"\ntext=\"2 minutes ago\"\ntext=\"2\"\ntext=\"AT Translated Set 2 keyboard configured\"\ntext=\"Android System\"\ntext=\"Bluetooth\"\ntext=\"Bluetooth, On\"\ntext=\"Do Not Disturb\"\ntext=\"Do Not Disturb, Off\"\ntext=\"Flashlight\"\ntext=\"Flashlight, Off\"\ntext=\"Internet\"\ntext=\"Internet, AndroidWifi\"\ntext=\"Manage\"\ntext=\"Performance is impacted. To disable, check bootloader.\"\ntext=\"Platform Service is running\"\ntext=\"Sat, Oct 3\"\ntext=\"Serial console enabled\"\ntext=\"Silent\"\ntext=\"WebUI X\"\ntext=\"\u2022\""}
{"check":"notify-reset","result":"android.permission.POST_NOTIFICATIONS\n      android.permission.ACCESS_FINE_LOCATION\n--\n        android.permission.POST_NOTIFICATIONS: granted=false, flags=[ USER_SENSITIVE_WHEN_GRANTED|USER_SENSITIVE_WHEN_DENIED]\nUid mode: POST_NOTIFICATION: ignore"}
{"check":"notify-allow-tap","result":{"url":"https://mui.kernelsu.org/index.html","socket":"webview_devtools_remote_22607","value":"tapped Show notification at 0,561 size 320x164 role null"}}
{"check":"notify-allow-top","result":"    topResumedActivity=ActivityRecord{bc93d34 u0 com.dergoogler.mmrl.wx/.ui.activity.webui.WebUIActivity t36}"}
{"check":"notify-allow-dialog","result":"Back Back\nShare text\nRequest camera\nCopy text\nPaste\nShow notification\nPlaces\nStrategy\nRust\nLifecycle\nShell\nPlugins"}
{"check":"notify-allow-press","result":"ui: no node with 'Allow'"}
{"check":"notify-allow-page","result":["The app calls share_plus, permission_handler, the clipboard, flutter_local_notifications and file_selector as on any platform. Running in a WebUI host, so their *_webui packages answer.", "permission_handler\nOn WebUI: permission_handler_webui: Android's own permission dialog, for the module's own app\nCamera: granted", "flutter_local_notifications\nOn WebUI: flutter_local_notifications_webui: an Android notification from the module's own app, after permission_handler asks for it", "Show notification"]}
{"check":"notify-allow-perm","result":"android.permission.POST_NOTIFICATIONS\n      android.permission.ACCESS_FINE_LOCATION\n--\n        android.permission.POST_NOTIFICATIONS: granted=false, flags=[ USER_SENSITIVE_WHEN_GRANTED|USER_SENSITIVE_WHEN_DENIED]\nUid mode: POST_NOTIFICATION: ignore"}
{"check":"notify-allow-log","result":""}
{"check":"notify-allow-records","result":""}
{"check":"notify-allow-shade","result":"content-desc=\"1:49\u202fAM\"\ncontent-desc=\"Battery charging, 100 percent.\"\ncontent-desc=\"Bluetooth.\"\ncontent-desc=\"Collapse\"\ncontent-desc=\"Do Not Disturb.\"\ncontent-desc=\"Expand\"\ncontent-desc=\"Flashlight\"\ncontent-desc=\"Internet,AndroidWifi\"\ncontent-desc=\"Manage\"\ncontent-desc=\"Phone signal full.\"\ncontent-desc=\"Wifi signal full.\"\ntext=\"100%\"\ntext=\"1:49\"\ntext=\"2 minutes ago\"\ntext=\"2\"\ntext=\"AT Translated Set 2 keyboard configured\"\ntext=\"Android System\"\ntext=\"Bluetooth\"\ntext=\"Bluetooth, On\"\ntext=\"Do Not Disturb\"\ntext=\"Do Not Disturb, Off\"\ntext=\"Flashlight\"\ntext=\"Flashlight, Off\"\ntext=\"Internet\"\ntext=\"Internet, AndroidWifi\"\ntext=\"Manage\"\ntext=\"Performance is impacted. To disable, check bootloader.\"\ntext=\"Platform Service is running\"\ntext=\"Sat, Oct 3\"\ntext=\"Serial console enabled\"\ntext=\"Silent\"\ntext=\"WebUI X\"\ntext=\"\u2022\""}
{"check":"notify-after-allow-tap","result":{"url":"https://mui.kernelsu.org/index.html","socket":"webview_devtools_remote_22607","value":"tapped Show notification at 0,561 size 320x164 role null"}}
{"check":"notify-after-allow-top","result":"    topResumedActivity=ActivityRecord{bc93d34 u0 com.dergoogler.mmrl.wx/.ui.activity.webui.WebUIActivity t36}"}
{"check":"notify-after-allow-dialog","result":"Back Back\nShare text\nRequest camera\nCopy text\nPaste\nShow notification\nPlaces\nStrategy\nRust\nLifecycle\nShell\nPlugins"}
{"check":"notify-after-allow-page","result":["The app calls share_plus, permission_handler, the clipboard, flutter_local_notifications and file_selector as on any platform. Running in a WebUI host, so their *_webui packages answer.", "permission_handler\nOn WebUI: permission_handler_webui: Android's own permission dialog, for the module's own app\nCamera: granted", "flutter_local_notifications\nOn WebUI: flutter_local_notifications_webui: an Android notification from the module's own app, after permission_handler asks for it", "Show notification"]}
{"check":"notify-after-allow-perm","result":"android.permission.POST_NOTIFICATIONS\n      android.permission.ACCESS_FINE_LOCATION\n--\n        android.permission.POST_NOTIFICATIONS: granted=false, flags=[ USER_SENSITIVE_WHEN_GRANTED|USER_SENSITIVE_WHEN_DENIED]\nUid mode: POST_NOTIFICATION: ignore"}
{"check":"notify-after-allow-log","result":""}
{"check":"notify-after-allow-records","result":""}
{"check":"notify-after-allow-shade","result":"content-desc=\"1:49\u202fAM\"\ncontent-desc=\"Battery charging, 100 percent.\"\ncontent-desc=\"Bluetooth.\"\ncontent-desc=\"Collapse\"\ncontent-desc=\"Do Not Disturb.\"\ncontent-desc=\"Expand\"\ncontent-desc=\"Flashlight\"\ncontent-desc=\"Internet,AndroidWifi\"\ncontent-desc=\"Manage\"\ncontent-desc=\"Phone signal full.\"\ncontent-desc=\"Wifi signal full.\"\ntext=\"100%\"\ntext=\"1:49\"\ntext=\"2\"\ntext=\"3 minutes ago\"\ntext=\"AT Translated Set 2 keyboard configured\"\ntext=\"Android System\"\ntext=\"Bluetooth\"\ntext=\"Bluetooth, On\"\ntext=\"Do Not Disturb\"\ntext=\"Do Not Disturb, Off\"\ntext=\"Flashlight\"\ntext=\"Flashlight, Off\"\ntext=\"Internet\"\ntext=\"Internet, AndroidWifi\"\ntext=\"Manage\"\ntext=\"Performance is impacted. To disable, check bootloader.\"\ntext=\"Platform Service is running\"\ntext=\"Sat, Oct 3\"\ntext=\"Serial console enabled\"\ntext=\"Silent\"\ntext=\"WebUI X\"\ntext=\"\u2022\""}
{"check":"tap-places-2","result":{"url":"https://mui.kernelsu.org/index.html","socket":"webview_devtools_remote_22607","value":"tapped Places at 0,536 size 53x80 role tab tappable"}}
{"check":"mark-swipe-recents","result":"1328.77"}
{"check":"mark-swipe-done","result":"1331.08"}
{"check":"swipe-tasks","result":"* Recent #0: Task{686c125 #35 type=home I=com.google.android.apps.nexuslauncher/.NexusLauncherActivity}\n  * Recent #1: Task{54b87e2 #5 type=home A=1000:com.android.settings.FallbackHome}\n  * Recent #2: Task{6d06285 #34 type=undefined A=1000:com.android.settings}\n  * Recent #3: Task{c9ca8da #32 type=undefined A=10140:com.google.android.settings.intelligence}\n  * Recent #4: Task{cc2810b #12 type=undefined A=10210:com.dergoogler.mmrl.wx}\n  * Recent #5: Task{ba47be8 #10 type=undefined A=10209:me.weishu.kernelsu}\n    realActivity={com.android.settings/com.android.settings.applications.InstalledAppDetailsTop}\n    realActivity={com.google.android.settings.intelligence/com.google.android.settings.intelligence.modules.search.SearchActivity}\n    realActivity={com.dergoogler.mmrl.wx/com.dergoogler.mmrl.wx.ui.activity.MainActivity}\n    realActivity={me.weishu.kernelsu/me.weishu.kernelsu.ui.MainActivity}\n22629"}
{"check":"sample-swipe","result":"1327.89 ch=23259, aot=23359, port=33357 conn=1 fgs=1 fg=1 notif=0 hold=2 app=23283\n1332.54 ch=23259, aot=23359, port=33357 conn=0 fgs=1 fg=1 notif=0 hold=2 app=23283\n1342.56 ch=23259, aot= port=33357 conn=0 fgs=1 fg=1 notif=0 hold=2 app=23283\n1362.55 ch= aot= port=33357 conn=0 fgs=0 fg=0 notif=0 hold=0 app=23283\n1387.99 end ch= aot= port=33357 conn=0 fgs=0 fg=0 notif=0 hold=0 app=23283"}
{"check":"rootlog-swipe","result":"4\n2026-10-03T01:46:45.593969 listening on 127.0.0.1:33357\n2026-10-03T01:50:08.205854 shutting down\n2026-10-03T01:50:08.234906 am stopservice --user 0 -n com.webui.api.demo/com.termux.api.RootHelperService: exit 255 Stopping service: Intent { cmp=com.webui.api.demo/com.termux.api.RootHelperService }\nService stopped"}
{"check":"avc-swipe","result":""}
{"check":"open-kill","result":"opened: intent"}
{"check":"mark-kill-tap-places","result":"1399.20"}
{"check":"kill-tap","result":{"url":"https://mui.kernelsu.org/index.html","socket":"webview_devtools_remote_26122","value":"tapped Places at 16,572 size 288x56 role button tappable"}}
{"check":"sample-kill-places","result":"1398.30 ch= aot= port= conn=0 fgs=0 fg=0 notif=0 hold=0 app=23283\n1400.65 ch=26366, aot= port=42831 conn=1 fgs=1 fg=1 notif=0 hold=2 app=23283\n1401.77 ch=26366, aot=26448, port=42831 conn=1 fgs=1 fg=1 notif=0 hold=2 app=23283\n1423.89 end ch=26366, aot=26448, port=42831 conn=1 fgs=1 fg=1 notif=0 hold=2 app=23283"}
{"check":"mark-kill-force-stop","result":"1424.93"}
{"check":"sample-kill","result":"1424.04 ch=26366, aot=26448, port=42831 conn=1 fgs=1 fg=1 notif=0 hold=2 app=23283\n1425.28 ch=26366, aot=26448, port=42831 conn=0 fgs=1 fg=1 notif=0 hold=2 app=23283\n1435.27 ch=26366, aot= port=42831 conn=0 fgs=1 fg=1 notif=0 hold=2 app=23283\n1455.24 ch= aot= port=42831 conn=0 fgs=0 fg=0 notif=0 hold=0 app=23283\n1483.97 end ch= aot= port=42831 conn=0 fgs=0 fg=0 notif=0 hold=0 app=23283"}
{"check":"rootlog-kill","result":"4\n2026-10-03T01:50:46.866313 listening on 127.0.0.1:42831\n2026-10-03T01:51:41.508918 shutting down\n2026-10-03T01:51:41.537247 am stopservice --user 0 -n com.webui.api.demo/com.termux.api.RootHelperService: exit 255 Stopping service: Intent { cmp=com.webui.api.demo/com.termux.api.RootHelperService }\nService stopped"}
{"check":"open-close","result":"opened: intent"}
{"check":"mark-close-tap-places","result":"1495.07"}
{"check":"close-tap","result":{"url":"https://mui.kernelsu.org/index.html","socket":"webview_devtools_remote_28392","value":"tapped Places at 16,572 size 288x56 role button tappable"}}
{"check":"sample-close-places","result":"1494.17 ch= aot= port= conn=0 fgs=0 fg=0 notif=0 hold=0 app=23283\n1496.52 ch=28628, aot= port=38445 conn=1 fgs=1 fg=1 notif=0 hold=2 app=23283\n1497.65 ch=28628, aot=28710, port=38445 conn=1 fgs=1 fg=1 notif=0 hold=2 app=23283\n1519.75 end ch=28628, aot=28710, port=38445 conn=1 fgs=1 fg=1 notif=0 hold=2 app=23283"}
{"check":"mark-close-back","result":"1520.79"}
{"check":"close-close","result":"still on top:     topResumedActivity=ActivityRecord{5425e2a u0 com.dergoogler.mmrl.wx/.ui.activity.webui.WebUIActivity t38}"}
{"check":"sample-close","result":"1519.90 ch=28628, aot=28710, port=38445 conn=1 fgs=1 fg=1 notif=0 hold=2 app=23283\n1760.79 end ch=28628, aot=28710, port=38445 conn=1 fgs=1 fg=1 notif=0 hold=2 app=23283"}
{"check":"rootlog-close","result":"1\n2026-10-03T01:52:22.715215 listening on 127.0.0.1:38445"}
{"check":"avc-close","result":""}
{"check":"open-sleep","result":"opened: intent"}
{"check":"mark-sleep-tap-places","result":"1772.03"}
{"check":"sleep-tap","result":{"url":"https://mui.kernelsu.org/index.html","socket":"webview_devtools_remote_2549","value":"tapped Places at 16,572 size 288x56 role button tappable"}}
{"check":"sample-sleep-places","result":"1771.14 ch=28628, aot= port=38445 conn=0 fgs=1 fg=1 notif=0 hold=2 app=23283\n1773.49 ch=28628, aot= port=38445 conn=1 fgs=1 fg=1 notif=0 hold=2 app=23283\n1774.62 ch=28628, aot=2854, port=38445 conn=1 fgs=1 fg=1 notif=0 hold=2 app=23283\n1796.77 end ch=28628, aot=2854, port=38445 conn=1 fgs=1 fg=1 notif=0 hold=2 app=23283"}
{"check":"mark-sleep-back","result":"1797.81"}
{"check":"mark-sleep-closed-after-back-2","result":"1802.92"}
{"check":"mark-sleep-screen-off","result":"1802.97"}
{"check":"sample-sleep","result":"1796.93 ch=28628, aot=2854, port=38445 conn=1 fgs=1 fg=1 notif=0 hold=2 app=23283\n1801.56 ch=28628, aot=2854, port=38445 conn=0 fgs=1 fg=1 notif=0 hold=2 app=23283\n1809.32 ch=28628, aot= port=38445 conn=0 fgs=1 fg=1 notif=0 hold=2 app=23283\n1831.48 ch= aot= port=38445 conn=0 fgs=0 fg=0 notif=0 hold=0 app=23283\n2037.21 end ch= aot= port=38445 conn=0 fgs=0 fg=0 notif=0 hold=0 app=23283"}
{"check":"rootlog-sleep","result":"4\n2026-10-03T01:52:22.715215 listening on 127.0.0.1:38445\n2026-10-03T01:57:56.921778 shutting down\n2026-10-03T01:57:56.953858 am stopservice --user 0 -n com.webui.api.demo/com.termux.api.RootHelperService: exit 255 Stopping service: Intent { cmp=com.webui.api.demo/com.termux.api.RootHelperService }\nService stopped"}
{"check":"stopsvc","result":"Starting service: Intent { cmp=com.webui.api.demo/com.termux.api.RootHelperService }\nstart-exit=0\nStopping service: Intent { cmp=com.webui.api.demo/com.termux.api.RootHelperService }\nService stopped\nstop-up-exit=255\nStopping service: Intent { cmp=com.webui.api.demo/com.termux.api.RootHelperService }\nService not stopped: was not running.\nstop-down-exit=255"}
{"check":"stopsvc-rootlog","result":"3:2026-10-03T01:57:56.953858 am stopservice --user 0 -n com.webui.api.demo/com.termux.api.RootHelperService: exit 255 Stopping service: Intent { cmp=com.webui.api.demo/com.termux.api.RootHelperService }"}
{"check": "summary-places", "result": {"channel_up_s": 1.5, "conn_up_s": 1.5, "fgs_up_s": 1.5, "hold_connected_s": 1.5, "root_process_up_s": 2.6}}
{"check": "summary-kill-places", "result": {"channel_up_s": 1.5, "conn_up_s": 1.5, "fgs_up_s": 1.5, "hold_connected_s": 1.5, "root_process_up_s": 2.6}}
{"check": "summary-close-places", "result": {"channel_up_s": 1.5, "conn_up_s": 1.5, "fgs_up_s": 1.5, "hold_connected_s": 1.5, "root_process_up_s": 2.6}}
{"check": "summary-sleep-places", "result": {"channel_up_s": 1.5, "conn_up_s": 1.5, "fgs_up_s": 1.5, "hold_connected_s": 1.5, "root_process_up_s": 2.6}}
{"check": "summary-swipe", "result": {"mark": 1331.08, "page_left_s": null, "conn_zero_s": 1.5, "channel_gone_s": 31.5, "root_process_gone_s": 11.5, "hold_released_s": 31.5, "fgs_gone_s": 31.5, "notif_gone_s": 1.5, "app_gone_s": null, "end_state": {"ch": "", "aot": "", "port": "33357", "conn": "0", "fgs": "0", "fg": "0", "notif": "0", "hold": "0", "app": "23283"}}}
{"check": "summary-kill", "result": {"mark": 1424.93, "page_left_s": null, "conn_zero_s": 0.3, "channel_gone_s": 30.3, "root_process_gone_s": 10.3, "hold_released_s": 30.3, "fgs_gone_s": 30.3, "notif_gone_s": 0.3, "app_gone_s": null, "end_state": {"ch": "", "aot": "", "port": "42831", "conn": "0", "fgs": "0", "fg": "0", "notif": "0", "hold": "0", "app": "23283"}}}
{"check": "summary-close", "result": {"mark": 1520.79, "page_left_s": null, "conn_zero_s": null, "channel_gone_s": null, "root_process_gone_s": null, "hold_released_s": null, "fgs_gone_s": null, "notif_gone_s": 240.0, "app_gone_s": null, "end_state": {"ch": "28628,", "aot": "28710,", "port": "38445", "conn": "1", "fgs": "1", "fg": "1", "notif": "0", "hold": "2", "app": "23283"}}}
{"check": "summary-sleep", "result": {"mark": 1797.81, "page_left_s": 5.1, "conn_zero_s": 3.8, "channel_gone_s": 33.7, "root_process_gone_s": 11.5, "hold_released_s": 33.7, "fgs_gone_s": 33.7, "notif_gone_s": 3.8, "app_gone_s": null, "end_state": {"ch": "", "aot": "", "port": "38445", "conn": "0", "fgs": "0", "fg": "0", "notif": "0", "hold": "0", "app": "23283"}}}
